{"jobName":"transcribe_loan71","accountId":"097989105209","results":{"transcripts":[{"transcript":"어디를 확인 한번 부탁드리겠습니다. 여보세요. 근데 그 여기가 일일에 일 사이에 맞아요. 아까 걸었던 번호랑 똑같네요 어떤 번호라니? 어떤 말씀이시죠? 아까 전화 왔던 분이랑 똑같네요 거기 대리님 하고. 네. 동일하시점은 같이 영업지원 부자여야 심사하고 가 아니고요. 심사분대 영업지원 보수 내에 있는 내리는 상담센터에 계시고 저희는 이제 심사부 쪽에 지금 전화드린 거고요. 밖에 없기 때문에 저희 대표번호로 영업이 가능합니다. 일단은 본인확인을 위해서 소중한 개인정보생년월일을 확인한번 부탁드리겠습니다. 하고요. 소중한 정보 감사드리고요. 현재 저희 쪽으로 자연대출칠천만 에 대한 금리 이점오프로에 심사 요청계셨는데 맞으신가요. 네 확인 감사드리고요. 접수대신 내용과 본인 신용정보로 신용시뮬레이션 신해본 결과 에서는 신용등급과 자격 조건이 저희 국민의인과 한국자산관리공사의 보증서 발급기준에 적합하셔도 문제가 없으신데요 하지만 신용 평점이 신용등급을 위해서 낯이 되셔서 대출권에 대한 상환능력이 어렵다고 판단이 되세요. 그래서 이제 뭐 지금 보시면 원칙대로라면 부결로 처리가 되신 부분 이신데. 윤석진 분 되신다고 올려주셨어요 친척분 되신다고. 그런데 지인분이 아니신거 같으시네요 지금 말씀하시는 걸 보면 이라고 그러거든요. 그러셨나요 일단은 저희 쪽에서는 대출이 좀 어려우실 것 같으시고요. 거기서 대출얻으시고 그쪽다른 쪽으로 한번 대부분의 해 보시는게 괜찮을 것 같으세요? 네. 안 되세요. 네. 감사합니다."}],"items":[{"start_time":"0.18","end_time":"0.53","alternatives":[{"confidence":"0.5895","content":"어디를"}],"type":"pronunciation"},{"start_time":"0.53","end_time":"0.73","alternatives":[{"confidence":"0.7182","content":"확인"}],"type":"pronunciation"},{"start_time":"0.73","end_time":"0.99","alternatives":[{"confidence":"0.6828","content":"한번"}],"type":"pronunciation"},{"start_time":"0.99","end_time":"2.14","alternatives":[{"confidence":"0.95435","content":"부탁드리겠습니다"}],"type":"pronunciation"},{"alternatives":[{"confidence":"0.0","content":"."}],"type":"punctuation"},{"start_time":"3.93","end_time":"4.34","alternatives":[{"confidence":"0.9533","content":"여보세요"}],"type":"pronunciation"},{"alternatives":[{"confidence":"0.0","content":"."}],"type":"punctuation"},{"start_time":"6.72","end_time":"6.97","alternatives":[{"confidence":"0.9855","content":"근데"}],"type":"pronunciation"},{"start_time":"7.2","end_time":"7.53","alternatives":[{"confidence":"0.8519","content":"그"}],"type":"pronunciation"},{"start_time":"7.69","end_time":"8.14","alternatives":[{"confidence":"0.9994","content":"여기가"}],"type":"pronunciation"},{"start_time":"9.59","end_time":"9.98","alternatives":[{"confidence":"0.2298","content":"일일에"}],"type":"pronunciation"},{"start_time":"10.01","end_time":"10.18","alternatives":[{"confidence":"0.8899","content":"일"}],"type":"pronunciation"},{"start_time":"10.18","end_time":"10.47","alternatives":[{"confidence":"0.8945","content":"사이에"}],"type":"pronunciation"},{"start_time":"10.47","end_time":"10.84","alternatives":[{"confidence":"1.0","content":"맞아요"}],"type":"pronunciation"},{"alternatives":[{"confidence":"0.0","content":"."}],"type":"punctuation"},{"start_time":"14.22","end_time":"14.55","alternatives":[{"confidence":"0.8309","content":"아까"}],"type":"pronunciation"},{"start_time":"14.58","end_time":"15.02","alternatives":[{"confidence":"0.9986","content":"걸었던"}],"type":"pronunciation"},{"start_time":"15.02","end_time":"15.33","alternatives":[{"confidence":"0.9732000000000001","content":"번호랑"}],"type":"pronunciation"},{"start_time":"15.33","end_time":"15.81","alternatives":[{"confidence":"1.0","content":"똑같네요"}],"type":"pronunciation"},{"start_time":"16.83","end_time":"17.07","alternatives":[{"confidence":"0.4474","content":"어떤"}],"type":"pronunciation"},{"start_time":"17.07","end_time":"17.65","alternatives":[{"confidence":"0.8216","content":"번호라니"}],"type":"pronunciation"},{"alternatives":[{"confidence":"0.0","content":"?"}],"type":"punctuation"},{"start_time":"17.68","end_time":"18.22","alternatives":[{"confidence":"0.7783","content":"어떤"}],"type":"pronunciation"},{"start_time":"18.22","end_time":"19.11","alternatives":[{"confidence":"0.9177","content":"말씀이시죠"}],"type":"pronunciation"},{"alternatives":[{"confidence":"0.0","content":"?"}],"type":"punctuation"},{"start_time":"19.96","end_time":"20.51","alternatives":[{"confidence":"0.9735","content":"아까"}],"type":"pronunciation"},{"start_time":"20.55","end_time":"20.79","alternatives":[{"confidence":"0.7357","content":"전화"}],"type":"pronunciation"},{"start_time":"20.79","end_time":"21.02","alternatives":[{"confidence":"0.9983","content":"왔던"}],"type":"pronunciation"},{"start_time":"21.02","end_time":"21.28","alternatives":[{"confidence":"0.92955","content":"분이랑"}],"type":"pronunciation"},{"start_time":"21.28","end_time":"21.76","alternatives":[{"confidence":"1.0","content":"똑같네요"}],"type":"pronunciation"},{"start_time":"21.93","end_time":"22.24","alternatives":[{"confidence":"0.2027","content":"거기"}],"type":"pronunciation"},{"start_time":"22.8","end_time":"23.13","alternatives":[{"confidence":"0.45520000000000005","content":"대리님"}],"type":"pronunciation"},{"start_time":"23.13","end_time":"23.29","alternatives":[{"confidence":"0.7994","content":"하고"}],"type":"pronunciation"},{"alternatives":[{"confidence":"0.0","content":"."}],"type":"punctuation"},{"start_time":"25.16","end_time":"25.37","alternatives":[{"confidence":"0.379","content":"네"}],"type":"pronunciation"},{"alternatives":[{"confidence":"0.0","content":"."}],"type":"punctuation"},{"start_time":"25.43","end_time":"26.25","alternatives":[{"confidence":"0.8676333333333334","content":"동일하시점은"}],"type":"pronunciation"},{"start_time":"26.25","end_time":"26.47","alternatives":[{"confidence":"0.6272","content":"같이"}],"type":"pronunciation"},{"start_time":"27.01","end_time":"27.7","alternatives":[{"confidence":"0.56355","content":"영업지원"}],"type":"pronunciation"},{"start_time":"27.7","end_time":"28.51","alternatives":[{"confidence":"0.7818","content":"부자여야"}],"type":"pronunciation"},{"start_time":"30.21","end_time":"30.64","alternatives":[{"confidence":"0.47824999999999995","content":"심사하고"}],"type":"pronunciation"},{"start_time":"30.64","end_time":"30.73","alternatives":[{"confidence":"0.395","content":"가"}],"type":"pronunciation"},{"start_time":"30.73","end_time":"31.09","alternatives":[{"confidence":"0.4956","content":"아니고요"}],"type":"pronunciation"},{"alternatives":[{"confidence":"0.0","content":"."}],"type":"punctuation"},{"start_time":"32.3","end_time":"33.12","alternatives":[{"confidence":"0.7559333333333335","content":"심사분대"}],"type":"pronunciation"},{"start_time":"33.12","end_time":"33.75","alternatives":[{"confidence":"0.6278","content":"영업지원"}],"type":"pronunciation"},{"start_time":"33.75","end_time":"33.99","alternatives":[{"confidence":"0.5155","content":"보수"}],"type":"pronunciation"},{"start_time":"34.11","end_time":"34.42","alternatives":[{"confidence":"0.5741","content":"내에"}],"type":"pronunciation"},{"start_time":"34.42","end_time":"34.97","alternatives":[{"confidence":"0.974","content":"있는"}],"type":"pronunciation"},{"start_time":"36.47","end_time":"37.11","alternatives":[{"confidence":"0.9977","content":"내리는"}],"type":"pronunciation"},{"start_time":"37.21","end_time":"38.32","alternatives":[{"confidence":"0.7837","content":"상담센터에"}],"type":"pronunciation"},{"start_time":"38.32","end_time":"38.86","alternatives":[{"confidence":"0.99465","content":"계시고"}],"type":"pronunciation"},{"start_time":"38.86","end_time":"39.2","alternatives":[{"confidence":"1.0","content":"저희는"}],"type":"pronunciation"},{"start_time":"39.2","end_time":"39.33","alternatives":[{"confidence":"0.9997","content":"이제"}],"type":"pronunciation"},{"start_time":"39.34","end_time":"40.33","alternatives":[{"confidence":"0.92835","content":"심사부"}],"type":"pronunciation"},{"start_time":"40.33","end_time":"40.7","alternatives":[{"confidence":"0.9632","content":"쪽에"}],"type":"pronunciation"},{"start_time":"41.62","end_time":"41.9","alternatives":[{"confidence":"0.98","content":"지금"}],"type":"pronunciation"},{"start_time":"41.9","end_time":"42.4","alternatives":[{"confidence":"0.59535","content":"전화드린"}],"type":"pronunciation"},{"start_time":"42.4","end_time":"42.8","alternatives":[{"confidence":"0.98885","content":"거고요"}],"type":"pronunciation"},{"alternatives":[{"confidence":"0.0","content":"."}],"type":"punctuation"},{"start_time":"43.76","end_time":"43.96","alternatives":[{"confidence":"0.0637","content":"밖에"}],"type":"pronunciation"},{"start_time":"43.96","end_time":"44.21","alternatives":[{"confidence":"0.3768","content":"없기"}],"type":"pronunciation"},{"start_time":"44.21","end_time":"45.08","alternatives":[{"confidence":"0.9998","content":"때문에"}],"type":"pronunciation"},{"start_time":"45.14","end_time":"45.35","alternatives":[{"confidence":"0.859","content":"저희"}],"type":"pronunciation"},{"start_time":"45.36","end_time":"46.08","alternatives":[{"confidence":"0.91585","content":"대표번호로"}],"type":"pronunciation"},{"start_time":"46.18","end_time":"46.6","alternatives":[{"confidence":"0.96105","content":"영업이"}],"type":"pronunciation"},{"start_time":"46.6","end_time":"47.52","alternatives":[{"confidence":"0.8547","content":"가능합니다"}],"type":"pronunciation"},{"alternatives":[{"confidence":"0.0","content":"."}],"type":"punctuation"},{"start_time":"52.61","end_time":"53.22","alternatives":[{"confidence":"1.0","content":"일단은"}],"type":"pronunciation"},{"start_time":"53.28","end_time":"54.21","alternatives":[{"confidence":"0.7411","content":"본인확인을"}],"type":"pronunciation"},{"start_time":"54.21","end_time":"54.51","alternatives":[{"confidence":"0.957","content":"위해서"}],"type":"pronunciation"},{"start_time":"54.51","end_time":"54.93","alternatives":[{"confidence":"1.0","content":"소중한"}],"type":"pronunciation"},{"start_time":"54.93","end_time":"56.18","alternatives":[{"confidence":"0.8803666666666666","content":"개인정보생년월일을"}],"type":"pronunciation"},{"start_time":"56.18","end_time":"56.74","alternatives":[{"confidence":"0.7242","content":"확인한번"}],"type":"pronunciation"},{"start_time":"56.74","end_time":"57.98","alternatives":[{"confidence":"0.9586","content":"부탁드리겠습니다"}],"type":"pronunciation"},{"alternatives":[{"confidence":"0.0","content":"."}],"type":"punctuation"},{"start_time":"64.04","end_time":"64.91","alternatives":[{"confidence":"0.959","content":"하고요"}],"type":"pronunciation"},{"alternatives":[{"confidence":"0.0","content":"."}],"type":"punctuation"},{"start_time":"76.54","end_time":"77.04","alternatives":[{"confidence":"0.9978","content":"소중한"}],"type":"pronunciation"},{"start_time":"77.04","end_time":"77.32","alternatives":[{"confidence":"0.9837","content":"정보"}],"type":"pronunciation"},{"start_time":"77.32","end_time":"78.42","alternatives":[{"confidence":"0.9994000000000001","content":"감사드리고요"}],"type":"pronunciation"},{"alternatives":[{"confidence":"0.0","content":"."}],"type":"punctuation"},{"start_time":"79.16","end_time":"79.53","alternatives":[{"confidence":"0.9852","content":"현재"}],"type":"pronunciation"},{"start_time":"79.53","end_time":"79.79","alternatives":[{"confidence":"0.975","content":"저희"}],"type":"pronunciation"},{"start_time":"79.79","end_time":"80.4","alternatives":[{"confidence":"0.9849","content":"쪽으로"}],"type":"pronunciation"},{"start_time":"80.4","end_time":"81.69","alternatives":[{"confidence":"0.5378999999999999","content":"자연대출칠천만"}],"type":"pronunciation"},{"start_time":"81.69","end_time":"81.75","alternatives":[{"confidence":"0.8425","content":"에"}],"type":"pronunciation"},{"start_time":"81.75","end_time":"81.98","alternatives":[{"confidence":"0.9792","content":"대한"}],"type":"pronunciation"},{"start_time":"81.98","end_time":"82.31","alternatives":[{"confidence":"0.9194","content":"금리"}],"type":"pronunciation"},{"start_time":"82.31","end_time":"83.53","alternatives":[{"confidence":"0.6719","content":"이점오프로에"}],"type":"pronunciation"},{"start_time":"83.64","end_time":"84.05","alternatives":[{"confidence":"0.7127","content":"심사"}],"type":"pronunciation"},{"start_time":"84.05","end_time":"85.16","alternatives":[{"confidence":"0.8694333333333333","content":"요청계셨는데"}],"type":"pronunciation"},{"start_time":"85.16","end_time":"86.75","alternatives":[{"confidence":"0.9921000000000001","content":"맞으신가요"}],"type":"pronunciation"},{"alternatives":[{"confidence":"0.0","content":"."}],"type":"punctuation"},{"start_time":"88.58","end_time":"88.72","alternatives":[{"confidence":"0.6763","content":"네"}],"type":"pronunciation"},{"start_time":"88.72","end_time":"89.0","alternatives":[{"confidence":"0.5455","content":"확인"}],"type":"pronunciation"},{"start_time":"89.0","end_time":"90.3","alternatives":[{"confidence":"0.9984999999999999","content":"감사드리고요"}],"type":"pronunciation"},{"alternatives":[{"confidence":"0.0","content":"."}],"type":"punctuation"},{"start_time":"90.84","end_time":"91.42","alternatives":[{"confidence":"0.75535","content":"접수대신"}],"type":"pronunciation"},{"start_time":"91.42","end_time":"91.72","alternatives":[{"confidence":"0.9978","content":"내용과"}],"type":"pronunciation"},{"start_time":"91.72","end_time":"91.97","alternatives":[{"confidence":"0.5731","content":"본인"}],"type":"pronunciation"},{"start_time":"91.97","end_time":"93.07","alternatives":[{"confidence":"0.9776000000000001","content":"신용정보로"}],"type":"pronunciation"},{"start_time":"93.07","end_time":"94.06","alternatives":[{"confidence":"0.6568","content":"신용시뮬레이션"}],"type":"pronunciation"},{"start_time":"94.06","end_time":"94.45","alternatives":[{"confidence":"0.6910000000000001","content":"신해본"}],"type":"pronunciation"},{"start_time":"94.45","end_time":"95.05","alternatives":[{"confidence":"0.8424","content":"결과"}],"type":"pronunciation"},{"start_time":"95.76","end_time":"96.0","alternatives":[{"confidence":"0.9786","content":"에서는"}],"type":"pronunciation"},{"start_time":"96.0","end_time":"96.75","alternatives":[{"confidence":"0.9152","content":"신용등급과"}],"type":"pronunciation"},{"start_time":"96.75","end_time":"97.13","alternatives":[{"confidence":"0.944","content":"자격"}],"type":"pronunciation"},{"start_time":"97.13","end_time":"97.87","alternatives":[{"confidence":"1.0","content":"조건이"}],"type":"pronunciation"},{"start_time":"97.9","end_time":"98.08","alternatives":[{"confidence":"0.9527","content":"저희"}],"type":"pronunciation"},{"start_time":"98.08","end_time":"99.07","alternatives":[{"confidence":"0.8409333333333334","content":"국민의인과"}],"type":"pronunciation"},{"start_time":"99.37","end_time":"100.63","alternatives":[{"confidence":"0.9424999999999999","content":"한국자산관리공사의"}],"type":"pronunciation"},{"start_time":"100.63","end_time":"101.07","alternatives":[{"confidence":"0.8904000000000001","content":"보증서"}],"type":"pronunciation"},{"start_time":"101.07","end_time":"102.06","alternatives":[{"confidence":"1.0","content":"발급기준에"}],"type":"pronunciation"},{"start_time":"102.09","end_time":"102.77","alternatives":[{"confidence":"0.9968","content":"적합하셔도"}],"type":"pronunciation"},{"start_time":"102.77","end_time":"103.11","alternatives":[{"confidence":"1.0","content":"문제가"}],"type":"pronunciation"},{"start_time":"103.11","end_time":"104.23","alternatives":[{"confidence":"0.9993000000000001","content":"없으신데요"}],"type":"pronunciation"},{"start_time":"104.64","end_time":"104.97","alternatives":[{"confidence":"0.9956","content":"하지만"}],"type":"pronunciation"},{"start_time":"104.97","end_time":"105.27","alternatives":[{"confidence":"0.6387","content":"신용"}],"type":"pronunciation"},{"start_time":"105.27","end_time":"105.99","alternatives":[{"confidence":"1.0","content":"평점이"}],"type":"pronunciation"},{"start_time":"105.99","end_time":"106.65","alternatives":[{"confidence":"0.983","content":"신용등급을"}],"type":"pronunciation"},{"start_time":"106.65","end_time":"106.91","alternatives":[{"confidence":"0.9289","content":"위해서"}],"type":"pronunciation"},{"start_time":"106.91","end_time":"107.57","alternatives":[{"confidence":"0.5051","content":"낯이"}],"type":"pronunciation"},{"start_time":"107.57","end_time":"108.32","alternatives":[{"confidence":"0.99785","content":"되셔서"}],"type":"pronunciation"},{"start_time":"108.77","end_time":"109.34","alternatives":[{"confidence":"0.70765","content":"대출권에"}],"type":"pronunciation"},{"start_time":"109.34","end_time":"109.58","alternatives":[{"confidence":"0.9998","content":"대한"}],"type":"pronunciation"},{"start_time":"109.58","end_time":"110.31","alternatives":[{"confidence":"0.7003","content":"상환능력이"}],"type":"pronunciation"},{"start_time":"110.31","end_time":"110.84","alternatives":[{"confidence":"0.9992","content":"어렵다고"}],"type":"pronunciation"},{"start_time":"110.84","end_time":"111.33","alternatives":[{"confidence":"0.9979","content":"판단이"}],"type":"pronunciation"},{"start_time":"111.33","end_time":"112.91","alternatives":[{"confidence":"0.9963","content":"되세요"}],"type":"pronunciation"},{"alternatives":[{"confidence":"0.0","content":"."}],"type":"punctuation"},{"start_time":"114.63","end_time":"114.88","alternatives":[{"confidence":"0.5896","content":"그래서"}],"type":"pronunciation"},{"start_time":"115.47","end_time":"115.68","alternatives":[{"confidence":"0.5918","content":"이제"}],"type":"pronunciation"},{"start_time":"115.71","end_time":"115.97","alternatives":[{"confidence":"0.5275","content":"뭐"}],"type":"pronunciation"},{"start_time":"117.25","end_time":"117.44","alternatives":[{"confidence":"0.9906","content":"지금"}],"type":"pronunciation"},{"start_time":"117.44","end_time":"117.9","alternatives":[{"confidence":"0.9972","content":"보시면"}],"type":"pronunciation"},{"start_time":"117.9","end_time":"118.65","alternatives":[{"confidence":"0.56065","content":"원칙대로라면"}],"type":"pronunciation"},{"start_time":"118.65","end_time":"119.12","alternatives":[{"confidence":"0.9903","content":"부결로"}],"type":"pronunciation"},{"start_time":"119.12","end_time":"119.45","alternatives":[{"confidence":"1.0","content":"처리가"}],"type":"pronunciation"},{"start_time":"119.45","end_time":"119.87","alternatives":[{"confidence":"0.9991","content":"되신"}],"type":"pronunciation"},{"start_time":"119.87","end_time":"120.26","alternatives":[{"confidence":"0.5029","content":"부분"}],"type":"pronunciation"},{"start_time":"120.26","end_time":"121.11","alternatives":[{"confidence":"0.9442999999999999","content":"이신데"}],"type":"pronunciation"},{"alternatives":[{"confidence":"0.0","content":"."}],"type":"punctuation"},{"start_time":"122.52","end_time":"123.44","alternatives":[{"confidence":"0.50915","content":"윤석진"}],"type":"pronunciation"},{"start_time":"123.44","end_time":"123.62","alternatives":[{"confidence":"0.7221","content":"분"}],"type":"pronunciation"},{"start_time":"123.62","end_time":"124.09","alternatives":[{"confidence":"0.9841","content":"되신다고"}],"type":"pronunciation"},{"start_time":"124.09","end_time":"125.12","alternatives":[{"confidence":"0.9806333333333334","content":"올려주셨어요"}],"type":"pronunciation"},{"start_time":"125.15","end_time":"125.67","alternatives":[{"confidence":"0.98605","content":"친척분"}],"type":"pronunciation"},{"start_time":"125.67","end_time":"126.72","alternatives":[{"confidence":"0.9904","content":"되신다고"}],"type":"pronunciation"},{"alternatives":[{"confidence":"0.0","content":"."}],"type":"punctuation"},{"start_time":"128.2","end_time":"128.52","alternatives":[{"confidence":"0.5449","content":"그런데"}],"type":"pronunciation"},{"start_time":"128.58","end_time":"129.11","alternatives":[{"confidence":"0.9469000000000001","content":"지인분이"}],"type":"pronunciation"},{"start_time":"129.11","end_time":"129.71","alternatives":[{"confidence":"0.6934666666666667","content":"아니신거"}],"type":"pronunciation"},{"start_time":"129.71","end_time":"130.56","alternatives":[{"confidence":"0.9956","content":"같으시네요"}],"type":"pronunciation"},{"start_time":"130.59","end_time":"131.14","alternatives":[{"confidence":"0.9971","content":"지금"}],"type":"pronunciation"},{"start_time":"131.14","end_time":"131.8","alternatives":[{"confidence":"0.9117","content":"말씀하시는"}],"type":"pronunciation"},{"start_time":"131.8","end_time":"131.92","alternatives":[{"confidence":"0.6739","content":"걸"}],"type":"pronunciation"},{"start_time":"131.92","end_time":"132.47","alternatives":[{"confidence":"1.0","content":"보면"}],"type":"pronunciation"},{"start_time":"133.64","end_time":"133.92","alternatives":[{"confidence":"0.0529","content":"이라고"}],"type":"pronunciation"},{"start_time":"134.49","end_time":"135.07","alternatives":[{"confidence":"0.4725","content":"그러거든요"}],"type":"pronunciation"},{"alternatives":[{"confidence":"0.0","content":"."}],"type":"punctuation"},{"start_time":"136.18","end_time":"137.17","alternatives":[{"confidence":"0.9996","content":"그러셨나요"}],"type":"pronunciation"},{"start_time":"139.3","end_time":"139.7","alternatives":[{"confidence":"0.9989","content":"일단은"}],"type":"pronunciation"},{"start_time":"140.18","end_time":"140.38","alternatives":[{"confidence":"0.9733","content":"저희"}],"type":"pronunciation"},{"start_time":"140.38","end_time":"140.85","alternatives":[{"confidence":"0.9979","content":"쪽에서는"}],"type":"pronunciation"},{"start_time":"140.85","end_time":"141.19","alternatives":[{"confidence":"0.94925","content":"대출이"}],"type":"pronunciation"},{"start_time":"141.19","end_time":"141.37","alternatives":[{"confidence":"0.9997","content":"좀"}],"type":"pronunciation"},{"start_time":"141.37","end_time":"141.78","alternatives":[{"confidence":"0.87565","content":"어려우실"}],"type":"pronunciation"},{"start_time":"141.78","end_time":"141.88","alternatives":[{"confidence":"1.0","content":"것"}],"type":"pronunciation"},{"start_time":"141.88","end_time":"143.14","alternatives":[{"confidence":"0.9971333333333333","content":"같으시고요"}],"type":"pronunciation"},{"alternatives":[{"confidence":"0.0","content":"."}],"type":"punctuation"},{"start_time":"144.68","end_time":"144.96","alternatives":[{"confidence":"0.4327","content":"거기서"}],"type":"pronunciation"},{"start_time":"144.96","end_time":"145.99","alternatives":[{"confidence":"0.7485333333333334","content":"대출얻으시고"}],"type":"pronunciation"},{"start_time":"146.43","end_time":"147.47","alternatives":[{"confidence":"0.7877000000000001","content":"그쪽다른"}],"type":"pronunciation"},{"start_time":"147.47","end_time":"147.71","alternatives":[{"confidence":"0.989","content":"쪽으로"}],"type":"pronunciation"},{"start_time":"147.71","end_time":"148.2","alternatives":[{"confidence":"0.9731","content":"한번"}],"type":"pronunciation"},{"start_time":"148.2","end_time":"148.62","alternatives":[{"confidence":"0.0522","content":"대부분의"}],"type":"pronunciation"},{"start_time":"148.62","end_time":"148.7","alternatives":[{"confidence":"0.5626","content":"해"}],"type":"pronunciation"},{"start_time":"148.7","end_time":"149.08","alternatives":[{"confidence":"0.43420000000000003","content":"보시는게"}],"type":"pronunciation"},{"start_time":"149.08","end_time":"149.49","alternatives":[{"confidence":"0.9883","content":"괜찮을"}],"type":"pronunciation"},{"start_time":"149.49","end_time":"149.62","alternatives":[{"confidence":"1.0","content":"것"}],"type":"pronunciation"},{"start_time":"149.62","end_time":"150.25","alternatives":[{"confidence":"1.0","content":"같으세요"}],"type":"pronunciation"},{"alternatives":[{"confidence":"0.0","content":"?"}],"type":"punctuation"},{"start_time":"152.68","end_time":"152.93","alternatives":[{"confidence":"0.067","content":"네"}],"type":"pronunciation"},{"alternatives":[{"confidence":"0.0","content":"."}],"type":"punctuation"},{"start_time":"152.93","end_time":"153.07","alternatives":[{"confidence":"0.6672","content":"안"}],"type":"pronunciation"},{"start_time":"153.07","end_time":"153.62","alternatives":[{"confidence":"0.9921","content":"되세요"}],"type":"pronunciation"},{"alternatives":[{"confidence":"0.0","content":"."}],"type":"punctuation"},{"start_time":"156.15","end_time":"156.24","alternatives":[{"confidence":"0.6495","content":"네"}],"type":"pronunciation"},{"alternatives":[{"confidence":"0.0","content":"."}],"type":"punctuation"},{"start_time":"156.58","end_time":"157.21","alternatives":[{"confidence":"0.9999","content":"감사합니다"}],"type":"pronunciation"},{"alternatives":[{"confidence":"0.0","content":"."}],"type":"punctuation"}]},"status":"COMPLETED"}