{"jobName":"transcribe_loan22","accountId":"097989105209","results":{"transcripts":[{"transcript":"서민금융나들목 상품이 출시된 지 두 달 만에 자금 소진80 프로 이상 된 상태라 보증요 부분은 저희 농협은행 측에서 추가 정부 정책자금으로 지원을 해 드리는 부분이라 고객님께서 부담하신수수료나 보증료는 일생발생되는 부담 비용은 없으세요 적으로 상담 진행을 통해 대출 신청을 하신 후 이차적으로 한국자산관리공사에서 보증져 밝기까지 완료가 되셔서 최종 승인나시면 고객님이 계시는 지역의 가장 가까운 농협은행 지점을 안내를 받으셔서 방문하시고 계약서작성하시면 대출금수령이 가능하세요 일단은 신청금에 기대를 해주셨는데 삼천만원 이신데 맞으신가요 삼천만원 시고 필요하신 자금 사용 목적이 재원자금 생활자금 사업자금 중에서 어떤 목적으로 필요하세요? 내 환하고 생활나가겠습니다 대화한 이시고 생활자금이 시고 현재 이용하시는 기존 대출상품 어디서 이용중이세요 저기 뭐니까 그거 하나 받아있고 캐피탈현대캐피탈이 자기가 높대요 그거하고 그랬는데 이거는 차량 할부는 아니시고 신용대출로 받으신 건가요? 금액은 얼마나 드세요? 한돈 천만원 남아있어요 최초 발생금액은 지금 얼마 정도 되시고요? 처음에 이천팔백만원 지금 팔백만안 남았는데 그럴까요? 천만원까지는 못 미치시고 팔백만원정도 되시고 탈세언론 같은 경우에는 금리가 저희랑 그렇게 많이 차이는 안 나세요? 그래서 이제 햇살론 으로는 대 완저금으로도 안 나오실 수도 있는데 만약에 생활자금으로 나오시게 되면 고기 님께서 어차피 자유롭게 이용이 가능하시니까 그 부분 상환을 해주시면 될 것 같고요. 지금 현재 직장 다니시나요 사업자신가요 다니는데요 네 근무하신 지는 얼마나 되셨어요? 여기 이건만 저는 한 칠개월쯤 됩니다. 네 사대보험 가능하실까요? 네 실례지만 월소득은 얼마나 되세요? 우리는 나이가 많아가지고 연봉이 얼마안돼요 연봉한 한 이천 만원 조금 넘습니다. 연봉으로 이천 만원, 연봉 사 천만원 이상이 시면 어차피 상품 신성이 안되세요. 그래서 이제 서민지원상품이기 때문에 그러시고요 일단은 직장도 근무하시고 사대부 행하시고 기존 대출 이용하시는 게 그렇게 많지는 않으셔 가지고 한도나 금리산출은 가능 하신데요 고기는 저희 농협이용해주시는 기존 고객님맞으신가요 기존 고객님이 시고 거래하시는 지는 얼마나 되셨어요? 농협많이 오래 되셨어요? 예. 고객님성함 알려주세요. 생년월일만 말씀 부탁드릴게요. 이제 한도 금리 삼주를 저희은행전산으로 가교회를 통해서 고객의 신용등급이나 이제 조회이렇게 영향을 끼치지 않고 알아봐드릴 건데요. 예상 소요 시간이 십 분에서 삼십 분 정도까지 소요가 되세요. 가능하실까요. 예. 그때 하셨어요. 에서와 가능할 이번에 지금 지금 이번엔 하면은 농협으로 나와요. 네. 네. 고객관리 부서로 연결되시고요 꼭 과장 대리입니다 혹시 뭐 대출금굉장히 자기 같은 그런 아니죠. 그런 건 아니시고요 전화하셔서 확인 하셔도 무방하세요. 그러니까 로 바로 잖아요. 네. 네. 알겠습니다. 확인해 보시고요. 저는 결과 나오는 대로 다시 한번 전화를 드리도록 하겠습니다. 네, 감사합니다."}],"items":[{"start_time":"1.09","end_time":"2.26","alternatives":[{"confidence":"0.8004333333333333","content":"서민금융나들목"}],"type":"pronunciation"},{"start_time":"2.26","end_time":"2.78","alternatives":[{"confidence":"0.9934","content":"상품이"}],"type":"pronunciation"},{"start_time":"2.78","end_time":"3.21","alternatives":[{"confidence":"1.0","content":"출시된"}],"type":"pronunciation"},{"start_time":"3.21","end_time":"3.32","alternatives":[{"confidence":"0.9974","content":"지"}],"type":"pronunciation"},{"start_time":"3.32","end_time":"3.44","alternatives":[{"confidence":"0.9798","content":"두"}],"type":"pronunciation"},{"start_time":"3.44","end_time":"3.63","alternatives":[{"confidence":"0.9356","content":"달"}],"type":"pronunciation"},{"start_time":"3.63","end_time":"3.85","alternatives":[{"confidence":"0.9987","content":"만에"}],"type":"pronunciation"},{"start_time":"3.85","end_time":"4.13","alternatives":[{"confidence":"0.7503","content":"자금"}],"type":"pronunciation"},{"start_time":"4.13","end_time":"4.76","alternatives":[{"confidence":"0.6928","content":"소진80"}],"type":"pronunciation"},{"start_time":"4.76","end_time":"4.96","alternatives":[{"confidence":"0.9857","content":"프로"}],"type":"pronunciation"},{"start_time":"4.96","end_time":"5.18","alternatives":[{"confidence":"0.6839","content":"이상"}],"type":"pronunciation"},{"start_time":"5.18","end_time":"5.34","alternatives":[{"confidence":"1.0","content":"된"}],"type":"pronunciation"},{"start_time":"5.34","end_time":"6.06","alternatives":[{"confidence":"0.9572","content":"상태라"}],"type":"pronunciation"},{"start_time":"6.28","end_time":"6.67","alternatives":[{"confidence":"0.6175999999999999","content":"보증요"}],"type":"pronunciation"},{"start_time":"6.67","end_time":"7.1","alternatives":[{"confidence":"0.9833","content":"부분은"}],"type":"pronunciation"},{"start_time":"7.1","end_time":"7.28","alternatives":[{"confidence":"0.9848","content":"저희"}],"type":"pronunciation"},{"start_time":"7.28","end_time":"7.77","alternatives":[{"confidence":"0.95225","content":"농협은행"}],"type":"pronunciation"},{"start_time":"7.77","end_time":"8.08","alternatives":[{"confidence":"0.9578","content":"측에서"}],"type":"pronunciation"},{"start_time":"8.08","end_time":"8.32","alternatives":[{"confidence":"0.7339","content":"추가"}],"type":"pronunciation"},{"start_time":"8.32","end_time":"8.58","alternatives":[{"confidence":"0.9182","content":"정부"}],"type":"pronunciation"},{"start_time":"8.58","end_time":"9.24","alternatives":[{"confidence":"0.69165","content":"정책자금으로"}],"type":"pronunciation"},{"start_time":"9.24","end_time":"9.56","alternatives":[{"confidence":"0.9989","content":"지원을"}],"type":"pronunciation"},{"start_time":"9.56","end_time":"9.66","alternatives":[{"confidence":"0.7155","content":"해"}],"type":"pronunciation"},{"start_time":"9.66","end_time":"10.0","alternatives":[{"confidence":"0.7097","content":"드리는"}],"type":"pronunciation"},{"start_time":"10.0","end_time":"10.6","alternatives":[{"confidence":"0.9720500000000001","content":"부분이라"}],"type":"pronunciation"},{"start_time":"10.9","end_time":"11.49","alternatives":[{"confidence":"0.5958","content":"고객님께서"}],"type":"pronunciation"},{"start_time":"11.49","end_time":"12.51","alternatives":[{"confidence":"0.9252","content":"부담하신수수료나"}],"type":"pronunciation"},{"start_time":"12.51","end_time":"13.03","alternatives":[{"confidence":"0.9757666666666666","content":"보증료는"}],"type":"pronunciation"},{"start_time":"13.03","end_time":"13.92","alternatives":[{"confidence":"0.8596333333333334","content":"일생발생되는"}],"type":"pronunciation"},{"start_time":"13.92","end_time":"14.17","alternatives":[{"confidence":"0.6759","content":"부담"}],"type":"pronunciation"},{"start_time":"14.17","end_time":"14.45","alternatives":[{"confidence":"0.7872","content":"비용은"}],"type":"pronunciation"},{"start_time":"14.45","end_time":"15.83","alternatives":[{"confidence":"0.99885","content":"없으세요"}],"type":"pronunciation"},{"start_time":"16.67","end_time":"16.95","alternatives":[{"confidence":"0.4888","content":"적으로"}],"type":"pronunciation"},{"start_time":"16.95","end_time":"17.31","alternatives":[{"confidence":"0.6034","content":"상담"}],"type":"pronunciation"},{"start_time":"17.31","end_time":"17.77","alternatives":[{"confidence":"0.8964","content":"진행을"}],"type":"pronunciation"},{"start_time":"17.77","end_time":"18.04","alternatives":[{"confidence":"1.0","content":"통해"}],"type":"pronunciation"},{"start_time":"18.04","end_time":"18.37","alternatives":[{"confidence":"0.9257","content":"대출"}],"type":"pronunciation"},{"start_time":"18.37","end_time":"18.83","alternatives":[{"confidence":"0.999","content":"신청을"}],"type":"pronunciation"},{"start_time":"18.83","end_time":"19.12","alternatives":[{"confidence":"0.9802","content":"하신"}],"type":"pronunciation"},{"start_time":"19.12","end_time":"19.39","alternatives":[{"confidence":"0.948","content":"후"}],"type":"pronunciation"},{"start_time":"19.63","end_time":"20.31","alternatives":[{"confidence":"0.8442","content":"이차적으로"}],"type":"pronunciation"},{"start_time":"20.31","end_time":"21.71","alternatives":[{"confidence":"0.8503399999999999","content":"한국자산관리공사에서"}],"type":"pronunciation"},{"start_time":"21.71","end_time":"22.08","alternatives":[{"confidence":"0.68895","content":"보증져"}],"type":"pronunciation"},{"start_time":"22.08","end_time":"22.69","alternatives":[{"confidence":"0.9952000000000001","content":"밝기까지"}],"type":"pronunciation"},{"start_time":"22.69","end_time":"23.02","alternatives":[{"confidence":"0.9171","content":"완료가"}],"type":"pronunciation"},{"start_time":"23.02","end_time":"23.66","alternatives":[{"confidence":"0.99275","content":"되셔서"}],"type":"pronunciation"},{"start_time":"23.66","end_time":"23.95","alternatives":[{"confidence":"0.953","content":"최종"}],"type":"pronunciation"},{"start_time":"23.95","end_time":"24.79","alternatives":[{"confidence":"0.8531333333333334","content":"승인나시면"}],"type":"pronunciation"},{"start_time":"25.2","end_time":"25.66","alternatives":[{"confidence":"0.98465","content":"고객님이"}],"type":"pronunciation"},{"start_time":"25.66","end_time":"26.06","alternatives":[{"confidence":"0.9951","content":"계시는"}],"type":"pronunciation"},{"start_time":"26.06","end_time":"26.35","alternatives":[{"confidence":"0.3348","content":"지역의"}],"type":"pronunciation"},{"start_time":"26.35","end_time":"26.61","alternatives":[{"confidence":"1.0","content":"가장"}],"type":"pronunciation"},{"start_time":"26.61","end_time":"27.04","alternatives":[{"confidence":"0.9927","content":"가까운"}],"type":"pronunciation"},{"start_time":"27.51","end_time":"28.0","alternatives":[{"confidence":"0.8442000000000001","content":"농협은행"}],"type":"pronunciation"},{"start_time":"28.0","end_time":"28.34","alternatives":[{"confidence":"0.7774","content":"지점을"}],"type":"pronunciation"},{"start_time":"28.34","end_time":"28.71","alternatives":[{"confidence":"0.99325","content":"안내를"}],"type":"pronunciation"},{"start_time":"28.71","end_time":"29.5","alternatives":[{"confidence":"1.0","content":"받으셔서"}],"type":"pronunciation"},{"start_time":"29.77","end_time":"30.48","alternatives":[{"confidence":"0.8386","content":"방문하시고"}],"type":"pronunciation"},{"start_time":"30.48","end_time":"31.48","alternatives":[{"confidence":"0.9794","content":"계약서작성하시면"}],"type":"pronunciation"},{"start_time":"31.48","end_time":"32.23","alternatives":[{"confidence":"0.9890666666666666","content":"대출금수령이"}],"type":"pronunciation"},{"start_time":"32.23","end_time":"33.59","alternatives":[{"confidence":"0.9998","content":"가능하세요"}],"type":"pronunciation"},{"start_time":"33.74","end_time":"34.05","alternatives":[{"confidence":"0.9884","content":"일단은"}],"type":"pronunciation"},{"start_time":"34.05","end_time":"34.74","alternatives":[{"confidence":"0.7344333333333334","content":"신청금에"}],"type":"pronunciation"},{"start_time":"34.74","end_time":"35.14","alternatives":[{"confidence":"0.5995","content":"기대를"}],"type":"pronunciation"},{"start_time":"35.14","end_time":"35.74","alternatives":[{"confidence":"0.96495","content":"해주셨는데"}],"type":"pronunciation"},{"start_time":"35.74","end_time":"36.41","alternatives":[{"confidence":"0.6604","content":"삼천만원"}],"type":"pronunciation"},{"start_time":"36.41","end_time":"36.68","alternatives":[{"confidence":"0.99705","content":"이신데"}],"type":"pronunciation"},{"start_time":"36.68","end_time":"37.64","alternatives":[{"confidence":"0.9822000000000001","content":"맞으신가요"}],"type":"pronunciation"},{"start_time":"38.51","end_time":"39.16","alternatives":[{"confidence":"0.7552000000000001","content":"삼천만원"}],"type":"pronunciation"},{"start_time":"39.16","end_time":"39.46","alternatives":[{"confidence":"0.999","content":"시고"}],"type":"pronunciation"},{"start_time":"39.46","end_time":"39.88","alternatives":[{"confidence":"0.9637","content":"필요하신"}],"type":"pronunciation"},{"start_time":"39.88","end_time":"40.16","alternatives":[{"confidence":"0.5574","content":"자금"}],"type":"pronunciation"},{"start_time":"40.16","end_time":"40.4","alternatives":[{"confidence":"0.9811","content":"사용"}],"type":"pronunciation"},{"start_time":"40.4","end_time":"41.14","alternatives":[{"confidence":"1.0","content":"목적이"}],"type":"pronunciation"},{"start_time":"41.17","end_time":"41.81","alternatives":[{"confidence":"0.8139000000000001","content":"재원자금"}],"type":"pronunciation"},{"start_time":"41.81","end_time":"42.43","alternatives":[{"confidence":"0.98335","content":"생활자금"}],"type":"pronunciation"},{"start_time":"42.43","end_time":"42.96","alternatives":[{"confidence":"0.6548","content":"사업자금"}],"type":"pronunciation"},{"start_time":"42.96","end_time":"43.28","alternatives":[{"confidence":"0.9993","content":"중에서"}],"type":"pronunciation"},{"start_time":"43.28","end_time":"43.53","alternatives":[{"confidence":"0.9982","content":"어떤"}],"type":"pronunciation"},{"start_time":"43.53","end_time":"43.95","alternatives":[{"confidence":"1.0","content":"목적으로"}],"type":"pronunciation"},{"start_time":"43.95","end_time":"44.75","alternatives":[{"confidence":"0.9956","content":"필요하세요"}],"type":"pronunciation"},{"alternatives":[{"confidence":"0.0","content":"?"}],"type":"punctuation"},{"start_time":"44.85","end_time":"45.02","alternatives":[{"confidence":"0.6402","content":"내"}],"type":"pronunciation"},{"start_time":"45.02","end_time":"45.34","alternatives":[{"confidence":"0.85825","content":"환하고"}],"type":"pronunciation"},{"start_time":"45.34","end_time":"46.36","alternatives":[{"confidence":"0.5247666666666667","content":"생활나가겠습니다"}],"type":"pronunciation"},{"start_time":"46.82","end_time":"47.23","alternatives":[{"confidence":"0.37995","content":"대화한"}],"type":"pronunciation"},{"start_time":"47.23","end_time":"47.91","alternatives":[{"confidence":"0.8469","content":"이시고"}],"type":"pronunciation"},{"start_time":"47.91","end_time":"48.63","alternatives":[{"confidence":"0.6949","content":"생활자금이"}],"type":"pronunciation"},{"start_time":"48.63","end_time":"49.02","alternatives":[{"confidence":"1.0","content":"시고"}],"type":"pronunciation"},{"start_time":"49.6","end_time":"50.05","alternatives":[{"confidence":"0.9442","content":"현재"}],"type":"pronunciation"},{"start_time":"50.05","end_time":"50.78","alternatives":[{"confidence":"0.9653499999999999","content":"이용하시는"}],"type":"pronunciation"},{"start_time":"50.78","end_time":"51.11","alternatives":[{"confidence":"0.5848","content":"기존"}],"type":"pronunciation"},{"start_time":"51.11","end_time":"51.73","alternatives":[{"confidence":"0.5729500000000001","content":"대출상품"}],"type":"pronunciation"},{"start_time":"51.76","end_time":"52.17","alternatives":[{"confidence":"0.9352","content":"어디서"}],"type":"pronunciation"},{"start_time":"52.17","end_time":"53.15","alternatives":[{"confidence":"0.8877333333333333","content":"이용중이세요"}],"type":"pronunciation"},{"start_time":"54.17","end_time":"54.54","alternatives":[{"confidence":"0.5463","content":"저기"}],"type":"pronunciation"},{"start_time":"54.57","end_time":"55.17","alternatives":[{"confidence":"0.31545","content":"뭐니까"}],"type":"pronunciation"},{"start_time":"55.17","end_time":"55.35","alternatives":[{"confidence":"0.8115","content":"그거"}],"type":"pronunciation"},{"start_time":"55.35","end_time":"55.63","alternatives":[{"confidence":"0.9269","content":"하나"}],"type":"pronunciation"},{"start_time":"55.63","end_time":"56.3","alternatives":[{"confidence":"0.60155","content":"받아있고"}],"type":"pronunciation"},{"start_time":"56.36","end_time":"57.86","alternatives":[{"confidence":"0.55075","content":"캐피탈현대캐피탈이"}],"type":"pronunciation"},{"start_time":"57.86","end_time":"58.08","alternatives":[{"confidence":"0.0028","content":"자기가"}],"type":"pronunciation"},{"start_time":"58.08","end_time":"58.41","alternatives":[{"confidence":"0.27835","content":"높대요"}],"type":"pronunciation"},{"start_time":"58.41","end_time":"58.77","alternatives":[{"confidence":"0.85385","content":"그거하고"}],"type":"pronunciation"},{"start_time":"58.77","end_time":"59.36","alternatives":[{"confidence":"0.9982","content":"그랬는데"}],"type":"pronunciation"},{"start_time":"60.29","end_time":"60.63","alternatives":[{"confidence":"0.995","content":"이거는"}],"type":"pronunciation"},{"start_time":"60.66","end_time":"60.94","alternatives":[{"confidence":"0.6606","content":"차량"}],"type":"pronunciation"},{"start_time":"60.94","end_time":"61.34","alternatives":[{"confidence":"0.59105","content":"할부는"}],"type":"pronunciation"},{"start_time":"61.34","end_time":"61.77","alternatives":[{"confidence":"0.9811","content":"아니시고"}],"type":"pronunciation"},{"start_time":"61.77","end_time":"62.48","alternatives":[{"confidence":"0.9381333333333334","content":"신용대출로"}],"type":"pronunciation"},{"start_time":"62.48","end_time":"62.86","alternatives":[{"confidence":"0.8301000000000001","content":"받으신"}],"type":"pronunciation"},{"start_time":"62.86","end_time":"63.45","alternatives":[{"confidence":"1.0","content":"건가요"}],"type":"pronunciation"},{"alternatives":[{"confidence":"0.0","content":"?"}],"type":"punctuation"},{"start_time":"64.41","end_time":"64.87","alternatives":[{"confidence":"0.999","content":"금액은"}],"type":"pronunciation"},{"start_time":"64.87","end_time":"65.17","alternatives":[{"confidence":"0.9959","content":"얼마나"}],"type":"pronunciation"},{"start_time":"65.17","end_time":"65.82","alternatives":[{"confidence":"0.7714","content":"드세요"}],"type":"pronunciation"},{"alternatives":[{"confidence":"0.0","content":"?"}],"type":"punctuation"},{"start_time":"67.57","end_time":"67.86","alternatives":[{"confidence":"0.6194500000000001","content":"한돈"}],"type":"pronunciation"},{"start_time":"67.86","end_time":"68.13","alternatives":[{"confidence":"0.6715","content":"천만원"}],"type":"pronunciation"},{"start_time":"68.13","end_time":"68.67","alternatives":[{"confidence":"0.7952","content":"남아있어요"}],"type":"pronunciation"},{"start_time":"70.16","end_time":"70.43","alternatives":[{"confidence":"0.9788","content":"최초"}],"type":"pronunciation"},{"start_time":"70.43","end_time":"71.92","alternatives":[{"confidence":"0.8927","content":"발생금액은"}],"type":"pronunciation"},{"start_time":"71.92","end_time":"72.53","alternatives":[{"confidence":"0.9936","content":"지금"}],"type":"pronunciation"},{"start_time":"72.53","end_time":"72.83","alternatives":[{"confidence":"0.6667","content":"얼마"}],"type":"pronunciation"},{"start_time":"72.83","end_time":"73.07","alternatives":[{"confidence":"0.9932","content":"정도"}],"type":"pronunciation"},{"start_time":"73.07","end_time":"73.79","alternatives":[{"confidence":"0.98525","content":"되시고요"}],"type":"pronunciation"},{"alternatives":[{"confidence":"0.0","content":"?"}],"type":"punctuation"},{"start_time":"74.12","end_time":"74.44","alternatives":[{"confidence":"0.9892","content":"처음에"}],"type":"pronunciation"},{"start_time":"74.44","end_time":"75.0","alternatives":[{"confidence":"0.4462","content":"이천팔백만원"}],"type":"pronunciation"},{"start_time":"76.913","end_time":"77.173","alternatives":[{"confidence":"0.9629","content":"지금"}],"type":"pronunciation"},{"start_time":"77.203","end_time":"77.683","alternatives":[{"confidence":"0.6156666666666667","content":"팔백만안"}],"type":"pronunciation"},{"start_time":"77.683","end_time":"78.043","alternatives":[{"confidence":"0.6641","content":"남았는데"}],"type":"pronunciation"},{"start_time":"78.163","end_time":"78.723","alternatives":[{"confidence":"0.0893","content":"그럴까요"}],"type":"pronunciation"},{"alternatives":[{"confidence":"0.0","content":"?"}],"type":"punctuation"},{"start_time":"79.923","end_time":"80.743","alternatives":[{"confidence":"0.7791","content":"천만원까지는"}],"type":"pronunciation"},{"start_time":"80.743","end_time":"80.893","alternatives":[{"confidence":"0.9194","content":"못"}],"type":"pronunciation"},{"start_time":"80.893","end_time":"81.363","alternatives":[{"confidence":"0.99985","content":"미치시고"}],"type":"pronunciation"},{"start_time":"81.363","end_time":"82.213","alternatives":[{"confidence":"0.8029666666666667","content":"팔백만원정도"}],"type":"pronunciation"},{"start_time":"82.213","end_time":"82.933","alternatives":[{"confidence":"0.98565","content":"되시고"}],"type":"pronunciation"},{"start_time":"83.373","end_time":"83.913","alternatives":[{"confidence":"0.70905","content":"탈세언론"}],"type":"pronunciation"},{"start_time":"83.913","end_time":"84.173","alternatives":[{"confidence":"0.9979","content":"같은"}],"type":"pronunciation"},{"start_time":"84.173","end_time":"84.643","alternatives":[{"confidence":"1.0","content":"경우에는"}],"type":"pronunciation"},{"start_time":"84.643","end_time":"85.573","alternatives":[{"confidence":"0.9977","content":"금리가"}],"type":"pronunciation"},{"start_time":"85.603","end_time":"85.903","alternatives":[{"confidence":"0.66115","content":"저희랑"}],"type":"pronunciation"},{"start_time":"85.903","end_time":"86.123","alternatives":[{"confidence":"0.9974","content":"그렇게"}],"type":"pronunciation"},{"start_time":"86.123","end_time":"86.413","alternatives":[{"confidence":"0.9702","content":"많이"}],"type":"pronunciation"},{"start_time":"86.413","end_time":"86.763","alternatives":[{"confidence":"1.0","content":"차이는"}],"type":"pronunciation"},{"start_time":"86.763","end_time":"86.893","alternatives":[{"confidence":"0.7256","content":"안"}],"type":"pronunciation"},{"start_time":"86.893","end_time":"87.923","alternatives":[{"confidence":"0.85185","content":"나세요"}],"type":"pronunciation"},{"alternatives":[{"confidence":"0.0","content":"?"}],"type":"punctuation"},{"start_time":"87.953","end_time":"88.253","alternatives":[{"confidence":"0.2713","content":"그래서"}],"type":"pronunciation"},{"start_time":"88.953","end_time":"89.143","alternatives":[{"confidence":"0.9533","content":"이제"}],"type":"pronunciation"},{"start_time":"89.173","end_time":"89.943","alternatives":[{"confidence":"0.97695","content":"햇살론"}],"type":"pronunciation"},{"start_time":"89.943","end_time":"90.523","alternatives":[{"confidence":"0.9998","content":"으로는"}],"type":"pronunciation"},{"start_time":"90.583","end_time":"90.783","alternatives":[{"confidence":"0.4336","content":"대"}],"type":"pronunciation"},{"start_time":"90.783","end_time":"91.743","alternatives":[{"confidence":"0.59275","content":"완저금으로도"}],"type":"pronunciation"},{"start_time":"91.743","end_time":"91.923","alternatives":[{"confidence":"0.8284","content":"안"}],"type":"pronunciation"},{"start_time":"91.923","end_time":"92.303","alternatives":[{"confidence":"0.9429000000000001","content":"나오실"}],"type":"pronunciation"},{"start_time":"92.303","end_time":"92.523","alternatives":[{"confidence":"1.0","content":"수도"}],"type":"pronunciation"},{"start_time":"92.523","end_time":"93.213","alternatives":[{"confidence":"0.9991","content":"있는데"}],"type":"pronunciation"},{"start_time":"93.273","end_time":"93.633","alternatives":[{"confidence":"0.999","content":"만약에"}],"type":"pronunciation"},{"start_time":"93.633","end_time":"94.343","alternatives":[{"confidence":"0.9470000000000001","content":"생활자금으로"}],"type":"pronunciation"},{"start_time":"94.343","end_time":"94.833","alternatives":[{"confidence":"0.9855999999999999","content":"나오시게"}],"type":"pronunciation"},{"start_time":"94.833","end_time":"95.153","alternatives":[{"confidence":"0.9926","content":"되면"}],"type":"pronunciation"},{"start_time":"95.153","end_time":"95.463","alternatives":[{"confidence":"0.3621","content":"고기"}],"type":"pronunciation"},{"start_time":"95.463","end_time":"95.863","alternatives":[{"confidence":"0.9999","content":"님께서"}],"type":"pronunciation"},{"start_time":"95.863","end_time":"96.213","alternatives":[{"confidence":"1.0","content":"어차피"}],"type":"pronunciation"},{"start_time":"96.306","end_time":"96.706","alternatives":[{"confidence":"0.9999","content":"자유롭게"}],"type":"pronunciation"},{"start_time":"96.706","end_time":"97.006","alternatives":[{"confidence":"0.9912000000000001","content":"이용이"}],"type":"pronunciation"},{"start_time":"97.006","end_time":"98.026","alternatives":[{"confidence":"0.9804333333333334","content":"가능하시니까"}],"type":"pronunciation"},{"start_time":"98.026","end_time":"98.186","alternatives":[{"confidence":"0.9883","content":"그"}],"type":"pronunciation"},{"start_time":"98.186","end_time":"98.446","alternatives":[{"confidence":"0.6462","content":"부분"}],"type":"pronunciation"},{"start_time":"98.446","end_time":"98.816","alternatives":[{"confidence":"0.99765","content":"상환을"}],"type":"pronunciation"},{"start_time":"98.816","end_time":"99.326","alternatives":[{"confidence":"0.9981","content":"해주시면"}],"type":"pronunciation"},{"start_time":"99.326","end_time":"99.476","alternatives":[{"confidence":"0.9998","content":"될"}],"type":"pronunciation"},{"start_time":"99.486","end_time":"99.626","alternatives":[{"confidence":"0.9999","content":"것"}],"type":"pronunciation"},{"start_time":"99.626","end_time":"100.806","alternatives":[{"confidence":"1.0","content":"같고요"}],"type":"pronunciation"},{"alternatives":[{"confidence":"0.0","content":"."}],"type":"punctuation"},{"start_time":"101.976","end_time":"102.236","alternatives":[{"confidence":"0.9911","content":"지금"}],"type":"pronunciation"},{"start_time":"102.236","end_time":"102.776","alternatives":[{"confidence":"0.9877","content":"현재"}],"type":"pronunciation"},{"start_time":"102.786","end_time":"103.166","alternatives":[{"confidence":"0.9767","content":"직장"}],"type":"pronunciation"},{"start_time":"103.166","end_time":"103.936","alternatives":[{"confidence":"1.0","content":"다니시나요"}],"type":"pronunciation"},{"start_time":"103.966","end_time":"105.036","alternatives":[{"confidence":"0.60845","content":"사업자신가요"}],"type":"pronunciation"},{"start_time":"105.546","end_time":"106.206","alternatives":[{"confidence":"0.986","content":"다니는데요"}],"type":"pronunciation"},{"start_time":"106.506","end_time":"106.646","alternatives":[{"confidence":"0.1941","content":"네"}],"type":"pronunciation"},{"start_time":"106.676","end_time":"107.256","alternatives":[{"confidence":"0.7982","content":"근무하신"}],"type":"pronunciation"},{"start_time":"107.256","end_time":"107.426","alternatives":[{"confidence":"0.895","content":"지는"}],"type":"pronunciation"},{"start_time":"107.426","end_time":"107.646","alternatives":[{"confidence":"1.0","content":"얼마나"}],"type":"pronunciation"},{"start_time":"107.646","end_time":"108.486","alternatives":[{"confidence":"1.0","content":"되셨어요"}],"type":"pronunciation"},{"alternatives":[{"confidence":"0.0","content":"?"}],"type":"punctuation"},{"start_time":"108.746","end_time":"108.886","alternatives":[{"confidence":"0.3171","content":"여기"}],"type":"pronunciation"},{"start_time":"108.886","end_time":"109.186","alternatives":[{"confidence":"0.56105","content":"이건만"}],"type":"pronunciation"},{"start_time":"109.186","end_time":"109.606","alternatives":[{"confidence":"0.966","content":"저는"}],"type":"pronunciation"},{"start_time":"109.606","end_time":"109.826","alternatives":[{"confidence":"0.9556","content":"한"}],"type":"pronunciation"},{"start_time":"109.826","end_time":"110.276","alternatives":[{"confidence":"0.8001666666666667","content":"칠개월쯤"}],"type":"pronunciation"},{"start_time":"110.276","end_time":"110.636","alternatives":[{"confidence":"0.9728","content":"됩니다"}],"type":"pronunciation"},{"alternatives":[{"confidence":"0.0","content":"."}],"type":"punctuation"},{"start_time":"111.366","end_time":"111.526","alternatives":[{"confidence":"0.44","content":"네"}],"type":"pronunciation"},{"start_time":"111.736","end_time":"112.346","alternatives":[{"confidence":"0.4317333333333333","content":"사대보험"}],"type":"pronunciation"},{"start_time":"112.346","end_time":"113.676","alternatives":[{"confidence":"0.98565","content":"가능하실까요"}],"type":"pronunciation"},{"alternatives":[{"confidence":"0.0","content":"?"}],"type":"punctuation"},{"start_time":"114.366","end_time":"114.506","alternatives":[{"confidence":"0.0585","content":"네"}],"type":"pronunciation"},{"start_time":"114.856","end_time":"115.626","alternatives":[{"confidence":"0.7231000000000001","content":"실례지만"}],"type":"pronunciation"},{"start_time":"115.626","end_time":"116.176","alternatives":[{"confidence":"0.8690666666666665","content":"월소득은"}],"type":"pronunciation"},{"start_time":"116.176","end_time":"116.656","alternatives":[{"confidence":"1.0","content":"얼마나"}],"type":"pronunciation"},{"start_time":"116.656","end_time":"117.276","alternatives":[{"confidence":"0.8837","content":"되세요"}],"type":"pronunciation"},{"alternatives":[{"confidence":"0.0","content":"?"}],"type":"punctuation"},{"start_time":"118.51","end_time":"118.8","alternatives":[{"confidence":"0.9947","content":"우리는"}],"type":"pronunciation"},{"start_time":"118.83","end_time":"119.07","alternatives":[{"confidence":"1.0","content":"나이가"}],"type":"pronunciation"},{"start_time":"119.07","end_time":"119.5","alternatives":[{"confidence":"0.7599","content":"많아가지고"}],"type":"pronunciation"},{"start_time":"119.96","end_time":"120.22","alternatives":[{"confidence":"0.68625","content":"연봉이"}],"type":"pronunciation"},{"start_time":"120.22","end_time":"120.78","alternatives":[{"confidence":"0.39490000000000003","content":"얼마안돼요"}],"type":"pronunciation"},{"start_time":"121.08","end_time":"121.51","alternatives":[{"confidence":"0.7437","content":"연봉한"}],"type":"pronunciation"},{"start_time":"121.51","end_time":"121.7","alternatives":[{"confidence":"0.9686","content":"한"}],"type":"pronunciation"},{"start_time":"121.7","end_time":"121.92","alternatives":[{"confidence":"0.8531","content":"이천"}],"type":"pronunciation"},{"start_time":"121.92","end_time":"122.26","alternatives":[{"confidence":"0.8078","content":"만원"}],"type":"pronunciation"},{"start_time":"122.26","end_time":"122.47","alternatives":[{"confidence":"1.0","content":"조금"}],"type":"pronunciation"},{"start_time":"122.47","end_time":"122.95","alternatives":[{"confidence":"1.0","content":"넘습니다"}],"type":"pronunciation"},{"alternatives":[{"confidence":"0.0","content":"."}],"type":"punctuation"},{"start_time":"123.68","end_time":"124.47","alternatives":[{"confidence":"0.9967999999999999","content":"연봉으로"}],"type":"pronunciation"},{"start_time":"124.47","end_time":"124.74","alternatives":[{"confidence":"0.9972","content":"이천"}],"type":"pronunciation"},{"start_time":"124.74","end_time":"125.0","alternatives":[{"confidence":"0.9129","content":"만원"}],"type":"pronunciation"},{"alternatives":[{"confidence":"0.0","content":","}],"type":"punctuation"},{"start_time":"125.0","end_time":"125.27","alternatives":[{"confidence":"0.9869","content":"연봉"}],"type":"pronunciation"},{"start_time":"125.27","end_time":"125.39","alternatives":[{"confidence":"0.7154","content":"사"}],"type":"pronunciation"},{"start_time":"125.39","end_time":"125.85","alternatives":[{"confidence":"0.7276","content":"천만원"}],"type":"pronunciation"},{"start_time":"125.85","end_time":"126.16","alternatives":[{"confidence":"0.8074","content":"이상이"}],"type":"pronunciation"},{"start_time":"126.16","end_time":"126.38","alternatives":[{"confidence":"0.8411","content":"시면"}],"type":"pronunciation"},{"start_time":"126.38","end_time":"127.13","alternatives":[{"confidence":"1.0","content":"어차피"}],"type":"pronunciation"},{"start_time":"127.19","end_time":"127.84","alternatives":[{"confidence":"0.8736","content":"상품"}],"type":"pronunciation"},{"start_time":"127.84","end_time":"128.22","alternatives":[{"confidence":"0.8451","content":"신성이"}],"type":"pronunciation"},{"start_time":"128.22","end_time":"129.41","alternatives":[{"confidence":"0.79085","content":"안되세요"}],"type":"pronunciation"},{"alternatives":[{"confidence":"0.0","content":"."}],"type":"punctuation"},{"start_time":"129.44","end_time":"129.75","alternatives":[{"confidence":"0.2891","content":"그래서"}],"type":"pronunciation"},{"start_time":"129.75","end_time":"129.93","alternatives":[{"confidence":"0.8811","content":"이제"}],"type":"pronunciation"},{"start_time":"129.94","end_time":"131.04","alternatives":[{"confidence":"0.8859","content":"서민지원상품이기"}],"type":"pronunciation"},{"start_time":"131.04","end_time":"131.28","alternatives":[{"confidence":"0.9996","content":"때문에"}],"type":"pronunciation"},{"start_time":"131.28","end_time":"132.36","alternatives":[{"confidence":"0.97725","content":"그러시고요"}],"type":"pronunciation"},{"start_time":"133.17","end_time":"133.8","alternatives":[{"confidence":"1.0","content":"일단은"}],"type":"pronunciation"},{"start_time":"133.8","end_time":"134.52","alternatives":[{"confidence":"0.97225","content":"직장도"}],"type":"pronunciation"},{"start_time":"134.52","end_time":"135.19","alternatives":[{"confidence":"0.93945","content":"근무하시고"}],"type":"pronunciation"},{"start_time":"135.19","end_time":"135.57","alternatives":[{"confidence":"0.9839","content":"사대부"}],"type":"pronunciation"},{"start_time":"135.84","end_time":"136.73","alternatives":[{"confidence":"0.9046000000000001","content":"행하시고"}],"type":"pronunciation"},{"start_time":"136.94","end_time":"137.21","alternatives":[{"confidence":"0.6893","content":"기존"}],"type":"pronunciation"},{"start_time":"137.21","end_time":"137.53","alternatives":[{"confidence":"0.6938","content":"대출"}],"type":"pronunciation"},{"start_time":"137.53","end_time":"137.99","alternatives":[{"confidence":"0.89775","content":"이용하시는"}],"type":"pronunciation"},{"start_time":"137.99","end_time":"138.08","alternatives":[{"confidence":"0.9984","content":"게"}],"type":"pronunciation"},{"start_time":"138.08","end_time":"138.35","alternatives":[{"confidence":"1.0","content":"그렇게"}],"type":"pronunciation"},{"start_time":"138.35","end_time":"138.79","alternatives":[{"confidence":"1.0","content":"많지는"}],"type":"pronunciation"},{"start_time":"138.79","end_time":"139.1","alternatives":[{"confidence":"0.9876","content":"않으셔"}],"type":"pronunciation"},{"start_time":"139.1","end_time":"139.75","alternatives":[{"confidence":"0.8328","content":"가지고"}],"type":"pronunciation"},{"start_time":"140.21","end_time":"140.63","alternatives":[{"confidence":"0.9971","content":"한도나"}],"type":"pronunciation"},{"start_time":"140.63","end_time":"141.29","alternatives":[{"confidence":"0.7590333333333333","content":"금리산출은"}],"type":"pronunciation"},{"start_time":"141.29","end_time":"141.58","alternatives":[{"confidence":"0.9476","content":"가능"}],"type":"pronunciation"},{"start_time":"141.58","end_time":"142.33","alternatives":[{"confidence":"0.99715","content":"하신데요"}],"type":"pronunciation"},{"start_time":"142.61","end_time":"142.92","alternatives":[{"confidence":"0.77565","content":"고기는"}],"type":"pronunciation"},{"start_time":"142.92","end_time":"143.11","alternatives":[{"confidence":"0.959","content":"저희"}],"type":"pronunciation"},{"start_time":"143.11","end_time":"144.12","alternatives":[{"confidence":"0.9075","content":"농협이용해주시는"}],"type":"pronunciation"},{"start_time":"144.12","end_time":"144.41","alternatives":[{"confidence":"0.9576","content":"기존"}],"type":"pronunciation"},{"start_time":"144.41","end_time":"146.07","alternatives":[{"confidence":"0.9866","content":"고객님맞으신가요"}],"type":"pronunciation"},{"start_time":"146.67","end_time":"146.98","alternatives":[{"confidence":"0.8884","content":"기존"}],"type":"pronunciation"},{"start_time":"146.98","end_time":"147.54","alternatives":[{"confidence":"0.7849999999999999","content":"고객님이"}],"type":"pronunciation"},{"start_time":"147.54","end_time":"147.91","alternatives":[{"confidence":"0.997","content":"시고"}],"type":"pronunciation"},{"start_time":"147.91","end_time":"148.46","alternatives":[{"confidence":"0.72695","content":"거래하시는"}],"type":"pronunciation"},{"start_time":"148.46","end_time":"148.64","alternatives":[{"confidence":"0.9546","content":"지는"}],"type":"pronunciation"},{"start_time":"148.64","end_time":"148.88","alternatives":[{"confidence":"1.0","content":"얼마나"}],"type":"pronunciation"},{"start_time":"148.88","end_time":"149.64","alternatives":[{"confidence":"1.0","content":"되셨어요"}],"type":"pronunciation"},{"alternatives":[{"confidence":"0.0","content":"?"}],"type":"punctuation"},{"start_time":"149.91","end_time":"151.78","alternatives":[{"confidence":"0.7615000000000001","content":"농협많이"}],"type":"pronunciation"},{"start_time":"151.78","end_time":"151.96","alternatives":[{"confidence":"0.6859","content":"오래"}],"type":"pronunciation"},{"start_time":"151.96","end_time":"153.06","alternatives":[{"confidence":"0.7801","content":"되셨어요"}],"type":"pronunciation"},{"alternatives":[{"confidence":"0.0","content":"?"}],"type":"punctuation"},{"start_time":"154.21","end_time":"154.44","alternatives":[{"confidence":"0.6003","content":"예"}],"type":"pronunciation"},{"alternatives":[{"confidence":"0.0","content":"."}],"type":"punctuation"},{"start_time":"154.6","end_time":"155.24","alternatives":[{"confidence":"0.8438","content":"고객님성함"}],"type":"pronunciation"},{"start_time":"155.24","end_time":"156.54","alternatives":[{"confidence":"0.9773","content":"알려주세요"}],"type":"pronunciation"},{"alternatives":[{"confidence":"0.0","content":"."}],"type":"punctuation"},{"start_time":"172.91","end_time":"173.82","alternatives":[{"confidence":"0.9893000000000001","content":"생년월일만"}],"type":"pronunciation"},{"start_time":"173.82","end_time":"174.08","alternatives":[{"confidence":"0.9957","content":"말씀"}],"type":"pronunciation"},{"start_time":"174.08","end_time":"175.39","alternatives":[{"confidence":"0.947","content":"부탁드릴게요"}],"type":"pronunciation"},{"alternatives":[{"confidence":"0.0","content":"."}],"type":"punctuation"},{"start_time":"180.8","end_time":"180.94","alternatives":[{"confidence":"0.6779","content":"이제"}],"type":"pronunciation"},{"start_time":"180.94","end_time":"181.23","alternatives":[{"confidence":"0.8743000000000001","content":"한도"}],"type":"pronunciation"},{"start_time":"181.23","end_time":"181.5","alternatives":[{"confidence":"0.766","content":"금리"}],"type":"pronunciation"},{"start_time":"181.5","end_time":"182.21","alternatives":[{"confidence":"0.5196000000000001","content":"삼주를"}],"type":"pronunciation"},{"start_time":"182.21","end_time":"183.3","alternatives":[{"confidence":"0.911475","content":"저희은행전산으로"}],"type":"pronunciation"},{"start_time":"183.3","end_time":"183.88","alternatives":[{"confidence":"0.82335","content":"가교회를"}],"type":"pronunciation"},{"start_time":"183.88","end_time":"184.22","alternatives":[{"confidence":"0.9994","content":"통해서"}],"type":"pronunciation"},{"start_time":"184.22","end_time":"184.56","alternatives":[{"confidence":"0.5911","content":"고객의"}],"type":"pronunciation"},{"start_time":"184.59","end_time":"185.8","alternatives":[{"confidence":"0.99385","content":"신용등급이나"}],"type":"pronunciation"},{"start_time":"185.83","end_time":"186.02","alternatives":[{"confidence":"0.9021","content":"이제"}],"type":"pronunciation"},{"start_time":"186.1","end_time":"186.8","alternatives":[{"confidence":"0.5919","content":"조회이렇게"}],"type":"pronunciation"},{"start_time":"186.8","end_time":"187.09","alternatives":[{"confidence":"0.9295","content":"영향을"}],"type":"pronunciation"},{"start_time":"187.09","end_time":"187.39","alternatives":[{"confidence":"1.0","content":"끼치지"}],"type":"pronunciation"},{"start_time":"187.39","end_time":"187.7","alternatives":[{"confidence":"0.9958","content":"않고"}],"type":"pronunciation"},{"start_time":"187.7","end_time":"188.26","alternatives":[{"confidence":"0.8361666666666666","content":"알아봐드릴"}],"type":"pronunciation"},{"start_time":"188.26","end_time":"189.19","alternatives":[{"confidence":"1.0","content":"건데요"}],"type":"pronunciation"},{"alternatives":[{"confidence":"0.0","content":"."}],"type":"punctuation"},{"start_time":"189.28","end_time":"189.66","alternatives":[{"confidence":"0.6911","content":"예상"}],"type":"pronunciation"},{"start_time":"189.66","end_time":"189.89","alternatives":[{"confidence":"0.9369","content":"소요"}],"type":"pronunciation"},{"start_time":"189.89","end_time":"190.29","alternatives":[{"confidence":"1.0","content":"시간이"}],"type":"pronunciation"},{"start_time":"190.29","end_time":"190.45","alternatives":[{"confidence":"0.6816","content":"십"}],"type":"pronunciation"},{"start_time":"190.45","end_time":"190.79","alternatives":[{"confidence":"0.98355","content":"분에서"}],"type":"pronunciation"},{"start_time":"190.79","end_time":"191.11","alternatives":[{"confidence":"0.9609","content":"삼십"}],"type":"pronunciation"},{"start_time":"191.12","end_time":"191.26","alternatives":[{"confidence":"0.9501","content":"분"}],"type":"pronunciation"},{"start_time":"191.26","end_time":"191.84","alternatives":[{"confidence":"0.9713","content":"정도까지"}],"type":"pronunciation"},{"start_time":"191.84","end_time":"192.16","alternatives":[{"confidence":"0.98105","content":"소요가"}],"type":"pronunciation"},{"start_time":"192.16","end_time":"193.0","alternatives":[{"confidence":"0.9973","content":"되세요"}],"type":"pronunciation"},{"alternatives":[{"confidence":"0.0","content":"."}],"type":"punctuation"},{"start_time":"193.3","end_time":"194.41","alternatives":[{"confidence":"0.9896499999999999","content":"가능하실까요"}],"type":"pronunciation"},{"alternatives":[{"confidence":"0.0","content":"."}],"type":"punctuation"},{"start_time":"195.03","end_time":"195.14","alternatives":[{"confidence":"0.0755","content":"예"}],"type":"pronunciation"},{"alternatives":[{"confidence":"0.0","content":"."}],"type":"punctuation"},{"start_time":"195.3","end_time":"195.52","alternatives":[{"confidence":"0.6437","content":"그때"}],"type":"pronunciation"},{"start_time":"195.52","end_time":"196.3","alternatives":[{"confidence":"0.5967","content":"하셨어요"}],"type":"pronunciation"},{"alternatives":[{"confidence":"0.0","content":"."}],"type":"punctuation"},{"start_time":"197.29","end_time":"197.55","alternatives":[{"confidence":"0.1127","content":"에서와"}],"type":"pronunciation"},{"start_time":"197.55","end_time":"197.97","alternatives":[{"confidence":"0.9252","content":"가능할"}],"type":"pronunciation"},{"start_time":"198.36","end_time":"198.64","alternatives":[{"confidence":"0.2511","content":"이번에"}],"type":"pronunciation"},{"start_time":"198.74","end_time":"198.98","alternatives":[{"confidence":"0.6352","content":"지금"}],"type":"pronunciation"},{"start_time":"199.01","end_time":"199.21","alternatives":[{"confidence":"0.9644","content":"지금"}],"type":"pronunciation"},{"start_time":"199.21","end_time":"199.46","alternatives":[{"confidence":"0.3381","content":"이번엔"}],"type":"pronunciation"},{"start_time":"199.46","end_time":"199.76","alternatives":[{"confidence":"0.4683","content":"하면은"}],"type":"pronunciation"},{"start_time":"199.76","end_time":"200.12","alternatives":[{"confidence":"0.8672500000000001","content":"농협으로"}],"type":"pronunciation"},{"start_time":"200.12","end_time":"200.59","alternatives":[{"confidence":"0.9992","content":"나와요"}],"type":"pronunciation"},{"alternatives":[{"confidence":"0.0","content":"."}],"type":"punctuation"},{"start_time":"200.93","end_time":"201.2","alternatives":[{"confidence":"0.4857","content":"네"}],"type":"pronunciation"},{"alternatives":[{"confidence":"0.0","content":"."}],"type":"punctuation"},{"start_time":"201.2","end_time":"201.41","alternatives":[{"confidence":"0.4653","content":"네"}],"type":"pronunciation"},{"alternatives":[{"confidence":"0.0","content":"."}],"type":"punctuation"},{"start_time":"201.44","end_time":"202.08","alternatives":[{"confidence":"0.9429000000000001","content":"고객관리"}],"type":"pronunciation"},{"start_time":"202.08","end_time":"202.46","alternatives":[{"confidence":"0.9779","content":"부서로"}],"type":"pronunciation"},{"start_time":"202.46","end_time":"203.53","alternatives":[{"confidence":"0.9646333333333333","content":"연결되시고요"}],"type":"pronunciation"},{"start_time":"205.21","end_time":"205.44","alternatives":[{"confidence":"0.2256","content":"꼭"}],"type":"pronunciation"},{"start_time":"205.45","end_time":"205.85","alternatives":[{"confidence":"0.7221","content":"과장"}],"type":"pronunciation"},{"start_time":"205.85","end_time":"206.52","alternatives":[{"confidence":"0.98875","content":"대리입니다"}],"type":"pronunciation"},{"start_time":"207.34","end_time":"207.59","alternatives":[{"confidence":"0.5472","content":"혹시"}],"type":"pronunciation"},{"start_time":"207.59","end_time":"207.7","alternatives":[{"confidence":"0.2606","content":"뭐"}],"type":"pronunciation"},{"start_time":"208.53","end_time":"209.31","alternatives":[{"confidence":"0.5966","content":"대출금굉장히"}],"type":"pronunciation"},{"start_time":"209.4","end_time":"209.61","alternatives":[{"confidence":"0.7772","content":"자기"}],"type":"pronunciation"},{"start_time":"209.61","end_time":"209.8","alternatives":[{"confidence":"0.9895","content":"같은"}],"type":"pronunciation"},{"start_time":"209.8","end_time":"210.02","alternatives":[{"confidence":"0.7903","content":"그런"}],"type":"pronunciation"},{"start_time":"210.02","end_time":"210.4","alternatives":[{"confidence":"0.9532","content":"아니죠"}],"type":"pronunciation"},{"alternatives":[{"confidence":"0.0","content":"."}],"type":"punctuation"},{"start_time":"210.79","end_time":"211.05","alternatives":[{"confidence":"0.7818","content":"그런"}],"type":"pronunciation"},{"start_time":"211.05","end_time":"211.2","alternatives":[{"confidence":"0.7821","content":"건"}],"type":"pronunciation"},{"start_time":"211.2","end_time":"212.3","alternatives":[{"confidence":"0.9975333333333333","content":"아니시고요"}],"type":"pronunciation"},{"start_time":"212.45","end_time":"213.05","alternatives":[{"confidence":"0.9360999999999999","content":"전화하셔서"}],"type":"pronunciation"},{"start_time":"213.05","end_time":"213.33","alternatives":[{"confidence":"0.5051","content":"확인"}],"type":"pronunciation"},{"start_time":"213.33","end_time":"213.69","alternatives":[{"confidence":"0.9998","content":"하셔도"}],"type":"pronunciation"},{"start_time":"213.69","end_time":"214.84","alternatives":[{"confidence":"0.99985","content":"무방하세요"}],"type":"pronunciation"},{"alternatives":[{"confidence":"0.0","content":"."}],"type":"punctuation"},{"start_time":"215.12","end_time":"215.43","alternatives":[{"confidence":"0.9663","content":"그러니까"}],"type":"pronunciation"},{"start_time":"216.43","end_time":"216.51","alternatives":[{"confidence":"0.0249","content":"로"}],"type":"pronunciation"},{"start_time":"216.51","end_time":"216.67","alternatives":[{"confidence":"0.0513","content":"바로"}],"type":"pronunciation"},{"start_time":"216.67","end_time":"216.91","alternatives":[{"confidence":"0.1272","content":"잖아요"}],"type":"pronunciation"},{"alternatives":[{"confidence":"0.0","content":"."}],"type":"punctuation"},{"start_time":"217.72","end_time":"218.22","alternatives":[{"confidence":"0.7034","content":"네"}],"type":"pronunciation"},{"alternatives":[{"confidence":"0.0","content":"."}],"type":"punctuation"},{"start_time":"218.22","end_time":"218.42","alternatives":[{"confidence":"0.7182","content":"네"}],"type":"pronunciation"},{"alternatives":[{"confidence":"0.0","content":"."}],"type":"punctuation"},{"start_time":"218.42","end_time":"219.11","alternatives":[{"confidence":"0.9988","content":"알겠습니다"}],"type":"pronunciation"},{"alternatives":[{"confidence":"0.0","content":"."}],"type":"punctuation"},{"start_time":"219.11","end_time":"219.48","alternatives":[{"confidence":"0.5201","content":"확인해"}],"type":"pronunciation"},{"start_time":"219.48","end_time":"220.16","alternatives":[{"confidence":"0.7612000000000001","content":"보시고요"}],"type":"pronunciation"},{"alternatives":[{"confidence":"0.0","content":"."}],"type":"punctuation"},{"start_time":"220.39","end_time":"220.65","alternatives":[{"confidence":"0.9983","content":"저는"}],"type":"pronunciation"},{"start_time":"220.65","end_time":"220.94","alternatives":[{"confidence":"0.8057","content":"결과"}],"type":"pronunciation"},{"start_time":"220.94","end_time":"221.41","alternatives":[{"confidence":"0.7328","content":"나오는"}],"type":"pronunciation"},{"start_time":"221.41","end_time":"221.67","alternatives":[{"confidence":"0.9796","content":"대로"}],"type":"pronunciation"},{"start_time":"221.67","end_time":"221.9","alternatives":[{"confidence":"0.9854","content":"다시"}],"type":"pronunciation"},{"start_time":"221.9","end_time":"222.11","alternatives":[{"confidence":"0.7592","content":"한번"}],"type":"pronunciation"},{"start_time":"222.11","end_time":"222.42","alternatives":[{"confidence":"0.9996","content":"전화를"}],"type":"pronunciation"},{"start_time":"222.43","end_time":"222.88","alternatives":[{"confidence":"0.999","content":"드리도록"}],"type":"pronunciation"},{"start_time":"222.88","end_time":"223.48","alternatives":[{"confidence":"1.0","content":"하겠습니다"}],"type":"pronunciation"},{"alternatives":[{"confidence":"0.0","content":"."}],"type":"punctuation"},{"start_time":"224.38","end_time":"224.67","alternatives":[{"confidence":"0.997","content":"네"}],"type":"pronunciation"},{"alternatives":[{"confidence":"0.0","content":","}],"type":"punctuation"},{"start_time":"224.67","end_time":"225.32","alternatives":[{"confidence":"1.0","content":"감사합니다"}],"type":"pronunciation"},{"alternatives":[{"confidence":"0.0","content":"."}],"type":"punctuation"}]},"status":"COMPLETED"}