{"jobName":"transcribe_loan83","accountId":"097989105209","results":{"transcripts":[{"transcript":"안녕하세요 말씀하세요 아니네요 금감원에서 환급받으셔야되세요 금감원전화 한번 해보세요 금감원에서 어떻게 금감원에서 세무대행팀을 배정받아 온 거니까요 어제 어제 같은 경우는 잘못수납들 잘못 쓴 앞에서 환급이 됐지만 이거는 진행이 가능한 상태에서 고기는 취소하는 거잖아요 그러니까 환급은 진짜 직접 신청하셔야 돼요 지금 확인해보니까 직접 신청하면 된다고요? 진짜 신청해보세요 어떻게 신청을 해요? 어제처럼 전화하시면 되죠? 금감원으로 전화해가지고 신청하면 가능하다고요 그럼 등록이 되어 있다는 거예요? 등록이 안 돼 있을까요? 그러면 어제 확인해 보셨잖아요 진짜 저는 딱 보여줘요 잔뜩 의심하시고 저한테 환급을 원하시는게 어떤 의도로 그러는지 그게 제일 궁금하고요 저는 언급을 도와드리는 게 아니고 고객님직접 환급받으시면 되세요 맞잖아요 잔뜩 의심하시고 제가 뭘 더 말씀드려요 아니 그게 법무계좌가 아니고 들어간 거잖아요 그러니까 고 다 알아보시고 저한테 의심하시고 저한테 그러시냐고요 그쪽에서 입금해서 한 거니까 쪽으로 수납한 게 없잖아요 금감원으로 한번 처리하는 진행된 다고요 그러니까 저희 측에서 돈을 받은 적이 없잖아요 저희가 입금했잖아요 그거는 그건 으로 입금한 아니 나머지 그 천만원 말이에요 천 만원그러니까요 그거 그러니까요 그 금액을 금감원으로 하면은 한번 진행된다는 거예요 몇 번을 말씀드려요 그러면 그거는 진영씨가 신청해서 이쪽으로 보내는 게 아니라 우리가 하는 거라고요 저는 해드릴 의사가 없다고요 고객님이 신청하라고요 취소를 복통 아니, 그 절차를 얘기해주셔야 그냥 전화를 하면 진행되는 다고요 저도요 더 이상 설득드리고 그럴게 없어요 그냥 취소해 취소 아니 똑같이 나와 나와 있잖아요 확인했더니 뭐가 나와 있어요? 이렇게 다고요 그래요, 그게 내가 아까도 말씀드렸어요 그분한테 그게 십일월 오 일자로 된 게 하나라도 있으면 찾아보세요? 없죠 그 이후에 나온 상품이 어떻게 그 이전에 사고 접수가 들어간 게 있을까요? 말도 안 되시죠? 근데 라는 게 하시니까 몇 번 말씀을 드려내가 그럼 내가 진짜 라 그러지? 뭘? 그럼 취소해 드린다니까 무슨 말씀이많으세요 맞잖아요 하여튼 그럼 제가 법무금감원으로 신청하면 진행된다는 거예요. 알았어요."}],"items":[{"start_time":"0.24","end_time":"1.32","alternatives":[{"confidence":"0.993","content":"안녕하세요"}],"type":"pronunciation"},{"start_time":"1.53","end_time":"2.96","alternatives":[{"confidence":"0.9499","content":"말씀하세요"}],"type":"pronunciation"},{"start_time":"4.38","end_time":"4.86","alternatives":[{"confidence":"0.58075","content":"아니네요"}],"type":"pronunciation"},{"start_time":"5.81","end_time":"6.49","alternatives":[{"confidence":"0.98485","content":"금감원에서"}],"type":"pronunciation"},{"start_time":"6.49","end_time":"7.88","alternatives":[{"confidence":"0.9424","content":"환급받으셔야되세요"}],"type":"pronunciation"},{"start_time":"8.18","end_time":"10.47","alternatives":[{"confidence":"0.94255","content":"금감원전화"}],"type":"pronunciation"},{"start_time":"10.47","end_time":"10.71","alternatives":[{"confidence":"0.9436","content":"한번"}],"type":"pronunciation"},{"start_time":"10.71","end_time":"11.45","alternatives":[{"confidence":"0.9824","content":"해보세요"}],"type":"pronunciation"},{"start_time":"11.84","end_time":"12.33","alternatives":[{"confidence":"0.64455","content":"금감원에서"}],"type":"pronunciation"},{"start_time":"12.33","end_time":"12.53","alternatives":[{"confidence":"0.3536","content":"어떻게"}],"type":"pronunciation"},{"start_time":"13.64","end_time":"14.28","alternatives":[{"confidence":"0.79735","content":"금감원에서"}],"type":"pronunciation"},{"start_time":"14.28","end_time":"14.94","alternatives":[{"confidence":"0.24063333333333334","content":"세무대행팀을"}],"type":"pronunciation"},{"start_time":"14.94","end_time":"15.45","alternatives":[{"confidence":"0.92195","content":"배정받아"}],"type":"pronunciation"},{"start_time":"15.45","end_time":"15.56","alternatives":[{"confidence":"0.8612","content":"온"}],"type":"pronunciation"},{"start_time":"15.56","end_time":"16.52","alternatives":[{"confidence":"0.9882","content":"거니까요"}],"type":"pronunciation"},{"start_time":"18.27","end_time":"18.69","alternatives":[{"confidence":"0.982","content":"어제"}],"type":"pronunciation"},{"start_time":"18.69","end_time":"18.97","alternatives":[{"confidence":"0.9829","content":"어제"}],"type":"pronunciation"},{"start_time":"18.97","end_time":"19.25","alternatives":[{"confidence":"0.9901","content":"같은"}],"type":"pronunciation"},{"start_time":"19.25","end_time":"19.62","alternatives":[{"confidence":"0.9985","content":"경우는"}],"type":"pronunciation"},{"start_time":"19.62","end_time":"20.66","alternatives":[{"confidence":"0.6289","content":"잘못수납들"}],"type":"pronunciation"},{"start_time":"20.96","end_time":"21.33","alternatives":[{"confidence":"0.749","content":"잘못"}],"type":"pronunciation"},{"start_time":"21.33","end_time":"21.46","alternatives":[{"confidence":"0.6036","content":"쓴"}],"type":"pronunciation"},{"start_time":"21.46","end_time":"21.75","alternatives":[{"confidence":"0.9862","content":"앞에서"}],"type":"pronunciation"},{"start_time":"21.75","end_time":"22.14","alternatives":[{"confidence":"0.9814","content":"환급이"}],"type":"pronunciation"},{"start_time":"22.14","end_time":"22.86","alternatives":[{"confidence":"0.9739","content":"됐지만"}],"type":"pronunciation"},{"start_time":"22.86","end_time":"23.24","alternatives":[{"confidence":"0.9958","content":"이거는"}],"type":"pronunciation"},{"start_time":"23.24","end_time":"23.99","alternatives":[{"confidence":"0.9973000000000001","content":"진행이"}],"type":"pronunciation"},{"start_time":"23.99","end_time":"24.45","alternatives":[{"confidence":"0.7624","content":"가능한"}],"type":"pronunciation"},{"start_time":"24.45","end_time":"24.89","alternatives":[{"confidence":"0.9854","content":"상태에서"}],"type":"pronunciation"},{"start_time":"24.89","end_time":"25.33","alternatives":[{"confidence":"0.6459999999999999","content":"고기는"}],"type":"pronunciation"},{"start_time":"25.33","end_time":"25.83","alternatives":[{"confidence":"0.99065","content":"취소하는"}],"type":"pronunciation"},{"start_time":"25.83","end_time":"26.93","alternatives":[{"confidence":"0.999","content":"거잖아요"}],"type":"pronunciation"},{"start_time":"27.79","end_time":"28.09","alternatives":[{"confidence":"0.0274","content":"그러니까"}],"type":"pronunciation"},{"start_time":"28.09","end_time":"28.52","alternatives":[{"confidence":"0.978","content":"환급은"}],"type":"pronunciation"},{"start_time":"28.52","end_time":"28.88","alternatives":[{"confidence":"0.8948","content":"진짜"}],"type":"pronunciation"},{"start_time":"28.94","end_time":"29.29","alternatives":[{"confidence":"0.9845","content":"직접"}],"type":"pronunciation"},{"start_time":"29.29","end_time":"29.87","alternatives":[{"confidence":"0.95755","content":"신청하셔야"}],"type":"pronunciation"},{"start_time":"29.87","end_time":"30.27","alternatives":[{"confidence":"0.9884","content":"돼요"}],"type":"pronunciation"},{"start_time":"30.3","end_time":"30.56","alternatives":[{"confidence":"0.9976","content":"지금"}],"type":"pronunciation"},{"start_time":"30.56","end_time":"31.44","alternatives":[{"confidence":"0.7799","content":"확인해보니까"}],"type":"pronunciation"},{"start_time":"32.37","end_time":"32.63","alternatives":[{"confidence":"0.9929","content":"직접"}],"type":"pronunciation"},{"start_time":"32.63","end_time":"32.99","alternatives":[{"confidence":"1.0","content":"신청하면"}],"type":"pronunciation"},{"start_time":"32.99","end_time":"33.57","alternatives":[{"confidence":"0.9629000000000001","content":"된다고요"}],"type":"pronunciation"},{"alternatives":[{"confidence":"0.0","content":"?"}],"type":"punctuation"},{"start_time":"34.87","end_time":"35.16","alternatives":[{"confidence":"0.8243","content":"진짜"}],"type":"pronunciation"},{"start_time":"35.16","end_time":"36.09","alternatives":[{"confidence":"0.9025","content":"신청해보세요"}],"type":"pronunciation"},{"start_time":"36.81","end_time":"37.01","alternatives":[{"confidence":"0.9505","content":"어떻게"}],"type":"pronunciation"},{"start_time":"37.01","end_time":"37.28","alternatives":[{"confidence":"0.8736","content":"신청을"}],"type":"pronunciation"},{"start_time":"37.28","end_time":"37.51","alternatives":[{"confidence":"0.8776","content":"해요"}],"type":"pronunciation"},{"alternatives":[{"confidence":"0.0","content":"?"}],"type":"punctuation"},{"start_time":"38.67","end_time":"39.08","alternatives":[{"confidence":"0.8132","content":"어제처럼"}],"type":"pronunciation"},{"start_time":"39.08","end_time":"39.56","alternatives":[{"confidence":"0.9876","content":"전화하시면"}],"type":"pronunciation"},{"start_time":"39.56","end_time":"40.11","alternatives":[{"confidence":"1.0","content":"되죠"}],"type":"pronunciation"},{"alternatives":[{"confidence":"0.0","content":"?"}],"type":"punctuation"},{"start_time":"43.9","end_time":"44.37","alternatives":[{"confidence":"0.7902","content":"금감원으로"}],"type":"pronunciation"},{"start_time":"44.37","end_time":"44.8","alternatives":[{"confidence":"0.5894333333333334","content":"전화해가지고"}],"type":"pronunciation"},{"start_time":"44.8","end_time":"45.13","alternatives":[{"confidence":"0.9774","content":"신청하면"}],"type":"pronunciation"},{"start_time":"45.13","end_time":"45.68","alternatives":[{"confidence":"0.9088499999999999","content":"가능하다고요"}],"type":"pronunciation"},{"start_time":"46.14","end_time":"46.64","alternatives":[{"confidence":"0.9491","content":"그럼"}],"type":"pronunciation"},{"start_time":"46.79","end_time":"47.06","alternatives":[{"confidence":"0.8020499999999999","content":"등록이"}],"type":"pronunciation"},{"start_time":"47.06","end_time":"47.17","alternatives":[{"confidence":"0.7046","content":"되어"}],"type":"pronunciation"},{"start_time":"47.17","end_time":"47.4","alternatives":[{"confidence":"0.9769","content":"있다는"}],"type":"pronunciation"},{"start_time":"47.4","end_time":"47.69","alternatives":[{"confidence":"0.9137","content":"거예요"}],"type":"pronunciation"},{"alternatives":[{"confidence":"0.0","content":"?"}],"type":"punctuation"},{"start_time":"48.57","end_time":"48.97","alternatives":[{"confidence":"0.9961500000000001","content":"등록이"}],"type":"pronunciation"},{"start_time":"48.97","end_time":"49.15","alternatives":[{"confidence":"0.9854","content":"안"}],"type":"pronunciation"},{"start_time":"49.15","end_time":"49.28","alternatives":[{"confidence":"0.9211","content":"돼"}],"type":"pronunciation"},{"start_time":"49.28","end_time":"49.76","alternatives":[{"confidence":"0.9995","content":"있을까요"}],"type":"pronunciation"},{"alternatives":[{"confidence":"0.0","content":"?"}],"type":"punctuation"},{"start_time":"49.76","end_time":"50.22","alternatives":[{"confidence":"0.9993","content":"그러면"}],"type":"pronunciation"},{"start_time":"50.4","end_time":"50.68","alternatives":[{"confidence":"0.7166","content":"어제"}],"type":"pronunciation"},{"start_time":"50.68","end_time":"51.0","alternatives":[{"confidence":"0.807","content":"확인해"}],"type":"pronunciation"},{"start_time":"51.0","end_time":"51.83","alternatives":[{"confidence":"0.90465","content":"보셨잖아요"}],"type":"pronunciation"},{"start_time":"53.29","end_time":"53.76","alternatives":[{"confidence":"0.8222","content":"진짜"}],"type":"pronunciation"},{"start_time":"53.97","end_time":"54.33","alternatives":[{"confidence":"0.9951","content":"저는"}],"type":"pronunciation"},{"start_time":"54.33","end_time":"54.55","alternatives":[{"confidence":"0.9881","content":"딱"}],"type":"pronunciation"},{"start_time":"54.56","end_time":"55.33","alternatives":[{"confidence":"0.6689","content":"보여줘요"}],"type":"pronunciation"},{"start_time":"55.63","end_time":"56.09","alternatives":[{"confidence":"1.0","content":"잔뜩"}],"type":"pronunciation"},{"start_time":"56.09","end_time":"56.67","alternatives":[{"confidence":"1.0","content":"의심하시고"}],"type":"pronunciation"},{"start_time":"56.67","end_time":"57.27","alternatives":[{"confidence":"0.9116","content":"저한테"}],"type":"pronunciation"},{"start_time":"57.27","end_time":"57.7","alternatives":[{"confidence":"0.9654499999999999","content":"환급을"}],"type":"pronunciation"},{"start_time":"57.7","end_time":"58.3","alternatives":[{"confidence":"0.6717333333333334","content":"원하시는게"}],"type":"pronunciation"},{"start_time":"58.3","end_time":"58.74","alternatives":[{"confidence":"0.9951","content":"어떤"}],"type":"pronunciation"},{"start_time":"58.74","end_time":"59.04","alternatives":[{"confidence":"0.9992","content":"의도로"}],"type":"pronunciation"},{"start_time":"59.04","end_time":"59.93","alternatives":[{"confidence":"0.9996","content":"그러는지"}],"type":"pronunciation"},{"start_time":"60.78","end_time":"60.98","alternatives":[{"confidence":"0.9996","content":"그게"}],"type":"pronunciation"},{"start_time":"60.98","end_time":"61.2","alternatives":[{"confidence":"1.0","content":"제일"}],"type":"pronunciation"},{"start_time":"61.2","end_time":"62.02","alternatives":[{"confidence":"0.99935","content":"궁금하고요"}],"type":"pronunciation"},{"start_time":"62.63","end_time":"62.91","alternatives":[{"confidence":"0.9968","content":"저는"}],"type":"pronunciation"},{"start_time":"62.91","end_time":"63.81","alternatives":[{"confidence":"1.0","content":"언급을"}],"type":"pronunciation"},{"start_time":"63.81","end_time":"64.24","alternatives":[{"confidence":"0.8606499999999999","content":"도와드리는"}],"type":"pronunciation"},{"start_time":"64.24","end_time":"64.33","alternatives":[{"confidence":"0.7805","content":"게"}],"type":"pronunciation"},{"start_time":"64.33","end_time":"64.7","alternatives":[{"confidence":"1.0","content":"아니고"}],"type":"pronunciation"},{"start_time":"64.7","end_time":"65.39","alternatives":[{"confidence":"0.9759","content":"고객님직접"}],"type":"pronunciation"},{"start_time":"65.39","end_time":"66.04","alternatives":[{"confidence":"0.9855333333333333","content":"환급받으시면"}],"type":"pronunciation"},{"start_time":"66.04","end_time":"66.54","alternatives":[{"confidence":"0.9999","content":"되세요"}],"type":"pronunciation"},{"start_time":"69.24","end_time":"69.88","alternatives":[{"confidence":"0.9804999999999999","content":"맞잖아요"}],"type":"pronunciation"},{"start_time":"69.91","end_time":"70.25","alternatives":[{"confidence":"1.0","content":"잔뜩"}],"type":"pronunciation"},{"start_time":"70.25","end_time":"70.79","alternatives":[{"confidence":"1.0","content":"의심하시고"}],"type":"pronunciation"},{"start_time":"70.79","end_time":"70.99","alternatives":[{"confidence":"0.9992","content":"제가"}],"type":"pronunciation"},{"start_time":"70.99","end_time":"71.24","alternatives":[{"confidence":"0.9479","content":"뭘"}],"type":"pronunciation"},{"start_time":"71.24","end_time":"71.34","alternatives":[{"confidence":"0.502","content":"더"}],"type":"pronunciation"},{"start_time":"71.34","end_time":"72.14","alternatives":[{"confidence":"0.47140000000000004","content":"말씀드려요"}],"type":"pronunciation"},{"start_time":"73.33","end_time":"73.77","alternatives":[{"confidence":"0.7553","content":"아니"}],"type":"pronunciation"},{"start_time":"73.77","end_time":"74.31","alternatives":[{"confidence":"1.0","content":"그게"}],"type":"pronunciation"},{"start_time":"74.37","end_time":"75.3","alternatives":[{"confidence":"0.6302666666666666","content":"법무계좌가"}],"type":"pronunciation"},{"start_time":"75.3","end_time":"75.52","alternatives":[{"confidence":"0.8084","content":"아니고"}],"type":"pronunciation"},{"start_time":"76.27","end_time":"76.52","alternatives":[{"confidence":"0.8708","content":"들어간"}],"type":"pronunciation"},{"start_time":"76.52","end_time":"77.44","alternatives":[{"confidence":"0.9943","content":"거잖아요"}],"type":"pronunciation"},{"start_time":"77.83","end_time":"78.46","alternatives":[{"confidence":"0.9699","content":"그러니까"}],"type":"pronunciation"},{"start_time":"78.46","end_time":"78.58","alternatives":[{"confidence":"0.0485","content":"고"}],"type":"pronunciation"},{"start_time":"79.49","end_time":"80.0","alternatives":[{"confidence":"0.9665","content":"다"}],"type":"pronunciation"},{"start_time":"80.0","end_time":"80.5","alternatives":[{"confidence":"0.95045","content":"알아보시고"}],"type":"pronunciation"},{"start_time":"80.53","end_time":"80.94","alternatives":[{"confidence":"0.3378","content":"저한테"}],"type":"pronunciation"},{"start_time":"80.94","end_time":"81.58","alternatives":[{"confidence":"0.6990000000000001","content":"의심하시고"}],"type":"pronunciation"},{"start_time":"81.91","end_time":"82.23","alternatives":[{"confidence":"1.0","content":"저한테"}],"type":"pronunciation"},{"start_time":"82.23","end_time":"83.2","alternatives":[{"confidence":"0.97655","content":"그러시냐고요"}],"type":"pronunciation"},{"start_time":"86.53","end_time":"86.89","alternatives":[{"confidence":"0.53825","content":"그쪽에서"}],"type":"pronunciation"},{"start_time":"86.89","end_time":"87.24","alternatives":[{"confidence":"0.65035","content":"입금해서"}],"type":"pronunciation"},{"start_time":"87.24","end_time":"87.34","alternatives":[{"confidence":"0.7147","content":"한"}],"type":"pronunciation"},{"start_time":"87.34","end_time":"87.93","alternatives":[{"confidence":"0.997","content":"거니까"}],"type":"pronunciation"},{"start_time":"88.61","end_time":"88.91","alternatives":[{"confidence":"0.8922","content":"쪽으로"}],"type":"pronunciation"},{"start_time":"88.91","end_time":"89.35","alternatives":[{"confidence":"0.9368","content":"수납한"}],"type":"pronunciation"},{"start_time":"89.35","end_time":"89.45","alternatives":[{"confidence":"0.8895","content":"게"}],"type":"pronunciation"},{"start_time":"89.45","end_time":"90.14","alternatives":[{"confidence":"1.0","content":"없잖아요"}],"type":"pronunciation"},{"start_time":"91.68","end_time":"92.12","alternatives":[{"confidence":"0.58185","content":"금감원으로"}],"type":"pronunciation"},{"start_time":"92.12","end_time":"92.3","alternatives":[{"confidence":"0.0494","content":"한번"}],"type":"pronunciation"},{"start_time":"92.3","end_time":"92.6","alternatives":[{"confidence":"0.9056","content":"처리하는"}],"type":"pronunciation"},{"start_time":"92.6","end_time":"92.92","alternatives":[{"confidence":"0.396","content":"진행된"}],"type":"pronunciation"},{"start_time":"92.92","end_time":"93.27","alternatives":[{"confidence":"0.4388","content":"다고요"}],"type":"pronunciation"},{"start_time":"93.66","end_time":"93.98","alternatives":[{"confidence":"0.8367","content":"그러니까"}],"type":"pronunciation"},{"start_time":"94.04","end_time":"94.3","alternatives":[{"confidence":"0.9611","content":"저희"}],"type":"pronunciation"},{"start_time":"94.3","end_time":"94.61","alternatives":[{"confidence":"0.9966","content":"측에서"}],"type":"pronunciation"},{"start_time":"94.61","end_time":"94.87","alternatives":[{"confidence":"1.0","content":"돈을"}],"type":"pronunciation"},{"start_time":"94.87","end_time":"95.14","alternatives":[{"confidence":"0.9976","content":"받은"}],"type":"pronunciation"},{"start_time":"95.14","end_time":"95.33","alternatives":[{"confidence":"0.9999","content":"적이"}],"type":"pronunciation"},{"start_time":"95.33","end_time":"96.17","alternatives":[{"confidence":"0.9999","content":"없잖아요"}],"type":"pronunciation"},{"start_time":"96.49","end_time":"96.73","alternatives":[{"confidence":"0.9924","content":"저희가"}],"type":"pronunciation"},{"start_time":"96.73","end_time":"97.36","alternatives":[{"confidence":"0.9647","content":"입금했잖아요"}],"type":"pronunciation"},{"start_time":"98.22","end_time":"98.7","alternatives":[{"confidence":"0.9979","content":"그거는"}],"type":"pronunciation"},{"start_time":"98.7","end_time":"99.13","alternatives":[{"confidence":"0.2822","content":"그건"}],"type":"pronunciation"},{"start_time":"99.69","end_time":"99.87","alternatives":[{"confidence":"0.5205","content":"으로"}],"type":"pronunciation"},{"start_time":"99.87","end_time":"100.29","alternatives":[{"confidence":"0.45245","content":"입금한"}],"type":"pronunciation"},{"start_time":"101.18","end_time":"101.68","alternatives":[{"confidence":"0.2568","content":"아니"}],"type":"pronunciation"},{"start_time":"101.68","end_time":"102.04","alternatives":[{"confidence":"0.818","content":"나머지"}],"type":"pronunciation"},{"start_time":"102.04","end_time":"102.14","alternatives":[{"confidence":"0.3231","content":"그"}],"type":"pronunciation"},{"start_time":"102.14","end_time":"102.44","alternatives":[{"confidence":"0.5504","content":"천만원"}],"type":"pronunciation"},{"start_time":"102.44","end_time":"102.68","alternatives":[{"confidence":"0.4161","content":"말이에요"}],"type":"pronunciation"},{"start_time":"102.68","end_time":"102.88","alternatives":[{"confidence":"0.1593","content":"천"}],"type":"pronunciation"},{"start_time":"103.27","end_time":"105.01","alternatives":[{"confidence":"0.5221666666666667","content":"만원그러니까요"}],"type":"pronunciation"},{"start_time":"105.04","end_time":"105.5","alternatives":[{"confidence":"0.5116","content":"그거"}],"type":"pronunciation"},{"start_time":"105.72","end_time":"106.22","alternatives":[{"confidence":"0.6315500000000001","content":"그러니까요"}],"type":"pronunciation"},{"start_time":"106.22","end_time":"106.33","alternatives":[{"confidence":"0.9545","content":"그"}],"type":"pronunciation"},{"start_time":"106.33","end_time":"106.86","alternatives":[{"confidence":"0.7598","content":"금액을"}],"type":"pronunciation"},{"start_time":"106.86","end_time":"107.33","alternatives":[{"confidence":"0.59645","content":"금감원으로"}],"type":"pronunciation"},{"start_time":"107.33","end_time":"107.64","alternatives":[{"confidence":"0.1118","content":"하면은"}],"type":"pronunciation"},{"start_time":"107.64","end_time":"107.84","alternatives":[{"confidence":"0.0218","content":"한번"}],"type":"pronunciation"},{"start_time":"107.89","end_time":"108.36","alternatives":[{"confidence":"0.8926499999999999","content":"진행된다는"}],"type":"pronunciation"},{"start_time":"108.36","end_time":"108.64","alternatives":[{"confidence":"0.914","content":"거예요"}],"type":"pronunciation"},{"start_time":"109.6","end_time":"109.81","alternatives":[{"confidence":"0.9991","content":"몇"}],"type":"pronunciation"},{"start_time":"109.82","end_time":"110.05","alternatives":[{"confidence":"0.9987","content":"번을"}],"type":"pronunciation"},{"start_time":"110.05","end_time":"111.06","alternatives":[{"confidence":"0.6438999999999999","content":"말씀드려요"}],"type":"pronunciation"},{"start_time":"113.42","end_time":"113.69","alternatives":[{"confidence":"0.9959","content":"그러면"}],"type":"pronunciation"},{"start_time":"113.69","end_time":"113.96","alternatives":[{"confidence":"0.96915","content":"그거는"}],"type":"pronunciation"},{"start_time":"113.96","end_time":"114.53","alternatives":[{"confidence":"0.69865","content":"진영씨가"}],"type":"pronunciation"},{"start_time":"114.53","end_time":"115.0","alternatives":[{"confidence":"0.9874499999999999","content":"신청해서"}],"type":"pronunciation"},{"start_time":"115.0","end_time":"115.33","alternatives":[{"confidence":"0.4689","content":"이쪽으로"}],"type":"pronunciation"},{"start_time":"115.33","end_time":"115.55","alternatives":[{"confidence":"0.891","content":"보내는"}],"type":"pronunciation"},{"start_time":"115.55","end_time":"115.61","alternatives":[{"confidence":"0.8926","content":"게"}],"type":"pronunciation"},{"start_time":"115.61","end_time":"115.77","alternatives":[{"confidence":"0.5625","content":"아니라"}],"type":"pronunciation"},{"start_time":"115.77","end_time":"116.02","alternatives":[{"confidence":"0.9997","content":"우리가"}],"type":"pronunciation"},{"start_time":"116.02","end_time":"116.21","alternatives":[{"confidence":"0.947","content":"하는"}],"type":"pronunciation"},{"start_time":"116.21","end_time":"116.57","alternatives":[{"confidence":"0.8798","content":"거라고요"}],"type":"pronunciation"},{"start_time":"118.04","end_time":"118.22","alternatives":[{"confidence":"0.7295","content":"저는"}],"type":"pronunciation"},{"start_time":"118.22","end_time":"118.57","alternatives":[{"confidence":"0.50435","content":"해드릴"}],"type":"pronunciation"},{"start_time":"118.57","end_time":"118.92","alternatives":[{"confidence":"1.0","content":"의사가"}],"type":"pronunciation"},{"start_time":"118.92","end_time":"119.78","alternatives":[{"confidence":"0.9876","content":"없다고요"}],"type":"pronunciation"},{"start_time":"120.33","end_time":"120.88","alternatives":[{"confidence":"0.9857","content":"고객님이"}],"type":"pronunciation"},{"start_time":"120.88","end_time":"121.79","alternatives":[{"confidence":"0.8546999999999999","content":"신청하라고요"}],"type":"pronunciation"},{"start_time":"122.0","end_time":"122.47","alternatives":[{"confidence":"0.9696","content":"취소를"}],"type":"pronunciation"},{"start_time":"124.51","end_time":"124.94","alternatives":[{"confidence":"0.9351","content":"복통"}],"type":"pronunciation"},{"start_time":"128.64","end_time":"128.83","alternatives":[{"confidence":"0.087","content":"아니"}],"type":"pronunciation"},{"alternatives":[{"confidence":"0.0","content":","}],"type":"punctuation"},{"start_time":"128.83","end_time":"128.92","alternatives":[{"confidence":"0.2604","content":"그"}],"type":"pronunciation"},{"start_time":"128.92","end_time":"129.25","alternatives":[{"confidence":"0.9993","content":"절차를"}],"type":"pronunciation"},{"start_time":"129.25","end_time":"129.71","alternatives":[{"confidence":"0.6662333333333333","content":"얘기해주셔야"}],"type":"pronunciation"},{"start_time":"129.74","end_time":"129.89","alternatives":[{"confidence":"0.6466","content":"그냥"}],"type":"pronunciation"},{"start_time":"129.89","end_time":"130.14","alternatives":[{"confidence":"0.3705","content":"전화를"}],"type":"pronunciation"},{"start_time":"130.14","end_time":"130.29","alternatives":[{"confidence":"0.9813","content":"하면"}],"type":"pronunciation"},{"start_time":"130.29","end_time":"130.69","alternatives":[{"confidence":"0.8671","content":"진행되는"}],"type":"pronunciation"},{"start_time":"130.69","end_time":"131.34","alternatives":[{"confidence":"0.9573","content":"다고요"}],"type":"pronunciation"},{"start_time":"137.03","end_time":"138.1","alternatives":[{"confidence":"0.9952","content":"저도요"}],"type":"pronunciation"},{"start_time":"138.28","end_time":"138.47","alternatives":[{"confidence":"0.9516","content":"더"}],"type":"pronunciation"},{"start_time":"138.47","end_time":"138.86","alternatives":[{"confidence":"0.9417","content":"이상"}],"type":"pronunciation"},{"start_time":"138.95","end_time":"139.69","alternatives":[{"confidence":"0.9935","content":"설득드리고"}],"type":"pronunciation"},{"start_time":"139.69","end_time":"140.15","alternatives":[{"confidence":"0.99105","content":"그럴게"}],"type":"pronunciation"},{"start_time":"140.15","end_time":"140.63","alternatives":[{"confidence":"1.0","content":"없어요"}],"type":"pronunciation"},{"start_time":"140.66","end_time":"140.93","alternatives":[{"confidence":"1.0","content":"그냥"}],"type":"pronunciation"},{"start_time":"140.93","end_time":"141.41","alternatives":[{"confidence":"0.87495","content":"취소해"}],"type":"pronunciation"},{"start_time":"141.41","end_time":"141.74","alternatives":[{"confidence":"0.7674","content":"취소"}],"type":"pronunciation"},{"start_time":"144.88","end_time":"145.52","alternatives":[{"confidence":"0.3938","content":"아니"}],"type":"pronunciation"},{"start_time":"146.81","end_time":"147.15","alternatives":[{"confidence":"0.9999","content":"똑같이"}],"type":"pronunciation"},{"start_time":"147.15","end_time":"147.32","alternatives":[{"confidence":"0.1667","content":"나와"}],"type":"pronunciation"},{"start_time":"147.41","end_time":"147.6","alternatives":[{"confidence":"0.7342","content":"나와"}],"type":"pronunciation"},{"start_time":"147.6","end_time":"148.19","alternatives":[{"confidence":"0.9964","content":"있잖아요"}],"type":"pronunciation"},{"start_time":"148.65","end_time":"149.35","alternatives":[{"confidence":"0.65195","content":"확인했더니"}],"type":"pronunciation"},{"start_time":"150.15","end_time":"150.42","alternatives":[{"confidence":"0.6764","content":"뭐가"}],"type":"pronunciation"},{"start_time":"150.42","end_time":"150.65","alternatives":[{"confidence":"0.6372","content":"나와"}],"type":"pronunciation"},{"start_time":"150.65","end_time":"151.19","alternatives":[{"confidence":"0.9928","content":"있어요"}],"type":"pronunciation"},{"alternatives":[{"confidence":"0.0","content":"?"}],"type":"punctuation"},{"start_time":"152.9","end_time":"153.07","alternatives":[{"confidence":"0.1515","content":"이렇게"}],"type":"pronunciation"},{"start_time":"153.28","end_time":"153.83","alternatives":[{"confidence":"0.8471","content":"다고요"}],"type":"pronunciation"},{"start_time":"154.23","end_time":"154.71","alternatives":[{"confidence":"0.9994","content":"그래요"}],"type":"pronunciation"},{"alternatives":[{"confidence":"0.0","content":","}],"type":"punctuation"},{"start_time":"154.8","end_time":"155.05","alternatives":[{"confidence":"0.9897","content":"그게"}],"type":"pronunciation"},{"start_time":"155.05","end_time":"155.43","alternatives":[{"confidence":"0.9647","content":"내가"}],"type":"pronunciation"},{"start_time":"155.46","end_time":"155.78","alternatives":[{"confidence":"0.9993","content":"아까도"}],"type":"pronunciation"},{"start_time":"155.78","end_time":"156.51","alternatives":[{"confidence":"0.9556","content":"말씀드렸어요"}],"type":"pronunciation"},{"start_time":"156.51","end_time":"157.21","alternatives":[{"confidence":"0.92495","content":"그분한테"}],"type":"pronunciation"},{"start_time":"157.7","end_time":"157.95","alternatives":[{"confidence":"0.999","content":"그게"}],"type":"pronunciation"},{"start_time":"157.95","end_time":"158.37","alternatives":[{"confidence":"0.9186","content":"십일월"}],"type":"pronunciation"},{"start_time":"158.37","end_time":"158.5","alternatives":[{"confidence":"0.7534","content":"오"}],"type":"pronunciation"},{"start_time":"158.5","end_time":"158.88","alternatives":[{"confidence":"0.8131","content":"일자로"}],"type":"pronunciation"},{"start_time":"158.88","end_time":"159.06","alternatives":[{"confidence":"0.9181","content":"된"}],"type":"pronunciation"},{"start_time":"159.06","end_time":"159.17","alternatives":[{"confidence":"0.9698","content":"게"}],"type":"pronunciation"},{"start_time":"159.17","end_time":"159.6","alternatives":[{"confidence":"0.997","content":"하나라도"}],"type":"pronunciation"},{"start_time":"159.6","end_time":"159.93","alternatives":[{"confidence":"0.9994","content":"있으면"}],"type":"pronunciation"},{"start_time":"159.93","end_time":"160.55","alternatives":[{"confidence":"0.9477","content":"찾아보세요"}],"type":"pronunciation"},{"alternatives":[{"confidence":"0.0","content":"?"}],"type":"punctuation"},{"start_time":"160.55","end_time":"161.07","alternatives":[{"confidence":"0.9999","content":"없죠"}],"type":"pronunciation"},{"start_time":"162.97","end_time":"163.17","alternatives":[{"confidence":"0.9959","content":"그"}],"type":"pronunciation"},{"start_time":"163.17","end_time":"163.5","alternatives":[{"confidence":"1.0","content":"이후에"}],"type":"pronunciation"},{"start_time":"163.5","end_time":"163.76","alternatives":[{"confidence":"0.9992","content":"나온"}],"type":"pronunciation"},{"start_time":"163.76","end_time":"164.1","alternatives":[{"confidence":"0.7835","content":"상품이"}],"type":"pronunciation"},{"start_time":"164.1","end_time":"164.41","alternatives":[{"confidence":"0.994","content":"어떻게"}],"type":"pronunciation"},{"start_time":"164.41","end_time":"164.57","alternatives":[{"confidence":"0.9972","content":"그"}],"type":"pronunciation"},{"start_time":"164.57","end_time":"164.93","alternatives":[{"confidence":"0.9841","content":"이전에"}],"type":"pronunciation"},{"start_time":"164.93","end_time":"165.16","alternatives":[{"confidence":"0.8971","content":"사고"}],"type":"pronunciation"},{"start_time":"165.16","end_time":"165.49","alternatives":[{"confidence":"0.9995","content":"접수가"}],"type":"pronunciation"},{"start_time":"165.49","end_time":"165.81","alternatives":[{"confidence":"0.8219","content":"들어간"}],"type":"pronunciation"},{"start_time":"165.81","end_time":"165.9","alternatives":[{"confidence":"0.9987","content":"게"}],"type":"pronunciation"},{"start_time":"165.9","end_time":"166.32","alternatives":[{"confidence":"1.0","content":"있을까요"}],"type":"pronunciation"},{"alternatives":[{"confidence":"0.0","content":"?"}],"type":"punctuation"},{"start_time":"166.32","end_time":"166.6","alternatives":[{"confidence":"1.0","content":"말도"}],"type":"pronunciation"},{"start_time":"166.6","end_time":"166.69","alternatives":[{"confidence":"0.8241","content":"안"}],"type":"pronunciation"},{"start_time":"166.69","end_time":"167.2","alternatives":[{"confidence":"0.91205","content":"되시죠"}],"type":"pronunciation"},{"alternatives":[{"confidence":"0.0","content":"?"}],"type":"punctuation"},{"start_time":"168.95","end_time":"169.17","alternatives":[{"confidence":"0.7077","content":"근데"}],"type":"pronunciation"},{"start_time":"169.49","end_time":"169.67","alternatives":[{"confidence":"0.0255","content":"라는"}],"type":"pronunciation"},{"start_time":"169.67","end_time":"170.05","alternatives":[{"confidence":"0.0398","content":"게"}],"type":"pronunciation"},{"start_time":"170.69","end_time":"171.54","alternatives":[{"confidence":"0.10225000000000001","content":"하시니까"}],"type":"pronunciation"},{"start_time":"171.54","end_time":"171.8","alternatives":[{"confidence":"0.281","content":"몇"}],"type":"pronunciation"},{"start_time":"171.81","end_time":"171.98","alternatives":[{"confidence":"0.1997","content":"번"}],"type":"pronunciation"},{"start_time":"172.07","end_time":"172.45","alternatives":[{"confidence":"0.9952","content":"말씀을"}],"type":"pronunciation"},{"start_time":"172.45","end_time":"172.97","alternatives":[{"confidence":"0.80145","content":"드려내가"}],"type":"pronunciation"},{"start_time":"172.97","end_time":"173.17","alternatives":[{"confidence":"0.9453","content":"그럼"}],"type":"pronunciation"},{"start_time":"173.17","end_time":"173.36","alternatives":[{"confidence":"0.9972","content":"내가"}],"type":"pronunciation"},{"start_time":"173.36","end_time":"173.65","alternatives":[{"confidence":"0.9423","content":"진짜"}],"type":"pronunciation"},{"start_time":"173.65","end_time":"173.75","alternatives":[{"confidence":"0.9624","content":"라"}],"type":"pronunciation"},{"start_time":"173.75","end_time":"174.07","alternatives":[{"confidence":"0.9951","content":"그러지"}],"type":"pronunciation"},{"alternatives":[{"confidence":"0.0","content":"?"}],"type":"punctuation"},{"start_time":"174.07","end_time":"174.62","alternatives":[{"confidence":"0.4683","content":"뭘"}],"type":"pronunciation"},{"alternatives":[{"confidence":"0.0","content":"?"}],"type":"punctuation"},{"start_time":"174.68","end_time":"175.02","alternatives":[{"confidence":"0.3445","content":"그럼"}],"type":"pronunciation"},{"start_time":"175.67","end_time":"176.04","alternatives":[{"confidence":"0.77105","content":"취소해"}],"type":"pronunciation"},{"start_time":"176.04","end_time":"176.54","alternatives":[{"confidence":"0.94135","content":"드린다니까"}],"type":"pronunciation"},{"start_time":"176.54","end_time":"176.82","alternatives":[{"confidence":"0.976","content":"무슨"}],"type":"pronunciation"},{"start_time":"176.82","end_time":"177.99","alternatives":[{"confidence":"0.8707333333333334","content":"말씀이많으세요"}],"type":"pronunciation"},{"start_time":"181.36","end_time":"182.14","alternatives":[{"confidence":"0.9895499999999999","content":"맞잖아요"}],"type":"pronunciation"},{"start_time":"183.88","end_time":"184.14","alternatives":[{"confidence":"0.9989","content":"하여튼"}],"type":"pronunciation"},{"start_time":"184.14","end_time":"184.32","alternatives":[{"confidence":"0.9955","content":"그럼"}],"type":"pronunciation"},{"start_time":"184.32","end_time":"184.56","alternatives":[{"confidence":"0.9974","content":"제가"}],"type":"pronunciation"},{"start_time":"184.65","end_time":"185.77","alternatives":[{"confidence":"0.9081333333333333","content":"법무금감원으로"}],"type":"pronunciation"},{"start_time":"185.77","end_time":"186.13","alternatives":[{"confidence":"0.9658","content":"신청하면"}],"type":"pronunciation"},{"start_time":"186.13","end_time":"186.59","alternatives":[{"confidence":"0.96685","content":"진행된다는"}],"type":"pronunciation"},{"start_time":"186.59","end_time":"186.88","alternatives":[{"confidence":"0.5963","content":"거예요"}],"type":"pronunciation"},{"alternatives":[{"confidence":"0.0","content":"."}],"type":"punctuation"},{"start_time":"189.15","end_time":"189.71","alternatives":[{"confidence":"1.0","content":"알았어요"}],"type":"pronunciation"},{"alternatives":[{"confidence":"0.0","content":"."}],"type":"punctuation"}]},"status":"COMPLETED"}