{"jobName":"transcribe_loan46","accountId":"097989105209","results":{"transcripts":[{"transcript":"그래 한번 못 들어갔다. 내가 원하는 도 많지 않다. 천오백이 필요하다. 천오백만 그러면 많이 쓰게 없어요. 없으면 저도 이렇게 내가 아줌마한테 전화한 그런 소리를 좋게 좋게 하고 인간적으로 전화할 겁니다. 나도 연구는 분명히 말했고, 원하는 건 돈이 올해는 해치지 않는다고. 그치? 먹속에서 신고 들어가거나 내가 시킨 대로 안 하면 그때는 죽인다 내가 천오백만 원하는 건 전부 다 현찰이라. 그 다음 위치알고 있으나 드라마 되는대로 한단계 한단계 숨지며 돈을 준비된 뒤 오라면 그것으로 오면 된다. 알았지? 먼저 어딘지 알 필요도 없고."}],"items":[{"start_time":"0.14","end_time":"0.36","alternatives":[{"confidence":"0.9251","content":"그래"}],"type":"pronunciation"},{"start_time":"0.36","end_time":"0.68","alternatives":[{"confidence":"0.9137","content":"한번"}],"type":"pronunciation"},{"start_time":"0.68","end_time":"0.86","alternatives":[{"confidence":"0.8344","content":"못"}],"type":"pronunciation"},{"start_time":"0.86","end_time":"1.36","alternatives":[{"confidence":"0.9973","content":"들어갔다"}],"type":"pronunciation"},{"alternatives":[{"confidence":"0.0","content":"."}],"type":"punctuation"},{"start_time":"2.15","end_time":"2.44","alternatives":[{"confidence":"0.959","content":"내가"}],"type":"pronunciation"},{"start_time":"2.44","end_time":"2.77","alternatives":[{"confidence":"0.5694","content":"원하는"}],"type":"pronunciation"},{"start_time":"2.77","end_time":"2.89","alternatives":[{"confidence":"0.96","content":"도"}],"type":"pronunciation"},{"start_time":"2.89","end_time":"3.22","alternatives":[{"confidence":"0.8614","content":"많지"}],"type":"pronunciation"},{"start_time":"3.22","end_time":"3.54","alternatives":[{"confidence":"0.8581","content":"않다"}],"type":"pronunciation"},{"alternatives":[{"confidence":"0.0","content":"."}],"type":"punctuation"},{"start_time":"3.54","end_time":"4.19","alternatives":[{"confidence":"0.85365","content":"천오백이"}],"type":"pronunciation"},{"start_time":"4.19","end_time":"4.69","alternatives":[{"confidence":"0.7921","content":"필요하다"}],"type":"pronunciation"},{"alternatives":[{"confidence":"0.0","content":"."}],"type":"punctuation"},{"start_time":"4.69","end_time":"5.42","alternatives":[{"confidence":"0.9056","content":"천오백만"}],"type":"pronunciation"},{"start_time":"5.75","end_time":"6.14","alternatives":[{"confidence":"0.6121","content":"그러면"}],"type":"pronunciation"},{"start_time":"6.14","end_time":"6.41","alternatives":[{"confidence":"0.9489","content":"많이"}],"type":"pronunciation"},{"start_time":"6.41","end_time":"6.71","alternatives":[{"confidence":"0.3427","content":"쓰게"}],"type":"pronunciation"},{"start_time":"6.71","end_time":"7.15","alternatives":[{"confidence":"0.9981","content":"없어요"}],"type":"pronunciation"},{"alternatives":[{"confidence":"0.0","content":"."}],"type":"punctuation"},{"start_time":"7.15","end_time":"7.67","alternatives":[{"confidence":"0.9953","content":"없으면"}],"type":"pronunciation"},{"start_time":"7.79","end_time":"8.01","alternatives":[{"confidence":"0.0188","content":"저도"}],"type":"pronunciation"},{"start_time":"8.67","end_time":"9.02","alternatives":[{"confidence":"0.8075","content":"이렇게"}],"type":"pronunciation"},{"start_time":"9.53","end_time":"10.3","alternatives":[{"confidence":"0.9961","content":"내가"}],"type":"pronunciation"},{"start_time":"10.3","end_time":"10.9","alternatives":[{"confidence":"0.1928","content":"아줌마한테"}],"type":"pronunciation"},{"start_time":"10.9","end_time":"11.34","alternatives":[{"confidence":"0.7047","content":"전화한"}],"type":"pronunciation"},{"start_time":"11.34","end_time":"11.55","alternatives":[{"confidence":"0.3056","content":"그런"}],"type":"pronunciation"},{"start_time":"11.55","end_time":"12.24","alternatives":[{"confidence":"0.1539","content":"소리를"}],"type":"pronunciation"},{"start_time":"12.24","end_time":"12.65","alternatives":[{"confidence":"0.934","content":"좋게"}],"type":"pronunciation"},{"start_time":"12.65","end_time":"12.92","alternatives":[{"confidence":"0.9998","content":"좋게"}],"type":"pronunciation"},{"start_time":"12.92","end_time":"13.14","alternatives":[{"confidence":"0.9971","content":"하고"}],"type":"pronunciation"},{"start_time":"13.14","end_time":"13.83","alternatives":[{"confidence":"1.0","content":"인간적으로"}],"type":"pronunciation"},{"start_time":"13.83","end_time":"14.16","alternatives":[{"confidence":"0.68815","content":"전화할"}],"type":"pronunciation"},{"start_time":"14.16","end_time":"14.63","alternatives":[{"confidence":"0.9702","content":"겁니다"}],"type":"pronunciation"},{"alternatives":[{"confidence":"0.0","content":"."}],"type":"punctuation"},{"start_time":"14.78","end_time":"15.42","alternatives":[{"confidence":"0.9823","content":"나도"}],"type":"pronunciation"},{"start_time":"15.42","end_time":"15.87","alternatives":[{"confidence":"0.584","content":"연구는"}],"type":"pronunciation"},{"start_time":"15.87","end_time":"16.24","alternatives":[{"confidence":"0.2312","content":"분명히"}],"type":"pronunciation"},{"start_time":"16.3","end_time":"17.08","alternatives":[{"confidence":"0.9331499999999999","content":"말했고"}],"type":"pronunciation"},{"alternatives":[{"confidence":"0.0","content":","}],"type":"punctuation"},{"start_time":"17.11","end_time":"17.62","alternatives":[{"confidence":"0.9965","content":"원하는"}],"type":"pronunciation"},{"start_time":"17.62","end_time":"17.78","alternatives":[{"confidence":"0.8948","content":"건"}],"type":"pronunciation"},{"start_time":"17.78","end_time":"18.07","alternatives":[{"confidence":"0.9989","content":"돈이"}],"type":"pronunciation"},{"start_time":"18.07","end_time":"18.47","alternatives":[{"confidence":"0.1593","content":"올해는"}],"type":"pronunciation"},{"start_time":"18.47","end_time":"18.85","alternatives":[{"confidence":"1.0","content":"해치지"}],"type":"pronunciation"},{"start_time":"18.85","end_time":"19.4","alternatives":[{"confidence":"0.9995","content":"않는다고"}],"type":"pronunciation"},{"alternatives":[{"confidence":"0.0","content":"."}],"type":"punctuation"},{"start_time":"19.4","end_time":"19.91","alternatives":[{"confidence":"0.1274","content":"그치"}],"type":"pronunciation"},{"alternatives":[{"confidence":"0.0","content":"?"}],"type":"punctuation"},{"start_time":"21.48","end_time":"22.28","alternatives":[{"confidence":"0.54925","content":"먹속에서"}],"type":"pronunciation"},{"start_time":"22.28","end_time":"22.66","alternatives":[{"confidence":"0.7424","content":"신고"}],"type":"pronunciation"},{"start_time":"22.66","end_time":"23.45","alternatives":[{"confidence":"0.9979","content":"들어가거나"}],"type":"pronunciation"},{"start_time":"23.45","end_time":"23.72","alternatives":[{"confidence":"0.9912","content":"내가"}],"type":"pronunciation"},{"start_time":"23.72","end_time":"24.05","alternatives":[{"confidence":"0.9068","content":"시킨"}],"type":"pronunciation"},{"start_time":"24.05","end_time":"24.3","alternatives":[{"confidence":"0.9998","content":"대로"}],"type":"pronunciation"},{"start_time":"24.3","end_time":"24.42","alternatives":[{"confidence":"0.9862","content":"안"}],"type":"pronunciation"},{"start_time":"24.42","end_time":"24.76","alternatives":[{"confidence":"0.9882","content":"하면"}],"type":"pronunciation"},{"start_time":"24.76","end_time":"25.21","alternatives":[{"confidence":"0.9337","content":"그때는"}],"type":"pronunciation"},{"start_time":"25.24","end_time":"25.71","alternatives":[{"confidence":"0.8855","content":"죽인다"}],"type":"pronunciation"},{"start_time":"25.71","end_time":"26.14","alternatives":[{"confidence":"0.9568","content":"내가"}],"type":"pronunciation"},{"start_time":"26.17","end_time":"27.01","alternatives":[{"confidence":"0.6631","content":"천오백만"}],"type":"pronunciation"},{"start_time":"27.01","end_time":"27.37","alternatives":[{"confidence":"0.963","content":"원하는"}],"type":"pronunciation"},{"start_time":"27.37","end_time":"27.52","alternatives":[{"confidence":"0.8748","content":"건"}],"type":"pronunciation"},{"start_time":"27.52","end_time":"27.76","alternatives":[{"confidence":"0.7877","content":"전부"}],"type":"pronunciation"},{"start_time":"27.76","end_time":"27.87","alternatives":[{"confidence":"0.9964","content":"다"}],"type":"pronunciation"},{"start_time":"27.87","end_time":"28.61","alternatives":[{"confidence":"0.8024333333333334","content":"현찰이라"}],"type":"pronunciation"},{"alternatives":[{"confidence":"0.0","content":"."}],"type":"punctuation"},{"start_time":"28.85","end_time":"28.92","alternatives":[{"confidence":"0.1601","content":"그"}],"type":"pronunciation"},{"start_time":"28.92","end_time":"29.18","alternatives":[{"confidence":"0.6593","content":"다음"}],"type":"pronunciation"},{"start_time":"29.18","end_time":"29.76","alternatives":[{"confidence":"0.8308","content":"위치알고"}],"type":"pronunciation"},{"start_time":"29.76","end_time":"30.31","alternatives":[{"confidence":"0.9973","content":"있으나"}],"type":"pronunciation"},{"start_time":"30.37","end_time":"30.84","alternatives":[{"confidence":"0.5349","content":"드라마"}],"type":"pronunciation"},{"start_time":"31.68","end_time":"32.4","alternatives":[{"confidence":"0.80035","content":"되는대로"}],"type":"pronunciation"},{"start_time":"32.4","end_time":"32.88","alternatives":[{"confidence":"0.8087","content":"한단계"}],"type":"pronunciation"},{"start_time":"32.88","end_time":"33.35","alternatives":[{"confidence":"0.693","content":"한단계"}],"type":"pronunciation"},{"start_time":"33.35","end_time":"34.02","alternatives":[{"confidence":"0.9149499999999999","content":"숨지며"}],"type":"pronunciation"},{"start_time":"34.19","end_time":"34.58","alternatives":[{"confidence":"0.9999","content":"돈을"}],"type":"pronunciation"},{"start_time":"34.58","end_time":"35.1","alternatives":[{"confidence":"0.7815","content":"준비된"}],"type":"pronunciation"},{"start_time":"35.1","end_time":"35.45","alternatives":[{"confidence":"0.2583","content":"뒤"}],"type":"pronunciation"},{"start_time":"35.66","end_time":"36.25","alternatives":[{"confidence":"0.51815","content":"오라면"}],"type":"pronunciation"},{"start_time":"36.25","end_time":"36.82","alternatives":[{"confidence":"0.7934","content":"그것으로"}],"type":"pronunciation"},{"start_time":"36.82","end_time":"37.05","alternatives":[{"confidence":"0.9883","content":"오면"}],"type":"pronunciation"},{"start_time":"37.05","end_time":"37.32","alternatives":[{"confidence":"0.8386","content":"된다"}],"type":"pronunciation"},{"alternatives":[{"confidence":"0.0","content":"."}],"type":"punctuation"},{"start_time":"37.32","end_time":"37.86","alternatives":[{"confidence":"0.7292","content":"알았지"}],"type":"pronunciation"},{"alternatives":[{"confidence":"0.0","content":"?"}],"type":"punctuation"},{"start_time":"37.86","end_time":"38.23","alternatives":[{"confidence":"0.9583","content":"먼저"}],"type":"pronunciation"},{"start_time":"38.23","end_time":"38.61","alternatives":[{"confidence":"0.8021","content":"어딘지"}],"type":"pronunciation"},{"start_time":"38.61","end_time":"38.79","alternatives":[{"confidence":"0.9991","content":"알"}],"type":"pronunciation"},{"start_time":"38.79","end_time":"39.14","alternatives":[{"confidence":"0.9999","content":"필요도"}],"type":"pronunciation"},{"start_time":"39.14","end_time":"39.53","alternatives":[{"confidence":"1.0","content":"없고"}],"type":"pronunciation"},{"alternatives":[{"confidence":"0.0","content":"."}],"type":"punctuation"}]},"status":"COMPLETED"}