{"jobName":"transcribe_loan63","accountId":"097989105209","results":{"transcripts":[{"transcript":"할 것은 지금 나한테 돈 버는 일이야. 따라서 근데 돈 보내줄 수 있어? 없어. 없으면 시집을 내약 2 겨가지고 내가 동영상찍어가지고 돈 팔아도 돼. 그런데 어떻게 하다가 그렇게 됐냐고요? 그건 묻지 말라고 내가 납치했다고 지금 알아듣겠어? 아줌마 여보세요? 내가 원하는 건 돈이니까. 근데 나도 번만 했어요. 그런데 내가 약속지키고 풀어줄 테니까 나도 한국 사람이고 아줌마, 나도 자식 있는 사람이야. 해치기 싫다고 알아서 얼마 해줄 수 있어요. 제가 지금 미국의 가 있는데 제가 돈이 많아서 보낸 것이 아니거든요. 유학을 보냈는데 돈이 없어. 아니 거기 유학을 보낸 것이 아니라 거기 학원에 한번 조사를 한번 해보세요. 거기 가게 된 이유가 그래서 보내준 거거든요. 그거는 내한테 얘기하지 말고 나한테 얼마 해줄 수 있어요. 얘기해봐요. 그런데 들어봐요. 보내준 거고 저는 혼자 사는 아줌마하고 안 하고 저는 혼자잖아요 혼자 그러니까 이제 얼마 해줄 수 있냐고 이것만 물어보자고 아니면 내가 내 방식대로 한다고 알았어. 그러니까 저도 마련해야 할 돈이 지금 당장 없잖아요. 그러니까 내가 애를 보니까 아주 착 그래서 하고 알아서 지금까지 앉았다고 아줌마지금 회사 밖으로 걸어나갈 지금 알았어. 내가 하라는 대로 지금 제가 돈이 하나도 없는데 어떻게 하라는 거예요? 신용카드 도 없어요. 저는 카드도 없어요. 저는 지금 차장이라고요 한번 저를 조사를 한번 해보세요. 제가 제가 찾아라니까요 는 보내주더라고요 아줌마 그러면 미안한데요 내가 알아서 내 방식대로 할게요. 그러면 한번 바꿔줘요 바꿀 필요 없고 돈이 안 되잖아. 바꾸지 말고 미안한 데요. 일단 내가 동영상부터 찍을게요 알았죠? 동영상 찍는 사람 한테 전화해보고. 그리고 그 신사를 파는 사람들이 아줌마 미안한데요 신정을 팔아야 되겠어요? 그렇게 해도 되죠. 그렇다면 되겠습니까? 근데 어떻게 변환해주잖아 어떻게 하는 쪽으로 마련해봐야죠 그게 어떻게 만들어봐야 될까요? 지금 가지고 있는 걸 얼마야? 가지고 이런 거 하나도 없어요. 저도 없으면 어떻게 생활을 해요? 얼굴 받아서 상다니까요 사장이 라니까요 제가 한번 조사해보세요 얼마 가지고 있냐고? 지금 좀 바꿔줘요. 야 될 거 아니에요? 처리해가지고 이 좀 바뀌지 다니까요 막 하고 그래 안하니까 그렇게 알고"}],"items":[{"start_time":"0.74","end_time":"0.94","alternatives":[{"confidence":"0.9624","content":"할"}],"type":"pronunciation"},{"start_time":"0.94","end_time":"1.25","alternatives":[{"confidence":"1.0","content":"것은"}],"type":"pronunciation"},{"start_time":"1.25","end_time":"1.48","alternatives":[{"confidence":"0.9841","content":"지금"}],"type":"pronunciation"},{"start_time":"1.48","end_time":"1.73","alternatives":[{"confidence":"0.9553","content":"나한테"}],"type":"pronunciation"},{"start_time":"1.74","end_time":"1.95","alternatives":[{"confidence":"0.9888","content":"돈"}],"type":"pronunciation"},{"start_time":"1.95","end_time":"2.37","alternatives":[{"confidence":"0.9992","content":"버는"}],"type":"pronunciation"},{"start_time":"2.37","end_time":"2.89","alternatives":[{"confidence":"0.9905","content":"일이야"}],"type":"pronunciation"},{"alternatives":[{"confidence":"0.0","content":"."}],"type":"punctuation"},{"start_time":"2.9","end_time":"3.53","alternatives":[{"confidence":"0.2135","content":"따라서"}],"type":"pronunciation"},{"start_time":"4.95","end_time":"5.16","alternatives":[{"confidence":"0.9038","content":"근데"}],"type":"pronunciation"},{"start_time":"5.16","end_time":"5.33","alternatives":[{"confidence":"0.9453","content":"돈"}],"type":"pronunciation"},{"start_time":"5.33","end_time":"5.71","alternatives":[{"confidence":"0.9503999999999999","content":"보내줄"}],"type":"pronunciation"},{"start_time":"5.71","end_time":"5.83","alternatives":[{"confidence":"1.0","content":"수"}],"type":"pronunciation"},{"start_time":"5.83","end_time":"6.05","alternatives":[{"confidence":"0.8723","content":"있어"}],"type":"pronunciation"},{"alternatives":[{"confidence":"0.0","content":"?"}],"type":"punctuation"},{"start_time":"6.05","end_time":"6.38","alternatives":[{"confidence":"0.9922","content":"없어"}],"type":"pronunciation"},{"alternatives":[{"confidence":"0.0","content":"."}],"type":"punctuation"},{"start_time":"6.38","end_time":"6.9","alternatives":[{"confidence":"0.9469","content":"없으면"}],"type":"pronunciation"},{"start_time":"6.93","end_time":"7.33","alternatives":[{"confidence":"0.2521","content":"시집을"}],"type":"pronunciation"},{"start_time":"7.33","end_time":"7.77","alternatives":[{"confidence":"0.5656","content":"내약"}],"type":"pronunciation"},{"start_time":"7.8","end_time":"7.97","alternatives":[{"confidence":"0.3745","content":"2"}],"type":"pronunciation"},{"start_time":"7.97","end_time":"8.43","alternatives":[{"confidence":"0.85725","content":"겨가지고"}],"type":"pronunciation"},{"start_time":"8.43","end_time":"8.61","alternatives":[{"confidence":"0.9886","content":"내가"}],"type":"pronunciation"},{"start_time":"8.61","end_time":"9.61","alternatives":[{"confidence":"0.6227666666666667","content":"동영상찍어가지고"}],"type":"pronunciation"},{"start_time":"9.61","end_time":"9.9","alternatives":[{"confidence":"0.8811","content":"돈"}],"type":"pronunciation"},{"start_time":"9.9","end_time":"10.69","alternatives":[{"confidence":"0.95085","content":"팔아도"}],"type":"pronunciation"},{"start_time":"10.69","end_time":"11.06","alternatives":[{"confidence":"0.8663","content":"돼"}],"type":"pronunciation"},{"alternatives":[{"confidence":"0.0","content":"."}],"type":"punctuation"},{"start_time":"12.59","end_time":"12.83","alternatives":[{"confidence":"0.7869","content":"그런데"}],"type":"pronunciation"},{"start_time":"12.83","end_time":"13.11","alternatives":[{"confidence":"0.9993","content":"어떻게"}],"type":"pronunciation"},{"start_time":"13.11","end_time":"13.37","alternatives":[{"confidence":"1.0","content":"하다가"}],"type":"pronunciation"},{"start_time":"13.37","end_time":"13.62","alternatives":[{"confidence":"1.0","content":"그렇게"}],"type":"pronunciation"},{"start_time":"13.62","end_time":"14.24","alternatives":[{"confidence":"0.99925","content":"됐냐고요"}],"type":"pronunciation"},{"alternatives":[{"confidence":"0.0","content":"?"}],"type":"punctuation"},{"start_time":"14.27","end_time":"14.6","alternatives":[{"confidence":"0.6606","content":"그건"}],"type":"pronunciation"},{"start_time":"14.6","end_time":"14.88","alternatives":[{"confidence":"1.0","content":"묻지"}],"type":"pronunciation"},{"start_time":"14.88","end_time":"15.24","alternatives":[{"confidence":"0.8658","content":"말라고"}],"type":"pronunciation"},{"start_time":"17.06","end_time":"17.27","alternatives":[{"confidence":"0.9036","content":"내가"}],"type":"pronunciation"},{"start_time":"17.27","end_time":"17.97","alternatives":[{"confidence":"0.96775","content":"납치했다고"}],"type":"pronunciation"},{"start_time":"17.97","end_time":"18.51","alternatives":[{"confidence":"0.7466","content":"지금"}],"type":"pronunciation"},{"start_time":"19.76","end_time":"20.48","alternatives":[{"confidence":"0.6355999999999999","content":"알아듣겠어"}],"type":"pronunciation"},{"alternatives":[{"confidence":"0.0","content":"?"}],"type":"punctuation"},{"start_time":"22.67","end_time":"23.19","alternatives":[{"confidence":"0.8333","content":"아줌마"}],"type":"pronunciation"},{"start_time":"25.18","end_time":"25.79","alternatives":[{"confidence":"0.9029","content":"여보세요"}],"type":"pronunciation"},{"alternatives":[{"confidence":"0.0","content":"?"}],"type":"punctuation"},{"start_time":"28.84","end_time":"29.14","alternatives":[{"confidence":"1.0","content":"내가"}],"type":"pronunciation"},{"start_time":"29.14","end_time":"29.53","alternatives":[{"confidence":"0.992","content":"원하는"}],"type":"pronunciation"},{"start_time":"29.53","end_time":"29.64","alternatives":[{"confidence":"0.5273","content":"건"}],"type":"pronunciation"},{"start_time":"29.89","end_time":"30.81","alternatives":[{"confidence":"0.97055","content":"돈이니까"}],"type":"pronunciation"},{"alternatives":[{"confidence":"0.0","content":"."}],"type":"punctuation"},{"start_time":"30.84","end_time":"31.31","alternatives":[{"confidence":"0.9132","content":"근데"}],"type":"pronunciation"},{"start_time":"31.31","end_time":"31.54","alternatives":[{"confidence":"0.7484","content":"나도"}],"type":"pronunciation"},{"start_time":"31.54","end_time":"31.84","alternatives":[{"confidence":"0.3037","content":"번만"}],"type":"pronunciation"},{"start_time":"31.84","end_time":"32.48","alternatives":[{"confidence":"0.9313","content":"했어요"}],"type":"pronunciation"},{"alternatives":[{"confidence":"0.0","content":"."}],"type":"punctuation"},{"start_time":"32.62","end_time":"33.02","alternatives":[{"confidence":"0.4595","content":"그런데"}],"type":"pronunciation"},{"start_time":"33.73","end_time":"34.34","alternatives":[{"confidence":"0.9992","content":"내가"}],"type":"pronunciation"},{"start_time":"34.5","end_time":"35.26","alternatives":[{"confidence":"0.87605","content":"약속지키고"}],"type":"pronunciation"},{"start_time":"35.26","end_time":"35.7","alternatives":[{"confidence":"0.9325","content":"풀어줄"}],"type":"pronunciation"},{"start_time":"35.7","end_time":"36.09","alternatives":[{"confidence":"0.9759","content":"테니까"}],"type":"pronunciation"},{"start_time":"36.09","end_time":"36.56","alternatives":[{"confidence":"0.9925","content":"나도"}],"type":"pronunciation"},{"start_time":"36.56","end_time":"36.86","alternatives":[{"confidence":"0.8884","content":"한국"}],"type":"pronunciation"},{"start_time":"36.86","end_time":"37.95","alternatives":[{"confidence":"1.0","content":"사람이고"}],"type":"pronunciation"},{"start_time":"38.04","end_time":"38.65","alternatives":[{"confidence":"0.8708","content":"아줌마"}],"type":"pronunciation"},{"alternatives":[{"confidence":"0.0","content":","}],"type":"punctuation"},{"start_time":"39.55","end_time":"39.82","alternatives":[{"confidence":"0.9947","content":"나도"}],"type":"pronunciation"},{"start_time":"39.82","end_time":"40.12","alternatives":[{"confidence":"0.5931","content":"자식"}],"type":"pronunciation"},{"start_time":"40.12","end_time":"40.35","alternatives":[{"confidence":"0.9968","content":"있는"}],"type":"pronunciation"},{"start_time":"40.35","end_time":"40.96","alternatives":[{"confidence":"0.9955","content":"사람이야"}],"type":"pronunciation"},{"alternatives":[{"confidence":"0.0","content":"."}],"type":"punctuation"},{"start_time":"40.99","end_time":"41.48","alternatives":[{"confidence":"0.68385","content":"해치기"}],"type":"pronunciation"},{"start_time":"41.48","end_time":"42.12","alternatives":[{"confidence":"0.9913","content":"싫다고"}],"type":"pronunciation"},{"start_time":"42.27","end_time":"42.91","alternatives":[{"confidence":"0.9952","content":"알아서"}],"type":"pronunciation"},{"start_time":"44.03","end_time":"44.23","alternatives":[{"confidence":"0.2667","content":"얼마"}],"type":"pronunciation"},{"start_time":"44.23","end_time":"44.44","alternatives":[{"confidence":"0.818","content":"해줄"}],"type":"pronunciation"},{"start_time":"44.44","end_time":"44.56","alternatives":[{"confidence":"0.9999","content":"수"}],"type":"pronunciation"},{"start_time":"44.56","end_time":"45.02","alternatives":[{"confidence":"0.9836","content":"있어요"}],"type":"pronunciation"},{"alternatives":[{"confidence":"0.0","content":"."}],"type":"punctuation"},{"start_time":"45.75","end_time":"46.28","alternatives":[{"confidence":"0.9996","content":"제가"}],"type":"pronunciation"},{"start_time":"46.44","end_time":"46.66","alternatives":[{"confidence":"0.9875","content":"지금"}],"type":"pronunciation"},{"start_time":"47.26","end_time":"47.53","alternatives":[{"confidence":"0.5939","content":"미국의"}],"type":"pronunciation"},{"start_time":"47.53","end_time":"47.66","alternatives":[{"confidence":"0.8154","content":"가"}],"type":"pronunciation"},{"start_time":"47.66","end_time":"48.19","alternatives":[{"confidence":"0.994","content":"있는데"}],"type":"pronunciation"},{"start_time":"48.28","end_time":"48.46","alternatives":[{"confidence":"0.9389","content":"제가"}],"type":"pronunciation"},{"start_time":"48.46","end_time":"48.67","alternatives":[{"confidence":"1.0","content":"돈이"}],"type":"pronunciation"},{"start_time":"48.67","end_time":"48.94","alternatives":[{"confidence":"0.9887","content":"많아서"}],"type":"pronunciation"},{"start_time":"48.94","end_time":"49.12","alternatives":[{"confidence":"0.916","content":"보낸"}],"type":"pronunciation"},{"start_time":"49.12","end_time":"49.26","alternatives":[{"confidence":"1.0","content":"것이"}],"type":"pronunciation"},{"start_time":"49.26","end_time":"49.89","alternatives":[{"confidence":"1.0","content":"아니거든요"}],"type":"pronunciation"},{"alternatives":[{"confidence":"0.0","content":"."}],"type":"punctuation"},{"start_time":"51.41","end_time":"51.92","alternatives":[{"confidence":"0.9977","content":"유학을"}],"type":"pronunciation"},{"start_time":"51.92","end_time":"52.49","alternatives":[{"confidence":"0.6929","content":"보냈는데"}],"type":"pronunciation"},{"start_time":"52.52","end_time":"52.79","alternatives":[{"confidence":"1.0","content":"돈이"}],"type":"pronunciation"},{"start_time":"52.79","end_time":"53.11","alternatives":[{"confidence":"0.8481","content":"없어"}],"type":"pronunciation"},{"alternatives":[{"confidence":"0.0","content":"."}],"type":"punctuation"},{"start_time":"53.26","end_time":"53.46","alternatives":[{"confidence":"0.3453","content":"아니"}],"type":"pronunciation"},{"start_time":"53.46","end_time":"53.72","alternatives":[{"confidence":"0.5538","content":"거기"}],"type":"pronunciation"},{"start_time":"53.72","end_time":"53.97","alternatives":[{"confidence":"0.9989","content":"유학을"}],"type":"pronunciation"},{"start_time":"53.97","end_time":"54.16","alternatives":[{"confidence":"0.9918","content":"보낸"}],"type":"pronunciation"},{"start_time":"54.16","end_time":"54.31","alternatives":[{"confidence":"0.9967","content":"것이"}],"type":"pronunciation"},{"start_time":"54.31","end_time":"54.56","alternatives":[{"confidence":"0.9968","content":"아니라"}],"type":"pronunciation"},{"start_time":"54.56","end_time":"54.78","alternatives":[{"confidence":"0.7408","content":"거기"}],"type":"pronunciation"},{"start_time":"54.9","end_time":"55.58","alternatives":[{"confidence":"0.93025","content":"학원에"}],"type":"pronunciation"},{"start_time":"55.95","end_time":"56.19","alternatives":[{"confidence":"0.907","content":"한번"}],"type":"pronunciation"},{"start_time":"56.19","end_time":"56.43","alternatives":[{"confidence":"0.9402","content":"조사를"}],"type":"pronunciation"},{"start_time":"56.43","end_time":"56.61","alternatives":[{"confidence":"0.8437","content":"한번"}],"type":"pronunciation"},{"start_time":"56.61","end_time":"57.17","alternatives":[{"confidence":"0.9236","content":"해보세요"}],"type":"pronunciation"},{"alternatives":[{"confidence":"0.0","content":"."}],"type":"punctuation"},{"start_time":"57.83","end_time":"58.06","alternatives":[{"confidence":"0.967","content":"거기"}],"type":"pronunciation"},{"start_time":"58.06","end_time":"58.26","alternatives":[{"confidence":"0.9805","content":"가게"}],"type":"pronunciation"},{"start_time":"58.26","end_time":"58.41","alternatives":[{"confidence":"0.9963","content":"된"}],"type":"pronunciation"},{"start_time":"58.41","end_time":"58.94","alternatives":[{"confidence":"1.0","content":"이유가"}],"type":"pronunciation"},{"start_time":"59.56","end_time":"59.8","alternatives":[{"confidence":"0.7336","content":"그래서"}],"type":"pronunciation"},{"start_time":"59.8","end_time":"60.08","alternatives":[{"confidence":"0.85405","content":"보내준"}],"type":"pronunciation"},{"start_time":"60.08","end_time":"60.65","alternatives":[{"confidence":"0.9334","content":"거거든요"}],"type":"pronunciation"},{"alternatives":[{"confidence":"0.0","content":"."}],"type":"punctuation"},{"start_time":"61.36","end_time":"61.78","alternatives":[{"confidence":"0.9362999999999999","content":"그거는"}],"type":"pronunciation"},{"start_time":"61.81","end_time":"62.3","alternatives":[{"confidence":"0.4762999999999999","content":"내한테"}],"type":"pronunciation"},{"start_time":"62.3","end_time":"62.7","alternatives":[{"confidence":"0.9369","content":"얘기하지"}],"type":"pronunciation"},{"start_time":"62.7","end_time":"63.06","alternatives":[{"confidence":"0.9982","content":"말고"}],"type":"pronunciation"},{"start_time":"63.06","end_time":"63.36","alternatives":[{"confidence":"0.773","content":"나한테"}],"type":"pronunciation"},{"start_time":"63.36","end_time":"63.58","alternatives":[{"confidence":"0.6722","content":"얼마"}],"type":"pronunciation"},{"start_time":"63.58","end_time":"63.82","alternatives":[{"confidence":"0.8944","content":"해줄"}],"type":"pronunciation"},{"start_time":"63.82","end_time":"63.96","alternatives":[{"confidence":"1.0","content":"수"}],"type":"pronunciation"},{"start_time":"63.96","end_time":"64.36","alternatives":[{"confidence":"0.9896","content":"있어요"}],"type":"pronunciation"},{"alternatives":[{"confidence":"0.0","content":"."}],"type":"punctuation"},{"start_time":"64.39","end_time":"65.03","alternatives":[{"confidence":"0.69145","content":"얘기해봐요"}],"type":"pronunciation"},{"alternatives":[{"confidence":"0.0","content":"."}],"type":"punctuation"},{"start_time":"65.2","end_time":"65.51","alternatives":[{"confidence":"0.7132","content":"그런데"}],"type":"pronunciation"},{"start_time":"66.16","end_time":"66.49","alternatives":[{"confidence":"0.2305","content":"들어봐요"}],"type":"pronunciation"},{"alternatives":[{"confidence":"0.0","content":"."}],"type":"punctuation"},{"start_time":"67.18","end_time":"67.47","alternatives":[{"confidence":"0.89375","content":"보내준"}],"type":"pronunciation"},{"start_time":"67.47","end_time":"67.85","alternatives":[{"confidence":"0.998","content":"거고"}],"type":"pronunciation"},{"start_time":"67.96","end_time":"68.16","alternatives":[{"confidence":"0.996","content":"저는"}],"type":"pronunciation"},{"start_time":"68.16","end_time":"68.36","alternatives":[{"confidence":"0.6727","content":"혼자"}],"type":"pronunciation"},{"start_time":"68.36","end_time":"68.58","alternatives":[{"confidence":"0.6004","content":"사는"}],"type":"pronunciation"},{"start_time":"68.58","end_time":"70.35","alternatives":[{"confidence":"0.099","content":"아줌마하고"}],"type":"pronunciation"},{"start_time":"70.35","end_time":"70.5","alternatives":[{"confidence":"0.0016","content":"안"}],"type":"pronunciation"},{"start_time":"70.71","end_time":"70.85","alternatives":[{"confidence":"0.1767","content":"하고"}],"type":"pronunciation"},{"start_time":"70.85","end_time":"71.03","alternatives":[{"confidence":"0.5223","content":"저는"}],"type":"pronunciation"},{"start_time":"71.03","end_time":"71.51","alternatives":[{"confidence":"0.20779999999999998","content":"혼자잖아요"}],"type":"pronunciation"},{"start_time":"71.63","end_time":"72.16","alternatives":[{"confidence":"0.8374","content":"혼자"}],"type":"pronunciation"},{"start_time":"72.37","end_time":"72.84","alternatives":[{"confidence":"0.9876","content":"그러니까"}],"type":"pronunciation"},{"start_time":"73.02","end_time":"73.14","alternatives":[{"confidence":"0.584","content":"이제"}],"type":"pronunciation"},{"start_time":"73.14","end_time":"73.39","alternatives":[{"confidence":"0.7408","content":"얼마"}],"type":"pronunciation"},{"start_time":"73.39","end_time":"73.63","alternatives":[{"confidence":"0.9511","content":"해줄"}],"type":"pronunciation"},{"start_time":"73.63","end_time":"73.76","alternatives":[{"confidence":"1.0","content":"수"}],"type":"pronunciation"},{"start_time":"73.76","end_time":"74.12","alternatives":[{"confidence":"0.9808","content":"있냐고"}],"type":"pronunciation"},{"start_time":"74.24","end_time":"74.62","alternatives":[{"confidence":"0.9494","content":"이것만"}],"type":"pronunciation"},{"start_time":"74.62","end_time":"75.27","alternatives":[{"confidence":"0.9903500000000001","content":"물어보자고"}],"type":"pronunciation"},{"start_time":"75.27","end_time":"75.84","alternatives":[{"confidence":"0.7375","content":"아니면"}],"type":"pronunciation"},{"start_time":"75.87","end_time":"76.47","alternatives":[{"confidence":"0.9898","content":"내가"}],"type":"pronunciation"},{"start_time":"76.47","end_time":"76.63","alternatives":[{"confidence":"0.9943","content":"내"}],"type":"pronunciation"},{"start_time":"76.63","end_time":"77.13","alternatives":[{"confidence":"0.9887","content":"방식대로"}],"type":"pronunciation"},{"start_time":"77.13","end_time":"77.69","alternatives":[{"confidence":"0.9605","content":"한다고"}],"type":"pronunciation"},{"start_time":"77.69","end_time":"78.35","alternatives":[{"confidence":"0.4057","content":"알았어"}],"type":"pronunciation"},{"alternatives":[{"confidence":"0.0","content":"."}],"type":"punctuation"},{"start_time":"78.75","end_time":"79.17","alternatives":[{"confidence":"0.9972","content":"그러니까"}],"type":"pronunciation"},{"start_time":"79.23","end_time":"79.46","alternatives":[{"confidence":"0.9847","content":"저도"}],"type":"pronunciation"},{"start_time":"79.46","end_time":"79.84","alternatives":[{"confidence":"0.9583","content":"마련해야"}],"type":"pronunciation"},{"start_time":"79.84","end_time":"80.06","alternatives":[{"confidence":"0.9798","content":"할"}],"type":"pronunciation"},{"start_time":"80.06","end_time":"80.44","alternatives":[{"confidence":"0.9997","content":"돈이"}],"type":"pronunciation"},{"start_time":"80.47","end_time":"80.65","alternatives":[{"confidence":"0.9856","content":"지금"}],"type":"pronunciation"},{"start_time":"80.65","end_time":"80.94","alternatives":[{"confidence":"0.9408","content":"당장"}],"type":"pronunciation"},{"start_time":"80.94","end_time":"81.49","alternatives":[{"confidence":"0.9976","content":"없잖아요"}],"type":"pronunciation"},{"alternatives":[{"confidence":"0.0","content":"."}],"type":"punctuation"},{"start_time":"81.78","end_time":"82.27","alternatives":[{"confidence":"0.9999","content":"그러니까"}],"type":"pronunciation"},{"start_time":"82.27","end_time":"82.53","alternatives":[{"confidence":"0.9945","content":"내가"}],"type":"pronunciation"},{"start_time":"82.53","end_time":"82.89","alternatives":[{"confidence":"0.9786","content":"애를"}],"type":"pronunciation"},{"start_time":"82.89","end_time":"83.7","alternatives":[{"confidence":"0.9983","content":"보니까"}],"type":"pronunciation"},{"start_time":"83.73","end_time":"84.02","alternatives":[{"confidence":"0.9915","content":"아주"}],"type":"pronunciation"},{"start_time":"84.05","end_time":"84.33","alternatives":[{"confidence":"0.7828","content":"착"}],"type":"pronunciation"},{"start_time":"85.29","end_time":"86.36","alternatives":[{"confidence":"0.9589","content":"그래서"}],"type":"pronunciation"},{"start_time":"87.43","end_time":"87.8","alternatives":[{"confidence":"0.6838","content":"하고"}],"type":"pronunciation"},{"start_time":"87.93","end_time":"88.53","alternatives":[{"confidence":"0.6909","content":"알아서"}],"type":"pronunciation"},{"start_time":"88.56","end_time":"89.07","alternatives":[{"confidence":"0.9828","content":"지금까지"}],"type":"pronunciation"},{"start_time":"89.07","end_time":"89.97","alternatives":[{"confidence":"0.2874","content":"앉았다고"}],"type":"pronunciation"},{"start_time":"90.28","end_time":"91.11","alternatives":[{"confidence":"0.8516","content":"아줌마지금"}],"type":"pronunciation"},{"start_time":"91.11","end_time":"91.37","alternatives":[{"confidence":"0.8745","content":"회사"}],"type":"pronunciation"},{"start_time":"91.37","end_time":"91.74","alternatives":[{"confidence":"1.0","content":"밖으로"}],"type":"pronunciation"},{"start_time":"91.74","end_time":"92.28","alternatives":[{"confidence":"0.6479","content":"걸어나갈"}],"type":"pronunciation"},{"start_time":"92.4","end_time":"92.78","alternatives":[{"confidence":"0.9546","content":"지금"}],"type":"pronunciation"},{"start_time":"92.93","end_time":"93.34","alternatives":[{"confidence":"0.9834","content":"알았어"}],"type":"pronunciation"},{"alternatives":[{"confidence":"0.0","content":"."}],"type":"punctuation"},{"start_time":"93.34","end_time":"93.57","alternatives":[{"confidence":"0.9998","content":"내가"}],"type":"pronunciation"},{"start_time":"93.57","end_time":"93.94","alternatives":[{"confidence":"0.9912","content":"하라는"}],"type":"pronunciation"},{"start_time":"93.94","end_time":"94.17","alternatives":[{"confidence":"0.9847","content":"대로"}],"type":"pronunciation"},{"start_time":"94.89","end_time":"95.13","alternatives":[{"confidence":"0.9872","content":"지금"}],"type":"pronunciation"},{"start_time":"95.13","end_time":"95.31","alternatives":[{"confidence":"0.9345","content":"제가"}],"type":"pronunciation"},{"start_time":"95.31","end_time":"95.5","alternatives":[{"confidence":"1.0","content":"돈이"}],"type":"pronunciation"},{"start_time":"95.5","end_time":"95.72","alternatives":[{"confidence":"1.0","content":"하나도"}],"type":"pronunciation"},{"start_time":"95.72","end_time":"95.95","alternatives":[{"confidence":"0.9994","content":"없는데"}],"type":"pronunciation"},{"start_time":"95.95","end_time":"96.14","alternatives":[{"confidence":"0.9996","content":"어떻게"}],"type":"pronunciation"},{"start_time":"96.14","end_time":"96.37","alternatives":[{"confidence":"0.9908","content":"하라는"}],"type":"pronunciation"},{"start_time":"96.37","end_time":"96.74","alternatives":[{"confidence":"0.9781","content":"거예요"}],"type":"pronunciation"},{"alternatives":[{"confidence":"0.0","content":"?"}],"type":"punctuation"},{"start_time":"97.24","end_time":"97.82","alternatives":[{"confidence":"0.798","content":"신용카드"}],"type":"pronunciation"},{"start_time":"97.82","end_time":"97.92","alternatives":[{"confidence":"0.8817","content":"도"}],"type":"pronunciation"},{"start_time":"97.92","end_time":"98.44","alternatives":[{"confidence":"1.0","content":"없어요"}],"type":"pronunciation"},{"alternatives":[{"confidence":"0.0","content":"."}],"type":"punctuation"},{"start_time":"98.53","end_time":"98.75","alternatives":[{"confidence":"0.8433","content":"저는"}],"type":"pronunciation"},{"start_time":"98.75","end_time":"99.02","alternatives":[{"confidence":"0.55255","content":"카드도"}],"type":"pronunciation"},{"start_time":"99.02","end_time":"99.56","alternatives":[{"confidence":"1.0","content":"없어요"}],"type":"pronunciation"},{"alternatives":[{"confidence":"0.0","content":"."}],"type":"punctuation"},{"start_time":"99.66","end_time":"99.91","alternatives":[{"confidence":"1.0","content":"저는"}],"type":"pronunciation"},{"start_time":"99.91","end_time":"100.16","alternatives":[{"confidence":"0.8856","content":"지금"}],"type":"pronunciation"},{"start_time":"101.2","end_time":"102.1","alternatives":[{"confidence":"0.7032","content":"차장이라고요"}],"type":"pronunciation"},{"start_time":"102.44","end_time":"102.64","alternatives":[{"confidence":"0.685","content":"한번"}],"type":"pronunciation"},{"start_time":"102.64","end_time":"102.82","alternatives":[{"confidence":"0.6599","content":"저를"}],"type":"pronunciation"},{"start_time":"102.82","end_time":"103.08","alternatives":[{"confidence":"0.7852","content":"조사를"}],"type":"pronunciation"},{"start_time":"103.08","end_time":"103.26","alternatives":[{"confidence":"0.8859","content":"한번"}],"type":"pronunciation"},{"start_time":"103.26","end_time":"103.58","alternatives":[{"confidence":"0.796","content":"해보세요"}],"type":"pronunciation"},{"alternatives":[{"confidence":"0.0","content":"."}],"type":"punctuation"},{"start_time":"103.58","end_time":"103.92","alternatives":[{"confidence":"0.9053","content":"제가"}],"type":"pronunciation"},{"start_time":"103.95","end_time":"104.14","alternatives":[{"confidence":"0.6606","content":"제가"}],"type":"pronunciation"},{"start_time":"104.14","end_time":"104.8","alternatives":[{"confidence":"0.47565","content":"찾아라니까요"}],"type":"pronunciation"},{"start_time":"106.04","end_time":"106.14","alternatives":[{"confidence":"0.2383","content":"는"}],"type":"pronunciation"},{"start_time":"106.14","end_time":"107.09","alternatives":[{"confidence":"0.66605","content":"보내주더라고요"}],"type":"pronunciation"},{"start_time":"107.81","end_time":"108.43","alternatives":[{"confidence":"0.9099","content":"아줌마"}],"type":"pronunciation"},{"start_time":"110.01","end_time":"110.35","alternatives":[{"confidence":"0.9997","content":"그러면"}],"type":"pronunciation"},{"start_time":"110.35","end_time":"111.35","alternatives":[{"confidence":"0.8","content":"미안한데요"}],"type":"pronunciation"},{"start_time":"111.38","end_time":"111.56","alternatives":[{"confidence":"0.7943","content":"내가"}],"type":"pronunciation"},{"start_time":"111.56","end_time":"111.88","alternatives":[{"confidence":"0.9448","content":"알아서"}],"type":"pronunciation"},{"start_time":"111.88","end_time":"112.0","alternatives":[{"confidence":"0.9802","content":"내"}],"type":"pronunciation"},{"start_time":"112.0","end_time":"112.6","alternatives":[{"confidence":"0.9951","content":"방식대로"}],"type":"pronunciation"},{"start_time":"112.6","end_time":"113.16","alternatives":[{"confidence":"0.9894","content":"할게요"}],"type":"pronunciation"},{"alternatives":[{"confidence":"0.0","content":"."}],"type":"punctuation"},{"start_time":"113.39","end_time":"113.98","alternatives":[{"confidence":"0.997","content":"그러면"}],"type":"pronunciation"},{"start_time":"114.78","end_time":"114.96","alternatives":[{"confidence":"0.1215","content":"한번"}],"type":"pronunciation"},{"start_time":"114.96","end_time":"115.53","alternatives":[{"confidence":"0.0564","content":"바꿔줘요"}],"type":"pronunciation"},{"start_time":"116.31","end_time":"116.61","alternatives":[{"confidence":"0.8762","content":"바꿀"}],"type":"pronunciation"},{"start_time":"116.61","end_time":"116.87","alternatives":[{"confidence":"0.9893","content":"필요"}],"type":"pronunciation"},{"start_time":"116.87","end_time":"117.45","alternatives":[{"confidence":"0.9995","content":"없고"}],"type":"pronunciation"},{"start_time":"117.85","end_time":"118.14","alternatives":[{"confidence":"1.0","content":"돈이"}],"type":"pronunciation"},{"start_time":"118.14","end_time":"118.27","alternatives":[{"confidence":"0.6983","content":"안"}],"type":"pronunciation"},{"start_time":"118.27","end_time":"118.89","alternatives":[{"confidence":"0.9975","content":"되잖아"}],"type":"pronunciation"},{"alternatives":[{"confidence":"0.0","content":"."}],"type":"punctuation"},{"start_time":"119.63","end_time":"120.03","alternatives":[{"confidence":"0.9945","content":"바꾸지"}],"type":"pronunciation"},{"start_time":"120.03","end_time":"120.6","alternatives":[{"confidence":"0.9976","content":"말고"}],"type":"pronunciation"},{"start_time":"121.18","end_time":"121.62","alternatives":[{"confidence":"0.4646","content":"미안한"}],"type":"pronunciation"},{"start_time":"121.62","end_time":"122.09","alternatives":[{"confidence":"0.4646","content":"데요"}],"type":"pronunciation"},{"alternatives":[{"confidence":"0.0","content":"."}],"type":"punctuation"},{"start_time":"122.27","end_time":"122.82","alternatives":[{"confidence":"1.0","content":"일단"}],"type":"pronunciation"},{"start_time":"122.85","end_time":"123.07","alternatives":[{"confidence":"0.9871","content":"내가"}],"type":"pronunciation"},{"start_time":"123.07","end_time":"123.79","alternatives":[{"confidence":"0.9182","content":"동영상부터"}],"type":"pronunciation"},{"start_time":"123.79","end_time":"124.39","alternatives":[{"confidence":"0.95295","content":"찍을게요"}],"type":"pronunciation"},{"start_time":"124.75","end_time":"125.31","alternatives":[{"confidence":"0.9995","content":"알았죠"}],"type":"pronunciation"},{"alternatives":[{"confidence":"0.0","content":"?"}],"type":"punctuation"},{"start_time":"128.59","end_time":"129.11","alternatives":[{"confidence":"0.5483","content":"동영상"}],"type":"pronunciation"},{"start_time":"129.11","end_time":"129.39","alternatives":[{"confidence":"0.9927","content":"찍는"}],"type":"pronunciation"},{"start_time":"129.39","end_time":"129.62","alternatives":[{"confidence":"0.5309","content":"사람"}],"type":"pronunciation"},{"start_time":"129.62","end_time":"129.81","alternatives":[{"confidence":"0.534","content":"한테"}],"type":"pronunciation"},{"start_time":"129.84","end_time":"130.69","alternatives":[{"confidence":"0.9228000000000001","content":"전화해보고"}],"type":"pronunciation"},{"alternatives":[{"confidence":"0.0","content":"."}],"type":"punctuation"},{"start_time":"131.72","end_time":"132.03","alternatives":[{"confidence":"0.9969","content":"그리고"}],"type":"pronunciation"},{"start_time":"132.03","end_time":"132.15","alternatives":[{"confidence":"0.8379","content":"그"}],"type":"pronunciation"},{"start_time":"132.15","end_time":"132.52","alternatives":[{"confidence":"0.8371","content":"신사를"}],"type":"pronunciation"},{"start_time":"132.52","end_time":"132.76","alternatives":[{"confidence":"0.9515","content":"파는"}],"type":"pronunciation"},{"start_time":"132.76","end_time":"133.12","alternatives":[{"confidence":"0.5772","content":"사람들이"}],"type":"pronunciation"},{"start_time":"134.51","end_time":"135.12","alternatives":[{"confidence":"0.8735","content":"아줌마"}],"type":"pronunciation"},{"start_time":"137.19","end_time":"138.04","alternatives":[{"confidence":"0.9387","content":"미안한데요"}],"type":"pronunciation"},{"start_time":"140.3","end_time":"140.87","alternatives":[{"confidence":"0.89435","content":"신정을"}],"type":"pronunciation"},{"start_time":"141.02","end_time":"141.44","alternatives":[{"confidence":"0.99735","content":"팔아야"}],"type":"pronunciation"},{"start_time":"141.44","end_time":"142.02","alternatives":[{"confidence":"0.9578","content":"되겠어요"}],"type":"pronunciation"},{"alternatives":[{"confidence":"0.0","content":"?"}],"type":"punctuation"},{"start_time":"145.82","end_time":"146.16","alternatives":[{"confidence":"0.9903","content":"그렇게"}],"type":"pronunciation"},{"start_time":"146.16","end_time":"146.33","alternatives":[{"confidence":"0.9998","content":"해도"}],"type":"pronunciation"},{"start_time":"146.33","end_time":"146.84","alternatives":[{"confidence":"0.9988","content":"되죠"}],"type":"pronunciation"},{"alternatives":[{"confidence":"0.0","content":"."}],"type":"punctuation"},{"start_time":"148.18","end_time":"148.54","alternatives":[{"confidence":"0.9999","content":"그렇다면"}],"type":"pronunciation"},{"start_time":"148.54","end_time":"149.15","alternatives":[{"confidence":"1.0","content":"되겠습니까"}],"type":"pronunciation"},{"alternatives":[{"confidence":"0.0","content":"?"}],"type":"punctuation"},{"start_time":"149.94","end_time":"150.2","alternatives":[{"confidence":"0.8206","content":"근데"}],"type":"pronunciation"},{"start_time":"150.26","end_time":"150.54","alternatives":[{"confidence":"0.9979","content":"어떻게"}],"type":"pronunciation"},{"start_time":"150.68","end_time":"151.72","alternatives":[{"confidence":"0.7757666666666667","content":"변환해주잖아"}],"type":"pronunciation"},{"start_time":"152.6","end_time":"152.9","alternatives":[{"confidence":"0.9823","content":"어떻게"}],"type":"pronunciation"},{"start_time":"152.9","end_time":"153.14","alternatives":[{"confidence":"0.9604","content":"하는"}],"type":"pronunciation"},{"start_time":"153.14","end_time":"153.41","alternatives":[{"confidence":"0.9853","content":"쪽으로"}],"type":"pronunciation"},{"start_time":"153.41","end_time":"154.1","alternatives":[{"confidence":"0.900475","content":"마련해봐야죠"}],"type":"pronunciation"},{"start_time":"154.13","end_time":"154.35","alternatives":[{"confidence":"0.9734","content":"그게"}],"type":"pronunciation"},{"start_time":"154.35","end_time":"154.59","alternatives":[{"confidence":"0.9991","content":"어떻게"}],"type":"pronunciation"},{"start_time":"154.59","end_time":"155.02","alternatives":[{"confidence":"0.8987","content":"만들어봐야"}],"type":"pronunciation"},{"start_time":"155.02","end_time":"155.26","alternatives":[{"confidence":"0.4906","content":"될까요"}],"type":"pronunciation"},{"alternatives":[{"confidence":"0.0","content":"?"}],"type":"punctuation"},{"start_time":"155.5","end_time":"155.69","alternatives":[{"confidence":"0.9499","content":"지금"}],"type":"pronunciation"},{"start_time":"155.69","end_time":"156.03","alternatives":[{"confidence":"0.9744","content":"가지고"}],"type":"pronunciation"},{"start_time":"156.03","end_time":"156.22","alternatives":[{"confidence":"0.9302","content":"있는"}],"type":"pronunciation"},{"start_time":"156.22","end_time":"156.38","alternatives":[{"confidence":"0.3999","content":"걸"}],"type":"pronunciation"},{"start_time":"156.38","end_time":"156.83","alternatives":[{"confidence":"0.1868","content":"얼마야"}],"type":"pronunciation"},{"alternatives":[{"confidence":"0.0","content":"?"}],"type":"punctuation"},{"start_time":"157.0","end_time":"157.27","alternatives":[{"confidence":"0.9474","content":"가지고"}],"type":"pronunciation"},{"start_time":"157.27","end_time":"157.39","alternatives":[{"confidence":"0.5532","content":"이런"}],"type":"pronunciation"},{"start_time":"157.39","end_time":"157.45","alternatives":[{"confidence":"0.5173","content":"거"}],"type":"pronunciation"},{"start_time":"157.45","end_time":"157.73","alternatives":[{"confidence":"1.0","content":"하나도"}],"type":"pronunciation"},{"start_time":"157.73","end_time":"158.16","alternatives":[{"confidence":"1.0","content":"없어요"}],"type":"pronunciation"},{"alternatives":[{"confidence":"0.0","content":"."}],"type":"punctuation"},{"start_time":"158.66","end_time":"158.98","alternatives":[{"confidence":"0.0562","content":"저도"}],"type":"pronunciation"},{"start_time":"158.98","end_time":"159.32","alternatives":[{"confidence":"0.9995","content":"없으면"}],"type":"pronunciation"},{"start_time":"159.32","end_time":"159.6","alternatives":[{"confidence":"0.9992","content":"어떻게"}],"type":"pronunciation"},{"start_time":"159.6","end_time":"160.0","alternatives":[{"confidence":"0.9999","content":"생활을"}],"type":"pronunciation"},{"start_time":"160.0","end_time":"160.5","alternatives":[{"confidence":"0.9841","content":"해요"}],"type":"pronunciation"},{"alternatives":[{"confidence":"0.0","content":"?"}],"type":"punctuation"},{"start_time":"160.92","end_time":"161.22","alternatives":[{"confidence":"0.422","content":"얼굴"}],"type":"pronunciation"},{"start_time":"161.22","end_time":"161.52","alternatives":[{"confidence":"0.9828","content":"받아서"}],"type":"pronunciation"},{"start_time":"161.52","end_time":"162.15","alternatives":[{"confidence":"0.50715","content":"상다니까요"}],"type":"pronunciation"},{"start_time":"162.21","end_time":"162.51","alternatives":[{"confidence":"0.2395","content":"사장이"}],"type":"pronunciation"},{"start_time":"162.51","end_time":"162.86","alternatives":[{"confidence":"0.3614","content":"라니까요"}],"type":"pronunciation"},{"start_time":"162.86","end_time":"163.12","alternatives":[{"confidence":"0.988","content":"제가"}],"type":"pronunciation"},{"start_time":"163.33","end_time":"163.51","alternatives":[{"confidence":"0.9783","content":"한번"}],"type":"pronunciation"},{"start_time":"163.51","end_time":"164.5","alternatives":[{"confidence":"0.9707","content":"조사해보세요"}],"type":"pronunciation"},{"start_time":"164.79","end_time":"165.04","alternatives":[{"confidence":"0.3733","content":"얼마"}],"type":"pronunciation"},{"start_time":"165.04","end_time":"165.35","alternatives":[{"confidence":"0.9432","content":"가지고"}],"type":"pronunciation"},{"start_time":"165.35","end_time":"165.67","alternatives":[{"confidence":"0.9107","content":"있냐고"}],"type":"pronunciation"},{"alternatives":[{"confidence":"0.0","content":"?"}],"type":"punctuation"},{"start_time":"166.13","end_time":"166.42","alternatives":[{"confidence":"0.8326","content":"지금"}],"type":"pronunciation"},{"start_time":"170.0","end_time":"170.11","alternatives":[{"confidence":"0.8957","content":"좀"}],"type":"pronunciation"},{"start_time":"170.11","end_time":"170.69","alternatives":[{"confidence":"0.75755","content":"바꿔줘요"}],"type":"pronunciation"},{"alternatives":[{"confidence":"0.0","content":"."}],"type":"punctuation"},{"start_time":"172.36","end_time":"172.39","alternatives":[{"confidence":"0.0095","content":"야"}],"type":"pronunciation"},{"start_time":"172.39","end_time":"172.49","alternatives":[{"confidence":"0.9671","content":"될"}],"type":"pronunciation"},{"start_time":"172.49","end_time":"172.57","alternatives":[{"confidence":"0.9682","content":"거"}],"type":"pronunciation"},{"start_time":"172.57","end_time":"173.08","alternatives":[{"confidence":"0.9563","content":"아니에요"}],"type":"pronunciation"},{"alternatives":[{"confidence":"0.0","content":"?"}],"type":"punctuation"},{"start_time":"175.53","end_time":"176.19","alternatives":[{"confidence":"0.8336333333333333","content":"처리해가지고"}],"type":"pronunciation"},{"start_time":"177.06","end_time":"177.12","alternatives":[{"confidence":"0.467","content":"이"}],"type":"pronunciation"},{"start_time":"177.12","end_time":"177.23","alternatives":[{"confidence":"0.9859","content":"좀"}],"type":"pronunciation"},{"start_time":"177.23","end_time":"177.48","alternatives":[{"confidence":"0.1447","content":"바뀌지"}],"type":"pronunciation"},{"start_time":"177.48","end_time":"177.96","alternatives":[{"confidence":"0.7258","content":"다니까요"}],"type":"pronunciation"},{"start_time":"181.51","end_time":"181.76","alternatives":[{"confidence":"0.0149","content":"막"}],"type":"pronunciation"},{"start_time":"182.06","end_time":"182.26","alternatives":[{"confidence":"0.3773","content":"하고"}],"type":"pronunciation"},{"start_time":"182.26","end_time":"182.49","alternatives":[{"confidence":"0.3155","content":"그래"}],"type":"pronunciation"},{"start_time":"182.49","end_time":"183.2","alternatives":[{"confidence":"0.8644499999999999","content":"안하니까"}],"type":"pronunciation"},{"start_time":"183.43","end_time":"183.76","alternatives":[{"confidence":"0.9991","content":"그렇게"}],"type":"pronunciation"},{"start_time":"183.76","end_time":"183.96","alternatives":[{"confidence":"0.9205","content":"알고"}],"type":"pronunciation"}]},"status":"COMPLETED"}