{"jobName":"transcribe_loan62","accountId":"097989105209","results":{"transcripts":[{"transcript":"말씀해주세요. 신한은행 이고요. 네. 하나하나 공 네. 한번 불러보시겠어요. 제가 녹음을 시켰거든요 녹음없어가지고 있어 가지고 그래 그러세요. 해주시면 되시고 입금정상화는 김 법인팀 팀장님 으로 나오실 거고요. 으로 처리하시면 그 저희 팀장님께서 자금 되기를 해 놓으셨다가. 그래도 제가 안내해 드렸듯이 별도의 뭐 서류천분화심사 필요 없이 저희 자금 쓰셨던 그대로 반환처리가 가능 하신거고 반환가능 하신그 그 처리하실 때 빠르게 위해서 어느 은행에서 누구 명의로 하시는 거죠? 그러세요. 시간이 얼마나 걸리실까요 것 같아요. 네, 알겠습니다. 제가 그 이 부분 앞으로 찍어가지고 보내드릴 거고 들어오시면 저희 쪽에서는 바로 확인이 되십니다 하시니까 처리하시고 하나 저축쪽에 전화를 하셔가지고요 전산되기만 조금 해달라고 요청해주시겠어요. 네. 감사합니다."}],"items":[{"start_time":"1.05","end_time":"1.76","alternatives":[{"confidence":"0.2908","content":"말씀해주세요"}],"type":"pronunciation"},{"alternatives":[{"confidence":"0.0","content":"."}],"type":"punctuation"},{"start_time":"2.29","end_time":"2.83","alternatives":[{"confidence":"0.8828","content":"신한은행"}],"type":"pronunciation"},{"start_time":"2.83","end_time":"3.51","alternatives":[{"confidence":"0.9857","content":"이고요"}],"type":"pronunciation"},{"alternatives":[{"confidence":"0.0","content":"."}],"type":"punctuation"},{"start_time":"4.23","end_time":"4.43","alternatives":[{"confidence":"0.4331","content":"네"}],"type":"pronunciation"},{"alternatives":[{"confidence":"0.0","content":"."}],"type":"punctuation"},{"start_time":"4.43","end_time":"4.94","alternatives":[{"confidence":"0.8191","content":"하나하나"}],"type":"pronunciation"},{"start_time":"4.94","end_time":"5.51","alternatives":[{"confidence":"0.6445","content":"공"}],"type":"pronunciation"},{"start_time":"10.26","end_time":"10.39","alternatives":[{"confidence":"0.1684","content":"네"}],"type":"pronunciation"},{"alternatives":[{"confidence":"0.0","content":"."}],"type":"punctuation"},{"start_time":"10.39","end_time":"10.61","alternatives":[{"confidence":"0.9818","content":"한번"}],"type":"pronunciation"},{"start_time":"10.61","end_time":"11.51","alternatives":[{"confidence":"0.9904000000000001","content":"불러보시겠어요"}],"type":"pronunciation"},{"alternatives":[{"confidence":"0.0","content":"."}],"type":"punctuation"},{"start_time":"12.65","end_time":"12.8","alternatives":[{"confidence":"0.9609","content":"제가"}],"type":"pronunciation"},{"start_time":"12.8","end_time":"13.05","alternatives":[{"confidence":"0.9417500000000001","content":"녹음을"}],"type":"pronunciation"},{"start_time":"13.05","end_time":"13.62","alternatives":[{"confidence":"0.9854499999999999","content":"시켰거든요"}],"type":"pronunciation"},{"start_time":"14.15","end_time":"16.69","alternatives":[{"confidence":"0.6388333333333334","content":"녹음없어가지고"}],"type":"pronunciation"},{"start_time":"17.15","end_time":"17.26","alternatives":[{"confidence":"0.0561","content":"있어"}],"type":"pronunciation"},{"start_time":"17.26","end_time":"17.51","alternatives":[{"confidence":"0.9096","content":"가지고"}],"type":"pronunciation"},{"start_time":"17.51","end_time":"17.72","alternatives":[{"confidence":"0.2376","content":"그래"}],"type":"pronunciation"},{"start_time":"18.02","end_time":"18.41","alternatives":[{"confidence":"0.9915","content":"그러세요"}],"type":"pronunciation"},{"alternatives":[{"confidence":"0.0","content":"."}],"type":"punctuation"},{"start_time":"18.86","end_time":"19.13","alternatives":[{"confidence":"0.9174","content":"해주시면"}],"type":"pronunciation"},{"start_time":"19.13","end_time":"19.41","alternatives":[{"confidence":"0.059800000000000006","content":"되시고"}],"type":"pronunciation"},{"start_time":"20.97","end_time":"21.93","alternatives":[{"confidence":"0.40019999999999994","content":"입금정상화는"}],"type":"pronunciation"},{"start_time":"22.02","end_time":"22.6","alternatives":[{"confidence":"0.5042","content":"김"}],"type":"pronunciation"},{"start_time":"24.18","end_time":"24.73","alternatives":[{"confidence":"0.78825","content":"법인팀"}],"type":"pronunciation"},{"start_time":"24.73","end_time":"25.13","alternatives":[{"confidence":"0.7918000000000001","content":"팀장님"}],"type":"pronunciation"},{"start_time":"25.13","end_time":"25.27","alternatives":[{"confidence":"0.9977","content":"으로"}],"type":"pronunciation"},{"start_time":"25.27","end_time":"25.63","alternatives":[{"confidence":"0.9710000000000001","content":"나오실"}],"type":"pronunciation"},{"start_time":"25.63","end_time":"26.32","alternatives":[{"confidence":"0.8976","content":"거고요"}],"type":"pronunciation"},{"alternatives":[{"confidence":"0.0","content":"."}],"type":"punctuation"},{"start_time":"26.53","end_time":"26.7","alternatives":[{"confidence":"0.898","content":"으로"}],"type":"pronunciation"},{"start_time":"26.7","end_time":"27.73","alternatives":[{"confidence":"0.94245","content":"처리하시면"}],"type":"pronunciation"},{"start_time":"27.76","end_time":"28.11","alternatives":[{"confidence":"0.7616","content":"그"}],"type":"pronunciation"},{"start_time":"28.14","end_time":"28.35","alternatives":[{"confidence":"0.969","content":"저희"}],"type":"pronunciation"},{"start_time":"28.35","end_time":"28.94","alternatives":[{"confidence":"0.9996499999999999","content":"팀장님께서"}],"type":"pronunciation"},{"start_time":"28.94","end_time":"29.22","alternatives":[{"confidence":"0.5439","content":"자금"}],"type":"pronunciation"},{"start_time":"29.22","end_time":"29.51","alternatives":[{"confidence":"0.6095","content":"되기를"}],"type":"pronunciation"},{"start_time":"29.51","end_time":"29.57","alternatives":[{"confidence":"0.802","content":"해"}],"type":"pronunciation"},{"start_time":"29.57","end_time":"30.32","alternatives":[{"confidence":"0.9279999999999999","content":"놓으셨다가"}],"type":"pronunciation"},{"alternatives":[{"confidence":"0.0","content":"."}],"type":"punctuation"},{"start_time":"30.5","end_time":"30.76","alternatives":[{"confidence":"0.2602","content":"그래도"}],"type":"pronunciation"},{"start_time":"30.76","end_time":"31.01","alternatives":[{"confidence":"0.9967","content":"제가"}],"type":"pronunciation"},{"start_time":"31.01","end_time":"31.3","alternatives":[{"confidence":"0.94495","content":"안내해"}],"type":"pronunciation"},{"start_time":"31.3","end_time":"31.89","alternatives":[{"confidence":"1.0","content":"드렸듯이"}],"type":"pronunciation"},{"start_time":"31.92","end_time":"32.45","alternatives":[{"confidence":"1.0","content":"별도의"}],"type":"pronunciation"},{"start_time":"32.48","end_time":"32.74","alternatives":[{"confidence":"0.9497","content":"뭐"}],"type":"pronunciation"},{"start_time":"32.77","end_time":"33.67","alternatives":[{"confidence":"0.627225","content":"서류천분화심사"}],"type":"pronunciation"},{"start_time":"33.67","end_time":"33.88","alternatives":[{"confidence":"0.9986","content":"필요"}],"type":"pronunciation"},{"start_time":"33.88","end_time":"34.45","alternatives":[{"confidence":"1.0","content":"없이"}],"type":"pronunciation"},{"start_time":"34.48","end_time":"34.67","alternatives":[{"confidence":"0.8526","content":"저희"}],"type":"pronunciation"},{"start_time":"34.67","end_time":"34.91","alternatives":[{"confidence":"0.5755","content":"자금"}],"type":"pronunciation"},{"start_time":"34.91","end_time":"35.29","alternatives":[{"confidence":"0.98725","content":"쓰셨던"}],"type":"pronunciation"},{"start_time":"35.29","end_time":"35.57","alternatives":[{"confidence":"0.9238","content":"그대로"}],"type":"pronunciation"},{"start_time":"35.57","end_time":"36.14","alternatives":[{"confidence":"0.87185","content":"반환처리가"}],"type":"pronunciation"},{"start_time":"36.14","end_time":"36.39","alternatives":[{"confidence":"0.9422","content":"가능"}],"type":"pronunciation"},{"start_time":"36.39","end_time":"37.04","alternatives":[{"confidence":"0.9708","content":"하신거고"}],"type":"pronunciation"},{"start_time":"37.16","end_time":"37.84","alternatives":[{"confidence":"0.71155","content":"반환가능"}],"type":"pronunciation"},{"start_time":"37.84","end_time":"38.67","alternatives":[{"confidence":"0.6637500000000001","content":"하신그"}],"type":"pronunciation"},{"start_time":"39.34","end_time":"39.71","alternatives":[{"confidence":"0.8959","content":"그"}],"type":"pronunciation"},{"start_time":"39.72","end_time":"40.23","alternatives":[{"confidence":"0.8725499999999999","content":"처리하실"}],"type":"pronunciation"},{"start_time":"40.23","end_time":"40.59","alternatives":[{"confidence":"0.7648","content":"때"}],"type":"pronunciation"},{"start_time":"40.62","end_time":"40.91","alternatives":[{"confidence":"0.1131","content":"빠르게"}],"type":"pronunciation"},{"start_time":"41.06","end_time":"41.45","alternatives":[{"confidence":"0.9374","content":"위해서"}],"type":"pronunciation"},{"start_time":"41.45","end_time":"41.74","alternatives":[{"confidence":"0.9884","content":"어느"}],"type":"pronunciation"},{"start_time":"41.74","end_time":"42.3","alternatives":[{"confidence":"0.9991","content":"은행에서"}],"type":"pronunciation"},{"start_time":"42.3","end_time":"42.57","alternatives":[{"confidence":"0.8597","content":"누구"}],"type":"pronunciation"},{"start_time":"42.57","end_time":"42.86","alternatives":[{"confidence":"0.9998","content":"명의로"}],"type":"pronunciation"},{"start_time":"42.86","end_time":"43.13","alternatives":[{"confidence":"0.8505","content":"하시는"}],"type":"pronunciation"},{"start_time":"43.13","end_time":"43.59","alternatives":[{"confidence":"0.992","content":"거죠"}],"type":"pronunciation"},{"alternatives":[{"confidence":"0.0","content":"?"}],"type":"punctuation"},{"start_time":"45.79","end_time":"46.18","alternatives":[{"confidence":"1.0","content":"그러세요"}],"type":"pronunciation"},{"alternatives":[{"confidence":"0.0","content":"."}],"type":"punctuation"},{"start_time":"46.21","end_time":"46.51","alternatives":[{"confidence":"0.5193","content":"시간이"}],"type":"pronunciation"},{"start_time":"46.51","end_time":"46.82","alternatives":[{"confidence":"0.9992","content":"얼마나"}],"type":"pronunciation"},{"start_time":"46.82","end_time":"47.54","alternatives":[{"confidence":"0.9869","content":"걸리실까요"}],"type":"pronunciation"},{"start_time":"48.42","end_time":"48.51","alternatives":[{"confidence":"0.9448","content":"것"}],"type":"pronunciation"},{"start_time":"48.51","end_time":"48.83","alternatives":[{"confidence":"0.9702","content":"같아요"}],"type":"pronunciation"},{"alternatives":[{"confidence":"0.0","content":"."}],"type":"punctuation"},{"start_time":"48.99","end_time":"49.63","alternatives":[{"confidence":"0.9996","content":"네"}],"type":"pronunciation"},{"alternatives":[{"confidence":"0.0","content":","}],"type":"punctuation"},{"start_time":"49.63","end_time":"50.05","alternatives":[{"confidence":"0.9996","content":"알겠습니다"}],"type":"pronunciation"},{"alternatives":[{"confidence":"0.0","content":"."}],"type":"punctuation"},{"start_time":"50.05","end_time":"50.41","alternatives":[{"confidence":"0.9996","content":"제가"}],"type":"pronunciation"},{"start_time":"50.44","end_time":"50.72","alternatives":[{"confidence":"0.8495","content":"그"}],"type":"pronunciation"},{"start_time":"50.75","end_time":"50.87","alternatives":[{"confidence":"0.8654","content":"이"}],"type":"pronunciation"},{"start_time":"50.87","end_time":"51.41","alternatives":[{"confidence":"0.1543","content":"부분"}],"type":"pronunciation"},{"start_time":"51.47","end_time":"51.94","alternatives":[{"confidence":"0.1131","content":"앞으로"}],"type":"pronunciation"},{"start_time":"51.94","end_time":"52.43","alternatives":[{"confidence":"0.89625","content":"찍어가지고"}],"type":"pronunciation"},{"start_time":"52.43","end_time":"52.83","alternatives":[{"confidence":"0.9212","content":"보내드릴"}],"type":"pronunciation"},{"start_time":"52.83","end_time":"53.13","alternatives":[{"confidence":"0.9998","content":"거고"}],"type":"pronunciation"},{"start_time":"53.13","end_time":"53.57","alternatives":[{"confidence":"0.40524999999999994","content":"들어오시면"}],"type":"pronunciation"},{"start_time":"53.57","end_time":"53.77","alternatives":[{"confidence":"0.9822","content":"저희"}],"type":"pronunciation"},{"start_time":"53.77","end_time":"54.17","alternatives":[{"confidence":"0.9979","content":"쪽에서는"}],"type":"pronunciation"},{"start_time":"54.17","end_time":"54.38","alternatives":[{"confidence":"0.9765","content":"바로"}],"type":"pronunciation"},{"start_time":"54.38","end_time":"54.67","alternatives":[{"confidence":"0.9882500000000001","content":"확인이"}],"type":"pronunciation"},{"start_time":"54.67","end_time":"55.19","alternatives":[{"confidence":"0.9612","content":"되십니다"}],"type":"pronunciation"},{"start_time":"55.58","end_time":"56.28","alternatives":[{"confidence":"0.497","content":"하시니까"}],"type":"pronunciation"},{"start_time":"57.2","end_time":"58.22","alternatives":[{"confidence":"0.86815","content":"처리하시고"}],"type":"pronunciation"},{"start_time":"58.41","end_time":"58.87","alternatives":[{"confidence":"0.6481","content":"하나"}],"type":"pronunciation"},{"start_time":"58.87","end_time":"59.38","alternatives":[{"confidence":"0.6672499999999999","content":"저축쪽에"}],"type":"pronunciation"},{"start_time":"59.38","end_time":"59.75","alternatives":[{"confidence":"0.9999","content":"전화를"}],"type":"pronunciation"},{"start_time":"59.75","end_time":"60.65","alternatives":[{"confidence":"0.82475","content":"하셔가지고요"}],"type":"pronunciation"},{"start_time":"60.77","end_time":"61.56","alternatives":[{"confidence":"0.9365","content":"전산되기만"}],"type":"pronunciation"},{"start_time":"61.56","end_time":"61.78","alternatives":[{"confidence":"0.7767","content":"조금"}],"type":"pronunciation"},{"start_time":"61.78","end_time":"62.18","alternatives":[{"confidence":"0.9499","content":"해달라고"}],"type":"pronunciation"},{"start_time":"62.18","end_time":"63.2","alternatives":[{"confidence":"0.8724999999999999","content":"요청해주시겠어요"}],"type":"pronunciation"},{"alternatives":[{"confidence":"0.0","content":"."}],"type":"punctuation"},{"start_time":"64.22","end_time":"64.47","alternatives":[{"confidence":"0.9998","content":"네"}],"type":"pronunciation"},{"alternatives":[{"confidence":"0.0","content":"."}],"type":"punctuation"},{"start_time":"64.47","end_time":"64.96","alternatives":[{"confidence":"0.9974","content":"감사합니다"}],"type":"pronunciation"},{"alternatives":[{"confidence":"0.0","content":"."}],"type":"punctuation"}]},"status":"COMPLETED"}