{"jobName":"transcribe_loan30","accountId":"097989105209","results":{"transcripts":[{"transcript":"을 약속하는 신한은행입니다 국민행복기금정부지원 자금으로 고금리 부채를 마이너스 통장계절로 통합 가능 하십니다. 마이너스 통장발급신청은 1 번 수신거부는 구번을 눌러주세요."}],"items":[{"start_time":"0.18","end_time":"0.35","alternatives":[{"confidence":"0.9701","content":"을"}],"type":"pronunciation"},{"start_time":"0.35","end_time":"1.03","alternatives":[{"confidence":"0.9897499999999999","content":"약속하는"}],"type":"pronunciation"},{"start_time":"1.03","end_time":"2.12","alternatives":[{"confidence":"0.9333333333333332","content":"신한은행입니다"}],"type":"pronunciation"},{"start_time":"2.43","end_time":"4.42","alternatives":[{"confidence":"0.80442","content":"국민행복기금정부지원"}],"type":"pronunciation"},{"start_time":"4.42","end_time":"5.02","alternatives":[{"confidence":"1.0","content":"자금으로"}],"type":"pronunciation"},{"start_time":"5.19","end_time":"5.64","alternatives":[{"confidence":"0.82555","content":"고금리"}],"type":"pronunciation"},{"start_time":"5.64","end_time":"6.16","alternatives":[{"confidence":"0.4846","content":"부채를"}],"type":"pronunciation"},{"start_time":"6.16","end_time":"6.68","alternatives":[{"confidence":"0.9739","content":"마이너스"}],"type":"pronunciation"},{"start_time":"6.68","end_time":"7.55","alternatives":[{"confidence":"0.8647666666666667","content":"통장계절로"}],"type":"pronunciation"},{"start_time":"7.55","end_time":"7.95","alternatives":[{"confidence":"0.7771","content":"통합"}],"type":"pronunciation"},{"start_time":"7.95","end_time":"8.22","alternatives":[{"confidence":"0.735","content":"가능"}],"type":"pronunciation"},{"start_time":"8.22","end_time":"8.83","alternatives":[{"confidence":"1.0","content":"하십니다"}],"type":"pronunciation"},{"alternatives":[{"confidence":"0.0","content":"."}],"type":"punctuation"},{"start_time":"9.31","end_time":"9.77","alternatives":[{"confidence":"0.9757","content":"마이너스"}],"type":"pronunciation"},{"start_time":"9.77","end_time":"10.96","alternatives":[{"confidence":"0.98395","content":"통장발급신청은"}],"type":"pronunciation"},{"start_time":"10.96","end_time":"11.15","alternatives":[{"confidence":"0.6944","content":"1"}],"type":"pronunciation"},{"start_time":"11.15","end_time":"11.49","alternatives":[{"confidence":"0.9091","content":"번"}],"type":"pronunciation"},{"start_time":"11.76","end_time":"12.5","alternatives":[{"confidence":"0.8203333333333335","content":"수신거부는"}],"type":"pronunciation"},{"start_time":"12.5","end_time":"12.94","alternatives":[{"confidence":"0.79105","content":"구번을"}],"type":"pronunciation"},{"start_time":"12.94","end_time":"13.79","alternatives":[{"confidence":"0.91","content":"눌러주세요"}],"type":"pronunciation"},{"alternatives":[{"confidence":"0.0","content":"."}],"type":"punctuation"}]},"status":"COMPLETED"}