{"jobName":"transcribe_loan59","accountId":"097989105209","results":{"transcripts":[{"transcript":"그러면 제가 재단이나 지금 에 가서 뭐라고 얘기를 해야 되나요? 거기에 만약 진행하게 되면요 저희가 어차피 뭐 뭐 조금 보증비그래도 조금 저렴한 대로 찾아서 서울보증기금이나 이런데 조금 저렴하거든요 고객님대출서류를 넘겨드릴 거예요. 그냥 님이 저희 쪽에서 이천오백오십만원이 됐고 점 육 프로를 해서 대출을 진행할 건데 보증서를 발급을 해달라고 일단 요청해 가지고 그쪽에서 이제 가능하다고 사인이 떨어지면은 보이는 이제 다시 연락하셔서 보증비 납부하시고 보증서는 이제 저희 쪽으로 이제 받으시면 되거든요. 네. 그래요. 그러면 그렇게 해주세요. 제가 하는 것보다는 나은 가요. 고객님직접. 네. 안 가셔도 돼요. 어차피 협조 요청을 이렇게 들어가면요 네네네. 저희 쪽에서 이제 그 쪽에 연락하셔서 보증기간 하시면 되는데 일단은 그러면 저희가 공문을 한번 보내드릴까요. 일단은 그쪽에서도 보증서를 발급가능하다고 해야 그렇죠. 대출을 진행할 수 있는데 만약에 분석발급이 안 된다면 저희도 다른 기관으로 알아봐야 되니까요. 저희가 그러면 서울신용보증기금쪽으로 곡물보냈어요 떨어지면 전화 드리겠습니다. 예, 알겠습니다."}],"items":[{"start_time":"0.5","end_time":"0.84","alternatives":[{"confidence":"0.9225","content":"그러면"}],"type":"pronunciation"},{"start_time":"0.84","end_time":"1.07","alternatives":[{"confidence":"0.7488","content":"제가"}],"type":"pronunciation"},{"start_time":"1.07","end_time":"1.45","alternatives":[{"confidence":"0.8070999999999999","content":"재단이나"}],"type":"pronunciation"},{"start_time":"1.45","end_time":"1.68","alternatives":[{"confidence":"0.5568","content":"지금"}],"type":"pronunciation"},{"start_time":"1.68","end_time":"1.73","alternatives":[{"confidence":"0.4585","content":"에"}],"type":"pronunciation"},{"start_time":"1.73","end_time":"2.12","alternatives":[{"confidence":"0.9999","content":"가서"}],"type":"pronunciation"},{"start_time":"2.12","end_time":"2.49","alternatives":[{"confidence":"0.9321","content":"뭐라고"}],"type":"pronunciation"},{"start_time":"2.49","end_time":"2.92","alternatives":[{"confidence":"0.9893","content":"얘기를"}],"type":"pronunciation"},{"start_time":"2.92","end_time":"3.05","alternatives":[{"confidence":"0.8559","content":"해야"}],"type":"pronunciation"},{"start_time":"3.05","end_time":"3.47","alternatives":[{"confidence":"0.9452","content":"되나요"}],"type":"pronunciation"},{"alternatives":[{"confidence":"0.0","content":"?"}],"type":"punctuation"},{"start_time":"3.59","end_time":"3.86","alternatives":[{"confidence":"0.4974","content":"거기에"}],"type":"pronunciation"},{"start_time":"3.86","end_time":"4.13","alternatives":[{"confidence":"0.9507","content":"만약"}],"type":"pronunciation"},{"start_time":"4.13","end_time":"4.56","alternatives":[{"confidence":"0.9901500000000001","content":"진행하게"}],"type":"pronunciation"},{"start_time":"4.56","end_time":"5.02","alternatives":[{"confidence":"0.9969","content":"되면요"}],"type":"pronunciation"},{"start_time":"5.39","end_time":"5.98","alternatives":[{"confidence":"1.0","content":"저희가"}],"type":"pronunciation"},{"start_time":"5.98","end_time":"6.39","alternatives":[{"confidence":"1.0","content":"어차피"}],"type":"pronunciation"},{"start_time":"6.39","end_time":"6.99","alternatives":[{"confidence":"0.9491","content":"뭐"}],"type":"pronunciation"},{"start_time":"7.08","end_time":"7.38","alternatives":[{"confidence":"0.9171","content":"뭐"}],"type":"pronunciation"},{"start_time":"7.55","end_time":"8.09","alternatives":[{"confidence":"0.9272","content":"조금"}],"type":"pronunciation"},{"start_time":"8.32","end_time":"9.15","alternatives":[{"confidence":"0.7102333333333334","content":"보증비그래도"}],"type":"pronunciation"},{"start_time":"9.15","end_time":"9.47","alternatives":[{"confidence":"0.9991","content":"조금"}],"type":"pronunciation"},{"start_time":"9.47","end_time":"9.94","alternatives":[{"confidence":"0.9992","content":"저렴한"}],"type":"pronunciation"},{"start_time":"9.94","end_time":"10.24","alternatives":[{"confidence":"0.681","content":"대로"}],"type":"pronunciation"},{"start_time":"10.24","end_time":"10.91","alternatives":[{"confidence":"1.0","content":"찾아서"}],"type":"pronunciation"},{"start_time":"11.12","end_time":"12.34","alternatives":[{"confidence":"0.949275","content":"서울보증기금이나"}],"type":"pronunciation"},{"start_time":"12.34","end_time":"12.63","alternatives":[{"confidence":"0.8402000000000001","content":"이런데"}],"type":"pronunciation"},{"start_time":"12.63","end_time":"12.87","alternatives":[{"confidence":"0.9909","content":"조금"}],"type":"pronunciation"},{"start_time":"12.87","end_time":"13.62","alternatives":[{"confidence":"0.9996","content":"저렴하거든요"}],"type":"pronunciation"},{"start_time":"14.53","end_time":"15.96","alternatives":[{"confidence":"0.8946999999999999","content":"고객님대출서류를"}],"type":"pronunciation"},{"start_time":"15.99","end_time":"16.54","alternatives":[{"confidence":"0.9278","content":"넘겨드릴"}],"type":"pronunciation"},{"start_time":"16.54","end_time":"16.9","alternatives":[{"confidence":"0.8863","content":"거예요"}],"type":"pronunciation"},{"alternatives":[{"confidence":"0.0","content":"."}],"type":"punctuation"},{"start_time":"16.93","end_time":"17.14","alternatives":[{"confidence":"0.2166","content":"그냥"}],"type":"pronunciation"},{"start_time":"17.37","end_time":"17.56","alternatives":[{"confidence":"0.8726","content":"님이"}],"type":"pronunciation"},{"start_time":"17.56","end_time":"17.75","alternatives":[{"confidence":"0.9057","content":"저희"}],"type":"pronunciation"},{"start_time":"17.75","end_time":"18.21","alternatives":[{"confidence":"1.0","content":"쪽에서"}],"type":"pronunciation"},{"start_time":"18.58","end_time":"20.22","alternatives":[{"confidence":"0.63602","content":"이천오백오십만원이"}],"type":"pronunciation"},{"start_time":"20.22","end_time":"20.69","alternatives":[{"confidence":"0.9898","content":"됐고"}],"type":"pronunciation"},{"start_time":"20.9","end_time":"21.01","alternatives":[{"confidence":"0.2919","content":"점"}],"type":"pronunciation"},{"start_time":"21.01","end_time":"21.11","alternatives":[{"confidence":"0.8049","content":"육"}],"type":"pronunciation"},{"start_time":"21.11","end_time":"21.44","alternatives":[{"confidence":"0.89055","content":"프로를"}],"type":"pronunciation"},{"start_time":"21.47","end_time":"21.94","alternatives":[{"confidence":"0.9873","content":"해서"}],"type":"pronunciation"},{"start_time":"22.06","end_time":"22.46","alternatives":[{"confidence":"0.9924","content":"대출을"}],"type":"pronunciation"},{"start_time":"22.46","end_time":"22.83","alternatives":[{"confidence":"0.8099","content":"진행할"}],"type":"pronunciation"},{"start_time":"22.83","end_time":"23.31","alternatives":[{"confidence":"0.8454","content":"건데"}],"type":"pronunciation"},{"start_time":"24.2","end_time":"25.0","alternatives":[{"confidence":"0.99945","content":"보증서를"}],"type":"pronunciation"},{"start_time":"25.0","end_time":"25.37","alternatives":[{"confidence":"0.9685","content":"발급을"}],"type":"pronunciation"},{"start_time":"25.37","end_time":"25.78","alternatives":[{"confidence":"0.9081","content":"해달라고"}],"type":"pronunciation"},{"start_time":"25.78","end_time":"25.99","alternatives":[{"confidence":"0.7092","content":"일단"}],"type":"pronunciation"},{"start_time":"25.99","end_time":"26.36","alternatives":[{"confidence":"0.6214","content":"요청해"}],"type":"pronunciation"},{"start_time":"26.36","end_time":"26.94","alternatives":[{"confidence":"0.9863","content":"가지고"}],"type":"pronunciation"},{"start_time":"27.51","end_time":"27.98","alternatives":[{"confidence":"0.99275","content":"그쪽에서"}],"type":"pronunciation"},{"start_time":"27.98","end_time":"28.23","alternatives":[{"confidence":"0.9981","content":"이제"}],"type":"pronunciation"},{"start_time":"28.42","end_time":"29.04","alternatives":[{"confidence":"0.9989","content":"가능하다고"}],"type":"pronunciation"},{"start_time":"29.04","end_time":"29.38","alternatives":[{"confidence":"0.9609000000000001","content":"사인이"}],"type":"pronunciation"},{"start_time":"29.38","end_time":"30.21","alternatives":[{"confidence":"0.39154999999999995","content":"떨어지면은"}],"type":"pronunciation"},{"start_time":"30.39","end_time":"30.67","alternatives":[{"confidence":"0.7905","content":"보이는"}],"type":"pronunciation"},{"start_time":"30.67","end_time":"30.79","alternatives":[{"confidence":"0.7499","content":"이제"}],"type":"pronunciation"},{"start_time":"30.8","end_time":"31.06","alternatives":[{"confidence":"0.9957","content":"다시"}],"type":"pronunciation"},{"start_time":"31.06","end_time":"31.83","alternatives":[{"confidence":"0.97925","content":"연락하셔서"}],"type":"pronunciation"},{"start_time":"32.12","end_time":"32.51","alternatives":[{"confidence":"0.75935","content":"보증비"}],"type":"pronunciation"},{"start_time":"32.51","end_time":"33.28","alternatives":[{"confidence":"0.99995","content":"납부하시고"}],"type":"pronunciation"},{"start_time":"33.43","end_time":"34.05","alternatives":[{"confidence":"0.98675","content":"보증서는"}],"type":"pronunciation"},{"start_time":"34.05","end_time":"34.22","alternatives":[{"confidence":"0.9936","content":"이제"}],"type":"pronunciation"},{"start_time":"34.38","end_time":"34.53","alternatives":[{"confidence":"0.5189","content":"저희"}],"type":"pronunciation"},{"start_time":"34.53","end_time":"34.81","alternatives":[{"confidence":"0.8469","content":"쪽으로"}],"type":"pronunciation"},{"start_time":"34.81","end_time":"34.94","alternatives":[{"confidence":"0.8307","content":"이제"}],"type":"pronunciation"},{"start_time":"34.95","end_time":"35.48","alternatives":[{"confidence":"1.0","content":"받으시면"}],"type":"pronunciation"},{"start_time":"35.48","end_time":"36.15","alternatives":[{"confidence":"0.9998","content":"되거든요"}],"type":"pronunciation"},{"alternatives":[{"confidence":"0.0","content":"."}],"type":"punctuation"},{"start_time":"36.67","end_time":"36.8","alternatives":[{"confidence":"0.7133","content":"네"}],"type":"pronunciation"},{"alternatives":[{"confidence":"0.0","content":"."}],"type":"punctuation"},{"start_time":"37.43","end_time":"37.76","alternatives":[{"confidence":"0.9999","content":"그래요"}],"type":"pronunciation"},{"alternatives":[{"confidence":"0.0","content":"."}],"type":"punctuation"},{"start_time":"37.76","end_time":"38.12","alternatives":[{"confidence":"0.9991","content":"그러면"}],"type":"pronunciation"},{"start_time":"38.16","end_time":"38.58","alternatives":[{"confidence":"0.9965","content":"그렇게"}],"type":"pronunciation"},{"start_time":"38.58","end_time":"39.16","alternatives":[{"confidence":"0.7256","content":"해주세요"}],"type":"pronunciation"},{"alternatives":[{"confidence":"0.0","content":"."}],"type":"punctuation"},{"start_time":"39.5","end_time":"39.73","alternatives":[{"confidence":"0.0485","content":"제가"}],"type":"pronunciation"},{"start_time":"40.03","end_time":"40.22","alternatives":[{"confidence":"0.9448","content":"하는"}],"type":"pronunciation"},{"start_time":"40.22","end_time":"40.61","alternatives":[{"confidence":"0.8402","content":"것보다는"}],"type":"pronunciation"},{"start_time":"40.61","end_time":"40.8","alternatives":[{"confidence":"0.5207","content":"나은"}],"type":"pronunciation"},{"start_time":"40.8","end_time":"41.09","alternatives":[{"confidence":"0.7112","content":"가요"}],"type":"pronunciation"},{"alternatives":[{"confidence":"0.0","content":"."}],"type":"punctuation"},{"start_time":"42.1","end_time":"43.37","alternatives":[{"confidence":"0.5387500000000001","content":"고객님직접"}],"type":"pronunciation"},{"alternatives":[{"confidence":"0.0","content":"."}],"type":"punctuation"},{"start_time":"43.68","end_time":"44.01","alternatives":[{"confidence":"0.5326","content":"네"}],"type":"pronunciation"},{"alternatives":[{"confidence":"0.0","content":"."}],"type":"punctuation"},{"start_time":"44.01","end_time":"44.19","alternatives":[{"confidence":"0.7883","content":"안"}],"type":"pronunciation"},{"start_time":"44.19","end_time":"44.5","alternatives":[{"confidence":"0.9952000000000001","content":"가셔도"}],"type":"pronunciation"},{"start_time":"44.5","end_time":"44.8","alternatives":[{"confidence":"0.9674","content":"돼요"}],"type":"pronunciation"},{"alternatives":[{"confidence":"0.0","content":"."}],"type":"punctuation"},{"start_time":"44.86","end_time":"45.2","alternatives":[{"confidence":"0.0129","content":"어차피"}],"type":"pronunciation"},{"start_time":"45.91","end_time":"46.22","alternatives":[{"confidence":"0.7702","content":"협조"}],"type":"pronunciation"},{"start_time":"46.22","end_time":"46.64","alternatives":[{"confidence":"0.9857","content":"요청을"}],"type":"pronunciation"},{"start_time":"46.64","end_time":"46.85","alternatives":[{"confidence":"0.982","content":"이렇게"}],"type":"pronunciation"},{"start_time":"46.85","end_time":"47.61","alternatives":[{"confidence":"0.98125","content":"들어가면요"}],"type":"pronunciation"},{"start_time":"47.86","end_time":"48.64","alternatives":[{"confidence":"0.618","content":"네네네"}],"type":"pronunciation"},{"alternatives":[{"confidence":"0.0","content":"."}],"type":"punctuation"},{"start_time":"48.87","end_time":"49.12","alternatives":[{"confidence":"0.9192","content":"저희"}],"type":"pronunciation"},{"start_time":"49.12","end_time":"49.43","alternatives":[{"confidence":"0.9995","content":"쪽에서"}],"type":"pronunciation"},{"start_time":"49.43","end_time":"49.6","alternatives":[{"confidence":"0.967","content":"이제"}],"type":"pronunciation"},{"start_time":"51.78","end_time":"51.92","alternatives":[{"confidence":"0.1406","content":"그"}],"type":"pronunciation"},{"start_time":"51.92","end_time":"52.12","alternatives":[{"confidence":"0.1379","content":"쪽에"}],"type":"pronunciation"},{"start_time":"52.12","end_time":"52.65","alternatives":[{"confidence":"0.9902500000000001","content":"연락하셔서"}],"type":"pronunciation"},{"start_time":"52.65","end_time":"53.18","alternatives":[{"confidence":"0.41065","content":"보증기간"}],"type":"pronunciation"},{"start_time":"53.4","end_time":"53.68","alternatives":[{"confidence":"0.9985","content":"하시면"}],"type":"pronunciation"},{"start_time":"53.68","end_time":"54.13","alternatives":[{"confidence":"0.9816","content":"되는데"}],"type":"pronunciation"},{"start_time":"54.92","end_time":"55.24","alternatives":[{"confidence":"0.9714","content":"일단은"}],"type":"pronunciation"},{"start_time":"55.24","end_time":"55.67","alternatives":[{"confidence":"0.9999","content":"그러면"}],"type":"pronunciation"},{"start_time":"56.03","end_time":"56.29","alternatives":[{"confidence":"0.9994","content":"저희가"}],"type":"pronunciation"},{"start_time":"56.29","end_time":"56.65","alternatives":[{"confidence":"0.49415","content":"공문을"}],"type":"pronunciation"},{"start_time":"56.65","end_time":"56.88","alternatives":[{"confidence":"0.826","content":"한번"}],"type":"pronunciation"},{"start_time":"56.88","end_time":"57.58","alternatives":[{"confidence":"0.86775","content":"보내드릴까요"}],"type":"pronunciation"},{"alternatives":[{"confidence":"0.0","content":"."}],"type":"punctuation"},{"start_time":"58.4","end_time":"58.89","alternatives":[{"confidence":"0.9998","content":"일단은"}],"type":"pronunciation"},{"start_time":"59.08","end_time":"59.64","alternatives":[{"confidence":"0.9943500000000001","content":"그쪽에서도"}],"type":"pronunciation"},{"start_time":"59.64","end_time":"60.35","alternatives":[{"confidence":"0.9998","content":"보증서를"}],"type":"pronunciation"},{"start_time":"60.35","end_time":"61.36","alternatives":[{"confidence":"0.99215","content":"발급가능하다고"}],"type":"pronunciation"},{"start_time":"61.36","end_time":"62.07","alternatives":[{"confidence":"0.2362","content":"해야"}],"type":"pronunciation"},{"start_time":"62.37","end_time":"62.71","alternatives":[{"confidence":"0.0377","content":"그렇죠"}],"type":"pronunciation"},{"alternatives":[{"confidence":"0.0","content":"."}],"type":"punctuation"},{"start_time":"63.25","end_time":"64.08","alternatives":[{"confidence":"0.9886","content":"대출을"}],"type":"pronunciation"},{"start_time":"64.14","end_time":"64.53","alternatives":[{"confidence":"0.9512","content":"진행할"}],"type":"pronunciation"},{"start_time":"64.53","end_time":"64.64","alternatives":[{"confidence":"0.9982","content":"수"}],"type":"pronunciation"},{"start_time":"64.64","end_time":"64.95","alternatives":[{"confidence":"0.9851","content":"있는데"}],"type":"pronunciation"},{"start_time":"64.95","end_time":"65.27","alternatives":[{"confidence":"0.9969","content":"만약에"}],"type":"pronunciation"},{"start_time":"65.27","end_time":"66.18","alternatives":[{"confidence":"0.9213333333333334","content":"분석발급이"}],"type":"pronunciation"},{"start_time":"66.18","end_time":"66.28","alternatives":[{"confidence":"0.7053","content":"안"}],"type":"pronunciation"},{"start_time":"66.28","end_time":"66.64","alternatives":[{"confidence":"0.9842","content":"된다면"}],"type":"pronunciation"},{"start_time":"66.64","end_time":"66.95","alternatives":[{"confidence":"0.9202","content":"저희도"}],"type":"pronunciation"},{"start_time":"66.95","end_time":"67.19","alternatives":[{"confidence":"0.9959","content":"다른"}],"type":"pronunciation"},{"start_time":"67.19","end_time":"67.58","alternatives":[{"confidence":"0.7463","content":"기관으로"}],"type":"pronunciation"},{"start_time":"67.58","end_time":"67.9","alternatives":[{"confidence":"0.9801500000000001","content":"알아봐야"}],"type":"pronunciation"},{"start_time":"67.9","end_time":"68.52","alternatives":[{"confidence":"0.76025","content":"되니까요"}],"type":"pronunciation"},{"alternatives":[{"confidence":"0.0","content":"."}],"type":"punctuation"},{"start_time":"69.68","end_time":"70.0","alternatives":[{"confidence":"1.0","content":"저희가"}],"type":"pronunciation"},{"start_time":"70.0","end_time":"70.68","alternatives":[{"confidence":"0.999","content":"그러면"}],"type":"pronunciation"},{"start_time":"72.42","end_time":"73.79","alternatives":[{"confidence":"0.89178","content":"서울신용보증기금쪽으로"}],"type":"pronunciation"},{"start_time":"74.42","end_time":"75.3","alternatives":[{"confidence":"0.5792","content":"곡물보냈어요"}],"type":"pronunciation"},{"start_time":"75.62","end_time":"76.14","alternatives":[{"confidence":"0.9999","content":"떨어지면"}],"type":"pronunciation"},{"start_time":"76.68","end_time":"76.91","alternatives":[{"confidence":"0.8542","content":"전화"}],"type":"pronunciation"},{"start_time":"76.91","end_time":"77.44","alternatives":[{"confidence":"1.0","content":"드리겠습니다"}],"type":"pronunciation"},{"alternatives":[{"confidence":"0.0","content":"."}],"type":"punctuation"},{"start_time":"77.98","end_time":"78.01","alternatives":[{"confidence":"0.0022","content":"예"}],"type":"pronunciation"},{"alternatives":[{"confidence":"0.0","content":","}],"type":"punctuation"},{"start_time":"78.1","end_time":"78.63","alternatives":[{"confidence":"0.1224","content":"알겠습니다"}],"type":"pronunciation"},{"alternatives":[{"confidence":"0.0","content":"."}],"type":"punctuation"}]},"status":"COMPLETED"}