{"jobName":"transcribe_loan61","accountId":"097989105209","results":{"transcripts":[{"transcript":"여보세요 예, 안녕하세요? 우리 님 새롭게 시작하는 케이비국민은행김현우 델이라고 합니다. 네, 제가 전화드린 건 다름이 아니고요. 그분께서 마이너스 통장발급신청 희망해주신다고 하셔서 제가 상담차 연락드렸고요 발급신청해주신 고객님본인이 맞으신가요 그러시면 제가 간단하게 상품 설명 먼저 도와드려도 괜찮으시겠어요. 네 저희 국민은행마이너스 통장은 연금니 최저 삼점칠 프로에서 최대 칠 점 오 프로까지 저렴하게 출시가 되었고요. 한도는 최대 오천 만원까지 이용 가능. 하신데 한도와 금리는 고객님의 신용등급에 따라 차등 적용되시고요. 오 년 동안 금리변동전혀 없이 고정금리로 사용가능 하신마이너스 통장상품 이세요 혹시 추가적으로 더 궁금하신 사항 있으신가요? 네. 고객님그러시고 오 년 만기일까지 고객님연체없이 우량하게 잘 사용해주시면요 이제 오 년만 길시에 추가로 3 년도 갱신이 가능 가능하세요. 네 네. 그러셔서 총 팔 년 사용하실 수 있는 마이너스 통장상품이 시고요 기존의 마이너스 통장같은 경우에는 고객님년마다 금리가 변동되잖아요. 네. 네. 그렇지만 저는 이번에 나온 저희 마이너스 통장상품 같은 경우에는 국민행복기금즉 정부에서 지원을 하는 상품있기 때문에 금리 변동전혀 없으시고요 서민용 대출로 나온 상품이다. 시중이 나와 있는 상품으로는, 뭐 햇살론이나 새희망홀씨 같은 대출상품을 알고 계시죠? 잘 모르세요? 어쨌든 정부에서 지원을 잘 받고 있는 상품이기 때문에요. 금리 같은 부분변동전혀 없어요? 네, 출시된 지는 고기는 2. 주 정도 되셨어요? 네. 근데 있는지 보고 그럼 그러시면, 네. 그러시면 제가 가상도와드릴게요 간단하게 몇 가지만 여쭤보고 성함이 어떻게 되시나요? 고객님맞으세요 생년월일이 어떻게 되시나요? 고객님종사하고 계시는 직업은? 어떻게 되세요? 무직이시고요 고인이 그러시면 혹시 소득 같은 부분은 있으신가요? 전혀 없으시고요. 신용카드 사용하시는가요 사용 안 하시고요? 고객님그러시면 주거 형태가 자가 세요. 전세 3 월 쓰세요. 본인명이신가요 아파트 신가요 어디 지역에 있는 아파트 신가요 지역에 있는 보기는 혹시 돈까지 말씀을 해 주실 수 있으신가요? 은 아파트 인가요? 파트 맞으세요 본인명이시고요? 네. 고객님가상한 우주의 도와드릴 텐데. 잠시만 기다려 주세요. 여보세요. 네, 고객님가상안도주의 나오셨는데요 고객님말씀이 말씀해주신 정보 토대로 산출이 되신 가상한 돈은 천 팔백 만원의 연금이 사점삼프로로 선출되셨어요. 이 부분은 어디까지나 가상한 도이기 때문에요. 고객님신용도에 전혀 영향이 없는 가상한들 이기 때문에 최종적으로 승인 처리나오시게 되시면 한도 하고 금리는 변동이 될 수가 있다는 점인지를. 부탁드리고요 고객님제가 이렇게 심사관은 서류 접수한번 도와드려볼까요 고객님어떤 대출이 시든 간에 심사는 받아보셔야 된다는 걸 알고 계신가요? 고객님심사 같은 경우에는 고객님이제 서류상 저희가 평가를 해서 승인 부결처리가 나오시게 되시는데요. 네. 기본적으로 어느 신용대출이 신동안에 심사는 무조건 하셔야 되는 부분이 시고요. 고객님당연하게 행사를 안 하겠다는 게 아니고요. 게 아니고 심사를 받고 제가 금니랑 한도랑다시. 그래 정확하게 알 수 있다고 하니까 그 부분은 맞습니다. 받고 나서 제가 다시 이거를 이렇게 되는 거예요. 네. 그때 하셔도 됩니다. 그러면 제가 서류 접수한번 도와드려볼까요. 근데 지금 여기서 차이가 좀 많이 많아요. 아니요. 고객님그렇게 막 엄청나게 보통은 이십 프로 감각을 보시면 됩니다. 네. 네네 이십 하시면 되시고요 제가 같은 거예요. 하드 같은 부분은 고객님께서 소득 증빙이 전혀 안 되시기 때문에요. 원래 기존같은 경우에는 대출이 아예 안 되세요. 고객님이 어디까지나 신용대출이라는 거는 고객님의 소득 정보나 뭐 자가 형태신용카드를 사용하시는지 고객님의 신용등급에 따라 적용이 되시는 건데, 고객님께서 소득이 없다고 하시면은. 은행 입장에서는 고객님께서 대출을 내어드렸을 때 고객님가서 변제하실 수 없다는 것 밖에 확인이 안 되잖아요. 고객님서류상으로는 전화를 받았잖아요 되는 거예요. 아니요. 그게 전화 같은 부분도 저희가 드린 게 아니고요. 저희 행에서 드린 게 아니고 국민행복기금이라는 정부단체가 있어요. 고객님국민행복기금이라는 단체에서 무얼 하냐면 터민지원. 그리고 개인회생파산개인 면 이런 부분을 담당해요 고객님께서 뭐 고객님들께서 뭐 서민분들께서 굉장히 연체가 많으신 분들 있잖아요. 그러면 정부에서 지원을 해서 대화를 해주는 업무를 하기 때문에요. 고객님네 네. 그리고 지금 나온 상품 같은 경우에는 국민행복그런 국민행복기금에서 지원을 하고 있는 상품이고요. 고객님. 근데 그게 제가 구매를 하면서 지금 지금은 이용하고 있거든요. 한국주택공사 또 그거를 이용하고 있는데 그런 관계가 있나요? 지금도 얼마나 남으셨어요 지금 그러시면 어느 정도 남으셨어요 30. 네네. 금액이 일억정도 잡혀 주시더라고요 잠시만 아파트 시세가 어느정도 되시는지 알고 계신가요? 는 좋았지 않나 그러신가요. 잠시만요. 그러시면 고객님제가 말씀을 드리는 것보다는 확실하게 심사가 로 접수를 해서 상담을 받아보시는 편이 궁금증이 더 빨리 해소가 되실 것 같으세요? 저 같은 경우에도 고객님한테 뭐 정확하게 말씀을 드릴 수가 없으니까요. 고객님그렇지만 제가 말씀을 드린 거는 자가 형태의 주거 형태를 여쭤본 것은 죽어가자가 가 있으시면 특히 아파트의 경우 굉장히 우대받으세요. 그래서 실제로 승인 사례가 있으시거든요. 그리고 말고 배우자를 통해서 배우자분통해서 진행을 하신다고요 그 부분도 괜찮으시고요 배우자분이 진행을 하신다고 하시면 거의 철이 나오시니까요 그거를 어떻게 해야 되거든요 이 번호로 연락주시면 되시고요 김현우 대리찾아주시면 됩니다. 제 이름이 김연우 거든요. 감사합니다."}],"items":[{"start_time":"0.34","end_time":"1.65","alternatives":[{"confidence":"0.997","content":"여보세요"}],"type":"pronunciation"},{"start_time":"1.79","end_time":"2.08","alternatives":[{"confidence":"0.994","content":"예"}],"type":"pronunciation"},{"alternatives":[{"confidence":"0.0","content":","}],"type":"punctuation"},{"start_time":"2.08","end_time":"2.58","alternatives":[{"confidence":"1.0","content":"안녕하세요"}],"type":"pronunciation"},{"alternatives":[{"confidence":"0.0","content":"?"}],"type":"punctuation"},{"start_time":"2.58","end_time":"2.76","alternatives":[{"confidence":"0.7776","content":"우리"}],"type":"pronunciation"},{"start_time":"2.76","end_time":"2.95","alternatives":[{"confidence":"0.7361","content":"님"}],"type":"pronunciation"},{"start_time":"2.95","end_time":"3.28","alternatives":[{"confidence":"1.0","content":"새롭게"}],"type":"pronunciation"},{"start_time":"3.28","end_time":"3.92","alternatives":[{"confidence":"1.0","content":"시작하는"}],"type":"pronunciation"},{"start_time":"3.92","end_time":"5.35","alternatives":[{"confidence":"0.70228","content":"케이비국민은행김현우"}],"type":"pronunciation"},{"start_time":"5.35","end_time":"5.79","alternatives":[{"confidence":"0.4857","content":"델이라고"}],"type":"pronunciation"},{"start_time":"5.79","end_time":"6.36","alternatives":[{"confidence":"0.9344","content":"합니다"}],"type":"pronunciation"},{"alternatives":[{"confidence":"0.0","content":"."}],"type":"punctuation"},{"start_time":"7.48","end_time":"7.7","alternatives":[{"confidence":"0.4302","content":"네"}],"type":"pronunciation"},{"alternatives":[{"confidence":"0.0","content":","}],"type":"punctuation"},{"start_time":"7.73","end_time":"7.98","alternatives":[{"confidence":"0.9998","content":"제가"}],"type":"pronunciation"},{"start_time":"7.98","end_time":"8.48","alternatives":[{"confidence":"0.58145","content":"전화드린"}],"type":"pronunciation"},{"start_time":"8.48","end_time":"8.61","alternatives":[{"confidence":"0.9672","content":"건"}],"type":"pronunciation"},{"start_time":"8.61","end_time":"9.0","alternatives":[{"confidence":"0.9989","content":"다름이"}],"type":"pronunciation"},{"start_time":"9.0","end_time":"9.58","alternatives":[{"confidence":"1.0","content":"아니고요"}],"type":"pronunciation"},{"alternatives":[{"confidence":"0.0","content":"."}],"type":"punctuation"},{"start_time":"9.64","end_time":"10.56","alternatives":[{"confidence":"0.951","content":"그분께서"}],"type":"pronunciation"},{"start_time":"10.56","end_time":"11.04","alternatives":[{"confidence":"0.9552","content":"마이너스"}],"type":"pronunciation"},{"start_time":"11.04","end_time":"12.04","alternatives":[{"confidence":"0.8793333333333333","content":"통장발급신청"}],"type":"pronunciation"},{"start_time":"12.04","end_time":"12.92","alternatives":[{"confidence":"0.8638666666666667","content":"희망해주신다고"}],"type":"pronunciation"},{"start_time":"12.92","end_time":"13.32","alternatives":[{"confidence":"1.0","content":"하셔서"}],"type":"pronunciation"},{"start_time":"13.32","end_time":"13.61","alternatives":[{"confidence":"0.9986","content":"제가"}],"type":"pronunciation"},{"start_time":"13.61","end_time":"14.09","alternatives":[{"confidence":"0.65315","content":"상담차"}],"type":"pronunciation"},{"start_time":"14.09","end_time":"15.61","alternatives":[{"confidence":"0.8388666666666666","content":"연락드렸고요"}],"type":"pronunciation"},{"start_time":"16.19","end_time":"17.17","alternatives":[{"confidence":"0.8541333333333334","content":"발급신청해주신"}],"type":"pronunciation"},{"start_time":"17.17","end_time":"17.98","alternatives":[{"confidence":"1.0","content":"고객님본인이"}],"type":"pronunciation"},{"start_time":"17.98","end_time":"18.97","alternatives":[{"confidence":"0.9917666666666666","content":"맞으신가요"}],"type":"pronunciation"},{"start_time":"20.48","end_time":"20.97","alternatives":[{"confidence":"0.9878","content":"그러시면"}],"type":"pronunciation"},{"start_time":"20.97","end_time":"21.16","alternatives":[{"confidence":"0.9969","content":"제가"}],"type":"pronunciation"},{"start_time":"21.16","end_time":"21.73","alternatives":[{"confidence":"1.0","content":"간단하게"}],"type":"pronunciation"},{"start_time":"21.73","end_time":"22.05","alternatives":[{"confidence":"0.5403","content":"상품"}],"type":"pronunciation"},{"start_time":"22.05","end_time":"22.34","alternatives":[{"confidence":"0.8031","content":"설명"}],"type":"pronunciation"},{"start_time":"22.34","end_time":"22.6","alternatives":[{"confidence":"0.9942","content":"먼저"}],"type":"pronunciation"},{"start_time":"22.6","end_time":"23.1","alternatives":[{"confidence":"0.9775","content":"도와드려도"}],"type":"pronunciation"},{"start_time":"23.1","end_time":"24.68","alternatives":[{"confidence":"0.9988999999999999","content":"괜찮으시겠어요"}],"type":"pronunciation"},{"alternatives":[{"confidence":"0.0","content":"."}],"type":"punctuation"},{"start_time":"25.44","end_time":"25.58","alternatives":[{"confidence":"0.9631","content":"네"}],"type":"pronunciation"},{"start_time":"25.61","end_time":"25.83","alternatives":[{"confidence":"0.9647","content":"저희"}],"type":"pronunciation"},{"start_time":"25.83","end_time":"27.08","alternatives":[{"confidence":"0.96975","content":"국민은행마이너스"}],"type":"pronunciation"},{"start_time":"27.08","end_time":"27.61","alternatives":[{"confidence":"0.9975","content":"통장은"}],"type":"pronunciation"},{"start_time":"27.61","end_time":"28.14","alternatives":[{"confidence":"0.665","content":"연금니"}],"type":"pronunciation"},{"start_time":"28.14","end_time":"28.44","alternatives":[{"confidence":"0.6686","content":"최저"}],"type":"pronunciation"},{"start_time":"28.44","end_time":"29.01","alternatives":[{"confidence":"0.8936999999999999","content":"삼점칠"}],"type":"pronunciation"},{"start_time":"29.01","end_time":"29.79","alternatives":[{"confidence":"0.9335","content":"프로에서"}],"type":"pronunciation"},{"start_time":"30.01","end_time":"30.29","alternatives":[{"confidence":"0.9946","content":"최대"}],"type":"pronunciation"},{"start_time":"30.29","end_time":"30.46","alternatives":[{"confidence":"0.3851","content":"칠"}],"type":"pronunciation"},{"start_time":"30.46","end_time":"30.65","alternatives":[{"confidence":"0.5038","content":"점"}],"type":"pronunciation"},{"start_time":"30.65","end_time":"30.73","alternatives":[{"confidence":"0.5019","content":"오"}],"type":"pronunciation"},{"start_time":"30.73","end_time":"31.22","alternatives":[{"confidence":"0.88595","content":"프로까지"}],"type":"pronunciation"},{"start_time":"31.22","end_time":"31.66","alternatives":[{"confidence":"1.0","content":"저렴하게"}],"type":"pronunciation"},{"start_time":"31.66","end_time":"32.05","alternatives":[{"confidence":"0.99795","content":"출시가"}],"type":"pronunciation"},{"start_time":"32.05","end_time":"33.1","alternatives":[{"confidence":"0.9844999999999999","content":"되었고요"}],"type":"pronunciation"},{"alternatives":[{"confidence":"0.0","content":"."}],"type":"punctuation"},{"start_time":"33.16","end_time":"33.65","alternatives":[{"confidence":"0.9958","content":"한도는"}],"type":"pronunciation"},{"start_time":"33.65","end_time":"33.91","alternatives":[{"confidence":"1.0","content":"최대"}],"type":"pronunciation"},{"start_time":"33.91","end_time":"34.26","alternatives":[{"confidence":"0.8995","content":"오천"}],"type":"pronunciation"},{"start_time":"34.26","end_time":"34.79","alternatives":[{"confidence":"0.9462999999999999","content":"만원까지"}],"type":"pronunciation"},{"start_time":"34.79","end_time":"34.99","alternatives":[{"confidence":"0.8299","content":"이용"}],"type":"pronunciation"},{"start_time":"34.99","end_time":"35.29","alternatives":[{"confidence":"0.9372","content":"가능"}],"type":"pronunciation"},{"alternatives":[{"confidence":"0.0","content":"."}],"type":"punctuation"},{"start_time":"35.29","end_time":"35.98","alternatives":[{"confidence":"0.9536","content":"하신데"}],"type":"pronunciation"},{"start_time":"36.1","end_time":"36.51","alternatives":[{"confidence":"0.9941","content":"한도와"}],"type":"pronunciation"},{"start_time":"36.51","end_time":"36.96","alternatives":[{"confidence":"0.9778","content":"금리는"}],"type":"pronunciation"},{"start_time":"36.96","end_time":"37.48","alternatives":[{"confidence":"0.90225","content":"고객님의"}],"type":"pronunciation"},{"start_time":"37.48","end_time":"38.25","alternatives":[{"confidence":"0.92445","content":"신용등급에"}],"type":"pronunciation"},{"start_time":"38.25","end_time":"38.54","alternatives":[{"confidence":"1.0","content":"따라"}],"type":"pronunciation"},{"start_time":"38.54","end_time":"38.85","alternatives":[{"confidence":"0.95295","content":"차등"}],"type":"pronunciation"},{"start_time":"38.85","end_time":"39.71","alternatives":[{"confidence":"0.9313333333333333","content":"적용되시고요"}],"type":"pronunciation"},{"alternatives":[{"confidence":"0.0","content":"."}],"type":"punctuation"},{"start_time":"40.22","end_time":"40.37","alternatives":[{"confidence":"0.6131","content":"오"}],"type":"pronunciation"},{"start_time":"40.37","end_time":"40.55","alternatives":[{"confidence":"0.9808","content":"년"}],"type":"pronunciation"},{"start_time":"40.55","end_time":"40.87","alternatives":[{"confidence":"0.9731","content":"동안"}],"type":"pronunciation"},{"start_time":"40.87","end_time":"41.73","alternatives":[{"confidence":"0.8926333333333334","content":"금리변동전혀"}],"type":"pronunciation"},{"start_time":"41.73","end_time":"41.95","alternatives":[{"confidence":"1.0","content":"없이"}],"type":"pronunciation"},{"start_time":"41.95","end_time":"42.64","alternatives":[{"confidence":"0.9954000000000001","content":"고정금리로"}],"type":"pronunciation"},{"start_time":"42.64","end_time":"43.22","alternatives":[{"confidence":"0.67635","content":"사용가능"}],"type":"pronunciation"},{"start_time":"43.22","end_time":"43.87","alternatives":[{"confidence":"0.8437","content":"하신마이너스"}],"type":"pronunciation"},{"start_time":"43.87","end_time":"44.5","alternatives":[{"confidence":"0.7526999999999999","content":"통장상품"}],"type":"pronunciation"},{"start_time":"44.5","end_time":"45.67","alternatives":[{"confidence":"1.0","content":"이세요"}],"type":"pronunciation"},{"start_time":"45.94","end_time":"46.45","alternatives":[{"confidence":"1.0","content":"혹시"}],"type":"pronunciation"},{"start_time":"46.45","end_time":"47.01","alternatives":[{"confidence":"1.0","content":"추가적으로"}],"type":"pronunciation"},{"start_time":"47.01","end_time":"47.12","alternatives":[{"confidence":"0.9942","content":"더"}],"type":"pronunciation"},{"start_time":"47.12","end_time":"47.69","alternatives":[{"confidence":"0.98885","content":"궁금하신"}],"type":"pronunciation"},{"start_time":"47.69","end_time":"47.92","alternatives":[{"confidence":"0.3926","content":"사항"}],"type":"pronunciation"},{"start_time":"47.92","end_time":"48.76","alternatives":[{"confidence":"1.0","content":"있으신가요"}],"type":"pronunciation"},{"alternatives":[{"confidence":"0.0","content":"?"}],"type":"punctuation"},{"start_time":"52.59","end_time":"52.76","alternatives":[{"confidence":"0.958","content":"네"}],"type":"pronunciation"},{"alternatives":[{"confidence":"0.0","content":"."}],"type":"punctuation"},{"start_time":"52.76","end_time":"53.75","alternatives":[{"confidence":"0.9900666666666668","content":"고객님그러시고"}],"type":"pronunciation"},{"start_time":"53.75","end_time":"53.95","alternatives":[{"confidence":"0.5607","content":"오"}],"type":"pronunciation"},{"start_time":"53.95","end_time":"54.36","alternatives":[{"confidence":"0.7253","content":"년"}],"type":"pronunciation"},{"start_time":"54.36","end_time":"55.36","alternatives":[{"confidence":"0.9373999999999999","content":"만기일까지"}],"type":"pronunciation"},{"start_time":"55.36","end_time":"56.53","alternatives":[{"confidence":"0.9992000000000001","content":"고객님연체없이"}],"type":"pronunciation"},{"start_time":"56.53","end_time":"56.99","alternatives":[{"confidence":"0.99515","content":"우량하게"}],"type":"pronunciation"},{"start_time":"56.99","end_time":"57.18","alternatives":[{"confidence":"0.9757","content":"잘"}],"type":"pronunciation"},{"start_time":"57.19","end_time":"58.38","alternatives":[{"confidence":"0.9550666666666666","content":"사용해주시면요"}],"type":"pronunciation"},{"start_time":"58.41","end_time":"58.58","alternatives":[{"confidence":"0.9956","content":"이제"}],"type":"pronunciation"},{"start_time":"58.58","end_time":"58.71","alternatives":[{"confidence":"0.4019","content":"오"}],"type":"pronunciation"},{"start_time":"58.71","end_time":"59.07","alternatives":[{"confidence":"0.44325000000000003","content":"년만"}],"type":"pronunciation"},{"start_time":"59.07","end_time":"59.65","alternatives":[{"confidence":"0.77355","content":"길시에"}],"type":"pronunciation"},{"start_time":"59.65","end_time":"60.01","alternatives":[{"confidence":"1.0","content":"추가로"}],"type":"pronunciation"},{"start_time":"60.01","end_time":"60.2","alternatives":[{"confidence":"0.6324","content":"3"}],"type":"pronunciation"},{"start_time":"60.2","end_time":"60.45","alternatives":[{"confidence":"0.644","content":"년도"}],"type":"pronunciation"},{"start_time":"60.45","end_time":"60.9","alternatives":[{"confidence":"0.98695","content":"갱신이"}],"type":"pronunciation"},{"start_time":"60.9","end_time":"61.18","alternatives":[{"confidence":"0.8358","content":"가능"}],"type":"pronunciation"},{"start_time":"61.18","end_time":"62.72","alternatives":[{"confidence":"0.9982500000000001","content":"가능하세요"}],"type":"pronunciation"},{"alternatives":[{"confidence":"0.0","content":"."}],"type":"punctuation"},{"start_time":"63.21","end_time":"63.37","alternatives":[{"confidence":"0.7884","content":"네"}],"type":"pronunciation"},{"start_time":"63.37","end_time":"63.62","alternatives":[{"confidence":"0.8613","content":"네"}],"type":"pronunciation"},{"alternatives":[{"confidence":"0.0","content":"."}],"type":"punctuation"},{"start_time":"63.62","end_time":"64.06","alternatives":[{"confidence":"0.9946999999999999","content":"그러셔서"}],"type":"pronunciation"},{"start_time":"64.06","end_time":"64.26","alternatives":[{"confidence":"0.9511","content":"총"}],"type":"pronunciation"},{"start_time":"64.26","end_time":"64.44","alternatives":[{"confidence":"0.4678","content":"팔"}],"type":"pronunciation"},{"start_time":"64.44","end_time":"64.57","alternatives":[{"confidence":"0.9129","content":"년"}],"type":"pronunciation"},{"start_time":"64.57","end_time":"65.01","alternatives":[{"confidence":"0.9814","content":"사용하실"}],"type":"pronunciation"},{"start_time":"65.01","end_time":"65.11","alternatives":[{"confidence":"0.9998","content":"수"}],"type":"pronunciation"},{"start_time":"65.11","end_time":"65.3","alternatives":[{"confidence":"0.9965","content":"있는"}],"type":"pronunciation"},{"start_time":"65.3","end_time":"65.68","alternatives":[{"confidence":"0.9858","content":"마이너스"}],"type":"pronunciation"},{"start_time":"65.68","end_time":"66.26","alternatives":[{"confidence":"0.6585","content":"통장상품이"}],"type":"pronunciation"},{"start_time":"66.26","end_time":"66.75","alternatives":[{"confidence":"0.7171000000000001","content":"시고요"}],"type":"pronunciation"},{"start_time":"66.98","end_time":"67.33","alternatives":[{"confidence":"0.6722","content":"기존의"}],"type":"pronunciation"},{"start_time":"67.33","end_time":"67.8","alternatives":[{"confidence":"0.9579","content":"마이너스"}],"type":"pronunciation"},{"start_time":"67.8","end_time":"68.37","alternatives":[{"confidence":"0.99785","content":"통장같은"}],"type":"pronunciation"},{"start_time":"68.37","end_time":"68.82","alternatives":[{"confidence":"1.0","content":"경우에는"}],"type":"pronunciation"},{"start_time":"68.82","end_time":"69.62","alternatives":[{"confidence":"0.9289000000000001","content":"고객님년마다"}],"type":"pronunciation"},{"start_time":"69.62","end_time":"69.97","alternatives":[{"confidence":"1.0","content":"금리가"}],"type":"pronunciation"},{"start_time":"69.97","end_time":"70.89","alternatives":[{"confidence":"0.99985","content":"변동되잖아요"}],"type":"pronunciation"},{"alternatives":[{"confidence":"0.0","content":"."}],"type":"punctuation"},{"start_time":"71.7","end_time":"71.83","alternatives":[{"confidence":"0.6864","content":"네"}],"type":"pronunciation"},{"alternatives":[{"confidence":"0.0","content":"."}],"type":"punctuation"},{"start_time":"71.83","end_time":"72.03","alternatives":[{"confidence":"0.801","content":"네"}],"type":"pronunciation"},{"alternatives":[{"confidence":"0.0","content":"."}],"type":"punctuation"},{"start_time":"72.03","end_time":"72.53","alternatives":[{"confidence":"1.0","content":"그렇지만"}],"type":"pronunciation"},{"start_time":"72.53","end_time":"72.86","alternatives":[{"confidence":"0.9826","content":"저는"}],"type":"pronunciation"},{"start_time":"72.95","end_time":"73.26","alternatives":[{"confidence":"0.9954","content":"이번에"}],"type":"pronunciation"},{"start_time":"73.26","end_time":"73.7","alternatives":[{"confidence":"0.9887","content":"나온"}],"type":"pronunciation"},{"start_time":"73.7","end_time":"73.88","alternatives":[{"confidence":"0.8833","content":"저희"}],"type":"pronunciation"},{"start_time":"73.88","end_time":"74.28","alternatives":[{"confidence":"0.9715","content":"마이너스"}],"type":"pronunciation"},{"start_time":"74.28","end_time":"74.78","alternatives":[{"confidence":"0.9420999999999999","content":"통장상품"}],"type":"pronunciation"},{"start_time":"74.78","end_time":"75.0","alternatives":[{"confidence":"0.9728","content":"같은"}],"type":"pronunciation"},{"start_time":"75.0","end_time":"75.56","alternatives":[{"confidence":"1.0","content":"경우에는"}],"type":"pronunciation"},{"start_time":"75.82","end_time":"77.13","alternatives":[{"confidence":"0.7624","content":"국민행복기금즉"}],"type":"pronunciation"},{"start_time":"77.13","end_time":"77.64","alternatives":[{"confidence":"1.0","content":"정부에서"}],"type":"pronunciation"},{"start_time":"77.64","end_time":"78.05","alternatives":[{"confidence":"1.0","content":"지원을"}],"type":"pronunciation"},{"start_time":"78.05","end_time":"78.26","alternatives":[{"confidence":"0.9905","content":"하는"}],"type":"pronunciation"},{"start_time":"78.26","end_time":"78.77","alternatives":[{"confidence":"0.7176","content":"상품있기"}],"type":"pronunciation"},{"start_time":"78.77","end_time":"79.13","alternatives":[{"confidence":"0.9994","content":"때문에"}],"type":"pronunciation"},{"start_time":"79.13","end_time":"79.41","alternatives":[{"confidence":"0.9437","content":"금리"}],"type":"pronunciation"},{"start_time":"79.41","end_time":"79.92","alternatives":[{"confidence":"1.0","content":"변동전혀"}],"type":"pronunciation"},{"start_time":"79.92","end_time":"80.71","alternatives":[{"confidence":"0.99815","content":"없으시고요"}],"type":"pronunciation"},{"start_time":"80.74","end_time":"81.49","alternatives":[{"confidence":"0.96","content":"서민용"}],"type":"pronunciation"},{"start_time":"81.84","end_time":"82.2","alternatives":[{"confidence":"0.9835499999999999","content":"대출로"}],"type":"pronunciation"},{"start_time":"82.2","end_time":"82.42","alternatives":[{"confidence":"0.9852","content":"나온"}],"type":"pronunciation"},{"start_time":"82.42","end_time":"82.95","alternatives":[{"confidence":"0.99455","content":"상품이다"}],"type":"pronunciation"},{"alternatives":[{"confidence":"0.0","content":"."}],"type":"punctuation"},{"start_time":"83.57","end_time":"83.96","alternatives":[{"confidence":"0.69575","content":"시중이"}],"type":"pronunciation"},{"start_time":"83.96","end_time":"84.19","alternatives":[{"confidence":"0.708","content":"나와"}],"type":"pronunciation"},{"start_time":"84.19","end_time":"84.36","alternatives":[{"confidence":"0.9996","content":"있는"}],"type":"pronunciation"},{"start_time":"84.36","end_time":"84.94","alternatives":[{"confidence":"0.9966999999999999","content":"상품으로는"}],"type":"pronunciation"},{"alternatives":[{"confidence":"0.0","content":","}],"type":"punctuation"},{"start_time":"84.94","end_time":"85.41","alternatives":[{"confidence":"0.9615","content":"뭐"}],"type":"pronunciation"},{"start_time":"85.44","end_time":"86.28","alternatives":[{"confidence":"0.9779333333333332","content":"햇살론이나"}],"type":"pronunciation"},{"start_time":"86.28","end_time":"86.85","alternatives":[{"confidence":"0.638425","content":"새희망홀씨"}],"type":"pronunciation"},{"start_time":"86.85","end_time":"87.08","alternatives":[{"confidence":"0.9977","content":"같은"}],"type":"pronunciation"},{"start_time":"87.08","end_time":"87.65","alternatives":[{"confidence":"0.60565","content":"대출상품을"}],"type":"pronunciation"},{"start_time":"87.65","end_time":"87.81","alternatives":[{"confidence":"0.8383","content":"알고"}],"type":"pronunciation"},{"start_time":"87.81","end_time":"88.5","alternatives":[{"confidence":"1.0","content":"계시죠"}],"type":"pronunciation"},{"alternatives":[{"confidence":"0.0","content":"?"}],"type":"punctuation"},{"start_time":"90.07","end_time":"90.26","alternatives":[{"confidence":"0.9882","content":"잘"}],"type":"pronunciation"},{"start_time":"90.26","end_time":"91.01","alternatives":[{"confidence":"1.0","content":"모르세요"}],"type":"pronunciation"},{"alternatives":[{"confidence":"0.0","content":"?"}],"type":"punctuation"},{"start_time":"91.04","end_time":"91.72","alternatives":[{"confidence":"0.9876","content":"어쨌든"}],"type":"pronunciation"},{"start_time":"92.01","end_time":"92.49","alternatives":[{"confidence":"1.0","content":"정부에서"}],"type":"pronunciation"},{"start_time":"92.49","end_time":"92.86","alternatives":[{"confidence":"1.0","content":"지원을"}],"type":"pronunciation"},{"start_time":"92.86","end_time":"93.0","alternatives":[{"confidence":"0.9525","content":"잘"}],"type":"pronunciation"},{"start_time":"93.0","end_time":"93.31","alternatives":[{"confidence":"0.9734","content":"받고"}],"type":"pronunciation"},{"start_time":"93.31","end_time":"93.51","alternatives":[{"confidence":"0.9984","content":"있는"}],"type":"pronunciation"},{"start_time":"93.51","end_time":"94.05","alternatives":[{"confidence":"0.98655","content":"상품이기"}],"type":"pronunciation"},{"start_time":"94.05","end_time":"95.26","alternatives":[{"confidence":"0.996","content":"때문에요"}],"type":"pronunciation"},{"alternatives":[{"confidence":"0.0","content":"."}],"type":"punctuation"},{"start_time":"95.87","end_time":"96.13","alternatives":[{"confidence":"0.5467","content":"금리"}],"type":"pronunciation"},{"start_time":"96.13","end_time":"96.37","alternatives":[{"confidence":"0.9774","content":"같은"}],"type":"pronunciation"},{"start_time":"96.37","end_time":"97.14","alternatives":[{"confidence":"0.8468333333333332","content":"부분변동전혀"}],"type":"pronunciation"},{"start_time":"97.14","end_time":"97.41","alternatives":[{"confidence":"0.001","content":"없어요"}],"type":"pronunciation"},{"alternatives":[{"confidence":"0.0","content":"?"}],"type":"punctuation"},{"start_time":"99.19","end_time":"99.42","alternatives":[{"confidence":"0.254","content":"네"}],"type":"pronunciation"},{"alternatives":[{"confidence":"0.0","content":","}],"type":"punctuation"},{"start_time":"102.04","end_time":"102.47","alternatives":[{"confidence":"0.9767","content":"출시된"}],"type":"pronunciation"},{"start_time":"102.47","end_time":"102.71","alternatives":[{"confidence":"0.9842","content":"지는"}],"type":"pronunciation"},{"start_time":"102.71","end_time":"103.07","alternatives":[{"confidence":"0.0525","content":"고기는"}],"type":"pronunciation"},{"start_time":"103.07","end_time":"103.19","alternatives":[{"confidence":"0.1864","content":"2"}],"type":"pronunciation"},{"alternatives":[{"confidence":"0.0","content":"."}],"type":"punctuation"},{"start_time":"103.19","end_time":"103.31","alternatives":[{"confidence":"0.8695","content":"주"}],"type":"pronunciation"},{"start_time":"103.31","end_time":"103.53","alternatives":[{"confidence":"0.9944","content":"정도"}],"type":"pronunciation"},{"start_time":"103.53","end_time":"104.38","alternatives":[{"confidence":"0.9976499999999999","content":"되셨어요"}],"type":"pronunciation"},{"alternatives":[{"confidence":"0.0","content":"?"}],"type":"punctuation"},{"start_time":"105.37","end_time":"105.7","alternatives":[{"confidence":"0.0178","content":"네"}],"type":"pronunciation"},{"alternatives":[{"confidence":"0.0","content":"."}],"type":"punctuation"},{"start_time":"106.61","end_time":"106.82","alternatives":[{"confidence":"0.0436","content":"근데"}],"type":"pronunciation"},{"start_time":"109.15","end_time":"109.38","alternatives":[{"confidence":"0.2098","content":"있는지"}],"type":"pronunciation"},{"start_time":"109.38","end_time":"109.64","alternatives":[{"confidence":"0.2004","content":"보고"}],"type":"pronunciation"},{"start_time":"110.49","end_time":"110.81","alternatives":[{"confidence":"0.4479","content":"그럼"}],"type":"pronunciation"},{"start_time":"111.22","end_time":"111.68","alternatives":[{"confidence":"0.9738","content":"그러시면"}],"type":"pronunciation"},{"alternatives":[{"confidence":"0.0","content":","}],"type":"punctuation"},{"start_time":"111.8","end_time":"112.1","alternatives":[{"confidence":"0.6482","content":"네"}],"type":"pronunciation"},{"alternatives":[{"confidence":"0.0","content":"."}],"type":"punctuation"},{"start_time":"112.32","end_time":"112.68","alternatives":[{"confidence":"0.78325","content":"그러시면"}],"type":"pronunciation"},{"start_time":"112.89","end_time":"113.03","alternatives":[{"confidence":"0.9244","content":"제가"}],"type":"pronunciation"},{"start_time":"113.03","end_time":"114.49","alternatives":[{"confidence":"0.8551333333333333","content":"가상도와드릴게요"}],"type":"pronunciation"},{"start_time":"114.55","end_time":"115.04","alternatives":[{"confidence":"0.9999","content":"간단하게"}],"type":"pronunciation"},{"start_time":"115.04","end_time":"115.18","alternatives":[{"confidence":"0.9904","content":"몇"}],"type":"pronunciation"},{"start_time":"115.18","end_time":"115.54","alternatives":[{"confidence":"1.0","content":"가지만"}],"type":"pronunciation"},{"start_time":"115.54","end_time":"116.03","alternatives":[{"confidence":"0.9567","content":"여쭤보고"}],"type":"pronunciation"},{"start_time":"116.58","end_time":"116.89","alternatives":[{"confidence":"0.87895","content":"성함이"}],"type":"pronunciation"},{"start_time":"116.89","end_time":"117.14","alternatives":[{"confidence":"1.0","content":"어떻게"}],"type":"pronunciation"},{"start_time":"117.14","end_time":"117.89","alternatives":[{"confidence":"1.0","content":"되시나요"}],"type":"pronunciation"},{"alternatives":[{"confidence":"0.0","content":"?"}],"type":"punctuation"},{"start_time":"120.52","end_time":"121.97","alternatives":[{"confidence":"0.9779333333333332","content":"고객님맞으세요"}],"type":"pronunciation"},{"start_time":"122.5","end_time":"123.21","alternatives":[{"confidence":"0.67455","content":"생년월일이"}],"type":"pronunciation"},{"start_time":"123.21","end_time":"123.5","alternatives":[{"confidence":"1.0","content":"어떻게"}],"type":"pronunciation"},{"start_time":"123.5","end_time":"124.63","alternatives":[{"confidence":"0.99995","content":"되시나요"}],"type":"pronunciation"},{"alternatives":[{"confidence":"0.0","content":"?"}],"type":"punctuation"},{"start_time":"127.54","end_time":"128.33","alternatives":[{"confidence":"0.7548","content":"고객님종사하고"}],"type":"pronunciation"},{"start_time":"128.33","end_time":"128.61","alternatives":[{"confidence":"0.5162","content":"계시는"}],"type":"pronunciation"},{"start_time":"128.61","end_time":"129.03","alternatives":[{"confidence":"0.99375","content":"직업은"}],"type":"pronunciation"},{"alternatives":[{"confidence":"0.0","content":"?"}],"type":"punctuation"},{"start_time":"129.03","end_time":"129.32","alternatives":[{"confidence":"1.0","content":"어떻게"}],"type":"pronunciation"},{"start_time":"129.32","end_time":"130.25","alternatives":[{"confidence":"1.0","content":"되세요"}],"type":"pronunciation"},{"alternatives":[{"confidence":"0.0","content":"?"}],"type":"punctuation"},{"start_time":"131.59","end_time":"132.58","alternatives":[{"confidence":"0.483425","content":"무직이시고요"}],"type":"pronunciation"},{"start_time":"134.36","end_time":"134.74","alternatives":[{"confidence":"0.30510000000000004","content":"고인이"}],"type":"pronunciation"},{"start_time":"134.74","end_time":"135.72","alternatives":[{"confidence":"0.998","content":"그러시면"}],"type":"pronunciation"},{"start_time":"135.78","end_time":"136.45","alternatives":[{"confidence":"1.0","content":"혹시"}],"type":"pronunciation"},{"start_time":"136.45","end_time":"136.8","alternatives":[{"confidence":"0.6242","content":"소득"}],"type":"pronunciation"},{"start_time":"136.8","end_time":"137.07","alternatives":[{"confidence":"0.9933","content":"같은"}],"type":"pronunciation"},{"start_time":"137.07","end_time":"137.44","alternatives":[{"confidence":"0.8375","content":"부분은"}],"type":"pronunciation"},{"start_time":"137.44","end_time":"138.21","alternatives":[{"confidence":"1.0","content":"있으신가요"}],"type":"pronunciation"},{"alternatives":[{"confidence":"0.0","content":"?"}],"type":"punctuation"},{"start_time":"140.54","end_time":"140.81","alternatives":[{"confidence":"0.9999","content":"전혀"}],"type":"pronunciation"},{"start_time":"140.81","end_time":"141.95","alternatives":[{"confidence":"0.99475","content":"없으시고요"}],"type":"pronunciation"},{"alternatives":[{"confidence":"0.0","content":"."}],"type":"punctuation"},{"start_time":"142.84","end_time":"143.33","alternatives":[{"confidence":"0.9641","content":"신용카드"}],"type":"pronunciation"},{"start_time":"143.33","end_time":"144.44","alternatives":[{"confidence":"0.9573333333333333","content":"사용하시는가요"}],"type":"pronunciation"},{"start_time":"145.67","end_time":"145.94","alternatives":[{"confidence":"0.9005","content":"사용"}],"type":"pronunciation"},{"start_time":"145.94","end_time":"146.04","alternatives":[{"confidence":"0.6634","content":"안"}],"type":"pronunciation"},{"start_time":"146.04","end_time":"146.92","alternatives":[{"confidence":"0.9944500000000001","content":"하시고요"}],"type":"pronunciation"},{"alternatives":[{"confidence":"0.0","content":"?"}],"type":"punctuation"},{"start_time":"149.43","end_time":"150.6","alternatives":[{"confidence":"0.9941666666666666","content":"고객님그러시면"}],"type":"pronunciation"},{"start_time":"150.66","end_time":"150.97","alternatives":[{"confidence":"0.7833","content":"주거"}],"type":"pronunciation"},{"start_time":"150.97","end_time":"151.4","alternatives":[{"confidence":"0.998","content":"형태가"}],"type":"pronunciation"},{"start_time":"151.4","end_time":"151.76","alternatives":[{"confidence":"0.5381","content":"자가"}],"type":"pronunciation"},{"start_time":"151.76","end_time":"152.01","alternatives":[{"confidence":"0.5375","content":"세요"}],"type":"pronunciation"},{"alternatives":[{"confidence":"0.0","content":"."}],"type":"punctuation"},{"start_time":"152.01","end_time":"152.34","alternatives":[{"confidence":"0.5225","content":"전세"}],"type":"pronunciation"},{"start_time":"152.34","end_time":"152.58","alternatives":[{"confidence":"0.7173","content":"3"}],"type":"pronunciation"},{"start_time":"152.58","end_time":"152.76","alternatives":[{"confidence":"0.7357","content":"월"}],"type":"pronunciation"},{"start_time":"152.76","end_time":"153.46","alternatives":[{"confidence":"0.9540500000000001","content":"쓰세요"}],"type":"pronunciation"},{"alternatives":[{"confidence":"0.0","content":"."}],"type":"punctuation"},{"start_time":"154.78","end_time":"156.31","alternatives":[{"confidence":"0.8333","content":"본인명이신가요"}],"type":"pronunciation"},{"start_time":"156.99","end_time":"157.41","alternatives":[{"confidence":"0.6831","content":"아파트"}],"type":"pronunciation"},{"start_time":"157.41","end_time":"158.11","alternatives":[{"confidence":"0.9976","content":"신가요"}],"type":"pronunciation"},{"start_time":"159.89","end_time":"160.78","alternatives":[{"confidence":"0.8349","content":"어디"}],"type":"pronunciation"},{"start_time":"160.81","end_time":"161.11","alternatives":[{"confidence":"0.9951","content":"지역에"}],"type":"pronunciation"},{"start_time":"161.11","end_time":"161.31","alternatives":[{"confidence":"1.0","content":"있는"}],"type":"pronunciation"},{"start_time":"161.31","end_time":"161.63","alternatives":[{"confidence":"0.7311","content":"아파트"}],"type":"pronunciation"},{"start_time":"161.63","end_time":"162.42","alternatives":[{"confidence":"0.9614","content":"신가요"}],"type":"pronunciation"},{"start_time":"164.35","end_time":"164.63","alternatives":[{"confidence":"0.922","content":"지역에"}],"type":"pronunciation"},{"start_time":"164.63","end_time":"164.83","alternatives":[{"confidence":"0.957","content":"있는"}],"type":"pronunciation"},{"start_time":"165.25","end_time":"165.57","alternatives":[{"confidence":"0.0584","content":"보기는"}],"type":"pronunciation"},{"start_time":"165.57","end_time":"166.0","alternatives":[{"confidence":"0.9999","content":"혹시"}],"type":"pronunciation"},{"start_time":"166.0","end_time":"166.44","alternatives":[{"confidence":"0.9722","content":"돈까지"}],"type":"pronunciation"},{"start_time":"166.44","end_time":"166.82","alternatives":[{"confidence":"0.9998","content":"말씀을"}],"type":"pronunciation"},{"start_time":"166.82","end_time":"166.92","alternatives":[{"confidence":"0.5518","content":"해"}],"type":"pronunciation"},{"start_time":"166.92","end_time":"167.16","alternatives":[{"confidence":"0.5518","content":"주실"}],"type":"pronunciation"},{"start_time":"167.16","end_time":"167.3","alternatives":[{"confidence":"0.9998","content":"수"}],"type":"pronunciation"},{"start_time":"167.3","end_time":"168.27","alternatives":[{"confidence":"0.9999","content":"있으신가요"}],"type":"pronunciation"},{"alternatives":[{"confidence":"0.0","content":"?"}],"type":"punctuation"},{"start_time":"172.31","end_time":"172.43","alternatives":[{"confidence":"0.518","content":"은"}],"type":"pronunciation"},{"start_time":"172.43","end_time":"172.72","alternatives":[{"confidence":"0.7361","content":"아파트"}],"type":"pronunciation"},{"start_time":"172.72","end_time":"172.98","alternatives":[{"confidence":"0.7884","content":"인가요"}],"type":"pronunciation"},{"alternatives":[{"confidence":"0.0","content":"?"}],"type":"punctuation"},{"start_time":"177.68","end_time":"177.94","alternatives":[{"confidence":"0.574","content":"파트"}],"type":"pronunciation"},{"start_time":"177.94","end_time":"179.06","alternatives":[{"confidence":"0.48645","content":"맞으세요"}],"type":"pronunciation"},{"start_time":"179.39","end_time":"180.99","alternatives":[{"confidence":"0.790775","content":"본인명이시고요"}],"type":"pronunciation"},{"alternatives":[{"confidence":"0.0","content":"?"}],"type":"punctuation"},{"start_time":"181.97","end_time":"182.16","alternatives":[{"confidence":"0.0722","content":"네"}],"type":"pronunciation"},{"alternatives":[{"confidence":"0.0","content":"."}],"type":"punctuation"},{"start_time":"182.16","end_time":"182.89","alternatives":[{"confidence":"0.6183666666666667","content":"고객님가상한"}],"type":"pronunciation"},{"start_time":"182.89","end_time":"183.44","alternatives":[{"confidence":"0.6167","content":"우주의"}],"type":"pronunciation"},{"start_time":"183.44","end_time":"183.86","alternatives":[{"confidence":"0.71075","content":"도와드릴"}],"type":"pronunciation"},{"start_time":"183.86","end_time":"184.36","alternatives":[{"confidence":"0.9999","content":"텐데"}],"type":"pronunciation"},{"alternatives":[{"confidence":"0.0","content":"."}],"type":"punctuation"},{"start_time":"184.39","end_time":"184.78","alternatives":[{"confidence":"1.0","content":"잠시만"}],"type":"pronunciation"},{"start_time":"184.78","end_time":"185.11","alternatives":[{"confidence":"0.5517","content":"기다려"}],"type":"pronunciation"},{"start_time":"185.11","end_time":"186.17","alternatives":[{"confidence":"0.9999","content":"주세요"}],"type":"pronunciation"},{"alternatives":[{"confidence":"0.0","content":"."}],"type":"punctuation"},{"start_time":"196.2","end_time":"197.37","alternatives":[{"confidence":"0.9972","content":"여보세요"}],"type":"pronunciation"},{"alternatives":[{"confidence":"0.0","content":"."}],"type":"punctuation"},{"start_time":"197.46","end_time":"197.66","alternatives":[{"confidence":"0.8231","content":"네"}],"type":"pronunciation"},{"alternatives":[{"confidence":"0.0","content":","}],"type":"punctuation"},{"start_time":"197.66","end_time":"198.87","alternatives":[{"confidence":"0.68994","content":"고객님가상안도주의"}],"type":"pronunciation"},{"start_time":"198.87","end_time":"200.04","alternatives":[{"confidence":"0.9989","content":"나오셨는데요"}],"type":"pronunciation"},{"start_time":"200.07","end_time":"201.0","alternatives":[{"confidence":"0.67735","content":"고객님말씀이"}],"type":"pronunciation"},{"start_time":"201.03","end_time":"201.81","alternatives":[{"confidence":"0.6918500000000001","content":"말씀해주신"}],"type":"pronunciation"},{"start_time":"201.81","end_time":"202.14","alternatives":[{"confidence":"0.8045","content":"정보"}],"type":"pronunciation"},{"start_time":"202.14","end_time":"202.5","alternatives":[{"confidence":"1.0","content":"토대로"}],"type":"pronunciation"},{"start_time":"202.5","end_time":"202.93","alternatives":[{"confidence":"0.9831","content":"산출이"}],"type":"pronunciation"},{"start_time":"202.93","end_time":"203.22","alternatives":[{"confidence":"0.9279","content":"되신"}],"type":"pronunciation"},{"start_time":"203.22","end_time":"203.68","alternatives":[{"confidence":"0.8331999999999999","content":"가상한"}],"type":"pronunciation"},{"start_time":"203.68","end_time":"204.25","alternatives":[{"confidence":"0.8336","content":"돈은"}],"type":"pronunciation"},{"start_time":"204.31","end_time":"204.59","alternatives":[{"confidence":"0.9013","content":"천"}],"type":"pronunciation"},{"start_time":"204.59","end_time":"204.96","alternatives":[{"confidence":"0.8536","content":"팔백"}],"type":"pronunciation"},{"start_time":"204.96","end_time":"205.39","alternatives":[{"confidence":"0.86","content":"만원의"}],"type":"pronunciation"},{"start_time":"205.39","end_time":"206.06","alternatives":[{"confidence":"0.7846","content":"연금이"}],"type":"pronunciation"},{"start_time":"206.06","end_time":"206.97","alternatives":[{"confidence":"0.87615","content":"사점삼프로로"}],"type":"pronunciation"},{"start_time":"206.97","end_time":"208.25","alternatives":[{"confidence":"0.9750333333333333","content":"선출되셨어요"}],"type":"pronunciation"},{"alternatives":[{"confidence":"0.0","content":"."}],"type":"punctuation"},{"start_time":"210.41","end_time":"210.62","alternatives":[{"confidence":"0.9337","content":"이"}],"type":"pronunciation"},{"start_time":"210.62","end_time":"211.45","alternatives":[{"confidence":"0.9981","content":"부분은"}],"type":"pronunciation"},{"start_time":"211.45","end_time":"212.06","alternatives":[{"confidence":"1.0","content":"어디까지나"}],"type":"pronunciation"},{"start_time":"212.06","end_time":"212.52","alternatives":[{"confidence":"0.84365","content":"가상한"}],"type":"pronunciation"},{"start_time":"212.52","end_time":"212.81","alternatives":[{"confidence":"0.58655","content":"도이기"}],"type":"pronunciation"},{"start_time":"212.81","end_time":"213.32","alternatives":[{"confidence":"0.9629","content":"때문에요"}],"type":"pronunciation"},{"alternatives":[{"confidence":"0.0","content":"."}],"type":"punctuation"},{"start_time":"213.32","end_time":"214.28","alternatives":[{"confidence":"0.9767","content":"고객님신용도에"}],"type":"pronunciation"},{"start_time":"214.28","end_time":"214.57","alternatives":[{"confidence":"1.0","content":"전혀"}],"type":"pronunciation"},{"start_time":"214.57","end_time":"214.89","alternatives":[{"confidence":"1.0","content":"영향이"}],"type":"pronunciation"},{"start_time":"214.89","end_time":"215.13","alternatives":[{"confidence":"0.9983","content":"없는"}],"type":"pronunciation"},{"start_time":"215.13","end_time":"215.61","alternatives":[{"confidence":"0.45885","content":"가상한들"}],"type":"pronunciation"},{"start_time":"215.61","end_time":"215.75","alternatives":[{"confidence":"0.8983","content":"이기"}],"type":"pronunciation"},{"start_time":"215.75","end_time":"216.44","alternatives":[{"confidence":"0.9979","content":"때문에"}],"type":"pronunciation"},{"start_time":"216.84","end_time":"217.54","alternatives":[{"confidence":"1.0","content":"최종적으로"}],"type":"pronunciation"},{"start_time":"217.54","end_time":"217.8","alternatives":[{"confidence":"0.4121","content":"승인"}],"type":"pronunciation"},{"start_time":"217.8","end_time":"218.56","alternatives":[{"confidence":"0.9224749999999999","content":"처리나오시게"}],"type":"pronunciation"},{"start_time":"218.56","end_time":"219.09","alternatives":[{"confidence":"0.99995","content":"되시면"}],"type":"pronunciation"},{"start_time":"219.09","end_time":"219.37","alternatives":[{"confidence":"0.6527000000000001","content":"한도"}],"type":"pronunciation"},{"start_time":"219.37","end_time":"219.58","alternatives":[{"confidence":"0.9962","content":"하고"}],"type":"pronunciation"},{"start_time":"219.58","end_time":"220.03","alternatives":[{"confidence":"0.9988","content":"금리는"}],"type":"pronunciation"},{"start_time":"220.03","end_time":"220.45","alternatives":[{"confidence":"0.99985","content":"변동이"}],"type":"pronunciation"},{"start_time":"220.45","end_time":"220.59","alternatives":[{"confidence":"0.9885","content":"될"}],"type":"pronunciation"},{"start_time":"220.59","end_time":"220.79","alternatives":[{"confidence":"0.8491","content":"수가"}],"type":"pronunciation"},{"start_time":"220.79","end_time":"221.18","alternatives":[{"confidence":"0.9984","content":"있다는"}],"type":"pronunciation"},{"start_time":"221.18","end_time":"221.91","alternatives":[{"confidence":"0.8474999999999999","content":"점인지를"}],"type":"pronunciation"},{"alternatives":[{"confidence":"0.0","content":"."}],"type":"punctuation"},{"start_time":"221.91","end_time":"222.61","alternatives":[{"confidence":"0.99625","content":"부탁드리고요"}],"type":"pronunciation"},{"start_time":"222.61","end_time":"224.77","alternatives":[{"confidence":"0.99905","content":"고객님제가"}],"type":"pronunciation"},{"start_time":"224.77","end_time":"225.32","alternatives":[{"confidence":"0.9952","content":"이렇게"}],"type":"pronunciation"},{"start_time":"225.32","end_time":"225.83","alternatives":[{"confidence":"0.91255","content":"심사관은"}],"type":"pronunciation"},{"start_time":"225.83","end_time":"225.99","alternatives":[{"confidence":"0.8691","content":"서류"}],"type":"pronunciation"},{"start_time":"225.99","end_time":"226.39","alternatives":[{"confidence":"0.76965","content":"접수한번"}],"type":"pronunciation"},{"start_time":"226.39","end_time":"227.41","alternatives":[{"confidence":"0.8281333333333333","content":"도와드려볼까요"}],"type":"pronunciation"},{"start_time":"233.27","end_time":"233.94","alternatives":[{"confidence":"0.9669","content":"고객님어떤"}],"type":"pronunciation"},{"start_time":"233.94","end_time":"234.3","alternatives":[{"confidence":"0.67145","content":"대출이"}],"type":"pronunciation"},{"start_time":"234.3","end_time":"234.56","alternatives":[{"confidence":"0.5212","content":"시든"}],"type":"pronunciation"},{"start_time":"234.56","end_time":"234.79","alternatives":[{"confidence":"0.7302","content":"간에"}],"type":"pronunciation"},{"start_time":"234.79","end_time":"235.19","alternatives":[{"confidence":"0.9817","content":"심사는"}],"type":"pronunciation"},{"start_time":"235.19","end_time":"235.82","alternatives":[{"confidence":"0.8623","content":"받아보셔야"}],"type":"pronunciation"},{"start_time":"235.82","end_time":"236.22","alternatives":[{"confidence":"0.9475","content":"된다는"}],"type":"pronunciation"},{"start_time":"236.22","end_time":"236.35","alternatives":[{"confidence":"0.9524","content":"걸"}],"type":"pronunciation"},{"start_time":"236.35","end_time":"236.56","alternatives":[{"confidence":"0.9153","content":"알고"}],"type":"pronunciation"},{"start_time":"236.56","end_time":"237.36","alternatives":[{"confidence":"1.0","content":"계신가요"}],"type":"pronunciation"},{"alternatives":[{"confidence":"0.0","content":"?"}],"type":"punctuation"},{"start_time":"239.54","end_time":"240.14","alternatives":[{"confidence":"0.89195","content":"고객님심사"}],"type":"pronunciation"},{"start_time":"240.14","end_time":"240.39","alternatives":[{"confidence":"0.9984","content":"같은"}],"type":"pronunciation"},{"start_time":"240.39","end_time":"240.78","alternatives":[{"confidence":"0.9938","content":"경우에는"}],"type":"pronunciation"},{"start_time":"240.78","end_time":"241.56","alternatives":[{"confidence":"0.93765","content":"고객님이제"}],"type":"pronunciation"},{"start_time":"241.56","end_time":"242.38","alternatives":[{"confidence":"0.94025","content":"서류상"}],"type":"pronunciation"},{"start_time":"242.97","end_time":"243.29","alternatives":[{"confidence":"1.0","content":"저희가"}],"type":"pronunciation"},{"start_time":"243.29","end_time":"243.75","alternatives":[{"confidence":"0.9995","content":"평가를"}],"type":"pronunciation"},{"start_time":"243.75","end_time":"244.01","alternatives":[{"confidence":"0.9982","content":"해서"}],"type":"pronunciation"},{"start_time":"244.01","end_time":"244.46","alternatives":[{"confidence":"0.6576","content":"승인"}],"type":"pronunciation"},{"start_time":"244.46","end_time":"245.1","alternatives":[{"confidence":"0.99945","content":"부결처리가"}],"type":"pronunciation"},{"start_time":"245.1","end_time":"245.51","alternatives":[{"confidence":"0.991","content":"나오시게"}],"type":"pronunciation"},{"start_time":"245.51","end_time":"246.97","alternatives":[{"confidence":"0.9935","content":"되시는데요"}],"type":"pronunciation"},{"alternatives":[{"confidence":"0.0","content":"."}],"type":"punctuation"},{"start_time":"247.33","end_time":"247.5","alternatives":[{"confidence":"0.669","content":"네"}],"type":"pronunciation"},{"alternatives":[{"confidence":"0.0","content":"."}],"type":"punctuation"},{"start_time":"247.5","end_time":"248.1","alternatives":[{"confidence":"1.0","content":"기본적으로"}],"type":"pronunciation"},{"start_time":"248.1","end_time":"248.31","alternatives":[{"confidence":"0.9376","content":"어느"}],"type":"pronunciation"},{"start_time":"248.31","end_time":"248.92","alternatives":[{"confidence":"0.8132333333333334","content":"신용대출이"}],"type":"pronunciation"},{"start_time":"248.92","end_time":"250.01","alternatives":[{"confidence":"0.4822","content":"신동안에"}],"type":"pronunciation"},{"start_time":"250.36","end_time":"250.94","alternatives":[{"confidence":"0.98695","content":"심사는"}],"type":"pronunciation"},{"start_time":"250.94","end_time":"251.29","alternatives":[{"confidence":"1.0","content":"무조건"}],"type":"pronunciation"},{"start_time":"251.29","end_time":"251.53","alternatives":[{"confidence":"0.8334","content":"하셔야"}],"type":"pronunciation"},{"start_time":"251.53","end_time":"251.72","alternatives":[{"confidence":"0.9952","content":"되는"}],"type":"pronunciation"},{"start_time":"251.72","end_time":"252.05","alternatives":[{"confidence":"0.9989","content":"부분이"}],"type":"pronunciation"},{"start_time":"252.05","end_time":"252.37","alternatives":[{"confidence":"0.9471","content":"시고요"}],"type":"pronunciation"},{"alternatives":[{"confidence":"0.0","content":"."}],"type":"punctuation"},{"start_time":"252.37","end_time":"253.27","alternatives":[{"confidence":"0.97305","content":"고객님당연하게"}],"type":"pronunciation"},{"start_time":"254.05","end_time":"254.47","alternatives":[{"confidence":"0.9073","content":"행사를"}],"type":"pronunciation"},{"start_time":"254.98","end_time":"255.1","alternatives":[{"confidence":"0.5716","content":"안"}],"type":"pronunciation"},{"start_time":"255.1","end_time":"255.4","alternatives":[{"confidence":"0.9558","content":"하겠다는"}],"type":"pronunciation"},{"start_time":"255.4","end_time":"255.46","alternatives":[{"confidence":"0.9674","content":"게"}],"type":"pronunciation"},{"start_time":"255.46","end_time":"255.93","alternatives":[{"confidence":"0.998","content":"아니고요"}],"type":"pronunciation"},{"alternatives":[{"confidence":"0.0","content":"."}],"type":"punctuation"},{"start_time":"256.5","end_time":"256.58","alternatives":[{"confidence":"0.3887","content":"게"}],"type":"pronunciation"},{"start_time":"256.58","end_time":"257.03","alternatives":[{"confidence":"0.8797","content":"아니고"}],"type":"pronunciation"},{"start_time":"257.27","end_time":"257.63","alternatives":[{"confidence":"0.9734","content":"심사를"}],"type":"pronunciation"},{"start_time":"257.63","end_time":"258.14","alternatives":[{"confidence":"0.9923","content":"받고"}],"type":"pronunciation"},{"start_time":"258.14","end_time":"258.56","alternatives":[{"confidence":"0.9048","content":"제가"}],"type":"pronunciation"},{"start_time":"258.66","end_time":"259.05","alternatives":[{"confidence":"0.13946666666666666","content":"금니랑"}],"type":"pronunciation"},{"start_time":"259.05","end_time":"260.63","alternatives":[{"confidence":"0.304025","content":"한도랑다시"}],"type":"pronunciation"},{"alternatives":[{"confidence":"0.0","content":"."}],"type":"punctuation"},{"start_time":"260.74","end_time":"260.96","alternatives":[{"confidence":"0.4486","content":"그래"}],"type":"pronunciation"},{"start_time":"260.96","end_time":"261.29","alternatives":[{"confidence":"0.9995","content":"정확하게"}],"type":"pronunciation"},{"start_time":"261.29","end_time":"261.37","alternatives":[{"confidence":"0.9328","content":"알"}],"type":"pronunciation"},{"start_time":"261.37","end_time":"261.44","alternatives":[{"confidence":"1.0","content":"수"}],"type":"pronunciation"},{"start_time":"261.44","end_time":"261.64","alternatives":[{"confidence":"0.9569","content":"있다고"}],"type":"pronunciation"},{"start_time":"261.64","end_time":"262.17","alternatives":[{"confidence":"0.9976","content":"하니까"}],"type":"pronunciation"},{"start_time":"262.66","end_time":"262.79","alternatives":[{"confidence":"0.9725","content":"그"}],"type":"pronunciation"},{"start_time":"262.79","end_time":"263.15","alternatives":[{"confidence":"0.9767","content":"부분은"}],"type":"pronunciation"},{"start_time":"263.15","end_time":"263.68","alternatives":[{"confidence":"0.2757","content":"맞습니다"}],"type":"pronunciation"},{"alternatives":[{"confidence":"0.0","content":"."}],"type":"punctuation"},{"start_time":"264.08","end_time":"264.3","alternatives":[{"confidence":"0.8705","content":"받고"}],"type":"pronunciation"},{"start_time":"264.3","end_time":"264.57","alternatives":[{"confidence":"0.9835","content":"나서"}],"type":"pronunciation"},{"start_time":"264.57","end_time":"264.9","alternatives":[{"confidence":"0.994","content":"제가"}],"type":"pronunciation"},{"start_time":"264.9","end_time":"265.21","alternatives":[{"confidence":"0.9063","content":"다시"}],"type":"pronunciation"},{"start_time":"265.61","end_time":"265.92","alternatives":[{"confidence":"0.7896000000000001","content":"이거를"}],"type":"pronunciation"},{"start_time":"268.3","end_time":"268.54","alternatives":[{"confidence":"0.115","content":"이렇게"}],"type":"pronunciation"},{"start_time":"268.54","end_time":"268.74","alternatives":[{"confidence":"0.7337","content":"되는"}],"type":"pronunciation"},{"start_time":"268.74","end_time":"268.95","alternatives":[{"confidence":"0.7076","content":"거예요"}],"type":"pronunciation"},{"alternatives":[{"confidence":"0.0","content":"."}],"type":"punctuation"},{"start_time":"269.14","end_time":"269.38","alternatives":[{"confidence":"0.7215","content":"네"}],"type":"pronunciation"},{"alternatives":[{"confidence":"0.0","content":"."}],"type":"punctuation"},{"start_time":"269.38","end_time":"269.64","alternatives":[{"confidence":"0.7323","content":"그때"}],"type":"pronunciation"},{"start_time":"269.64","end_time":"269.95","alternatives":[{"confidence":"1.0","content":"하셔도"}],"type":"pronunciation"},{"start_time":"269.95","end_time":"270.34","alternatives":[{"confidence":"0.8984","content":"됩니다"}],"type":"pronunciation"},{"alternatives":[{"confidence":"0.0","content":"."}],"type":"punctuation"},{"start_time":"270.62","end_time":"270.98","alternatives":[{"confidence":"0.0316","content":"그러면"}],"type":"pronunciation"},{"start_time":"271.49","end_time":"271.91","alternatives":[{"confidence":"0.996","content":"제가"}],"type":"pronunciation"},{"start_time":"271.91","end_time":"272.12","alternatives":[{"confidence":"0.5931","content":"서류"}],"type":"pronunciation"},{"start_time":"272.12","end_time":"272.58","alternatives":[{"confidence":"0.6748000000000001","content":"접수한번"}],"type":"pronunciation"},{"start_time":"272.58","end_time":"273.82","alternatives":[{"confidence":"0.8306666666666667","content":"도와드려볼까요"}],"type":"pronunciation"},{"alternatives":[{"confidence":"0.0","content":"."}],"type":"punctuation"},{"start_time":"273.94","end_time":"274.29","alternatives":[{"confidence":"0.8557","content":"근데"}],"type":"pronunciation"},{"start_time":"274.29","end_time":"274.56","alternatives":[{"confidence":"0.9935","content":"지금"}],"type":"pronunciation"},{"start_time":"274.56","end_time":"274.77","alternatives":[{"confidence":"0.9095","content":"여기서"}],"type":"pronunciation"},{"start_time":"274.77","end_time":"275.04","alternatives":[{"confidence":"0.9939","content":"차이가"}],"type":"pronunciation"},{"start_time":"275.04","end_time":"275.17","alternatives":[{"confidence":"0.9693","content":"좀"}],"type":"pronunciation"},{"start_time":"275.17","end_time":"275.36","alternatives":[{"confidence":"0.9882","content":"많이"}],"type":"pronunciation"},{"start_time":"275.36","end_time":"275.93","alternatives":[{"confidence":"0.9498","content":"많아요"}],"type":"pronunciation"},{"alternatives":[{"confidence":"0.0","content":"."}],"type":"punctuation"},{"start_time":"276.56","end_time":"276.85","alternatives":[{"confidence":"0.9834","content":"아니요"}],"type":"pronunciation"},{"alternatives":[{"confidence":"0.0","content":"."}],"type":"punctuation"},{"start_time":"276.85","end_time":"277.59","alternatives":[{"confidence":"0.99675","content":"고객님그렇게"}],"type":"pronunciation"},{"start_time":"277.59","end_time":"278.1","alternatives":[{"confidence":"0.9842","content":"막"}],"type":"pronunciation"},{"start_time":"278.16","end_time":"279.11","alternatives":[{"confidence":"0.9993","content":"엄청나게"}],"type":"pronunciation"},{"start_time":"279.38","end_time":"280.18","alternatives":[{"confidence":"0.9928","content":"보통은"}],"type":"pronunciation"},{"start_time":"280.43","end_time":"280.77","alternatives":[{"confidence":"0.731","content":"이십"}],"type":"pronunciation"},{"start_time":"280.77","end_time":"281.0","alternatives":[{"confidence":"0.7145","content":"프로"}],"type":"pronunciation"},{"start_time":"281.0","end_time":"281.55","alternatives":[{"confidence":"0.7224","content":"감각을"}],"type":"pronunciation"},{"start_time":"281.55","end_time":"281.94","alternatives":[{"confidence":"1.0","content":"보시면"}],"type":"pronunciation"},{"start_time":"281.94","end_time":"282.34","alternatives":[{"confidence":"1.0","content":"됩니다"}],"type":"pronunciation"},{"alternatives":[{"confidence":"0.0","content":"."}],"type":"punctuation"},{"start_time":"282.61","end_time":"282.76","alternatives":[{"confidence":"0.0189","content":"네"}],"type":"pronunciation"},{"alternatives":[{"confidence":"0.0","content":"."}],"type":"punctuation"},{"start_time":"285.56","end_time":"286.13","alternatives":[{"confidence":"0.8662","content":"네네"}],"type":"pronunciation"},{"start_time":"286.68","end_time":"286.95","alternatives":[{"confidence":"0.0884","content":"이십"}],"type":"pronunciation"},{"start_time":"287.38","end_time":"287.64","alternatives":[{"confidence":"0.9904","content":"하시면"}],"type":"pronunciation"},{"start_time":"287.64","end_time":"288.31","alternatives":[{"confidence":"0.9561999999999999","content":"되시고요"}],"type":"pronunciation"},{"start_time":"288.94","end_time":"289.32","alternatives":[{"confidence":"0.0688","content":"제가"}],"type":"pronunciation"},{"start_time":"289.96","end_time":"290.2","alternatives":[{"confidence":"0.0165","content":"같은"}],"type":"pronunciation"},{"start_time":"290.2","end_time":"290.44","alternatives":[{"confidence":"0.0197","content":"거예요"}],"type":"pronunciation"},{"alternatives":[{"confidence":"0.0","content":"."}],"type":"punctuation"},{"start_time":"291.79","end_time":"292.09","alternatives":[{"confidence":"0.4723","content":"하드"}],"type":"pronunciation"},{"start_time":"292.09","end_time":"292.33","alternatives":[{"confidence":"0.999","content":"같은"}],"type":"pronunciation"},{"start_time":"292.33","end_time":"292.62","alternatives":[{"confidence":"0.9768","content":"부분은"}],"type":"pronunciation"},{"start_time":"292.62","end_time":"293.25","alternatives":[{"confidence":"0.9843999999999999","content":"고객님께서"}],"type":"pronunciation"},{"start_time":"293.25","end_time":"293.49","alternatives":[{"confidence":"0.6379","content":"소득"}],"type":"pronunciation"},{"start_time":"293.49","end_time":"293.81","alternatives":[{"confidence":"0.9660333333333333","content":"증빙이"}],"type":"pronunciation"},{"start_time":"293.81","end_time":"294.06","alternatives":[{"confidence":"1.0","content":"전혀"}],"type":"pronunciation"},{"start_time":"294.06","end_time":"294.2","alternatives":[{"confidence":"0.9941","content":"안"}],"type":"pronunciation"},{"start_time":"294.2","end_time":"294.55","alternatives":[{"confidence":"0.54505","content":"되시기"}],"type":"pronunciation"},{"start_time":"294.55","end_time":"295.56","alternatives":[{"confidence":"0.9925","content":"때문에요"}],"type":"pronunciation"},{"alternatives":[{"confidence":"0.0","content":"."}],"type":"punctuation"},{"start_time":"295.86","end_time":"296.17","alternatives":[{"confidence":"0.9881","content":"원래"}],"type":"pronunciation"},{"start_time":"296.17","end_time":"296.67","alternatives":[{"confidence":"0.7932","content":"기존같은"}],"type":"pronunciation"},{"start_time":"296.67","end_time":"297.04","alternatives":[{"confidence":"0.9989","content":"경우에는"}],"type":"pronunciation"},{"start_time":"297.04","end_time":"297.36","alternatives":[{"confidence":"0.99195","content":"대출이"}],"type":"pronunciation"},{"start_time":"297.36","end_time":"297.54","alternatives":[{"confidence":"1.0","content":"아예"}],"type":"pronunciation"},{"start_time":"297.54","end_time":"297.74","alternatives":[{"confidence":"0.9278","content":"안"}],"type":"pronunciation"},{"start_time":"297.74","end_time":"298.13","alternatives":[{"confidence":"0.9987","content":"되세요"}],"type":"pronunciation"},{"alternatives":[{"confidence":"0.0","content":"."}],"type":"punctuation"},{"start_time":"298.13","end_time":"298.86","alternatives":[{"confidence":"0.99945","content":"고객님이"}],"type":"pronunciation"},{"start_time":"298.86","end_time":"299.39","alternatives":[{"confidence":"0.8954","content":"어디까지나"}],"type":"pronunciation"},{"start_time":"299.39","end_time":"300.25","alternatives":[{"confidence":"0.8616999999999999","content":"신용대출이라는"}],"type":"pronunciation"},{"start_time":"300.25","end_time":"300.48","alternatives":[{"confidence":"0.7336","content":"거는"}],"type":"pronunciation"},{"start_time":"300.48","end_time":"300.97","alternatives":[{"confidence":"0.99055","content":"고객님의"}],"type":"pronunciation"},{"start_time":"300.97","end_time":"301.25","alternatives":[{"confidence":"0.5979","content":"소득"}],"type":"pronunciation"},{"start_time":"301.25","end_time":"302.1","alternatives":[{"confidence":"0.8124","content":"정보나"}],"type":"pronunciation"},{"start_time":"302.31","end_time":"302.45","alternatives":[{"confidence":"0.5374","content":"뭐"}],"type":"pronunciation"},{"start_time":"302.46","end_time":"302.76","alternatives":[{"confidence":"0.9267","content":"자가"}],"type":"pronunciation"},{"start_time":"302.76","end_time":"303.7","alternatives":[{"confidence":"0.8335666666666667","content":"형태신용카드를"}],"type":"pronunciation"},{"start_time":"303.7","end_time":"304.65","alternatives":[{"confidence":"0.99855","content":"사용하시는지"}],"type":"pronunciation"},{"start_time":"304.89","end_time":"305.35","alternatives":[{"confidence":"0.99375","content":"고객님의"}],"type":"pronunciation"},{"start_time":"305.35","end_time":"305.99","alternatives":[{"confidence":"0.92085","content":"신용등급에"}],"type":"pronunciation"},{"start_time":"305.99","end_time":"306.21","alternatives":[{"confidence":"0.9937","content":"따라"}],"type":"pronunciation"},{"start_time":"306.21","end_time":"306.6","alternatives":[{"confidence":"0.9795499999999999","content":"적용이"}],"type":"pronunciation"},{"start_time":"306.6","end_time":"306.97","alternatives":[{"confidence":"0.94035","content":"되시는"}],"type":"pronunciation"},{"start_time":"306.97","end_time":"307.57","alternatives":[{"confidence":"0.8776","content":"건데"}],"type":"pronunciation"},{"alternatives":[{"confidence":"0.0","content":","}],"type":"punctuation"},{"start_time":"307.63","end_time":"308.22","alternatives":[{"confidence":"0.9611","content":"고객님께서"}],"type":"pronunciation"},{"start_time":"308.22","end_time":"308.59","alternatives":[{"confidence":"1.0","content":"소득이"}],"type":"pronunciation"},{"start_time":"308.59","end_time":"308.95","alternatives":[{"confidence":"0.9995","content":"없다고"}],"type":"pronunciation"},{"start_time":"308.95","end_time":"309.45","alternatives":[{"confidence":"0.98685","content":"하시면은"}],"type":"pronunciation"},{"alternatives":[{"confidence":"0.0","content":"."}],"type":"punctuation"},{"start_time":"309.48","end_time":"309.95","alternatives":[{"confidence":"0.9357","content":"은행"}],"type":"pronunciation"},{"start_time":"309.95","end_time":"310.65","alternatives":[{"confidence":"1.0","content":"입장에서는"}],"type":"pronunciation"},{"start_time":"310.65","end_time":"311.27","alternatives":[{"confidence":"0.9132","content":"고객님께서"}],"type":"pronunciation"},{"start_time":"311.27","end_time":"311.65","alternatives":[{"confidence":"0.985","content":"대출을"}],"type":"pronunciation"},{"start_time":"311.65","end_time":"312.27","alternatives":[{"confidence":"0.8066666666666666","content":"내어드렸을"}],"type":"pronunciation"},{"start_time":"312.27","end_time":"312.73","alternatives":[{"confidence":"0.8143","content":"때"}],"type":"pronunciation"},{"start_time":"312.97","end_time":"313.62","alternatives":[{"confidence":"0.80705","content":"고객님가서"}],"type":"pronunciation"},{"start_time":"313.62","end_time":"314.11","alternatives":[{"confidence":"0.9741","content":"변제하실"}],"type":"pronunciation"},{"start_time":"314.11","end_time":"314.22","alternatives":[{"confidence":"1.0","content":"수"}],"type":"pronunciation"},{"start_time":"314.22","end_time":"314.57","alternatives":[{"confidence":"0.9627","content":"없다는"}],"type":"pronunciation"},{"start_time":"314.57","end_time":"314.7","alternatives":[{"confidence":"0.5395","content":"것"}],"type":"pronunciation"},{"start_time":"314.7","end_time":"314.93","alternatives":[{"confidence":"0.5406","content":"밖에"}],"type":"pronunciation"},{"start_time":"314.93","end_time":"315.22","alternatives":[{"confidence":"0.9975499999999999","content":"확인이"}],"type":"pronunciation"},{"start_time":"315.22","end_time":"315.33","alternatives":[{"confidence":"0.864","content":"안"}],"type":"pronunciation"},{"start_time":"315.33","end_time":"315.74","alternatives":[{"confidence":"1.0","content":"되잖아요"}],"type":"pronunciation"},{"alternatives":[{"confidence":"0.0","content":"."}],"type":"punctuation"},{"start_time":"315.74","end_time":"317.15","alternatives":[{"confidence":"0.9880666666666666","content":"고객님서류상으로는"}],"type":"pronunciation"},{"start_time":"322.78","end_time":"323.17","alternatives":[{"confidence":"0.9186","content":"전화를"}],"type":"pronunciation"},{"start_time":"323.38","end_time":"324.07","alternatives":[{"confidence":"0.995","content":"받았잖아요"}],"type":"pronunciation"},{"start_time":"325.93","end_time":"326.13","alternatives":[{"confidence":"0.1611","content":"되는"}],"type":"pronunciation"},{"start_time":"326.13","end_time":"326.35","alternatives":[{"confidence":"0.2057","content":"거예요"}],"type":"pronunciation"},{"alternatives":[{"confidence":"0.0","content":"."}],"type":"punctuation"},{"start_time":"326.72","end_time":"327.03","alternatives":[{"confidence":"0.8334","content":"아니요"}],"type":"pronunciation"},{"alternatives":[{"confidence":"0.0","content":"."}],"type":"punctuation"},{"start_time":"327.03","end_time":"327.26","alternatives":[{"confidence":"0.6922","content":"그게"}],"type":"pronunciation"},{"start_time":"327.38","end_time":"327.67","alternatives":[{"confidence":"0.5699","content":"전화"}],"type":"pronunciation"},{"start_time":"327.67","end_time":"327.94","alternatives":[{"confidence":"0.9966","content":"같은"}],"type":"pronunciation"},{"start_time":"327.94","end_time":"328.3","alternatives":[{"confidence":"1.0","content":"부분도"}],"type":"pronunciation"},{"start_time":"328.3","end_time":"328.69","alternatives":[{"confidence":"1.0","content":"저희가"}],"type":"pronunciation"},{"start_time":"328.69","end_time":"328.94","alternatives":[{"confidence":"0.7663","content":"드린"}],"type":"pronunciation"},{"start_time":"328.94","end_time":"329.04","alternatives":[{"confidence":"0.9996","content":"게"}],"type":"pronunciation"},{"start_time":"329.04","end_time":"329.55","alternatives":[{"confidence":"0.9997","content":"아니고요"}],"type":"pronunciation"},{"alternatives":[{"confidence":"0.0","content":"."}],"type":"punctuation"},{"start_time":"329.58","end_time":"329.8","alternatives":[{"confidence":"0.9611","content":"저희"}],"type":"pronunciation"},{"start_time":"329.8","end_time":"330.15","alternatives":[{"confidence":"0.64195","content":"행에서"}],"type":"pronunciation"},{"start_time":"330.15","end_time":"330.42","alternatives":[{"confidence":"0.52","content":"드린"}],"type":"pronunciation"},{"start_time":"330.42","end_time":"330.53","alternatives":[{"confidence":"0.9999","content":"게"}],"type":"pronunciation"},{"start_time":"330.53","end_time":"331.17","alternatives":[{"confidence":"1.0","content":"아니고"}],"type":"pronunciation"},{"start_time":"331.23","end_time":"332.66","alternatives":[{"confidence":"0.929925","content":"국민행복기금이라는"}],"type":"pronunciation"},{"start_time":"332.66","end_time":"333.46","alternatives":[{"confidence":"0.8311999999999999","content":"정부단체가"}],"type":"pronunciation"},{"start_time":"333.46","end_time":"333.82","alternatives":[{"confidence":"0.9992","content":"있어요"}],"type":"pronunciation"},{"alternatives":[{"confidence":"0.0","content":"."}],"type":"punctuation"},{"start_time":"333.82","end_time":"336.55","alternatives":[{"confidence":"0.9659600000000002","content":"고객님국민행복기금이라는"}],"type":"pronunciation"},{"start_time":"336.55","end_time":"337.06","alternatives":[{"confidence":"0.99815","content":"단체에서"}],"type":"pronunciation"},{"start_time":"337.06","end_time":"337.42","alternatives":[{"confidence":"0.6962","content":"무얼"}],"type":"pronunciation"},{"start_time":"337.42","end_time":"338.16","alternatives":[{"confidence":"1.0","content":"하냐면"}],"type":"pronunciation"},{"start_time":"338.19","end_time":"339.16","alternatives":[{"confidence":"0.6968666666666667","content":"터민지원"}],"type":"pronunciation"},{"alternatives":[{"confidence":"0.0","content":"."}],"type":"punctuation"},{"start_time":"339.28","end_time":"339.57","alternatives":[{"confidence":"0.993","content":"그리고"}],"type":"pronunciation"},{"start_time":"339.57","end_time":"341.62","alternatives":[{"confidence":"0.795575","content":"개인회생파산개인"}],"type":"pronunciation"},{"start_time":"341.62","end_time":"341.83","alternatives":[{"confidence":"0.3702","content":"면"}],"type":"pronunciation"},{"start_time":"342.69","end_time":"342.95","alternatives":[{"confidence":"0.9998","content":"이런"}],"type":"pronunciation"},{"start_time":"342.95","end_time":"343.28","alternatives":[{"confidence":"1.0","content":"부분을"}],"type":"pronunciation"},{"start_time":"343.28","end_time":"344.2","alternatives":[{"confidence":"0.98665","content":"담당해요"}],"type":"pronunciation"},{"start_time":"344.44","end_time":"345.02","alternatives":[{"confidence":"0.8030999999999999","content":"고객님께서"}],"type":"pronunciation"},{"start_time":"345.02","end_time":"345.21","alternatives":[{"confidence":"0.8363","content":"뭐"}],"type":"pronunciation"},{"start_time":"345.45","end_time":"346.3","alternatives":[{"confidence":"0.9982333333333333","content":"고객님들께서"}],"type":"pronunciation"},{"start_time":"346.3","end_time":"346.45","alternatives":[{"confidence":"0.9425","content":"뭐"}],"type":"pronunciation"},{"start_time":"346.51","end_time":"347.79","alternatives":[{"confidence":"0.9841333333333333","content":"서민분들께서"}],"type":"pronunciation"},{"start_time":"348.0","end_time":"348.49","alternatives":[{"confidence":"1.0","content":"굉장히"}],"type":"pronunciation"},{"start_time":"348.52","end_time":"348.91","alternatives":[{"confidence":"0.99655","content":"연체가"}],"type":"pronunciation"},{"start_time":"348.91","end_time":"349.31","alternatives":[{"confidence":"0.9966999999999999","content":"많으신"}],"type":"pronunciation"},{"start_time":"349.31","end_time":"349.55","alternatives":[{"confidence":"0.7346","content":"분들"}],"type":"pronunciation"},{"start_time":"349.55","end_time":"350.5","alternatives":[{"confidence":"1.0","content":"있잖아요"}],"type":"pronunciation"},{"alternatives":[{"confidence":"0.0","content":"."}],"type":"punctuation"},{"start_time":"351.0","end_time":"351.26","alternatives":[{"confidence":"0.9982","content":"그러면"}],"type":"pronunciation"},{"start_time":"351.26","end_time":"351.61","alternatives":[{"confidence":"1.0","content":"정부에서"}],"type":"pronunciation"},{"start_time":"351.61","end_time":"352.02","alternatives":[{"confidence":"1.0","content":"지원을"}],"type":"pronunciation"},{"start_time":"352.02","end_time":"352.28","alternatives":[{"confidence":"0.9988","content":"해서"}],"type":"pronunciation"},{"start_time":"352.28","end_time":"352.73","alternatives":[{"confidence":"0.9981","content":"대화를"}],"type":"pronunciation"},{"start_time":"352.73","end_time":"353.05","alternatives":[{"confidence":"0.9764","content":"해주는"}],"type":"pronunciation"},{"start_time":"353.05","end_time":"353.36","alternatives":[{"confidence":"0.97","content":"업무를"}],"type":"pronunciation"},{"start_time":"353.36","end_time":"353.57","alternatives":[{"confidence":"0.9996","content":"하기"}],"type":"pronunciation"},{"start_time":"353.57","end_time":"354.01","alternatives":[{"confidence":"0.9848","content":"때문에요"}],"type":"pronunciation"},{"alternatives":[{"confidence":"0.0","content":"."}],"type":"punctuation"},{"start_time":"354.04","end_time":"355.45","alternatives":[{"confidence":"0.47855","content":"고객님네"}],"type":"pronunciation"},{"start_time":"355.45","end_time":"355.69","alternatives":[{"confidence":"0.8163","content":"네"}],"type":"pronunciation"},{"alternatives":[{"confidence":"0.0","content":"."}],"type":"punctuation"},{"start_time":"355.69","end_time":"356.02","alternatives":[{"confidence":"0.9995","content":"그리고"}],"type":"pronunciation"},{"start_time":"356.02","end_time":"356.28","alternatives":[{"confidence":"0.998","content":"지금"}],"type":"pronunciation"},{"start_time":"356.28","end_time":"356.51","alternatives":[{"confidence":"0.9819","content":"나온"}],"type":"pronunciation"},{"start_time":"356.51","end_time":"356.79","alternatives":[{"confidence":"0.8826","content":"상품"}],"type":"pronunciation"},{"start_time":"356.79","end_time":"357.05","alternatives":[{"confidence":"0.9729","content":"같은"}],"type":"pronunciation"},{"start_time":"357.05","end_time":"357.48","alternatives":[{"confidence":"1.0","content":"경우에는"}],"type":"pronunciation"},{"start_time":"357.48","end_time":"358.3","alternatives":[{"confidence":"0.7996333333333333","content":"국민행복그런"}],"type":"pronunciation"},{"start_time":"358.3","end_time":"359.37","alternatives":[{"confidence":"0.9897","content":"국민행복기금에서"}],"type":"pronunciation"},{"start_time":"359.37","end_time":"359.79","alternatives":[{"confidence":"0.9997","content":"지원을"}],"type":"pronunciation"},{"start_time":"359.79","end_time":"359.99","alternatives":[{"confidence":"0.9968","content":"하고"}],"type":"pronunciation"},{"start_time":"359.99","end_time":"360.16","alternatives":[{"confidence":"0.994","content":"있는"}],"type":"pronunciation"},{"start_time":"360.16","end_time":"360.77","alternatives":[{"confidence":"0.73465","content":"상품이고요"}],"type":"pronunciation"},{"alternatives":[{"confidence":"0.0","content":"."}],"type":"punctuation"},{"start_time":"360.77","end_time":"361.22","alternatives":[{"confidence":"1.0","content":"고객님"}],"type":"pronunciation"},{"alternatives":[{"confidence":"0.0","content":"."}],"type":"punctuation"},{"start_time":"361.84","end_time":"362.08","alternatives":[{"confidence":"0.779","content":"근데"}],"type":"pronunciation"},{"start_time":"362.08","end_time":"362.33","alternatives":[{"confidence":"1.0","content":"그게"}],"type":"pronunciation"},{"start_time":"362.33","end_time":"362.53","alternatives":[{"confidence":"0.9264","content":"제가"}],"type":"pronunciation"},{"start_time":"363.56","end_time":"363.86","alternatives":[{"confidence":"0.7098500000000001","content":"구매를"}],"type":"pronunciation"},{"start_time":"363.86","end_time":"364.51","alternatives":[{"confidence":"0.9969","content":"하면서"}],"type":"pronunciation"},{"start_time":"364.71","end_time":"365.38","alternatives":[{"confidence":"0.9592","content":"지금"}],"type":"pronunciation"},{"start_time":"365.83","end_time":"366.12","alternatives":[{"confidence":"0.6286","content":"지금은"}],"type":"pronunciation"},{"start_time":"366.12","end_time":"366.39","alternatives":[{"confidence":"0.7164","content":"이용하고"}],"type":"pronunciation"},{"start_time":"366.39","end_time":"367.24","alternatives":[{"confidence":"1.0","content":"있거든요"}],"type":"pronunciation"},{"alternatives":[{"confidence":"0.0","content":"."}],"type":"punctuation"},{"start_time":"368.33","end_time":"369.07","alternatives":[{"confidence":"0.8307666666666668","content":"한국주택공사"}],"type":"pronunciation"},{"start_time":"369.48","end_time":"369.62","alternatives":[{"confidence":"0.0103","content":"또"}],"type":"pronunciation"},{"start_time":"370.68","end_time":"371.04","alternatives":[{"confidence":"0.9387","content":"그거를"}],"type":"pronunciation"},{"start_time":"371.04","end_time":"371.34","alternatives":[{"confidence":"0.9945","content":"이용하고"}],"type":"pronunciation"},{"start_time":"371.34","end_time":"372.0","alternatives":[{"confidence":"0.9587","content":"있는데"}],"type":"pronunciation"},{"start_time":"372.69","end_time":"372.91","alternatives":[{"confidence":"0.6569","content":"그런"}],"type":"pronunciation"},{"start_time":"372.91","end_time":"373.18","alternatives":[{"confidence":"0.9981","content":"관계가"}],"type":"pronunciation"},{"start_time":"373.18","end_time":"373.44","alternatives":[{"confidence":"0.9692","content":"있나요"}],"type":"pronunciation"},{"alternatives":[{"confidence":"0.0","content":"?"}],"type":"punctuation"},{"start_time":"374.05","end_time":"374.67","alternatives":[{"confidence":"0.1106","content":"지금도"}],"type":"pronunciation"},{"start_time":"374.67","end_time":"374.98","alternatives":[{"confidence":"0.996","content":"얼마나"}],"type":"pronunciation"},{"start_time":"374.98","end_time":"375.59","alternatives":[{"confidence":"0.9632666666666667","content":"남으셨어요"}],"type":"pronunciation"},{"start_time":"375.59","end_time":"376.13","alternatives":[{"confidence":"0.8135","content":"지금"}],"type":"pronunciation"},{"start_time":"378.22","end_time":"378.6","alternatives":[{"confidence":"0.9963","content":"그러시면"}],"type":"pronunciation"},{"start_time":"378.6","end_time":"378.78","alternatives":[{"confidence":"0.912","content":"어느"}],"type":"pronunciation"},{"start_time":"378.78","end_time":"378.99","alternatives":[{"confidence":"0.8844","content":"정도"}],"type":"pronunciation"},{"start_time":"378.99","end_time":"379.92","alternatives":[{"confidence":"0.9665666666666667","content":"남으셨어요"}],"type":"pronunciation"},{"start_time":"382.26","end_time":"382.57","alternatives":[{"confidence":"0.6048","content":"30"}],"type":"pronunciation"},{"alternatives":[{"confidence":"0.0","content":"."}],"type":"punctuation"},{"start_time":"385.0","end_time":"385.3","alternatives":[{"confidence":"0.0374","content":"네네"}],"type":"pronunciation"},{"alternatives":[{"confidence":"0.0","content":"."}],"type":"punctuation"},{"start_time":"386.03","end_time":"386.74","alternatives":[{"confidence":"0.9683","content":"금액이"}],"type":"pronunciation"},{"start_time":"388.59","end_time":"389.26","alternatives":[{"confidence":"0.93465","content":"일억정도"}],"type":"pronunciation"},{"start_time":"389.26","end_time":"389.59","alternatives":[{"confidence":"0.5184","content":"잡혀"}],"type":"pronunciation"},{"start_time":"389.59","end_time":"390.23","alternatives":[{"confidence":"0.0874","content":"주시더라고요"}],"type":"pronunciation"},{"start_time":"392.66","end_time":"393.1","alternatives":[{"confidence":"0.6721","content":"잠시만"}],"type":"pronunciation"},{"start_time":"393.43","end_time":"393.73","alternatives":[{"confidence":"0.9884","content":"아파트"}],"type":"pronunciation"},{"start_time":"393.73","end_time":"394.1","alternatives":[{"confidence":"0.996","content":"시세가"}],"type":"pronunciation"},{"start_time":"394.1","end_time":"394.47","alternatives":[{"confidence":"0.7399","content":"어느정도"}],"type":"pronunciation"},{"start_time":"394.47","end_time":"394.89","alternatives":[{"confidence":"0.9938","content":"되시는지"}],"type":"pronunciation"},{"start_time":"394.89","end_time":"395.08","alternatives":[{"confidence":"0.816","content":"알고"}],"type":"pronunciation"},{"start_time":"395.08","end_time":"395.79","alternatives":[{"confidence":"1.0","content":"계신가요"}],"type":"pronunciation"},{"alternatives":[{"confidence":"0.0","content":"?"}],"type":"punctuation"},{"start_time":"396.77","end_time":"396.91","alternatives":[{"confidence":"0.0183","content":"는"}],"type":"pronunciation"},{"start_time":"396.91","end_time":"397.22","alternatives":[{"confidence":"0.10439999999999999","content":"좋았지"}],"type":"pronunciation"},{"start_time":"397.22","end_time":"397.43","alternatives":[{"confidence":"0.1786","content":"않나"}],"type":"pronunciation"},{"start_time":"399.05","end_time":"399.64","alternatives":[{"confidence":"0.9961","content":"그러신가요"}],"type":"pronunciation"},{"alternatives":[{"confidence":"0.0","content":"."}],"type":"punctuation"},{"start_time":"401.24","end_time":"402.22","alternatives":[{"confidence":"1.0","content":"잠시만요"}],"type":"pronunciation"},{"alternatives":[{"confidence":"0.0","content":"."}],"type":"punctuation"},{"start_time":"404.16","end_time":"404.6","alternatives":[{"confidence":"0.9971","content":"그러시면"}],"type":"pronunciation"},{"start_time":"404.6","end_time":"405.26","alternatives":[{"confidence":"0.9999","content":"고객님제가"}],"type":"pronunciation"},{"start_time":"405.26","end_time":"405.76","alternatives":[{"confidence":"1.0","content":"말씀을"}],"type":"pronunciation"},{"start_time":"405.76","end_time":"406.09","alternatives":[{"confidence":"0.9992","content":"드리는"}],"type":"pronunciation"},{"start_time":"406.09","end_time":"406.91","alternatives":[{"confidence":"0.9992","content":"것보다는"}],"type":"pronunciation"},{"start_time":"406.91","end_time":"407.38","alternatives":[{"confidence":"0.9991","content":"확실하게"}],"type":"pronunciation"},{"start_time":"407.47","end_time":"407.92","alternatives":[{"confidence":"0.47450000000000003","content":"심사가"}],"type":"pronunciation"},{"start_time":"407.92","end_time":"408.03","alternatives":[{"confidence":"0.2769","content":"로"}],"type":"pronunciation"},{"start_time":"408.03","end_time":"408.48","alternatives":[{"confidence":"0.9995","content":"접수를"}],"type":"pronunciation"},{"start_time":"408.48","end_time":"408.71","alternatives":[{"confidence":"0.9987","content":"해서"}],"type":"pronunciation"},{"start_time":"408.71","end_time":"409.14","alternatives":[{"confidence":"1.0","content":"상담을"}],"type":"pronunciation"},{"start_time":"409.14","end_time":"409.87","alternatives":[{"confidence":"0.8129","content":"받아보시는"}],"type":"pronunciation"},{"start_time":"409.87","end_time":"410.11","alternatives":[{"confidence":"0.9742","content":"편이"}],"type":"pronunciation"},{"start_time":"410.11","end_time":"410.67","alternatives":[{"confidence":"0.9998","content":"궁금증이"}],"type":"pronunciation"},{"start_time":"410.67","end_time":"410.8","alternatives":[{"confidence":"0.9594","content":"더"}],"type":"pronunciation"},{"start_time":"410.8","end_time":"411.07","alternatives":[{"confidence":"0.9966","content":"빨리"}],"type":"pronunciation"},{"start_time":"411.07","end_time":"411.39","alternatives":[{"confidence":"0.99985","content":"해소가"}],"type":"pronunciation"},{"start_time":"411.39","end_time":"411.68","alternatives":[{"confidence":"0.9955499999999999","content":"되실"}],"type":"pronunciation"},{"start_time":"411.68","end_time":"411.82","alternatives":[{"confidence":"0.9988","content":"것"}],"type":"pronunciation"},{"start_time":"411.82","end_time":"412.53","alternatives":[{"confidence":"0.9973","content":"같으세요"}],"type":"pronunciation"},{"alternatives":[{"confidence":"0.0","content":"?"}],"type":"punctuation"},{"start_time":"412.77","end_time":"412.92","alternatives":[{"confidence":"0.6509","content":"저"}],"type":"pronunciation"},{"start_time":"412.92","end_time":"413.19","alternatives":[{"confidence":"0.9993","content":"같은"}],"type":"pronunciation"},{"start_time":"413.19","end_time":"413.6","alternatives":[{"confidence":"0.999","content":"경우에도"}],"type":"pronunciation"},{"start_time":"413.6","end_time":"414.24","alternatives":[{"confidence":"0.99975","content":"고객님한테"}],"type":"pronunciation"},{"start_time":"414.24","end_time":"414.5","alternatives":[{"confidence":"0.8746","content":"뭐"}],"type":"pronunciation"},{"start_time":"414.66","end_time":"415.22","alternatives":[{"confidence":"1.0","content":"정확하게"}],"type":"pronunciation"},{"start_time":"415.22","end_time":"415.65","alternatives":[{"confidence":"1.0","content":"말씀을"}],"type":"pronunciation"},{"start_time":"415.65","end_time":"415.88","alternatives":[{"confidence":"0.9948","content":"드릴"}],"type":"pronunciation"},{"start_time":"415.88","end_time":"416.11","alternatives":[{"confidence":"0.9997","content":"수가"}],"type":"pronunciation"},{"start_time":"416.11","end_time":"416.72","alternatives":[{"confidence":"0.8545","content":"없으니까요"}],"type":"pronunciation"},{"alternatives":[{"confidence":"0.0","content":"."}],"type":"punctuation"},{"start_time":"416.72","end_time":"421.85","alternatives":[{"confidence":"0.5286499999999998","content":"고객님그렇지만"}],"type":"pronunciation"},{"start_time":"421.85","end_time":"422.08","alternatives":[{"confidence":"0.995","content":"제가"}],"type":"pronunciation"},{"start_time":"422.08","end_time":"422.5","alternatives":[{"confidence":"0.9996","content":"말씀을"}],"type":"pronunciation"},{"start_time":"422.5","end_time":"422.75","alternatives":[{"confidence":"0.6387","content":"드린"}],"type":"pronunciation"},{"start_time":"422.75","end_time":"423.23","alternatives":[{"confidence":"0.738","content":"거는"}],"type":"pronunciation"},{"start_time":"423.23","end_time":"423.51","alternatives":[{"confidence":"0.91","content":"자가"}],"type":"pronunciation"},{"start_time":"423.51","end_time":"423.81","alternatives":[{"confidence":"0.7507","content":"형태의"}],"type":"pronunciation"},{"start_time":"423.84","end_time":"424.1","alternatives":[{"confidence":"0.538","content":"주거"}],"type":"pronunciation"},{"start_time":"424.1","end_time":"424.47","alternatives":[{"confidence":"0.9874","content":"형태를"}],"type":"pronunciation"},{"start_time":"424.47","end_time":"424.87","alternatives":[{"confidence":"0.9743999999999999","content":"여쭤본"}],"type":"pronunciation"},{"start_time":"424.87","end_time":"425.39","alternatives":[{"confidence":"0.5112","content":"것은"}],"type":"pronunciation"},{"start_time":"426.31","end_time":"427.05","alternatives":[{"confidence":"0.8481","content":"죽어가자가"}],"type":"pronunciation"},{"start_time":"427.05","end_time":"427.19","alternatives":[{"confidence":"0.7856","content":"가"}],"type":"pronunciation"},{"start_time":"427.19","end_time":"427.86","alternatives":[{"confidence":"0.9987","content":"있으시면"}],"type":"pronunciation"},{"start_time":"427.86","end_time":"428.11","alternatives":[{"confidence":"1.0","content":"특히"}],"type":"pronunciation"},{"start_time":"428.11","end_time":"428.54","alternatives":[{"confidence":"0.9554","content":"아파트의"}],"type":"pronunciation"},{"start_time":"428.54","end_time":"428.78","alternatives":[{"confidence":"0.9987","content":"경우"}],"type":"pronunciation"},{"start_time":"428.78","end_time":"429.14","alternatives":[{"confidence":"1.0","content":"굉장히"}],"type":"pronunciation"},{"start_time":"429.14","end_time":"430.12","alternatives":[{"confidence":"0.7827500000000001","content":"우대받으세요"}],"type":"pronunciation"},{"alternatives":[{"confidence":"0.0","content":"."}],"type":"punctuation"},{"start_time":"430.15","end_time":"430.43","alternatives":[{"confidence":"0.9978","content":"그래서"}],"type":"pronunciation"},{"start_time":"430.43","end_time":"430.8","alternatives":[{"confidence":"1.0","content":"실제로"}],"type":"pronunciation"},{"start_time":"430.8","end_time":"431.03","alternatives":[{"confidence":"0.6088","content":"승인"}],"type":"pronunciation"},{"start_time":"431.03","end_time":"431.32","alternatives":[{"confidence":"0.9997","content":"사례가"}],"type":"pronunciation"},{"start_time":"431.32","end_time":"432.58","alternatives":[{"confidence":"1.0","content":"있으시거든요"}],"type":"pronunciation"},{"alternatives":[{"confidence":"0.0","content":"."}],"type":"punctuation"},{"start_time":"433.07","end_time":"433.3","alternatives":[{"confidence":"0.8583","content":"그리고"}],"type":"pronunciation"},{"start_time":"433.3","end_time":"433.51","alternatives":[{"confidence":"0.5058","content":"말고"}],"type":"pronunciation"},{"start_time":"433.51","end_time":"433.98","alternatives":[{"confidence":"1.0","content":"배우자를"}],"type":"pronunciation"},{"start_time":"433.98","end_time":"434.5","alternatives":[{"confidence":"0.8611","content":"통해서"}],"type":"pronunciation"},{"start_time":"437.43","end_time":"438.34","alternatives":[{"confidence":"0.8082333333333334","content":"배우자분통해서"}],"type":"pronunciation"},{"start_time":"438.34","end_time":"438.73","alternatives":[{"confidence":"0.9372","content":"진행을"}],"type":"pronunciation"},{"start_time":"438.73","end_time":"439.87","alternatives":[{"confidence":"0.98635","content":"하신다고요"}],"type":"pronunciation"},{"start_time":"443.12","end_time":"443.35","alternatives":[{"confidence":"0.9878","content":"그"}],"type":"pronunciation"},{"start_time":"443.35","end_time":"443.89","alternatives":[{"confidence":"1.0","content":"부분도"}],"type":"pronunciation"},{"start_time":"443.89","end_time":"444.71","alternatives":[{"confidence":"0.9864","content":"괜찮으시고요"}],"type":"pronunciation"},{"start_time":"445.99","end_time":"446.55","alternatives":[{"confidence":"0.9964999999999999","content":"배우자분이"}],"type":"pronunciation"},{"start_time":"446.55","end_time":"446.93","alternatives":[{"confidence":"0.9805","content":"진행을"}],"type":"pronunciation"},{"start_time":"446.93","end_time":"447.36","alternatives":[{"confidence":"0.9957","content":"하신다고"}],"type":"pronunciation"},{"start_time":"447.36","end_time":"447.67","alternatives":[{"confidence":"0.9896","content":"하시면"}],"type":"pronunciation"},{"start_time":"447.73","end_time":"448.02","alternatives":[{"confidence":"0.9989","content":"거의"}],"type":"pronunciation"},{"start_time":"448.28","end_time":"448.45","alternatives":[{"confidence":"0.5221","content":"철이"}],"type":"pronunciation"},{"start_time":"448.45","end_time":"449.7","alternatives":[{"confidence":"0.9914999999999999","content":"나오시니까요"}],"type":"pronunciation"},{"start_time":"450.69","end_time":"451.19","alternatives":[{"confidence":"0.9587","content":"그거를"}],"type":"pronunciation"},{"start_time":"451.63","end_time":"451.94","alternatives":[{"confidence":"0.9264","content":"어떻게"}],"type":"pronunciation"},{"start_time":"452.2","end_time":"452.33","alternatives":[{"confidence":"0.0407","content":"해야"}],"type":"pronunciation"},{"start_time":"452.33","end_time":"452.87","alternatives":[{"confidence":"0.0049","content":"되거든요"}],"type":"pronunciation"},{"start_time":"454.16","end_time":"454.31","alternatives":[{"confidence":"0.9756","content":"이"}],"type":"pronunciation"},{"start_time":"454.31","end_time":"454.68","alternatives":[{"confidence":"0.995","content":"번호로"}],"type":"pronunciation"},{"start_time":"454.68","end_time":"455.29","alternatives":[{"confidence":"0.9191","content":"연락주시면"}],"type":"pronunciation"},{"start_time":"455.29","end_time":"456.06","alternatives":[{"confidence":"0.96625","content":"되시고요"}],"type":"pronunciation"},{"start_time":"456.09","end_time":"456.55","alternatives":[{"confidence":"0.8497","content":"김현우"}],"type":"pronunciation"},{"start_time":"456.55","end_time":"457.36","alternatives":[{"confidence":"0.7911","content":"대리찾아주시면"}],"type":"pronunciation"},{"start_time":"457.36","end_time":"457.68","alternatives":[{"confidence":"1.0","content":"됩니다"}],"type":"pronunciation"},{"alternatives":[{"confidence":"0.0","content":"."}],"type":"punctuation"},{"start_time":"457.68","end_time":"457.85","alternatives":[{"confidence":"0.9779","content":"제"}],"type":"pronunciation"},{"start_time":"457.85","end_time":"458.11","alternatives":[{"confidence":"0.9051","content":"이름이"}],"type":"pronunciation"},{"start_time":"458.14","end_time":"458.86","alternatives":[{"confidence":"0.9842","content":"김연우"}],"type":"pronunciation"},{"start_time":"458.86","end_time":"459.31","alternatives":[{"confidence":"1.0","content":"거든요"}],"type":"pronunciation"},{"alternatives":[{"confidence":"0.0","content":"."}],"type":"punctuation"},{"start_time":"460.8","end_time":"461.42","alternatives":[{"confidence":"0.7661","content":"감사합니다"}],"type":"pronunciation"},{"alternatives":[{"confidence":"0.0","content":"."}],"type":"punctuation"}]},"status":"COMPLETED"}