{"jobName":"transcribe_loan44","accountId":"097989105209","results":{"transcripts":[{"transcript":"예 고객님안녕하세요 저축은행인데요 고객님기존의 대출 있으셔도 추가 작업이나 저금리도 대한 자금 가능 하신데요 저희는 이번에 승계용으로 나가기 때문에 조건도 까다로운거 없으셔 님 혹시 필요 자금이 있으세요? 요"}],"items":[{"start_time":"0.07","end_time":"0.3","alternatives":[{"confidence":"0.7509","content":"예"}],"type":"pronunciation"},{"start_time":"0.3","end_time":"1.83","alternatives":[{"confidence":"0.901","content":"고객님안녕하세요"}],"type":"pronunciation"},{"start_time":"2.13","end_time":"3.52","alternatives":[{"confidence":"1.0","content":"저축은행인데요"}],"type":"pronunciation"},{"start_time":"3.67","end_time":"4.92","alternatives":[{"confidence":"0.7077","content":"고객님기존의"}],"type":"pronunciation"},{"start_time":"4.92","end_time":"5.26","alternatives":[{"confidence":"0.3819","content":"대출"}],"type":"pronunciation"},{"start_time":"5.26","end_time":"6.1","alternatives":[{"confidence":"0.9987","content":"있으셔도"}],"type":"pronunciation"},{"start_time":"6.46","end_time":"6.72","alternatives":[{"confidence":"0.7371","content":"추가"}],"type":"pronunciation"},{"start_time":"6.72","end_time":"7.22","alternatives":[{"confidence":"0.8813","content":"작업이나"}],"type":"pronunciation"},{"start_time":"7.22","end_time":"7.94","alternatives":[{"confidence":"0.9220666666666667","content":"저금리도"}],"type":"pronunciation"},{"start_time":"7.94","end_time":"8.22","alternatives":[{"confidence":"0.8905","content":"대한"}],"type":"pronunciation"},{"start_time":"8.22","end_time":"8.47","alternatives":[{"confidence":"0.6364","content":"자금"}],"type":"pronunciation"},{"start_time":"8.47","end_time":"8.77","alternatives":[{"confidence":"0.9725","content":"가능"}],"type":"pronunciation"},{"start_time":"8.77","end_time":"9.58","alternatives":[{"confidence":"0.9953000000000001","content":"하신데요"}],"type":"pronunciation"},{"start_time":"9.99","end_time":"10.4","alternatives":[{"confidence":"1.0","content":"저희는"}],"type":"pronunciation"},{"start_time":"10.4","end_time":"11.01","alternatives":[{"confidence":"1.0","content":"이번에"}],"type":"pronunciation"},{"start_time":"11.04","end_time":"11.57","alternatives":[{"confidence":"0.8703","content":"승계용으로"}],"type":"pronunciation"},{"start_time":"11.57","end_time":"11.96","alternatives":[{"confidence":"0.9957","content":"나가기"}],"type":"pronunciation"},{"start_time":"11.96","end_time":"12.41","alternatives":[{"confidence":"1.0","content":"때문에"}],"type":"pronunciation"},{"start_time":"12.44","end_time":"12.83","alternatives":[{"confidence":"0.9994000000000001","content":"조건도"}],"type":"pronunciation"},{"start_time":"12.83","end_time":"13.33","alternatives":[{"confidence":"0.9280333333333334","content":"까다로운거"}],"type":"pronunciation"},{"start_time":"13.33","end_time":"13.66","alternatives":[{"confidence":"0.49665000000000004","content":"없으셔"}],"type":"pronunciation"},{"start_time":"13.84","end_time":"14.28","alternatives":[{"confidence":"0.7211","content":"님"}],"type":"pronunciation"},{"start_time":"14.7","end_time":"15.18","alternatives":[{"confidence":"0.9981","content":"혹시"}],"type":"pronunciation"},{"start_time":"15.24","end_time":"15.51","alternatives":[{"confidence":"0.4739","content":"필요"}],"type":"pronunciation"},{"start_time":"15.51","end_time":"15.85","alternatives":[{"confidence":"0.5422","content":"자금이"}],"type":"pronunciation"},{"start_time":"15.85","end_time":"16.55","alternatives":[{"confidence":"0.9988","content":"있으세요"}],"type":"pronunciation"},{"alternatives":[{"confidence":"0.0","content":"?"}],"type":"punctuation"},{"start_time":"19.93","end_time":"20.17","alternatives":[{"confidence":"0.2094","content":"요"}],"type":"pronunciation"}]},"status":"COMPLETED"}