{"jobName":"transcribe_loan12","accountId":"097989105209","results":{"transcripts":[{"transcript":"여보세요? 여보세요, 여기 는데요 저희 쪽으로 입출금이 가능한 계좌임대해주시면 저희가 대로 이백오십만원 드리고 있는데 어떻게 생각좀 있으세요? 불법 이요, 불법은 뭐든지 다 불법선생님이 기회를 가셔다가 라도 그것도 불법이고요. 하지만 보안 적으로 제가 진행을 하잖아요. 저희가 받는 건 통장도 안 받고 입출금이 가능한 저희가 계좌만 받고 있는데 하고 근데 이번에 연락주시면 돼요."}],"items":[{"start_time":"2.19","end_time":"2.8","alternatives":[{"confidence":"0.5632","content":"여보세요"}],"type":"pronunciation"},{"alternatives":[{"confidence":"0.0","content":"?"}],"type":"punctuation"},{"start_time":"3.05","end_time":"3.54","alternatives":[{"confidence":"0.8723","content":"여보세요"}],"type":"pronunciation"},{"alternatives":[{"confidence":"0.0","content":","}],"type":"punctuation"},{"start_time":"4.76","end_time":"4.95","alternatives":[{"confidence":"0.005","content":"여기"}],"type":"pronunciation"},{"start_time":"5.52","end_time":"6.61","alternatives":[{"confidence":"0.9959","content":"는데요"}],"type":"pronunciation"},{"start_time":"7.44","end_time":"7.68","alternatives":[{"confidence":"0.9455","content":"저희"}],"type":"pronunciation"},{"start_time":"7.68","end_time":"7.9","alternatives":[{"confidence":"0.8182","content":"쪽으로"}],"type":"pronunciation"},{"start_time":"7.9","end_time":"8.44","alternatives":[{"confidence":"0.9817","content":"입출금이"}],"type":"pronunciation"},{"start_time":"8.44","end_time":"8.8","alternatives":[{"confidence":"1.0","content":"가능한"}],"type":"pronunciation"},{"start_time":"8.8","end_time":"10.12","alternatives":[{"confidence":"0.8346666666666667","content":"계좌임대해주시면"}],"type":"pronunciation"},{"start_time":"10.15","end_time":"10.41","alternatives":[{"confidence":"0.1317","content":"저희가"}],"type":"pronunciation"},{"start_time":"10.84","end_time":"11.09","alternatives":[{"confidence":"0.7658","content":"대로"}],"type":"pronunciation"},{"start_time":"11.09","end_time":"11.85","alternatives":[{"confidence":"0.7481666666666666","content":"이백오십만원"}],"type":"pronunciation"},{"start_time":"11.85","end_time":"12.07","alternatives":[{"confidence":"0.535","content":"드리고"}],"type":"pronunciation"},{"start_time":"12.07","end_time":"12.74","alternatives":[{"confidence":"0.9936","content":"있는데"}],"type":"pronunciation"},{"start_time":"12.95","end_time":"13.15","alternatives":[{"confidence":"0.9838","content":"어떻게"}],"type":"pronunciation"},{"start_time":"13.15","end_time":"13.55","alternatives":[{"confidence":"0.88525","content":"생각좀"}],"type":"pronunciation"},{"start_time":"13.55","end_time":"14.08","alternatives":[{"confidence":"0.9926","content":"있으세요"}],"type":"pronunciation"},{"alternatives":[{"confidence":"0.0","content":"?"}],"type":"punctuation"},{"start_time":"17.94","end_time":"18.31","alternatives":[{"confidence":"0.3971","content":"불법"}],"type":"pronunciation"},{"start_time":"18.31","end_time":"18.55","alternatives":[{"confidence":"0.6925","content":"이요"}],"type":"pronunciation"},{"alternatives":[{"confidence":"0.0","content":","}],"type":"punctuation"},{"start_time":"19.96","end_time":"20.56","alternatives":[{"confidence":"0.95615","content":"불법은"}],"type":"pronunciation"},{"start_time":"20.56","end_time":"20.88","alternatives":[{"confidence":"0.999","content":"뭐든지"}],"type":"pronunciation"},{"start_time":"20.88","end_time":"20.98","alternatives":[{"confidence":"0.9924","content":"다"}],"type":"pronunciation"},{"start_time":"20.98","end_time":"21.82","alternatives":[{"confidence":"0.73095","content":"불법선생님이"}],"type":"pronunciation"},{"start_time":"21.82","end_time":"22.08","alternatives":[{"confidence":"0.8947","content":"기회를"}],"type":"pronunciation"},{"start_time":"22.08","end_time":"22.44","alternatives":[{"confidence":"0.4597333333333333","content":"가셔다가"}],"type":"pronunciation"},{"start_time":"22.82","end_time":"22.97","alternatives":[{"confidence":"0.618","content":"라도"}],"type":"pronunciation"},{"start_time":"22.97","end_time":"23.2","alternatives":[{"confidence":"0.9977","content":"그것도"}],"type":"pronunciation"},{"start_time":"23.2","end_time":"23.89","alternatives":[{"confidence":"0.85025","content":"불법이고요"}],"type":"pronunciation"},{"alternatives":[{"confidence":"0.0","content":"."}],"type":"punctuation"},{"start_time":"24.31","end_time":"24.76","alternatives":[{"confidence":"0.7191","content":"하지만"}],"type":"pronunciation"},{"start_time":"24.96","end_time":"25.19","alternatives":[{"confidence":"0.6438","content":"보안"}],"type":"pronunciation"},{"start_time":"25.19","end_time":"25.38","alternatives":[{"confidence":"0.9708","content":"적으로"}],"type":"pronunciation"},{"start_time":"25.38","end_time":"25.53","alternatives":[{"confidence":"0.7232","content":"제가"}],"type":"pronunciation"},{"start_time":"25.53","end_time":"25.83","alternatives":[{"confidence":"0.8863","content":"진행을"}],"type":"pronunciation"},{"start_time":"25.83","end_time":"26.43","alternatives":[{"confidence":"0.9942","content":"하잖아요"}],"type":"pronunciation"},{"alternatives":[{"confidence":"0.0","content":"."}],"type":"punctuation"},{"start_time":"26.98","end_time":"27.17","alternatives":[{"confidence":"0.968","content":"저희가"}],"type":"pronunciation"},{"start_time":"27.17","end_time":"27.5","alternatives":[{"confidence":"0.94","content":"받는"}],"type":"pronunciation"},{"start_time":"27.5","end_time":"27.82","alternatives":[{"confidence":"0.9828","content":"건"}],"type":"pronunciation"},{"start_time":"27.82","end_time":"28.18","alternatives":[{"confidence":"0.9981","content":"통장도"}],"type":"pronunciation"},{"start_time":"28.18","end_time":"28.26","alternatives":[{"confidence":"0.8704","content":"안"}],"type":"pronunciation"},{"start_time":"28.26","end_time":"28.48","alternatives":[{"confidence":"0.9943","content":"받고"}],"type":"pronunciation"},{"start_time":"28.48","end_time":"28.98","alternatives":[{"confidence":"0.9847333333333333","content":"입출금이"}],"type":"pronunciation"},{"start_time":"28.98","end_time":"29.33","alternatives":[{"confidence":"0.9991","content":"가능한"}],"type":"pronunciation"},{"start_time":"29.33","end_time":"29.64","alternatives":[{"confidence":"0.941","content":"저희가"}],"type":"pronunciation"},{"start_time":"29.76","end_time":"30.16","alternatives":[{"confidence":"0.9995499999999999","content":"계좌만"}],"type":"pronunciation"},{"start_time":"30.16","end_time":"30.37","alternatives":[{"confidence":"0.934","content":"받고"}],"type":"pronunciation"},{"start_time":"30.37","end_time":"30.88","alternatives":[{"confidence":"0.7838","content":"있는데"}],"type":"pronunciation"},{"start_time":"32.16","end_time":"32.54","alternatives":[{"confidence":"0.7142","content":"하고"}],"type":"pronunciation"},{"start_time":"35.37","end_time":"35.61","alternatives":[{"confidence":"0.0076","content":"근데"}],"type":"pronunciation"},{"start_time":"35.61","end_time":"35.98","alternatives":[{"confidence":"0.0523","content":"이번에"}],"type":"pronunciation"},{"start_time":"35.98","end_time":"36.38","alternatives":[{"confidence":"0.8019499999999999","content":"연락주시면"}],"type":"pronunciation"},{"start_time":"36.38","end_time":"36.61","alternatives":[{"confidence":"0.9667","content":"돼요"}],"type":"pronunciation"},{"alternatives":[{"confidence":"0.0","content":"."}],"type":"punctuation"}]},"status":"COMPLETED"}