{"jobName":"transcribe_loan43","accountId":"097989105209","results":{"transcripts":[{"transcript":"지금 고객님께서 저희 측 전선에서 상환능력 평가 부분만 좀 확인되시면. 처음 받아보셨던 한도와 금리보다 좀 더 좋은 조건으로 발급은 가능하다고 확인이 되세요. 이 전산상사한 운영평가로 미달이 되신 건데 이렇게 전산으로 부결이 나신 만큼 다시 이제 전산으로 승인을 만드는 건 뭐 이렇게 말씀드리긴 좀 그렇지만 굉장히 간단하시긴 해요. 우선은 약간의 편법이지만 상환능력 평가 만 따로 보실 수 있게 예외 심사권으로 제작 들을 도와드리려고 하는데 거의 생각은 좀 괜찮으신가요? 제가 그래서 친인척관계로 이렇게 해서 저희 친척이모님 정도 되신다고 하면서 이렇게 접수를 도와드릴게요."}],"items":[{"start_time":"0.03","end_time":"0.25","alternatives":[{"confidence":"0.9813","content":"지금"}],"type":"pronunciation"},{"start_time":"0.25","end_time":"0.91","alternatives":[{"confidence":"0.92765","content":"고객님께서"}],"type":"pronunciation"},{"start_time":"0.91","end_time":"1.15","alternatives":[{"confidence":"0.966","content":"저희"}],"type":"pronunciation"},{"start_time":"1.15","end_time":"1.3","alternatives":[{"confidence":"0.4956","content":"측"}],"type":"pronunciation"},{"start_time":"1.3","end_time":"2.11","alternatives":[{"confidence":"1.0","content":"전선에서"}],"type":"pronunciation"},{"start_time":"2.2","end_time":"2.68","alternatives":[{"confidence":"0.7386999999999999","content":"상환능력"}],"type":"pronunciation"},{"start_time":"2.68","end_time":"2.97","alternatives":[{"confidence":"0.6458","content":"평가"}],"type":"pronunciation"},{"start_time":"2.97","end_time":"3.41","alternatives":[{"confidence":"0.9966","content":"부분만"}],"type":"pronunciation"},{"start_time":"3.41","end_time":"3.54","alternatives":[{"confidence":"0.9995","content":"좀"}],"type":"pronunciation"},{"start_time":"3.54","end_time":"4.49","alternatives":[{"confidence":"0.9536666666666666","content":"확인되시면"}],"type":"pronunciation"},{"alternatives":[{"confidence":"0.0","content":"."}],"type":"punctuation"},{"start_time":"5.36","end_time":"5.59","alternatives":[{"confidence":"0.9568","content":"처음"}],"type":"pronunciation"},{"start_time":"5.59","end_time":"6.22","alternatives":[{"confidence":"0.9380666666666667","content":"받아보셨던"}],"type":"pronunciation"},{"start_time":"6.22","end_time":"6.52","alternatives":[{"confidence":"0.9500500000000001","content":"한도와"}],"type":"pronunciation"},{"start_time":"6.52","end_time":"7.06","alternatives":[{"confidence":"0.9559","content":"금리보다"}],"type":"pronunciation"},{"start_time":"7.06","end_time":"7.22","alternatives":[{"confidence":"0.9994","content":"좀"}],"type":"pronunciation"},{"start_time":"7.22","end_time":"7.36","alternatives":[{"confidence":"0.9999","content":"더"}],"type":"pronunciation"},{"start_time":"7.36","end_time":"7.65","alternatives":[{"confidence":"0.9999","content":"좋은"}],"type":"pronunciation"},{"start_time":"7.65","end_time":"8.11","alternatives":[{"confidence":"1.0","content":"조건으로"}],"type":"pronunciation"},{"start_time":"8.11","end_time":"8.49","alternatives":[{"confidence":"0.9949","content":"발급은"}],"type":"pronunciation"},{"start_time":"8.49","end_time":"8.98","alternatives":[{"confidence":"0.9977","content":"가능하다고"}],"type":"pronunciation"},{"start_time":"8.98","end_time":"9.25","alternatives":[{"confidence":"0.95665","content":"확인이"}],"type":"pronunciation"},{"start_time":"9.25","end_time":"10.29","alternatives":[{"confidence":"0.9984","content":"되세요"}],"type":"pronunciation"},{"alternatives":[{"confidence":"0.0","content":"."}],"type":"punctuation"},{"start_time":"11.22","end_time":"11.34","alternatives":[{"confidence":"0.327","content":"이"}],"type":"pronunciation"},{"start_time":"11.34","end_time":"12.17","alternatives":[{"confidence":"0.5737","content":"전산상사한"}],"type":"pronunciation"},{"start_time":"12.17","end_time":"13.28","alternatives":[{"confidence":"0.7015333333333333","content":"운영평가로"}],"type":"pronunciation"},{"start_time":"13.28","end_time":"13.57","alternatives":[{"confidence":"0.881","content":"미달이"}],"type":"pronunciation"},{"start_time":"13.57","end_time":"13.84","alternatives":[{"confidence":"0.7477","content":"되신"}],"type":"pronunciation"},{"start_time":"13.84","end_time":"14.54","alternatives":[{"confidence":"0.9795","content":"건데"}],"type":"pronunciation"},{"start_time":"14.75","end_time":"15.04","alternatives":[{"confidence":"0.9918","content":"이렇게"}],"type":"pronunciation"},{"start_time":"15.04","end_time":"15.51","alternatives":[{"confidence":"0.9989","content":"전산으로"}],"type":"pronunciation"},{"start_time":"15.51","end_time":"15.82","alternatives":[{"confidence":"0.97995","content":"부결이"}],"type":"pronunciation"},{"start_time":"15.82","end_time":"16.09","alternatives":[{"confidence":"0.4243","content":"나신"}],"type":"pronunciation"},{"start_time":"16.09","end_time":"16.7","alternatives":[{"confidence":"0.9809","content":"만큼"}],"type":"pronunciation"},{"start_time":"16.73","end_time":"17.02","alternatives":[{"confidence":"0.9944","content":"다시"}],"type":"pronunciation"},{"start_time":"17.02","end_time":"17.18","alternatives":[{"confidence":"0.9958","content":"이제"}],"type":"pronunciation"},{"start_time":"17.18","end_time":"17.74","alternatives":[{"confidence":"0.99935","content":"전산으로"}],"type":"pronunciation"},{"start_time":"17.74","end_time":"18.13","alternatives":[{"confidence":"0.916","content":"승인을"}],"type":"pronunciation"},{"start_time":"18.13","end_time":"18.53","alternatives":[{"confidence":"0.8586","content":"만드는"}],"type":"pronunciation"},{"start_time":"18.53","end_time":"18.94","alternatives":[{"confidence":"0.9846","content":"건"}],"type":"pronunciation"},{"start_time":"18.97","end_time":"19.19","alternatives":[{"confidence":"0.9367","content":"뭐"}],"type":"pronunciation"},{"start_time":"19.2","end_time":"19.41","alternatives":[{"confidence":"0.9991","content":"이렇게"}],"type":"pronunciation"},{"start_time":"19.41","end_time":"19.91","alternatives":[{"confidence":"0.7827999999999999","content":"말씀드리긴"}],"type":"pronunciation"},{"start_time":"19.91","end_time":"20.03","alternatives":[{"confidence":"0.9983","content":"좀"}],"type":"pronunciation"},{"start_time":"20.03","end_time":"20.44","alternatives":[{"confidence":"1.0","content":"그렇지만"}],"type":"pronunciation"},{"start_time":"20.47","end_time":"20.82","alternatives":[{"confidence":"1.0","content":"굉장히"}],"type":"pronunciation"},{"start_time":"20.82","end_time":"21.33","alternatives":[{"confidence":"0.9976666666666666","content":"간단하시긴"}],"type":"pronunciation"},{"start_time":"21.33","end_time":"21.91","alternatives":[{"confidence":"1.0","content":"해요"}],"type":"pronunciation"},{"alternatives":[{"confidence":"0.0","content":"."}],"type":"punctuation"},{"start_time":"22.14","end_time":"22.94","alternatives":[{"confidence":"0.9654499999999999","content":"우선은"}],"type":"pronunciation"},{"start_time":"22.94","end_time":"23.29","alternatives":[{"confidence":"0.999","content":"약간의"}],"type":"pronunciation"},{"start_time":"23.29","end_time":"24.04","alternatives":[{"confidence":"1.0","content":"편법이지만"}],"type":"pronunciation"},{"start_time":"24.04","end_time":"24.47","alternatives":[{"confidence":"0.33845000000000003","content":"상환능력"}],"type":"pronunciation"},{"start_time":"24.47","end_time":"24.73","alternatives":[{"confidence":"0.6077","content":"평가"}],"type":"pronunciation"},{"start_time":"24.73","end_time":"24.9","alternatives":[{"confidence":"0.9793","content":"만"}],"type":"pronunciation"},{"start_time":"24.9","end_time":"25.12","alternatives":[{"confidence":"0.9955","content":"따로"}],"type":"pronunciation"},{"start_time":"25.12","end_time":"25.44","alternatives":[{"confidence":"1.0","content":"보실"}],"type":"pronunciation"},{"start_time":"25.44","end_time":"25.56","alternatives":[{"confidence":"1.0","content":"수"}],"type":"pronunciation"},{"start_time":"25.56","end_time":"25.91","alternatives":[{"confidence":"0.9712","content":"있게"}],"type":"pronunciation"},{"start_time":"25.91","end_time":"26.2","alternatives":[{"confidence":"0.9652","content":"예외"}],"type":"pronunciation"},{"start_time":"26.2","end_time":"26.79","alternatives":[{"confidence":"0.87445","content":"심사권으로"}],"type":"pronunciation"},{"start_time":"26.79","end_time":"27.09","alternatives":[{"confidence":"0.7982","content":"제작"}],"type":"pronunciation"},{"start_time":"27.09","end_time":"27.36","alternatives":[{"confidence":"0.946","content":"들을"}],"type":"pronunciation"},{"start_time":"27.36","end_time":"27.95","alternatives":[{"confidence":"0.9478","content":"도와드리려고"}],"type":"pronunciation"},{"start_time":"27.95","end_time":"28.69","alternatives":[{"confidence":"0.9772","content":"하는데"}],"type":"pronunciation"},{"start_time":"29.09","end_time":"29.34","alternatives":[{"confidence":"0.7138","content":"거의"}],"type":"pronunciation"},{"start_time":"29.4","end_time":"29.8","alternatives":[{"confidence":"0.9183","content":"생각은"}],"type":"pronunciation"},{"start_time":"29.8","end_time":"29.93","alternatives":[{"confidence":"0.9988","content":"좀"}],"type":"pronunciation"},{"start_time":"29.93","end_time":"30.81","alternatives":[{"confidence":"0.99985","content":"괜찮으신가요"}],"type":"pronunciation"},{"alternatives":[{"confidence":"0.0","content":"?"}],"type":"punctuation"},{"start_time":"31.1","end_time":"31.35","alternatives":[{"confidence":"0.9984","content":"제가"}],"type":"pronunciation"},{"start_time":"31.35","end_time":"31.89","alternatives":[{"confidence":"0.9944","content":"그래서"}],"type":"pronunciation"},{"start_time":"31.98","end_time":"33.04","alternatives":[{"confidence":"0.9993000000000001","content":"친인척관계로"}],"type":"pronunciation"},{"start_time":"33.04","end_time":"33.25","alternatives":[{"confidence":"0.887","content":"이렇게"}],"type":"pronunciation"},{"start_time":"33.25","end_time":"33.96","alternatives":[{"confidence":"0.9821","content":"해서"}],"type":"pronunciation"},{"start_time":"35.14","end_time":"35.44","alternatives":[{"confidence":"0.9129","content":"저희"}],"type":"pronunciation"},{"start_time":"35.47","end_time":"36.64","alternatives":[{"confidence":"0.7776666666666667","content":"친척이모님"}],"type":"pronunciation"},{"start_time":"36.64","end_time":"36.89","alternatives":[{"confidence":"0.9342","content":"정도"}],"type":"pronunciation"},{"start_time":"36.89","end_time":"37.37","alternatives":[{"confidence":"0.9977499999999999","content":"되신다고"}],"type":"pronunciation"},{"start_time":"37.37","end_time":"37.7","alternatives":[{"confidence":"0.9996","content":"하면서"}],"type":"pronunciation"},{"start_time":"37.7","end_time":"37.88","alternatives":[{"confidence":"0.9965","content":"이렇게"}],"type":"pronunciation"},{"start_time":"37.88","end_time":"38.2","alternatives":[{"confidence":"0.9999","content":"접수를"}],"type":"pronunciation"},{"start_time":"38.2","end_time":"39.1","alternatives":[{"confidence":"0.97725","content":"도와드릴게요"}],"type":"pronunciation"},{"alternatives":[{"confidence":"0.0","content":"."}],"type":"punctuation"}]},"status":"COMPLETED"}