{"jobName":"transcribe_loan36","accountId":"097989105209","results":{"transcripts":[{"transcript":"저희들은 거주지위주로 경매물건 주소를 드려요. 드리면 그 사진을 찍어가지고. 저희 예정된 담당자한테 보내주시면 저희들이 이제 수정을 해갖고 법원에 올려요. 그 대신 낙찰되는 물건이 있으면 그러면 이제 저희 직원하나랑 고객님모시고 낙찰받으신 분 모시고 예. 현장을 답사를 하러 가요. 그러면 서울 경기지방은 간 하는데 저희가 서울에 있는데 예를 들면 울산전국 나오는 게 부동산 물건이잖아요. 거기 나오면 모시고 내려가서 브리핑하고 뭐 하고 한번 지쳐가지고 이들 못해서 그래서 거주지위주로 사신분한테 알바를 드리는 거고요. 요라고 써 있는 거는 낙찰까지 다 이제 그거하고. 지금까지 끝나면 저희들은 법적으로 다 해드릴걸 해줬으니까 컨설팅 비용을 받잖아요. 그런데 아시다시피 부동산 법이 바뀌면서 이십오 프로는 세금을 과다하게 지금 가져가요. 국세청에서 낙찰이 되면 고객님들한테 양해를 구해요. 컨설팅 비용을 받잖아요 그거를 회사가 어렵다고 말씀을 드려요. 현찰거래도 해요. 그러면 어떻게 봤냐? 이제 일산동구 담당자가 그러면 일산쪽에 이제 본인이 낙찰시킨 게 있으면 담당자앞으로 좀 넣어주라 그래요. 저희가 그래서 이력서를 받는 거고 도주할 우려성이 없고 이런 사람들만 저희가 채용을 하죠. 그런 본인이 찾으셔 가지고 삼프로 뛰시고 천만원이다, 삼십만원 뛰시고 회사로 보내주면 되는 거예요."}],"items":[{"start_time":"0.12","end_time":"0.58","alternatives":[{"confidence":"0.9988","content":"저희들은"}],"type":"pronunciation"},{"start_time":"0.61","end_time":"1.97","alternatives":[{"confidence":"0.99925","content":"거주지위주로"}],"type":"pronunciation"},{"start_time":"2.03","end_time":"2.86","alternatives":[{"confidence":"0.9128499999999999","content":"경매물건"}],"type":"pronunciation"},{"start_time":"2.86","end_time":"3.28","alternatives":[{"confidence":"0.9997","content":"주소를"}],"type":"pronunciation"},{"start_time":"3.28","end_time":"3.89","alternatives":[{"confidence":"0.9989","content":"드려요"}],"type":"pronunciation"},{"alternatives":[{"confidence":"0.0","content":"."}],"type":"punctuation"},{"start_time":"3.92","end_time":"4.45","alternatives":[{"confidence":"0.9641500000000001","content":"드리면"}],"type":"pronunciation"},{"start_time":"4.48","end_time":"4.59","alternatives":[{"confidence":"0.4044","content":"그"}],"type":"pronunciation"},{"start_time":"4.59","end_time":"4.99","alternatives":[{"confidence":"1.0","content":"사진을"}],"type":"pronunciation"},{"start_time":"4.99","end_time":"5.53","alternatives":[{"confidence":"0.6495500000000001","content":"찍어가지고"}],"type":"pronunciation"},{"alternatives":[{"confidence":"0.0","content":"."}],"type":"punctuation"},{"start_time":"5.53","end_time":"5.83","alternatives":[{"confidence":"0.8957","content":"저희"}],"type":"pronunciation"},{"start_time":"5.86","end_time":"6.3","alternatives":[{"confidence":"0.7269","content":"예정된"}],"type":"pronunciation"},{"start_time":"6.3","end_time":"6.87","alternatives":[{"confidence":"0.9999","content":"담당자한테"}],"type":"pronunciation"},{"start_time":"6.87","end_time":"7.77","alternatives":[{"confidence":"0.9842500000000001","content":"보내주시면"}],"type":"pronunciation"},{"start_time":"7.88","end_time":"8.32","alternatives":[{"confidence":"0.9961","content":"저희들이"}],"type":"pronunciation"},{"start_time":"8.32","end_time":"8.47","alternatives":[{"confidence":"0.9658","content":"이제"}],"type":"pronunciation"},{"start_time":"8.48","end_time":"8.88","alternatives":[{"confidence":"0.9036","content":"수정을"}],"type":"pronunciation"},{"start_time":"8.88","end_time":"9.18","alternatives":[{"confidence":"0.72515","content":"해갖고"}],"type":"pronunciation"},{"start_time":"9.18","end_time":"9.58","alternatives":[{"confidence":"0.6589","content":"법원에"}],"type":"pronunciation"},{"start_time":"9.58","end_time":"10.25","alternatives":[{"confidence":"0.98675","content":"올려요"}],"type":"pronunciation"},{"alternatives":[{"confidence":"0.0","content":"."}],"type":"punctuation"},{"start_time":"10.36","end_time":"10.47","alternatives":[{"confidence":"0.9347","content":"그"}],"type":"pronunciation"},{"start_time":"10.47","end_time":"10.94","alternatives":[{"confidence":"0.9534","content":"대신"}],"type":"pronunciation"},{"start_time":"11.18","end_time":"11.78","alternatives":[{"confidence":"0.55495","content":"낙찰되는"}],"type":"pronunciation"},{"start_time":"11.78","end_time":"12.17","alternatives":[{"confidence":"1.0","content":"물건이"}],"type":"pronunciation"},{"start_time":"12.17","end_time":"12.74","alternatives":[{"confidence":"0.9895","content":"있으면"}],"type":"pronunciation"},{"start_time":"12.77","end_time":"13.14","alternatives":[{"confidence":"0.9974","content":"그러면"}],"type":"pronunciation"},{"start_time":"13.14","end_time":"13.34","alternatives":[{"confidence":"0.9984","content":"이제"}],"type":"pronunciation"},{"start_time":"13.34","end_time":"13.59","alternatives":[{"confidence":"0.9834","content":"저희"}],"type":"pronunciation"},{"start_time":"13.6","end_time":"14.49","alternatives":[{"confidence":"0.8207666666666666","content":"직원하나랑"}],"type":"pronunciation"},{"start_time":"14.5","end_time":"15.42","alternatives":[{"confidence":"1.0","content":"고객님모시고"}],"type":"pronunciation"},{"start_time":"15.42","end_time":"16.13","alternatives":[{"confidence":"0.9996","content":"낙찰받으신"}],"type":"pronunciation"},{"start_time":"16.13","end_time":"16.28","alternatives":[{"confidence":"0.7588","content":"분"}],"type":"pronunciation"},{"start_time":"16.28","end_time":"16.86","alternatives":[{"confidence":"1.0","content":"모시고"}],"type":"pronunciation"},{"start_time":"17.16","end_time":"17.41","alternatives":[{"confidence":"0.7193","content":"예"}],"type":"pronunciation"},{"alternatives":[{"confidence":"0.0","content":"."}],"type":"punctuation"},{"start_time":"17.49","end_time":"18.05","alternatives":[{"confidence":"0.9998","content":"현장을"}],"type":"pronunciation"},{"start_time":"18.05","end_time":"18.46","alternatives":[{"confidence":"0.99995","content":"답사를"}],"type":"pronunciation"},{"start_time":"18.46","end_time":"18.68","alternatives":[{"confidence":"0.9925","content":"하러"}],"type":"pronunciation"},{"start_time":"18.68","end_time":"19.22","alternatives":[{"confidence":"0.9827","content":"가요"}],"type":"pronunciation"},{"alternatives":[{"confidence":"0.0","content":"."}],"type":"punctuation"},{"start_time":"19.58","end_time":"19.88","alternatives":[{"confidence":"0.9759","content":"그러면"}],"type":"pronunciation"},{"start_time":"19.88","end_time":"20.14","alternatives":[{"confidence":"0.9622","content":"서울"}],"type":"pronunciation"},{"start_time":"20.14","end_time":"20.78","alternatives":[{"confidence":"0.7262","content":"경기지방은"}],"type":"pronunciation"},{"start_time":"20.78","end_time":"20.95","alternatives":[{"confidence":"0.1006","content":"간"}],"type":"pronunciation"},{"start_time":"21.146","end_time":"21.496","alternatives":[{"confidence":"0.5812","content":"하는데"}],"type":"pronunciation"},{"start_time":"21.496","end_time":"21.846","alternatives":[{"confidence":"1.0","content":"저희가"}],"type":"pronunciation"},{"start_time":"21.846","end_time":"22.276","alternatives":[{"confidence":"1.0","content":"서울에"}],"type":"pronunciation"},{"start_time":"22.276","end_time":"22.846","alternatives":[{"confidence":"0.9955","content":"있는데"}],"type":"pronunciation"},{"start_time":"23.046","end_time":"23.286","alternatives":[{"confidence":"0.9984","content":"예를"}],"type":"pronunciation"},{"start_time":"23.286","end_time":"23.486","alternatives":[{"confidence":"0.9984","content":"들면"}],"type":"pronunciation"},{"start_time":"23.486","end_time":"24.196","alternatives":[{"confidence":"0.6049","content":"울산전국"}],"type":"pronunciation"},{"start_time":"24.266","end_time":"24.906","alternatives":[{"confidence":"0.5364","content":"나오는"}],"type":"pronunciation"},{"start_time":"24.906","end_time":"25.026","alternatives":[{"confidence":"0.9877","content":"게"}],"type":"pronunciation"},{"start_time":"25.026","end_time":"25.446","alternatives":[{"confidence":"0.9536","content":"부동산"}],"type":"pronunciation"},{"start_time":"25.446","end_time":"26.416","alternatives":[{"confidence":"0.9923500000000001","content":"물건이잖아요"}],"type":"pronunciation"},{"alternatives":[{"confidence":"0.0","content":"."}],"type":"punctuation"},{"start_time":"26.446","end_time":"26.766","alternatives":[{"confidence":"0.6543","content":"거기"}],"type":"pronunciation"},{"start_time":"26.766","end_time":"27.286","alternatives":[{"confidence":"0.9699","content":"나오면"}],"type":"pronunciation"},{"start_time":"27.286","end_time":"27.696","alternatives":[{"confidence":"0.9988","content":"모시고"}],"type":"pronunciation"},{"start_time":"27.696","end_time":"28.186","alternatives":[{"confidence":"0.9987","content":"내려가서"}],"type":"pronunciation"},{"start_time":"28.186","end_time":"29.106","alternatives":[{"confidence":"0.571","content":"브리핑하고"}],"type":"pronunciation"},{"start_time":"29.106","end_time":"29.266","alternatives":[{"confidence":"0.7207","content":"뭐"}],"type":"pronunciation"},{"start_time":"29.266","end_time":"29.486","alternatives":[{"confidence":"0.7229","content":"하고"}],"type":"pronunciation"},{"start_time":"29.486","end_time":"29.676","alternatives":[{"confidence":"0.4574","content":"한번"}],"type":"pronunciation"},{"start_time":"29.686","end_time":"30.186","alternatives":[{"confidence":"0.5267","content":"지쳐가지고"}],"type":"pronunciation"},{"start_time":"30.186","end_time":"30.426","alternatives":[{"confidence":"0.7218","content":"이들"}],"type":"pronunciation"},{"start_time":"30.426","end_time":"31.026","alternatives":[{"confidence":"0.9678","content":"못해서"}],"type":"pronunciation"},{"start_time":"31.536","end_time":"31.896","alternatives":[{"confidence":"0.9914","content":"그래서"}],"type":"pronunciation"},{"start_time":"31.896","end_time":"32.886","alternatives":[{"confidence":"0.9237500000000001","content":"거주지위주로"}],"type":"pronunciation"},{"start_time":"32.886","end_time":"34.136","alternatives":[{"confidence":"0.8391666666666667","content":"사신분한테"}],"type":"pronunciation"},{"start_time":"34.136","end_time":"34.566","alternatives":[{"confidence":"0.99","content":"알바를"}],"type":"pronunciation"},{"start_time":"34.566","end_time":"34.926","alternatives":[{"confidence":"0.9208","content":"드리는"}],"type":"pronunciation"},{"start_time":"34.926","end_time":"35.476","alternatives":[{"confidence":"0.9541","content":"거고요"}],"type":"pronunciation"},{"alternatives":[{"confidence":"0.0","content":"."}],"type":"punctuation"},{"start_time":"36.296","end_time":"38.016","alternatives":[{"confidence":"0.4981","content":"요라고"}],"type":"pronunciation"},{"start_time":"38.016","end_time":"38.166","alternatives":[{"confidence":"0.1274","content":"써"}],"type":"pronunciation"},{"start_time":"38.166","end_time":"38.406","alternatives":[{"confidence":"0.4505","content":"있는"}],"type":"pronunciation"},{"start_time":"38.406","end_time":"38.706","alternatives":[{"confidence":"0.2741","content":"거는"}],"type":"pronunciation"},{"start_time":"39.716","end_time":"40.416","alternatives":[{"confidence":"0.96045","content":"낙찰까지"}],"type":"pronunciation"},{"start_time":"40.446","end_time":"40.826","alternatives":[{"confidence":"0.9789","content":"다"}],"type":"pronunciation"},{"start_time":"40.826","end_time":"41.146","alternatives":[{"confidence":"0.9981","content":"이제"}],"type":"pronunciation"},{"start_time":"41.206","end_time":"41.636","alternatives":[{"confidence":"0.845","content":"그거하고"}],"type":"pronunciation"},{"alternatives":[{"confidence":"0.0","content":"."}],"type":"punctuation"},{"start_time":"41.932","end_time":"42.232","alternatives":[{"confidence":"0.6675","content":"지금까지"}],"type":"pronunciation"},{"start_time":"42.232","end_time":"42.712","alternatives":[{"confidence":"0.9981","content":"끝나면"}],"type":"pronunciation"},{"start_time":"42.712","end_time":"43.252","alternatives":[{"confidence":"0.9999","content":"저희들은"}],"type":"pronunciation"},{"start_time":"43.432","end_time":"43.992","alternatives":[{"confidence":"1.0","content":"법적으로"}],"type":"pronunciation"},{"start_time":"43.992","end_time":"44.192","alternatives":[{"confidence":"0.8331","content":"다"}],"type":"pronunciation"},{"start_time":"44.192","end_time":"44.752","alternatives":[{"confidence":"0.7962666666666666","content":"해드릴걸"}],"type":"pronunciation"},{"start_time":"44.752","end_time":"45.222","alternatives":[{"confidence":"0.99865","content":"해줬으니까"}],"type":"pronunciation"},{"start_time":"45.222","end_time":"45.742","alternatives":[{"confidence":"0.9826","content":"컨설팅"}],"type":"pronunciation"},{"start_time":"45.742","end_time":"46.042","alternatives":[{"confidence":"0.9997","content":"비용을"}],"type":"pronunciation"},{"start_time":"46.042","end_time":"46.992","alternatives":[{"confidence":"0.8784000000000001","content":"받잖아요"}],"type":"pronunciation"},{"alternatives":[{"confidence":"0.0","content":"."}],"type":"punctuation"},{"start_time":"47.082","end_time":"47.512","alternatives":[{"confidence":"0.5678","content":"그런데"}],"type":"pronunciation"},{"start_time":"47.512","end_time":"48.092","alternatives":[{"confidence":"1.0","content":"아시다시피"}],"type":"pronunciation"},{"start_time":"48.182","end_time":"48.612","alternatives":[{"confidence":"0.9935","content":"부동산"}],"type":"pronunciation"},{"start_time":"48.612","end_time":"48.862","alternatives":[{"confidence":"0.9987","content":"법이"}],"type":"pronunciation"},{"start_time":"48.862","end_time":"49.602","alternatives":[{"confidence":"0.9997","content":"바뀌면서"}],"type":"pronunciation"},{"start_time":"49.692","end_time":"50.132","alternatives":[{"confidence":"0.9867","content":"이십오"}],"type":"pronunciation"},{"start_time":"50.132","end_time":"50.502","alternatives":[{"confidence":"0.55765","content":"프로는"}],"type":"pronunciation"},{"start_time":"50.502","end_time":"50.872","alternatives":[{"confidence":"0.9998","content":"세금을"}],"type":"pronunciation"},{"start_time":"50.902","end_time":"51.432","alternatives":[{"confidence":"0.9998","content":"과다하게"}],"type":"pronunciation"},{"start_time":"51.432","end_time":"51.612","alternatives":[{"confidence":"0.98","content":"지금"}],"type":"pronunciation"},{"start_time":"51.612","end_time":"52.102","alternatives":[{"confidence":"0.9823999999999999","content":"가져가요"}],"type":"pronunciation"},{"alternatives":[{"confidence":"0.0","content":"."}],"type":"punctuation"},{"start_time":"52.102","end_time":"52.992","alternatives":[{"confidence":"0.99475","content":"국세청에서"}],"type":"pronunciation"},{"start_time":"53.292","end_time":"53.822","alternatives":[{"confidence":"0.94635","content":"낙찰이"}],"type":"pronunciation"},{"start_time":"53.822","end_time":"54.282","alternatives":[{"confidence":"0.9985","content":"되면"}],"type":"pronunciation"},{"start_time":"54.312","end_time":"55.042","alternatives":[{"confidence":"0.9548","content":"고객님들한테"}],"type":"pronunciation"},{"start_time":"55.042","end_time":"55.532","alternatives":[{"confidence":"1.0","content":"양해를"}],"type":"pronunciation"},{"start_time":"55.532","end_time":"56.042","alternatives":[{"confidence":"0.9977","content":"구해요"}],"type":"pronunciation"},{"alternatives":[{"confidence":"0.0","content":"."}],"type":"punctuation"},{"start_time":"56.072","end_time":"56.512","alternatives":[{"confidence":"0.9826","content":"컨설팅"}],"type":"pronunciation"},{"start_time":"56.512","end_time":"56.882","alternatives":[{"confidence":"1.0","content":"비용을"}],"type":"pronunciation"},{"start_time":"56.882","end_time":"57.832","alternatives":[{"confidence":"0.9876499999999999","content":"받잖아요"}],"type":"pronunciation"},{"start_time":"58.082","end_time":"58.382","alternatives":[{"confidence":"0.7658","content":"그거를"}],"type":"pronunciation"},{"start_time":"58.382","end_time":"58.732","alternatives":[{"confidence":"1.0","content":"회사가"}],"type":"pronunciation"},{"start_time":"58.732","end_time":"59.162","alternatives":[{"confidence":"0.9037","content":"어렵다고"}],"type":"pronunciation"},{"start_time":"59.162","end_time":"59.602","alternatives":[{"confidence":"1.0","content":"말씀을"}],"type":"pronunciation"},{"start_time":"59.602","end_time":"60.382","alternatives":[{"confidence":"0.9997","content":"드려요"}],"type":"pronunciation"},{"alternatives":[{"confidence":"0.0","content":"."}],"type":"punctuation"},{"start_time":"60.712","end_time":"61.442","alternatives":[{"confidence":"0.84695","content":"현찰거래도"}],"type":"pronunciation"},{"start_time":"61.442","end_time":"61.672","alternatives":[{"confidence":"0.7214","content":"해요"}],"type":"pronunciation"},{"alternatives":[{"confidence":"0.0","content":"."}],"type":"punctuation"},{"start_time":"61.672","end_time":"61.992","alternatives":[{"confidence":"1.0","content":"그러면"}],"type":"pronunciation"},{"start_time":"61.992","end_time":"62.312","alternatives":[{"confidence":"0.9994","content":"어떻게"}],"type":"pronunciation"},{"start_time":"62.312","end_time":"62.782","alternatives":[{"confidence":"0.91925","content":"봤냐"}],"type":"pronunciation"},{"alternatives":[{"confidence":"0.0","content":"?"}],"type":"punctuation"},{"start_time":"63.29","end_time":"63.45","alternatives":[{"confidence":"0.3988","content":"이제"}],"type":"pronunciation"},{"start_time":"63.45","end_time":"64.35","alternatives":[{"confidence":"0.8764000000000001","content":"일산동구"}],"type":"pronunciation"},{"start_time":"64.35","end_time":"64.99","alternatives":[{"confidence":"0.7703","content":"담당자가"}],"type":"pronunciation"},{"start_time":"64.99","end_time":"65.22","alternatives":[{"confidence":"0.8838","content":"그러면"}],"type":"pronunciation"},{"start_time":"65.22","end_time":"65.79","alternatives":[{"confidence":"0.954","content":"일산쪽에"}],"type":"pronunciation"},{"start_time":"65.82","end_time":"65.97","alternatives":[{"confidence":"0.9355","content":"이제"}],"type":"pronunciation"},{"start_time":"66.0","end_time":"66.45","alternatives":[{"confidence":"1.0","content":"본인이"}],"type":"pronunciation"},{"start_time":"66.45","end_time":"67.1","alternatives":[{"confidence":"0.87085","content":"낙찰시킨"}],"type":"pronunciation"},{"start_time":"67.1","end_time":"67.22","alternatives":[{"confidence":"0.9957","content":"게"}],"type":"pronunciation"},{"start_time":"67.22","end_time":"67.53","alternatives":[{"confidence":"1.0","content":"있으면"}],"type":"pronunciation"},{"start_time":"67.53","end_time":"68.21","alternatives":[{"confidence":"0.999","content":"담당자앞으로"}],"type":"pronunciation"},{"start_time":"68.21","end_time":"68.36","alternatives":[{"confidence":"0.9989","content":"좀"}],"type":"pronunciation"},{"start_time":"68.36","end_time":"68.73","alternatives":[{"confidence":"0.94055","content":"넣어주라"}],"type":"pronunciation"},{"start_time":"68.73","end_time":"69.03","alternatives":[{"confidence":"0.9978","content":"그래요"}],"type":"pronunciation"},{"alternatives":[{"confidence":"0.0","content":"."}],"type":"punctuation"},{"start_time":"69.03","end_time":"69.55","alternatives":[{"confidence":"1.0","content":"저희가"}],"type":"pronunciation"},{"start_time":"69.59","end_time":"69.92","alternatives":[{"confidence":"0.9944","content":"그래서"}],"type":"pronunciation"},{"start_time":"69.92","end_time":"70.43","alternatives":[{"confidence":"0.99925","content":"이력서를"}],"type":"pronunciation"},{"start_time":"70.43","end_time":"70.73","alternatives":[{"confidence":"0.7912","content":"받는"}],"type":"pronunciation"},{"start_time":"70.73","end_time":"71.14","alternatives":[{"confidence":"1.0","content":"거고"}],"type":"pronunciation"},{"start_time":"71.38","end_time":"71.86","alternatives":[{"confidence":"1.0","content":"도주할"}],"type":"pronunciation"},{"start_time":"71.86","end_time":"72.32","alternatives":[{"confidence":"0.9997","content":"우려성이"}],"type":"pronunciation"},{"start_time":"72.32","end_time":"72.69","alternatives":[{"confidence":"0.9994","content":"없고"}],"type":"pronunciation"},{"start_time":"72.69","end_time":"72.94","alternatives":[{"confidence":"0.9934","content":"이런"}],"type":"pronunciation"},{"start_time":"72.94","end_time":"73.47","alternatives":[{"confidence":"0.99195","content":"사람들만"}],"type":"pronunciation"},{"start_time":"73.47","end_time":"73.75","alternatives":[{"confidence":"1.0","content":"저희가"}],"type":"pronunciation"},{"start_time":"73.75","end_time":"74.1","alternatives":[{"confidence":"0.99865","content":"채용을"}],"type":"pronunciation"},{"start_time":"74.1","end_time":"74.6","alternatives":[{"confidence":"0.9646","content":"하죠"}],"type":"pronunciation"},{"alternatives":[{"confidence":"0.0","content":"."}],"type":"punctuation"},{"start_time":"74.85","end_time":"75.09","alternatives":[{"confidence":"0.8344","content":"그런"}],"type":"pronunciation"},{"start_time":"75.09","end_time":"75.5","alternatives":[{"confidence":"1.0","content":"본인이"}],"type":"pronunciation"},{"start_time":"75.51","end_time":"75.9","alternatives":[{"confidence":"0.9655","content":"찾으셔"}],"type":"pronunciation"},{"start_time":"75.9","end_time":"76.18","alternatives":[{"confidence":"0.9648","content":"가지고"}],"type":"pronunciation"},{"start_time":"76.18","end_time":"76.62","alternatives":[{"confidence":"0.5438000000000001","content":"삼프로"}],"type":"pronunciation"},{"start_time":"76.62","end_time":"77.11","alternatives":[{"confidence":"0.9817","content":"뛰시고"}],"type":"pronunciation"},{"start_time":"77.74","end_time":"78.33","alternatives":[{"confidence":"0.87975","content":"천만원이다"}],"type":"pronunciation"},{"alternatives":[{"confidence":"0.0","content":","}],"type":"punctuation"},{"start_time":"78.33","end_time":"78.88","alternatives":[{"confidence":"0.9728","content":"삼십만원"}],"type":"pronunciation"},{"start_time":"78.88","end_time":"79.19","alternatives":[{"confidence":"0.9344","content":"뛰시고"}],"type":"pronunciation"},{"start_time":"79.19","end_time":"79.52","alternatives":[{"confidence":"0.9871","content":"회사로"}],"type":"pronunciation"},{"start_time":"79.52","end_time":"80.01","alternatives":[{"confidence":"0.82515","content":"보내주면"}],"type":"pronunciation"},{"start_time":"80.01","end_time":"80.23","alternatives":[{"confidence":"0.9902","content":"되는"}],"type":"pronunciation"},{"start_time":"80.23","end_time":"80.66","alternatives":[{"confidence":"0.9938","content":"거예요"}],"type":"pronunciation"},{"alternatives":[{"confidence":"0.0","content":"."}],"type":"punctuation"}]},"status":"COMPLETED"}