{"jobName":"transcribe_loan31","accountId":"097989105209","results":{"transcripts":[{"transcript":"제일저축은행이에요 개인이 초고객님이랑 저랑 작업대출로 지금 감사팀에서 감사 대상이 돼 있는데 만나는 게 또 보이시면은. 당연히 이건 친인척가사이다 뭔가 내가 수수료를 바라고 도와드렸다고 밖에 안 보여요. 그래서 제가 고객님계신 대로 가고 싶어도 못 갔던 거예요. 그러니까 제가 고객님한테도 처음부터 말씀드렸다시피 처음부터 저희 쪽으로 방문을 해주셔야 되는데 방문이 어려우셔서 제가 어렵게 어렵게 본점쪽에 계신 과장이어서 부탁을 드리고 진행을 해드렸던 거예요. 그러니까 제 입장도 좀 생각을 해 주셔야 돼요. 왜냐하면 그 안 되는 것을 다 도와드렸기 때문에 제 입장에서 지금 방문을 하신 다라고 하시면 서를 처음부터 다 들러보실텐데. 그렇게 되시면 장구증명하실 때도 제가 백이만원 들려드렸거든요."}],"items":[{"start_time":"0.31","end_time":"1.43","alternatives":[{"confidence":"0.9843000000000001","content":"제일저축은행이에요"}],"type":"pronunciation"},{"start_time":"1.43","end_time":"1.88","alternatives":[{"confidence":"0.0418","content":"개인이"}],"type":"pronunciation"},{"start_time":"2.38","end_time":"3.13","alternatives":[{"confidence":"0.7894333333333332","content":"초고객님이랑"}],"type":"pronunciation"},{"start_time":"3.13","end_time":"3.45","alternatives":[{"confidence":"1.0","content":"저랑"}],"type":"pronunciation"},{"start_time":"3.45","end_time":"4.28","alternatives":[{"confidence":"0.8238","content":"작업대출로"}],"type":"pronunciation"},{"start_time":"4.28","end_time":"4.44","alternatives":[{"confidence":"0.9916","content":"지금"}],"type":"pronunciation"},{"start_time":"4.44","end_time":"5.03","alternatives":[{"confidence":"0.9330499999999999","content":"감사팀에서"}],"type":"pronunciation"},{"start_time":"5.03","end_time":"5.32","alternatives":[{"confidence":"0.6475","content":"감사"}],"type":"pronunciation"},{"start_time":"5.32","end_time":"5.67","alternatives":[{"confidence":"0.9999","content":"대상이"}],"type":"pronunciation"},{"start_time":"5.67","end_time":"5.82","alternatives":[{"confidence":"0.4322","content":"돼"}],"type":"pronunciation"},{"start_time":"5.82","end_time":"6.65","alternatives":[{"confidence":"0.9761","content":"있는데"}],"type":"pronunciation"},{"start_time":"6.74","end_time":"7.11","alternatives":[{"confidence":"0.7065","content":"만나는"}],"type":"pronunciation"},{"start_time":"7.11","end_time":"7.19","alternatives":[{"confidence":"0.5613","content":"게"}],"type":"pronunciation"},{"start_time":"7.19","end_time":"7.31","alternatives":[{"confidence":"0.884","content":"또"}],"type":"pronunciation"},{"start_time":"7.31","end_time":"7.97","alternatives":[{"confidence":"0.79245","content":"보이시면은"}],"type":"pronunciation"},{"alternatives":[{"confidence":"0.0","content":"."}],"type":"punctuation"},{"start_time":"7.97","end_time":"8.47","alternatives":[{"confidence":"1.0","content":"당연히"}],"type":"pronunciation"},{"start_time":"8.47","end_time":"8.71","alternatives":[{"confidence":"0.9734","content":"이건"}],"type":"pronunciation"},{"start_time":"8.71","end_time":"9.74","alternatives":[{"confidence":"0.9651","content":"친인척가사이다"}],"type":"pronunciation"},{"start_time":"9.74","end_time":"10.01","alternatives":[{"confidence":"0.9845","content":"뭔가"}],"type":"pronunciation"},{"start_time":"10.01","end_time":"10.22","alternatives":[{"confidence":"0.9845","content":"내가"}],"type":"pronunciation"},{"start_time":"10.22","end_time":"10.69","alternatives":[{"confidence":"0.9903","content":"수수료를"}],"type":"pronunciation"},{"start_time":"10.69","end_time":"11.02","alternatives":[{"confidence":"0.9975","content":"바라고"}],"type":"pronunciation"},{"start_time":"11.02","end_time":"11.76","alternatives":[{"confidence":"0.6995666666666667","content":"도와드렸다고"}],"type":"pronunciation"},{"start_time":"11.76","end_time":"11.99","alternatives":[{"confidence":"0.9984","content":"밖에"}],"type":"pronunciation"},{"start_time":"11.99","end_time":"12.18","alternatives":[{"confidence":"0.6334","content":"안"}],"type":"pronunciation"},{"start_time":"12.18","end_time":"12.69","alternatives":[{"confidence":"0.9996","content":"보여요"}],"type":"pronunciation"},{"alternatives":[{"confidence":"0.0","content":"."}],"type":"punctuation"},{"start_time":"12.97","end_time":"13.32","alternatives":[{"confidence":"1.0","content":"그래서"}],"type":"pronunciation"},{"start_time":"13.32","end_time":"13.57","alternatives":[{"confidence":"0.9958","content":"제가"}],"type":"pronunciation"},{"start_time":"14.12","end_time":"14.78","alternatives":[{"confidence":"0.7178","content":"고객님계신"}],"type":"pronunciation"},{"start_time":"14.78","end_time":"14.96","alternatives":[{"confidence":"0.8227","content":"대로"}],"type":"pronunciation"},{"start_time":"14.96","end_time":"15.21","alternatives":[{"confidence":"1.0","content":"가고"}],"type":"pronunciation"},{"start_time":"15.21","end_time":"15.53","alternatives":[{"confidence":"1.0","content":"싶어도"}],"type":"pronunciation"},{"start_time":"15.53","end_time":"15.68","alternatives":[{"confidence":"0.8838","content":"못"}],"type":"pronunciation"},{"start_time":"15.68","end_time":"15.98","alternatives":[{"confidence":"0.9933","content":"갔던"}],"type":"pronunciation"},{"start_time":"15.98","end_time":"16.65","alternatives":[{"confidence":"0.9997","content":"거예요"}],"type":"pronunciation"},{"alternatives":[{"confidence":"0.0","content":"."}],"type":"punctuation"},{"start_time":"16.77","end_time":"17.24","alternatives":[{"confidence":"0.9321","content":"그러니까"}],"type":"pronunciation"},{"start_time":"17.3","end_time":"17.58","alternatives":[{"confidence":"0.9595","content":"제가"}],"type":"pronunciation"},{"start_time":"18.37","end_time":"19.06","alternatives":[{"confidence":"0.5728","content":"고객님한테도"}],"type":"pronunciation"},{"start_time":"19.06","end_time":"19.48","alternatives":[{"confidence":"1.0","content":"처음부터"}],"type":"pronunciation"},{"start_time":"19.48","end_time":"20.37","alternatives":[{"confidence":"0.98665","content":"말씀드렸다시피"}],"type":"pronunciation"},{"start_time":"20.88","end_time":"21.6","alternatives":[{"confidence":"1.0","content":"처음부터"}],"type":"pronunciation"},{"start_time":"21.6","end_time":"21.85","alternatives":[{"confidence":"0.9899","content":"저희"}],"type":"pronunciation"},{"start_time":"21.85","end_time":"22.06","alternatives":[{"confidence":"0.9959","content":"쪽으로"}],"type":"pronunciation"},{"start_time":"22.06","end_time":"22.44","alternatives":[{"confidence":"1.0","content":"방문을"}],"type":"pronunciation"},{"start_time":"22.44","end_time":"22.81","alternatives":[{"confidence":"0.91835","content":"해주셔야"}],"type":"pronunciation"},{"start_time":"22.81","end_time":"23.05","alternatives":[{"confidence":"0.9764","content":"되는데"}],"type":"pronunciation"},{"start_time":"23.05","end_time":"23.43","alternatives":[{"confidence":"0.9518","content":"방문이"}],"type":"pronunciation"},{"start_time":"23.43","end_time":"23.97","alternatives":[{"confidence":"0.893","content":"어려우셔서"}],"type":"pronunciation"},{"start_time":"23.97","end_time":"24.24","alternatives":[{"confidence":"0.9986","content":"제가"}],"type":"pronunciation"},{"start_time":"24.24","end_time":"24.64","alternatives":[{"confidence":"1.0","content":"어렵게"}],"type":"pronunciation"},{"start_time":"24.64","end_time":"24.92","alternatives":[{"confidence":"1.0","content":"어렵게"}],"type":"pronunciation"},{"start_time":"25.07","end_time":"25.66","alternatives":[{"confidence":"0.9702","content":"본점쪽에"}],"type":"pronunciation"},{"start_time":"25.66","end_time":"25.92","alternatives":[{"confidence":"0.8036","content":"계신"}],"type":"pronunciation"},{"start_time":"25.92","end_time":"26.39","alternatives":[{"confidence":"0.6431","content":"과장이어서"}],"type":"pronunciation"},{"start_time":"26.39","end_time":"26.8","alternatives":[{"confidence":"1.0","content":"부탁을"}],"type":"pronunciation"},{"start_time":"26.8","end_time":"27.14","alternatives":[{"confidence":"0.9986","content":"드리고"}],"type":"pronunciation"},{"start_time":"27.14","end_time":"27.47","alternatives":[{"confidence":"0.9901","content":"진행을"}],"type":"pronunciation"},{"start_time":"27.47","end_time":"27.94","alternatives":[{"confidence":"0.9549666666666666","content":"해드렸던"}],"type":"pronunciation"},{"start_time":"27.94","end_time":"28.67","alternatives":[{"confidence":"1.0","content":"거예요"}],"type":"pronunciation"},{"alternatives":[{"confidence":"0.0","content":"."}],"type":"punctuation"},{"start_time":"28.7","end_time":"29.0","alternatives":[{"confidence":"0.3821","content":"그러니까"}],"type":"pronunciation"},{"start_time":"29.27","end_time":"29.45","alternatives":[{"confidence":"0.7033","content":"제"}],"type":"pronunciation"},{"start_time":"29.45","end_time":"29.79","alternatives":[{"confidence":"0.9981500000000001","content":"입장도"}],"type":"pronunciation"},{"start_time":"29.79","end_time":"29.94","alternatives":[{"confidence":"0.9999","content":"좀"}],"type":"pronunciation"},{"start_time":"29.94","end_time":"30.26","alternatives":[{"confidence":"1.0","content":"생각을"}],"type":"pronunciation"},{"start_time":"30.26","end_time":"30.34","alternatives":[{"confidence":"0.6345","content":"해"}],"type":"pronunciation"},{"start_time":"30.34","end_time":"30.65","alternatives":[{"confidence":"0.792","content":"주셔야"}],"type":"pronunciation"},{"start_time":"30.65","end_time":"30.88","alternatives":[{"confidence":"0.9802","content":"돼요"}],"type":"pronunciation"},{"alternatives":[{"confidence":"0.0","content":"."}],"type":"punctuation"},{"start_time":"30.88","end_time":"31.26","alternatives":[{"confidence":"0.9313","content":"왜냐하면"}],"type":"pronunciation"},{"start_time":"31.26","end_time":"31.35","alternatives":[{"confidence":"0.7033","content":"그"}],"type":"pronunciation"},{"start_time":"31.35","end_time":"31.54","alternatives":[{"confidence":"0.6501","content":"안"}],"type":"pronunciation"},{"start_time":"31.54","end_time":"31.8","alternatives":[{"confidence":"0.6471","content":"되는"}],"type":"pronunciation"},{"start_time":"31.8","end_time":"31.99","alternatives":[{"confidence":"0.3062","content":"것을"}],"type":"pronunciation"},{"start_time":"32.02","end_time":"32.21","alternatives":[{"confidence":"0.969","content":"다"}],"type":"pronunciation"},{"start_time":"32.21","end_time":"32.81","alternatives":[{"confidence":"0.9692666666666666","content":"도와드렸기"}],"type":"pronunciation"},{"start_time":"32.81","end_time":"33.07","alternatives":[{"confidence":"0.9999","content":"때문에"}],"type":"pronunciation"},{"start_time":"33.07","end_time":"33.22","alternatives":[{"confidence":"0.944","content":"제"}],"type":"pronunciation"},{"start_time":"33.22","end_time":"33.51","alternatives":[{"confidence":"0.6213","content":"입장에서"}],"type":"pronunciation"},{"start_time":"33.54","end_time":"33.83","alternatives":[{"confidence":"0.9776","content":"지금"}],"type":"pronunciation"},{"start_time":"33.83","end_time":"34.2","alternatives":[{"confidence":"0.9996","content":"방문을"}],"type":"pronunciation"},{"start_time":"34.2","end_time":"34.41","alternatives":[{"confidence":"0.4282","content":"하신"}],"type":"pronunciation"},{"start_time":"34.41","end_time":"34.65","alternatives":[{"confidence":"0.80395","content":"다라고"}],"type":"pronunciation"},{"start_time":"34.65","end_time":"34.94","alternatives":[{"confidence":"0.9976","content":"하시면"}],"type":"pronunciation"},{"start_time":"35.21","end_time":"35.49","alternatives":[{"confidence":"0.693","content":"서를"}],"type":"pronunciation"},{"start_time":"35.49","end_time":"35.85","alternatives":[{"confidence":"1.0","content":"처음부터"}],"type":"pronunciation"},{"start_time":"35.85","end_time":"36.09","alternatives":[{"confidence":"0.9417","content":"다"}],"type":"pronunciation"},{"start_time":"36.09","end_time":"37.01","alternatives":[{"confidence":"0.678775","content":"들러보실텐데"}],"type":"pronunciation"},{"alternatives":[{"confidence":"0.0","content":"."}],"type":"punctuation"},{"start_time":"37.11","end_time":"37.4","alternatives":[{"confidence":"0.9991","content":"그렇게"}],"type":"pronunciation"},{"start_time":"37.4","end_time":"37.66","alternatives":[{"confidence":"0.8366","content":"되시면"}],"type":"pronunciation"},{"start_time":"37.66","end_time":"38.37","alternatives":[{"confidence":"0.8913666666666668","content":"장구증명하실"}],"type":"pronunciation"},{"start_time":"38.37","end_time":"38.57","alternatives":[{"confidence":"0.9998","content":"때도"}],"type":"pronunciation"},{"start_time":"38.57","end_time":"38.78","alternatives":[{"confidence":"1.0","content":"제가"}],"type":"pronunciation"},{"start_time":"38.78","end_time":"39.3","alternatives":[{"confidence":"0.4731","content":"백이만원"}],"type":"pronunciation"},{"start_time":"39.3","end_time":"40.5","alternatives":[{"confidence":"0.9407333333333333","content":"들려드렸거든요"}],"type":"pronunciation"},{"alternatives":[{"confidence":"0.0","content":"."}],"type":"punctuation"}]},"status":"COMPLETED"}