{"jobName":"transcribe_loan53","accountId":"097989105209","results":{"transcripts":[{"transcript":"여보세요? 현대일단은 생긴 결과가 나올 오셔서 연락을 드렸고요 좀 괜찮으세요? 지금 금액권은 제가 최초되어 들인 가족 결과 좀 인격계신가요 이천사백 만원에 칠점오프로 말씀드렸잖아요. 지금 금액권을 기존과 동일하게 내려오셨는데요. 그런데 고객님께서는 현재 정상승인 건 아니시고 좀 죄송한 말씀이지만 지금 조건부승인 권으로 나와 계시거든요. 이게 월소득 대비 채무상환능력. 그리고 조회건수 같은 게 이제 합성 고객님들 개개인이 가지실 수 있는 채무한도가 있으시잖아요 지금 현재 고객님께서는 그 한도가 가르쳐 있는 사실이에요? 이제 총부채상환비율 초과가 되셔서 사실은 지금 부결권으로 나오셨는데 다른 부분에 있어서 문제가 없으셔서 제가 심각과에서 직접 조건부 승인권으로 조율을 해온 거고요 심사과에서 이제 말씀하시는 조건이라는 게 지금 님께서 보여주시신 채무일부를 고객님께서 직접 상환체제 하셔서 채무공간만 조금 만들어 주시면 구매권을 동일하게 조건부 승인권으로 당일 적으로도 수령가능하다고 말씀하시거든요 혹여나 이제 오해하실 것을 말씀드리는건데 저희 쪽으로 나빠지는 걸 절대로 아니세요? 를 직접 연락하셔가지고 고객님채무상환처리하시는 거고요 지금 이제 심사과에서 말씀하시는 금액최소 변제금액이 삼백 만원 이세요 물론 삼백만원 적은 금액은 아니잖아요 고객님이천사백 만원 나가시잖아요 대화하실 게 이천삼백계시고 생계자금 백만원이신데 삼백만원 사과하시면 대안하실 금액이 주로 드시는 거잖아요 만원으로 그러면 생계자금 이 사백 만원 된다고 생각하시면 되시는 거거든요. 남은 자금고객님다른 용도로 사용하셔도 뭐가 하신 거기 때문에 당일 적으로 고개 님한테 들어가신다고 생각하시면 되시는 거거든요. 좀 힘드시겠지만 고객님께서 채무의원들이 모든 의 날이든 어느 쪽으로든 삼백만원 정도 좀 채무직접 상환처리가 가능하실까요 좀 많이 힘드시고요. 물론 적은 금액은 아니지만 제가 말씀드리는 게 이제 고객님한테. 어차피 당일 적으로 들어가시는 거기 때문에 좀 말씀을 드려보는 거고요. 이제 고객님께서 처리했는데 자금 안 나오면 어떡하냐, 걱정하실 수도 있으신데. 이게 담당 사용자 입장에서는 확실하지 않은 부분에 대해서는 권유를 드렸다가. 나중에 가서 안 된다고 말씀드리면 저도 차원의 문제가 생길 수가 있기 때문에 확실하지 않은 부분에 대해서 권유자체를 안 들이거든요 조건 부분 충족되시면 승인 하시는 거고 자금 수령 가능 하신거니까요 좀 힘드시겠지만 고객님께서 하루만이라도 좀 잠깐만이라도 유통하셔서 삼백만원 정도만 좀 줄여주시고 자금 저희 쪽에서 이렇게 좀 받아보시는 쪽으로 이렇게 하시는 게 이게. 예. 저희 쪽에서 나가는 자금 액수랑은 무관하세요. 왜냐면 고객님이제 본인의 채무한도가 문제가 생기신. 거기 때문에 저희 쪽에서 뭐 천만원이라 그래요. 이천 만원이라고 하는 자금 액수라는 사실상 크게 무관하신 거고요. 그리고 뭐 다른 쪽에서 이게 부여를 하셨지만 담당자가 전화 한 통도 안 드는 경우 솔직히 많으세요 문자 한 통을 부여를 낳았다고 이렇게 발송하고 끝나는 경우가 많으시네. 지금 한번 괜찮게 나오셨고 으로 떠안고 가질 필요 없으시기 때문에 제가 최대한 한번 조리를 해 본 거거든요. 힘드시겠지만 곡이니까 잠깐만이라도 이렇게 하셔서 좀 채무상환처리를 하시고 좀 잠깐 받아보신 쪽으로 좀 최대한 권위를 드려보고 싶습니다. 좀 많이 힘드시고요. 이걸 일단은 제가 보류으로 좀 남겨놓을게요. 고객님께서 힘드시겠지만 최대 한번 해보시고. 어차피 님한테 들어가시는 거니까 아니면 현재 카드론 같은 것도 전혀 지금 한도가 없으신거에요 뭐 물론 힘드시겠지만 한번 최대한 융통해보시고 요 조건부 승인권이시기 때문에 이 부분 충족되시면 자금 수령 가능 하신거니까요 님께서 좀 힘드시겠지만 최대 한번 융통해보시고 저한테 꼭 한번 연락으로 좀 남겨놓고 그렇게 할 때에요 네 감사합니다"}],"items":[{"start_time":"0.8","end_time":"1.53","alternatives":[{"confidence":"0.8235","content":"여보세요"}],"type":"pronunciation"},{"alternatives":[{"confidence":"0.0","content":"?"}],"type":"punctuation"},{"start_time":"4.38","end_time":"8.33","alternatives":[{"confidence":"0.54365","content":"현대일단은"}],"type":"pronunciation"},{"start_time":"8.33","end_time":"8.59","alternatives":[{"confidence":"0.8563","content":"생긴"}],"type":"pronunciation"},{"start_time":"8.59","end_time":"8.93","alternatives":[{"confidence":"0.5784","content":"결과가"}],"type":"pronunciation"},{"start_time":"8.93","end_time":"9.18","alternatives":[{"confidence":"0.085","content":"나올"}],"type":"pronunciation"},{"start_time":"9.18","end_time":"9.57","alternatives":[{"confidence":"0.1718","content":"오셔서"}],"type":"pronunciation"},{"start_time":"9.57","end_time":"9.85","alternatives":[{"confidence":"0.7685","content":"연락을"}],"type":"pronunciation"},{"start_time":"9.94","end_time":"10.64","alternatives":[{"confidence":"0.996","content":"드렸고요"}],"type":"pronunciation"},{"start_time":"11.09","end_time":"11.2","alternatives":[{"confidence":"0.1908","content":"좀"}],"type":"pronunciation"},{"start_time":"11.2","end_time":"11.63","alternatives":[{"confidence":"0.3471","content":"괜찮으세요"}],"type":"pronunciation"},{"alternatives":[{"confidence":"0.0","content":"?"}],"type":"punctuation"},{"start_time":"13.96","end_time":"14.39","alternatives":[{"confidence":"0.9714","content":"지금"}],"type":"pronunciation"},{"start_time":"14.39","end_time":"15.51","alternatives":[{"confidence":"0.9962","content":"금액권은"}],"type":"pronunciation"},{"start_time":"15.51","end_time":"15.7","alternatives":[{"confidence":"0.9933","content":"제가"}],"type":"pronunciation"},{"start_time":"15.7","end_time":"16.15","alternatives":[{"confidence":"0.5443499999999999","content":"최초되어"}],"type":"pronunciation"},{"start_time":"16.15","end_time":"16.33","alternatives":[{"confidence":"0.4288","content":"들인"}],"type":"pronunciation"},{"start_time":"16.33","end_time":"16.62","alternatives":[{"confidence":"0.4789","content":"가족"}],"type":"pronunciation"},{"start_time":"16.62","end_time":"16.83","alternatives":[{"confidence":"0.6297","content":"결과"}],"type":"pronunciation"},{"start_time":"16.83","end_time":"16.97","alternatives":[{"confidence":"0.9292","content":"좀"}],"type":"pronunciation"},{"start_time":"16.97","end_time":"17.72","alternatives":[{"confidence":"0.5542","content":"인격계신가요"}],"type":"pronunciation"},{"start_time":"19.11","end_time":"19.69","alternatives":[{"confidence":"0.9199999999999999","content":"이천사백"}],"type":"pronunciation"},{"start_time":"19.69","end_time":"20.09","alternatives":[{"confidence":"0.6257","content":"만원에"}],"type":"pronunciation"},{"start_time":"20.09","end_time":"20.68","alternatives":[{"confidence":"0.57895","content":"칠점오프로"}],"type":"pronunciation"},{"start_time":"20.68","end_time":"21.89","alternatives":[{"confidence":"0.9472499999999999","content":"말씀드렸잖아요"}],"type":"pronunciation"},{"alternatives":[{"confidence":"0.0","content":"."}],"type":"punctuation"},{"start_time":"22.37","end_time":"22.65","alternatives":[{"confidence":"0.9354","content":"지금"}],"type":"pronunciation"},{"start_time":"22.65","end_time":"23.31","alternatives":[{"confidence":"0.99185","content":"금액권을"}],"type":"pronunciation"},{"start_time":"23.31","end_time":"23.69","alternatives":[{"confidence":"0.9087000000000001","content":"기존과"}],"type":"pronunciation"},{"start_time":"23.69","end_time":"24.19","alternatives":[{"confidence":"1.0","content":"동일하게"}],"type":"pronunciation"},{"start_time":"24.19","end_time":"25.49","alternatives":[{"confidence":"0.6816","content":"내려오셨는데요"}],"type":"pronunciation"},{"alternatives":[{"confidence":"0.0","content":"."}],"type":"punctuation"},{"start_time":"25.68","end_time":"25.95","alternatives":[{"confidence":"1.0","content":"그런데"}],"type":"pronunciation"},{"start_time":"25.95","end_time":"26.65","alternatives":[{"confidence":"0.6051","content":"고객님께서는"}],"type":"pronunciation"},{"start_time":"26.65","end_time":"26.9","alternatives":[{"confidence":"0.9892","content":"현재"}],"type":"pronunciation"},{"start_time":"26.9","end_time":"27.47","alternatives":[{"confidence":"0.46404999999999996","content":"정상승인"}],"type":"pronunciation"},{"start_time":"27.47","end_time":"27.64","alternatives":[{"confidence":"0.7916","content":"건"}],"type":"pronunciation"},{"start_time":"27.64","end_time":"28.19","alternatives":[{"confidence":"0.9943","content":"아니시고"}],"type":"pronunciation"},{"start_time":"28.19","end_time":"28.33","alternatives":[{"confidence":"0.9997","content":"좀"}],"type":"pronunciation"},{"start_time":"28.34","end_time":"28.68","alternatives":[{"confidence":"1.0","content":"죄송한"}],"type":"pronunciation"},{"start_time":"28.68","end_time":"29.22","alternatives":[{"confidence":"1.0","content":"말씀이지만"}],"type":"pronunciation"},{"start_time":"29.22","end_time":"29.39","alternatives":[{"confidence":"0.9715","content":"지금"}],"type":"pronunciation"},{"start_time":"29.39","end_time":"30.06","alternatives":[{"confidence":"0.6545666666666666","content":"조건부승인"}],"type":"pronunciation"},{"start_time":"30.06","end_time":"30.3","alternatives":[{"confidence":"0.6466","content":"권으로"}],"type":"pronunciation"},{"start_time":"30.3","end_time":"30.47","alternatives":[{"confidence":"0.8763","content":"나와"}],"type":"pronunciation"},{"start_time":"30.47","end_time":"31.19","alternatives":[{"confidence":"1.0","content":"계시거든요"}],"type":"pronunciation"},{"alternatives":[{"confidence":"0.0","content":"."}],"type":"punctuation"},{"start_time":"31.61","end_time":"31.93","alternatives":[{"confidence":"0.9995","content":"이게"}],"type":"pronunciation"},{"start_time":"31.93","end_time":"32.41","alternatives":[{"confidence":"0.57915","content":"월소득"}],"type":"pronunciation"},{"start_time":"32.41","end_time":"32.71","alternatives":[{"confidence":"0.994","content":"대비"}],"type":"pronunciation"},{"start_time":"32.71","end_time":"33.62","alternatives":[{"confidence":"0.7339333333333333","content":"채무상환능력"}],"type":"pronunciation"},{"alternatives":[{"confidence":"0.0","content":"."}],"type":"punctuation"},{"start_time":"34.71","end_time":"34.98","alternatives":[{"confidence":"0.9919","content":"그리고"}],"type":"pronunciation"},{"start_time":"34.98","end_time":"35.59","alternatives":[{"confidence":"0.6116","content":"조회건수"}],"type":"pronunciation"},{"start_time":"35.59","end_time":"35.84","alternatives":[{"confidence":"0.4078","content":"같은"}],"type":"pronunciation"},{"start_time":"35.84","end_time":"35.94","alternatives":[{"confidence":"0.3741","content":"게"}],"type":"pronunciation"},{"start_time":"35.94","end_time":"36.05","alternatives":[{"confidence":"0.2614","content":"이제"}],"type":"pronunciation"},{"start_time":"36.05","end_time":"36.32","alternatives":[{"confidence":"0.1744","content":"합성"}],"type":"pronunciation"},{"start_time":"37.536","end_time":"38.016","alternatives":[{"confidence":"0.9119999999999999","content":"고객님들"}],"type":"pronunciation"},{"start_time":"38.016","end_time":"38.456","alternatives":[{"confidence":"0.9944","content":"개개인이"}],"type":"pronunciation"},{"start_time":"38.456","end_time":"38.886","alternatives":[{"confidence":"0.88185","content":"가지실"}],"type":"pronunciation"},{"start_time":"38.886","end_time":"38.986","alternatives":[{"confidence":"0.9761","content":"수"}],"type":"pronunciation"},{"start_time":"38.986","end_time":"39.176","alternatives":[{"confidence":"0.9889","content":"있는"}],"type":"pronunciation"},{"start_time":"39.176","end_time":"39.796","alternatives":[{"confidence":"0.9885333333333334","content":"채무한도가"}],"type":"pronunciation"},{"start_time":"39.796","end_time":"40.716","alternatives":[{"confidence":"0.9992","content":"있으시잖아요"}],"type":"pronunciation"},{"start_time":"41.056","end_time":"41.286","alternatives":[{"confidence":"0.9716","content":"지금"}],"type":"pronunciation"},{"start_time":"41.286","end_time":"41.796","alternatives":[{"confidence":"0.945","content":"현재"}],"type":"pronunciation"},{"start_time":"41.796","end_time":"42.436","alternatives":[{"confidence":"0.5271","content":"고객님께서는"}],"type":"pronunciation"},{"start_time":"42.436","end_time":"42.626","alternatives":[{"confidence":"0.7294","content":"그"}],"type":"pronunciation"},{"start_time":"42.656","end_time":"43.406","alternatives":[{"confidence":"0.9908","content":"한도가"}],"type":"pronunciation"},{"start_time":"43.406","end_time":"43.776","alternatives":[{"confidence":"0.3818","content":"가르쳐"}],"type":"pronunciation"},{"start_time":"43.776","end_time":"43.956","alternatives":[{"confidence":"0.9983","content":"있는"}],"type":"pronunciation"},{"start_time":"43.956","end_time":"44.656","alternatives":[{"confidence":"0.1679","content":"사실이에요"}],"type":"pronunciation"},{"alternatives":[{"confidence":"0.0","content":"?"}],"type":"punctuation"},{"start_time":"44.716","end_time":"44.836","alternatives":[{"confidence":"0.3244","content":"이제"}],"type":"pronunciation"},{"start_time":"44.846","end_time":"45.536","alternatives":[{"confidence":"0.995925","content":"총부채상환비율"}],"type":"pronunciation"},{"start_time":"46.016","end_time":"46.306","alternatives":[{"confidence":"0.8612","content":"초과가"}],"type":"pronunciation"},{"start_time":"46.306","end_time":"46.956","alternatives":[{"confidence":"0.9658","content":"되셔서"}],"type":"pronunciation"},{"start_time":"47.556","end_time":"48.276","alternatives":[{"confidence":"1.0","content":"사실은"}],"type":"pronunciation"},{"start_time":"48.276","end_time":"48.486","alternatives":[{"confidence":"0.9561","content":"지금"}],"type":"pronunciation"},{"start_time":"48.486","end_time":"49.016","alternatives":[{"confidence":"0.9938","content":"부결권으로"}],"type":"pronunciation"},{"start_time":"49.016","end_time":"50.286","alternatives":[{"confidence":"0.9998","content":"나오셨는데"}],"type":"pronunciation"},{"start_time":"50.976","end_time":"51.266","alternatives":[{"confidence":"0.9759","content":"다른"}],"type":"pronunciation"},{"start_time":"51.266","end_time":"51.546","alternatives":[{"confidence":"0.999","content":"부분에"}],"type":"pronunciation"},{"start_time":"51.546","end_time":"51.786","alternatives":[{"confidence":"0.9941","content":"있어서"}],"type":"pronunciation"},{"start_time":"51.786","end_time":"52.116","alternatives":[{"confidence":"0.7185","content":"문제가"}],"type":"pronunciation"},{"start_time":"52.116","end_time":"52.486","alternatives":[{"confidence":"0.9531499999999999","content":"없으셔서"}],"type":"pronunciation"},{"start_time":"52.486","end_time":"52.696","alternatives":[{"confidence":"0.9794","content":"제가"}],"type":"pronunciation"},{"start_time":"52.696","end_time":"53.276","alternatives":[{"confidence":"0.6794666666666668","content":"심각과에서"}],"type":"pronunciation"},{"start_time":"53.276","end_time":"53.546","alternatives":[{"confidence":"0.9883","content":"직접"}],"type":"pronunciation"},{"start_time":"53.546","end_time":"53.906","alternatives":[{"confidence":"0.982","content":"조건부"}],"type":"pronunciation"},{"start_time":"53.906","end_time":"54.496","alternatives":[{"confidence":"0.8854500000000001","content":"승인권으로"}],"type":"pronunciation"},{"start_time":"54.496","end_time":"54.836","alternatives":[{"confidence":"0.99215","content":"조율을"}],"type":"pronunciation"},{"start_time":"54.836","end_time":"55.026","alternatives":[{"confidence":"0.5913","content":"해온"}],"type":"pronunciation"},{"start_time":"55.026","end_time":"55.736","alternatives":[{"confidence":"0.8836999999999999","content":"거고요"}],"type":"pronunciation"},{"start_time":"56.186","end_time":"56.826","alternatives":[{"confidence":"0.6951","content":"심사과에서"}],"type":"pronunciation"},{"start_time":"56.826","end_time":"56.936","alternatives":[{"confidence":"0.9333","content":"이제"}],"type":"pronunciation"},{"start_time":"56.946","end_time":"57.476","alternatives":[{"confidence":"0.99005","content":"말씀하시는"}],"type":"pronunciation"},{"start_time":"57.476","end_time":"58.086","alternatives":[{"confidence":"0.7514000000000001","content":"조건이라는"}],"type":"pronunciation"},{"start_time":"58.086","end_time":"58.336","alternatives":[{"confidence":"0.522","content":"게"}],"type":"pronunciation"},{"start_time":"58.336","end_time":"58.586","alternatives":[{"confidence":"0.8247","content":"지금"}],"type":"pronunciation"},{"start_time":"58.942","end_time":"59.342","alternatives":[{"confidence":"0.7601","content":"님께서"}],"type":"pronunciation"},{"start_time":"59.342","end_time":"60.022","alternatives":[{"confidence":"0.6745333333333333","content":"보여주시신"}],"type":"pronunciation"},{"start_time":"60.022","end_time":"61.192","alternatives":[{"confidence":"0.9996499999999999","content":"채무일부를"}],"type":"pronunciation"},{"start_time":"61.462","end_time":"61.982","alternatives":[{"confidence":"0.9478500000000001","content":"고객님께서"}],"type":"pronunciation"},{"start_time":"61.982","end_time":"62.232","alternatives":[{"confidence":"0.9873","content":"직접"}],"type":"pronunciation"},{"start_time":"62.232","end_time":"62.672","alternatives":[{"confidence":"0.53635","content":"상환체제"}],"type":"pronunciation"},{"start_time":"62.672","end_time":"63.212","alternatives":[{"confidence":"0.9998","content":"하셔서"}],"type":"pronunciation"},{"start_time":"63.212","end_time":"63.792","alternatives":[{"confidence":"0.6161333333333333","content":"채무공간만"}],"type":"pronunciation"},{"start_time":"63.792","end_time":"63.942","alternatives":[{"confidence":"0.4543","content":"조금"}],"type":"pronunciation"},{"start_time":"63.942","end_time":"64.272","alternatives":[{"confidence":"0.6131","content":"만들어"}],"type":"pronunciation"},{"start_time":"64.272","end_time":"64.702","alternatives":[{"confidence":"0.9905","content":"주시면"}],"type":"pronunciation"},{"start_time":"65.072","end_time":"65.482","alternatives":[{"confidence":"0.3434000000000001","content":"구매권을"}],"type":"pronunciation"},{"start_time":"65.482","end_time":"65.882","alternatives":[{"confidence":"1.0","content":"동일하게"}],"type":"pronunciation"},{"start_time":"65.882","end_time":"66.232","alternatives":[{"confidence":"0.9143","content":"조건부"}],"type":"pronunciation"},{"start_time":"66.232","end_time":"66.732","alternatives":[{"confidence":"0.621","content":"승인권으로"}],"type":"pronunciation"},{"start_time":"66.732","end_time":"67.042","alternatives":[{"confidence":"0.8194","content":"당일"}],"type":"pronunciation"},{"start_time":"67.042","end_time":"67.362","alternatives":[{"confidence":"0.9215","content":"적으로도"}],"type":"pronunciation"},{"start_time":"67.452","end_time":"68.122","alternatives":[{"confidence":"0.70425","content":"수령가능하다고"}],"type":"pronunciation"},{"start_time":"68.122","end_time":"69.022","alternatives":[{"confidence":"0.9556","content":"말씀하시거든요"}],"type":"pronunciation"},{"start_time":"69.472","end_time":"69.932","alternatives":[{"confidence":"0.9008666666666666","content":"혹여나"}],"type":"pronunciation"},{"start_time":"69.932","end_time":"70.072","alternatives":[{"confidence":"0.9278","content":"이제"}],"type":"pronunciation"},{"start_time":"70.072","end_time":"70.552","alternatives":[{"confidence":"0.9290499999999999","content":"오해하실"}],"type":"pronunciation"},{"start_time":"70.552","end_time":"70.742","alternatives":[{"confidence":"0.6931","content":"것을"}],"type":"pronunciation"},{"start_time":"70.742","end_time":"71.782","alternatives":[{"confidence":"0.8734999999999999","content":"말씀드리는건데"}],"type":"pronunciation"},{"start_time":"71.972","end_time":"72.152","alternatives":[{"confidence":"0.969","content":"저희"}],"type":"pronunciation"},{"start_time":"72.152","end_time":"72.362","alternatives":[{"confidence":"0.9603","content":"쪽으로"}],"type":"pronunciation"},{"start_time":"72.362","end_time":"72.852","alternatives":[{"confidence":"0.9843500000000001","content":"나빠지는"}],"type":"pronunciation"},{"start_time":"72.852","end_time":"72.952","alternatives":[{"confidence":"0.4809","content":"걸"}],"type":"pronunciation"},{"start_time":"72.952","end_time":"73.282","alternatives":[{"confidence":"1.0","content":"절대로"}],"type":"pronunciation"},{"start_time":"73.282","end_time":"74.002","alternatives":[{"confidence":"0.9421999999999999","content":"아니세요"}],"type":"pronunciation"},{"alternatives":[{"confidence":"0.0","content":"?"}],"type":"punctuation"},{"start_time":"74.372","end_time":"74.472","alternatives":[{"confidence":"0.5306","content":"를"}],"type":"pronunciation"},{"start_time":"74.472","end_time":"74.722","alternatives":[{"confidence":"0.9696","content":"직접"}],"type":"pronunciation"},{"start_time":"74.722","end_time":"75.622","alternatives":[{"confidence":"0.91785","content":"연락하셔가지고"}],"type":"pronunciation"},{"start_time":"75.922","end_time":"77.122","alternatives":[{"confidence":"0.8538399999999999","content":"고객님채무상환처리하시는"}],"type":"pronunciation"},{"start_time":"77.122","end_time":"77.812","alternatives":[{"confidence":"0.9552499999999999","content":"거고요"}],"type":"pronunciation"},{"start_time":"78.172","end_time":"78.702","alternatives":[{"confidence":"0.9984","content":"지금"}],"type":"pronunciation"},{"start_time":"78.702","end_time":"78.862","alternatives":[{"confidence":"0.9894","content":"이제"}],"type":"pronunciation"},{"start_time":"78.892","end_time":"79.672","alternatives":[{"confidence":"0.6440666666666667","content":"심사과에서"}],"type":"pronunciation"},{"start_time":"79.672","end_time":"81.282","alternatives":[{"confidence":"0.9245","content":"말씀하시는"}],"type":"pronunciation"},{"start_time":"82.81","end_time":"83.48","alternatives":[{"confidence":"0.8861","content":"금액최소"}],"type":"pronunciation"},{"start_time":"83.48","end_time":"83.98","alternatives":[{"confidence":"0.93805","content":"변제금액이"}],"type":"pronunciation"},{"start_time":"84.07","end_time":"84.38","alternatives":[{"confidence":"0.7918","content":"삼백"}],"type":"pronunciation"},{"start_time":"84.38","end_time":"84.62","alternatives":[{"confidence":"0.7419","content":"만원"}],"type":"pronunciation"},{"start_time":"84.62","end_time":"85.64","alternatives":[{"confidence":"0.9998","content":"이세요"}],"type":"pronunciation"},{"start_time":"85.85","end_time":"86.13","alternatives":[{"confidence":"0.9813","content":"물론"}],"type":"pronunciation"},{"start_time":"86.19","end_time":"86.77","alternatives":[{"confidence":"0.70665","content":"삼백만원"}],"type":"pronunciation"},{"start_time":"86.77","end_time":"87.0","alternatives":[{"confidence":"0.7716","content":"적은"}],"type":"pronunciation"},{"start_time":"87.0","end_time":"87.28","alternatives":[{"confidence":"0.539","content":"금액은"}],"type":"pronunciation"},{"start_time":"87.28","end_time":"88.07","alternatives":[{"confidence":"1.0","content":"아니잖아요"}],"type":"pronunciation"},{"start_time":"88.42","end_time":"89.16","alternatives":[{"confidence":"0.612","content":"고객님이천사백"}],"type":"pronunciation"},{"start_time":"89.16","end_time":"89.37","alternatives":[{"confidence":"0.6847","content":"만원"}],"type":"pronunciation"},{"start_time":"89.37","end_time":"90.12","alternatives":[{"confidence":"0.9042","content":"나가시잖아요"}],"type":"pronunciation"},{"start_time":"90.18","end_time":"90.72","alternatives":[{"confidence":"0.67405","content":"대화하실"}],"type":"pronunciation"},{"start_time":"90.72","end_time":"90.84","alternatives":[{"confidence":"0.9297","content":"게"}],"type":"pronunciation"},{"start_time":"90.84","end_time":"91.77","alternatives":[{"confidence":"0.7195750000000001","content":"이천삼백계시고"}],"type":"pronunciation"},{"start_time":"91.77","end_time":"92.16","alternatives":[{"confidence":"0.8009999999999999","content":"생계자금"}],"type":"pronunciation"},{"start_time":"92.16","end_time":"93.29","alternatives":[{"confidence":"0.9932","content":"백만원이신데"}],"type":"pronunciation"},{"start_time":"93.58","end_time":"94.04","alternatives":[{"confidence":"0.7731","content":"삼백만원"}],"type":"pronunciation"},{"start_time":"94.04","end_time":"94.5","alternatives":[{"confidence":"0.78655","content":"사과하시면"}],"type":"pronunciation"},{"start_time":"94.53","end_time":"95.08","alternatives":[{"confidence":"0.6469","content":"대안하실"}],"type":"pronunciation"},{"start_time":"95.08","end_time":"95.4","alternatives":[{"confidence":"0.9985","content":"금액이"}],"type":"pronunciation"},{"start_time":"95.4","end_time":"95.57","alternatives":[{"confidence":"0.5625","content":"주로"}],"type":"pronunciation"},{"start_time":"95.57","end_time":"95.85","alternatives":[{"confidence":"0.9390499999999999","content":"드시는"}],"type":"pronunciation"},{"start_time":"95.85","end_time":"96.43","alternatives":[{"confidence":"0.9911","content":"거잖아요"}],"type":"pronunciation"},{"start_time":"96.58","end_time":"97.15","alternatives":[{"confidence":"0.9638","content":"만원으로"}],"type":"pronunciation"},{"start_time":"97.47","end_time":"97.73","alternatives":[{"confidence":"0.9997","content":"그러면"}],"type":"pronunciation"},{"start_time":"97.73","end_time":"98.24","alternatives":[{"confidence":"0.8995500000000001","content":"생계자금"}],"type":"pronunciation"},{"start_time":"98.24","end_time":"98.36","alternatives":[{"confidence":"0.7924","content":"이"}],"type":"pronunciation"},{"start_time":"98.36","end_time":"98.64","alternatives":[{"confidence":"0.8614","content":"사백"}],"type":"pronunciation"},{"start_time":"98.64","end_time":"98.92","alternatives":[{"confidence":"0.614","content":"만원"}],"type":"pronunciation"},{"start_time":"98.92","end_time":"99.27","alternatives":[{"confidence":"1.0","content":"된다고"}],"type":"pronunciation"},{"start_time":"99.27","end_time":"99.74","alternatives":[{"confidence":"0.99995","content":"생각하시면"}],"type":"pronunciation"},{"start_time":"99.74","end_time":"100.06","alternatives":[{"confidence":"0.8265","content":"되시는"}],"type":"pronunciation"},{"start_time":"100.06","end_time":"100.67","alternatives":[{"confidence":"0.81585","content":"거거든요"}],"type":"pronunciation"},{"alternatives":[{"confidence":"0.0","content":"."}],"type":"punctuation"},{"start_time":"100.88","end_time":"101.13","alternatives":[{"confidence":"0.9962","content":"남은"}],"type":"pronunciation"},{"start_time":"101.13","end_time":"101.91","alternatives":[{"confidence":"0.9713666666666666","content":"자금고객님다른"}],"type":"pronunciation"},{"start_time":"101.91","end_time":"102.18","alternatives":[{"confidence":"0.9788","content":"용도로"}],"type":"pronunciation"},{"start_time":"102.18","end_time":"102.59","alternatives":[{"confidence":"0.99335","content":"사용하셔도"}],"type":"pronunciation"},{"start_time":"102.59","end_time":"102.75","alternatives":[{"confidence":"0.9005","content":"뭐가"}],"type":"pronunciation"},{"start_time":"102.75","end_time":"102.98","alternatives":[{"confidence":"0.9229","content":"하신"}],"type":"pronunciation"},{"start_time":"102.98","end_time":"103.16","alternatives":[{"confidence":"0.9845","content":"거기"}],"type":"pronunciation"},{"start_time":"103.16","end_time":"103.73","alternatives":[{"confidence":"1.0","content":"때문에"}],"type":"pronunciation"},{"start_time":"104.31","end_time":"104.64","alternatives":[{"confidence":"0.9512","content":"당일"}],"type":"pronunciation"},{"start_time":"104.64","end_time":"105.07","alternatives":[{"confidence":"0.9536","content":"적으로"}],"type":"pronunciation"},{"start_time":"105.07","end_time":"105.26","alternatives":[{"confidence":"0.3551","content":"고개"}],"type":"pronunciation"},{"start_time":"105.26","end_time":"105.54","alternatives":[{"confidence":"0.7708","content":"님한테"}],"type":"pronunciation"},{"start_time":"105.57","end_time":"106.1","alternatives":[{"confidence":"0.9862500000000001","content":"들어가신다고"}],"type":"pronunciation"},{"start_time":"106.1","end_time":"106.59","alternatives":[{"confidence":"1.0","content":"생각하시면"}],"type":"pronunciation"},{"start_time":"106.59","end_time":"106.89","alternatives":[{"confidence":"0.8418","content":"되시는"}],"type":"pronunciation"},{"start_time":"106.89","end_time":"107.49","alternatives":[{"confidence":"0.82995","content":"거거든요"}],"type":"pronunciation"},{"alternatives":[{"confidence":"0.0","content":"."}],"type":"punctuation"},{"start_time":"108.03","end_time":"108.33","alternatives":[{"confidence":"0.9992","content":"좀"}],"type":"pronunciation"},{"start_time":"108.33","end_time":"109.01","alternatives":[{"confidence":"1.0","content":"힘드시겠지만"}],"type":"pronunciation"},{"start_time":"109.01","end_time":"109.51","alternatives":[{"confidence":"0.9408","content":"고객님께서"}],"type":"pronunciation"},{"start_time":"109.51","end_time":"110.92","alternatives":[{"confidence":"0.7994","content":"채무의원들이"}],"type":"pronunciation"},{"start_time":"110.92","end_time":"111.15","alternatives":[{"confidence":"0.9004","content":"모든"}],"type":"pronunciation"},{"start_time":"111.15","end_time":"111.23","alternatives":[{"confidence":"0.4304","content":"의"}],"type":"pronunciation"},{"start_time":"111.23","end_time":"111.76","alternatives":[{"confidence":"0.5043","content":"날이든"}],"type":"pronunciation"},{"start_time":"111.76","end_time":"111.98","alternatives":[{"confidence":"0.9965","content":"어느"}],"type":"pronunciation"},{"start_time":"111.98","end_time":"112.66","alternatives":[{"confidence":"0.9936","content":"쪽으로든"}],"type":"pronunciation"},{"start_time":"112.66","end_time":"113.13","alternatives":[{"confidence":"0.75825","content":"삼백만원"}],"type":"pronunciation"},{"start_time":"113.13","end_time":"113.34","alternatives":[{"confidence":"0.9189","content":"정도"}],"type":"pronunciation"},{"start_time":"113.34","end_time":"113.5","alternatives":[{"confidence":"0.9783","content":"좀"}],"type":"pronunciation"},{"start_time":"113.5","end_time":"114.02","alternatives":[{"confidence":"0.9696","content":"채무직접"}],"type":"pronunciation"},{"start_time":"114.02","end_time":"114.56","alternatives":[{"confidence":"0.63775","content":"상환처리가"}],"type":"pronunciation"},{"start_time":"114.56","end_time":"115.38","alternatives":[{"confidence":"0.89895","content":"가능하실까요"}],"type":"pronunciation"},{"start_time":"117.64","end_time":"117.78","alternatives":[{"confidence":"0.9969","content":"좀"}],"type":"pronunciation"},{"start_time":"117.78","end_time":"117.98","alternatives":[{"confidence":"0.9998","content":"많이"}],"type":"pronunciation"},{"start_time":"117.98","end_time":"118.95","alternatives":[{"confidence":"0.9993666666666666","content":"힘드시고요"}],"type":"pronunciation"},{"alternatives":[{"confidence":"0.0","content":"."}],"type":"punctuation"},{"start_time":"119.07","end_time":"119.47","alternatives":[{"confidence":"0.9913","content":"물론"}],"type":"pronunciation"},{"start_time":"119.47","end_time":"119.72","alternatives":[{"confidence":"0.9645","content":"적은"}],"type":"pronunciation"},{"start_time":"119.72","end_time":"119.99","alternatives":[{"confidence":"1.0","content":"금액은"}],"type":"pronunciation"},{"start_time":"119.99","end_time":"120.57","alternatives":[{"confidence":"1.0","content":"아니지만"}],"type":"pronunciation"},{"start_time":"120.57","end_time":"120.73","alternatives":[{"confidence":"0.9998","content":"제가"}],"type":"pronunciation"},{"start_time":"120.73","end_time":"121.34","alternatives":[{"confidence":"0.8834","content":"말씀드리는"}],"type":"pronunciation"},{"start_time":"121.34","end_time":"121.63","alternatives":[{"confidence":"0.7769","content":"게"}],"type":"pronunciation"},{"start_time":"121.66","end_time":"121.77","alternatives":[{"confidence":"0.9891","content":"이제"}],"type":"pronunciation"},{"start_time":"121.77","end_time":"122.52","alternatives":[{"confidence":"0.99895","content":"고객님한테"}],"type":"pronunciation"},{"alternatives":[{"confidence":"0.0","content":"."}],"type":"punctuation"},{"start_time":"122.52","end_time":"122.78","alternatives":[{"confidence":"1.0","content":"어차피"}],"type":"pronunciation"},{"start_time":"122.78","end_time":"123.05","alternatives":[{"confidence":"0.9198","content":"당일"}],"type":"pronunciation"},{"start_time":"123.05","end_time":"123.32","alternatives":[{"confidence":"0.9633","content":"적으로"}],"type":"pronunciation"},{"start_time":"123.32","end_time":"123.79","alternatives":[{"confidence":"0.9753000000000001","content":"들어가시는"}],"type":"pronunciation"},{"start_time":"123.79","end_time":"123.98","alternatives":[{"confidence":"0.9265","content":"거기"}],"type":"pronunciation"},{"start_time":"123.98","end_time":"124.26","alternatives":[{"confidence":"1.0","content":"때문에"}],"type":"pronunciation"},{"start_time":"124.26","end_time":"124.41","alternatives":[{"confidence":"0.9997","content":"좀"}],"type":"pronunciation"},{"start_time":"124.41","end_time":"124.76","alternatives":[{"confidence":"1.0","content":"말씀을"}],"type":"pronunciation"},{"start_time":"124.76","end_time":"125.19","alternatives":[{"confidence":"0.95285","content":"드려보는"}],"type":"pronunciation"},{"start_time":"125.19","end_time":"126.17","alternatives":[{"confidence":"0.95545","content":"거고요"}],"type":"pronunciation"},{"alternatives":[{"confidence":"0.0","content":"."}],"type":"punctuation"},{"start_time":"126.47","end_time":"126.61","alternatives":[{"confidence":"0.9998","content":"이제"}],"type":"pronunciation"},{"start_time":"126.61","end_time":"127.1","alternatives":[{"confidence":"0.86165","content":"고객님께서"}],"type":"pronunciation"},{"start_time":"127.19","end_time":"127.7","alternatives":[{"confidence":"0.8228500000000001","content":"처리했는데"}],"type":"pronunciation"},{"start_time":"127.7","end_time":"127.95","alternatives":[{"confidence":"0.2447","content":"자금"}],"type":"pronunciation"},{"start_time":"127.95","end_time":"128.09","alternatives":[{"confidence":"0.9052","content":"안"}],"type":"pronunciation"},{"start_time":"128.09","end_time":"128.35","alternatives":[{"confidence":"1.0","content":"나오면"}],"type":"pronunciation"},{"start_time":"128.35","end_time":"128.94","alternatives":[{"confidence":"0.98955","content":"어떡하냐"}],"type":"pronunciation"},{"alternatives":[{"confidence":"0.0","content":","}],"type":"punctuation"},{"start_time":"128.97","end_time":"129.47","alternatives":[{"confidence":"0.9681500000000001","content":"걱정하실"}],"type":"pronunciation"},{"start_time":"129.47","end_time":"129.67","alternatives":[{"confidence":"0.9961","content":"수도"}],"type":"pronunciation"},{"start_time":"129.67","end_time":"130.27","alternatives":[{"confidence":"0.9998","content":"있으신데"}],"type":"pronunciation"},{"alternatives":[{"confidence":"0.0","content":"."}],"type":"punctuation"},{"start_time":"130.27","end_time":"130.45","alternatives":[{"confidence":"0.9697","content":"이게"}],"type":"pronunciation"},{"start_time":"130.45","end_time":"130.71","alternatives":[{"confidence":"0.6722","content":"담당"}],"type":"pronunciation"},{"start_time":"130.73","end_time":"131.09","alternatives":[{"confidence":"0.386","content":"사용자"}],"type":"pronunciation"},{"start_time":"131.09","end_time":"131.57","alternatives":[{"confidence":"0.995","content":"입장에서는"}],"type":"pronunciation"},{"start_time":"131.57","end_time":"132.02","alternatives":[{"confidence":"1.0","content":"확실하지"}],"type":"pronunciation"},{"start_time":"132.02","end_time":"132.21","alternatives":[{"confidence":"0.9954","content":"않은"}],"type":"pronunciation"},{"start_time":"132.21","end_time":"132.49","alternatives":[{"confidence":"1.0","content":"부분에"}],"type":"pronunciation"},{"start_time":"132.49","end_time":"132.78","alternatives":[{"confidence":"0.6423","content":"대해서는"}],"type":"pronunciation"},{"start_time":"132.78","end_time":"133.13","alternatives":[{"confidence":"0.9225","content":"권유를"}],"type":"pronunciation"},{"start_time":"133.13","end_time":"133.74","alternatives":[{"confidence":"0.986","content":"드렸다가"}],"type":"pronunciation"},{"alternatives":[{"confidence":"0.0","content":"."}],"type":"punctuation"},{"start_time":"133.96","end_time":"134.4","alternatives":[{"confidence":"0.9998","content":"나중에"}],"type":"pronunciation"},{"start_time":"134.4","end_time":"134.62","alternatives":[{"confidence":"1.0","content":"가서"}],"type":"pronunciation"},{"start_time":"134.62","end_time":"134.73","alternatives":[{"confidence":"0.8765","content":"안"}],"type":"pronunciation"},{"start_time":"134.73","end_time":"134.98","alternatives":[{"confidence":"0.879","content":"된다고"}],"type":"pronunciation"},{"start_time":"134.98","end_time":"135.53","alternatives":[{"confidence":"0.9105000000000001","content":"말씀드리면"}],"type":"pronunciation"},{"start_time":"135.53","end_time":"135.77","alternatives":[{"confidence":"0.9769","content":"저도"}],"type":"pronunciation"},{"start_time":"135.77","end_time":"136.05","alternatives":[{"confidence":"0.4784","content":"차원의"}],"type":"pronunciation"},{"start_time":"136.05","end_time":"136.32","alternatives":[{"confidence":"1.0","content":"문제가"}],"type":"pronunciation"},{"start_time":"136.32","end_time":"136.55","alternatives":[{"confidence":"0.9825","content":"생길"}],"type":"pronunciation"},{"start_time":"136.55","end_time":"136.72","alternatives":[{"confidence":"0.959","content":"수가"}],"type":"pronunciation"},{"start_time":"136.72","end_time":"136.89","alternatives":[{"confidence":"0.9993","content":"있기"}],"type":"pronunciation"},{"start_time":"136.89","end_time":"137.53","alternatives":[{"confidence":"0.9922","content":"때문에"}],"type":"pronunciation"},{"start_time":"137.82","end_time":"138.35","alternatives":[{"confidence":"1.0","content":"확실하지"}],"type":"pronunciation"},{"start_time":"138.35","end_time":"138.55","alternatives":[{"confidence":"0.995","content":"않은"}],"type":"pronunciation"},{"start_time":"138.55","end_time":"138.8","alternatives":[{"confidence":"1.0","content":"부분에"}],"type":"pronunciation"},{"start_time":"138.8","end_time":"139.07","alternatives":[{"confidence":"0.8513","content":"대해서"}],"type":"pronunciation"},{"start_time":"139.07","end_time":"139.65","alternatives":[{"confidence":"0.97405","content":"권유자체를"}],"type":"pronunciation"},{"start_time":"139.65","end_time":"139.76","alternatives":[{"confidence":"0.7775","content":"안"}],"type":"pronunciation"},{"start_time":"139.76","end_time":"140.38","alternatives":[{"confidence":"0.7373000000000001","content":"들이거든요"}],"type":"pronunciation"},{"start_time":"140.79","end_time":"141.08","alternatives":[{"confidence":"0.862","content":"조건"}],"type":"pronunciation"},{"start_time":"141.08","end_time":"141.3","alternatives":[{"confidence":"0.9478","content":"부분"}],"type":"pronunciation"},{"start_time":"141.3","end_time":"142.01","alternatives":[{"confidence":"0.9917000000000001","content":"충족되시면"}],"type":"pronunciation"},{"start_time":"142.01","end_time":"142.25","alternatives":[{"confidence":"0.5154","content":"승인"}],"type":"pronunciation"},{"start_time":"142.25","end_time":"142.58","alternatives":[{"confidence":"0.7756","content":"하시는"}],"type":"pronunciation"},{"start_time":"142.58","end_time":"142.77","alternatives":[{"confidence":"1.0","content":"거고"}],"type":"pronunciation"},{"start_time":"142.77","end_time":"143.0","alternatives":[{"confidence":"0.9327","content":"자금"}],"type":"pronunciation"},{"start_time":"143.0","end_time":"143.19","alternatives":[{"confidence":"0.9037","content":"수령"}],"type":"pronunciation"},{"start_time":"143.19","end_time":"143.41","alternatives":[{"confidence":"0.9134","content":"가능"}],"type":"pronunciation"},{"start_time":"143.41","end_time":"144.85","alternatives":[{"confidence":"0.8999","content":"하신거니까요"}],"type":"pronunciation"},{"start_time":"145.26","end_time":"145.42","alternatives":[{"confidence":"0.9991","content":"좀"}],"type":"pronunciation"},{"start_time":"145.42","end_time":"146.12","alternatives":[{"confidence":"1.0","content":"힘드시겠지만"}],"type":"pronunciation"},{"start_time":"146.12","end_time":"146.74","alternatives":[{"confidence":"0.958","content":"고객님께서"}],"type":"pronunciation"},{"start_time":"146.74","end_time":"147.43","alternatives":[{"confidence":"0.99305","content":"하루만이라도"}],"type":"pronunciation"},{"start_time":"147.43","end_time":"147.58","alternatives":[{"confidence":"1.0","content":"좀"}],"type":"pronunciation"},{"start_time":"147.58","end_time":"148.32","alternatives":[{"confidence":"0.9460999999999999","content":"잠깐만이라도"}],"type":"pronunciation"},{"start_time":"148.32","end_time":"148.99","alternatives":[{"confidence":"0.8383","content":"유통하셔서"}],"type":"pronunciation"},{"start_time":"149.32","end_time":"149.83","alternatives":[{"confidence":"0.7314","content":"삼백만원"}],"type":"pronunciation"},{"start_time":"149.83","end_time":"150.19","alternatives":[{"confidence":"0.9531","content":"정도만"}],"type":"pronunciation"},{"start_time":"150.19","end_time":"150.32","alternatives":[{"confidence":"1.0","content":"좀"}],"type":"pronunciation"},{"start_time":"150.33","end_time":"151.09","alternatives":[{"confidence":"0.9037","content":"줄여주시고"}],"type":"pronunciation"},{"start_time":"151.43","end_time":"151.95","alternatives":[{"confidence":"0.4996","content":"자금"}],"type":"pronunciation"},{"start_time":"151.95","end_time":"152.13","alternatives":[{"confidence":"0.79","content":"저희"}],"type":"pronunciation"},{"start_time":"152.13","end_time":"152.44","alternatives":[{"confidence":"1.0","content":"쪽에서"}],"type":"pronunciation"},{"start_time":"152.44","end_time":"152.71","alternatives":[{"confidence":"0.9992","content":"이렇게"}],"type":"pronunciation"},{"start_time":"152.71","end_time":"152.83","alternatives":[{"confidence":"0.9982","content":"좀"}],"type":"pronunciation"},{"start_time":"152.83","end_time":"153.5","alternatives":[{"confidence":"0.7996","content":"받아보시는"}],"type":"pronunciation"},{"start_time":"153.5","end_time":"153.75","alternatives":[{"confidence":"0.9857","content":"쪽으로"}],"type":"pronunciation"},{"start_time":"153.75","end_time":"153.99","alternatives":[{"confidence":"0.9974","content":"이렇게"}],"type":"pronunciation"},{"start_time":"153.99","end_time":"154.31","alternatives":[{"confidence":"0.6119","content":"하시는"}],"type":"pronunciation"},{"start_time":"154.31","end_time":"154.78","alternatives":[{"confidence":"0.933","content":"게"}],"type":"pronunciation"},{"start_time":"158.91","end_time":"159.15","alternatives":[{"confidence":"1.0","content":"이게"}],"type":"pronunciation"},{"alternatives":[{"confidence":"0.0","content":"."}],"type":"punctuation"},{"start_time":"159.75","end_time":"159.96","alternatives":[{"confidence":"0.9135","content":"예"}],"type":"pronunciation"},{"alternatives":[{"confidence":"0.0","content":"."}],"type":"punctuation"},{"start_time":"159.99","end_time":"160.28","alternatives":[{"confidence":"0.9437","content":"저희"}],"type":"pronunciation"},{"start_time":"160.28","end_time":"160.67","alternatives":[{"confidence":"1.0","content":"쪽에서"}],"type":"pronunciation"},{"start_time":"160.67","end_time":"161.1","alternatives":[{"confidence":"0.8668","content":"나가는"}],"type":"pronunciation"},{"start_time":"161.1","end_time":"161.38","alternatives":[{"confidence":"0.4648","content":"자금"}],"type":"pronunciation"},{"start_time":"161.41","end_time":"161.99","alternatives":[{"confidence":"0.98785","content":"액수랑은"}],"type":"pronunciation"},{"start_time":"161.99","end_time":"162.63","alternatives":[{"confidence":"0.99855","content":"무관하세요"}],"type":"pronunciation"},{"alternatives":[{"confidence":"0.0","content":"."}],"type":"punctuation"},{"start_time":"162.66","end_time":"163.12","alternatives":[{"confidence":"0.5535","content":"왜냐면"}],"type":"pronunciation"},{"start_time":"163.12","end_time":"163.58","alternatives":[{"confidence":"0.66405","content":"고객님이제"}],"type":"pronunciation"},{"start_time":"164.0","end_time":"164.47","alternatives":[{"confidence":"1.0","content":"본인의"}],"type":"pronunciation"},{"start_time":"164.47","end_time":"165.49","alternatives":[{"confidence":"0.8600666666666666","content":"채무한도가"}],"type":"pronunciation"},{"start_time":"166.11","end_time":"166.38","alternatives":[{"confidence":"1.0","content":"문제가"}],"type":"pronunciation"},{"start_time":"166.38","end_time":"166.67","alternatives":[{"confidence":"0.5184","content":"생기신"}],"type":"pronunciation"},{"alternatives":[{"confidence":"0.0","content":"."}],"type":"punctuation"},{"start_time":"166.67","end_time":"166.87","alternatives":[{"confidence":"0.6986","content":"거기"}],"type":"pronunciation"},{"start_time":"166.87","end_time":"167.59","alternatives":[{"confidence":"1.0","content":"때문에"}],"type":"pronunciation"},{"start_time":"167.76","end_time":"167.96","alternatives":[{"confidence":"0.8759","content":"저희"}],"type":"pronunciation"},{"start_time":"167.96","end_time":"168.2","alternatives":[{"confidence":"1.0","content":"쪽에서"}],"type":"pronunciation"},{"start_time":"168.2","end_time":"168.28","alternatives":[{"confidence":"0.4519","content":"뭐"}],"type":"pronunciation"},{"start_time":"168.31","end_time":"168.86","alternatives":[{"confidence":"0.73655","content":"천만원이라"}],"type":"pronunciation"},{"start_time":"168.86","end_time":"169.04","alternatives":[{"confidence":"0.5023","content":"그래요"}],"type":"pronunciation"},{"alternatives":[{"confidence":"0.0","content":"."}],"type":"punctuation"},{"start_time":"169.04","end_time":"169.28","alternatives":[{"confidence":"0.7997","content":"이천"}],"type":"pronunciation"},{"start_time":"169.28","end_time":"169.7","alternatives":[{"confidence":"0.81705","content":"만원이라고"}],"type":"pronunciation"},{"start_time":"169.7","end_time":"169.88","alternatives":[{"confidence":"0.8997","content":"하는"}],"type":"pronunciation"},{"start_time":"169.88","end_time":"170.22","alternatives":[{"confidence":"0.4761","content":"자금"}],"type":"pronunciation"},{"start_time":"170.22","end_time":"170.63","alternatives":[{"confidence":"0.70135","content":"액수라는"}],"type":"pronunciation"},{"start_time":"170.63","end_time":"170.99","alternatives":[{"confidence":"0.9999","content":"사실상"}],"type":"pronunciation"},{"start_time":"170.99","end_time":"171.2","alternatives":[{"confidence":"0.9767","content":"크게"}],"type":"pronunciation"},{"start_time":"171.2","end_time":"171.63","alternatives":[{"confidence":"0.87225","content":"무관하신"}],"type":"pronunciation"},{"start_time":"171.63","end_time":"172.07","alternatives":[{"confidence":"0.9634","content":"거고요"}],"type":"pronunciation"},{"alternatives":[{"confidence":"0.0","content":"."}],"type":"punctuation"},{"start_time":"173.83","end_time":"174.06","alternatives":[{"confidence":"1.0","content":"그리고"}],"type":"pronunciation"},{"start_time":"174.06","end_time":"174.15","alternatives":[{"confidence":"0.405","content":"뭐"}],"type":"pronunciation"},{"start_time":"174.18","end_time":"174.42","alternatives":[{"confidence":"0.9599","content":"다른"}],"type":"pronunciation"},{"start_time":"174.42","end_time":"174.65","alternatives":[{"confidence":"0.9985","content":"쪽에서"}],"type":"pronunciation"},{"start_time":"174.65","end_time":"174.79","alternatives":[{"confidence":"0.667","content":"이게"}],"type":"pronunciation"},{"start_time":"174.79","end_time":"175.1","alternatives":[{"confidence":"0.07455","content":"부여를"}],"type":"pronunciation"},{"start_time":"175.1","end_time":"175.44","alternatives":[{"confidence":"0.5990499999999999","content":"하셨지만"}],"type":"pronunciation"},{"start_time":"175.44","end_time":"176.11","alternatives":[{"confidence":"0.9994","content":"담당자가"}],"type":"pronunciation"},{"start_time":"176.11","end_time":"176.37","alternatives":[{"confidence":"0.9722","content":"전화"}],"type":"pronunciation"},{"start_time":"176.37","end_time":"176.5","alternatives":[{"confidence":"0.8179","content":"한"}],"type":"pronunciation"},{"start_time":"176.5","end_time":"176.75","alternatives":[{"confidence":"0.95235","content":"통도"}],"type":"pronunciation"},{"start_time":"176.75","end_time":"176.88","alternatives":[{"confidence":"0.9001","content":"안"}],"type":"pronunciation"},{"start_time":"176.88","end_time":"177.11","alternatives":[{"confidence":"0.7075","content":"드는"}],"type":"pronunciation"},{"start_time":"177.11","end_time":"177.3","alternatives":[{"confidence":"0.9705","content":"경우"}],"type":"pronunciation"},{"start_time":"177.3","end_time":"177.53","alternatives":[{"confidence":"1.0","content":"솔직히"}],"type":"pronunciation"},{"start_time":"177.53","end_time":"178.11","alternatives":[{"confidence":"0.9999","content":"많으세요"}],"type":"pronunciation"},{"start_time":"178.47","end_time":"178.77","alternatives":[{"confidence":"0.7888","content":"문자"}],"type":"pronunciation"},{"start_time":"178.77","end_time":"178.89","alternatives":[{"confidence":"0.4763","content":"한"}],"type":"pronunciation"},{"start_time":"178.89","end_time":"179.12","alternatives":[{"confidence":"0.344","content":"통을"}],"type":"pronunciation"},{"start_time":"179.12","end_time":"179.39","alternatives":[{"confidence":"0.62515","content":"부여를"}],"type":"pronunciation"},{"start_time":"179.39","end_time":"179.66","alternatives":[{"confidence":"0.9139999999999999","content":"낳았다고"}],"type":"pronunciation"},{"start_time":"179.66","end_time":"179.93","alternatives":[{"confidence":"0.9573","content":"이렇게"}],"type":"pronunciation"},{"start_time":"180.88","end_time":"181.42","alternatives":[{"confidence":"0.99895","content":"발송하고"}],"type":"pronunciation"},{"start_time":"181.42","end_time":"181.72","alternatives":[{"confidence":"0.9995","content":"끝나는"}],"type":"pronunciation"},{"start_time":"181.72","end_time":"181.92","alternatives":[{"confidence":"0.5949","content":"경우가"}],"type":"pronunciation"},{"start_time":"181.92","end_time":"182.33","alternatives":[{"confidence":"0.24013333333333334","content":"많으시네"}],"type":"pronunciation"},{"alternatives":[{"confidence":"0.0","content":"."}],"type":"punctuation"},{"start_time":"182.51","end_time":"182.66","alternatives":[{"confidence":"0.0339","content":"지금"}],"type":"pronunciation"},{"start_time":"182.66","end_time":"182.93","alternatives":[{"confidence":"0.1754","content":"한번"}],"type":"pronunciation"},{"start_time":"183.25","end_time":"183.61","alternatives":[{"confidence":"0.99305","content":"괜찮게"}],"type":"pronunciation"},{"start_time":"183.61","end_time":"184.57","alternatives":[{"confidence":"0.9833666666666666","content":"나오셨고"}],"type":"pronunciation"},{"start_time":"185.47","end_time":"185.63","alternatives":[{"confidence":"0.9468","content":"으로"}],"type":"pronunciation"},{"start_time":"185.63","end_time":"185.91","alternatives":[{"confidence":"0.9917","content":"떠안고"}],"type":"pronunciation"},{"start_time":"185.91","end_time":"186.15","alternatives":[{"confidence":"0.2755","content":"가질"}],"type":"pronunciation"},{"start_time":"186.15","end_time":"186.35","alternatives":[{"confidence":"0.9856","content":"필요"}],"type":"pronunciation"},{"start_time":"186.35","end_time":"186.73","alternatives":[{"confidence":"0.99995","content":"없으시기"}],"type":"pronunciation"},{"start_time":"186.73","end_time":"186.97","alternatives":[{"confidence":"0.9997","content":"때문에"}],"type":"pronunciation"},{"start_time":"186.97","end_time":"187.18","alternatives":[{"confidence":"0.9995","content":"제가"}],"type":"pronunciation"},{"start_time":"187.18","end_time":"187.48","alternatives":[{"confidence":"0.9998","content":"최대한"}],"type":"pronunciation"},{"start_time":"187.48","end_time":"187.68","alternatives":[{"confidence":"0.8016","content":"한번"}],"type":"pronunciation"},{"start_time":"187.68","end_time":"187.92","alternatives":[{"confidence":"0.36805","content":"조리를"}],"type":"pronunciation"},{"start_time":"187.92","end_time":"188.0","alternatives":[{"confidence":"0.4645","content":"해"}],"type":"pronunciation"},{"start_time":"188.0","end_time":"188.14","alternatives":[{"confidence":"0.468","content":"본"}],"type":"pronunciation"},{"start_time":"188.14","end_time":"188.76","alternatives":[{"confidence":"0.95825","content":"거거든요"}],"type":"pronunciation"},{"alternatives":[{"confidence":"0.0","content":"."}],"type":"punctuation"},{"start_time":"189.19","end_time":"189.94","alternatives":[{"confidence":"1.0","content":"힘드시겠지만"}],"type":"pronunciation"},{"start_time":"189.94","end_time":"190.36","alternatives":[{"confidence":"0.19374999999999998","content":"곡이니까"}],"type":"pronunciation"},{"start_time":"190.88","end_time":"191.61","alternatives":[{"confidence":"0.97965","content":"잠깐만이라도"}],"type":"pronunciation"},{"start_time":"191.61","end_time":"191.84","alternatives":[{"confidence":"0.9609","content":"이렇게"}],"type":"pronunciation"},{"start_time":"192.08","end_time":"192.83","alternatives":[{"confidence":"1.0","content":"하셔서"}],"type":"pronunciation"},{"start_time":"193.92","end_time":"194.08","alternatives":[{"confidence":"0.9888","content":"좀"}],"type":"pronunciation"},{"start_time":"194.08","end_time":"194.96","alternatives":[{"confidence":"0.9994333333333333","content":"채무상환처리를"}],"type":"pronunciation"},{"start_time":"194.96","end_time":"195.34","alternatives":[{"confidence":"1.0","content":"하시고"}],"type":"pronunciation"},{"start_time":"195.34","end_time":"195.47","alternatives":[{"confidence":"0.9852","content":"좀"}],"type":"pronunciation"},{"start_time":"195.47","end_time":"195.67","alternatives":[{"confidence":"0.9671","content":"잠깐"}],"type":"pronunciation"},{"start_time":"195.67","end_time":"196.14","alternatives":[{"confidence":"0.7174","content":"받아보신"}],"type":"pronunciation"},{"start_time":"196.14","end_time":"196.38","alternatives":[{"confidence":"0.9907","content":"쪽으로"}],"type":"pronunciation"},{"start_time":"196.38","end_time":"196.52","alternatives":[{"confidence":"0.9763","content":"좀"}],"type":"pronunciation"},{"start_time":"196.52","end_time":"196.79","alternatives":[{"confidence":"0.9987","content":"최대한"}],"type":"pronunciation"},{"start_time":"196.79","end_time":"197.07","alternatives":[{"confidence":"0.9321","content":"권위를"}],"type":"pronunciation"},{"start_time":"197.1","end_time":"197.46","alternatives":[{"confidence":"0.989","content":"드려보고"}],"type":"pronunciation"},{"start_time":"197.46","end_time":"197.95","alternatives":[{"confidence":"0.9996","content":"싶습니다"}],"type":"pronunciation"},{"alternatives":[{"confidence":"0.0","content":"."}],"type":"punctuation"},{"start_time":"202.52","end_time":"202.65","alternatives":[{"confidence":"0.9566","content":"좀"}],"type":"pronunciation"},{"start_time":"202.65","end_time":"202.85","alternatives":[{"confidence":"0.9984","content":"많이"}],"type":"pronunciation"},{"start_time":"202.85","end_time":"203.42","alternatives":[{"confidence":"0.7813","content":"힘드시고요"}],"type":"pronunciation"},{"alternatives":[{"confidence":"0.0","content":"."}],"type":"punctuation"},{"start_time":"204.21","end_time":"205.0","alternatives":[{"confidence":"1.0","content":"이걸"}],"type":"pronunciation"},{"start_time":"205.0","end_time":"205.56","alternatives":[{"confidence":"1.0","content":"일단은"}],"type":"pronunciation"},{"start_time":"205.56","end_time":"205.76","alternatives":[{"confidence":"0.998","content":"제가"}],"type":"pronunciation"},{"start_time":"205.76","end_time":"206.25","alternatives":[{"confidence":"0.4480999999999999","content":"보류으로"}],"type":"pronunciation"},{"start_time":"206.25","end_time":"206.37","alternatives":[{"confidence":"0.9488","content":"좀"}],"type":"pronunciation"},{"start_time":"206.37","end_time":"208.01","alternatives":[{"confidence":"0.762","content":"남겨놓을게요"}],"type":"pronunciation"},{"alternatives":[{"confidence":"0.0","content":"."}],"type":"punctuation"},{"start_time":"208.07","end_time":"208.73","alternatives":[{"confidence":"0.70975","content":"고객님께서"}],"type":"pronunciation"},{"start_time":"208.73","end_time":"209.91","alternatives":[{"confidence":"1.0","content":"힘드시겠지만"}],"type":"pronunciation"},{"start_time":"210.38","end_time":"210.62","alternatives":[{"confidence":"0.0661","content":"최대"}],"type":"pronunciation"},{"start_time":"210.62","end_time":"210.85","alternatives":[{"confidence":"0.588","content":"한번"}],"type":"pronunciation"},{"start_time":"211.09","end_time":"211.49","alternatives":[{"confidence":"0.612","content":"해보시고"}],"type":"pronunciation"},{"alternatives":[{"confidence":"0.0","content":"."}],"type":"punctuation"},{"start_time":"211.49","end_time":"211.8","alternatives":[{"confidence":"0.9733","content":"어차피"}],"type":"pronunciation"},{"start_time":"211.96","end_time":"212.24","alternatives":[{"confidence":"0.8804","content":"님한테"}],"type":"pronunciation"},{"start_time":"212.74","end_time":"213.22","alternatives":[{"confidence":"0.98545","content":"들어가시는"}],"type":"pronunciation"},{"start_time":"213.22","end_time":"213.89","alternatives":[{"confidence":"0.9938","content":"거니까"}],"type":"pronunciation"},{"start_time":"214.28","end_time":"214.57","alternatives":[{"confidence":"0.1338","content":"아니면"}],"type":"pronunciation"},{"start_time":"215.02","end_time":"215.43","alternatives":[{"confidence":"0.7961","content":"현재"}],"type":"pronunciation"},{"start_time":"215.43","end_time":"215.79","alternatives":[{"confidence":"0.3941","content":"카드론"}],"type":"pronunciation"},{"start_time":"215.79","end_time":"215.99","alternatives":[{"confidence":"0.9809","content":"같은"}],"type":"pronunciation"},{"start_time":"215.99","end_time":"216.18","alternatives":[{"confidence":"0.9999","content":"것도"}],"type":"pronunciation"},{"start_time":"216.18","end_time":"216.49","alternatives":[{"confidence":"1.0","content":"전혀"}],"type":"pronunciation"},{"start_time":"216.49","end_time":"216.66","alternatives":[{"confidence":"0.9689","content":"지금"}],"type":"pronunciation"},{"start_time":"216.66","end_time":"216.98","alternatives":[{"confidence":"0.41035","content":"한도가"}],"type":"pronunciation"},{"start_time":"217.07","end_time":"218.47","alternatives":[{"confidence":"0.9601500000000001","content":"없으신거에요"}],"type":"pronunciation"},{"start_time":"220.78","end_time":"220.98","alternatives":[{"confidence":"0.7417","content":"뭐"}],"type":"pronunciation"},{"start_time":"221.01","end_time":"221.24","alternatives":[{"confidence":"0.5251","content":"물론"}],"type":"pronunciation"},{"start_time":"221.24","end_time":"221.78","alternatives":[{"confidence":"0.9996","content":"힘드시겠지만"}],"type":"pronunciation"},{"start_time":"221.78","end_time":"221.96","alternatives":[{"confidence":"0.8266","content":"한번"}],"type":"pronunciation"},{"start_time":"221.96","end_time":"222.44","alternatives":[{"confidence":"0.9986","content":"최대한"}],"type":"pronunciation"},{"start_time":"222.44","end_time":"223.64","alternatives":[{"confidence":"0.73285","content":"융통해보시고"}],"type":"pronunciation"},{"start_time":"224.16","end_time":"224.49","alternatives":[{"confidence":"0.0532","content":"요"}],"type":"pronunciation"},{"start_time":"225.44","end_time":"225.79","alternatives":[{"confidence":"0.9901","content":"조건부"}],"type":"pronunciation"},{"start_time":"225.79","end_time":"226.43","alternatives":[{"confidence":"0.84105","content":"승인권이시기"}],"type":"pronunciation"},{"start_time":"226.43","end_time":"226.73","alternatives":[{"confidence":"1.0","content":"때문에"}],"type":"pronunciation"},{"start_time":"226.73","end_time":"226.81","alternatives":[{"confidence":"0.6931","content":"이"}],"type":"pronunciation"},{"start_time":"226.81","end_time":"227.09","alternatives":[{"confidence":"0.6393","content":"부분"}],"type":"pronunciation"},{"start_time":"227.09","end_time":"227.58","alternatives":[{"confidence":"0.9527000000000001","content":"충족되시면"}],"type":"pronunciation"},{"start_time":"227.58","end_time":"227.83","alternatives":[{"confidence":"0.9233","content":"자금"}],"type":"pronunciation"},{"start_time":"227.83","end_time":"228.11","alternatives":[{"confidence":"0.87","content":"수령"}],"type":"pronunciation"},{"start_time":"228.11","end_time":"228.36","alternatives":[{"confidence":"0.9091","content":"가능"}],"type":"pronunciation"},{"start_time":"228.36","end_time":"229.59","alternatives":[{"confidence":"0.90195","content":"하신거니까요"}],"type":"pronunciation"},{"start_time":"230.37","end_time":"230.74","alternatives":[{"confidence":"0.9995","content":"님께서"}],"type":"pronunciation"},{"start_time":"230.74","end_time":"230.88","alternatives":[{"confidence":"0.9991","content":"좀"}],"type":"pronunciation"},{"start_time":"230.88","end_time":"231.46","alternatives":[{"confidence":"0.9348666666666666","content":"힘드시겠지만"}],"type":"pronunciation"},{"start_time":"231.46","end_time":"231.65","alternatives":[{"confidence":"0.8527","content":"최대"}],"type":"pronunciation"},{"start_time":"231.65","end_time":"231.86","alternatives":[{"confidence":"0.8897","content":"한번"}],"type":"pronunciation"},{"start_time":"231.86","end_time":"232.7","alternatives":[{"confidence":"0.811625","content":"융통해보시고"}],"type":"pronunciation"},{"start_time":"232.7","end_time":"233.0","alternatives":[{"confidence":"1.0","content":"저한테"}],"type":"pronunciation"},{"start_time":"233.0","end_time":"233.25","alternatives":[{"confidence":"0.9999","content":"꼭"}],"type":"pronunciation"},{"start_time":"233.28","end_time":"233.58","alternatives":[{"confidence":"0.9847","content":"한번"}],"type":"pronunciation"},{"start_time":"233.58","end_time":"235.74","alternatives":[{"confidence":"0.907","content":"연락으로"}],"type":"pronunciation"},{"start_time":"235.74","end_time":"235.89","alternatives":[{"confidence":"0.9979","content":"좀"}],"type":"pronunciation"},{"start_time":"235.89","end_time":"236.34","alternatives":[{"confidence":"0.97445","content":"남겨놓고"}],"type":"pronunciation"},{"start_time":"236.34","end_time":"236.76","alternatives":[{"confidence":"0.67","content":"그렇게"}],"type":"pronunciation"},{"start_time":"236.76","end_time":"236.95","alternatives":[{"confidence":"0.9678","content":"할"}],"type":"pronunciation"},{"start_time":"236.95","end_time":"237.27","alternatives":[{"confidence":"0.33004999999999995","content":"때에요"}],"type":"pronunciation"},{"start_time":"238.71","end_time":"238.92","alternatives":[{"confidence":"0.084","content":"네"}],"type":"pronunciation"},{"start_time":"239.04","end_time":"239.88","alternatives":[{"confidence":"0.9096","content":"감사합니다"}],"type":"pronunciation"}]},"status":"COMPLETED"}