{"jobName":"transcribe_loan17","accountId":"097989105209","results":{"transcripts":[{"transcript":"최근 일은 아니에요. 급여를 많이 드린 이유가 이제 이제 본인한테. 법적으로 문제가 간다거나 또는 이제 차인한테 피해를 주는 일은 아니지만 이제 법적으로 이제 본인한테 문제가 되시지 않는 이제 합법적인 일이 않은 부분에서 본인이 있다는 그런 업무도 감소하시고 하실 의향이 있으신분들만 제가 자세하게 좀 설명을 드리거든요 업무그래요 어떤 건데요? 일단은 하시는 일은 소통개설하시는 일이고요. 그리고 이제 이게 개인 통장을 개설해서 한테 넘기시거나 그런 건 아니고 저희가 이제 아침마다 그 매일 법인 사업자서류를 사무실에서 드려요. 그 다음에 이제 서류를 가지고 받고 가지고 나가셔서 이제 시간이 4 시간이잖아요 그러니까 통장을 개설해서 서류랑 통장에서 다시 가지고 오셔서 저희한테 전달하시는 거고요. 이게 이제 통장개설 하신 게 수단건당 칠 만원씩 지급을 해 드리는데 보통 하루에 한 세개 내지 6 개 정도 개설을 해와요 일하시는 분들이 보통 하루에 한 이십 만원에서 사십 만원 정도 거리가 되시는 거고 한 달이면 못해도 한 계속 진짜 못 받으신 분들에 대해서 잘 받으시는 분이 한 육백정도 사이의 받아가지고 요 그리고 제가 법적으로 크게 문제가 없다고 말씀드린 대표통장이라고 해서 집에 것 먹고 이렇게 하시는데 이제 이제 이게 일반인들이 잘 모르시는데 대포통장도 통장이 어디냐에 따라서 조사를 받거나 조사를 조사를 받는 부분이 이제 조사를 받을 수도 있고 안 받을 수도 있는 거고 또 그게 이제 처벌 기준이 달라요. 그래서 이게 실질적으로 은행에서 얘기하거나 선생의 얘기하는 부분은 이제 통장이 보이스피싱 쪽으로 사용됐을 때 얘기이고요. 그것 때문에 당연히 무고한 피해자가 발생을 하니까 아니면 지금 전화하시는 분도 본인이 그 사업자소비량을 전혀 관련이 없는 거지만 어쨌든 은행에 가서 이제 소위 대신에 대리인으로 개별 하는 부분이기 때문에 은행 전세는 기록이 다 남을 거 아니에요. 나중에 그런 경우 본인도 법적으로 처벌받는 걸 피해가 할 수가 없어요. 근데 저희 같은 경우는 그쪽으로 사용을 하는 건 아니고 이게 이제 토트나 이런 도박사이트 있잖아요. 그런 쪽으로 사용을 하는데 이런 이제 소통사이트에서 사용할 같은 경우에는 이제 뭐 지금 뉴스들이 실질적으로 자기가 자기 의사에 의지에 의해서 도박을 한 거기 때문에 실질적으로 신고를 하거나 지금 전화 받으시는 분들 조사를 받을 확률은 사실 거의 이에요. 그리고 조사를 받는다 하더라도 이제 보이스피싱 무고한 피해자가 발생한 건 아니기 때문에 그 대리인으로 이제 하시는 개설자가 가서 저희가 어떻게 진술하실지 미리 교육을 다 해드려요. 그런데 그들이 진술하시면 경찰관에 따라 수사관에 따라 좀 다른데 보통 이제 좀 널럴한 수사관은 그냥 말 그대로 참고 참고 있는 어떤 건지 참고만 한다는 거예요. 그래서 피의자가 아니라 참고만 하는 걸로 그냥 삼십 분 조사받고 끝나고요 뭐 최악의 경우가 그냥 전자상거래법 위반으로 해서 벌금 백만원백오십만 나와요. 빨간 줄 가거나 그런 것도 아니고 벌금 같은 경우에도 저희가 이제 생각을 다 해드리고 그렇게 그런 쪽으로 저는 예상을 못해서 좀 생각을 해봐야 될 건데 식으로 전화를 주신"}],"items":[{"start_time":"0.31","end_time":"0.61","alternatives":[{"confidence":"0.3859","content":"최근"}],"type":"pronunciation"},{"start_time":"0.61","end_time":"0.82","alternatives":[{"confidence":"0.9869","content":"일은"}],"type":"pronunciation"},{"start_time":"0.82","end_time":"1.56","alternatives":[{"confidence":"1.0","content":"아니에요"}],"type":"pronunciation"},{"alternatives":[{"confidence":"0.0","content":"."}],"type":"punctuation"},{"start_time":"1.62","end_time":"1.96","alternatives":[{"confidence":"0.9979","content":"급여를"}],"type":"pronunciation"},{"start_time":"1.96","end_time":"2.19","alternatives":[{"confidence":"0.9841","content":"많이"}],"type":"pronunciation"},{"start_time":"2.19","end_time":"2.5","alternatives":[{"confidence":"0.4816","content":"드린"}],"type":"pronunciation"},{"start_time":"2.5","end_time":"3.13","alternatives":[{"confidence":"1.0","content":"이유가"}],"type":"pronunciation"},{"start_time":"4.15","end_time":"4.32","alternatives":[{"confidence":"0.4291","content":"이제"}],"type":"pronunciation"},{"start_time":"4.33","end_time":"4.48","alternatives":[{"confidence":"0.9312","content":"이제"}],"type":"pronunciation"},{"start_time":"4.51","end_time":"5.15","alternatives":[{"confidence":"0.98895","content":"본인한테"}],"type":"pronunciation"},{"alternatives":[{"confidence":"0.0","content":"."}],"type":"punctuation"},{"start_time":"5.15","end_time":"5.8","alternatives":[{"confidence":"1.0","content":"법적으로"}],"type":"pronunciation"},{"start_time":"5.83","end_time":"6.33","alternatives":[{"confidence":"1.0","content":"문제가"}],"type":"pronunciation"},{"start_time":"6.33","end_time":"7.39","alternatives":[{"confidence":"0.9973000000000001","content":"간다거나"}],"type":"pronunciation"},{"start_time":"7.74","end_time":"8.08","alternatives":[{"confidence":"0.9367","content":"또는"}],"type":"pronunciation"},{"start_time":"8.11","end_time":"8.35","alternatives":[{"confidence":"0.9992","content":"이제"}],"type":"pronunciation"},{"start_time":"8.63","end_time":"9.21","alternatives":[{"confidence":"0.6059666666666667","content":"차인한테"}],"type":"pronunciation"},{"start_time":"9.21","end_time":"9.63","alternatives":[{"confidence":"1.0","content":"피해를"}],"type":"pronunciation"},{"start_time":"9.63","end_time":"9.97","alternatives":[{"confidence":"1.0","content":"주는"}],"type":"pronunciation"},{"start_time":"9.97","end_time":"10.18","alternatives":[{"confidence":"1.0","content":"일은"}],"type":"pronunciation"},{"start_time":"10.18","end_time":"11.11","alternatives":[{"confidence":"1.0","content":"아니지만"}],"type":"pronunciation"},{"start_time":"11.5","end_time":"11.7","alternatives":[{"confidence":"0.6696","content":"이제"}],"type":"pronunciation"},{"start_time":"11.73","end_time":"12.37","alternatives":[{"confidence":"1.0","content":"법적으로"}],"type":"pronunciation"},{"start_time":"12.4","end_time":"12.56","alternatives":[{"confidence":"0.4285","content":"이제"}],"type":"pronunciation"},{"start_time":"12.59","end_time":"13.15","alternatives":[{"confidence":"0.82755","content":"본인한테"}],"type":"pronunciation"},{"start_time":"13.18","end_time":"13.59","alternatives":[{"confidence":"1.0","content":"문제가"}],"type":"pronunciation"},{"start_time":"13.59","end_time":"14.01","alternatives":[{"confidence":"0.9789","content":"되시지"}],"type":"pronunciation"},{"start_time":"14.01","end_time":"14.25","alternatives":[{"confidence":"0.0955","content":"않는"}],"type":"pronunciation"},{"start_time":"15.22","end_time":"15.43","alternatives":[{"confidence":"0.5771","content":"이제"}],"type":"pronunciation"},{"start_time":"15.59","end_time":"16.14","alternatives":[{"confidence":"0.9999","content":"합법적인"}],"type":"pronunciation"},{"start_time":"16.14","end_time":"16.3","alternatives":[{"confidence":"0.734","content":"일이"}],"type":"pronunciation"},{"start_time":"16.3","end_time":"16.57","alternatives":[{"confidence":"0.3632","content":"않은"}],"type":"pronunciation"},{"start_time":"16.57","end_time":"17.44","alternatives":[{"confidence":"0.9998","content":"부분에서"}],"type":"pronunciation"},{"start_time":"17.84","end_time":"18.23","alternatives":[{"confidence":"1.0","content":"본인이"}],"type":"pronunciation"},{"start_time":"18.23","end_time":"18.79","alternatives":[{"confidence":"0.6222","content":"있다는"}],"type":"pronunciation"},{"start_time":"18.79","end_time":"19.19","alternatives":[{"confidence":"0.981","content":"그런"}],"type":"pronunciation"},{"start_time":"19.19","end_time":"19.84","alternatives":[{"confidence":"0.9820500000000001","content":"업무도"}],"type":"pronunciation"},{"start_time":"19.87","end_time":"20.53","alternatives":[{"confidence":"0.905","content":"감소하시고"}],"type":"pronunciation"},{"start_time":"20.53","end_time":"20.8","alternatives":[{"confidence":"1.0","content":"하실"}],"type":"pronunciation"},{"start_time":"20.8","end_time":"21.12","alternatives":[{"confidence":"1.0","content":"의향이"}],"type":"pronunciation"},{"start_time":"21.12","end_time":"22.0","alternatives":[{"confidence":"0.7575","content":"있으신분들만"}],"type":"pronunciation"},{"start_time":"22.0","end_time":"22.19","alternatives":[{"confidence":"0.9925","content":"제가"}],"type":"pronunciation"},{"start_time":"22.19","end_time":"22.64","alternatives":[{"confidence":"0.9988","content":"자세하게"}],"type":"pronunciation"},{"start_time":"22.64","end_time":"22.77","alternatives":[{"confidence":"0.5707","content":"좀"}],"type":"pronunciation"},{"start_time":"22.77","end_time":"23.13","alternatives":[{"confidence":"0.9735","content":"설명을"}],"type":"pronunciation"},{"start_time":"23.13","end_time":"23.62","alternatives":[{"confidence":"0.9931","content":"드리거든요"}],"type":"pronunciation"},{"start_time":"23.62","end_time":"25.39","alternatives":[{"confidence":"0.83765","content":"업무그래요"}],"type":"pronunciation"},{"start_time":"26.1","end_time":"26.5","alternatives":[{"confidence":"0.8964","content":"어떤"}],"type":"pronunciation"},{"start_time":"26.5","end_time":"27.07","alternatives":[{"confidence":"1.0","content":"건데요"}],"type":"pronunciation"},{"alternatives":[{"confidence":"0.0","content":"?"}],"type":"punctuation"},{"start_time":"27.63","end_time":"28.15","alternatives":[{"confidence":"0.9425","content":"일단은"}],"type":"pronunciation"},{"start_time":"28.15","end_time":"28.58","alternatives":[{"confidence":"0.9599","content":"하시는"}],"type":"pronunciation"},{"start_time":"28.58","end_time":"28.86","alternatives":[{"confidence":"0.973","content":"일은"}],"type":"pronunciation"},{"start_time":"28.86","end_time":"29.98","alternatives":[{"confidence":"0.8026","content":"소통개설하시는"}],"type":"pronunciation"},{"start_time":"29.98","end_time":"30.53","alternatives":[{"confidence":"0.96425","content":"일이고요"}],"type":"pronunciation"},{"alternatives":[{"confidence":"0.0","content":"."}],"type":"punctuation"},{"start_time":"32.38","end_time":"32.75","alternatives":[{"confidence":"0.9995","content":"그리고"}],"type":"pronunciation"},{"start_time":"32.75","end_time":"33.12","alternatives":[{"confidence":"0.9996","content":"이제"}],"type":"pronunciation"},{"start_time":"33.21","end_time":"33.56","alternatives":[{"confidence":"0.9979","content":"이게"}],"type":"pronunciation"},{"start_time":"33.88","end_time":"34.33","alternatives":[{"confidence":"0.8712","content":"개인"}],"type":"pronunciation"},{"start_time":"34.33","end_time":"34.71","alternatives":[{"confidence":"1.0","content":"통장을"}],"type":"pronunciation"},{"start_time":"34.71","end_time":"35.19","alternatives":[{"confidence":"0.9885999999999999","content":"개설해서"}],"type":"pronunciation"},{"start_time":"35.34","end_time":"35.55","alternatives":[{"confidence":"0.9098","content":"한테"}],"type":"pronunciation"},{"start_time":"35.55","end_time":"36.19","alternatives":[{"confidence":"0.9888333333333333","content":"넘기시거나"}],"type":"pronunciation"},{"start_time":"36.19","end_time":"36.42","alternatives":[{"confidence":"0.9682","content":"그런"}],"type":"pronunciation"},{"start_time":"36.42","end_time":"36.55","alternatives":[{"confidence":"0.9677","content":"건"}],"type":"pronunciation"},{"start_time":"36.55","end_time":"37.27","alternatives":[{"confidence":"1.0","content":"아니고"}],"type":"pronunciation"},{"start_time":"38.04","end_time":"38.43","alternatives":[{"confidence":"1.0","content":"저희가"}],"type":"pronunciation"},{"start_time":"38.43","end_time":"38.6","alternatives":[{"confidence":"0.9986","content":"이제"}],"type":"pronunciation"},{"start_time":"38.6","end_time":"39.28","alternatives":[{"confidence":"0.9901","content":"아침마다"}],"type":"pronunciation"},{"start_time":"39.28","end_time":"39.77","alternatives":[{"confidence":"0.9242","content":"그"}],"type":"pronunciation"},{"start_time":"40.17","end_time":"40.53","alternatives":[{"confidence":"0.8967","content":"매일"}],"type":"pronunciation"},{"start_time":"40.56","end_time":"40.91","alternatives":[{"confidence":"0.731","content":"법인"}],"type":"pronunciation"},{"start_time":"40.91","end_time":"41.74","alternatives":[{"confidence":"0.8923000000000001","content":"사업자서류를"}],"type":"pronunciation"},{"start_time":"41.77","end_time":"42.28","alternatives":[{"confidence":"0.9741","content":"사무실에서"}],"type":"pronunciation"},{"start_time":"42.31","end_time":"42.92","alternatives":[{"confidence":"0.8652","content":"드려요"}],"type":"pronunciation"},{"alternatives":[{"confidence":"0.0","content":"."}],"type":"punctuation"},{"start_time":"43.47","end_time":"43.57","alternatives":[{"confidence":"0.5696","content":"그"}],"type":"pronunciation"},{"start_time":"43.57","end_time":"43.82","alternatives":[{"confidence":"0.9997","content":"다음에"}],"type":"pronunciation"},{"start_time":"43.83","end_time":"44.0","alternatives":[{"confidence":"0.994","content":"이제"}],"type":"pronunciation"},{"start_time":"44.18","end_time":"44.59","alternatives":[{"confidence":"0.9955","content":"서류를"}],"type":"pronunciation"},{"start_time":"44.62","end_time":"45.19","alternatives":[{"confidence":"0.9818","content":"가지고"}],"type":"pronunciation"},{"start_time":"45.38","end_time":"45.73","alternatives":[{"confidence":"0.8631","content":"받고"}],"type":"pronunciation"},{"start_time":"45.73","end_time":"46.06","alternatives":[{"confidence":"0.9958","content":"가지고"}],"type":"pronunciation"},{"start_time":"46.06","end_time":"46.93","alternatives":[{"confidence":"0.9983","content":"나가셔서"}],"type":"pronunciation"},{"start_time":"47.37","end_time":"47.66","alternatives":[{"confidence":"0.9839","content":"이제"}],"type":"pronunciation"},{"start_time":"48.58","end_time":"48.89","alternatives":[{"confidence":"0.9726","content":"시간이"}],"type":"pronunciation"},{"start_time":"48.89","end_time":"49.05","alternatives":[{"confidence":"0.5153","content":"4"}],"type":"pronunciation"},{"start_time":"49.05","end_time":"49.97","alternatives":[{"confidence":"0.8369","content":"시간이잖아요"}],"type":"pronunciation"},{"start_time":"50.75","end_time":"51.14","alternatives":[{"confidence":"0.9981","content":"그러니까"}],"type":"pronunciation"},{"start_time":"51.29","end_time":"51.82","alternatives":[{"confidence":"1.0","content":"통장을"}],"type":"pronunciation"},{"start_time":"51.82","end_time":"52.49","alternatives":[{"confidence":"0.9571000000000001","content":"개설해서"}],"type":"pronunciation"},{"start_time":"52.49","end_time":"53.26","alternatives":[{"confidence":"0.9897499999999999","content":"서류랑"}],"type":"pronunciation"},{"start_time":"53.29","end_time":"53.74","alternatives":[{"confidence":"0.79705","content":"통장에서"}],"type":"pronunciation"},{"start_time":"53.74","end_time":"54.01","alternatives":[{"confidence":"0.8505","content":"다시"}],"type":"pronunciation"},{"start_time":"54.15","end_time":"54.57","alternatives":[{"confidence":"0.9918","content":"가지고"}],"type":"pronunciation"},{"start_time":"54.57","end_time":"54.88","alternatives":[{"confidence":"0.6971","content":"오셔서"}],"type":"pronunciation"},{"start_time":"54.88","end_time":"55.36","alternatives":[{"confidence":"0.9876499999999999","content":"저희한테"}],"type":"pronunciation"},{"start_time":"55.61","end_time":"56.26","alternatives":[{"confidence":"0.92075","content":"전달하시는"}],"type":"pronunciation"},{"start_time":"56.26","end_time":"56.82","alternatives":[{"confidence":"0.9883","content":"거고요"}],"type":"pronunciation"},{"alternatives":[{"confidence":"0.0","content":"."}],"type":"punctuation"},{"start_time":"57.96","end_time":"58.17","alternatives":[{"confidence":"0.9987","content":"이게"}],"type":"pronunciation"},{"start_time":"58.18","end_time":"58.29","alternatives":[{"confidence":"0.68","content":"이제"}],"type":"pronunciation"},{"start_time":"58.3","end_time":"59.19","alternatives":[{"confidence":"0.8309","content":"통장개설"}],"type":"pronunciation"},{"start_time":"59.19","end_time":"59.45","alternatives":[{"confidence":"0.6818","content":"하신"}],"type":"pronunciation"},{"start_time":"59.45","end_time":"59.63","alternatives":[{"confidence":"0.7221","content":"게"}],"type":"pronunciation"},{"start_time":"59.63","end_time":"60.33","alternatives":[{"confidence":"0.6429","content":"수단건당"}],"type":"pronunciation"},{"start_time":"60.36","end_time":"60.56","alternatives":[{"confidence":"0.9125","content":"칠"}],"type":"pronunciation"},{"start_time":"60.56","end_time":"61.07","alternatives":[{"confidence":"0.9906","content":"만원씩"}],"type":"pronunciation"},{"start_time":"61.08","end_time":"61.44","alternatives":[{"confidence":"0.9945999999999999","content":"지급을"}],"type":"pronunciation"},{"start_time":"61.44","end_time":"61.54","alternatives":[{"confidence":"0.6005","content":"해"}],"type":"pronunciation"},{"start_time":"61.54","end_time":"62.86","alternatives":[{"confidence":"0.8055","content":"드리는데"}],"type":"pronunciation"},{"start_time":"63.07","end_time":"63.43","alternatives":[{"confidence":"0.9998","content":"보통"}],"type":"pronunciation"},{"start_time":"63.43","end_time":"63.95","alternatives":[{"confidence":"0.9985","content":"하루에"}],"type":"pronunciation"},{"start_time":"63.95","end_time":"64.17","alternatives":[{"confidence":"0.9958","content":"한"}],"type":"pronunciation"},{"start_time":"64.17","end_time":"64.51","alternatives":[{"confidence":"0.8501","content":"세개"}],"type":"pronunciation"},{"start_time":"64.51","end_time":"64.84","alternatives":[{"confidence":"0.9992","content":"내지"}],"type":"pronunciation"},{"start_time":"64.84","end_time":"65.12","alternatives":[{"confidence":"0.8659","content":"6"}],"type":"pronunciation"},{"start_time":"65.12","end_time":"65.24","alternatives":[{"confidence":"0.998","content":"개"}],"type":"pronunciation"},{"start_time":"65.24","end_time":"65.58","alternatives":[{"confidence":"0.9139","content":"정도"}],"type":"pronunciation"},{"start_time":"65.58","end_time":"66.0","alternatives":[{"confidence":"0.96025","content":"개설을"}],"type":"pronunciation"},{"start_time":"66.0","end_time":"66.42","alternatives":[{"confidence":"0.9312","content":"해와요"}],"type":"pronunciation"},{"start_time":"66.42","end_time":"66.84","alternatives":[{"confidence":"0.80575","content":"일하시는"}],"type":"pronunciation"},{"start_time":"66.84","end_time":"67.39","alternatives":[{"confidence":"1.0","content":"분들이"}],"type":"pronunciation"},{"start_time":"68.66","end_time":"68.96","alternatives":[{"confidence":"0.9975","content":"보통"}],"type":"pronunciation"},{"start_time":"68.96","end_time":"69.23","alternatives":[{"confidence":"0.9744","content":"하루에"}],"type":"pronunciation"},{"start_time":"69.23","end_time":"69.37","alternatives":[{"confidence":"0.7835","content":"한"}],"type":"pronunciation"},{"start_time":"69.37","end_time":"69.62","alternatives":[{"confidence":"0.509","content":"이십"}],"type":"pronunciation"},{"start_time":"69.62","end_time":"69.98","alternatives":[{"confidence":"0.57155","content":"만원에서"}],"type":"pronunciation"},{"start_time":"69.98","end_time":"70.29","alternatives":[{"confidence":"0.5591","content":"사십"}],"type":"pronunciation"},{"start_time":"70.29","end_time":"70.51","alternatives":[{"confidence":"0.8882","content":"만원"}],"type":"pronunciation"},{"start_time":"70.51","end_time":"70.93","alternatives":[{"confidence":"0.9392","content":"정도"}],"type":"pronunciation"},{"start_time":"70.96","end_time":"71.25","alternatives":[{"confidence":"0.9027","content":"거리가"}],"type":"pronunciation"},{"start_time":"71.25","end_time":"71.61","alternatives":[{"confidence":"0.92305","content":"되시는"}],"type":"pronunciation"},{"start_time":"71.61","end_time":"72.23","alternatives":[{"confidence":"1.0","content":"거고"}],"type":"pronunciation"},{"start_time":"72.64","end_time":"72.81","alternatives":[{"confidence":"0.8838","content":"한"}],"type":"pronunciation"},{"start_time":"72.81","end_time":"73.52","alternatives":[{"confidence":"0.9352","content":"달이면"}],"type":"pronunciation"},{"start_time":"73.72","end_time":"74.1","alternatives":[{"confidence":"0.42145","content":"못해도"}],"type":"pronunciation"},{"start_time":"74.1","end_time":"74.23","alternatives":[{"confidence":"0.3617","content":"한"}],"type":"pronunciation"},{"start_time":"74.72","end_time":"75.2","alternatives":[{"confidence":"0.831","content":"계속"}],"type":"pronunciation"},{"start_time":"75.46","end_time":"75.81","alternatives":[{"confidence":"0.9502","content":"진짜"}],"type":"pronunciation"},{"start_time":"75.84","end_time":"76.06","alternatives":[{"confidence":"0.9079","content":"못"}],"type":"pronunciation"},{"start_time":"76.07","end_time":"76.47","alternatives":[{"confidence":"0.43725","content":"받으신"}],"type":"pronunciation"},{"start_time":"76.47","end_time":"77.02","alternatives":[{"confidence":"0.1368","content":"분들에"}],"type":"pronunciation"},{"start_time":"77.02","end_time":"77.6","alternatives":[{"confidence":"0.2303","content":"대해서"}],"type":"pronunciation"},{"start_time":"77.91","end_time":"78.09","alternatives":[{"confidence":"0.9617","content":"잘"}],"type":"pronunciation"},{"start_time":"78.09","end_time":"78.48","alternatives":[{"confidence":"0.89655","content":"받으시는"}],"type":"pronunciation"},{"start_time":"78.48","end_time":"78.67","alternatives":[{"confidence":"1.0","content":"분이"}],"type":"pronunciation"},{"start_time":"78.67","end_time":"78.78","alternatives":[{"confidence":"0.9504","content":"한"}],"type":"pronunciation"},{"start_time":"78.78","end_time":"79.25","alternatives":[{"confidence":"0.7665500000000001","content":"육백정도"}],"type":"pronunciation"},{"start_time":"79.25","end_time":"79.44","alternatives":[{"confidence":"0.2109","content":"사이의"}],"type":"pronunciation"},{"start_time":"79.47","end_time":"80.01","alternatives":[{"confidence":"0.83765","content":"받아가지고"}],"type":"pronunciation"},{"start_time":"80.04","end_time":"80.91","alternatives":[{"confidence":"0.2176","content":"요"}],"type":"pronunciation"},{"start_time":"81.67","end_time":"81.94","alternatives":[{"confidence":"0.9192","content":"그리고"}],"type":"pronunciation"},{"start_time":"82.11","end_time":"82.38","alternatives":[{"confidence":"0.9583","content":"제가"}],"type":"pronunciation"},{"start_time":"82.53","end_time":"83.11","alternatives":[{"confidence":"1.0","content":"법적으로"}],"type":"pronunciation"},{"start_time":"83.11","end_time":"83.41","alternatives":[{"confidence":"0.9982","content":"크게"}],"type":"pronunciation"},{"start_time":"83.41","end_time":"83.81","alternatives":[{"confidence":"1.0","content":"문제가"}],"type":"pronunciation"},{"start_time":"83.81","end_time":"84.07","alternatives":[{"confidence":"0.8767","content":"없다고"}],"type":"pronunciation"},{"start_time":"84.07","end_time":"84.58","alternatives":[{"confidence":"0.2228","content":"말씀드린"}],"type":"pronunciation"},{"start_time":"85.815","end_time":"86.675","alternatives":[{"confidence":"0.8222999999999999","content":"대표통장이라고"}],"type":"pronunciation"},{"start_time":"86.675","end_time":"86.975","alternatives":[{"confidence":"0.998","content":"해서"}],"type":"pronunciation"},{"start_time":"86.975","end_time":"87.345","alternatives":[{"confidence":"0.9009","content":"집에"}],"type":"pronunciation"},{"start_time":"87.465","end_time":"87.675","alternatives":[{"confidence":"0.5653","content":"것"}],"type":"pronunciation"},{"start_time":"87.675","end_time":"87.955","alternatives":[{"confidence":"0.9668","content":"먹고"}],"type":"pronunciation"},{"start_time":"87.955","end_time":"88.225","alternatives":[{"confidence":"0.9954","content":"이렇게"}],"type":"pronunciation"},{"start_time":"88.225","end_time":"89.405","alternatives":[{"confidence":"0.9993","content":"하시는데"}],"type":"pronunciation"},{"start_time":"89.555","end_time":"89.855","alternatives":[{"confidence":"0.961","content":"이제"}],"type":"pronunciation"},{"start_time":"89.925","end_time":"90.105","alternatives":[{"confidence":"0.926","content":"이제"}],"type":"pronunciation"},{"start_time":"90.135","end_time":"90.375","alternatives":[{"confidence":"0.8678","content":"이게"}],"type":"pronunciation"},{"start_time":"90.375","end_time":"91.025","alternatives":[{"confidence":"0.99665","content":"일반인들이"}],"type":"pronunciation"},{"start_time":"91.025","end_time":"91.195","alternatives":[{"confidence":"0.9992","content":"잘"}],"type":"pronunciation"},{"start_time":"91.195","end_time":"91.775","alternatives":[{"confidence":"0.93135","content":"모르시는데"}],"type":"pronunciation"},{"start_time":"91.805","end_time":"92.745","alternatives":[{"confidence":"0.8956333333333334","content":"대포통장도"}],"type":"pronunciation"},{"start_time":"93.155","end_time":"93.635","alternatives":[{"confidence":"0.9820500000000001","content":"통장이"}],"type":"pronunciation"},{"start_time":"93.635","end_time":"94.835","alternatives":[{"confidence":"0.6265666666666666","content":"어디냐에"}],"type":"pronunciation"},{"start_time":"94.835","end_time":"95.505","alternatives":[{"confidence":"1.0","content":"따라서"}],"type":"pronunciation"},{"start_time":"95.595","end_time":"96.015","alternatives":[{"confidence":"1.0","content":"조사를"}],"type":"pronunciation"},{"start_time":"96.015","end_time":"96.395","alternatives":[{"confidence":"0.9912","content":"받거나"}],"type":"pronunciation"},{"start_time":"96.395","end_time":"96.855","alternatives":[{"confidence":"0.9995","content":"조사를"}],"type":"pronunciation"},{"start_time":"97.145","end_time":"97.475","alternatives":[{"confidence":"1.0","content":"조사를"}],"type":"pronunciation"},{"start_time":"97.475","end_time":"97.865","alternatives":[{"confidence":"0.9914","content":"받는"}],"type":"pronunciation"},{"start_time":"97.865","end_time":"98.465","alternatives":[{"confidence":"1.0","content":"부분이"}],"type":"pronunciation"},{"start_time":"98.475","end_time":"98.695","alternatives":[{"confidence":"0.9817","content":"이제"}],"type":"pronunciation"},{"start_time":"98.855","end_time":"99.155","alternatives":[{"confidence":"1.0","content":"조사를"}],"type":"pronunciation"},{"start_time":"99.155","end_time":"99.405","alternatives":[{"confidence":"0.9992","content":"받을"}],"type":"pronunciation"},{"start_time":"99.405","end_time":"99.585","alternatives":[{"confidence":"0.9945","content":"수도"}],"type":"pronunciation"},{"start_time":"99.585","end_time":"99.735","alternatives":[{"confidence":"0.9997","content":"있고"}],"type":"pronunciation"},{"start_time":"99.735","end_time":"99.865","alternatives":[{"confidence":"0.993","content":"안"}],"type":"pronunciation"},{"start_time":"99.865","end_time":"100.125","alternatives":[{"confidence":"0.9928","content":"받을"}],"type":"pronunciation"},{"start_time":"100.125","end_time":"100.305","alternatives":[{"confidence":"0.97","content":"수도"}],"type":"pronunciation"},{"start_time":"100.305","end_time":"100.495","alternatives":[{"confidence":"0.9542","content":"있는"}],"type":"pronunciation"},{"start_time":"100.495","end_time":"101.065","alternatives":[{"confidence":"0.9542","content":"거고"}],"type":"pronunciation"},{"start_time":"101.595","end_time":"101.875","alternatives":[{"confidence":"0.9992","content":"또"}],"type":"pronunciation"},{"start_time":"101.875","end_time":"102.145","alternatives":[{"confidence":"1.0","content":"그게"}],"type":"pronunciation"},{"start_time":"102.145","end_time":"102.315","alternatives":[{"confidence":"0.9694","content":"이제"}],"type":"pronunciation"},{"start_time":"102.435","end_time":"102.755","alternatives":[{"confidence":"0.8165","content":"처벌"}],"type":"pronunciation"},{"start_time":"102.755","end_time":"103.045","alternatives":[{"confidence":"0.374","content":"기준이"}],"type":"pronunciation"},{"start_time":"103.165","end_time":"103.725","alternatives":[{"confidence":"0.9999","content":"달라요"}],"type":"pronunciation"},{"alternatives":[{"confidence":"0.0","content":"."}],"type":"punctuation"},{"start_time":"104.34","end_time":"104.76","alternatives":[{"confidence":"0.9909","content":"그래서"}],"type":"pronunciation"},{"start_time":"105.05","end_time":"105.26","alternatives":[{"confidence":"0.9921","content":"이게"}],"type":"pronunciation"},{"start_time":"105.29","end_time":"105.9","alternatives":[{"confidence":"1.0","content":"실질적으로"}],"type":"pronunciation"},{"start_time":"105.96","end_time":"106.61","alternatives":[{"confidence":"0.9962","content":"은행에서"}],"type":"pronunciation"},{"start_time":"106.61","end_time":"107.27","alternatives":[{"confidence":"0.97675","content":"얘기하거나"}],"type":"pronunciation"},{"start_time":"107.45","end_time":"107.83","alternatives":[{"confidence":"0.1304","content":"선생의"}],"type":"pronunciation"},{"start_time":"107.86","end_time":"108.39","alternatives":[{"confidence":"0.9974","content":"얘기하는"}],"type":"pronunciation"},{"start_time":"108.39","end_time":"109.1","alternatives":[{"confidence":"0.9717","content":"부분은"}],"type":"pronunciation"},{"start_time":"109.13","end_time":"109.27","alternatives":[{"confidence":"0.8246","content":"이제"}],"type":"pronunciation"},{"start_time":"109.72","end_time":"110.11","alternatives":[{"confidence":"0.7155","content":"통장이"}],"type":"pronunciation"},{"start_time":"110.11","end_time":"110.85","alternatives":[{"confidence":"0.9334000000000001","content":"보이스피싱"}],"type":"pronunciation"},{"start_time":"110.85","end_time":"111.16","alternatives":[{"confidence":"0.951","content":"쪽으로"}],"type":"pronunciation"},{"start_time":"111.16","end_time":"111.88","alternatives":[{"confidence":"0.8351","content":"사용됐을"}],"type":"pronunciation"},{"start_time":"111.88","end_time":"112.41","alternatives":[{"confidence":"0.874","content":"때"}],"type":"pronunciation"},{"start_time":"112.44","end_time":"113.25","alternatives":[{"confidence":"0.8314","content":"얘기이고요"}],"type":"pronunciation"},{"alternatives":[{"confidence":"0.0","content":"."}],"type":"punctuation"},{"start_time":"113.93","end_time":"114.12","alternatives":[{"confidence":"0.6825","content":"그것"}],"type":"pronunciation"},{"start_time":"114.12","end_time":"114.36","alternatives":[{"confidence":"0.9989","content":"때문에"}],"type":"pronunciation"},{"start_time":"114.36","end_time":"114.68","alternatives":[{"confidence":"1.0","content":"당연히"}],"type":"pronunciation"},{"start_time":"114.68","end_time":"115.13","alternatives":[{"confidence":"1.0","content":"무고한"}],"type":"pronunciation"},{"start_time":"115.13","end_time":"115.57","alternatives":[{"confidence":"0.9748","content":"피해자가"}],"type":"pronunciation"},{"start_time":"115.57","end_time":"115.99","alternatives":[{"confidence":"0.9260999999999999","content":"발생을"}],"type":"pronunciation"},{"start_time":"115.99","end_time":"116.72","alternatives":[{"confidence":"0.9578","content":"하니까"}],"type":"pronunciation"},{"start_time":"117.18","end_time":"117.51","alternatives":[{"confidence":"0.9985","content":"아니면"}],"type":"pronunciation"},{"start_time":"117.54","end_time":"117.78","alternatives":[{"confidence":"0.9914","content":"지금"}],"type":"pronunciation"},{"start_time":"117.78","end_time":"118.39","alternatives":[{"confidence":"0.8135","content":"전화하시는"}],"type":"pronunciation"},{"start_time":"118.39","end_time":"118.89","alternatives":[{"confidence":"0.9991","content":"분도"}],"type":"pronunciation"},{"start_time":"118.92","end_time":"119.31","alternatives":[{"confidence":"0.9997","content":"본인이"}],"type":"pronunciation"},{"start_time":"119.31","end_time":"119.5","alternatives":[{"confidence":"0.273","content":"그"}],"type":"pronunciation"},{"start_time":"119.51","end_time":"120.39","alternatives":[{"confidence":"0.7987666666666667","content":"사업자소비량을"}],"type":"pronunciation"},{"start_time":"120.39","end_time":"120.6","alternatives":[{"confidence":"1.0","content":"전혀"}],"type":"pronunciation"},{"start_time":"120.6","end_time":"120.98","alternatives":[{"confidence":"1.0","content":"관련이"}],"type":"pronunciation"},{"start_time":"120.98","end_time":"121.24","alternatives":[{"confidence":"0.9999","content":"없는"}],"type":"pronunciation"},{"start_time":"121.24","end_time":"122.12","alternatives":[{"confidence":"0.9985","content":"거지만"}],"type":"pronunciation"},{"start_time":"122.3","end_time":"122.71","alternatives":[{"confidence":"0.984","content":"어쨌든"}],"type":"pronunciation"},{"start_time":"122.74","end_time":"123.09","alternatives":[{"confidence":"0.956","content":"은행에"}],"type":"pronunciation"},{"start_time":"123.09","end_time":"123.41","alternatives":[{"confidence":"1.0","content":"가서"}],"type":"pronunciation"},{"start_time":"123.41","end_time":"123.59","alternatives":[{"confidence":"0.9964","content":"이제"}],"type":"pronunciation"},{"start_time":"124.39","end_time":"124.65","alternatives":[{"confidence":"0.6727","content":"소위"}],"type":"pronunciation"},{"start_time":"124.79","end_time":"125.13","alternatives":[{"confidence":"0.9384","content":"대신에"}],"type":"pronunciation"},{"start_time":"125.16","end_time":"125.7","alternatives":[{"confidence":"0.99945","content":"대리인으로"}],"type":"pronunciation"},{"start_time":"125.7","end_time":"126.0","alternatives":[{"confidence":"0.4837","content":"개별"}],"type":"pronunciation"},{"start_time":"126.0","end_time":"126.21","alternatives":[{"confidence":"0.999","content":"하는"}],"type":"pronunciation"},{"start_time":"126.21","end_time":"126.6","alternatives":[{"confidence":"0.9998","content":"부분이기"}],"type":"pronunciation"},{"start_time":"126.6","end_time":"127.51","alternatives":[{"confidence":"0.999","content":"때문에"}],"type":"pronunciation"},{"start_time":"127.63","end_time":"128.02","alternatives":[{"confidence":"0.4707","content":"은행"}],"type":"pronunciation"},{"start_time":"128.05","end_time":"128.55","alternatives":[{"confidence":"0.8691500000000001","content":"전세는"}],"type":"pronunciation"},{"start_time":"128.55","end_time":"128.87","alternatives":[{"confidence":"0.7339","content":"기록이"}],"type":"pronunciation"},{"start_time":"128.87","end_time":"128.96","alternatives":[{"confidence":"0.5539","content":"다"}],"type":"pronunciation"},{"start_time":"128.96","end_time":"129.24","alternatives":[{"confidence":"0.9695","content":"남을"}],"type":"pronunciation"},{"start_time":"129.24","end_time":"129.36","alternatives":[{"confidence":"0.9055","content":"거"}],"type":"pronunciation"},{"start_time":"129.36","end_time":"129.9","alternatives":[{"confidence":"0.9993","content":"아니에요"}],"type":"pronunciation"},{"alternatives":[{"confidence":"0.0","content":"."}],"type":"punctuation"},{"start_time":"130.66","end_time":"131.07","alternatives":[{"confidence":"0.991","content":"나중에"}],"type":"pronunciation"},{"start_time":"131.07","end_time":"131.3","alternatives":[{"confidence":"0.9779","content":"그런"}],"type":"pronunciation"},{"start_time":"131.3","end_time":"131.5","alternatives":[{"confidence":"0.5859","content":"경우"}],"type":"pronunciation"},{"start_time":"131.5","end_time":"131.86","alternatives":[{"confidence":"0.983","content":"본인도"}],"type":"pronunciation"},{"start_time":"131.86","end_time":"132.75","alternatives":[{"confidence":"1.0","content":"법적으로"}],"type":"pronunciation"},{"start_time":"132.78","end_time":"133.35","alternatives":[{"confidence":"0.9035500000000001","content":"처벌받는"}],"type":"pronunciation"},{"start_time":"133.35","end_time":"133.52","alternatives":[{"confidence":"0.5607","content":"걸"}],"type":"pronunciation"},{"start_time":"133.52","end_time":"133.84","alternatives":[{"confidence":"0.5157","content":"피해가"}],"type":"pronunciation"},{"start_time":"133.84","end_time":"133.95","alternatives":[{"confidence":"0.5105","content":"할"}],"type":"pronunciation"},{"start_time":"133.95","end_time":"134.15","alternatives":[{"confidence":"0.997","content":"수가"}],"type":"pronunciation"},{"start_time":"134.15","end_time":"135.17","alternatives":[{"confidence":"1.0","content":"없어요"}],"type":"pronunciation"},{"alternatives":[{"confidence":"0.0","content":"."}],"type":"punctuation"},{"start_time":"135.23","end_time":"135.45","alternatives":[{"confidence":"0.9191","content":"근데"}],"type":"pronunciation"},{"start_time":"135.48","end_time":"135.67","alternatives":[{"confidence":"0.8805","content":"저희"}],"type":"pronunciation"},{"start_time":"135.67","end_time":"135.96","alternatives":[{"confidence":"0.9999","content":"같은"}],"type":"pronunciation"},{"start_time":"135.96","end_time":"136.34","alternatives":[{"confidence":"0.8554","content":"경우는"}],"type":"pronunciation"},{"start_time":"136.34","end_time":"136.79","alternatives":[{"confidence":"0.8427","content":"그쪽으로"}],"type":"pronunciation"},{"start_time":"136.79","end_time":"137.12","alternatives":[{"confidence":"0.7984","content":"사용을"}],"type":"pronunciation"},{"start_time":"137.12","end_time":"137.3","alternatives":[{"confidence":"0.7231","content":"하는"}],"type":"pronunciation"},{"start_time":"137.3","end_time":"137.43","alternatives":[{"confidence":"0.814","content":"건"}],"type":"pronunciation"},{"start_time":"137.43","end_time":"138.14","alternatives":[{"confidence":"1.0","content":"아니고"}],"type":"pronunciation"},{"start_time":"138.56","end_time":"138.76","alternatives":[{"confidence":"0.9957","content":"이게"}],"type":"pronunciation"},{"start_time":"138.77","end_time":"138.9","alternatives":[{"confidence":"0.7451","content":"이제"}],"type":"pronunciation"},{"start_time":"138.93","end_time":"139.37","alternatives":[{"confidence":"0.5381","content":"토트나"}],"type":"pronunciation"},{"start_time":"139.37","end_time":"139.6","alternatives":[{"confidence":"0.9648","content":"이런"}],"type":"pronunciation"},{"start_time":"139.6","end_time":"140.19","alternatives":[{"confidence":"0.9936499999999999","content":"도박사이트"}],"type":"pronunciation"},{"start_time":"140.19","end_time":"141.11","alternatives":[{"confidence":"1.0","content":"있잖아요"}],"type":"pronunciation"},{"alternatives":[{"confidence":"0.0","content":"."}],"type":"punctuation"},{"start_time":"141.51","end_time":"141.75","alternatives":[{"confidence":"0.9221","content":"그런"}],"type":"pronunciation"},{"start_time":"141.75","end_time":"141.98","alternatives":[{"confidence":"0.9366","content":"쪽으로"}],"type":"pronunciation"},{"start_time":"141.98","end_time":"142.28","alternatives":[{"confidence":"0.7038","content":"사용을"}],"type":"pronunciation"},{"start_time":"142.28","end_time":"143.01","alternatives":[{"confidence":"0.9306","content":"하는데"}],"type":"pronunciation"},{"start_time":"143.43","end_time":"143.67","alternatives":[{"confidence":"0.9454","content":"이런"}],"type":"pronunciation"},{"start_time":"143.7","end_time":"143.88","alternatives":[{"confidence":"0.8919","content":"이제"}],"type":"pronunciation"},{"start_time":"144.08","end_time":"144.86","alternatives":[{"confidence":"0.9172","content":"소통사이트에서"}],"type":"pronunciation"},{"start_time":"144.86","end_time":"145.22","alternatives":[{"confidence":"0.8354","content":"사용할"}],"type":"pronunciation"},{"start_time":"145.24","end_time":"145.39","alternatives":[{"confidence":"0.7043","content":"같은"}],"type":"pronunciation"},{"start_time":"145.39","end_time":"146.28","alternatives":[{"confidence":"0.9986","content":"경우에는"}],"type":"pronunciation"},{"start_time":"146.34","end_time":"146.52","alternatives":[{"confidence":"0.9763","content":"이제"}],"type":"pronunciation"},{"start_time":"146.58","end_time":"146.73","alternatives":[{"confidence":"0.598","content":"뭐"}],"type":"pronunciation"},{"start_time":"147.06","end_time":"147.32","alternatives":[{"confidence":"0.6324","content":"지금"}],"type":"pronunciation"},{"start_time":"147.33","end_time":"147.92","alternatives":[{"confidence":"0.9699","content":"뉴스들이"}],"type":"pronunciation"},{"start_time":"148.01","end_time":"148.61","alternatives":[{"confidence":"1.0","content":"실질적으로"}],"type":"pronunciation"},{"start_time":"148.61","end_time":"149.19","alternatives":[{"confidence":"1.0","content":"자기가"}],"type":"pronunciation"},{"start_time":"149.31","end_time":"149.58","alternatives":[{"confidence":"0.9437","content":"자기"}],"type":"pronunciation"},{"start_time":"149.58","end_time":"150.02","alternatives":[{"confidence":"0.5245","content":"의사에"}],"type":"pronunciation"},{"start_time":"150.05","end_time":"150.47","alternatives":[{"confidence":"0.46355","content":"의지에"}],"type":"pronunciation"},{"start_time":"150.47","end_time":"150.93","alternatives":[{"confidence":"0.4321","content":"의해서"}],"type":"pronunciation"},{"start_time":"151.34","end_time":"151.7","alternatives":[{"confidence":"0.99995","content":"도박을"}],"type":"pronunciation"},{"start_time":"151.7","end_time":"151.83","alternatives":[{"confidence":"0.9846","content":"한"}],"type":"pronunciation"},{"start_time":"151.83","end_time":"152.08","alternatives":[{"confidence":"0.7359","content":"거기"}],"type":"pronunciation"},{"start_time":"152.08","end_time":"152.82","alternatives":[{"confidence":"0.9994","content":"때문에"}],"type":"pronunciation"},{"start_time":"153.49","end_time":"153.98","alternatives":[{"confidence":"0.9997","content":"실질적으로"}],"type":"pronunciation"},{"start_time":"153.98","end_time":"154.44","alternatives":[{"confidence":"1.0","content":"신고를"}],"type":"pronunciation"},{"start_time":"154.44","end_time":"154.98","alternatives":[{"confidence":"1.0","content":"하거나"}],"type":"pronunciation"},{"start_time":"154.98","end_time":"155.16","alternatives":[{"confidence":"0.4864","content":"지금"}],"type":"pronunciation"},{"start_time":"155.16","end_time":"155.4","alternatives":[{"confidence":"0.7997","content":"전화"}],"type":"pronunciation"},{"start_time":"155.4","end_time":"155.86","alternatives":[{"confidence":"0.996","content":"받으시는"}],"type":"pronunciation"},{"start_time":"155.86","end_time":"156.06","alternatives":[{"confidence":"0.5521","content":"분들"}],"type":"pronunciation"},{"start_time":"156.06","end_time":"156.49","alternatives":[{"confidence":"0.9998","content":"조사를"}],"type":"pronunciation"},{"start_time":"156.49","end_time":"156.84","alternatives":[{"confidence":"0.9999","content":"받을"}],"type":"pronunciation"},{"start_time":"156.84","end_time":"157.26","alternatives":[{"confidence":"1.0","content":"확률은"}],"type":"pronunciation"},{"start_time":"157.26","end_time":"157.57","alternatives":[{"confidence":"0.9952","content":"사실"}],"type":"pronunciation"},{"start_time":"157.6","end_time":"157.85","alternatives":[{"confidence":"1.0","content":"거의"}],"type":"pronunciation"},{"start_time":"158.15","end_time":"159.39","alternatives":[{"confidence":"0.9946","content":"이에요"}],"type":"pronunciation"},{"alternatives":[{"confidence":"0.0","content":"."}],"type":"punctuation"},{"start_time":"159.52","end_time":"159.83","alternatives":[{"confidence":"0.9969","content":"그리고"}],"type":"pronunciation"},{"start_time":"160.22","end_time":"160.6","alternatives":[{"confidence":"0.9994","content":"조사를"}],"type":"pronunciation"},{"start_time":"160.6","end_time":"161.0","alternatives":[{"confidence":"0.9996","content":"받는다"}],"type":"pronunciation"},{"start_time":"161.0","end_time":"161.47","alternatives":[{"confidence":"1.0","content":"하더라도"}],"type":"pronunciation"},{"start_time":"161.47","end_time":"161.75","alternatives":[{"confidence":"0.9295","content":"이제"}],"type":"pronunciation"},{"start_time":"161.78","end_time":"162.4","alternatives":[{"confidence":"0.5296333333333333","content":"보이스피싱"}],"type":"pronunciation"},{"start_time":"162.68","end_time":"163.43","alternatives":[{"confidence":"1.0","content":"무고한"}],"type":"pronunciation"},{"start_time":"163.43","end_time":"163.88","alternatives":[{"confidence":"0.9988","content":"피해자가"}],"type":"pronunciation"},{"start_time":"163.88","end_time":"164.31","alternatives":[{"confidence":"0.9996","content":"발생한"}],"type":"pronunciation"},{"start_time":"164.31","end_time":"164.44","alternatives":[{"confidence":"0.7498","content":"건"}],"type":"pronunciation"},{"start_time":"164.44","end_time":"164.77","alternatives":[{"confidence":"1.0","content":"아니기"}],"type":"pronunciation"},{"start_time":"164.77","end_time":"165.58","alternatives":[{"confidence":"1.0","content":"때문에"}],"type":"pronunciation"},{"start_time":"166.53","end_time":"166.66","alternatives":[{"confidence":"0.2845","content":"그"}],"type":"pronunciation"},{"start_time":"167.24","end_time":"167.75","alternatives":[{"confidence":"0.99995","content":"대리인으로"}],"type":"pronunciation"},{"start_time":"167.75","end_time":"167.9","alternatives":[{"confidence":"0.844","content":"이제"}],"type":"pronunciation"},{"start_time":"168.24","end_time":"168.59","alternatives":[{"confidence":"0.4392","content":"하시는"}],"type":"pronunciation"},{"start_time":"168.59","end_time":"169.04","alternatives":[{"confidence":"0.3746","content":"개설자가"}],"type":"pronunciation"},{"start_time":"169.04","end_time":"169.33","alternatives":[{"confidence":"0.4128","content":"가서"}],"type":"pronunciation"},{"start_time":"169.33","end_time":"169.6","alternatives":[{"confidence":"1.0","content":"저희가"}],"type":"pronunciation"},{"start_time":"169.6","end_time":"169.98","alternatives":[{"confidence":"0.9174","content":"어떻게"}],"type":"pronunciation"},{"start_time":"170.16","end_time":"170.81","alternatives":[{"confidence":"0.7153333333333333","content":"진술하실지"}],"type":"pronunciation"},{"start_time":"170.81","end_time":"171.12","alternatives":[{"confidence":"0.9585","content":"미리"}],"type":"pronunciation"},{"start_time":"171.18","end_time":"171.47","alternatives":[{"confidence":"0.9337","content":"교육을"}],"type":"pronunciation"},{"start_time":"171.47","end_time":"171.58","alternatives":[{"confidence":"0.6268","content":"다"}],"type":"pronunciation"},{"start_time":"171.58","end_time":"172.25","alternatives":[{"confidence":"0.9399","content":"해드려요"}],"type":"pronunciation"},{"alternatives":[{"confidence":"0.0","content":"."}],"type":"punctuation"},{"start_time":"172.67","end_time":"172.98","alternatives":[{"confidence":"0.1017","content":"그런데"}],"type":"pronunciation"},{"start_time":"173.25","end_time":"173.57","alternatives":[{"confidence":"0.9414","content":"그들이"}],"type":"pronunciation"},{"start_time":"173.57","end_time":"174.63","alternatives":[{"confidence":"0.8565499999999999","content":"진술하시면"}],"type":"pronunciation"},{"start_time":"175.04","end_time":"175.83","alternatives":[{"confidence":"0.89795","content":"경찰관에"}],"type":"pronunciation"},{"start_time":"175.83","end_time":"176.08","alternatives":[{"confidence":"0.85","content":"따라"}],"type":"pronunciation"},{"start_time":"176.08","end_time":"176.55","alternatives":[{"confidence":"0.9592","content":"수사관에"}],"type":"pronunciation"},{"start_time":"176.55","end_time":"176.74","alternatives":[{"confidence":"0.972","content":"따라"}],"type":"pronunciation"},{"start_time":"176.74","end_time":"176.89","alternatives":[{"confidence":"0.9251","content":"좀"}],"type":"pronunciation"},{"start_time":"176.89","end_time":"177.68","alternatives":[{"confidence":"0.9936","content":"다른데"}],"type":"pronunciation"},{"start_time":"177.99","end_time":"178.26","alternatives":[{"confidence":"0.9858","content":"보통"}],"type":"pronunciation"},{"start_time":"178.26","end_time":"178.42","alternatives":[{"confidence":"0.8581","content":"이제"}],"type":"pronunciation"},{"start_time":"178.43","end_time":"178.57","alternatives":[{"confidence":"0.623","content":"좀"}],"type":"pronunciation"},{"start_time":"178.57","end_time":"179.02","alternatives":[{"confidence":"0.9581666666666666","content":"널럴한"}],"type":"pronunciation"},{"start_time":"179.02","end_time":"179.89","alternatives":[{"confidence":"0.9998","content":"수사관은"}],"type":"pronunciation"},{"start_time":"179.89","end_time":"180.28","alternatives":[{"confidence":"0.9984","content":"그냥"}],"type":"pronunciation"},{"start_time":"180.43","end_time":"180.59","alternatives":[{"confidence":"0.7228","content":"말"}],"type":"pronunciation"},{"start_time":"180.59","end_time":"180.84","alternatives":[{"confidence":"0.9982","content":"그대로"}],"type":"pronunciation"},{"start_time":"180.84","end_time":"181.34","alternatives":[{"confidence":"0.964","content":"참고"}],"type":"pronunciation"},{"start_time":"181.37","end_time":"181.72","alternatives":[{"confidence":"0.5055","content":"참고"}],"type":"pronunciation"},{"start_time":"181.72","end_time":"181.94","alternatives":[{"confidence":"0.4746","content":"있는"}],"type":"pronunciation"},{"start_time":"181.94","end_time":"182.18","alternatives":[{"confidence":"0.6857","content":"어떤"}],"type":"pronunciation"},{"start_time":"182.18","end_time":"182.46","alternatives":[{"confidence":"0.9514","content":"건지"}],"type":"pronunciation"},{"start_time":"183.87","end_time":"184.36","alternatives":[{"confidence":"0.8999999999999999","content":"참고만"}],"type":"pronunciation"},{"start_time":"184.36","end_time":"184.72","alternatives":[{"confidence":"0.9653","content":"한다는"}],"type":"pronunciation"},{"start_time":"184.72","end_time":"184.91","alternatives":[{"confidence":"0.8716","content":"거예요"}],"type":"pronunciation"},{"alternatives":[{"confidence":"0.0","content":"."}],"type":"punctuation"},{"start_time":"185.21","end_time":"185.58","alternatives":[{"confidence":"0.9478","content":"그래서"}],"type":"pronunciation"},{"start_time":"185.64","end_time":"186.19","alternatives":[{"confidence":"0.9994","content":"피의자가"}],"type":"pronunciation"},{"start_time":"186.19","end_time":"186.59","alternatives":[{"confidence":"0.9747","content":"아니라"}],"type":"pronunciation"},{"start_time":"187.07","end_time":"187.55","alternatives":[{"confidence":"0.8707","content":"참고만"}],"type":"pronunciation"},{"start_time":"187.55","end_time":"187.76","alternatives":[{"confidence":"0.7236","content":"하는"}],"type":"pronunciation"},{"start_time":"187.76","end_time":"188.04","alternatives":[{"confidence":"0.9602","content":"걸로"}],"type":"pronunciation"},{"start_time":"188.04","end_time":"188.3","alternatives":[{"confidence":"0.9964","content":"그냥"}],"type":"pronunciation"},{"start_time":"188.3","end_time":"188.58","alternatives":[{"confidence":"0.5835","content":"삼십"}],"type":"pronunciation"},{"start_time":"188.58","end_time":"188.72","alternatives":[{"confidence":"0.8789","content":"분"}],"type":"pronunciation"},{"start_time":"188.72","end_time":"189.21","alternatives":[{"confidence":"0.87755","content":"조사받고"}],"type":"pronunciation"},{"start_time":"189.21","end_time":"189.79","alternatives":[{"confidence":"0.5431999999999999","content":"끝나고요"}],"type":"pronunciation"},{"start_time":"190.35","end_time":"190.49","alternatives":[{"confidence":"0.3007","content":"뭐"}],"type":"pronunciation"},{"start_time":"190.52","end_time":"191.09","alternatives":[{"confidence":"0.9997","content":"최악의"}],"type":"pronunciation"},{"start_time":"191.09","end_time":"191.88","alternatives":[{"confidence":"0.9966","content":"경우가"}],"type":"pronunciation"},{"start_time":"191.88","end_time":"192.17","alternatives":[{"confidence":"0.9918","content":"그냥"}],"type":"pronunciation"},{"start_time":"192.17","end_time":"193.17","alternatives":[{"confidence":"0.99255","content":"전자상거래법"}],"type":"pronunciation"},{"start_time":"193.17","end_time":"193.66","alternatives":[{"confidence":"0.9999","content":"위반으로"}],"type":"pronunciation"},{"start_time":"193.66","end_time":"194.29","alternatives":[{"confidence":"0.999","content":"해서"}],"type":"pronunciation"},{"start_time":"195.42","end_time":"195.85","alternatives":[{"confidence":"0.9933","content":"벌금"}],"type":"pronunciation"},{"start_time":"195.85","end_time":"196.73","alternatives":[{"confidence":"0.7219","content":"백만원백오십만"}],"type":"pronunciation"},{"start_time":"196.73","end_time":"197.07","alternatives":[{"confidence":"0.9765","content":"나와요"}],"type":"pronunciation"},{"alternatives":[{"confidence":"0.0","content":"."}],"type":"punctuation"},{"start_time":"197.07","end_time":"197.38","alternatives":[{"confidence":"0.8858","content":"빨간"}],"type":"pronunciation"},{"start_time":"197.38","end_time":"197.53","alternatives":[{"confidence":"0.3174","content":"줄"}],"type":"pronunciation"},{"start_time":"197.53","end_time":"197.86","alternatives":[{"confidence":"0.97435","content":"가거나"}],"type":"pronunciation"},{"start_time":"197.86","end_time":"198.05","alternatives":[{"confidence":"0.9107","content":"그런"}],"type":"pronunciation"},{"start_time":"198.05","end_time":"198.25","alternatives":[{"confidence":"1.0","content":"것도"}],"type":"pronunciation"},{"start_time":"198.25","end_time":"198.97","alternatives":[{"confidence":"1.0","content":"아니고"}],"type":"pronunciation"},{"start_time":"199.34","end_time":"199.63","alternatives":[{"confidence":"0.755","content":"벌금"}],"type":"pronunciation"},{"start_time":"199.63","end_time":"199.87","alternatives":[{"confidence":"0.9973","content":"같은"}],"type":"pronunciation"},{"start_time":"199.87","end_time":"200.22","alternatives":[{"confidence":"0.5427","content":"경우에도"}],"type":"pronunciation"},{"start_time":"200.22","end_time":"200.48","alternatives":[{"confidence":"1.0","content":"저희가"}],"type":"pronunciation"},{"start_time":"200.48","end_time":"200.61","alternatives":[{"confidence":"0.5991","content":"이제"}],"type":"pronunciation"},{"start_time":"200.64","end_time":"201.0","alternatives":[{"confidence":"0.9672","content":"생각을"}],"type":"pronunciation"},{"start_time":"201.0","end_time":"201.1","alternatives":[{"confidence":"0.6926","content":"다"}],"type":"pronunciation"},{"start_time":"201.1","end_time":"201.51","alternatives":[{"confidence":"0.7926500000000001","content":"해드리고"}],"type":"pronunciation"},{"start_time":"201.64","end_time":"202.01","alternatives":[{"confidence":"0.8677","content":"그렇게"}],"type":"pronunciation"},{"start_time":"204.87","end_time":"205.17","alternatives":[{"confidence":"0.8762","content":"그런"}],"type":"pronunciation"},{"start_time":"205.45","end_time":"205.81","alternatives":[{"confidence":"0.9456","content":"쪽으로"}],"type":"pronunciation"},{"start_time":"205.81","end_time":"206.17","alternatives":[{"confidence":"0.7048","content":"저는"}],"type":"pronunciation"},{"start_time":"206.17","end_time":"206.55","alternatives":[{"confidence":"0.9943500000000001","content":"예상을"}],"type":"pronunciation"},{"start_time":"206.55","end_time":"207.51","alternatives":[{"confidence":"0.9922","content":"못해서"}],"type":"pronunciation"},{"start_time":"207.83","end_time":"208.05","alternatives":[{"confidence":"0.9989","content":"좀"}],"type":"pronunciation"},{"start_time":"208.05","end_time":"208.48","alternatives":[{"confidence":"1.0","content":"생각을"}],"type":"pronunciation"},{"start_time":"208.48","end_time":"208.74","alternatives":[{"confidence":"0.969","content":"해봐야"}],"type":"pronunciation"},{"start_time":"208.74","end_time":"208.87","alternatives":[{"confidence":"0.8936","content":"될"}],"type":"pronunciation"},{"start_time":"208.87","end_time":"209.66","alternatives":[{"confidence":"0.7492","content":"건데"}],"type":"pronunciation"},{"start_time":"209.82","end_time":"210.04","alternatives":[{"confidence":"0.4411","content":"식으로"}],"type":"pronunciation"},{"start_time":"210.04","end_time":"210.33","alternatives":[{"confidence":"0.9961","content":"전화를"}],"type":"pronunciation"},{"start_time":"210.33","end_time":"210.59","alternatives":[{"confidence":"0.903","content":"주신"}],"type":"pronunciation"}]},"status":"COMPLETED"}