{"jobName":"transcribe_loan9","accountId":"097989105209","results":{"transcripts":[{"transcript":"여보세요? 아, 제가 지금 바빠가지고 되는데 지금 고객님다름이 아니라 여보세요. 지금 부분이 어떻게 이 안되시겠습니까 제가 그 부분을 지금 알아봤는데 고객님이 부분은 제가 말씀하신 해서 이 부분을 받아가셔야 되는 부분하고. 만약에 고객님신고하게 되시면 말씀드렸다시피 고객님자체가 뭐 손실이 발생합니다. 고객님어떤 부분이요. 네네 뭐 하더라고 고객님그래서 저희가 입금해드리려고 그런 거 아닙니까? 안 하고 싶어요. 그런데 저희가 한번 해드리죠. 근데 안 되는 거 고객님그러니까 제 말은 들으니까 해서 고객님깔끔하게 그 환불도 받으시고 그러시면 될 거 아닙니까? 여보세요. 여보세요."}],"items":[{"start_time":"1.9","end_time":"2.77","alternatives":[{"confidence":"1.0","content":"여보세요"}],"type":"pronunciation"},{"alternatives":[{"confidence":"0.0","content":"?"}],"type":"punctuation"},{"start_time":"10.46","end_time":"10.96","alternatives":[{"confidence":"0.9987","content":"아"}],"type":"pronunciation"},{"alternatives":[{"confidence":"0.0","content":","}],"type":"punctuation"},{"start_time":"10.96","end_time":"11.23","alternatives":[{"confidence":"1.0","content":"제가"}],"type":"pronunciation"},{"start_time":"11.23","end_time":"11.8","alternatives":[{"confidence":"1.0","content":"지금"}],"type":"pronunciation"},{"start_time":"11.8","end_time":"12.72","alternatives":[{"confidence":"0.9995499999999999","content":"바빠가지고"}],"type":"pronunciation"},{"start_time":"13.19","end_time":"13.75","alternatives":[{"confidence":"0.7327","content":"되는데"}],"type":"pronunciation"},{"start_time":"13.76","end_time":"13.93","alternatives":[{"confidence":"0.912","content":"지금"}],"type":"pronunciation"},{"start_time":"13.94","end_time":"14.63","alternatives":[{"confidence":"0.798","content":"고객님다름이"}],"type":"pronunciation"},{"start_time":"14.63","end_time":"15.43","alternatives":[{"confidence":"0.9822","content":"아니라"}],"type":"pronunciation"},{"start_time":"15.66","end_time":"16.57","alternatives":[{"confidence":"0.9836","content":"여보세요"}],"type":"pronunciation"},{"alternatives":[{"confidence":"0.0","content":"."}],"type":"punctuation"},{"start_time":"16.63","end_time":"16.88","alternatives":[{"confidence":"0.9456","content":"지금"}],"type":"pronunciation"},{"start_time":"16.88","end_time":"17.22","alternatives":[{"confidence":"0.994","content":"부분이"}],"type":"pronunciation"},{"start_time":"17.22","end_time":"17.57","alternatives":[{"confidence":"0.8387","content":"어떻게"}],"type":"pronunciation"},{"start_time":"18.04","end_time":"18.13","alternatives":[{"confidence":"0.6975","content":"이"}],"type":"pronunciation"},{"start_time":"18.13","end_time":"19.2","alternatives":[{"confidence":"0.94825","content":"안되시겠습니까"}],"type":"pronunciation"},{"start_time":"20.03","end_time":"20.33","alternatives":[{"confidence":"0.9996","content":"제가"}],"type":"pronunciation"},{"start_time":"20.33","end_time":"20.52","alternatives":[{"confidence":"0.8825","content":"그"}],"type":"pronunciation"},{"start_time":"20.52","end_time":"20.89","alternatives":[{"confidence":"0.9296","content":"부분을"}],"type":"pronunciation"},{"start_time":"20.89","end_time":"21.12","alternatives":[{"confidence":"0.9728","content":"지금"}],"type":"pronunciation"},{"start_time":"21.12","end_time":"22.69","alternatives":[{"confidence":"0.99175","content":"알아봤는데"}],"type":"pronunciation"},{"start_time":"22.98","end_time":"23.48","alternatives":[{"confidence":"0.9902","content":"고객님이"}],"type":"pronunciation"},{"start_time":"23.48","end_time":"23.88","alternatives":[{"confidence":"0.7488","content":"부분은"}],"type":"pronunciation"},{"start_time":"24.43","end_time":"24.7","alternatives":[{"confidence":"0.9998","content":"제가"}],"type":"pronunciation"},{"start_time":"24.7","end_time":"25.14","alternatives":[{"confidence":"0.201","content":"말씀하신"}],"type":"pronunciation"},{"start_time":"25.88","end_time":"26.65","alternatives":[{"confidence":"0.9314","content":"해서"}],"type":"pronunciation"},{"start_time":"26.66","end_time":"26.77","alternatives":[{"confidence":"0.692","content":"이"}],"type":"pronunciation"},{"start_time":"26.77","end_time":"27.19","alternatives":[{"confidence":"0.9999","content":"부분을"}],"type":"pronunciation"},{"start_time":"27.19","end_time":"27.69","alternatives":[{"confidence":"0.9265333333333333","content":"받아가셔야"}],"type":"pronunciation"},{"start_time":"27.69","end_time":"27.95","alternatives":[{"confidence":"1.0","content":"되는"}],"type":"pronunciation"},{"start_time":"27.95","end_time":"28.94","alternatives":[{"confidence":"0.9819","content":"부분하고"}],"type":"pronunciation"},{"alternatives":[{"confidence":"0.0","content":"."}],"type":"punctuation"},{"start_time":"28.97","end_time":"29.67","alternatives":[{"confidence":"1.0","content":"만약에"}],"type":"pronunciation"},{"start_time":"29.67","end_time":"30.48","alternatives":[{"confidence":"0.9418333333333333","content":"고객님신고하게"}],"type":"pronunciation"},{"start_time":"30.48","end_time":"30.98","alternatives":[{"confidence":"0.999","content":"되시면"}],"type":"pronunciation"},{"start_time":"32.09","end_time":"33.29","alternatives":[{"confidence":"0.9704","content":"말씀드렸다시피"}],"type":"pronunciation"},{"start_time":"33.32","end_time":"34.88","alternatives":[{"confidence":"0.9941","content":"고객님자체가"}],"type":"pronunciation"},{"start_time":"34.88","end_time":"35.06","alternatives":[{"confidence":"0.6186","content":"뭐"}],"type":"pronunciation"},{"start_time":"35.24","end_time":"35.58","alternatives":[{"confidence":"0.7534","content":"손실이"}],"type":"pronunciation"},{"start_time":"35.58","end_time":"36.11","alternatives":[{"confidence":"0.46435000000000004","content":"발생합니다"}],"type":"pronunciation"},{"alternatives":[{"confidence":"0.0","content":"."}],"type":"punctuation"},{"start_time":"36.11","end_time":"43.11","alternatives":[{"confidence":"0.9998","content":"고객님어떤"}],"type":"pronunciation"},{"start_time":"43.11","end_time":"43.68","alternatives":[{"confidence":"0.9976","content":"부분이요"}],"type":"pronunciation"},{"alternatives":[{"confidence":"0.0","content":"."}],"type":"punctuation"},{"start_time":"45.68","end_time":"46.27","alternatives":[{"confidence":"0.2021","content":"네네"}],"type":"pronunciation"},{"start_time":"46.34","end_time":"47.39","alternatives":[{"confidence":"0.9954","content":"뭐"}],"type":"pronunciation"},{"start_time":"52.13","end_time":"52.46","alternatives":[{"confidence":"0.5734","content":"하더라고"}],"type":"pronunciation"},{"start_time":"53.77","end_time":"54.36","alternatives":[{"confidence":"0.7970999999999999","content":"고객님그래서"}],"type":"pronunciation"},{"start_time":"54.36","end_time":"54.62","alternatives":[{"confidence":"0.9843","content":"저희가"}],"type":"pronunciation"},{"start_time":"56.08","end_time":"56.87","alternatives":[{"confidence":"0.6884333333333333","content":"입금해드리려고"}],"type":"pronunciation"},{"start_time":"56.87","end_time":"57.07","alternatives":[{"confidence":"0.9846","content":"그런"}],"type":"pronunciation"},{"start_time":"57.07","end_time":"57.15","alternatives":[{"confidence":"0.9979","content":"거"}],"type":"pronunciation"},{"start_time":"57.15","end_time":"58.04","alternatives":[{"confidence":"0.9999","content":"아닙니까"}],"type":"pronunciation"},{"alternatives":[{"confidence":"0.0","content":"?"}],"type":"punctuation"},{"start_time":"92.54","end_time":"92.64","alternatives":[{"confidence":"0.9241","content":"안"}],"type":"pronunciation"},{"start_time":"92.64","end_time":"92.8","alternatives":[{"confidence":"0.9981","content":"하고"}],"type":"pronunciation"},{"start_time":"92.8","end_time":"93.1","alternatives":[{"confidence":"0.8741","content":"싶어요"}],"type":"pronunciation"},{"alternatives":[{"confidence":"0.0","content":"."}],"type":"punctuation"},{"start_time":"103.19","end_time":"103.51","alternatives":[{"confidence":"0.9999","content":"그런데"}],"type":"pronunciation"},{"start_time":"103.51","end_time":"104.34","alternatives":[{"confidence":"1.0","content":"저희가"}],"type":"pronunciation"},{"start_time":"104.62","end_time":"104.83","alternatives":[{"confidence":"0.579","content":"한번"}],"type":"pronunciation"},{"start_time":"105.81","end_time":"106.25","alternatives":[{"confidence":"0.7261","content":"해드리죠"}],"type":"pronunciation"},{"alternatives":[{"confidence":"0.0","content":"."}],"type":"punctuation"},{"start_time":"106.25","end_time":"106.85","alternatives":[{"confidence":"0.9292","content":"근데"}],"type":"pronunciation"},{"start_time":"107.78","end_time":"108.11","alternatives":[{"confidence":"0.8867","content":"안"}],"type":"pronunciation"},{"start_time":"108.11","end_time":"108.35","alternatives":[{"confidence":"0.8836","content":"되는"}],"type":"pronunciation"},{"start_time":"108.35","end_time":"108.42","alternatives":[{"confidence":"0.7588","content":"거"}],"type":"pronunciation"},{"start_time":"138.24","end_time":"139.7","alternatives":[{"confidence":"0.99275","content":"고객님그러니까"}],"type":"pronunciation"},{"start_time":"139.82","end_time":"139.96","alternatives":[{"confidence":"0.897","content":"제"}],"type":"pronunciation"},{"start_time":"139.96","end_time":"140.2","alternatives":[{"confidence":"0.6082","content":"말은"}],"type":"pronunciation"},{"start_time":"140.2","end_time":"141.2","alternatives":[{"confidence":"0.2282","content":"들으니까"}],"type":"pronunciation"},{"start_time":"142.62","end_time":"143.23","alternatives":[{"confidence":"0.3508","content":"해서"}],"type":"pronunciation"},{"start_time":"143.23","end_time":"144.06","alternatives":[{"confidence":"0.9779","content":"고객님깔끔하게"}],"type":"pronunciation"},{"start_time":"144.33","end_time":"144.47","alternatives":[{"confidence":"0.6034","content":"그"}],"type":"pronunciation"},{"start_time":"144.47","end_time":"144.82","alternatives":[{"confidence":"0.911","content":"환불도"}],"type":"pronunciation"},{"start_time":"144.82","end_time":"145.17","alternatives":[{"confidence":"0.98725","content":"받으시고"}],"type":"pronunciation"},{"start_time":"145.17","end_time":"145.47","alternatives":[{"confidence":"0.97825","content":"그러시면"}],"type":"pronunciation"},{"start_time":"145.47","end_time":"145.57","alternatives":[{"confidence":"1.0","content":"될"}],"type":"pronunciation"},{"start_time":"145.57","end_time":"145.66","alternatives":[{"confidence":"1.0","content":"거"}],"type":"pronunciation"},{"start_time":"145.66","end_time":"146.63","alternatives":[{"confidence":"1.0","content":"아닙니까"}],"type":"pronunciation"},{"alternatives":[{"confidence":"0.0","content":"?"}],"type":"punctuation"},{"start_time":"150.38","end_time":"150.93","alternatives":[{"confidence":"0.9996","content":"여보세요"}],"type":"pronunciation"},{"alternatives":[{"confidence":"0.0","content":"."}],"type":"punctuation"},{"start_time":"151.05","end_time":"151.83","alternatives":[{"confidence":"1.0","content":"여보세요"}],"type":"pronunciation"},{"alternatives":[{"confidence":"0.0","content":"."}],"type":"punctuation"}]},"status":"COMPLETED"}