{"jobName":"transcribe_loan55","accountId":"097989105209","results":{"transcripts":[{"transcript":"그만 통화했던 담당자김민성 인데요. 그게 네이버에서 잘 안 내면 혹시 바탕에는 동그랗게 지고 모양되는 인터넷으로 한번 들어가 보실까요? 님 구글 말고 그냥 인터넷 모양되어 있는 인터넷 네. 거기에 들어가 주시고요. 맨 뒤에 없으면 주소창에 나오시잖아요. 여기는 주소창 이제 주소장에서 영문으로 다 있잖아요. 그게 명문으로 된 주소를 다 지워주시고요 다 지원 하나도 남김없이 다 지우시고 상태에서 지우진 상태에서 제가 다시 한 번만 불러드릴게요. 일 이 오점이백삼십점 일 공 이점 콩이 점 그리고 오 팔 그리고 이동버튼 한번 눌러보세요 님 여기서 안 나가면 인증번호를 교체를 해야 하기 때문에요. 저는 이제 화면을 변화강화님. 이거는 전선이 연결이 아직 한다고 제가 혹시 인터넷 조금 늦춰서 그런거 아닐까요? 받는 건 다고요 인터넷 그럴 수도 있는데요. 없나요? 왜냐면 이게 본인은 좀 화면에서 직접 하셔야 돼요. 본인이 본인이 하시고 저희들이 직접 불러들이는 거거든요. 그리고 를 다운 받으셔야 되는데 지금 인터넷 연결이 잘 안 되시면 아직도 안 넘어간다는 말씀이세요? 그러면 제가 다른 부분한 본인좀 받아보고요. 만약에 이게 그분 안 검사가 인증번호를 다시 한 바꿔서 말씀드릴게요. 네. 네이버에서 다시 한번 좀 해주세요. 님 되는지 안 되는지 확인해 주세요. 12 님 담당자김민정 이 구역 연화드리면 저는 잘 받아주세요"}],"items":[{"start_time":"2.39","end_time":"2.67","alternatives":[{"confidence":"0.5015","content":"그만"}],"type":"pronunciation"},{"start_time":"2.67","end_time":"3.05","alternatives":[{"confidence":"0.9712000000000001","content":"통화했던"}],"type":"pronunciation"},{"start_time":"3.05","end_time":"4.14","alternatives":[{"confidence":"0.9402333333333334","content":"담당자김민성"}],"type":"pronunciation"},{"start_time":"4.14","end_time":"5.01","alternatives":[{"confidence":"1.0","content":"인데요"}],"type":"pronunciation"},{"alternatives":[{"confidence":"0.0","content":"."}],"type":"punctuation"},{"start_time":"5.07","end_time":"5.29","alternatives":[{"confidence":"0.9086","content":"그게"}],"type":"pronunciation"},{"start_time":"5.32","end_time":"6.48","alternatives":[{"confidence":"0.9853000000000001","content":"네이버에서"}],"type":"pronunciation"},{"start_time":"6.48","end_time":"6.62","alternatives":[{"confidence":"0.9923","content":"잘"}],"type":"pronunciation"},{"start_time":"6.62","end_time":"6.74","alternatives":[{"confidence":"0.8827","content":"안"}],"type":"pronunciation"},{"start_time":"6.74","end_time":"6.95","alternatives":[{"confidence":"0.5575","content":"내면"}],"type":"pronunciation"},{"start_time":"6.95","end_time":"7.66","alternatives":[{"confidence":"1.0","content":"혹시"}],"type":"pronunciation"},{"start_time":"7.91","end_time":"8.58","alternatives":[{"confidence":"0.72095","content":"바탕에는"}],"type":"pronunciation"},{"start_time":"8.58","end_time":"9.01","alternatives":[{"confidence":"0.9845","content":"동그랗게"}],"type":"pronunciation"},{"start_time":"9.04","end_time":"9.4","alternatives":[{"confidence":"0.0597","content":"지고"}],"type":"pronunciation"},{"start_time":"9.4","end_time":"10.03","alternatives":[{"confidence":"0.48795","content":"모양되는"}],"type":"pronunciation"},{"start_time":"10.03","end_time":"10.61","alternatives":[{"confidence":"0.7441","content":"인터넷으로"}],"type":"pronunciation"},{"start_time":"10.61","end_time":"10.8","alternatives":[{"confidence":"0.8881","content":"한번"}],"type":"pronunciation"},{"start_time":"10.8","end_time":"11.07","alternatives":[{"confidence":"0.9071","content":"들어가"}],"type":"pronunciation"},{"start_time":"11.07","end_time":"11.59","alternatives":[{"confidence":"0.987","content":"보실까요"}],"type":"pronunciation"},{"alternatives":[{"confidence":"0.0","content":"?"}],"type":"punctuation"},{"start_time":"11.82","end_time":"12.08","alternatives":[{"confidence":"0.0627","content":"님"}],"type":"pronunciation"},{"start_time":"14.69","end_time":"14.97","alternatives":[{"confidence":"0.2438","content":"구글"}],"type":"pronunciation"},{"start_time":"14.97","end_time":"15.29","alternatives":[{"confidence":"0.9987","content":"말고"}],"type":"pronunciation"},{"start_time":"15.29","end_time":"15.61","alternatives":[{"confidence":"0.9996","content":"그냥"}],"type":"pronunciation"},{"start_time":"15.61","end_time":"16.16","alternatives":[{"confidence":"0.0942","content":"인터넷"}],"type":"pronunciation"},{"start_time":"16.65","end_time":"17.08","alternatives":[{"confidence":"0.34485","content":"모양되어"}],"type":"pronunciation"},{"start_time":"17.08","end_time":"17.36","alternatives":[{"confidence":"0.9134","content":"있는"}],"type":"pronunciation"},{"start_time":"17.36","end_time":"17.87","alternatives":[{"confidence":"0.269","content":"인터넷"}],"type":"pronunciation"},{"start_time":"19.09","end_time":"19.36","alternatives":[{"confidence":"0.9463","content":"네"}],"type":"pronunciation"},{"alternatives":[{"confidence":"0.0","content":"."}],"type":"punctuation"},{"start_time":"19.45","end_time":"19.73","alternatives":[{"confidence":"0.8626","content":"거기에"}],"type":"pronunciation"},{"start_time":"19.73","end_time":"20.06","alternatives":[{"confidence":"0.878","content":"들어가"}],"type":"pronunciation"},{"start_time":"20.06","end_time":"20.8","alternatives":[{"confidence":"0.9993000000000001","content":"주시고요"}],"type":"pronunciation"},{"alternatives":[{"confidence":"0.0","content":"."}],"type":"punctuation"},{"start_time":"21.16","end_time":"21.61","alternatives":[{"confidence":"0.9603","content":"맨"}],"type":"pronunciation"},{"start_time":"21.61","end_time":"22.27","alternatives":[{"confidence":"0.1046","content":"뒤에"}],"type":"pronunciation"},{"start_time":"22.72","end_time":"23.1","alternatives":[{"confidence":"0.15","content":"없으면"}],"type":"pronunciation"},{"start_time":"23.17","end_time":"23.71","alternatives":[{"confidence":"0.9104","content":"주소창에"}],"type":"pronunciation"},{"start_time":"23.71","end_time":"24.34","alternatives":[{"confidence":"0.9683666666666667","content":"나오시잖아요"}],"type":"pronunciation"},{"alternatives":[{"confidence":"0.0","content":"."}],"type":"punctuation"},{"start_time":"24.34","end_time":"24.76","alternatives":[{"confidence":"0.9175","content":"여기는"}],"type":"pronunciation"},{"start_time":"24.79","end_time":"25.44","alternatives":[{"confidence":"0.8672500000000001","content":"주소창"}],"type":"pronunciation"},{"start_time":"26.3","end_time":"26.52","alternatives":[{"confidence":"0.6133","content":"이제"}],"type":"pronunciation"},{"start_time":"26.71","end_time":"27.27","alternatives":[{"confidence":"0.6746","content":"주소장에서"}],"type":"pronunciation"},{"start_time":"27.27","end_time":"27.7","alternatives":[{"confidence":"0.99265","content":"영문으로"}],"type":"pronunciation"},{"start_time":"27.7","end_time":"27.82","alternatives":[{"confidence":"0.9577","content":"다"}],"type":"pronunciation"},{"start_time":"27.82","end_time":"28.47","alternatives":[{"confidence":"1.0","content":"있잖아요"}],"type":"pronunciation"},{"alternatives":[{"confidence":"0.0","content":"."}],"type":"punctuation"},{"start_time":"28.47","end_time":"28.68","alternatives":[{"confidence":"0.5956","content":"그게"}],"type":"pronunciation"},{"start_time":"28.74","end_time":"29.23","alternatives":[{"confidence":"0.92035","content":"명문으로"}],"type":"pronunciation"},{"start_time":"29.23","end_time":"29.39","alternatives":[{"confidence":"0.9878","content":"된"}],"type":"pronunciation"},{"start_time":"29.39","end_time":"29.77","alternatives":[{"confidence":"0.9984","content":"주소를"}],"type":"pronunciation"},{"start_time":"29.77","end_time":"29.93","alternatives":[{"confidence":"0.9789","content":"다"}],"type":"pronunciation"},{"start_time":"29.93","end_time":"31.38","alternatives":[{"confidence":"0.9983666666666666","content":"지워주시고요"}],"type":"pronunciation"},{"start_time":"31.96","end_time":"32.14","alternatives":[{"confidence":"0.82","content":"다"}],"type":"pronunciation"},{"start_time":"32.14","end_time":"32.38","alternatives":[{"confidence":"0.3669","content":"지원"}],"type":"pronunciation"},{"start_time":"32.38","end_time":"32.69","alternatives":[{"confidence":"0.3946","content":"하나도"}],"type":"pronunciation"},{"start_time":"32.7","end_time":"33.52","alternatives":[{"confidence":"0.9134","content":"남김없이"}],"type":"pronunciation"},{"start_time":"33.52","end_time":"33.71","alternatives":[{"confidence":"0.9595","content":"다"}],"type":"pronunciation"},{"start_time":"33.71","end_time":"34.32","alternatives":[{"confidence":"0.9926","content":"지우시고"}],"type":"pronunciation"},{"start_time":"34.84","end_time":"35.45","alternatives":[{"confidence":"0.9981","content":"상태에서"}],"type":"pronunciation"},{"start_time":"35.45","end_time":"35.87","alternatives":[{"confidence":"0.72665","content":"지우진"}],"type":"pronunciation"},{"start_time":"35.87","end_time":"36.27","alternatives":[{"confidence":"0.9996","content":"상태에서"}],"type":"pronunciation"},{"start_time":"36.27","end_time":"36.42","alternatives":[{"confidence":"0.9982","content":"제가"}],"type":"pronunciation"},{"start_time":"36.42","end_time":"36.72","alternatives":[{"confidence":"0.9923","content":"다시"}],"type":"pronunciation"},{"start_time":"36.72","end_time":"36.82","alternatives":[{"confidence":"0.6145","content":"한"}],"type":"pronunciation"},{"start_time":"36.82","end_time":"37.04","alternatives":[{"confidence":"0.5629","content":"번만"}],"type":"pronunciation"},{"start_time":"37.04","end_time":"38.17","alternatives":[{"confidence":"0.9804999999999999","content":"불러드릴게요"}],"type":"pronunciation"},{"alternatives":[{"confidence":"0.0","content":"."}],"type":"punctuation"},{"start_time":"38.47","end_time":"38.85","alternatives":[{"confidence":"0.6565","content":"일"}],"type":"pronunciation"},{"start_time":"38.88","end_time":"39.11","alternatives":[{"confidence":"0.8184","content":"이"}],"type":"pronunciation"},{"start_time":"39.11","end_time":"43.06","alternatives":[{"confidence":"0.9870333333333333","content":"오점이백삼십점"}],"type":"pronunciation"},{"start_time":"45.43","end_time":"45.85","alternatives":[{"confidence":"0.8373","content":"일"}],"type":"pronunciation"},{"start_time":"45.85","end_time":"46.19","alternatives":[{"confidence":"0.9967","content":"공"}],"type":"pronunciation"},{"start_time":"46.19","end_time":"47.04","alternatives":[{"confidence":"0.9956","content":"이점"}],"type":"pronunciation"},{"start_time":"49.16","end_time":"49.87","alternatives":[{"confidence":"0.20360000000000003","content":"콩이"}],"type":"pronunciation"},{"start_time":"50.19","end_time":"50.62","alternatives":[{"confidence":"0.2495","content":"점"}],"type":"pronunciation"},{"start_time":"51.61","end_time":"51.98","alternatives":[{"confidence":"0.9978","content":"그리고"}],"type":"pronunciation"},{"start_time":"51.98","end_time":"52.25","alternatives":[{"confidence":"0.5665","content":"오"}],"type":"pronunciation"},{"start_time":"52.25","end_time":"52.73","alternatives":[{"confidence":"0.1692","content":"팔"}],"type":"pronunciation"},{"start_time":"54.73","end_time":"55.18","alternatives":[{"confidence":"0.9998","content":"그리고"}],"type":"pronunciation"},{"start_time":"55.18","end_time":"55.82","alternatives":[{"confidence":"0.6123999999999999","content":"이동버튼"}],"type":"pronunciation"},{"start_time":"55.82","end_time":"56.0","alternatives":[{"confidence":"0.3951","content":"한번"}],"type":"pronunciation"},{"start_time":"56.0","end_time":"56.51","alternatives":[{"confidence":"0.89395","content":"눌러보세요"}],"type":"pronunciation"},{"start_time":"56.71","end_time":"56.99","alternatives":[{"confidence":"0.6231","content":"님"}],"type":"pronunciation"},{"start_time":"57.64","end_time":"58.01","alternatives":[{"confidence":"0.9474","content":"여기서"}],"type":"pronunciation"},{"start_time":"58.01","end_time":"58.1","alternatives":[{"confidence":"0.7186","content":"안"}],"type":"pronunciation"},{"start_time":"58.1","end_time":"58.46","alternatives":[{"confidence":"0.3986","content":"나가면"}],"type":"pronunciation"},{"start_time":"58.46","end_time":"59.06","alternatives":[{"confidence":"0.9195","content":"인증번호를"}],"type":"pronunciation"},{"start_time":"59.06","end_time":"59.48","alternatives":[{"confidence":"0.9972","content":"교체를"}],"type":"pronunciation"},{"start_time":"59.48","end_time":"59.63","alternatives":[{"confidence":"0.9358","content":"해야"}],"type":"pronunciation"},{"start_time":"59.63","end_time":"59.84","alternatives":[{"confidence":"0.5969","content":"하기"}],"type":"pronunciation"},{"start_time":"59.84","end_time":"61.35","alternatives":[{"confidence":"0.9927","content":"때문에요"}],"type":"pronunciation"},{"alternatives":[{"confidence":"0.0","content":"."}],"type":"punctuation"},{"start_time":"61.85","end_time":"62.11","alternatives":[{"confidence":"0.7557","content":"저는"}],"type":"pronunciation"},{"start_time":"62.11","end_time":"62.29","alternatives":[{"confidence":"0.8085","content":"이제"}],"type":"pronunciation"},{"start_time":"62.29","end_time":"62.65","alternatives":[{"confidence":"0.5678","content":"화면을"}],"type":"pronunciation"},{"start_time":"62.65","end_time":"63.73","alternatives":[{"confidence":"0.4515","content":"변화강화님"}],"type":"pronunciation"},{"alternatives":[{"confidence":"0.0","content":"."}],"type":"punctuation"},{"start_time":"65.57","end_time":"66.07","alternatives":[{"confidence":"0.9643","content":"이거는"}],"type":"pronunciation"},{"start_time":"66.1","end_time":"66.54","alternatives":[{"confidence":"0.008149999999999998","content":"전선이"}],"type":"pronunciation"},{"start_time":"66.54","end_time":"66.81","alternatives":[{"confidence":"0.0446","content":"연결이"}],"type":"pronunciation"},{"start_time":"66.81","end_time":"67.01","alternatives":[{"confidence":"0.0451","content":"아직"}],"type":"pronunciation"},{"start_time":"67.1","end_time":"67.42","alternatives":[{"confidence":"0.3575","content":"한다고"}],"type":"pronunciation"},{"start_time":"67.42","end_time":"67.67","alternatives":[{"confidence":"0.2184","content":"제가"}],"type":"pronunciation"},{"start_time":"71.76","end_time":"72.63","alternatives":[{"confidence":"1.0","content":"혹시"}],"type":"pronunciation"},{"start_time":"72.75","end_time":"73.29","alternatives":[{"confidence":"0.2055","content":"인터넷"}],"type":"pronunciation"},{"start_time":"73.48","end_time":"73.87","alternatives":[{"confidence":"0.8696","content":"조금"}],"type":"pronunciation"},{"start_time":"73.87","end_time":"74.3","alternatives":[{"confidence":"0.1529","content":"늦춰서"}],"type":"pronunciation"},{"start_time":"74.3","end_time":"74.64","alternatives":[{"confidence":"0.531","content":"그런거"}],"type":"pronunciation"},{"start_time":"74.64","end_time":"75.5","alternatives":[{"confidence":"1.0","content":"아닐까요"}],"type":"pronunciation"},{"alternatives":[{"confidence":"0.0","content":"?"}],"type":"punctuation"},{"start_time":"78.34","end_time":"78.76","alternatives":[{"confidence":"0.0786","content":"받는"}],"type":"pronunciation"},{"start_time":"78.76","end_time":"78.95","alternatives":[{"confidence":"0.2729","content":"건"}],"type":"pronunciation"},{"start_time":"78.95","end_time":"79.49","alternatives":[{"confidence":"0.3488","content":"다고요"}],"type":"pronunciation"},{"start_time":"81.84","end_time":"82.26","alternatives":[{"confidence":"0.2012","content":"인터넷"}],"type":"pronunciation"},{"start_time":"83.18","end_time":"83.4","alternatives":[{"confidence":"0.8557","content":"그럴"}],"type":"pronunciation"},{"start_time":"83.4","end_time":"83.61","alternatives":[{"confidence":"1.0","content":"수도"}],"type":"pronunciation"},{"start_time":"83.61","end_time":"84.41","alternatives":[{"confidence":"1.0","content":"있는데요"}],"type":"pronunciation"},{"alternatives":[{"confidence":"0.0","content":"."}],"type":"punctuation"},{"start_time":"85.43","end_time":"86.03","alternatives":[{"confidence":"0.055","content":"없나요"}],"type":"pronunciation"},{"alternatives":[{"confidence":"0.0","content":"?"}],"type":"punctuation"},{"start_time":"87.48","end_time":"88.24","alternatives":[{"confidence":"0.1777","content":"왜냐면"}],"type":"pronunciation"},{"start_time":"88.24","end_time":"88.39","alternatives":[{"confidence":"0.7749","content":"이게"}],"type":"pronunciation"},{"start_time":"88.39","end_time":"88.83","alternatives":[{"confidence":"0.6521","content":"본인은"}],"type":"pronunciation"},{"start_time":"88.83","end_time":"88.99","alternatives":[{"confidence":"0.4871","content":"좀"}],"type":"pronunciation"},{"start_time":"88.99","end_time":"89.54","alternatives":[{"confidence":"1.0","content":"화면에서"}],"type":"pronunciation"},{"start_time":"89.54","end_time":"89.89","alternatives":[{"confidence":"0.9993","content":"직접"}],"type":"pronunciation"},{"start_time":"89.89","end_time":"90.19","alternatives":[{"confidence":"0.9189","content":"하셔야"}],"type":"pronunciation"},{"start_time":"90.19","end_time":"90.43","alternatives":[{"confidence":"0.6582","content":"돼요"}],"type":"pronunciation"},{"alternatives":[{"confidence":"0.0","content":"."}],"type":"punctuation"},{"start_time":"90.9","end_time":"91.21","alternatives":[{"confidence":"0.7434","content":"본인이"}],"type":"pronunciation"},{"start_time":"91.39","end_time":"91.81","alternatives":[{"confidence":"1.0","content":"본인이"}],"type":"pronunciation"},{"start_time":"91.81","end_time":"92.71","alternatives":[{"confidence":"1.0","content":"하시고"}],"type":"pronunciation"},{"start_time":"93.66","end_time":"94.04","alternatives":[{"confidence":"0.014599999999999997","content":"저희들이"}],"type":"pronunciation"},{"start_time":"94.04","end_time":"94.25","alternatives":[{"confidence":"0.988","content":"직접"}],"type":"pronunciation"},{"start_time":"94.25","end_time":"94.75","alternatives":[{"confidence":"0.6933499999999999","content":"불러들이는"}],"type":"pronunciation"},{"start_time":"94.75","end_time":"95.75","alternatives":[{"confidence":"0.9172","content":"거거든요"}],"type":"pronunciation"},{"alternatives":[{"confidence":"0.0","content":"."}],"type":"punctuation"},{"start_time":"95.96","end_time":"96.3","alternatives":[{"confidence":"0.0834","content":"그리고"}],"type":"pronunciation"},{"start_time":"96.89","end_time":"97.0","alternatives":[{"confidence":"0.4155","content":"를"}],"type":"pronunciation"},{"start_time":"97.0","end_time":"97.2","alternatives":[{"confidence":"0.8513","content":"다운"}],"type":"pronunciation"},{"start_time":"97.2","end_time":"97.65","alternatives":[{"confidence":"0.9935","content":"받으셔야"}],"type":"pronunciation"},{"start_time":"97.65","end_time":"98.09","alternatives":[{"confidence":"0.9929","content":"되는데"}],"type":"pronunciation"},{"start_time":"98.12","end_time":"98.48","alternatives":[{"confidence":"0.9386","content":"지금"}],"type":"pronunciation"},{"start_time":"99.36","end_time":"99.86","alternatives":[{"confidence":"0.2466","content":"인터넷"}],"type":"pronunciation"},{"start_time":"100.19","end_time":"100.58","alternatives":[{"confidence":"0.0665","content":"연결이"}],"type":"pronunciation"},{"start_time":"100.61","end_time":"100.78","alternatives":[{"confidence":"1.0","content":"잘"}],"type":"pronunciation"},{"start_time":"100.78","end_time":"100.95","alternatives":[{"confidence":"0.8952","content":"안"}],"type":"pronunciation"},{"start_time":"100.95","end_time":"101.93","alternatives":[{"confidence":"0.9462","content":"되시면"}],"type":"pronunciation"},{"start_time":"102.87","end_time":"103.39","alternatives":[{"confidence":"0.9984","content":"아직도"}],"type":"pronunciation"},{"start_time":"103.39","end_time":"103.49","alternatives":[{"confidence":"0.8637","content":"안"}],"type":"pronunciation"},{"start_time":"103.49","end_time":"103.97","alternatives":[{"confidence":"0.8472","content":"넘어간다는"}],"type":"pronunciation"},{"start_time":"103.97","end_time":"105.19","alternatives":[{"confidence":"1.0","content":"말씀이세요"}],"type":"pronunciation"},{"alternatives":[{"confidence":"0.0","content":"?"}],"type":"punctuation"},{"start_time":"107.99","end_time":"108.4","alternatives":[{"confidence":"0.9997","content":"그러면"}],"type":"pronunciation"},{"start_time":"108.4","end_time":"108.61","alternatives":[{"confidence":"1.0","content":"제가"}],"type":"pronunciation"},{"start_time":"108.61","end_time":"108.94","alternatives":[{"confidence":"0.9886","content":"다른"}],"type":"pronunciation"},{"start_time":"108.94","end_time":"109.39","alternatives":[{"confidence":"0.48865000000000003","content":"부분한"}],"type":"pronunciation"},{"start_time":"109.39","end_time":"109.88","alternatives":[{"confidence":"0.5987","content":"본인좀"}],"type":"pronunciation"},{"start_time":"109.88","end_time":"110.65","alternatives":[{"confidence":"0.8480333333333333","content":"받아보고요"}],"type":"pronunciation"},{"alternatives":[{"confidence":"0.0","content":"."}],"type":"punctuation"},{"start_time":"110.68","end_time":"111.43","alternatives":[{"confidence":"1.0","content":"만약에"}],"type":"pronunciation"},{"start_time":"111.68","end_time":"111.88","alternatives":[{"confidence":"0.6534","content":"이게"}],"type":"pronunciation"},{"start_time":"111.94","end_time":"112.25","alternatives":[{"confidence":"0.536","content":"그분"}],"type":"pronunciation"},{"start_time":"112.25","end_time":"112.38","alternatives":[{"confidence":"0.1935","content":"안"}],"type":"pronunciation"},{"start_time":"112.47","end_time":"112.8","alternatives":[{"confidence":"0.7899","content":"검사가"}],"type":"pronunciation"},{"start_time":"112.8","end_time":"113.46","alternatives":[{"confidence":"0.98335","content":"인증번호를"}],"type":"pronunciation"},{"start_time":"113.46","end_time":"113.69","alternatives":[{"confidence":"0.9031","content":"다시"}],"type":"pronunciation"},{"start_time":"113.69","end_time":"113.8","alternatives":[{"confidence":"0.5497","content":"한"}],"type":"pronunciation"},{"start_time":"113.8","end_time":"114.25","alternatives":[{"confidence":"0.9532","content":"바꿔서"}],"type":"pronunciation"},{"start_time":"114.25","end_time":"115.5","alternatives":[{"confidence":"0.85015","content":"말씀드릴게요"}],"type":"pronunciation"},{"alternatives":[{"confidence":"0.0","content":"."}],"type":"punctuation"},{"start_time":"116.14","end_time":"116.52","alternatives":[{"confidence":"0.1581","content":"네"}],"type":"pronunciation"},{"alternatives":[{"confidence":"0.0","content":"."}],"type":"punctuation"},{"start_time":"117.01","end_time":"117.53","alternatives":[{"confidence":"0.15789999999999998","content":"네이버에서"}],"type":"pronunciation"},{"start_time":"117.53","end_time":"117.79","alternatives":[{"confidence":"0.9935","content":"다시"}],"type":"pronunciation"},{"start_time":"117.79","end_time":"118.03","alternatives":[{"confidence":"0.9059","content":"한번"}],"type":"pronunciation"},{"start_time":"118.31","end_time":"118.45","alternatives":[{"confidence":"0.999","content":"좀"}],"type":"pronunciation"},{"start_time":"118.45","end_time":"118.91","alternatives":[{"confidence":"0.9246","content":"해주세요"}],"type":"pronunciation"},{"alternatives":[{"confidence":"0.0","content":"."}],"type":"punctuation"},{"start_time":"119.1","end_time":"119.36","alternatives":[{"confidence":"0.4004","content":"님"}],"type":"pronunciation"},{"start_time":"119.42","end_time":"119.81","alternatives":[{"confidence":"0.994","content":"되는지"}],"type":"pronunciation"},{"start_time":"119.81","end_time":"119.93","alternatives":[{"confidence":"0.77","content":"안"}],"type":"pronunciation"},{"start_time":"119.93","end_time":"120.43","alternatives":[{"confidence":"0.9569","content":"되는지"}],"type":"pronunciation"},{"start_time":"120.43","end_time":"120.77","alternatives":[{"confidence":"0.0909","content":"확인해"}],"type":"pronunciation"},{"start_time":"121.24","end_time":"121.75","alternatives":[{"confidence":"0.9311","content":"주세요"}],"type":"pronunciation"},{"alternatives":[{"confidence":"0.0","content":"."}],"type":"punctuation"},{"start_time":"126.67","end_time":"126.9","alternatives":[{"confidence":"0.3903","content":"12"}],"type":"pronunciation"},{"start_time":"127.41","end_time":"127.66","alternatives":[{"confidence":"0.1708","content":"님"}],"type":"pronunciation"},{"start_time":"128.68","end_time":"129.88","alternatives":[{"confidence":"0.8792","content":"담당자김민정"}],"type":"pronunciation"},{"start_time":"129.88","end_time":"129.99","alternatives":[{"confidence":"0.6426","content":"이"}],"type":"pronunciation"},{"start_time":"129.99","end_time":"130.3","alternatives":[{"confidence":"0.7026","content":"구역"}],"type":"pronunciation"},{"start_time":"130.86","end_time":"131.47","alternatives":[{"confidence":"0.6464666666666666","content":"연화드리면"}],"type":"pronunciation"},{"start_time":"131.47","end_time":"131.67","alternatives":[{"confidence":"0.737","content":"저는"}],"type":"pronunciation"},{"start_time":"131.67","end_time":"131.82","alternatives":[{"confidence":"0.8806","content":"잘"}],"type":"pronunciation"},{"start_time":"131.82","end_time":"133.37","alternatives":[{"confidence":"0.9295500000000001","content":"받아주세요"}],"type":"pronunciation"}]},"status":"COMPLETED"}