{"jobName":"transcribe_loan16","accountId":"097989105209","results":{"transcripts":[{"transcript":"네, 보세요. 지금 한두 부분하고 나와가지고 지금 연락드렸고요. 지금 저희 쪽에서는 천칠백만원 나왔고요. 네 병원 나오고 구점 팔 프로의 육십 개월 오 년 해가지고요 삼십오만구천오백이십구 원이세요 원금하고 이제 포함 만큼의 삼십오만. 구천 오백이십구 원 육십 개월 오 년이요 오 년 단말이죠 천칠백만원이요 구점 팔 프로예요. 그런데 지금 고객님과 주의 결과 상 조건부 전산으로 승인이 나셨어요. 조건부 승인이 뭐냐면 고객님나이에 맞지 않게 처음에 현대캐피탈에서 이천사백 만원이 많은 돈을 이천팔백 이라는 돈을 받아 보셨잖아요. 그런데 지금 이제 팔백만원정도 남으셨는데. 지금 처음에 받으셨을 때 고객님의 신용평점으로 받으신 부분이 돼요. 그런데 지금 이 부분에 대해서 신용등급이 많이 많이 안 올라가셨어요. 그래서 저희 쪽지금 데이터상으로는 지금 조금 조건이 부족하세요. 그런데 이 조건을 이제 조금 만약에 이거를 고객님이 좀 풀어주시고 만약에 저희 자금을 만약에 오늘 적으로 받아 보실 거면 딱 한 가지 방법밖에 없으세요. 뭐냐면 지금 현대캐피탈쓰고 계시죠. 그쪽의 일부변제를 조금 해주셔야 돼요. 일부변제를 조금 해주시면 저희 쪽에서 자금이 나간다고 확실히 지금 나와요. 그래서 일단 송금해주는 송금팀에서도. 지금 이 부분이 조금 부족해서 그러는데 고객님께 일단 고객님이. 일단 지금 현대캐피탈사용 중인 신고일부 변제가 가능한지 안 한지 한번 확인을 좀 해봐라. 그래서 제가 지금 연락을 드렸고요 이 부분 혹시 고객님께서 일부 변제가 좀 가능하시겠어요 고객님께서 어느 정도 하실 수가 있으시겠어요 이렇게 그러세요. 그러면 이거 나머지 금액을 다 하실 수가 있다고요. 남은 금액을 싹 다 그럼 고객님이 이 부분에 대해서 싹 다 해주시면요. 저희가 자금으로 이천 만원까지 해드릴 수 있는 있으세요? 그러면 금리는 지금 구점팔 퍼센트에 구점이프로까지도 되시는 경우고요. 근데 지금 고객님이 자금을 뭐 이걸 지금 팔백만원남은 거를 고객님이 다 지금 이거를 다 변제를 하실 수가 있어요. 그러니까 내가 줘야 아니죠. 그게 아니고요. 고객님 먼저 저희 쪽에서는 지금 저희 쪽에서 먼저 고객님이 자금을 받아봐야 되잖아요. 그렇죠. 그런데 지금 그게 문제가 아니고요. 지금 현대캐피탈의 조건이 걸려 저희 쪽에서 걸린 게 뭐냐면 현대캐피탈지금 팔백만원남으셨잖아요 그걸 일부변제를 좀 그쪽으로 곧 그쪽으로 해주셔야 돼요. 고객님이 그래야 저희 쪽에서 전산상으로 확인이 되면 쪽에서는 고객님한테 송금을 해줄 수가 있는 부분이라고요. 그래서 제가 일부변제가 어느 정도 가능한 이렇게 물어본부분이에요 고객님어느 정도 되시겠어요 금액이 뭐 당장 니까 천오백만원 얘기한 오백이요 그러시면 고객님이 먼저 먼저 고객님이 그쪽으로 변제를 하시면 그쪽에서는 고객님을 뺏기는 입장이잖아요. 그렇죠. 그러면 그쪽에서 뺏기는 입장이니까 그렇게 고객님이 돈을 한다고 해서 그렇게 안 해준단 말이에요. 그러니까 저희가 먼저 현대캐피탈쪽으로 공문서를 먼저 의뢰를 할 거에요. 우리 고객님이 너네 쪽 금리가 너무 비싸서 사용을 안 하고 우리 쪽 우리 쪽 낮은 금리로 사용할 거다. 그리고 우리가 이천 만원 내드릴 거다. 그러니까 고객님에 대한 거를 다 이관을 우리 쪽으로 다 보내라. 서류부터 해가지고 다 보내라 이렇게 저희가 이제 전산사항을 올릴 거예요. 팩스를 보낼 거예요. 그러면 거기에서 답장이 올 거예요. 그렇게 해라 모시고 가라 이렇게 올 거예요. 그러면 제가 조금 있다가 연락을 한번 드릴 거예요. 그때 펜하고 종이 하나 좀 준비를 해 주시고요. 제가 먼저 현대캐피탈쪽으로 먼저 연락을 한 다음에 거기서 답장오는 대로 바로 연락을 드릴테니까. 조금만 준비를 조금만 해주시고요 편하고 메모지만그리고 일단 현대캐피탈쪽에 전화하셔가지고 다 대한 대출받아서 신한캐피탈쪽 뭐 이런 말하시면 그쪽에서는 일반 납부증명서밖에 안 끊어준단 말이에요. 저희가 필요한 것은 고객님이나 저나 필요한 게 법무용 납부증명서기 때문에 그걸 받아야 돼요. 그래야 저희가 진행을 할 수가 있거든요. 그러니까 조금만 기다려주시고요 오백만원 정도 입금을 해주실 수 있다고요. 그러면 조금만 기다려주세요. 제가 일단 업무요청 팀장님하고 해가지고요 거기니까 서류일단 현대캐피탈쪽에 넣고 제가 답장오는 대로 바로 연락을 드릴게요. 이천 만원 그러면 제가 올려드릴게요 고객님네. 네."}],"items":[{"start_time":"0.41","end_time":"0.66","alternatives":[{"confidence":"0.7228","content":"네"}],"type":"pronunciation"},{"alternatives":[{"confidence":"0.0","content":","}],"type":"punctuation"},{"start_time":"0.66","end_time":"1.8","alternatives":[{"confidence":"0.9575","content":"보세요"}],"type":"pronunciation"},{"alternatives":[{"confidence":"0.0","content":"."}],"type":"punctuation"},{"start_time":"5.96","end_time":"6.33","alternatives":[{"confidence":"0.9668","content":"지금"}],"type":"pronunciation"},{"start_time":"6.33","end_time":"6.55","alternatives":[{"confidence":"0.4534","content":"한두"}],"type":"pronunciation"},{"start_time":"6.55","end_time":"6.93","alternatives":[{"confidence":"0.819","content":"부분하고"}],"type":"pronunciation"},{"start_time":"6.93","end_time":"7.95","alternatives":[{"confidence":"0.7742500000000001","content":"나와가지고"}],"type":"pronunciation"},{"start_time":"8.59","end_time":"8.77","alternatives":[{"confidence":"0.9811","content":"지금"}],"type":"pronunciation"},{"start_time":"8.77","end_time":"10.02","alternatives":[{"confidence":"0.8371333333333334","content":"연락드렸고요"}],"type":"pronunciation"},{"alternatives":[{"confidence":"0.0","content":"."}],"type":"punctuation"},{"start_time":"10.11","end_time":"10.4","alternatives":[{"confidence":"0.9963","content":"지금"}],"type":"pronunciation"},{"start_time":"10.4","end_time":"10.59","alternatives":[{"confidence":"0.9589","content":"저희"}],"type":"pronunciation"},{"start_time":"10.59","end_time":"10.92","alternatives":[{"confidence":"0.8875","content":"쪽에서는"}],"type":"pronunciation"},{"start_time":"10.92","end_time":"11.67","alternatives":[{"confidence":"0.7646000000000001","content":"천칠백만원"}],"type":"pronunciation"},{"start_time":"11.67","end_time":"12.95","alternatives":[{"confidence":"0.9440999999999999","content":"나왔고요"}],"type":"pronunciation"},{"alternatives":[{"confidence":"0.0","content":"."}],"type":"punctuation"},{"start_time":"13.55","end_time":"13.77","alternatives":[{"confidence":"0.0467","content":"네"}],"type":"pronunciation"},{"start_time":"14.32","end_time":"14.63","alternatives":[{"confidence":"0.1072","content":"병원"}],"type":"pronunciation"},{"start_time":"14.63","end_time":"15.16","alternatives":[{"confidence":"0.9988","content":"나오고"}],"type":"pronunciation"},{"start_time":"15.16","end_time":"15.51","alternatives":[{"confidence":"0.7769999999999999","content":"구점"}],"type":"pronunciation"},{"start_time":"15.51","end_time":"15.72","alternatives":[{"confidence":"0.7181","content":"팔"}],"type":"pronunciation"},{"start_time":"15.72","end_time":"16.42","alternatives":[{"confidence":"0.7402","content":"프로의"}],"type":"pronunciation"},{"start_time":"17.13","end_time":"17.46","alternatives":[{"confidence":"0.6079","content":"육십"}],"type":"pronunciation"},{"start_time":"17.46","end_time":"17.72","alternatives":[{"confidence":"0.8201","content":"개월"}],"type":"pronunciation"},{"start_time":"17.78","end_time":"17.84","alternatives":[{"confidence":"0.1901","content":"오"}],"type":"pronunciation"},{"start_time":"17.84","end_time":"18.02","alternatives":[{"confidence":"0.8264","content":"년"}],"type":"pronunciation"},{"start_time":"18.02","end_time":"19.24","alternatives":[{"confidence":"0.7919333333333333","content":"해가지고요"}],"type":"pronunciation"},{"start_time":"20.19","end_time":"21.89","alternatives":[{"confidence":"0.94106","content":"삼십오만구천오백이십구"}],"type":"pronunciation"},{"start_time":"21.89","end_time":"22.4","alternatives":[{"confidence":"0.08645","content":"원이세요"}],"type":"pronunciation"},{"start_time":"22.4","end_time":"22.89","alternatives":[{"confidence":"0.14685","content":"원금하고"}],"type":"pronunciation"},{"start_time":"22.89","end_time":"23.09","alternatives":[{"confidence":"0.0671","content":"이제"}],"type":"pronunciation"},{"start_time":"23.09","end_time":"23.38","alternatives":[{"confidence":"0.8209","content":"포함"}],"type":"pronunciation"},{"start_time":"23.38","end_time":"24.09","alternatives":[{"confidence":"0.9949","content":"만큼의"}],"type":"pronunciation"},{"start_time":"26.39","end_time":"27.03","alternatives":[{"confidence":"0.8418333333333333","content":"삼십오만"}],"type":"pronunciation"},{"alternatives":[{"confidence":"0.0","content":"."}],"type":"punctuation"},{"start_time":"27.03","end_time":"27.64","alternatives":[{"confidence":"0.9075","content":"구천"}],"type":"pronunciation"},{"start_time":"28.99","end_time":"29.97","alternatives":[{"confidence":"0.63075","content":"오백이십구"}],"type":"pronunciation"},{"start_time":"29.97","end_time":"30.2","alternatives":[{"confidence":"0.0339","content":"원"}],"type":"pronunciation"},{"start_time":"32.94","end_time":"33.44","alternatives":[{"confidence":"0.6272","content":"육십"}],"type":"pronunciation"},{"start_time":"33.44","end_time":"33.73","alternatives":[{"confidence":"0.898","content":"개월"}],"type":"pronunciation"},{"start_time":"33.82","end_time":"33.87","alternatives":[{"confidence":"0.4422","content":"오"}],"type":"pronunciation"},{"start_time":"33.87","end_time":"34.43","alternatives":[{"confidence":"0.96845","content":"년이요"}],"type":"pronunciation"},{"start_time":"36.25","end_time":"36.52","alternatives":[{"confidence":"0.3894","content":"오"}],"type":"pronunciation"},{"start_time":"36.52","end_time":"36.92","alternatives":[{"confidence":"0.3479","content":"년"}],"type":"pronunciation"},{"start_time":"38.39","end_time":"38.86","alternatives":[{"confidence":"0.0372","content":"단말이죠"}],"type":"pronunciation"},{"start_time":"39.34","end_time":"40.67","alternatives":[{"confidence":"0.7228749999999999","content":"천칠백만원이요"}],"type":"pronunciation"},{"start_time":"42.44","end_time":"42.92","alternatives":[{"confidence":"0.6521000000000001","content":"구점"}],"type":"pronunciation"},{"start_time":"42.92","end_time":"43.16","alternatives":[{"confidence":"0.8605","content":"팔"}],"type":"pronunciation"},{"start_time":"43.16","end_time":"43.61","alternatives":[{"confidence":"0.6586","content":"프로예요"}],"type":"pronunciation"},{"alternatives":[{"confidence":"0.0","content":"."}],"type":"punctuation"},{"start_time":"45.95","end_time":"46.64","alternatives":[{"confidence":"1.0","content":"그런데"}],"type":"pronunciation"},{"start_time":"46.71","end_time":"47.26","alternatives":[{"confidence":"0.9881","content":"지금"}],"type":"pronunciation"},{"start_time":"47.26","end_time":"48.37","alternatives":[{"confidence":"0.6529","content":"고객님과"}],"type":"pronunciation"},{"start_time":"48.37","end_time":"48.57","alternatives":[{"confidence":"0.2303","content":"주의"}],"type":"pronunciation"},{"start_time":"48.57","end_time":"48.91","alternatives":[{"confidence":"0.5134","content":"결과"}],"type":"pronunciation"},{"start_time":"48.91","end_time":"49.12","alternatives":[{"confidence":"0.6443","content":"상"}],"type":"pronunciation"},{"start_time":"49.12","end_time":"49.72","alternatives":[{"confidence":"0.9788","content":"조건부"}],"type":"pronunciation"},{"start_time":"49.81","end_time":"50.35","alternatives":[{"confidence":"0.99895","content":"전산으로"}],"type":"pronunciation"},{"start_time":"50.35","end_time":"50.71","alternatives":[{"confidence":"0.9815499999999999","content":"승인이"}],"type":"pronunciation"},{"start_time":"50.71","end_time":"52.04","alternatives":[{"confidence":"0.9922500000000001","content":"나셨어요"}],"type":"pronunciation"},{"alternatives":[{"confidence":"0.0","content":"."}],"type":"punctuation"},{"start_time":"52.385","end_time":"52.735","alternatives":[{"confidence":"0.9788","content":"조건부"}],"type":"pronunciation"},{"start_time":"52.735","end_time":"53.105","alternatives":[{"confidence":"0.9866999999999999","content":"승인이"}],"type":"pronunciation"},{"start_time":"53.105","end_time":"53.905","alternatives":[{"confidence":"0.9839","content":"뭐냐면"}],"type":"pronunciation"},{"start_time":"54.215","end_time":"57.045","alternatives":[{"confidence":"1.0","content":"고객님나이에"}],"type":"pronunciation"},{"start_time":"57.045","end_time":"57.325","alternatives":[{"confidence":"0.9885","content":"맞지"}],"type":"pronunciation"},{"start_time":"57.325","end_time":"58.085","alternatives":[{"confidence":"1.0","content":"않게"}],"type":"pronunciation"},{"start_time":"58.345","end_time":"58.665","alternatives":[{"confidence":"0.9702","content":"처음에"}],"type":"pronunciation"},{"start_time":"58.665","end_time":"59.465","alternatives":[{"confidence":"0.9933333333333333","content":"현대캐피탈에서"}],"type":"pronunciation"},{"start_time":"59.465","end_time":"60.065","alternatives":[{"confidence":"0.8006","content":"이천사백"}],"type":"pronunciation"},{"start_time":"60.065","end_time":"60.335","alternatives":[{"confidence":"0.3417","content":"만원이"}],"type":"pronunciation"},{"start_time":"60.335","end_time":"60.505","alternatives":[{"confidence":"0.5662","content":"많은"}],"type":"pronunciation"},{"start_time":"60.505","end_time":"60.745","alternatives":[{"confidence":"0.994","content":"돈을"}],"type":"pronunciation"},{"start_time":"60.945","end_time":"61.515","alternatives":[{"confidence":"0.77085","content":"이천팔백"}],"type":"pronunciation"},{"start_time":"61.515","end_time":"61.725","alternatives":[{"confidence":"0.9652","content":"이라는"}],"type":"pronunciation"},{"start_time":"61.725","end_time":"61.945","alternatives":[{"confidence":"1.0","content":"돈을"}],"type":"pronunciation"},{"start_time":"61.945","end_time":"62.155","alternatives":[{"confidence":"0.5091","content":"받아"}],"type":"pronunciation"},{"start_time":"62.155","end_time":"63.545","alternatives":[{"confidence":"0.95255","content":"보셨잖아요"}],"type":"pronunciation"},{"alternatives":[{"confidence":"0.0","content":"."}],"type":"punctuation"},{"start_time":"63.785","end_time":"64.045","alternatives":[{"confidence":"0.5666","content":"그런데"}],"type":"pronunciation"},{"start_time":"64.075","end_time":"64.625","alternatives":[{"confidence":"0.9915","content":"지금"}],"type":"pronunciation"},{"start_time":"64.625","end_time":"64.765","alternatives":[{"confidence":"0.5666","content":"이제"}],"type":"pronunciation"},{"start_time":"64.775","end_time":"65.465","alternatives":[{"confidence":"0.6873666666666667","content":"팔백만원정도"}],"type":"pronunciation"},{"start_time":"65.465","end_time":"66.705","alternatives":[{"confidence":"0.5922333333333333","content":"남으셨는데"}],"type":"pronunciation"},{"alternatives":[{"confidence":"0.0","content":"."}],"type":"punctuation"},{"start_time":"66.765","end_time":"67.145","alternatives":[{"confidence":"0.9801","content":"지금"}],"type":"pronunciation"},{"start_time":"67.145","end_time":"67.525","alternatives":[{"confidence":"0.9961","content":"처음에"}],"type":"pronunciation"},{"start_time":"67.525","end_time":"68.125","alternatives":[{"confidence":"0.99545","content":"받으셨을"}],"type":"pronunciation"},{"start_time":"68.125","end_time":"68.525","alternatives":[{"confidence":"0.9856","content":"때"}],"type":"pronunciation"},{"start_time":"68.525","end_time":"69.175","alternatives":[{"confidence":"0.7233","content":"고객님의"}],"type":"pronunciation"},{"start_time":"69.175","end_time":"70.175","alternatives":[{"confidence":"0.8569666666666667","content":"신용평점으로"}],"type":"pronunciation"},{"start_time":"70.175","end_time":"70.615","alternatives":[{"confidence":"0.98705","content":"받으신"}],"type":"pronunciation"},{"start_time":"70.615","end_time":"70.965","alternatives":[{"confidence":"0.9981","content":"부분이"}],"type":"pronunciation"},{"start_time":"70.965","end_time":"72.005","alternatives":[{"confidence":"0.8365","content":"돼요"}],"type":"pronunciation"},{"alternatives":[{"confidence":"0.0","content":"."}],"type":"punctuation"},{"start_time":"72.145","end_time":"72.905","alternatives":[{"confidence":"1.0","content":"그런데"}],"type":"pronunciation"},{"start_time":"73.035","end_time":"73.375","alternatives":[{"confidence":"0.9974","content":"지금"}],"type":"pronunciation"},{"start_time":"73.375","end_time":"73.545","alternatives":[{"confidence":"0.9689","content":"이"}],"type":"pronunciation"},{"start_time":"73.545","end_time":"73.895","alternatives":[{"confidence":"1.0","content":"부분에"}],"type":"pronunciation"},{"start_time":"73.895","end_time":"74.485","alternatives":[{"confidence":"0.9949","content":"대해서"}],"type":"pronunciation"},{"start_time":"74.485","end_time":"75.295","alternatives":[{"confidence":"0.55075","content":"신용등급이"}],"type":"pronunciation"},{"start_time":"76.765","end_time":"77.105","alternatives":[{"confidence":"0.8079","content":"많이"}],"type":"pronunciation"},{"start_time":"77.255","end_time":"77.785","alternatives":[{"confidence":"0.9726","content":"많이"}],"type":"pronunciation"},{"start_time":"77.785","end_time":"77.915","alternatives":[{"confidence":"0.9005","content":"안"}],"type":"pronunciation"},{"start_time":"77.915","end_time":"79.295","alternatives":[{"confidence":"0.9986999999999999","content":"올라가셨어요"}],"type":"pronunciation"},{"alternatives":[{"confidence":"0.0","content":"."}],"type":"punctuation"},{"start_time":"79.73","end_time":"80.26","alternatives":[{"confidence":"0.9997","content":"그래서"}],"type":"pronunciation"},{"start_time":"80.26","end_time":"80.5","alternatives":[{"confidence":"0.87","content":"저희"}],"type":"pronunciation"},{"start_time":"80.5","end_time":"81.28","alternatives":[{"confidence":"0.76435","content":"쪽지금"}],"type":"pronunciation"},{"start_time":"81.28","end_time":"82.35","alternatives":[{"confidence":"0.9002","content":"데이터상으로는"}],"type":"pronunciation"},{"start_time":"82.35","end_time":"82.68","alternatives":[{"confidence":"0.9877","content":"지금"}],"type":"pronunciation"},{"start_time":"82.68","end_time":"83.22","alternatives":[{"confidence":"0.9605","content":"조금"}],"type":"pronunciation"},{"start_time":"83.22","end_time":"83.63","alternatives":[{"confidence":"1.0","content":"조건이"}],"type":"pronunciation"},{"start_time":"83.63","end_time":"85.22","alternatives":[{"confidence":"0.78935","content":"부족하세요"}],"type":"pronunciation"},{"alternatives":[{"confidence":"0.0","content":"."}],"type":"punctuation"},{"start_time":"85.41","end_time":"86.09","alternatives":[{"confidence":"1.0","content":"그런데"}],"type":"pronunciation"},{"start_time":"86.18","end_time":"86.38","alternatives":[{"confidence":"0.8681","content":"이"}],"type":"pronunciation"},{"start_time":"86.38","end_time":"87.21","alternatives":[{"confidence":"1.0","content":"조건을"}],"type":"pronunciation"},{"start_time":"87.22","end_time":"87.61","alternatives":[{"confidence":"0.9962","content":"이제"}],"type":"pronunciation"},{"start_time":"87.64","end_time":"88.38","alternatives":[{"confidence":"0.9869","content":"조금"}],"type":"pronunciation"},{"start_time":"88.38","end_time":"88.83","alternatives":[{"confidence":"1.0","content":"만약에"}],"type":"pronunciation"},{"start_time":"88.83","end_time":"89.17","alternatives":[{"confidence":"0.7927","content":"이거를"}],"type":"pronunciation"},{"start_time":"89.2","end_time":"89.74","alternatives":[{"confidence":"0.98665","content":"고객님이"}],"type":"pronunciation"},{"start_time":"89.74","end_time":"89.89","alternatives":[{"confidence":"0.9996","content":"좀"}],"type":"pronunciation"},{"start_time":"89.89","end_time":"90.62","alternatives":[{"confidence":"0.998","content":"풀어주시고"}],"type":"pronunciation"},{"start_time":"90.62","end_time":"90.94","alternatives":[{"confidence":"0.9989","content":"만약에"}],"type":"pronunciation"},{"start_time":"90.94","end_time":"91.19","alternatives":[{"confidence":"0.8592","content":"저희"}],"type":"pronunciation"},{"start_time":"91.26","end_time":"91.61","alternatives":[{"confidence":"0.9976","content":"자금을"}],"type":"pronunciation"},{"start_time":"91.61","end_time":"91.91","alternatives":[{"confidence":"1.0","content":"만약에"}],"type":"pronunciation"},{"start_time":"91.91","end_time":"92.13","alternatives":[{"confidence":"0.9639","content":"오늘"}],"type":"pronunciation"},{"start_time":"92.13","end_time":"92.32","alternatives":[{"confidence":"0.9142","content":"적으로"}],"type":"pronunciation"},{"start_time":"92.32","end_time":"92.55","alternatives":[{"confidence":"0.584","content":"받아"}],"type":"pronunciation"},{"start_time":"92.55","end_time":"92.79","alternatives":[{"confidence":"0.9626","content":"보실"}],"type":"pronunciation"},{"start_time":"92.79","end_time":"93.33","alternatives":[{"confidence":"0.9865","content":"거면"}],"type":"pronunciation"},{"start_time":"93.77","end_time":"93.93","alternatives":[{"confidence":"0.9828","content":"딱"}],"type":"pronunciation"},{"start_time":"93.93","end_time":"94.08","alternatives":[{"confidence":"0.8992","content":"한"}],"type":"pronunciation"},{"start_time":"94.08","end_time":"94.29","alternatives":[{"confidence":"0.8977","content":"가지"}],"type":"pronunciation"},{"start_time":"94.29","end_time":"94.82","alternatives":[{"confidence":"0.8877999999999999","content":"방법밖에"}],"type":"pronunciation"},{"start_time":"94.82","end_time":"95.47","alternatives":[{"confidence":"0.99995","content":"없으세요"}],"type":"pronunciation"},{"alternatives":[{"confidence":"0.0","content":"."}],"type":"punctuation"},{"start_time":"95.5","end_time":"96.26","alternatives":[{"confidence":"0.6393","content":"뭐냐면"}],"type":"pronunciation"},{"start_time":"97.51","end_time":"97.83","alternatives":[{"confidence":"0.9937","content":"지금"}],"type":"pronunciation"},{"start_time":"97.83","end_time":"98.71","alternatives":[{"confidence":"0.9957666666666668","content":"현대캐피탈쓰고"}],"type":"pronunciation"},{"start_time":"98.71","end_time":"99.83","alternatives":[{"confidence":"1.0","content":"계시죠"}],"type":"pronunciation"},{"alternatives":[{"confidence":"0.0","content":"."}],"type":"punctuation"},{"start_time":"100.8","end_time":"101.23","alternatives":[{"confidence":"0.7596","content":"그쪽의"}],"type":"pronunciation"},{"start_time":"101.23","end_time":"102.02","alternatives":[{"confidence":"0.9044666666666666","content":"일부변제를"}],"type":"pronunciation"},{"start_time":"102.02","end_time":"102.25","alternatives":[{"confidence":"0.9913","content":"조금"}],"type":"pronunciation"},{"start_time":"102.25","end_time":"102.71","alternatives":[{"confidence":"0.868","content":"해주셔야"}],"type":"pronunciation"},{"start_time":"102.71","end_time":"103.82","alternatives":[{"confidence":"0.9553","content":"돼요"}],"type":"pronunciation"},{"alternatives":[{"confidence":"0.0","content":"."}],"type":"punctuation"},{"start_time":"104.78","end_time":"105.47","alternatives":[{"confidence":"0.8870333333333335","content":"일부변제를"}],"type":"pronunciation"},{"start_time":"105.47","end_time":"105.72","alternatives":[{"confidence":"0.998","content":"조금"}],"type":"pronunciation"},{"start_time":"105.72","end_time":"106.37","alternatives":[{"confidence":"0.9981","content":"해주시면"}],"type":"pronunciation"},{"start_time":"106.37","end_time":"106.6","alternatives":[{"confidence":"0.8337","content":"저희"}],"type":"pronunciation"},{"start_time":"106.6","end_time":"106.92","alternatives":[{"confidence":"1.0","content":"쪽에서"}],"type":"pronunciation"},{"start_time":"106.92","end_time":"107.29","alternatives":[{"confidence":"0.9828","content":"자금이"}],"type":"pronunciation"},{"start_time":"107.29","end_time":"107.79","alternatives":[{"confidence":"0.9964999999999999","content":"나간다고"}],"type":"pronunciation"},{"start_time":"107.79","end_time":"108.14","alternatives":[{"confidence":"1.0","content":"확실히"}],"type":"pronunciation"},{"start_time":"108.14","end_time":"108.3","alternatives":[{"confidence":"0.8714","content":"지금"}],"type":"pronunciation"},{"start_time":"108.3","end_time":"109.3","alternatives":[{"confidence":"0.9985","content":"나와요"}],"type":"pronunciation"},{"alternatives":[{"confidence":"0.0","content":"."}],"type":"punctuation"},{"start_time":"109.39","end_time":"109.87","alternatives":[{"confidence":"1.0","content":"그래서"}],"type":"pronunciation"},{"start_time":"109.87","end_time":"110.19","alternatives":[{"confidence":"1.0","content":"일단"}],"type":"pronunciation"},{"start_time":"110.19","end_time":"111.13","alternatives":[{"confidence":"0.9986999999999999","content":"송금해주는"}],"type":"pronunciation"},{"start_time":"111.13","end_time":"112.2","alternatives":[{"confidence":"0.9239666666666667","content":"송금팀에서도"}],"type":"pronunciation"},{"alternatives":[{"confidence":"0.0","content":"."}],"type":"punctuation"},{"start_time":"112.46","end_time":"112.74","alternatives":[{"confidence":"0.9978","content":"지금"}],"type":"pronunciation"},{"start_time":"112.74","end_time":"112.9","alternatives":[{"confidence":"0.9635","content":"이"}],"type":"pronunciation"},{"start_time":"112.9","end_time":"113.29","alternatives":[{"confidence":"1.0","content":"부분이"}],"type":"pronunciation"},{"start_time":"113.29","end_time":"113.56","alternatives":[{"confidence":"0.9998","content":"조금"}],"type":"pronunciation"},{"start_time":"113.56","end_time":"114.05","alternatives":[{"confidence":"0.99075","content":"부족해서"}],"type":"pronunciation"},{"start_time":"114.05","end_time":"114.88","alternatives":[{"confidence":"0.999","content":"그러는데"}],"type":"pronunciation"},{"start_time":"115.04","end_time":"115.74","alternatives":[{"confidence":"0.5215","content":"고객님께"}],"type":"pronunciation"},{"start_time":"115.74","end_time":"116.06","alternatives":[{"confidence":"1.0","content":"일단"}],"type":"pronunciation"},{"start_time":"116.06","end_time":"116.87","alternatives":[{"confidence":"0.97265","content":"고객님이"}],"type":"pronunciation"},{"alternatives":[{"confidence":"0.0","content":"."}],"type":"punctuation"},{"start_time":"117.08","end_time":"117.76","alternatives":[{"confidence":"1.0","content":"일단"}],"type":"pronunciation"},{"start_time":"117.76","end_time":"118.0","alternatives":[{"confidence":"0.9932","content":"지금"}],"type":"pronunciation"},{"start_time":"118.0","end_time":"118.81","alternatives":[{"confidence":"0.9305333333333333","content":"현대캐피탈사용"}],"type":"pronunciation"},{"start_time":"118.81","end_time":"119.05","alternatives":[{"confidence":"0.4514","content":"중인"}],"type":"pronunciation"},{"start_time":"119.05","end_time":"120.11","alternatives":[{"confidence":"0.6983999999999999","content":"신고일부"}],"type":"pronunciation"},{"start_time":"120.11","end_time":"120.48","alternatives":[{"confidence":"0.87075","content":"변제가"}],"type":"pronunciation"},{"start_time":"120.48","end_time":"120.98","alternatives":[{"confidence":"0.9843999999999999","content":"가능한지"}],"type":"pronunciation"},{"start_time":"120.98","end_time":"121.08","alternatives":[{"confidence":"0.9956","content":"안"}],"type":"pronunciation"},{"start_time":"121.08","end_time":"121.45","alternatives":[{"confidence":"0.9999","content":"한지"}],"type":"pronunciation"},{"start_time":"121.7","end_time":"121.98","alternatives":[{"confidence":"0.9155","content":"한번"}],"type":"pronunciation"},{"start_time":"121.98","end_time":"122.32","alternatives":[{"confidence":"1.0","content":"확인을"}],"type":"pronunciation"},{"start_time":"122.32","end_time":"122.45","alternatives":[{"confidence":"0.9974","content":"좀"}],"type":"pronunciation"},{"start_time":"122.45","end_time":"122.83","alternatives":[{"confidence":"0.9985","content":"해봐라"}],"type":"pronunciation"},{"alternatives":[{"confidence":"0.0","content":"."}],"type":"punctuation"},{"start_time":"122.83","end_time":"123.44","alternatives":[{"confidence":"0.9997","content":"그래서"}],"type":"pronunciation"},{"start_time":"123.68","end_time":"123.91","alternatives":[{"confidence":"0.9996","content":"제가"}],"type":"pronunciation"},{"start_time":"123.91","end_time":"124.13","alternatives":[{"confidence":"0.994","content":"지금"}],"type":"pronunciation"},{"start_time":"124.13","end_time":"124.44","alternatives":[{"confidence":"1.0","content":"연락을"}],"type":"pronunciation"},{"start_time":"124.44","end_time":"125.21","alternatives":[{"confidence":"0.9996499999999999","content":"드렸고요"}],"type":"pronunciation"},{"start_time":"125.46","end_time":"125.61","alternatives":[{"confidence":"0.9242","content":"이"}],"type":"pronunciation"},{"start_time":"125.61","end_time":"125.91","alternatives":[{"confidence":"0.8663","content":"부분"}],"type":"pronunciation"},{"start_time":"125.91","end_time":"126.39","alternatives":[{"confidence":"1.0","content":"혹시"}],"type":"pronunciation"},{"start_time":"126.39","end_time":"127.05","alternatives":[{"confidence":"0.9771000000000001","content":"고객님께서"}],"type":"pronunciation"},{"start_time":"127.05","end_time":"127.28","alternatives":[{"confidence":"0.8711","content":"일부"}],"type":"pronunciation"},{"start_time":"127.28","end_time":"127.66","alternatives":[{"confidence":"0.9399","content":"변제가"}],"type":"pronunciation"},{"start_time":"127.66","end_time":"127.8","alternatives":[{"confidence":"0.9963","content":"좀"}],"type":"pronunciation"},{"start_time":"127.8","end_time":"128.92","alternatives":[{"confidence":"0.9377500000000001","content":"가능하시겠어요"}],"type":"pronunciation"},{"start_time":"130.97","end_time":"131.78","alternatives":[{"confidence":"0.9562999999999999","content":"고객님께서"}],"type":"pronunciation"},{"start_time":"131.78","end_time":"132.11","alternatives":[{"confidence":"0.7993","content":"어느"}],"type":"pronunciation"},{"start_time":"132.11","end_time":"132.85","alternatives":[{"confidence":"0.7432","content":"정도"}],"type":"pronunciation"},{"start_time":"132.85","end_time":"133.2","alternatives":[{"confidence":"0.9152","content":"하실"}],"type":"pronunciation"},{"start_time":"133.2","end_time":"133.42","alternatives":[{"confidence":"0.7142","content":"수가"}],"type":"pronunciation"},{"start_time":"133.42","end_time":"134.5","alternatives":[{"confidence":"1.0","content":"있으시겠어요"}],"type":"pronunciation"},{"start_time":"136.62","end_time":"136.85","alternatives":[{"confidence":"0.2692","content":"이렇게"}],"type":"pronunciation"},{"start_time":"139.77","end_time":"140.25","alternatives":[{"confidence":"1.0","content":"그러세요"}],"type":"pronunciation"},{"alternatives":[{"confidence":"0.0","content":"."}],"type":"punctuation"},{"start_time":"140.25","end_time":"140.95","alternatives":[{"confidence":"0.9999","content":"그러면"}],"type":"pronunciation"},{"start_time":"140.98","end_time":"141.21","alternatives":[{"confidence":"0.6981","content":"이거"}],"type":"pronunciation"},{"start_time":"141.21","end_time":"142.08","alternatives":[{"confidence":"0.9978","content":"나머지"}],"type":"pronunciation"},{"start_time":"142.11","end_time":"142.56","alternatives":[{"confidence":"0.9985","content":"금액을"}],"type":"pronunciation"},{"start_time":"142.56","end_time":"142.82","alternatives":[{"confidence":"0.9124","content":"다"}],"type":"pronunciation"},{"start_time":"142.82","end_time":"143.12","alternatives":[{"confidence":"0.9455","content":"하실"}],"type":"pronunciation"},{"start_time":"143.12","end_time":"143.31","alternatives":[{"confidence":"0.9897","content":"수가"}],"type":"pronunciation"},{"start_time":"143.31","end_time":"143.9","alternatives":[{"confidence":"0.9511","content":"있다고요"}],"type":"pronunciation"},{"alternatives":[{"confidence":"0.0","content":"."}],"type":"punctuation"},{"start_time":"143.96","end_time":"144.25","alternatives":[{"confidence":"0.9991","content":"남은"}],"type":"pronunciation"},{"start_time":"144.25","end_time":"144.59","alternatives":[{"confidence":"0.9979","content":"금액을"}],"type":"pronunciation"},{"start_time":"144.59","end_time":"144.8","alternatives":[{"confidence":"0.6547","content":"싹"}],"type":"pronunciation"},{"start_time":"144.8","end_time":"144.94","alternatives":[{"confidence":"0.5792","content":"다"}],"type":"pronunciation"},{"start_time":"146.2","end_time":"146.51","alternatives":[{"confidence":"0.9966","content":"그럼"}],"type":"pronunciation"},{"start_time":"146.51","end_time":"146.99","alternatives":[{"confidence":"0.99505","content":"고객님이"}],"type":"pronunciation"},{"start_time":"146.99","end_time":"147.16","alternatives":[{"confidence":"0.9657","content":"이"}],"type":"pronunciation"},{"start_time":"147.16","end_time":"147.47","alternatives":[{"confidence":"1.0","content":"부분에"}],"type":"pronunciation"},{"start_time":"147.47","end_time":"147.75","alternatives":[{"confidence":"0.9965","content":"대해서"}],"type":"pronunciation"},{"start_time":"147.75","end_time":"147.95","alternatives":[{"confidence":"0.8252","content":"싹"}],"type":"pronunciation"},{"start_time":"147.95","end_time":"148.06","alternatives":[{"confidence":"0.8113","content":"다"}],"type":"pronunciation"},{"start_time":"148.06","end_time":"149.41","alternatives":[{"confidence":"0.9188000000000001","content":"해주시면요"}],"type":"pronunciation"},{"alternatives":[{"confidence":"0.0","content":"."}],"type":"punctuation"},{"start_time":"149.54","end_time":"149.89","alternatives":[{"confidence":"1.0","content":"저희가"}],"type":"pronunciation"},{"start_time":"149.89","end_time":"150.32","alternatives":[{"confidence":"0.8247","content":"자금으로"}],"type":"pronunciation"},{"start_time":"150.32","end_time":"150.56","alternatives":[{"confidence":"0.9321","content":"이천"}],"type":"pronunciation"},{"start_time":"150.56","end_time":"151.04","alternatives":[{"confidence":"0.88875","content":"만원까지"}],"type":"pronunciation"},{"start_time":"151.04","end_time":"151.39","alternatives":[{"confidence":"0.9301999999999999","content":"해드릴"}],"type":"pronunciation"},{"start_time":"151.39","end_time":"151.52","alternatives":[{"confidence":"0.9996","content":"수"}],"type":"pronunciation"},{"start_time":"151.52","end_time":"151.72","alternatives":[{"confidence":"0.5173","content":"있는"}],"type":"pronunciation"},{"start_time":"151.72","end_time":"152.96","alternatives":[{"confidence":"0.9999","content":"있으세요"}],"type":"pronunciation"},{"alternatives":[{"confidence":"0.0","content":"?"}],"type":"punctuation"},{"start_time":"153.78","end_time":"154.25","alternatives":[{"confidence":"0.3765","content":"그러면"}],"type":"pronunciation"},{"start_time":"154.25","end_time":"154.8","alternatives":[{"confidence":"0.9476","content":"금리는"}],"type":"pronunciation"},{"start_time":"154.8","end_time":"154.98","alternatives":[{"confidence":"0.9775","content":"지금"}],"type":"pronunciation"},{"start_time":"154.98","end_time":"155.39","alternatives":[{"confidence":"0.2475","content":"구점팔"}],"type":"pronunciation"},{"start_time":"155.39","end_time":"155.68","alternatives":[{"confidence":"0.1451","content":"퍼센트에"}],"type":"pronunciation"},{"start_time":"155.68","end_time":"156.66","alternatives":[{"confidence":"0.71224","content":"구점이프로까지도"}],"type":"pronunciation"},{"start_time":"156.66","end_time":"157.07","alternatives":[{"confidence":"0.9981","content":"되시는"}],"type":"pronunciation"},{"start_time":"157.07","end_time":"158.34","alternatives":[{"confidence":"0.8163","content":"경우고요"}],"type":"pronunciation"},{"alternatives":[{"confidence":"0.0","content":"."}],"type":"punctuation"},{"start_time":"158.68","end_time":"159.17","alternatives":[{"confidence":"0.7092","content":"근데"}],"type":"pronunciation"},{"start_time":"159.22","end_time":"159.68","alternatives":[{"confidence":"0.9877","content":"지금"}],"type":"pronunciation"},{"start_time":"159.68","end_time":"160.17","alternatives":[{"confidence":"0.99405","content":"고객님이"}],"type":"pronunciation"},{"start_time":"160.17","end_time":"160.91","alternatives":[{"confidence":"1.0","content":"자금을"}],"type":"pronunciation"},{"start_time":"160.94","end_time":"161.08","alternatives":[{"confidence":"0.5094","content":"뭐"}],"type":"pronunciation"},{"start_time":"161.11","end_time":"161.36","alternatives":[{"confidence":"0.8288","content":"이걸"}],"type":"pronunciation"},{"start_time":"161.36","end_time":"161.52","alternatives":[{"confidence":"0.9976","content":"지금"}],"type":"pronunciation"},{"start_time":"161.52","end_time":"162.27","alternatives":[{"confidence":"0.9303333333333333","content":"팔백만원남은"}],"type":"pronunciation"},{"start_time":"162.27","end_time":"162.6","alternatives":[{"confidence":"0.9081","content":"거를"}],"type":"pronunciation"},{"start_time":"162.6","end_time":"163.08","alternatives":[{"confidence":"0.99535","content":"고객님이"}],"type":"pronunciation"},{"start_time":"163.08","end_time":"163.42","alternatives":[{"confidence":"0.9478","content":"다"}],"type":"pronunciation"},{"start_time":"163.42","end_time":"163.91","alternatives":[{"confidence":"0.9942","content":"지금"}],"type":"pronunciation"},{"start_time":"163.91","end_time":"164.46","alternatives":[{"confidence":"0.9858","content":"이거를"}],"type":"pronunciation"},{"start_time":"164.46","end_time":"164.82","alternatives":[{"confidence":"0.9596","content":"다"}],"type":"pronunciation"},{"start_time":"164.82","end_time":"165.3","alternatives":[{"confidence":"0.9732000000000001","content":"변제를"}],"type":"pronunciation"},{"start_time":"165.3","end_time":"165.5","alternatives":[{"confidence":"0.8007","content":"하실"}],"type":"pronunciation"},{"start_time":"165.5","end_time":"165.72","alternatives":[{"confidence":"0.9989","content":"수가"}],"type":"pronunciation"},{"start_time":"165.72","end_time":"166.16","alternatives":[{"confidence":"0.9942","content":"있어요"}],"type":"pronunciation"},{"alternatives":[{"confidence":"0.0","content":"."}],"type":"punctuation"},{"start_time":"167.09","end_time":"167.4","alternatives":[{"confidence":"0.9966","content":"그러니까"}],"type":"pronunciation"},{"start_time":"168.11","end_time":"168.53","alternatives":[{"confidence":"0.4028","content":"내가"}],"type":"pronunciation"},{"start_time":"170.09","end_time":"170.86","alternatives":[{"confidence":"0.8025","content":"줘야"}],"type":"pronunciation"},{"start_time":"171.04","end_time":"171.87","alternatives":[{"confidence":"1.0","content":"아니죠"}],"type":"pronunciation"},{"alternatives":[{"confidence":"0.0","content":"."}],"type":"punctuation"},{"start_time":"171.99","end_time":"172.26","alternatives":[{"confidence":"0.9996","content":"그게"}],"type":"pronunciation"},{"start_time":"172.26","end_time":"172.7","alternatives":[{"confidence":"0.797","content":"아니고요"}],"type":"pronunciation"},{"alternatives":[{"confidence":"0.0","content":"."}],"type":"punctuation"},{"start_time":"172.7","end_time":"173.45","alternatives":[{"confidence":"0.9738","content":"고객님"}],"type":"pronunciation"},{"start_time":"173.84","end_time":"174.19","alternatives":[{"confidence":"0.991","content":"먼저"}],"type":"pronunciation"},{"start_time":"174.19","end_time":"174.43","alternatives":[{"confidence":"0.9783","content":"저희"}],"type":"pronunciation"},{"start_time":"174.43","end_time":"175.11","alternatives":[{"confidence":"1.0","content":"쪽에서는"}],"type":"pronunciation"},{"start_time":"175.11","end_time":"175.66","alternatives":[{"confidence":"0.9968","content":"지금"}],"type":"pronunciation"},{"start_time":"175.66","end_time":"175.89","alternatives":[{"confidence":"0.9744","content":"저희"}],"type":"pronunciation"},{"start_time":"175.89","end_time":"176.17","alternatives":[{"confidence":"1.0","content":"쪽에서"}],"type":"pronunciation"},{"start_time":"176.17","end_time":"176.4","alternatives":[{"confidence":"0.9996","content":"먼저"}],"type":"pronunciation"},{"start_time":"176.4","end_time":"176.87","alternatives":[{"confidence":"0.9941500000000001","content":"고객님이"}],"type":"pronunciation"},{"start_time":"176.87","end_time":"177.25","alternatives":[{"confidence":"1.0","content":"자금을"}],"type":"pronunciation"},{"start_time":"177.25","end_time":"177.7","alternatives":[{"confidence":"0.9174","content":"받아봐야"}],"type":"pronunciation"},{"start_time":"177.7","end_time":"178.1","alternatives":[{"confidence":"0.9997","content":"되잖아요"}],"type":"pronunciation"},{"alternatives":[{"confidence":"0.0","content":"."}],"type":"punctuation"},{"start_time":"178.1","end_time":"178.98","alternatives":[{"confidence":"1.0","content":"그렇죠"}],"type":"pronunciation"},{"alternatives":[{"confidence":"0.0","content":"."}],"type":"punctuation"},{"start_time":"179.27","end_time":"180.01","alternatives":[{"confidence":"1.0","content":"그런데"}],"type":"pronunciation"},{"start_time":"180.17","end_time":"180.49","alternatives":[{"confidence":"0.9965","content":"지금"}],"type":"pronunciation"},{"start_time":"180.49","end_time":"180.73","alternatives":[{"confidence":"0.9999","content":"그게"}],"type":"pronunciation"},{"start_time":"180.73","end_time":"181.09","alternatives":[{"confidence":"1.0","content":"문제가"}],"type":"pronunciation"},{"start_time":"181.09","end_time":"181.77","alternatives":[{"confidence":"0.9898","content":"아니고요"}],"type":"pronunciation"},{"alternatives":[{"confidence":"0.0","content":"."}],"type":"punctuation"},{"start_time":"181.99","end_time":"182.3","alternatives":[{"confidence":"0.9884","content":"지금"}],"type":"pronunciation"},{"start_time":"182.3","end_time":"182.98","alternatives":[{"confidence":"0.9694333333333334","content":"현대캐피탈의"}],"type":"pronunciation"},{"start_time":"182.98","end_time":"183.39","alternatives":[{"confidence":"1.0","content":"조건이"}],"type":"pronunciation"},{"start_time":"183.39","end_time":"183.71","alternatives":[{"confidence":"0.5243","content":"걸려"}],"type":"pronunciation"},{"start_time":"183.8","end_time":"184.05","alternatives":[{"confidence":"0.7909","content":"저희"}],"type":"pronunciation"},{"start_time":"184.05","end_time":"184.3","alternatives":[{"confidence":"1.0","content":"쪽에서"}],"type":"pronunciation"},{"start_time":"184.3","end_time":"184.53","alternatives":[{"confidence":"0.899","content":"걸린"}],"type":"pronunciation"},{"start_time":"184.53","end_time":"184.61","alternatives":[{"confidence":"1.0","content":"게"}],"type":"pronunciation"},{"start_time":"184.61","end_time":"185.26","alternatives":[{"confidence":"0.8347","content":"뭐냐면"}],"type":"pronunciation"},{"start_time":"185.48","end_time":"186.49","alternatives":[{"confidence":"0.9855333333333333","content":"현대캐피탈지금"}],"type":"pronunciation"},{"start_time":"186.49","end_time":"188.34","alternatives":[{"confidence":"0.8450799999999999","content":"팔백만원남으셨잖아요"}],"type":"pronunciation"},{"start_time":"188.66","end_time":"189.07","alternatives":[{"confidence":"0.7279","content":"그걸"}],"type":"pronunciation"},{"start_time":"189.07","end_time":"189.74","alternatives":[{"confidence":"0.7039333333333334","content":"일부변제를"}],"type":"pronunciation"},{"start_time":"189.74","end_time":"189.92","alternatives":[{"confidence":"0.9882","content":"좀"}],"type":"pronunciation"},{"start_time":"190.01","end_time":"190.45","alternatives":[{"confidence":"0.946","content":"그쪽으로"}],"type":"pronunciation"},{"start_time":"190.45","end_time":"190.67","alternatives":[{"confidence":"0.2612","content":"곧"}],"type":"pronunciation"},{"start_time":"190.7","end_time":"191.21","alternatives":[{"confidence":"0.727","content":"그쪽으로"}],"type":"pronunciation"},{"start_time":"191.21","end_time":"191.64","alternatives":[{"confidence":"0.8671","content":"해주셔야"}],"type":"pronunciation"},{"start_time":"191.64","end_time":"191.79","alternatives":[{"confidence":"0.872","content":"돼요"}],"type":"pronunciation"},{"alternatives":[{"confidence":"0.0","content":"."}],"type":"punctuation"},{"start_time":"191.79","end_time":"192.37","alternatives":[{"confidence":"0.9882","content":"고객님이"}],"type":"pronunciation"},{"start_time":"192.37","end_time":"192.9","alternatives":[{"confidence":"0.7828","content":"그래야"}],"type":"pronunciation"},{"start_time":"193.13","end_time":"193.4","alternatives":[{"confidence":"0.8317","content":"저희"}],"type":"pronunciation"},{"start_time":"193.4","end_time":"193.81","alternatives":[{"confidence":"1.0","content":"쪽에서"}],"type":"pronunciation"},{"start_time":"193.81","end_time":"194.38","alternatives":[{"confidence":"0.9983500000000001","content":"전산상으로"}],"type":"pronunciation"},{"start_time":"194.38","end_time":"194.72","alternatives":[{"confidence":"0.9989","content":"확인이"}],"type":"pronunciation"},{"start_time":"194.72","end_time":"195.0","alternatives":[{"confidence":"0.9963","content":"되면"}],"type":"pronunciation"},{"start_time":"195.155","end_time":"195.555","alternatives":[{"confidence":"0.9826","content":"쪽에서는"}],"type":"pronunciation"},{"start_time":"195.555","end_time":"196.225","alternatives":[{"confidence":"0.7007","content":"고객님한테"}],"type":"pronunciation"},{"start_time":"196.255","end_time":"196.625","alternatives":[{"confidence":"0.95615","content":"송금을"}],"type":"pronunciation"},{"start_time":"196.625","end_time":"196.875","alternatives":[{"confidence":"0.7342","content":"해줄"}],"type":"pronunciation"},{"start_time":"196.875","end_time":"197.085","alternatives":[{"confidence":"0.5054","content":"수가"}],"type":"pronunciation"},{"start_time":"197.085","end_time":"197.295","alternatives":[{"confidence":"0.9959","content":"있는"}],"type":"pronunciation"},{"start_time":"197.295","end_time":"198.235","alternatives":[{"confidence":"0.7778499999999999","content":"부분이라고요"}],"type":"pronunciation"},{"alternatives":[{"confidence":"0.0","content":"."}],"type":"punctuation"},{"start_time":"199.885","end_time":"200.375","alternatives":[{"confidence":"0.9991","content":"그래서"}],"type":"pronunciation"},{"start_time":"200.375","end_time":"200.715","alternatives":[{"confidence":"0.9988","content":"제가"}],"type":"pronunciation"},{"start_time":"200.715","end_time":"201.305","alternatives":[{"confidence":"0.6553666666666667","content":"일부변제가"}],"type":"pronunciation"},{"start_time":"201.305","end_time":"201.445","alternatives":[{"confidence":"0.7605","content":"어느"}],"type":"pronunciation"},{"start_time":"201.445","end_time":"201.675","alternatives":[{"confidence":"0.7389","content":"정도"}],"type":"pronunciation"},{"start_time":"201.675","end_time":"202.085","alternatives":[{"confidence":"0.4726","content":"가능한"}],"type":"pronunciation"},{"start_time":"202.085","end_time":"202.305","alternatives":[{"confidence":"0.9847","content":"이렇게"}],"type":"pronunciation"},{"start_time":"202.305","end_time":"203.325","alternatives":[{"confidence":"0.8877666666666667","content":"물어본부분이에요"}],"type":"pronunciation"},{"start_time":"203.325","end_time":"206.645","alternatives":[{"confidence":"0.9775","content":"고객님어느"}],"type":"pronunciation"},{"start_time":"206.645","end_time":"206.995","alternatives":[{"confidence":"0.951","content":"정도"}],"type":"pronunciation"},{"start_time":"206.995","end_time":"207.545","alternatives":[{"confidence":"0.98585","content":"되시겠어요"}],"type":"pronunciation"},{"start_time":"207.545","end_time":"208.075","alternatives":[{"confidence":"0.9369","content":"금액이"}],"type":"pronunciation"},{"start_time":"209.435","end_time":"209.885","alternatives":[{"confidence":"0.1967","content":"뭐"}],"type":"pronunciation"},{"start_time":"210.275","end_time":"210.555","alternatives":[{"confidence":"0.0523","content":"당장"}],"type":"pronunciation"},{"start_time":"211.935","end_time":"212.165","alternatives":[{"confidence":"0.0566","content":"니까"}],"type":"pronunciation"},{"start_time":"213.315","end_time":"213.905","alternatives":[{"confidence":"0.60505","content":"천오백만원"}],"type":"pronunciation"},{"start_time":"214.115","end_time":"215.095","alternatives":[{"confidence":"0.48345000000000005","content":"얘기한"}],"type":"pronunciation"},{"start_time":"215.095","end_time":"216.125","alternatives":[{"confidence":"0.9827","content":"오백이요"}],"type":"pronunciation"},{"start_time":"216.89","end_time":"217.53","alternatives":[{"confidence":"0.962","content":"그러시면"}],"type":"pronunciation"},{"start_time":"217.53","end_time":"218.32","alternatives":[{"confidence":"0.98075","content":"고객님이"}],"type":"pronunciation"},{"start_time":"218.62","end_time":"219.6","alternatives":[{"confidence":"0.9749","content":"먼저"}],"type":"pronunciation"},{"start_time":"219.63","end_time":"219.96","alternatives":[{"confidence":"0.9725","content":"먼저"}],"type":"pronunciation"},{"start_time":"219.96","end_time":"220.42","alternatives":[{"confidence":"0.9944999999999999","content":"고객님이"}],"type":"pronunciation"},{"start_time":"220.42","end_time":"220.75","alternatives":[{"confidence":"0.5939","content":"그쪽으로"}],"type":"pronunciation"},{"start_time":"220.75","end_time":"221.16","alternatives":[{"confidence":"0.9643999999999999","content":"변제를"}],"type":"pronunciation"},{"start_time":"221.16","end_time":"222.25","alternatives":[{"confidence":"1.0","content":"하시면"}],"type":"pronunciation"},{"start_time":"222.48","end_time":"223.09","alternatives":[{"confidence":"0.9927","content":"그쪽에서는"}],"type":"pronunciation"},{"start_time":"223.09","end_time":"223.63","alternatives":[{"confidence":"0.9918","content":"고객님을"}],"type":"pronunciation"},{"start_time":"223.63","end_time":"224.03","alternatives":[{"confidence":"0.9818","content":"뺏기는"}],"type":"pronunciation"},{"start_time":"224.03","end_time":"224.72","alternatives":[{"confidence":"0.9957","content":"입장이잖아요"}],"type":"pronunciation"},{"alternatives":[{"confidence":"0.0","content":"."}],"type":"punctuation"},{"start_time":"224.72","end_time":"225.6","alternatives":[{"confidence":"1.0","content":"그렇죠"}],"type":"pronunciation"},{"alternatives":[{"confidence":"0.0","content":"."}],"type":"punctuation"},{"start_time":"226.04","end_time":"226.78","alternatives":[{"confidence":"0.9997","content":"그러면"}],"type":"pronunciation"},{"start_time":"227.03","end_time":"227.41","alternatives":[{"confidence":"0.8758","content":"그쪽에서"}],"type":"pronunciation"},{"start_time":"227.41","end_time":"227.73","alternatives":[{"confidence":"0.94885","content":"뺏기는"}],"type":"pronunciation"},{"start_time":"227.73","end_time":"228.75","alternatives":[{"confidence":"0.98295","content":"입장이니까"}],"type":"pronunciation"},{"start_time":"229.13","end_time":"229.44","alternatives":[{"confidence":"0.9846","content":"그렇게"}],"type":"pronunciation"},{"start_time":"229.44","end_time":"229.9","alternatives":[{"confidence":"0.9962500000000001","content":"고객님이"}],"type":"pronunciation"},{"start_time":"229.9","end_time":"230.12","alternatives":[{"confidence":"0.9987","content":"돈을"}],"type":"pronunciation"},{"start_time":"230.12","end_time":"230.42","alternatives":[{"confidence":"0.9744","content":"한다고"}],"type":"pronunciation"},{"start_time":"230.42","end_time":"230.93","alternatives":[{"confidence":"0.9993","content":"해서"}],"type":"pronunciation"},{"start_time":"230.93","end_time":"231.31","alternatives":[{"confidence":"0.9969","content":"그렇게"}],"type":"pronunciation"},{"start_time":"231.31","end_time":"231.51","alternatives":[{"confidence":"0.8118","content":"안"}],"type":"pronunciation"},{"start_time":"231.51","end_time":"231.88","alternatives":[{"confidence":"0.93755","content":"해준단"}],"type":"pronunciation"},{"start_time":"231.88","end_time":"232.68","alternatives":[{"confidence":"0.997","content":"말이에요"}],"type":"pronunciation"},{"alternatives":[{"confidence":"0.0","content":"."}],"type":"punctuation"},{"start_time":"232.83","end_time":"233.2","alternatives":[{"confidence":"0.8848","content":"그러니까"}],"type":"pronunciation"},{"start_time":"233.2","end_time":"233.74","alternatives":[{"confidence":"1.0","content":"저희가"}],"type":"pronunciation"},{"start_time":"233.74","end_time":"234.43","alternatives":[{"confidence":"0.9492","content":"먼저"}],"type":"pronunciation"},{"start_time":"234.66","end_time":"235.77","alternatives":[{"confidence":"0.9685333333333334","content":"현대캐피탈쪽으로"}],"type":"pronunciation"},{"start_time":"235.77","end_time":"236.29","alternatives":[{"confidence":"0.9941500000000001","content":"공문서를"}],"type":"pronunciation"},{"start_time":"236.29","end_time":"236.64","alternatives":[{"confidence":"0.9417","content":"먼저"}],"type":"pronunciation"},{"start_time":"236.67","end_time":"237.12","alternatives":[{"confidence":"0.9983500000000001","content":"의뢰를"}],"type":"pronunciation"},{"start_time":"237.12","end_time":"237.28","alternatives":[{"confidence":"0.9705","content":"할"}],"type":"pronunciation"},{"start_time":"237.28","end_time":"238.27","alternatives":[{"confidence":"0.9673","content":"거에요"}],"type":"pronunciation"},{"alternatives":[{"confidence":"0.0","content":"."}],"type":"punctuation"},{"start_time":"238.51","end_time":"238.76","alternatives":[{"confidence":"0.9236","content":"우리"}],"type":"pronunciation"},{"start_time":"238.76","end_time":"239.66","alternatives":[{"confidence":"0.98665","content":"고객님이"}],"type":"pronunciation"},{"start_time":"239.66","end_time":"239.92","alternatives":[{"confidence":"0.4376","content":"너네"}],"type":"pronunciation"},{"start_time":"239.92","end_time":"240.1","alternatives":[{"confidence":"0.5554","content":"쪽"}],"type":"pronunciation"},{"start_time":"240.1","end_time":"240.43","alternatives":[{"confidence":"0.9996","content":"금리가"}],"type":"pronunciation"},{"start_time":"240.43","end_time":"240.65","alternatives":[{"confidence":"1.0","content":"너무"}],"type":"pronunciation"},{"start_time":"240.65","end_time":"241.46","alternatives":[{"confidence":"0.99855","content":"비싸서"}],"type":"pronunciation"},{"start_time":"241.52","end_time":"241.91","alternatives":[{"confidence":"0.9613","content":"사용을"}],"type":"pronunciation"},{"start_time":"241.91","end_time":"242.01","alternatives":[{"confidence":"0.6712","content":"안"}],"type":"pronunciation"},{"start_time":"242.01","end_time":"242.29","alternatives":[{"confidence":"0.6777","content":"하고"}],"type":"pronunciation"},{"start_time":"242.29","end_time":"242.53","alternatives":[{"confidence":"0.719","content":"우리"}],"type":"pronunciation"},{"start_time":"242.53","end_time":"242.75","alternatives":[{"confidence":"0.8276","content":"쪽"}],"type":"pronunciation"},{"start_time":"242.78","end_time":"243.16","alternatives":[{"confidence":"0.733","content":"우리"}],"type":"pronunciation"},{"start_time":"243.16","end_time":"243.49","alternatives":[{"confidence":"0.6443","content":"쪽"}],"type":"pronunciation"},{"start_time":"243.535","end_time":"243.795","alternatives":[{"confidence":"1.0","content":"낮은"}],"type":"pronunciation"},{"start_time":"243.795","end_time":"244.105","alternatives":[{"confidence":"0.99935","content":"금리로"}],"type":"pronunciation"},{"start_time":"244.105","end_time":"244.465","alternatives":[{"confidence":"0.9117","content":"사용할"}],"type":"pronunciation"},{"start_time":"244.465","end_time":"244.915","alternatives":[{"confidence":"0.9956","content":"거다"}],"type":"pronunciation"},{"alternatives":[{"confidence":"0.0","content":"."}],"type":"punctuation"},{"start_time":"244.915","end_time":"245.265","alternatives":[{"confidence":"1.0","content":"그리고"}],"type":"pronunciation"},{"start_time":"245.265","end_time":"245.515","alternatives":[{"confidence":"1.0","content":"우리가"}],"type":"pronunciation"},{"start_time":"245.515","end_time":"245.735","alternatives":[{"confidence":"0.7236","content":"이천"}],"type":"pronunciation"},{"start_time":"245.735","end_time":"245.965","alternatives":[{"confidence":"0.6043","content":"만원"}],"type":"pronunciation"},{"start_time":"245.965","end_time":"246.285","alternatives":[{"confidence":"0.6952","content":"내드릴"}],"type":"pronunciation"},{"start_time":"246.285","end_time":"246.765","alternatives":[{"confidence":"0.9974","content":"거다"}],"type":"pronunciation"},{"alternatives":[{"confidence":"0.0","content":"."}],"type":"punctuation"},{"start_time":"247.265","end_time":"247.915","alternatives":[{"confidence":"0.9905","content":"그러니까"}],"type":"pronunciation"},{"start_time":"248.135","end_time":"248.935","alternatives":[{"confidence":"0.9209","content":"고객님에"}],"type":"pronunciation"},{"start_time":"248.935","end_time":"249.585","alternatives":[{"confidence":"0.816","content":"대한"}],"type":"pronunciation"},{"start_time":"249.615","end_time":"250.175","alternatives":[{"confidence":"0.9219","content":"거를"}],"type":"pronunciation"},{"start_time":"250.485","end_time":"250.665","alternatives":[{"confidence":"0.9223","content":"다"}],"type":"pronunciation"},{"start_time":"250.665","end_time":"251.105","alternatives":[{"confidence":"0.7724500000000001","content":"이관을"}],"type":"pronunciation"},{"start_time":"251.105","end_time":"251.275","alternatives":[{"confidence":"0.7013","content":"우리"}],"type":"pronunciation"},{"start_time":"251.275","end_time":"251.485","alternatives":[{"confidence":"0.9832","content":"쪽으로"}],"type":"pronunciation"},{"start_time":"251.485","end_time":"251.605","alternatives":[{"confidence":"0.9617","content":"다"}],"type":"pronunciation"},{"start_time":"251.605","end_time":"251.955","alternatives":[{"confidence":"0.98715","content":"보내라"}],"type":"pronunciation"},{"alternatives":[{"confidence":"0.0","content":"."}],"type":"punctuation"},{"start_time":"251.955","end_time":"252.455","alternatives":[{"confidence":"0.83345","content":"서류부터"}],"type":"pronunciation"},{"start_time":"252.455","end_time":"252.755","alternatives":[{"confidence":"0.9834499999999999","content":"해가지고"}],"type":"pronunciation"},{"start_time":"252.755","end_time":"252.905","alternatives":[{"confidence":"0.9757","content":"다"}],"type":"pronunciation"},{"start_time":"252.905","end_time":"253.645","alternatives":[{"confidence":"0.9947","content":"보내라"}],"type":"pronunciation"},{"start_time":"253.975","end_time":"254.275","alternatives":[{"confidence":"0.9945","content":"이렇게"}],"type":"pronunciation"},{"start_time":"254.275","end_time":"254.565","alternatives":[{"confidence":"1.0","content":"저희가"}],"type":"pronunciation"},{"start_time":"254.565","end_time":"254.685","alternatives":[{"confidence":"0.6959","content":"이제"}],"type":"pronunciation"},{"start_time":"254.695","end_time":"255.275","alternatives":[{"confidence":"0.8528","content":"전산사항을"}],"type":"pronunciation"},{"start_time":"255.275","end_time":"255.495","alternatives":[{"confidence":"0.9485","content":"올릴"}],"type":"pronunciation"},{"start_time":"255.495","end_time":"255.835","alternatives":[{"confidence":"0.9394","content":"거예요"}],"type":"pronunciation"},{"alternatives":[{"confidence":"0.0","content":"."}],"type":"punctuation"},{"start_time":"255.835","end_time":"256.185","alternatives":[{"confidence":"0.79385","content":"팩스를"}],"type":"pronunciation"},{"start_time":"256.185","end_time":"256.425","alternatives":[{"confidence":"0.9923","content":"보낼"}],"type":"pronunciation"},{"start_time":"256.425","end_time":"257.085","alternatives":[{"confidence":"1.0","content":"거예요"}],"type":"pronunciation"},{"alternatives":[{"confidence":"0.0","content":"."}],"type":"punctuation"},{"start_time":"257.465","end_time":"257.845","alternatives":[{"confidence":"1.0","content":"그러면"}],"type":"pronunciation"},{"start_time":"257.855","end_time":"258.425","alternatives":[{"confidence":"0.9875","content":"거기에서"}],"type":"pronunciation"},{"start_time":"258.425","end_time":"258.855","alternatives":[{"confidence":"0.9841","content":"답장이"}],"type":"pronunciation"},{"start_time":"258.855","end_time":"258.985","alternatives":[{"confidence":"0.9396","content":"올"}],"type":"pronunciation"},{"start_time":"258.985","end_time":"259.545","alternatives":[{"confidence":"0.9949","content":"거예요"}],"type":"pronunciation"},{"alternatives":[{"confidence":"0.0","content":"."}],"type":"punctuation"},{"start_time":"259.665","end_time":"259.975","alternatives":[{"confidence":"0.6361","content":"그렇게"}],"type":"pronunciation"},{"start_time":"259.975","end_time":"260.435","alternatives":[{"confidence":"0.9973","content":"해라"}],"type":"pronunciation"},{"start_time":"260.465","end_time":"260.835","alternatives":[{"confidence":"1.0","content":"모시고"}],"type":"pronunciation"},{"start_time":"260.835","end_time":"261.175","alternatives":[{"confidence":"0.8716","content":"가라"}],"type":"pronunciation"},{"start_time":"261.175","end_time":"261.415","alternatives":[{"confidence":"0.9957","content":"이렇게"}],"type":"pronunciation"},{"start_time":"261.415","end_time":"261.535","alternatives":[{"confidence":"0.8931","content":"올"}],"type":"pronunciation"},{"start_time":"261.535","end_time":"262.225","alternatives":[{"confidence":"1.0","content":"거예요"}],"type":"pronunciation"},{"alternatives":[{"confidence":"0.0","content":"."}],"type":"punctuation"},{"start_time":"262.705","end_time":"263.285","alternatives":[{"confidence":"1.0","content":"그러면"}],"type":"pronunciation"},{"start_time":"263.465","end_time":"263.785","alternatives":[{"confidence":"1.0","content":"제가"}],"type":"pronunciation"},{"start_time":"263.785","end_time":"264.105","alternatives":[{"confidence":"0.9868","content":"조금"}],"type":"pronunciation"},{"start_time":"264.105","end_time":"264.555","alternatives":[{"confidence":"0.9992","content":"있다가"}],"type":"pronunciation"},{"start_time":"264.555","end_time":"264.875","alternatives":[{"confidence":"0.9999","content":"연락을"}],"type":"pronunciation"},{"start_time":"264.875","end_time":"265.085","alternatives":[{"confidence":"0.8037","content":"한번"}],"type":"pronunciation"},{"start_time":"265.085","end_time":"265.315","alternatives":[{"confidence":"0.9502","content":"드릴"}],"type":"pronunciation"},{"start_time":"265.315","end_time":"266.285","alternatives":[{"confidence":"1.0","content":"거예요"}],"type":"pronunciation"},{"alternatives":[{"confidence":"0.0","content":"."}],"type":"punctuation"},{"start_time":"266.765","end_time":"267.285","alternatives":[{"confidence":"0.9288","content":"그때"}],"type":"pronunciation"},{"start_time":"267.285","end_time":"267.745","alternatives":[{"confidence":"0.8513","content":"펜하고"}],"type":"pronunciation"},{"start_time":"267.745","end_time":"268.015","alternatives":[{"confidence":"0.8883","content":"종이"}],"type":"pronunciation"},{"start_time":"268.015","end_time":"268.425","alternatives":[{"confidence":"0.9134","content":"하나"}],"type":"pronunciation"},{"start_time":"268.425","end_time":"268.595","alternatives":[{"confidence":"0.999","content":"좀"}],"type":"pronunciation"},{"start_time":"268.605","end_time":"269.005","alternatives":[{"confidence":"0.9999","content":"준비를"}],"type":"pronunciation"},{"start_time":"269.005","end_time":"269.125","alternatives":[{"confidence":"0.5864","content":"해"}],"type":"pronunciation"},{"start_time":"269.125","end_time":"270.265","alternatives":[{"confidence":"0.79375","content":"주시고요"}],"type":"pronunciation"},{"alternatives":[{"confidence":"0.0","content":"."}],"type":"punctuation"},{"start_time":"270.99","end_time":"271.53","alternatives":[{"confidence":"0.9729","content":"제가"}],"type":"pronunciation"},{"start_time":"271.53","end_time":"272.24","alternatives":[{"confidence":"0.9707","content":"먼저"}],"type":"pronunciation"},{"start_time":"272.3","end_time":"273.31","alternatives":[{"confidence":"0.9866999999999999","content":"현대캐피탈쪽으로"}],"type":"pronunciation"},{"start_time":"273.31","end_time":"273.61","alternatives":[{"confidence":"0.9987","content":"먼저"}],"type":"pronunciation"},{"start_time":"273.61","end_time":"273.95","alternatives":[{"confidence":"1.0","content":"연락을"}],"type":"pronunciation"},{"start_time":"273.95","end_time":"274.09","alternatives":[{"confidence":"0.9542","content":"한"}],"type":"pronunciation"},{"start_time":"274.09","end_time":"274.82","alternatives":[{"confidence":"0.9972","content":"다음에"}],"type":"pronunciation"},{"start_time":"275.15","end_time":"275.53","alternatives":[{"confidence":"0.7128","content":"거기서"}],"type":"pronunciation"},{"start_time":"275.53","end_time":"276.07","alternatives":[{"confidence":"0.9933000000000001","content":"답장오는"}],"type":"pronunciation"},{"start_time":"276.07","end_time":"276.21","alternatives":[{"confidence":"0.9924","content":"대로"}],"type":"pronunciation"},{"start_time":"276.21","end_time":"276.43","alternatives":[{"confidence":"0.9965","content":"바로"}],"type":"pronunciation"},{"start_time":"276.43","end_time":"276.77","alternatives":[{"confidence":"1.0","content":"연락을"}],"type":"pronunciation"},{"start_time":"276.77","end_time":"277.86","alternatives":[{"confidence":"0.92065","content":"드릴테니까"}],"type":"pronunciation"},{"alternatives":[{"confidence":"0.0","content":"."}],"type":"punctuation"},{"start_time":"278.4","end_time":"278.87","alternatives":[{"confidence":"1.0","content":"조금만"}],"type":"pronunciation"},{"start_time":"278.87","end_time":"279.25","alternatives":[{"confidence":"0.9987","content":"준비를"}],"type":"pronunciation"},{"start_time":"279.25","end_time":"279.62","alternatives":[{"confidence":"0.9922","content":"조금만"}],"type":"pronunciation"},{"start_time":"279.62","end_time":"280.36","alternatives":[{"confidence":"0.95695","content":"해주시고요"}],"type":"pronunciation"},{"start_time":"280.39","end_time":"280.92","alternatives":[{"confidence":"0.98275","content":"편하고"}],"type":"pronunciation"},{"start_time":"280.92","end_time":"282.88","alternatives":[{"confidence":"0.9678333333333334","content":"메모지만그리고"}],"type":"pronunciation"},{"start_time":"283.3","end_time":"283.75","alternatives":[{"confidence":"1.0","content":"일단"}],"type":"pronunciation"},{"start_time":"283.75","end_time":"284.54","alternatives":[{"confidence":"0.9549","content":"현대캐피탈쪽에"}],"type":"pronunciation"},{"start_time":"284.54","end_time":"285.4","alternatives":[{"confidence":"0.90395","content":"전화하셔가지고"}],"type":"pronunciation"},{"start_time":"285.4","end_time":"285.52","alternatives":[{"confidence":"0.5275","content":"다"}],"type":"pronunciation"},{"start_time":"285.52","end_time":"285.8","alternatives":[{"confidence":"0.978","content":"대한"}],"type":"pronunciation"},{"start_time":"285.8","end_time":"286.45","alternatives":[{"confidence":"0.73305","content":"대출받아서"}],"type":"pronunciation"},{"start_time":"286.45","end_time":"287.3","alternatives":[{"confidence":"0.7909666666666667","content":"신한캐피탈쪽"}],"type":"pronunciation"},{"start_time":"287.36","end_time":"287.49","alternatives":[{"confidence":"0.8961","content":"뭐"}],"type":"pronunciation"},{"start_time":"287.52","end_time":"287.71","alternatives":[{"confidence":"0.966","content":"이런"}],"type":"pronunciation"},{"start_time":"287.71","end_time":"288.56","alternatives":[{"confidence":"0.8117","content":"말하시면"}],"type":"pronunciation"},{"start_time":"288.56","end_time":"289.3","alternatives":[{"confidence":"0.9964500000000001","content":"그쪽에서는"}],"type":"pronunciation"},{"start_time":"289.3","end_time":"289.81","alternatives":[{"confidence":"0.6751","content":"일반"}],"type":"pronunciation"},{"start_time":"289.81","end_time":"290.64","alternatives":[{"confidence":"0.9981333333333332","content":"납부증명서밖에"}],"type":"pronunciation"},{"start_time":"290.64","end_time":"290.77","alternatives":[{"confidence":"0.7557","content":"안"}],"type":"pronunciation"},{"start_time":"290.77","end_time":"291.22","alternatives":[{"confidence":"0.8669333333333333","content":"끊어준단"}],"type":"pronunciation"},{"start_time":"291.22","end_time":"292.2","alternatives":[{"confidence":"1.0","content":"말이에요"}],"type":"pronunciation"},{"alternatives":[{"confidence":"0.0","content":"."}],"type":"punctuation"},{"start_time":"293.34","end_time":"293.66","alternatives":[{"confidence":"1.0","content":"저희가"}],"type":"pronunciation"},{"start_time":"293.66","end_time":"293.96","alternatives":[{"confidence":"0.9907","content":"필요한"}],"type":"pronunciation"},{"start_time":"293.96","end_time":"294.14","alternatives":[{"confidence":"0.682","content":"것은"}],"type":"pronunciation"},{"start_time":"294.14","end_time":"294.68","alternatives":[{"confidence":"0.999","content":"고객님이나"}],"type":"pronunciation"},{"start_time":"294.68","end_time":"295.06","alternatives":[{"confidence":"0.9943","content":"저나"}],"type":"pronunciation"},{"start_time":"295.06","end_time":"295.4","alternatives":[{"confidence":"0.8908","content":"필요한"}],"type":"pronunciation"},{"start_time":"295.4","end_time":"295.49","alternatives":[{"confidence":"0.9726","content":"게"}],"type":"pronunciation"},{"start_time":"295.49","end_time":"295.87","alternatives":[{"confidence":"0.7561","content":"법무용"}],"type":"pronunciation"},{"start_time":"295.87","end_time":"296.6","alternatives":[{"confidence":"0.9795666666666666","content":"납부증명서기"}],"type":"pronunciation"},{"start_time":"296.6","end_time":"296.89","alternatives":[{"confidence":"0.9998","content":"때문에"}],"type":"pronunciation"},{"start_time":"296.89","end_time":"297.19","alternatives":[{"confidence":"0.9999","content":"그걸"}],"type":"pronunciation"},{"start_time":"297.19","end_time":"297.57","alternatives":[{"confidence":"0.9271","content":"받아야"}],"type":"pronunciation"},{"start_time":"297.57","end_time":"297.8","alternatives":[{"confidence":"0.9435","content":"돼요"}],"type":"pronunciation"},{"alternatives":[{"confidence":"0.0","content":"."}],"type":"punctuation"},{"start_time":"297.8","end_time":"298.05","alternatives":[{"confidence":"0.9967","content":"그래야"}],"type":"pronunciation"},{"start_time":"298.05","end_time":"298.41","alternatives":[{"confidence":"1.0","content":"저희가"}],"type":"pronunciation"},{"start_time":"298.41","end_time":"298.76","alternatives":[{"confidence":"0.975","content":"진행을"}],"type":"pronunciation"},{"start_time":"298.76","end_time":"298.87","alternatives":[{"confidence":"0.9988","content":"할"}],"type":"pronunciation"},{"start_time":"298.87","end_time":"299.06","alternatives":[{"confidence":"0.9986","content":"수가"}],"type":"pronunciation"},{"start_time":"299.06","end_time":"300.18","alternatives":[{"confidence":"1.0","content":"있거든요"}],"type":"pronunciation"},{"alternatives":[{"confidence":"0.0","content":"."}],"type":"punctuation"},{"start_time":"300.73","end_time":"301.37","alternatives":[{"confidence":"0.9999","content":"그러니까"}],"type":"pronunciation"},{"start_time":"301.54","end_time":"302.01","alternatives":[{"confidence":"1.0","content":"조금만"}],"type":"pronunciation"},{"start_time":"302.01","end_time":"303.18","alternatives":[{"confidence":"0.9402333333333334","content":"기다려주시고요"}],"type":"pronunciation"},{"start_time":"303.33","end_time":"303.86","alternatives":[{"confidence":"0.87015","content":"오백만원"}],"type":"pronunciation"},{"start_time":"303.86","end_time":"304.28","alternatives":[{"confidence":"0.8859","content":"정도"}],"type":"pronunciation"},{"start_time":"304.28","end_time":"304.61","alternatives":[{"confidence":"0.98415","content":"입금을"}],"type":"pronunciation"},{"start_time":"304.61","end_time":"304.94","alternatives":[{"confidence":"0.815","content":"해주실"}],"type":"pronunciation"},{"start_time":"304.94","end_time":"305.05","alternatives":[{"confidence":"0.9999","content":"수"}],"type":"pronunciation"},{"start_time":"305.05","end_time":"306.45","alternatives":[{"confidence":"0.9266","content":"있다고요"}],"type":"pronunciation"},{"alternatives":[{"confidence":"0.0","content":"."}],"type":"punctuation"},{"start_time":"307.1","end_time":"307.43","alternatives":[{"confidence":"1.0","content":"그러면"}],"type":"pronunciation"},{"start_time":"307.43","end_time":"307.78","alternatives":[{"confidence":"1.0","content":"조금만"}],"type":"pronunciation"},{"start_time":"307.78","end_time":"308.36","alternatives":[{"confidence":"0.76735","content":"기다려주세요"}],"type":"pronunciation"},{"alternatives":[{"confidence":"0.0","content":"."}],"type":"punctuation"},{"start_time":"308.36","end_time":"308.65","alternatives":[{"confidence":"0.9995","content":"제가"}],"type":"pronunciation"},{"start_time":"308.65","end_time":"308.96","alternatives":[{"confidence":"1.0","content":"일단"}],"type":"pronunciation"},{"start_time":"308.96","end_time":"309.73","alternatives":[{"confidence":"0.5882000000000001","content":"업무요청"}],"type":"pronunciation"},{"start_time":"309.73","end_time":"310.35","alternatives":[{"confidence":"0.8752333333333334","content":"팀장님하고"}],"type":"pronunciation"},{"start_time":"310.35","end_time":"311.14","alternatives":[{"confidence":"0.9001333333333333","content":"해가지고요"}],"type":"pronunciation"},{"start_time":"311.17","end_time":"311.63","alternatives":[{"confidence":"0.48625","content":"거기니까"}],"type":"pronunciation"},{"start_time":"311.63","end_time":"312.7","alternatives":[{"confidence":"0.80355","content":"서류일단"}],"type":"pronunciation"},{"start_time":"312.7","end_time":"313.56","alternatives":[{"confidence":"0.9232333333333332","content":"현대캐피탈쪽에"}],"type":"pronunciation"},{"start_time":"313.56","end_time":"314.02","alternatives":[{"confidence":"0.9981","content":"넣고"}],"type":"pronunciation"},{"start_time":"314.02","end_time":"314.54","alternatives":[{"confidence":"0.9863","content":"제가"}],"type":"pronunciation"},{"start_time":"314.75","end_time":"315.34","alternatives":[{"confidence":"0.99675","content":"답장오는"}],"type":"pronunciation"},{"start_time":"315.34","end_time":"315.51","alternatives":[{"confidence":"0.9943","content":"대로"}],"type":"pronunciation"},{"start_time":"315.51","end_time":"315.8","alternatives":[{"confidence":"0.9967","content":"바로"}],"type":"pronunciation"},{"start_time":"315.8","end_time":"316.16","alternatives":[{"confidence":"1.0","content":"연락을"}],"type":"pronunciation"},{"start_time":"316.16","end_time":"317.45","alternatives":[{"confidence":"0.9896","content":"드릴게요"}],"type":"pronunciation"},{"alternatives":[{"confidence":"0.0","content":"."}],"type":"punctuation"},{"start_time":"317.88","end_time":"318.22","alternatives":[{"confidence":"0.5325","content":"이천"}],"type":"pronunciation"},{"start_time":"318.22","end_time":"318.46","alternatives":[{"confidence":"0.4375","content":"만원"}],"type":"pronunciation"},{"start_time":"318.46","end_time":"318.78","alternatives":[{"confidence":"0.9997","content":"그러면"}],"type":"pronunciation"},{"start_time":"318.78","end_time":"318.97","alternatives":[{"confidence":"0.999","content":"제가"}],"type":"pronunciation"},{"start_time":"318.97","end_time":"319.6","alternatives":[{"confidence":"0.9047499999999999","content":"올려드릴게요"}],"type":"pronunciation"},{"start_time":"319.6","end_time":"320.92","alternatives":[{"confidence":"0.58","content":"고객님네"}],"type":"pronunciation"},{"alternatives":[{"confidence":"0.0","content":"."}],"type":"punctuation"},{"start_time":"320.95","end_time":"321.33","alternatives":[{"confidence":"0.1632","content":"네"}],"type":"pronunciation"},{"alternatives":[{"confidence":"0.0","content":"."}],"type":"punctuation"}]},"status":"COMPLETED"}