{"jobName":"transcribe_loan13","accountId":"097989105209","results":{"transcripts":[{"transcript":"예, 하셨어요. 만약에 결제를 하시고도 이거 나중에 결과를 못 보셨다 하시는 경우 있잖아요. 그럴 때는 저희가 고인께서 결제금액은 전액 환불처리 도와드린 다는 거예요. 그래서 만약에 안 되면 안 된다고 제가 정확하게 말씀을 드릴 거고, 마무리까지 고객님한테 피해 가시는 일이 없도록 제가 정확하게 마무리 지어드릴건데. 제가 보니까 지금 이거에 대해 말씀드리는 이유는 해도 안 되시는 분들이 솔직히 대부분이에요. 그런데 같은 경우에는 신용정보 하시면 구십 프로 이상 대출 가능 하시기 때문에 제가 말씀을 드려보는 거고 이거 말 그대로 고 있는 신형 들을 임의로 저희 측에서 조절하기 때문에 약간 편법으로 진행이 되시는 거고 비용도 조금 들어가시지만. 무조건 저희 상품을 써주시는 조건 하에 제가 진행을 해드릴 건데 이거를 진행하시면 진행이 어떻게 되는 것만 설명을 드려볼게요 저희 정보 수정진행을 하게 되시면 저희가 총 삼 개월 동안 신용관리를 드릴 거예요. 거기 바쁘세요 삼개월 뒤에는 발령으로 이제 일반 일곱 명 있죠. 국민 은행, 신한은행 우리은행이런 쪽에서도 신용대출을 받아볼 수 있을 만큼 깨끗하세요. 근데 에서 정보 규정 자체는 저희쪽 회사에서 받아보시고 대출은 그때 돼서 다른 쪽에서 받아 보신 다 하시면 저희가 이번 없어지잖아요 그렇죠. 때문에 그 후에는 무조건 저희 회사 상품은 꼭 사용해 주셨다고 약속을 해주셔야 저도 진행을 해드릴 수 있는 거고요. 경우에 일단 오천만원까지 나가세요. 삼천만원 최소 3 천만원까지 나가시고. 여기에 대한 금리는 처음에는 칠점구 프로 적용이 되실 거예요. 그런데 님께서 육 개월동안 상환을 잘 해주신다 하시면 저희가 등급을 생산시켜드릴 거고 그로 인해 이제 저희가 금리 혜택이 좀 더 들어가요. 이프로 정도 그래서 최종적으로 이제 오프로스트의 이용할 수 있으실 거예요. 근데 저희 쪽작업 나가시는데 제가 정보 수정투자라고 말씀하셨어요. 그렇죠. 저희가 지금 고객님등급 자체를 하루아침에 지금 저희 쪽에서 확인 되시는데. 이 등급 삼 등급까지 만들어 드리게 되면 저희 집도 물론이고 께서도 이제 금감원에 적발될 가능성이 있으세요. 그렇기 때문에 그쪽에 걸리지 않는 정도로 평점으로 계산해서 조금씩 올려드릴건데. 그 기관은 한두달정도 걸리시고요 이해하신 거 맞으세요 수정신용정보를 저희가 두 달 뒤에 은행연합회전선에 등재할 건데요. 그러면은 고객님이 되시는 거고 그 다음에 저희 삼천만원 이상 받아 보실 때 처리해 주실 거에요. 그런데 여기서 중요한 건 제가 삼 개월 드린다고 말씀드렸는데 그 사이에 한 달 정도 공급이 생겨요. 그게 뭐 하시냐 면요 저희가 정보 주장해 드리지만 지금 정보에 대해서 저희가 변경이 불가능합니다. 그래서 일단 저희 자금 받아 보시면 상황 보고하셨다고 증빙 하시면 저희가 받아보는 이력에 대해서 드리고 아시겠죠. 생각해서 지금 저희 쪽짜리 토론 같은 경우에 저희가 없어 드린다는 거예요. 그리고 저희 신용으로 해서 그 이상으로 저희가 조금 받아 처리해준다는 건데 어떠세요? 그래서 요즘 인가요? 뭐 필요해요? 뭐가 필요하다는 하신 건 없고 일단 진행을 제가 도와드릴 수 있는데 여기에 대해서 비용이 청구되신 다는 거예요. 그러니까 저희가 평점 같은 거 등급 같은 거 변경을 하려면 저희가 권한을 받아와야 되거든요. 그러기 위해서 임의로 대출 건수를 한번 발생시킬 건데 거기에 대해 비용 청구가 되세요. 퍼센트 지는 한 사십사 프로 정도 얼마나 사십팔 거든요. 일단 하시는 거는 저희가 최소금액으로 진행을 할 거고 하시면 삼백 정도 한다고 발생하실 거예요. 네. 거기에 대해서 비용 청구가 조금 되시죠. 근데 아까 필요하다고 하신 감각이 실제로 삼백만원 정도 되시면요 그러면 저희가 육백한두 를 형성시켜 얘기해서 먹고 거기에 대해서 한 이백얼마 들어가실 거예요. 저는 하고서 그 달 기에는 그쪽에서 삼 천만원까지 받아볼 수 있으신거죠. 알겠습니다. 그럼 이거 진행테니까. 이거 보안 유지만 좀 해주세요."}],"items":[{"start_time":"0.94","end_time":"1.1","alternatives":[{"confidence":"0.3251","content":"예"}],"type":"pronunciation"},{"alternatives":[{"confidence":"0.0","content":","}],"type":"punctuation"},{"start_time":"2.74","end_time":"3.2","alternatives":[{"confidence":"0.9716","content":"하셨어요"}],"type":"pronunciation"},{"alternatives":[{"confidence":"0.0","content":"."}],"type":"punctuation"},{"start_time":"6.08","end_time":"6.42","alternatives":[{"confidence":"0.9941","content":"만약에"}],"type":"pronunciation"},{"start_time":"6.54","end_time":"7.09","alternatives":[{"confidence":"0.9874","content":"결제를"}],"type":"pronunciation"},{"start_time":"7.09","end_time":"7.87","alternatives":[{"confidence":"0.9896","content":"하시고도"}],"type":"pronunciation"},{"start_time":"7.87","end_time":"8.08","alternatives":[{"confidence":"0.8004","content":"이거"}],"type":"pronunciation"},{"start_time":"8.08","end_time":"8.48","alternatives":[{"confidence":"0.9981","content":"나중에"}],"type":"pronunciation"},{"start_time":"8.48","end_time":"8.92","alternatives":[{"confidence":"1.0","content":"결과를"}],"type":"pronunciation"},{"start_time":"8.92","end_time":"9.08","alternatives":[{"confidence":"0.955","content":"못"}],"type":"pronunciation"},{"start_time":"9.09","end_time":"9.46","alternatives":[{"confidence":"0.9897499999999999","content":"보셨다"}],"type":"pronunciation"},{"start_time":"9.46","end_time":"9.75","alternatives":[{"confidence":"0.9997","content":"하시는"}],"type":"pronunciation"},{"start_time":"9.75","end_time":"9.96","alternatives":[{"confidence":"0.9977","content":"경우"}],"type":"pronunciation"},{"start_time":"9.96","end_time":"10.85","alternatives":[{"confidence":"1.0","content":"있잖아요"}],"type":"pronunciation"},{"alternatives":[{"confidence":"0.0","content":"."}],"type":"punctuation"},{"start_time":"11.19","end_time":"11.41","alternatives":[{"confidence":"0.8395","content":"그럴"}],"type":"pronunciation"},{"start_time":"11.41","end_time":"11.63","alternatives":[{"confidence":"0.9991","content":"때는"}],"type":"pronunciation"},{"start_time":"11.63","end_time":"12.04","alternatives":[{"confidence":"1.0","content":"저희가"}],"type":"pronunciation"},{"start_time":"12.04","end_time":"12.5","alternatives":[{"confidence":"0.09446666666666666","content":"고인께서"}],"type":"pronunciation"},{"start_time":"12.5","end_time":"13.24","alternatives":[{"confidence":"0.09605000000000001","content":"결제금액은"}],"type":"pronunciation"},{"start_time":"13.24","end_time":"13.46","alternatives":[{"confidence":"0.8096","content":"전액"}],"type":"pronunciation"},{"start_time":"13.49","end_time":"13.94","alternatives":[{"confidence":"0.80955","content":"환불처리"}],"type":"pronunciation"},{"start_time":"13.94","end_time":"14.36","alternatives":[{"confidence":"0.75315","content":"도와드린"}],"type":"pronunciation"},{"start_time":"14.36","end_time":"14.57","alternatives":[{"confidence":"0.4729","content":"다는"}],"type":"pronunciation"},{"start_time":"14.57","end_time":"15.19","alternatives":[{"confidence":"0.9394","content":"거예요"}],"type":"pronunciation"},{"alternatives":[{"confidence":"0.0","content":"."}],"type":"punctuation"},{"start_time":"17.92","end_time":"18.53","alternatives":[{"confidence":"0.9978","content":"그래서"}],"type":"pronunciation"},{"start_time":"18.75","end_time":"19.58","alternatives":[{"confidence":"1.0","content":"만약에"}],"type":"pronunciation"},{"start_time":"19.58","end_time":"19.76","alternatives":[{"confidence":"0.9054","content":"안"}],"type":"pronunciation"},{"start_time":"19.76","end_time":"20.06","alternatives":[{"confidence":"0.9114","content":"되면"}],"type":"pronunciation"},{"start_time":"20.06","end_time":"20.15","alternatives":[{"confidence":"0.6646","content":"안"}],"type":"pronunciation"},{"start_time":"20.15","end_time":"20.46","alternatives":[{"confidence":"0.6775","content":"된다고"}],"type":"pronunciation"},{"start_time":"20.46","end_time":"20.6","alternatives":[{"confidence":"0.9875","content":"제가"}],"type":"pronunciation"},{"start_time":"20.6","end_time":"20.96","alternatives":[{"confidence":"0.9992","content":"정확하게"}],"type":"pronunciation"},{"start_time":"20.96","end_time":"21.32","alternatives":[{"confidence":"0.993","content":"말씀을"}],"type":"pronunciation"},{"start_time":"21.32","end_time":"21.59","alternatives":[{"confidence":"0.9764","content":"드릴"}],"type":"pronunciation"},{"start_time":"21.59","end_time":"22.01","alternatives":[{"confidence":"1.0","content":"거고"}],"type":"pronunciation"},{"alternatives":[{"confidence":"0.0","content":","}],"type":"punctuation"},{"start_time":"22.58","end_time":"23.2","alternatives":[{"confidence":"0.92335","content":"마무리까지"}],"type":"pronunciation"},{"start_time":"23.2","end_time":"23.86","alternatives":[{"confidence":"0.9983","content":"고객님한테"}],"type":"pronunciation"},{"start_time":"23.86","end_time":"24.14","alternatives":[{"confidence":"0.9369","content":"피해"}],"type":"pronunciation"},{"start_time":"24.14","end_time":"24.54","alternatives":[{"confidence":"0.9807","content":"가시는"}],"type":"pronunciation"},{"start_time":"24.54","end_time":"24.67","alternatives":[{"confidence":"0.477","content":"일이"}],"type":"pronunciation"},{"start_time":"24.67","end_time":"25.03","alternatives":[{"confidence":"1.0","content":"없도록"}],"type":"pronunciation"},{"start_time":"25.03","end_time":"25.19","alternatives":[{"confidence":"0.867","content":"제가"}],"type":"pronunciation"},{"start_time":"25.19","end_time":"25.54","alternatives":[{"confidence":"0.9989","content":"정확하게"}],"type":"pronunciation"},{"start_time":"25.54","end_time":"25.81","alternatives":[{"confidence":"0.6712","content":"마무리"}],"type":"pronunciation"},{"start_time":"25.81","end_time":"26.92","alternatives":[{"confidence":"0.7630666666666667","content":"지어드릴건데"}],"type":"pronunciation"},{"alternatives":[{"confidence":"0.0","content":"."}],"type":"punctuation"},{"start_time":"27.39","end_time":"27.56","alternatives":[{"confidence":"0.9877","content":"제가"}],"type":"pronunciation"},{"start_time":"27.56","end_time":"27.92","alternatives":[{"confidence":"0.5827","content":"보니까"}],"type":"pronunciation"},{"start_time":"27.92","end_time":"28.1","alternatives":[{"confidence":"0.9956","content":"지금"}],"type":"pronunciation"},{"start_time":"28.1","end_time":"28.28","alternatives":[{"confidence":"0.73125","content":"이거에"}],"type":"pronunciation"},{"start_time":"28.28","end_time":"28.42","alternatives":[{"confidence":"0.9849","content":"대해"}],"type":"pronunciation"},{"start_time":"28.42","end_time":"29.03","alternatives":[{"confidence":"0.90515","content":"말씀드리는"}],"type":"pronunciation"},{"start_time":"29.03","end_time":"29.42","alternatives":[{"confidence":"1.0","content":"이유는"}],"type":"pronunciation"},{"start_time":"29.42","end_time":"29.69","alternatives":[{"confidence":"0.9954","content":"해도"}],"type":"pronunciation"},{"start_time":"29.69","end_time":"29.81","alternatives":[{"confidence":"0.9671","content":"안"}],"type":"pronunciation"},{"start_time":"29.81","end_time":"30.16","alternatives":[{"confidence":"0.9841","content":"되시는"}],"type":"pronunciation"},{"start_time":"30.16","end_time":"30.42","alternatives":[{"confidence":"0.9088","content":"분들이"}],"type":"pronunciation"},{"start_time":"30.42","end_time":"30.7","alternatives":[{"confidence":"0.9998","content":"솔직히"}],"type":"pronunciation"},{"start_time":"30.7","end_time":"31.7","alternatives":[{"confidence":"0.9086000000000001","content":"대부분이에요"}],"type":"pronunciation"},{"alternatives":[{"confidence":"0.0","content":"."}],"type":"punctuation"},{"start_time":"32.47","end_time":"32.76","alternatives":[{"confidence":"0.7389","content":"그런데"}],"type":"pronunciation"},{"start_time":"33.04","end_time":"33.24","alternatives":[{"confidence":"0.9962","content":"같은"}],"type":"pronunciation"},{"start_time":"33.24","end_time":"33.64","alternatives":[{"confidence":"0.9932","content":"경우에는"}],"type":"pronunciation"},{"start_time":"33.64","end_time":"34.12","alternatives":[{"confidence":"0.9275","content":"신용정보"}],"type":"pronunciation"},{"start_time":"34.52","end_time":"34.85","alternatives":[{"confidence":"0.3815","content":"하시면"}],"type":"pronunciation"},{"start_time":"34.88","end_time":"35.25","alternatives":[{"confidence":"0.7144","content":"구십"}],"type":"pronunciation"},{"start_time":"35.25","end_time":"35.47","alternatives":[{"confidence":"0.9674","content":"프로"}],"type":"pronunciation"},{"start_time":"35.47","end_time":"35.89","alternatives":[{"confidence":"0.7768","content":"이상"}],"type":"pronunciation"},{"start_time":"35.92","end_time":"36.22","alternatives":[{"confidence":"0.6476","content":"대출"}],"type":"pronunciation"},{"start_time":"36.22","end_time":"36.53","alternatives":[{"confidence":"0.5994","content":"가능"}],"type":"pronunciation"},{"start_time":"36.53","end_time":"36.82","alternatives":[{"confidence":"0.9973","content":"하시기"}],"type":"pronunciation"},{"start_time":"36.82","end_time":"37.3","alternatives":[{"confidence":"1.0","content":"때문에"}],"type":"pronunciation"},{"start_time":"37.3","end_time":"37.49","alternatives":[{"confidence":"1.0","content":"제가"}],"type":"pronunciation"},{"start_time":"37.49","end_time":"37.82","alternatives":[{"confidence":"0.996","content":"말씀을"}],"type":"pronunciation"},{"start_time":"37.82","end_time":"38.25","alternatives":[{"confidence":"0.8327","content":"드려보는"}],"type":"pronunciation"},{"start_time":"38.25","end_time":"38.71","alternatives":[{"confidence":"0.9926","content":"거고"}],"type":"pronunciation"},{"start_time":"39.53","end_time":"39.71","alternatives":[{"confidence":"0.8114","content":"이거"}],"type":"pronunciation"},{"start_time":"39.71","end_time":"39.94","alternatives":[{"confidence":"0.8037","content":"말"}],"type":"pronunciation"},{"start_time":"39.94","end_time":"40.23","alternatives":[{"confidence":"0.9821","content":"그대로"}],"type":"pronunciation"},{"start_time":"40.23","end_time":"40.35","alternatives":[{"confidence":"0.5536","content":"고"}],"type":"pronunciation"},{"start_time":"40.35","end_time":"40.52","alternatives":[{"confidence":"0.9522","content":"있는"}],"type":"pronunciation"},{"start_time":"40.52","end_time":"40.76","alternatives":[{"confidence":"0.2992","content":"신형"}],"type":"pronunciation"},{"start_time":"40.76","end_time":"41.04","alternatives":[{"confidence":"0.9711","content":"들을"}],"type":"pronunciation"},{"start_time":"41.04","end_time":"41.44","alternatives":[{"confidence":"0.9607","content":"임의로"}],"type":"pronunciation"},{"start_time":"41.44","end_time":"41.62","alternatives":[{"confidence":"0.9263","content":"저희"}],"type":"pronunciation"},{"start_time":"41.62","end_time":"41.88","alternatives":[{"confidence":"0.8726","content":"측에서"}],"type":"pronunciation"},{"start_time":"41.88","end_time":"42.41","alternatives":[{"confidence":"0.98745","content":"조절하기"}],"type":"pronunciation"},{"start_time":"42.41","end_time":"42.84","alternatives":[{"confidence":"0.9996","content":"때문에"}],"type":"pronunciation"},{"start_time":"42.84","end_time":"43.1","alternatives":[{"confidence":"0.9968","content":"약간"}],"type":"pronunciation"},{"start_time":"43.1","end_time":"43.53","alternatives":[{"confidence":"0.9995","content":"편법으로"}],"type":"pronunciation"},{"start_time":"43.53","end_time":"43.87","alternatives":[{"confidence":"0.9911000000000001","content":"진행이"}],"type":"pronunciation"},{"start_time":"43.87","end_time":"44.21","alternatives":[{"confidence":"0.9854","content":"되시는"}],"type":"pronunciation"},{"start_time":"44.21","end_time":"44.72","alternatives":[{"confidence":"0.9993","content":"거고"}],"type":"pronunciation"},{"start_time":"45.11","end_time":"45.53","alternatives":[{"confidence":"0.9942","content":"비용도"}],"type":"pronunciation"},{"start_time":"45.53","end_time":"45.75","alternatives":[{"confidence":"0.7375","content":"조금"}],"type":"pronunciation"},{"start_time":"45.78","end_time":"46.65","alternatives":[{"confidence":"0.4997666666666667","content":"들어가시지만"}],"type":"pronunciation"},{"alternatives":[{"confidence":"0.0","content":"."}],"type":"punctuation"},{"start_time":"46.65","end_time":"47.11","alternatives":[{"confidence":"0.9995","content":"무조건"}],"type":"pronunciation"},{"start_time":"47.11","end_time":"47.33","alternatives":[{"confidence":"0.8397","content":"저희"}],"type":"pronunciation"},{"start_time":"47.33","end_time":"47.7","alternatives":[{"confidence":"0.9989","content":"상품을"}],"type":"pronunciation"},{"start_time":"47.7","end_time":"48.24","alternatives":[{"confidence":"0.7735000000000001","content":"써주시는"}],"type":"pronunciation"},{"start_time":"48.24","end_time":"48.61","alternatives":[{"confidence":"0.5417","content":"조건"}],"type":"pronunciation"},{"start_time":"48.61","end_time":"48.82","alternatives":[{"confidence":"0.9627","content":"하에"}],"type":"pronunciation"},{"start_time":"48.82","end_time":"49.04","alternatives":[{"confidence":"0.9931","content":"제가"}],"type":"pronunciation"},{"start_time":"49.04","end_time":"49.42","alternatives":[{"confidence":"0.9758","content":"진행을"}],"type":"pronunciation"},{"start_time":"49.42","end_time":"49.73","alternatives":[{"confidence":"0.8621000000000001","content":"해드릴"}],"type":"pronunciation"},{"start_time":"49.73","end_time":"49.98","alternatives":[{"confidence":"0.5301","content":"건데"}],"type":"pronunciation"},{"start_time":"51.91","end_time":"52.23","alternatives":[{"confidence":"0.76495","content":"이거를"}],"type":"pronunciation"},{"start_time":"52.23","end_time":"53.05","alternatives":[{"confidence":"0.99545","content":"진행하시면"}],"type":"pronunciation"},{"start_time":"53.05","end_time":"53.4","alternatives":[{"confidence":"0.98655","content":"진행이"}],"type":"pronunciation"},{"start_time":"53.4","end_time":"53.74","alternatives":[{"confidence":"0.9947","content":"어떻게"}],"type":"pronunciation"},{"start_time":"53.74","end_time":"53.95","alternatives":[{"confidence":"0.9453","content":"되는"}],"type":"pronunciation"},{"start_time":"53.95","end_time":"54.2","alternatives":[{"confidence":"0.9024","content":"것만"}],"type":"pronunciation"},{"start_time":"54.26","end_time":"54.58","alternatives":[{"confidence":"0.9996","content":"설명을"}],"type":"pronunciation"},{"start_time":"54.58","end_time":"55.54","alternatives":[{"confidence":"0.9873000000000001","content":"드려볼게요"}],"type":"pronunciation"},{"start_time":"56.2","end_time":"56.44","alternatives":[{"confidence":"0.4865","content":"저희"}],"type":"pronunciation"},{"start_time":"56.44","end_time":"56.69","alternatives":[{"confidence":"0.4558","content":"정보"}],"type":"pronunciation"},{"start_time":"56.69","end_time":"57.18","alternatives":[{"confidence":"0.5801499999999999","content":"수정진행을"}],"type":"pronunciation"},{"start_time":"57.18","end_time":"57.34","alternatives":[{"confidence":"0.9588","content":"하게"}],"type":"pronunciation"},{"start_time":"57.34","end_time":"57.78","alternatives":[{"confidence":"0.99985","content":"되시면"}],"type":"pronunciation"},{"start_time":"57.78","end_time":"58.21","alternatives":[{"confidence":"1.0","content":"저희가"}],"type":"pronunciation"},{"start_time":"58.21","end_time":"58.48","alternatives":[{"confidence":"0.9199","content":"총"}],"type":"pronunciation"},{"start_time":"58.48","end_time":"58.69","alternatives":[{"confidence":"0.7942","content":"삼"}],"type":"pronunciation"},{"start_time":"58.69","end_time":"58.96","alternatives":[{"confidence":"0.9146","content":"개월"}],"type":"pronunciation"},{"start_time":"58.96","end_time":"59.24","alternatives":[{"confidence":"0.9959","content":"동안"}],"type":"pronunciation"},{"start_time":"59.24","end_time":"59.85","alternatives":[{"confidence":"0.9776","content":"신용관리를"}],"type":"pronunciation"},{"start_time":"59.96","end_time":"60.14","alternatives":[{"confidence":"0.4744","content":"드릴"}],"type":"pronunciation"},{"start_time":"60.14","end_time":"60.54","alternatives":[{"confidence":"0.4425","content":"거예요"}],"type":"pronunciation"},{"alternatives":[{"confidence":"0.0","content":"."}],"type":"punctuation"},{"start_time":"62.94","end_time":"63.13","alternatives":[{"confidence":"0.2861","content":"거기"}],"type":"pronunciation"},{"start_time":"63.13","end_time":"63.74","alternatives":[{"confidence":"0.9962","content":"바쁘세요"}],"type":"pronunciation"},{"start_time":"68.02","end_time":"68.51","alternatives":[{"confidence":"0.59575","content":"삼개월"}],"type":"pronunciation"},{"start_time":"68.51","end_time":"68.9","alternatives":[{"confidence":"0.9366","content":"뒤에는"}],"type":"pronunciation"},{"start_time":"69.95","end_time":"70.6","alternatives":[{"confidence":"0.44475","content":"발령으로"}],"type":"pronunciation"},{"start_time":"71.49","end_time":"71.69","alternatives":[{"confidence":"0.3097","content":"이제"}],"type":"pronunciation"},{"start_time":"71.69","end_time":"72.13","alternatives":[{"confidence":"0.7963","content":"일반"}],"type":"pronunciation"},{"start_time":"72.13","end_time":"72.4","alternatives":[{"confidence":"0.3708","content":"일곱"}],"type":"pronunciation"},{"start_time":"72.4","end_time":"72.53","alternatives":[{"confidence":"0.2977","content":"명"}],"type":"pronunciation"},{"start_time":"72.72","end_time":"73.11","alternatives":[{"confidence":"0.9985","content":"있죠"}],"type":"pronunciation"},{"alternatives":[{"confidence":"0.0","content":"."}],"type":"punctuation"},{"start_time":"73.2","end_time":"73.5","alternatives":[{"confidence":"0.3553","content":"국민"}],"type":"pronunciation"},{"start_time":"73.5","end_time":"73.98","alternatives":[{"confidence":"0.4497","content":"은행"}],"type":"pronunciation"},{"alternatives":[{"confidence":"0.0","content":","}],"type":"punctuation"},{"start_time":"74.37","end_time":"75.08","alternatives":[{"confidence":"0.9009","content":"신한은행"}],"type":"pronunciation"},{"start_time":"75.23","end_time":"76.39","alternatives":[{"confidence":"0.9188000000000001","content":"우리은행이런"}],"type":"pronunciation"},{"start_time":"76.39","end_time":"77.23","alternatives":[{"confidence":"0.9975","content":"쪽에서도"}],"type":"pronunciation"},{"start_time":"77.78","end_time":"78.36","alternatives":[{"confidence":"0.92965","content":"신용대출을"}],"type":"pronunciation"},{"start_time":"78.36","end_time":"78.68","alternatives":[{"confidence":"0.8322499999999999","content":"받아볼"}],"type":"pronunciation"},{"start_time":"78.68","end_time":"78.76","alternatives":[{"confidence":"0.9998","content":"수"}],"type":"pronunciation"},{"start_time":"78.76","end_time":"78.93","alternatives":[{"confidence":"0.8944","content":"있을"}],"type":"pronunciation"},{"start_time":"78.93","end_time":"79.2","alternatives":[{"confidence":"0.9999","content":"만큼"}],"type":"pronunciation"},{"start_time":"79.2","end_time":"80.76","alternatives":[{"confidence":"0.7622","content":"깨끗하세요"}],"type":"pronunciation"},{"alternatives":[{"confidence":"0.0","content":"."}],"type":"punctuation"},{"start_time":"81.31","end_time":"81.6","alternatives":[{"confidence":"0.8956","content":"근데"}],"type":"pronunciation"},{"start_time":"81.97","end_time":"82.44","alternatives":[{"confidence":"0.7326","content":"에서"}],"type":"pronunciation"},{"start_time":"83.26","end_time":"83.65","alternatives":[{"confidence":"0.7498","content":"정보"}],"type":"pronunciation"},{"start_time":"83.65","end_time":"83.93","alternatives":[{"confidence":"0.4208","content":"규정"}],"type":"pronunciation"},{"start_time":"83.93","end_time":"84.39","alternatives":[{"confidence":"0.997","content":"자체는"}],"type":"pronunciation"},{"start_time":"84.39","end_time":"84.76","alternatives":[{"confidence":"0.80645","content":"저희쪽"}],"type":"pronunciation"},{"start_time":"84.76","end_time":"85.13","alternatives":[{"confidence":"0.9992","content":"회사에서"}],"type":"pronunciation"},{"start_time":"85.13","end_time":"86.07","alternatives":[{"confidence":"0.8974","content":"받아보시고"}],"type":"pronunciation"},{"start_time":"86.67","end_time":"87.12","alternatives":[{"confidence":"0.98105","content":"대출은"}],"type":"pronunciation"},{"start_time":"87.12","end_time":"87.33","alternatives":[{"confidence":"0.7216","content":"그때"}],"type":"pronunciation"},{"start_time":"87.33","end_time":"87.57","alternatives":[{"confidence":"0.9396","content":"돼서"}],"type":"pronunciation"},{"start_time":"87.57","end_time":"87.82","alternatives":[{"confidence":"0.9725","content":"다른"}],"type":"pronunciation"},{"start_time":"87.82","end_time":"88.1","alternatives":[{"confidence":"0.9997","content":"쪽에서"}],"type":"pronunciation"},{"start_time":"88.1","end_time":"88.31","alternatives":[{"confidence":"0.4468","content":"받아"}],"type":"pronunciation"},{"start_time":"88.31","end_time":"88.57","alternatives":[{"confidence":"0.5371","content":"보신"}],"type":"pronunciation"},{"start_time":"88.57","end_time":"88.67","alternatives":[{"confidence":"0.8019","content":"다"}],"type":"pronunciation"},{"start_time":"88.67","end_time":"89.0","alternatives":[{"confidence":"1.0","content":"하시면"}],"type":"pronunciation"},{"start_time":"89.0","end_time":"89.32","alternatives":[{"confidence":"1.0","content":"저희가"}],"type":"pronunciation"},{"start_time":"89.32","end_time":"89.51","alternatives":[{"confidence":"0.7433","content":"이번"}],"type":"pronunciation"},{"start_time":"90.39","end_time":"90.97","alternatives":[{"confidence":"0.9968","content":"없어지잖아요"}],"type":"pronunciation"},{"start_time":"90.97","end_time":"92.13","alternatives":[{"confidence":"0.5436","content":"그렇죠"}],"type":"pronunciation"},{"alternatives":[{"confidence":"0.0","content":"."}],"type":"punctuation"},{"start_time":"94.43","end_time":"94.68","alternatives":[{"confidence":"0.9908","content":"때문에"}],"type":"pronunciation"},{"start_time":"94.68","end_time":"94.81","alternatives":[{"confidence":"0.8868","content":"그"}],"type":"pronunciation"},{"start_time":"94.81","end_time":"95.32","alternatives":[{"confidence":"0.9985","content":"후에는"}],"type":"pronunciation"},{"start_time":"95.32","end_time":"95.71","alternatives":[{"confidence":"0.9997","content":"무조건"}],"type":"pronunciation"},{"start_time":"95.71","end_time":"95.9","alternatives":[{"confidence":"0.9797","content":"저희"}],"type":"pronunciation"},{"start_time":"95.9","end_time":"96.08","alternatives":[{"confidence":"0.7277","content":"회사"}],"type":"pronunciation"},{"start_time":"96.08","end_time":"96.41","alternatives":[{"confidence":"0.5915","content":"상품은"}],"type":"pronunciation"},{"start_time":"96.41","end_time":"96.58","alternatives":[{"confidence":"0.9958","content":"꼭"}],"type":"pronunciation"},{"start_time":"96.58","end_time":"96.89","alternatives":[{"confidence":"0.4184","content":"사용해"}],"type":"pronunciation"},{"start_time":"96.89","end_time":"97.26","alternatives":[{"confidence":"0.3873","content":"주셨다고"}],"type":"pronunciation"},{"start_time":"97.26","end_time":"97.6","alternatives":[{"confidence":"0.846","content":"약속을"}],"type":"pronunciation"},{"start_time":"97.6","end_time":"98.01","alternatives":[{"confidence":"0.8264","content":"해주셔야"}],"type":"pronunciation"},{"start_time":"98.01","end_time":"98.21","alternatives":[{"confidence":"0.9629","content":"저도"}],"type":"pronunciation"},{"start_time":"98.21","end_time":"98.57","alternatives":[{"confidence":"0.973","content":"진행을"}],"type":"pronunciation"},{"start_time":"98.57","end_time":"98.83","alternatives":[{"confidence":"0.95095","content":"해드릴"}],"type":"pronunciation"},{"start_time":"98.83","end_time":"98.94","alternatives":[{"confidence":"1.0","content":"수"}],"type":"pronunciation"},{"start_time":"98.94","end_time":"99.13","alternatives":[{"confidence":"0.8791","content":"있는"}],"type":"pronunciation"},{"start_time":"99.13","end_time":"99.97","alternatives":[{"confidence":"0.933","content":"거고요"}],"type":"pronunciation"},{"alternatives":[{"confidence":"0.0","content":"."}],"type":"punctuation"},{"start_time":"101.75","end_time":"102.22","alternatives":[{"confidence":"0.8982","content":"경우에"}],"type":"pronunciation"},{"start_time":"102.22","end_time":"102.5","alternatives":[{"confidence":"1.0","content":"일단"}],"type":"pronunciation"},{"start_time":"102.5","end_time":"103.19","alternatives":[{"confidence":"0.8176666666666667","content":"오천만원까지"}],"type":"pronunciation"},{"start_time":"103.19","end_time":"104.12","alternatives":[{"confidence":"0.9489000000000001","content":"나가세요"}],"type":"pronunciation"},{"alternatives":[{"confidence":"0.0","content":"."}],"type":"punctuation"},{"start_time":"104.4","end_time":"104.99","alternatives":[{"confidence":"0.9174","content":"삼천만원"}],"type":"pronunciation"},{"start_time":"104.99","end_time":"105.23","alternatives":[{"confidence":"0.9984","content":"최소"}],"type":"pronunciation"},{"start_time":"105.23","end_time":"105.37","alternatives":[{"confidence":"0.4427","content":"3"}],"type":"pronunciation"},{"start_time":"105.37","end_time":"105.9","alternatives":[{"confidence":"0.82795","content":"천만원까지"}],"type":"pronunciation"},{"start_time":"105.9","end_time":"106.52","alternatives":[{"confidence":"0.9471","content":"나가시고"}],"type":"pronunciation"},{"alternatives":[{"confidence":"0.0","content":"."}],"type":"punctuation"},{"start_time":"106.52","end_time":"106.8","alternatives":[{"confidence":"0.9959","content":"여기에"}],"type":"pronunciation"},{"start_time":"106.8","end_time":"107.03","alternatives":[{"confidence":"0.9972","content":"대한"}],"type":"pronunciation"},{"start_time":"107.03","end_time":"107.44","alternatives":[{"confidence":"0.9753000000000001","content":"금리는"}],"type":"pronunciation"},{"start_time":"107.44","end_time":"108.02","alternatives":[{"confidence":"0.9996","content":"처음에는"}],"type":"pronunciation"},{"start_time":"108.02","end_time":"108.47","alternatives":[{"confidence":"0.7884666666666668","content":"칠점구"}],"type":"pronunciation"},{"start_time":"108.47","end_time":"108.66","alternatives":[{"confidence":"0.9424","content":"프로"}],"type":"pronunciation"},{"start_time":"108.66","end_time":"108.93","alternatives":[{"confidence":"0.9945999999999999","content":"적용이"}],"type":"pronunciation"},{"start_time":"108.93","end_time":"109.15","alternatives":[{"confidence":"0.9749","content":"되실"}],"type":"pronunciation"},{"start_time":"109.15","end_time":"109.53","alternatives":[{"confidence":"0.7513","content":"거예요"}],"type":"pronunciation"},{"alternatives":[{"confidence":"0.0","content":"."}],"type":"punctuation"},{"start_time":"110.21","end_time":"110.54","alternatives":[{"confidence":"0.8355","content":"그런데"}],"type":"pronunciation"},{"start_time":"110.78","end_time":"111.07","alternatives":[{"confidence":"0.8026","content":"님께서"}],"type":"pronunciation"},{"start_time":"111.07","end_time":"111.24","alternatives":[{"confidence":"0.6763","content":"육"}],"type":"pronunciation"},{"start_time":"111.24","end_time":"111.71","alternatives":[{"confidence":"0.7947500000000001","content":"개월동안"}],"type":"pronunciation"},{"start_time":"111.71","end_time":"112.06","alternatives":[{"confidence":"0.62165","content":"상환을"}],"type":"pronunciation"},{"start_time":"112.06","end_time":"112.2","alternatives":[{"confidence":"0.7878","content":"잘"}],"type":"pronunciation"},{"start_time":"112.2","end_time":"112.64","alternatives":[{"confidence":"0.8586","content":"해주신다"}],"type":"pronunciation"},{"start_time":"112.64","end_time":"112.96","alternatives":[{"confidence":"1.0","content":"하시면"}],"type":"pronunciation"},{"start_time":"112.96","end_time":"113.26","alternatives":[{"confidence":"0.904","content":"저희가"}],"type":"pronunciation"},{"start_time":"114.02","end_time":"114.33","alternatives":[{"confidence":"0.9973","content":"등급을"}],"type":"pronunciation"},{"start_time":"114.33","end_time":"114.98","alternatives":[{"confidence":"0.7061666666666667","content":"생산시켜드릴"}],"type":"pronunciation"},{"start_time":"114.98","end_time":"115.47","alternatives":[{"confidence":"1.0","content":"거고"}],"type":"pronunciation"},{"start_time":"116.6","end_time":"116.93","alternatives":[{"confidence":"0.9359","content":"그로"}],"type":"pronunciation"},{"start_time":"116.93","end_time":"117.4","alternatives":[{"confidence":"1.0","content":"인해"}],"type":"pronunciation"},{"start_time":"117.43","end_time":"117.58","alternatives":[{"confidence":"0.6267","content":"이제"}],"type":"pronunciation"},{"start_time":"117.61","end_time":"118.2","alternatives":[{"confidence":"1.0","content":"저희가"}],"type":"pronunciation"},{"start_time":"118.26","end_time":"118.54","alternatives":[{"confidence":"0.3691","content":"금리"}],"type":"pronunciation"},{"start_time":"118.74","end_time":"119.0","alternatives":[{"confidence":"0.99","content":"혜택이"}],"type":"pronunciation"},{"start_time":"119.0","end_time":"119.14","alternatives":[{"confidence":"0.977","content":"좀"}],"type":"pronunciation"},{"start_time":"119.14","end_time":"119.23","alternatives":[{"confidence":"0.9687","content":"더"}],"type":"pronunciation"},{"start_time":"119.23","end_time":"119.74","alternatives":[{"confidence":"0.9918","content":"들어가요"}],"type":"pronunciation"},{"alternatives":[{"confidence":"0.0","content":"."}],"type":"punctuation"},{"start_time":"119.86","end_time":"120.19","alternatives":[{"confidence":"0.62425","content":"이프로"}],"type":"pronunciation"},{"start_time":"120.19","end_time":"120.56","alternatives":[{"confidence":"0.9575","content":"정도"}],"type":"pronunciation"},{"start_time":"120.56","end_time":"120.81","alternatives":[{"confidence":"0.9797","content":"그래서"}],"type":"pronunciation"},{"start_time":"120.81","end_time":"121.34","alternatives":[{"confidence":"1.0","content":"최종적으로"}],"type":"pronunciation"},{"start_time":"121.34","end_time":"121.47","alternatives":[{"confidence":"0.9226","content":"이제"}],"type":"pronunciation"},{"start_time":"121.5","end_time":"122.2","alternatives":[{"confidence":"0.362925","content":"오프로스트의"}],"type":"pronunciation"},{"start_time":"122.2","end_time":"122.49","alternatives":[{"confidence":"0.9782","content":"이용할"}],"type":"pronunciation"},{"start_time":"122.49","end_time":"122.6","alternatives":[{"confidence":"0.9988","content":"수"}],"type":"pronunciation"},{"start_time":"122.6","end_time":"122.87","alternatives":[{"confidence":"0.5117","content":"있으실"}],"type":"pronunciation"},{"start_time":"122.9","end_time":"123.71","alternatives":[{"confidence":"0.983","content":"거예요"}],"type":"pronunciation"},{"alternatives":[{"confidence":"0.0","content":"."}],"type":"punctuation"},{"start_time":"124.95","end_time":"125.24","alternatives":[{"confidence":"0.7298","content":"근데"}],"type":"pronunciation"},{"start_time":"125.39","end_time":"125.58","alternatives":[{"confidence":"0.6248","content":"저희"}],"type":"pronunciation"},{"start_time":"125.58","end_time":"125.95","alternatives":[{"confidence":"0.49365000000000003","content":"쪽작업"}],"type":"pronunciation"},{"start_time":"125.95","end_time":"126.55","alternatives":[{"confidence":"0.97795","content":"나가시는데"}],"type":"pronunciation"},{"start_time":"126.71","end_time":"126.89","alternatives":[{"confidence":"0.9967","content":"제가"}],"type":"pronunciation"},{"start_time":"126.89","end_time":"127.2","alternatives":[{"confidence":"0.6985","content":"정보"}],"type":"pronunciation"},{"start_time":"127.2","end_time":"127.76","alternatives":[{"confidence":"0.7198666666666668","content":"수정투자라고"}],"type":"pronunciation"},{"start_time":"127.76","end_time":"128.42","alternatives":[{"confidence":"0.9982","content":"말씀하셨어요"}],"type":"pronunciation"},{"alternatives":[{"confidence":"0.0","content":"."}],"type":"punctuation"},{"start_time":"128.42","end_time":"128.96","alternatives":[{"confidence":"0.7445","content":"그렇죠"}],"type":"pronunciation"},{"alternatives":[{"confidence":"0.0","content":"."}],"type":"punctuation"},{"start_time":"129.84","end_time":"130.21","alternatives":[{"confidence":"1.0","content":"저희가"}],"type":"pronunciation"},{"start_time":"130.21","end_time":"130.41","alternatives":[{"confidence":"0.9931","content":"지금"}],"type":"pronunciation"},{"start_time":"130.41","end_time":"131.08","alternatives":[{"confidence":"0.7861499999999999","content":"고객님등급"}],"type":"pronunciation"},{"start_time":"131.08","end_time":"131.59","alternatives":[{"confidence":"0.9994","content":"자체를"}],"type":"pronunciation"},{"start_time":"131.74","end_time":"132.54","alternatives":[{"confidence":"0.9003","content":"하루아침에"}],"type":"pronunciation"},{"start_time":"132.57","end_time":"132.84","alternatives":[{"confidence":"0.9674","content":"지금"}],"type":"pronunciation"},{"start_time":"132.87","end_time":"133.04","alternatives":[{"confidence":"0.7597","content":"저희"}],"type":"pronunciation"},{"start_time":"133.04","end_time":"133.25","alternatives":[{"confidence":"0.869","content":"쪽에서"}],"type":"pronunciation"},{"start_time":"133.71","end_time":"133.93","alternatives":[{"confidence":"0.5263","content":"확인"}],"type":"pronunciation"},{"start_time":"133.93","end_time":"134.65","alternatives":[{"confidence":"0.9889","content":"되시는데"}],"type":"pronunciation"},{"alternatives":[{"confidence":"0.0","content":"."}],"type":"punctuation"},{"start_time":"135.96","end_time":"136.08","alternatives":[{"confidence":"0.8311","content":"이"}],"type":"pronunciation"},{"start_time":"136.08","end_time":"136.38","alternatives":[{"confidence":"0.969","content":"등급"}],"type":"pronunciation"},{"start_time":"136.38","end_time":"136.53","alternatives":[{"confidence":"0.9752","content":"삼"}],"type":"pronunciation"},{"start_time":"136.53","end_time":"136.92","alternatives":[{"confidence":"0.8088","content":"등급까지"}],"type":"pronunciation"},{"start_time":"136.92","end_time":"137.22","alternatives":[{"confidence":"0.8735","content":"만들어"}],"type":"pronunciation"},{"start_time":"137.22","end_time":"137.49","alternatives":[{"confidence":"0.78295","content":"드리게"}],"type":"pronunciation"},{"start_time":"137.49","end_time":"138.1","alternatives":[{"confidence":"0.9988","content":"되면"}],"type":"pronunciation"},{"start_time":"138.13","end_time":"138.36","alternatives":[{"confidence":"0.6315","content":"저희"}],"type":"pronunciation"},{"start_time":"138.36","end_time":"138.6","alternatives":[{"confidence":"0.2665","content":"집도"}],"type":"pronunciation"},{"start_time":"138.6","end_time":"139.02","alternatives":[{"confidence":"0.9998","content":"물론이고"}],"type":"pronunciation"},{"start_time":"139.35","end_time":"139.6","alternatives":[{"confidence":"0.6414","content":"께서도"}],"type":"pronunciation"},{"start_time":"139.6","end_time":"139.72","alternatives":[{"confidence":"0.8425","content":"이제"}],"type":"pronunciation"},{"start_time":"139.75","end_time":"140.26","alternatives":[{"confidence":"0.98275","content":"금감원에"}],"type":"pronunciation"},{"start_time":"140.26","end_time":"140.62","alternatives":[{"confidence":"1.0","content":"적발될"}],"type":"pronunciation"},{"start_time":"140.62","end_time":"140.96","alternatives":[{"confidence":"0.9505","content":"가능성이"}],"type":"pronunciation"},{"start_time":"140.96","end_time":"141.42","alternatives":[{"confidence":"0.7176","content":"있으세요"}],"type":"pronunciation"},{"alternatives":[{"confidence":"0.0","content":"."}],"type":"punctuation"},{"start_time":"142.13","end_time":"142.35","alternatives":[{"confidence":"0.9921","content":"그렇기"}],"type":"pronunciation"},{"start_time":"142.35","end_time":"142.67","alternatives":[{"confidence":"0.9991","content":"때문에"}],"type":"pronunciation"},{"start_time":"142.67","end_time":"143.47","alternatives":[{"confidence":"0.54585","content":"그쪽에"}],"type":"pronunciation"},{"start_time":"143.47","end_time":"143.79","alternatives":[{"confidence":"1.0","content":"걸리지"}],"type":"pronunciation"},{"start_time":"143.79","end_time":"144.09","alternatives":[{"confidence":"0.9984","content":"않는"}],"type":"pronunciation"},{"start_time":"144.09","end_time":"144.74","alternatives":[{"confidence":"0.6832","content":"정도로"}],"type":"pronunciation"},{"start_time":"145.14","end_time":"145.63","alternatives":[{"confidence":"0.8687","content":"평점으로"}],"type":"pronunciation"},{"start_time":"145.63","end_time":"146.02","alternatives":[{"confidence":"0.96445","content":"계산해서"}],"type":"pronunciation"},{"start_time":"146.02","end_time":"146.44","alternatives":[{"confidence":"0.9697","content":"조금씩"}],"type":"pronunciation"},{"start_time":"146.44","end_time":"147.36","alternatives":[{"confidence":"0.8607666666666667","content":"올려드릴건데"}],"type":"pronunciation"},{"alternatives":[{"confidence":"0.0","content":"."}],"type":"punctuation"},{"start_time":"147.42","end_time":"147.6","alternatives":[{"confidence":"0.736","content":"그"}],"type":"pronunciation"},{"start_time":"147.63","end_time":"148.2","alternatives":[{"confidence":"0.9962","content":"기관은"}],"type":"pronunciation"},{"start_time":"148.2","end_time":"148.82","alternatives":[{"confidence":"0.8635666666666667","content":"한두달정도"}],"type":"pronunciation"},{"start_time":"148.82","end_time":"149.45","alternatives":[{"confidence":"0.9688","content":"걸리시고요"}],"type":"pronunciation"},{"start_time":"151.84","end_time":"152.19","alternatives":[{"confidence":"0.6069","content":"이해하신"}],"type":"pronunciation"},{"start_time":"152.19","end_time":"152.26","alternatives":[{"confidence":"0.8832","content":"거"}],"type":"pronunciation"},{"start_time":"152.26","end_time":"153.37","alternatives":[{"confidence":"0.94265","content":"맞으세요"}],"type":"pronunciation"},{"start_time":"155.17","end_time":"156.42","alternatives":[{"confidence":"0.6816333333333334","content":"수정신용정보를"}],"type":"pronunciation"},{"start_time":"156.42","end_time":"156.68","alternatives":[{"confidence":"0.9944","content":"저희가"}],"type":"pronunciation"},{"start_time":"156.68","end_time":"156.79","alternatives":[{"confidence":"0.0369","content":"두"}],"type":"pronunciation"},{"start_time":"156.79","end_time":"156.99","alternatives":[{"confidence":"0.0246","content":"달"}],"type":"pronunciation"},{"start_time":"156.99","end_time":"157.39","alternatives":[{"confidence":"0.0206","content":"뒤에"}],"type":"pronunciation"},{"start_time":"157.39","end_time":"158.22","alternatives":[{"confidence":"0.6411666666666667","content":"은행연합회전선에"}],"type":"pronunciation"},{"start_time":"158.22","end_time":"158.63","alternatives":[{"confidence":"0.19519999999999998","content":"등재할"}],"type":"pronunciation"},{"start_time":"158.63","end_time":"159.69","alternatives":[{"confidence":"0.9984","content":"건데요"}],"type":"pronunciation"},{"alternatives":[{"confidence":"0.0","content":"."}],"type":"punctuation"},{"start_time":"159.92","end_time":"160.37","alternatives":[{"confidence":"0.3315","content":"그러면은"}],"type":"pronunciation"},{"start_time":"160.37","end_time":"161.47","alternatives":[{"confidence":"0.3336","content":"고객님이"}],"type":"pronunciation"},{"start_time":"161.47","end_time":"161.83","alternatives":[{"confidence":"0.97665","content":"되시는"}],"type":"pronunciation"},{"start_time":"161.83","end_time":"162.07","alternatives":[{"confidence":"0.9949","content":"거고"}],"type":"pronunciation"},{"start_time":"162.07","end_time":"162.19","alternatives":[{"confidence":"0.6456","content":"그"}],"type":"pronunciation"},{"start_time":"162.19","end_time":"162.55","alternatives":[{"confidence":"0.9802","content":"다음에"}],"type":"pronunciation"},{"start_time":"162.55","end_time":"162.76","alternatives":[{"confidence":"0.4385","content":"저희"}],"type":"pronunciation"},{"start_time":"163.1","end_time":"163.63","alternatives":[{"confidence":"0.8707","content":"삼천만원"}],"type":"pronunciation"},{"start_time":"163.63","end_time":"163.85","alternatives":[{"confidence":"0.8546","content":"이상"}],"type":"pronunciation"},{"start_time":"163.85","end_time":"164.04","alternatives":[{"confidence":"0.4668","content":"받아"}],"type":"pronunciation"},{"start_time":"164.04","end_time":"164.23","alternatives":[{"confidence":"0.6042","content":"보실"}],"type":"pronunciation"},{"start_time":"164.23","end_time":"164.31","alternatives":[{"confidence":"0.1977","content":"때"}],"type":"pronunciation"},{"start_time":"164.37","end_time":"164.63","alternatives":[{"confidence":"0.3125","content":"처리해"}],"type":"pronunciation"},{"start_time":"164.63","end_time":"164.83","alternatives":[{"confidence":"0.2932","content":"주실"}],"type":"pronunciation"},{"start_time":"164.83","end_time":"165.79","alternatives":[{"confidence":"0.9622","content":"거에요"}],"type":"pronunciation"},{"alternatives":[{"confidence":"0.0","content":"."}],"type":"punctuation"},{"start_time":"167.1","end_time":"167.35","alternatives":[{"confidence":"0.9154","content":"그런데"}],"type":"pronunciation"},{"start_time":"167.35","end_time":"167.54","alternatives":[{"confidence":"0.9785","content":"여기서"}],"type":"pronunciation"},{"start_time":"167.54","end_time":"167.88","alternatives":[{"confidence":"0.9764","content":"중요한"}],"type":"pronunciation"},{"start_time":"167.88","end_time":"168.04","alternatives":[{"confidence":"0.7772","content":"건"}],"type":"pronunciation"},{"start_time":"168.04","end_time":"168.24","alternatives":[{"confidence":"0.9932","content":"제가"}],"type":"pronunciation"},{"start_time":"168.24","end_time":"168.42","alternatives":[{"confidence":"0.0523","content":"삼"}],"type":"pronunciation"},{"start_time":"168.42","end_time":"168.64","alternatives":[{"confidence":"0.032","content":"개월"}],"type":"pronunciation"},{"start_time":"169.19","end_time":"169.53","alternatives":[{"confidence":"0.73065","content":"드린다고"}],"type":"pronunciation"},{"start_time":"170.63","end_time":"171.63","alternatives":[{"confidence":"0.9453","content":"말씀드렸는데"}],"type":"pronunciation"},{"start_time":"172.42","end_time":"172.55","alternatives":[{"confidence":"0.0604","content":"그"}],"type":"pronunciation"},{"start_time":"172.55","end_time":"172.87","alternatives":[{"confidence":"0.101","content":"사이에"}],"type":"pronunciation"},{"start_time":"172.87","end_time":"173.01","alternatives":[{"confidence":"0.0953","content":"한"}],"type":"pronunciation"},{"start_time":"173.01","end_time":"173.14","alternatives":[{"confidence":"0.0948","content":"달"}],"type":"pronunciation"},{"start_time":"173.14","end_time":"173.33","alternatives":[{"confidence":"0.8905","content":"정도"}],"type":"pronunciation"},{"start_time":"173.33","end_time":"173.61","alternatives":[{"confidence":"0.135","content":"공급이"}],"type":"pronunciation"},{"start_time":"173.61","end_time":"173.94","alternatives":[{"confidence":"0.018500000000000003","content":"생겨요"}],"type":"pronunciation"},{"alternatives":[{"confidence":"0.0","content":"."}],"type":"punctuation"},{"start_time":"173.94","end_time":"174.11","alternatives":[{"confidence":"0.0011","content":"그게"}],"type":"pronunciation"},{"start_time":"174.31","end_time":"174.47","alternatives":[{"confidence":"0.1341","content":"뭐"}],"type":"pronunciation"},{"start_time":"174.47","end_time":"174.8","alternatives":[{"confidence":"0.64695","content":"하시냐"}],"type":"pronunciation"},{"start_time":"174.8","end_time":"175.46","alternatives":[{"confidence":"0.9999","content":"면요"}],"type":"pronunciation"},{"start_time":"176.0","end_time":"176.29","alternatives":[{"confidence":"0.9683","content":"저희가"}],"type":"pronunciation"},{"start_time":"176.29","end_time":"176.58","alternatives":[{"confidence":"0.6394","content":"정보"}],"type":"pronunciation"},{"start_time":"176.58","end_time":"176.83","alternatives":[{"confidence":"0.6796500000000001","content":"주장해"}],"type":"pronunciation"},{"start_time":"176.83","end_time":"177.24","alternatives":[{"confidence":"0.89925","content":"드리지만"}],"type":"pronunciation"},{"start_time":"177.24","end_time":"177.41","alternatives":[{"confidence":"0.8514","content":"지금"}],"type":"pronunciation"},{"start_time":"178.0","end_time":"178.28","alternatives":[{"confidence":"0.2026","content":"정보에"}],"type":"pronunciation"},{"start_time":"178.28","end_time":"178.5","alternatives":[{"confidence":"0.9857","content":"대해서"}],"type":"pronunciation"},{"start_time":"178.5","end_time":"178.7","alternatives":[{"confidence":"0.9209","content":"저희가"}],"type":"pronunciation"},{"start_time":"178.7","end_time":"179.13","alternatives":[{"confidence":"0.49845","content":"변경이"}],"type":"pronunciation"},{"start_time":"179.13","end_time":"179.83","alternatives":[{"confidence":"0.999","content":"불가능합니다"}],"type":"pronunciation"},{"alternatives":[{"confidence":"0.0","content":"."}],"type":"punctuation"},{"start_time":"180.59","end_time":"180.86","alternatives":[{"confidence":"0.9683","content":"그래서"}],"type":"pronunciation"},{"start_time":"180.86","end_time":"181.05","alternatives":[{"confidence":"1.0","content":"일단"}],"type":"pronunciation"},{"start_time":"181.05","end_time":"181.26","alternatives":[{"confidence":"0.9743","content":"저희"}],"type":"pronunciation"},{"start_time":"181.33","end_time":"181.54","alternatives":[{"confidence":"0.3461","content":"자금"}],"type":"pronunciation"},{"start_time":"181.54","end_time":"181.74","alternatives":[{"confidence":"0.7495","content":"받아"}],"type":"pronunciation"},{"start_time":"181.74","end_time":"182.08","alternatives":[{"confidence":"0.9993","content":"보시면"}],"type":"pronunciation"},{"start_time":"182.08","end_time":"182.33","alternatives":[{"confidence":"0.5051","content":"상황"}],"type":"pronunciation"},{"start_time":"182.53","end_time":"183.7","alternatives":[{"confidence":"0.7419666666666668","content":"보고하셨다고"}],"type":"pronunciation"},{"start_time":"183.7","end_time":"184.01","alternatives":[{"confidence":"0.6419","content":"증빙"}],"type":"pronunciation"},{"start_time":"184.01","end_time":"184.59","alternatives":[{"confidence":"0.9999","content":"하시면"}],"type":"pronunciation"},{"start_time":"184.68","end_time":"185.17","alternatives":[{"confidence":"1.0","content":"저희가"}],"type":"pronunciation"},{"start_time":"185.23","end_time":"185.65","alternatives":[{"confidence":"0.63095","content":"받아보는"}],"type":"pronunciation"},{"start_time":"185.65","end_time":"185.92","alternatives":[{"confidence":"0.9702","content":"이력에"}],"type":"pronunciation"},{"start_time":"185.92","end_time":"186.17","alternatives":[{"confidence":"0.8979","content":"대해서"}],"type":"pronunciation"},{"start_time":"186.56","end_time":"187.17","alternatives":[{"confidence":"0.7586","content":"드리고"}],"type":"pronunciation"},{"start_time":"188.16","end_time":"188.71","alternatives":[{"confidence":"0.9916","content":"아시겠죠"}],"type":"pronunciation"},{"alternatives":[{"confidence":"0.0","content":"."}],"type":"punctuation"},{"start_time":"190.36","end_time":"190.79","alternatives":[{"confidence":"0.7966","content":"생각해서"}],"type":"pronunciation"},{"start_time":"190.79","end_time":"191.05","alternatives":[{"confidence":"0.9854","content":"지금"}],"type":"pronunciation"},{"start_time":"191.05","end_time":"191.22","alternatives":[{"confidence":"0.4681","content":"저희"}],"type":"pronunciation"},{"start_time":"191.22","end_time":"192.5","alternatives":[{"confidence":"0.20115","content":"쪽짜리"}],"type":"pronunciation"},{"start_time":"193.26","end_time":"193.61","alternatives":[{"confidence":"0.8275","content":"토론"}],"type":"pronunciation"},{"start_time":"193.61","end_time":"193.84","alternatives":[{"confidence":"1.0","content":"같은"}],"type":"pronunciation"},{"start_time":"193.84","end_time":"194.05","alternatives":[{"confidence":"0.756","content":"경우에"}],"type":"pronunciation"},{"start_time":"194.05","end_time":"194.28","alternatives":[{"confidence":"0.9996","content":"저희가"}],"type":"pronunciation"},{"start_time":"194.28","end_time":"194.48","alternatives":[{"confidence":"0.4483","content":"없어"}],"type":"pronunciation"},{"start_time":"194.48","end_time":"194.97","alternatives":[{"confidence":"0.91195","content":"드린다는"}],"type":"pronunciation"},{"start_time":"194.97","end_time":"195.62","alternatives":[{"confidence":"0.9804","content":"거예요"}],"type":"pronunciation"},{"alternatives":[{"confidence":"0.0","content":"."}],"type":"punctuation"},{"start_time":"196.49","end_time":"196.75","alternatives":[{"confidence":"1.0","content":"그리고"}],"type":"pronunciation"},{"start_time":"196.75","end_time":"196.94","alternatives":[{"confidence":"0.7655","content":"저희"}],"type":"pronunciation"},{"start_time":"196.98","end_time":"197.43","alternatives":[{"confidence":"0.919","content":"신용으로"}],"type":"pronunciation"},{"start_time":"197.43","end_time":"197.63","alternatives":[{"confidence":"0.9065","content":"해서"}],"type":"pronunciation"},{"start_time":"198.6","end_time":"198.73","alternatives":[{"confidence":"0.0199","content":"그"}],"type":"pronunciation"},{"start_time":"198.9","end_time":"199.27","alternatives":[{"confidence":"0.8192","content":"이상으로"}],"type":"pronunciation"},{"start_time":"199.27","end_time":"199.5","alternatives":[{"confidence":"0.9998","content":"저희가"}],"type":"pronunciation"},{"start_time":"199.5","end_time":"199.71","alternatives":[{"confidence":"0.516","content":"조금"}],"type":"pronunciation"},{"start_time":"199.71","end_time":"199.89","alternatives":[{"confidence":"0.0738","content":"받아"}],"type":"pronunciation"},{"start_time":"200.19","end_time":"200.84","alternatives":[{"confidence":"0.13516666666666668","content":"처리해준다는"}],"type":"pronunciation"},{"start_time":"200.84","end_time":"201.61","alternatives":[{"confidence":"0.4341","content":"건데"}],"type":"pronunciation"},{"start_time":"202.18","end_time":"202.71","alternatives":[{"confidence":"1.0","content":"어떠세요"}],"type":"pronunciation"},{"alternatives":[{"confidence":"0.0","content":"?"}],"type":"punctuation"},{"start_time":"210.05","end_time":"210.32","alternatives":[{"confidence":"0.8355","content":"그래서"}],"type":"pronunciation"},{"start_time":"210.44","end_time":"210.68","alternatives":[{"confidence":"0.728","content":"요즘"}],"type":"pronunciation"},{"start_time":"211.02","end_time":"211.32","alternatives":[{"confidence":"0.3742","content":"인가요"}],"type":"pronunciation"},{"alternatives":[{"confidence":"0.0","content":"?"}],"type":"punctuation"},{"start_time":"212.58","end_time":"212.72","alternatives":[{"confidence":"0.8043","content":"뭐"}],"type":"pronunciation"},{"start_time":"212.82","end_time":"213.26","alternatives":[{"confidence":"0.987","content":"필요해요"}],"type":"pronunciation"},{"alternatives":[{"confidence":"0.0","content":"?"}],"type":"punctuation"},{"start_time":"214.66","end_time":"214.87","alternatives":[{"confidence":"0.9727","content":"뭐가"}],"type":"pronunciation"},{"start_time":"214.87","end_time":"215.33","alternatives":[{"confidence":"0.1745","content":"필요하다는"}],"type":"pronunciation"},{"start_time":"216.47","end_time":"216.66","alternatives":[{"confidence":"0.8457","content":"하신"}],"type":"pronunciation"},{"start_time":"216.66","end_time":"216.78","alternatives":[{"confidence":"0.9589","content":"건"}],"type":"pronunciation"},{"start_time":"216.78","end_time":"217.28","alternatives":[{"confidence":"0.9899","content":"없고"}],"type":"pronunciation"},{"start_time":"217.28","end_time":"217.55","alternatives":[{"confidence":"1.0","content":"일단"}],"type":"pronunciation"},{"start_time":"217.86","end_time":"218.32","alternatives":[{"confidence":"0.9906","content":"진행을"}],"type":"pronunciation"},{"start_time":"218.32","end_time":"218.48","alternatives":[{"confidence":"0.9842","content":"제가"}],"type":"pronunciation"},{"start_time":"218.48","end_time":"218.85","alternatives":[{"confidence":"0.95715","content":"도와드릴"}],"type":"pronunciation"},{"start_time":"218.85","end_time":"218.97","alternatives":[{"confidence":"0.6186","content":"수"}],"type":"pronunciation"},{"start_time":"219.0","end_time":"219.8","alternatives":[{"confidence":"0.9946","content":"있는데"}],"type":"pronunciation"},{"start_time":"220.29","end_time":"220.49","alternatives":[{"confidence":"0.9996","content":"여기에"}],"type":"pronunciation"},{"start_time":"220.49","end_time":"220.69","alternatives":[{"confidence":"0.9997","content":"대해서"}],"type":"pronunciation"},{"start_time":"220.69","end_time":"221.06","alternatives":[{"confidence":"1.0","content":"비용이"}],"type":"pronunciation"},{"start_time":"221.06","end_time":"221.46","alternatives":[{"confidence":"0.7199","content":"청구되신"}],"type":"pronunciation"},{"start_time":"221.46","end_time":"221.65","alternatives":[{"confidence":"0.4901","content":"다는"}],"type":"pronunciation"},{"start_time":"221.65","end_time":"221.89","alternatives":[{"confidence":"0.3246","content":"거예요"}],"type":"pronunciation"},{"alternatives":[{"confidence":"0.0","content":"."}],"type":"punctuation"},{"start_time":"224.56","end_time":"225.12","alternatives":[{"confidence":"0.8146","content":"그러니까"}],"type":"pronunciation"},{"start_time":"225.12","end_time":"225.67","alternatives":[{"confidence":"1.0","content":"저희가"}],"type":"pronunciation"},{"start_time":"225.67","end_time":"226.11","alternatives":[{"confidence":"0.9786","content":"평점"}],"type":"pronunciation"},{"start_time":"226.11","end_time":"226.41","alternatives":[{"confidence":"0.5595","content":"같은"}],"type":"pronunciation"},{"start_time":"226.41","end_time":"226.64","alternatives":[{"confidence":"0.5022","content":"거"}],"type":"pronunciation"},{"start_time":"226.67","end_time":"226.93","alternatives":[{"confidence":"0.6133","content":"등급"}],"type":"pronunciation"},{"start_time":"226.93","end_time":"227.16","alternatives":[{"confidence":"0.1535","content":"같은"}],"type":"pronunciation"},{"start_time":"227.16","end_time":"227.24","alternatives":[{"confidence":"0.0675","content":"거"}],"type":"pronunciation"},{"start_time":"227.81","end_time":"228.28","alternatives":[{"confidence":"0.8729","content":"변경을"}],"type":"pronunciation"},{"start_time":"228.28","end_time":"228.65","alternatives":[{"confidence":"0.7941","content":"하려면"}],"type":"pronunciation"},{"start_time":"228.65","end_time":"228.87","alternatives":[{"confidence":"0.982","content":"저희가"}],"type":"pronunciation"},{"start_time":"228.98","end_time":"229.46","alternatives":[{"confidence":"0.9994","content":"권한을"}],"type":"pronunciation"},{"start_time":"229.46","end_time":"229.89","alternatives":[{"confidence":"0.9865999999999999","content":"받아와야"}],"type":"pronunciation"},{"start_time":"229.89","end_time":"230.91","alternatives":[{"confidence":"0.97555","content":"되거든요"}],"type":"pronunciation"},{"alternatives":[{"confidence":"0.0","content":"."}],"type":"punctuation"},{"start_time":"231.77","end_time":"232.11","alternatives":[{"confidence":"0.9994","content":"그러기"}],"type":"pronunciation"},{"start_time":"232.11","end_time":"232.62","alternatives":[{"confidence":"0.986","content":"위해서"}],"type":"pronunciation"},{"start_time":"233.01","end_time":"233.36","alternatives":[{"confidence":"0.5866","content":"임의로"}],"type":"pronunciation"},{"start_time":"233.36","end_time":"233.61","alternatives":[{"confidence":"0.5978","content":"대출"}],"type":"pronunciation"},{"start_time":"233.61","end_time":"233.94","alternatives":[{"confidence":"0.79545","content":"건수를"}],"type":"pronunciation"},{"start_time":"233.94","end_time":"234.15","alternatives":[{"confidence":"0.5137","content":"한번"}],"type":"pronunciation"},{"start_time":"234.15","end_time":"234.59","alternatives":[{"confidence":"0.6788000000000001","content":"발생시킬"}],"type":"pronunciation"},{"start_time":"234.59","end_time":"234.87","alternatives":[{"confidence":"0.9973","content":"건데"}],"type":"pronunciation"},{"start_time":"234.87","end_time":"235.26","alternatives":[{"confidence":"0.9992","content":"거기에"}],"type":"pronunciation"},{"start_time":"235.26","end_time":"235.51","alternatives":[{"confidence":"0.9996","content":"대해"}],"type":"pronunciation"},{"start_time":"235.51","end_time":"235.77","alternatives":[{"confidence":"0.2707","content":"비용"}],"type":"pronunciation"},{"start_time":"235.77","end_time":"236.03","alternatives":[{"confidence":"0.1627","content":"청구가"}],"type":"pronunciation"},{"start_time":"236.03","end_time":"236.58","alternatives":[{"confidence":"0.968","content":"되세요"}],"type":"pronunciation"},{"alternatives":[{"confidence":"0.0","content":"."}],"type":"punctuation"},{"start_time":"236.64","end_time":"236.96","alternatives":[{"confidence":"0.3785","content":"퍼센트"}],"type":"pronunciation"},{"start_time":"237.05","end_time":"237.32","alternatives":[{"confidence":"0.2731","content":"지는"}],"type":"pronunciation"},{"start_time":"237.32","end_time":"237.46","alternatives":[{"confidence":"0.6441","content":"한"}],"type":"pronunciation"},{"start_time":"237.46","end_time":"237.83","alternatives":[{"confidence":"0.3962","content":"사십사"}],"type":"pronunciation"},{"start_time":"237.83","end_time":"238.0","alternatives":[{"confidence":"0.7841","content":"프로"}],"type":"pronunciation"},{"start_time":"238.0","end_time":"238.34","alternatives":[{"confidence":"0.711","content":"정도"}],"type":"pronunciation"},{"start_time":"239.67","end_time":"239.93","alternatives":[{"confidence":"0.1367","content":"얼마나"}],"type":"pronunciation"},{"start_time":"240.36","end_time":"240.67","alternatives":[{"confidence":"0.3541","content":"사십팔"}],"type":"pronunciation"},{"start_time":"240.67","end_time":"241.0","alternatives":[{"confidence":"0.8848","content":"거든요"}],"type":"pronunciation"},{"alternatives":[{"confidence":"0.0","content":"."}],"type":"punctuation"},{"start_time":"246.96","end_time":"247.12","alternatives":[{"confidence":"0.0036","content":"일단"}],"type":"pronunciation"},{"start_time":"247.41","end_time":"247.62","alternatives":[{"confidence":"0.2728","content":"하시는"}],"type":"pronunciation"},{"start_time":"247.62","end_time":"247.78","alternatives":[{"confidence":"0.2843","content":"거는"}],"type":"pronunciation"},{"start_time":"247.78","end_time":"248.17","alternatives":[{"confidence":"1.0","content":"저희가"}],"type":"pronunciation"},{"start_time":"248.17","end_time":"248.77","alternatives":[{"confidence":"0.8704999999999999","content":"최소금액으로"}],"type":"pronunciation"},{"start_time":"248.77","end_time":"249.09","alternatives":[{"confidence":"0.7756","content":"진행을"}],"type":"pronunciation"},{"start_time":"249.09","end_time":"249.2","alternatives":[{"confidence":"0.8381","content":"할"}],"type":"pronunciation"},{"start_time":"249.2","end_time":"249.72","alternatives":[{"confidence":"0.9119","content":"거고"}],"type":"pronunciation"},{"start_time":"249.72","end_time":"250.43","alternatives":[{"confidence":"0.7945","content":"하시면"}],"type":"pronunciation"},{"start_time":"250.43","end_time":"250.73","alternatives":[{"confidence":"0.7692","content":"삼백"}],"type":"pronunciation"},{"start_time":"250.73","end_time":"251.0","alternatives":[{"confidence":"0.9454","content":"정도"}],"type":"pronunciation"},{"start_time":"251.06","end_time":"251.33","alternatives":[{"confidence":"0.4754","content":"한다고"}],"type":"pronunciation"},{"start_time":"251.33","end_time":"251.76","alternatives":[{"confidence":"0.8553","content":"발생하실"}],"type":"pronunciation"},{"start_time":"251.76","end_time":"252.37","alternatives":[{"confidence":"0.9836","content":"거예요"}],"type":"pronunciation"},{"alternatives":[{"confidence":"0.0","content":"."}],"type":"punctuation"},{"start_time":"253.44","end_time":"253.66","alternatives":[{"confidence":"0.9841","content":"네"}],"type":"pronunciation"},{"alternatives":[{"confidence":"0.0","content":"."}],"type":"punctuation"},{"start_time":"253.66","end_time":"253.98","alternatives":[{"confidence":"1.0","content":"거기에"}],"type":"pronunciation"},{"start_time":"253.98","end_time":"254.39","alternatives":[{"confidence":"0.9995","content":"대해서"}],"type":"pronunciation"},{"start_time":"254.42","end_time":"254.8","alternatives":[{"confidence":"0.8986","content":"비용"}],"type":"pronunciation"},{"start_time":"254.8","end_time":"255.06","alternatives":[{"confidence":"0.9709","content":"청구가"}],"type":"pronunciation"},{"start_time":"255.06","end_time":"255.25","alternatives":[{"confidence":"0.9096","content":"조금"}],"type":"pronunciation"},{"start_time":"255.25","end_time":"255.86","alternatives":[{"confidence":"0.99945","content":"되시죠"}],"type":"pronunciation"},{"alternatives":[{"confidence":"0.0","content":"."}],"type":"punctuation"},{"start_time":"257.04","end_time":"257.24","alternatives":[{"confidence":"0.1154","content":"근데"}],"type":"pronunciation"},{"start_time":"257.56","end_time":"257.7","alternatives":[{"confidence":"0.2147","content":"아까"}],"type":"pronunciation"},{"start_time":"257.7","end_time":"258.13","alternatives":[{"confidence":"0.931","content":"필요하다고"}],"type":"pronunciation"},{"start_time":"258.13","end_time":"258.31","alternatives":[{"confidence":"0.5985","content":"하신"}],"type":"pronunciation"},{"start_time":"258.31","end_time":"258.55","alternatives":[{"confidence":"0.591","content":"감각이"}],"type":"pronunciation"},{"start_time":"258.55","end_time":"258.84","alternatives":[{"confidence":"0.9997","content":"실제로"}],"type":"pronunciation"},{"start_time":"258.84","end_time":"259.27","alternatives":[{"confidence":"0.88655","content":"삼백만원"}],"type":"pronunciation"},{"start_time":"259.27","end_time":"259.44","alternatives":[{"confidence":"0.987","content":"정도"}],"type":"pronunciation"},{"start_time":"259.44","end_time":"260.1","alternatives":[{"confidence":"0.9842500000000001","content":"되시면요"}],"type":"pronunciation"},{"start_time":"260.8","end_time":"261.08","alternatives":[{"confidence":"0.28","content":"그러면"}],"type":"pronunciation"},{"start_time":"261.08","end_time":"261.3","alternatives":[{"confidence":"0.9999","content":"저희가"}],"type":"pronunciation"},{"start_time":"261.3","end_time":"261.78","alternatives":[{"confidence":"0.40700000000000003","content":"육백한두"}],"type":"pronunciation"},{"start_time":"261.78","end_time":"261.87","alternatives":[{"confidence":"0.173","content":"를"}],"type":"pronunciation"},{"start_time":"261.87","end_time":"262.26","alternatives":[{"confidence":"0.7509","content":"형성시켜"}],"type":"pronunciation"},{"start_time":"262.29","end_time":"262.61","alternatives":[{"confidence":"0.44495","content":"얘기해서"}],"type":"pronunciation"},{"start_time":"262.61","end_time":"262.93","alternatives":[{"confidence":"0.9157","content":"먹고"}],"type":"pronunciation"},{"start_time":"262.93","end_time":"263.2","alternatives":[{"confidence":"0.9987","content":"거기에"}],"type":"pronunciation"},{"start_time":"263.2","end_time":"263.43","alternatives":[{"confidence":"0.9952","content":"대해서"}],"type":"pronunciation"},{"start_time":"263.94","end_time":"264.08","alternatives":[{"confidence":"0.2773","content":"한"}],"type":"pronunciation"},{"start_time":"264.08","end_time":"264.51","alternatives":[{"confidence":"0.25529999999999997","content":"이백얼마"}],"type":"pronunciation"},{"start_time":"264.51","end_time":"264.9","alternatives":[{"confidence":"0.94735","content":"들어가실"}],"type":"pronunciation"},{"start_time":"264.9","end_time":"265.52","alternatives":[{"confidence":"0.967","content":"거예요"}],"type":"pronunciation"},{"alternatives":[{"confidence":"0.0","content":"."}],"type":"punctuation"},{"start_time":"268.62","end_time":"269.13","alternatives":[{"confidence":"0.9999","content":"저는"}],"type":"pronunciation"},{"start_time":"269.13","end_time":"269.69","alternatives":[{"confidence":"0.9913","content":"하고서"}],"type":"pronunciation"},{"start_time":"269.69","end_time":"269.87","alternatives":[{"confidence":"0.8658","content":"그"}],"type":"pronunciation"},{"start_time":"269.87","end_time":"270.05","alternatives":[{"confidence":"0.5873","content":"달"}],"type":"pronunciation"},{"start_time":"270.05","end_time":"270.35","alternatives":[{"confidence":"0.5371","content":"기에는"}],"type":"pronunciation"},{"start_time":"270.41","end_time":"270.75","alternatives":[{"confidence":"0.36325","content":"그쪽에서"}],"type":"pronunciation"},{"start_time":"270.75","end_time":"270.9","alternatives":[{"confidence":"0.1477","content":"삼"}],"type":"pronunciation"},{"start_time":"270.9","end_time":"271.93","alternatives":[{"confidence":"0.5828","content":"천만원까지"}],"type":"pronunciation"},{"start_time":"271.93","end_time":"272.21","alternatives":[{"confidence":"0.9412499999999999","content":"받아볼"}],"type":"pronunciation"},{"start_time":"272.21","end_time":"272.3","alternatives":[{"confidence":"0.9923","content":"수"}],"type":"pronunciation"},{"start_time":"272.3","end_time":"272.96","alternatives":[{"confidence":"0.91875","content":"있으신거죠"}],"type":"pronunciation"},{"alternatives":[{"confidence":"0.0","content":"."}],"type":"punctuation"},{"start_time":"281.22","end_time":"281.77","alternatives":[{"confidence":"1.0","content":"알겠습니다"}],"type":"pronunciation"},{"alternatives":[{"confidence":"0.0","content":"."}],"type":"punctuation"},{"start_time":"281.77","end_time":"282.19","alternatives":[{"confidence":"0.9967","content":"그럼"}],"type":"pronunciation"},{"start_time":"282.19","end_time":"282.42","alternatives":[{"confidence":"0.5531","content":"이거"}],"type":"pronunciation"},{"start_time":"282.42","end_time":"283.85","alternatives":[{"confidence":"0.6917500000000001","content":"진행테니까"}],"type":"pronunciation"},{"alternatives":[{"confidence":"0.0","content":"."}],"type":"punctuation"},{"start_time":"284.18","end_time":"284.33","alternatives":[{"confidence":"0.313","content":"이거"}],"type":"pronunciation"},{"start_time":"284.33","end_time":"284.6","alternatives":[{"confidence":"0.285","content":"보안"}],"type":"pronunciation"},{"start_time":"284.6","end_time":"284.85","alternatives":[{"confidence":"0.1479","content":"유지만"}],"type":"pronunciation"},{"start_time":"284.85","end_time":"284.95","alternatives":[{"confidence":"0.993","content":"좀"}],"type":"pronunciation"},{"start_time":"284.95","end_time":"285.43","alternatives":[{"confidence":"0.8959","content":"해주세요"}],"type":"pronunciation"},{"alternatives":[{"confidence":"0.0","content":"."}],"type":"punctuation"}]},"status":"COMPLETED"}