{"jobName":"transcribe_loan86","accountId":"097989105209","results":{"transcripts":[{"transcript":"본인 확인되셨고요 님 소득활동은 직장생활 하시나요? 아니면 개인 사업본인 명의사업자등록증 있으신건 주거래은행은 어디시죠 연매출은 어떻게 되세요? 신용카드 몇 장 사용 중에 있으신가요? 카드론이나 현금서비스 받으신 사금융 이나 대부업체 사용 중이신 것도 있으시 의원님살고 계시는 거주지시구 돈 까지만 확인 부탁 드리겠습니다. 사시는 곧 거주 형태가 자가 세요 전세세요 있으세요? 등 범상가족관계는 몇 으로 되어 있으신가요?"}],"items":[{"start_time":"0.57","end_time":"0.87","alternatives":[{"confidence":"0.6403","content":"본인"}],"type":"pronunciation"},{"start_time":"0.87","end_time":"1.62","alternatives":[{"confidence":"0.7311333333333333","content":"확인되셨고요"}],"type":"pronunciation"},{"start_time":"1.86","end_time":"2.24","alternatives":[{"confidence":"0.5933","content":"님"}],"type":"pronunciation"},{"start_time":"2.54","end_time":"3.4","alternatives":[{"confidence":"0.74685","content":"소득활동은"}],"type":"pronunciation"},{"start_time":"3.4","end_time":"3.92","alternatives":[{"confidence":"0.7689","content":"직장생활"}],"type":"pronunciation"},{"start_time":"3.92","end_time":"4.27","alternatives":[{"confidence":"0.9993","content":"하시나요"}],"type":"pronunciation"},{"alternatives":[{"confidence":"0.0","content":"?"}],"type":"punctuation"},{"start_time":"4.27","end_time":"4.52","alternatives":[{"confidence":"1.0","content":"아니면"}],"type":"pronunciation"},{"start_time":"4.52","end_time":"4.84","alternatives":[{"confidence":"0.753","content":"개인"}],"type":"pronunciation"},{"start_time":"4.84","end_time":"6.86","alternatives":[{"confidence":"0.56505","content":"사업본인"}],"type":"pronunciation"},{"start_time":"6.86","end_time":"8.25","alternatives":[{"confidence":"0.76895","content":"명의사업자등록증"}],"type":"pronunciation"},{"start_time":"8.25","end_time":"8.72","alternatives":[{"confidence":"0.45835","content":"있으신건"}],"type":"pronunciation"},{"start_time":"9.42","end_time":"10.07","alternatives":[{"confidence":"0.7938000000000001","content":"주거래은행은"}],"type":"pronunciation"},{"start_time":"10.07","end_time":"10.58","alternatives":[{"confidence":"0.70055","content":"어디시죠"}],"type":"pronunciation"},{"start_time":"11.25","end_time":"11.81","alternatives":[{"confidence":"0.7169666666666666","content":"연매출은"}],"type":"pronunciation"},{"start_time":"11.81","end_time":"12.07","alternatives":[{"confidence":"1.0","content":"어떻게"}],"type":"pronunciation"},{"start_time":"12.07","end_time":"12.57","alternatives":[{"confidence":"1.0","content":"되세요"}],"type":"pronunciation"},{"alternatives":[{"confidence":"0.0","content":"?"}],"type":"punctuation"},{"start_time":"13.17","end_time":"13.64","alternatives":[{"confidence":"0.7548","content":"신용카드"}],"type":"pronunciation"},{"start_time":"13.64","end_time":"13.76","alternatives":[{"confidence":"0.299","content":"몇"}],"type":"pronunciation"},{"start_time":"13.76","end_time":"13.9","alternatives":[{"confidence":"0.335","content":"장"}],"type":"pronunciation"},{"start_time":"13.9","end_time":"14.1","alternatives":[{"confidence":"0.6017","content":"사용"}],"type":"pronunciation"},{"start_time":"14.1","end_time":"14.27","alternatives":[{"confidence":"0.9818","content":"중에"}],"type":"pronunciation"},{"start_time":"14.27","end_time":"15.08","alternatives":[{"confidence":"1.0","content":"있으신가요"}],"type":"pronunciation"},{"alternatives":[{"confidence":"0.0","content":"?"}],"type":"punctuation"},{"start_time":"15.17","end_time":"15.73","alternatives":[{"confidence":"0.9990666666666667","content":"카드론이나"}],"type":"pronunciation"},{"start_time":"15.73","end_time":"16.24","alternatives":[{"confidence":"0.984","content":"현금서비스"}],"type":"pronunciation"},{"start_time":"16.24","end_time":"16.57","alternatives":[{"confidence":"0.5431999999999999","content":"받으신"}],"type":"pronunciation"},{"start_time":"17.33","end_time":"17.79","alternatives":[{"confidence":"0.7414499999999999","content":"사금융"}],"type":"pronunciation"},{"start_time":"17.79","end_time":"18.0","alternatives":[{"confidence":"1.0","content":"이나"}],"type":"pronunciation"},{"start_time":"18.16","end_time":"18.65","alternatives":[{"confidence":"0.7417","content":"대부업체"}],"type":"pronunciation"},{"start_time":"18.65","end_time":"18.87","alternatives":[{"confidence":"0.8752","content":"사용"}],"type":"pronunciation"},{"start_time":"18.87","end_time":"19.14","alternatives":[{"confidence":"0.2244","content":"중이신"}],"type":"pronunciation"},{"start_time":"19.14","end_time":"19.32","alternatives":[{"confidence":"0.8323","content":"것도"}],"type":"pronunciation"},{"start_time":"19.32","end_time":"19.57","alternatives":[{"confidence":"0.3449","content":"있으시"}],"type":"pronunciation"},{"start_time":"20.7","end_time":"21.24","alternatives":[{"confidence":"0.6616499999999998","content":"의원님살고"}],"type":"pronunciation"},{"start_time":"21.24","end_time":"21.56","alternatives":[{"confidence":"0.9992","content":"계시는"}],"type":"pronunciation"},{"start_time":"21.56","end_time":"22.64","alternatives":[{"confidence":"0.625","content":"거주지시구"}],"type":"pronunciation"},{"start_time":"22.64","end_time":"22.82","alternatives":[{"confidence":"0.3253","content":"돈"}],"type":"pronunciation"},{"start_time":"22.82","end_time":"23.22","alternatives":[{"confidence":"0.998","content":"까지만"}],"type":"pronunciation"},{"start_time":"23.22","end_time":"23.44","alternatives":[{"confidence":"0.7249","content":"확인"}],"type":"pronunciation"},{"start_time":"23.44","end_time":"23.64","alternatives":[{"confidence":"0.5543","content":"부탁"}],"type":"pronunciation"},{"start_time":"23.64","end_time":"24.08","alternatives":[{"confidence":"1.0","content":"드리겠습니다"}],"type":"pronunciation"},{"alternatives":[{"confidence":"0.0","content":"."}],"type":"punctuation"},{"start_time":"24.97","end_time":"25.37","alternatives":[{"confidence":"0.984","content":"사시는"}],"type":"pronunciation"},{"start_time":"25.37","end_time":"25.5","alternatives":[{"confidence":"0.4983","content":"곧"}],"type":"pronunciation"},{"start_time":"25.5","end_time":"25.77","alternatives":[{"confidence":"0.6927","content":"거주"}],"type":"pronunciation"},{"start_time":"25.77","end_time":"26.57","alternatives":[{"confidence":"1.0","content":"형태가"}],"type":"pronunciation"},{"start_time":"26.94","end_time":"27.29","alternatives":[{"confidence":"0.6383","content":"자가"}],"type":"pronunciation"},{"start_time":"27.29","end_time":"27.52","alternatives":[{"confidence":"0.532","content":"세요"}],"type":"pronunciation"},{"start_time":"27.52","end_time":"28.07","alternatives":[{"confidence":"0.3508","content":"전세세요"}],"type":"pronunciation"},{"start_time":"28.07","end_time":"28.62","alternatives":[{"confidence":"0.9985","content":"있으세요"}],"type":"pronunciation"},{"alternatives":[{"confidence":"0.0","content":"?"}],"type":"punctuation"},{"start_time":"29.7","end_time":"29.89","alternatives":[{"confidence":"0.9444","content":"등"}],"type":"pronunciation"},{"start_time":"29.89","end_time":"30.99","alternatives":[{"confidence":"0.935","content":"범상가족관계는"}],"type":"pronunciation"},{"start_time":"30.99","end_time":"31.19","alternatives":[{"confidence":"0.1224","content":"몇"}],"type":"pronunciation"},{"start_time":"31.34","end_time":"31.47","alternatives":[{"confidence":"0.5534","content":"으로"}],"type":"pronunciation"},{"start_time":"31.47","end_time":"31.67","alternatives":[{"confidence":"0.6332","content":"되어"}],"type":"pronunciation"},{"start_time":"31.67","end_time":"32.47","alternatives":[{"confidence":"0.9998","content":"있으신가요"}],"type":"pronunciation"},{"alternatives":[{"confidence":"0.0","content":"?"}],"type":"punctuation"}]},"status":"COMPLETED"}