{"jobName":"transcribe_loan21","accountId":"097989105209","results":{"transcripts":[{"transcript":"여보세요? 여보세요? 상황기간은? 오 년 칠 점 팔 프로 이세요. 그렇죠. 한 달에 나쁘게 지금도 맥삼십육 만 삼천이백오십원 납부되실 거고. 그렇죠, 한가지 알아두셔야 될 게 이천팔백 이란 자금은 일반 신용이 아닌 정부지원 자금으로 해서 국민들이 세금을 받으신다는 건 알고 있으십시오. 그렇기 때문에 일반 신용공중서 발급나오셨고요. 그리고 공중들어가시는데 한 두 시간 정도 소요되셔야 그냥 양해해주시고 공중들어가시는데도 바로 천팔백 만원 송금처리 들어가실 거고, 또 공중내용이나 어떤 게 들어갈 거냐 며 냐 이천팔백 에 대해서 느냐 나중에 받고 계시다 연체를 하시더라도 뭐 이나 개인 회생그런거 신청 자체가 안 되시는 거야. 이제 아시겠죠? 무조건 본인이 직접 갚아야 된다는 그런 공정내용이 들어갈 거고요. 그리고 공정비용으로 오십 만 이천 원 이시고요 공중비용을 세 달 동안 환급되시는데. 만약에 공중비용 오십만 이천 못 받으시니까 유념하시고요 이천원이 환급세 달 동안 안 했어요. 만약 에는 환급받으세요. 그리고 은행은 국민은행맞죠 그거 원복? 예, 그렇죠. 검찰이 들어갈거고 원본 계약서자택으로 보내 드릴까요? 그거 받으시면 그 안에 은행 두 가지가 있을 거야. 그중에 개인적 만 가지고 계시고요. 은행용어는 잡보내주셔야. 그리고 이제 하실 거예요. 십오일날 십오 일 가능합니다. 그리고 핸드폰으로 누구명이 돼요. 어느 통신사어요 그러시고 지금 공중비용 처리는 좀 바로 가능하시겠어요. 지금 바로 는 제가 안 되는데 언제쯤 가능하실 것 같아요? 네. 공중들어가셔야 같은 경우는 무지기 시고 통장상의 소득증빙할 수 있는 그런 게 없으시기 때문에 공정은 받으셔야 되거든요. 지금 그니까 구하실 수는 있으세요? 만약에 없다고 하면은 없다고 하면은 소득증명할 수 있는 통장거래 내역을 절대로 보내주셔야 되는데 그런 게 없잖아요. 급여라든가 그렇게 받은 내역이 없잖아요. 오늘이나 뭐 그제나 뭐 최근에 그렇죠. 그러면 그거를 영업 사원분한테 얘기를 하면 급여나 뭐 그런 식으로 해서 작업을 해주신다고 하더라고요. 요즘에. 그러니까 한번 그렇게 해서 소득증명할 수 있는 서류를 첨부를 해서 자금받아가셔서 되긴 해요. 공중을 안 받고 공중안 들어가고도. 그러니까 한번 영업사원분하고 한번 상의를 해 보세요. 그러시면. 그래서 모르세요? 접수들어온 걸로 나온 정지용 씨로 나오셨는데 연합은 몰라요. 확인해줄까요 공이 삼팔칠칠이야 담당자가 정지로 나오세요. 그러니까 도 전화해서 부탁하는 입장이잖아요 작업 해달라고 그러니까 거기서 물어보는 것도 이렇게 친절하게 답변해서 좀 친절하게 해서 잘 좀 부탁한다고 해서 작업 해가지고 작은 받아가시면 될 것 같으니까 그것도 전화했어요. 한번 물어보세요. 제가 지금 상황을 공중받아야 되거나 아니면 소득 준비할 수 있는 돈거래 내역을 보내달라고 하는데 너한테 전화한번 만들어준다고 하던데 어떻게 하면 되냐 그렇게 한번 전화 한 통화하세요 하고 아닌데요. 무슨 뭐 이런 거 있잖아요. 이건 굉장히 하겠습니다. 그쪽으로 전화하세요. 그렇게 해서 소득 증빙 통장거래 네요. 보내주시고 자금 받아가신 되세요 있습니다."}],"items":[{"start_time":"1.21","end_time":"1.95","alternatives":[{"confidence":"0.8606","content":"여보세요"}],"type":"pronunciation"},{"alternatives":[{"confidence":"0.0","content":"?"}],"type":"punctuation"},{"start_time":"2.53","end_time":"2.96","alternatives":[{"confidence":"0.4679","content":"여보세요"}],"type":"pronunciation"},{"alternatives":[{"confidence":"0.0","content":"?"}],"type":"punctuation"},{"start_time":"5.99","end_time":"6.8","alternatives":[{"confidence":"0.7299500000000001","content":"상황기간은"}],"type":"pronunciation"},{"alternatives":[{"confidence":"0.0","content":"?"}],"type":"punctuation"},{"start_time":"6.8","end_time":"7.0","alternatives":[{"confidence":"0.8527","content":"오"}],"type":"pronunciation"},{"start_time":"7.0","end_time":"7.39","alternatives":[{"confidence":"0.341","content":"년"}],"type":"pronunciation"},{"start_time":"7.84","end_time":"8.09","alternatives":[{"confidence":"0.0626","content":"칠"}],"type":"pronunciation"},{"start_time":"8.09","end_time":"8.26","alternatives":[{"confidence":"0.07","content":"점"}],"type":"pronunciation"},{"start_time":"8.26","end_time":"8.43","alternatives":[{"confidence":"0.0684","content":"팔"}],"type":"pronunciation"},{"start_time":"8.43","end_time":"8.66","alternatives":[{"confidence":"0.0645","content":"프로"}],"type":"pronunciation"},{"start_time":"8.66","end_time":"9.41","alternatives":[{"confidence":"0.9713","content":"이세요"}],"type":"pronunciation"},{"alternatives":[{"confidence":"0.0","content":"."}],"type":"punctuation"},{"start_time":"11.55","end_time":"11.88","alternatives":[{"confidence":"0.9327","content":"그렇죠"}],"type":"pronunciation"},{"alternatives":[{"confidence":"0.0","content":"."}],"type":"punctuation"},{"start_time":"11.91","end_time":"12.03","alternatives":[{"confidence":"0.9603","content":"한"}],"type":"pronunciation"},{"start_time":"12.03","end_time":"12.25","alternatives":[{"confidence":"0.9659","content":"달에"}],"type":"pronunciation"},{"start_time":"12.25","end_time":"12.64","alternatives":[{"confidence":"0.1235","content":"나쁘게"}],"type":"pronunciation"},{"start_time":"12.64","end_time":"12.95","alternatives":[{"confidence":"0.8661","content":"지금도"}],"type":"pronunciation"},{"start_time":"12.95","end_time":"13.64","alternatives":[{"confidence":"0.88815","content":"맥삼십육"}],"type":"pronunciation"},{"start_time":"13.64","end_time":"13.77","alternatives":[{"confidence":"1.0","content":"만"}],"type":"pronunciation"},{"start_time":"13.77","end_time":"15.16","alternatives":[{"confidence":"0.504475","content":"삼천이백오십원"}],"type":"pronunciation"},{"start_time":"15.39","end_time":"15.92","alternatives":[{"confidence":"0.7850333333333334","content":"납부되실"}],"type":"pronunciation"},{"start_time":"15.92","end_time":"16.54","alternatives":[{"confidence":"0.998","content":"거고"}],"type":"pronunciation"},{"alternatives":[{"confidence":"0.0","content":"."}],"type":"punctuation"},{"start_time":"17.9","end_time":"18.28","alternatives":[{"confidence":"0.8924","content":"그렇죠"}],"type":"pronunciation"},{"alternatives":[{"confidence":"0.0","content":","}],"type":"punctuation"},{"start_time":"18.56","end_time":"18.89","alternatives":[{"confidence":"0.6068","content":"한가지"}],"type":"pronunciation"},{"start_time":"18.89","end_time":"19.41","alternatives":[{"confidence":"0.9386666666666666","content":"알아두셔야"}],"type":"pronunciation"},{"start_time":"19.41","end_time":"19.56","alternatives":[{"confidence":"0.7992","content":"될"}],"type":"pronunciation"},{"start_time":"19.56","end_time":"19.69","alternatives":[{"confidence":"0.4557","content":"게"}],"type":"pronunciation"},{"start_time":"19.72","end_time":"20.34","alternatives":[{"confidence":"0.5244","content":"이천팔백"}],"type":"pronunciation"},{"start_time":"20.34","end_time":"20.56","alternatives":[{"confidence":"0.3638","content":"이란"}],"type":"pronunciation"},{"start_time":"20.56","end_time":"21.34","alternatives":[{"confidence":"0.94755","content":"자금은"}],"type":"pronunciation"},{"start_time":"22.83","end_time":"23.25","alternatives":[{"confidence":"0.9144","content":"일반"}],"type":"pronunciation"},{"start_time":"23.25","end_time":"23.87","alternatives":[{"confidence":"0.51515","content":"신용이"}],"type":"pronunciation"},{"start_time":"23.87","end_time":"24.1","alternatives":[{"confidence":"0.1219","content":"아닌"}],"type":"pronunciation"},{"start_time":"24.1","end_time":"24.65","alternatives":[{"confidence":"0.72685","content":"정부지원"}],"type":"pronunciation"},{"start_time":"24.65","end_time":"25.06","alternatives":[{"confidence":"0.8305","content":"자금으로"}],"type":"pronunciation"},{"start_time":"25.06","end_time":"25.24","alternatives":[{"confidence":"0.9903","content":"해서"}],"type":"pronunciation"},{"start_time":"25.24","end_time":"25.72","alternatives":[{"confidence":"0.6951","content":"국민들이"}],"type":"pronunciation"},{"start_time":"25.72","end_time":"26.21","alternatives":[{"confidence":"0.9913","content":"세금을"}],"type":"pronunciation"},{"start_time":"26.88","end_time":"27.56","alternatives":[{"confidence":"0.8307333333333333","content":"받으신다는"}],"type":"pronunciation"},{"start_time":"28.37","end_time":"28.53","alternatives":[{"confidence":"0.3124","content":"건"}],"type":"pronunciation"},{"start_time":"28.53","end_time":"28.75","alternatives":[{"confidence":"0.9954","content":"알고"}],"type":"pronunciation"},{"start_time":"28.75","end_time":"29.71","alternatives":[{"confidence":"0.99995","content":"있으십시오"}],"type":"pronunciation"},{"alternatives":[{"confidence":"0.0","content":"."}],"type":"punctuation"},{"start_time":"31.1","end_time":"31.43","alternatives":[{"confidence":"1.0","content":"그렇기"}],"type":"pronunciation"},{"start_time":"31.43","end_time":"31.92","alternatives":[{"confidence":"0.9982","content":"때문에"}],"type":"pronunciation"},{"start_time":"32.5","end_time":"32.86","alternatives":[{"confidence":"0.9443","content":"일반"}],"type":"pronunciation"},{"start_time":"32.86","end_time":"34.41","alternatives":[{"confidence":"0.6251","content":"신용공중서"}],"type":"pronunciation"},{"start_time":"34.41","end_time":"35.74","alternatives":[{"confidence":"0.95825","content":"발급나오셨고요"}],"type":"pronunciation"},{"alternatives":[{"confidence":"0.0","content":"."}],"type":"punctuation"},{"start_time":"36.27","end_time":"36.73","alternatives":[{"confidence":"1.0","content":"그리고"}],"type":"pronunciation"},{"start_time":"36.73","end_time":"38.53","alternatives":[{"confidence":"0.8316","content":"공중들어가시는데"}],"type":"pronunciation"},{"start_time":"38.53","end_time":"38.67","alternatives":[{"confidence":"0.9491","content":"한"}],"type":"pronunciation"},{"start_time":"38.67","end_time":"38.81","alternatives":[{"confidence":"0.7906","content":"두"}],"type":"pronunciation"},{"start_time":"38.81","end_time":"39.05","alternatives":[{"confidence":"0.9957","content":"시간"}],"type":"pronunciation"},{"start_time":"39.05","end_time":"39.29","alternatives":[{"confidence":"0.9817","content":"정도"}],"type":"pronunciation"},{"start_time":"39.29","end_time":"40.34","alternatives":[{"confidence":"0.34299999999999997","content":"소요되셔야"}],"type":"pronunciation"},{"start_time":"40.43","end_time":"40.72","alternatives":[{"confidence":"0.992","content":"그냥"}],"type":"pronunciation"},{"start_time":"40.72","end_time":"41.67","alternatives":[{"confidence":"0.8929499999999999","content":"양해해주시고"}],"type":"pronunciation"},{"start_time":"41.98","end_time":"43.85","alternatives":[{"confidence":"0.8139500000000001","content":"공중들어가시는데도"}],"type":"pronunciation"},{"start_time":"44.03","end_time":"44.32","alternatives":[{"confidence":"0.9093","content":"바로"}],"type":"pronunciation"},{"start_time":"44.32","end_time":"44.79","alternatives":[{"confidence":"0.7568","content":"천팔백"}],"type":"pronunciation"},{"start_time":"44.79","end_time":"45.01","alternatives":[{"confidence":"0.7216","content":"만원"}],"type":"pronunciation"},{"start_time":"45.01","end_time":"45.52","alternatives":[{"confidence":"0.6451","content":"송금처리"}],"type":"pronunciation"},{"start_time":"45.52","end_time":"45.98","alternatives":[{"confidence":"0.8025","content":"들어가실"}],"type":"pronunciation"},{"start_time":"45.98","end_time":"46.44","alternatives":[{"confidence":"0.9986","content":"거고"}],"type":"pronunciation"},{"alternatives":[{"confidence":"0.0","content":","}],"type":"punctuation"},{"start_time":"46.77","end_time":"47.2","alternatives":[{"confidence":"0.9946","content":"또"}],"type":"pronunciation"},{"start_time":"47.21","end_time":"48.27","alternatives":[{"confidence":"0.8828333333333332","content":"공중내용이나"}],"type":"pronunciation"},{"start_time":"48.27","end_time":"48.52","alternatives":[{"confidence":"0.8336","content":"어떤"}],"type":"pronunciation"},{"start_time":"48.52","end_time":"48.62","alternatives":[{"confidence":"0.7742","content":"게"}],"type":"pronunciation"},{"start_time":"48.62","end_time":"48.97","alternatives":[{"confidence":"0.9979","content":"들어갈"}],"type":"pronunciation"},{"start_time":"48.97","end_time":"49.2","alternatives":[{"confidence":"0.9952","content":"거냐"}],"type":"pronunciation"},{"start_time":"49.2","end_time":"49.32","alternatives":[{"confidence":"0.5003","content":"며"}],"type":"pronunciation"},{"start_time":"49.32","end_time":"49.83","alternatives":[{"confidence":"0.573","content":"냐"}],"type":"pronunciation"},{"start_time":"49.89","end_time":"50.95","alternatives":[{"confidence":"0.88345","content":"이천팔백"}],"type":"pronunciation"},{"start_time":"50.95","end_time":"51.03","alternatives":[{"confidence":"0.5649","content":"에"}],"type":"pronunciation"},{"start_time":"51.03","end_time":"51.39","alternatives":[{"confidence":"0.9676","content":"대해서"}],"type":"pronunciation"},{"start_time":"51.39","end_time":"52.44","alternatives":[{"confidence":"0.6764","content":"느냐"}],"type":"pronunciation"},{"start_time":"52.5","end_time":"53.51","alternatives":[{"confidence":"0.9835","content":"나중에"}],"type":"pronunciation"},{"start_time":"53.75","end_time":"54.45","alternatives":[{"confidence":"0.9937","content":"받고"}],"type":"pronunciation"},{"start_time":"54.45","end_time":"54.83","alternatives":[{"confidence":"0.73525","content":"계시다"}],"type":"pronunciation"},{"start_time":"54.83","end_time":"55.25","alternatives":[{"confidence":"0.43520000000000003","content":"연체를"}],"type":"pronunciation"},{"start_time":"55.25","end_time":"56.11","alternatives":[{"confidence":"1.0","content":"하시더라도"}],"type":"pronunciation"},{"start_time":"56.26","end_time":"56.48","alternatives":[{"confidence":"0.1043","content":"뭐"}],"type":"pronunciation"},{"start_time":"57.35","end_time":"57.55","alternatives":[{"confidence":"0.9038","content":"이나"}],"type":"pronunciation"},{"start_time":"57.55","end_time":"57.92","alternatives":[{"confidence":"0.4453","content":"개인"}],"type":"pronunciation"},{"start_time":"57.92","end_time":"58.81","alternatives":[{"confidence":"0.69375","content":"회생그런거"}],"type":"pronunciation"},{"start_time":"59.05","end_time":"59.52","alternatives":[{"confidence":"0.6188","content":"신청"}],"type":"pronunciation"},{"start_time":"59.52","end_time":"60.01","alternatives":[{"confidence":"1.0","content":"자체가"}],"type":"pronunciation"},{"start_time":"60.01","end_time":"60.16","alternatives":[{"confidence":"0.9725","content":"안"}],"type":"pronunciation"},{"start_time":"60.16","end_time":"60.57","alternatives":[{"confidence":"0.5191","content":"되시는"}],"type":"pronunciation"},{"start_time":"60.57","end_time":"61.54","alternatives":[{"confidence":"0.1161","content":"거야"}],"type":"pronunciation"},{"alternatives":[{"confidence":"0.0","content":"."}],"type":"punctuation"},{"start_time":"61.81","end_time":"61.94","alternatives":[{"confidence":"0.281","content":"이제"}],"type":"pronunciation"},{"start_time":"61.94","end_time":"62.39","alternatives":[{"confidence":"0.90635","content":"아시겠죠"}],"type":"pronunciation"},{"alternatives":[{"confidence":"0.0","content":"?"}],"type":"punctuation"},{"start_time":"62.88","end_time":"63.47","alternatives":[{"confidence":"0.9995","content":"무조건"}],"type":"pronunciation"},{"start_time":"63.68","end_time":"64.13","alternatives":[{"confidence":"1.0","content":"본인이"}],"type":"pronunciation"},{"start_time":"64.13","end_time":"64.41","alternatives":[{"confidence":"0.77","content":"직접"}],"type":"pronunciation"},{"start_time":"64.41","end_time":"64.84","alternatives":[{"confidence":"0.99465","content":"갚아야"}],"type":"pronunciation"},{"start_time":"64.84","end_time":"65.43","alternatives":[{"confidence":"0.9833","content":"된다는"}],"type":"pronunciation"},{"start_time":"65.43","end_time":"65.82","alternatives":[{"confidence":"0.9823","content":"그런"}],"type":"pronunciation"},{"start_time":"66.05","end_time":"66.7","alternatives":[{"confidence":"0.74095","content":"공정내용이"}],"type":"pronunciation"},{"start_time":"66.7","end_time":"67.05","alternatives":[{"confidence":"0.904","content":"들어갈"}],"type":"pronunciation"},{"start_time":"67.05","end_time":"67.91","alternatives":[{"confidence":"0.9863","content":"거고요"}],"type":"pronunciation"},{"alternatives":[{"confidence":"0.0","content":"."}],"type":"punctuation"},{"start_time":"68.22","end_time":"68.71","alternatives":[{"confidence":"0.9994","content":"그리고"}],"type":"pronunciation"},{"start_time":"69.12","end_time":"69.89","alternatives":[{"confidence":"0.6324000000000001","content":"공정비용으로"}],"type":"pronunciation"},{"start_time":"69.89","end_time":"70.25","alternatives":[{"confidence":"0.5316","content":"오십"}],"type":"pronunciation"},{"start_time":"70.25","end_time":"70.45","alternatives":[{"confidence":"0.9734","content":"만"}],"type":"pronunciation"},{"start_time":"70.45","end_time":"70.79","alternatives":[{"confidence":"0.7288","content":"이천"}],"type":"pronunciation"},{"start_time":"70.79","end_time":"70.92","alternatives":[{"confidence":"0.4483","content":"원"}],"type":"pronunciation"},{"start_time":"70.92","end_time":"71.58","alternatives":[{"confidence":"0.8912","content":"이시고요"}],"type":"pronunciation"},{"start_time":"71.64","end_time":"72.61","alternatives":[{"confidence":"0.70655","content":"공중비용을"}],"type":"pronunciation"},{"start_time":"73.01","end_time":"73.21","alternatives":[{"confidence":"0.6546","content":"세"}],"type":"pronunciation"},{"start_time":"73.21","end_time":"73.44","alternatives":[{"confidence":"0.9547","content":"달"}],"type":"pronunciation"},{"start_time":"73.44","end_time":"73.71","alternatives":[{"confidence":"0.7676","content":"동안"}],"type":"pronunciation"},{"start_time":"74.78","end_time":"75.88","alternatives":[{"confidence":"0.9246666666666666","content":"환급되시는데"}],"type":"pronunciation"},{"alternatives":[{"confidence":"0.0","content":"."}],"type":"punctuation"},{"start_time":"76.17","end_time":"76.52","alternatives":[{"confidence":"0.4949","content":"만약에"}],"type":"pronunciation"},{"start_time":"77.57","end_time":"78.25","alternatives":[{"confidence":"0.7576499999999999","content":"공중비용"}],"type":"pronunciation"},{"start_time":"78.25","end_time":"78.58","alternatives":[{"confidence":"0.8106500000000001","content":"오십만"}],"type":"pronunciation"},{"start_time":"78.58","end_time":"78.8","alternatives":[{"confidence":"0.6844","content":"이천"}],"type":"pronunciation"},{"start_time":"79.16","end_time":"79.32","alternatives":[{"confidence":"0.3281","content":"못"}],"type":"pronunciation"},{"start_time":"79.33","end_time":"79.93","alternatives":[{"confidence":"0.9967","content":"받으시니까"}],"type":"pronunciation"},{"start_time":"79.93","end_time":"81.1","alternatives":[{"confidence":"0.9971","content":"유념하시고요"}],"type":"pronunciation"},{"start_time":"84.57","end_time":"85.13","alternatives":[{"confidence":"0.97865","content":"이천원이"}],"type":"pronunciation"},{"start_time":"85.16","end_time":"87.26","alternatives":[{"confidence":"0.4405","content":"환급세"}],"type":"pronunciation"},{"start_time":"87.26","end_time":"87.55","alternatives":[{"confidence":"0.0318","content":"달"}],"type":"pronunciation"},{"start_time":"88.61","end_time":"88.89","alternatives":[{"confidence":"0.2694","content":"동안"}],"type":"pronunciation"},{"start_time":"89.21","end_time":"89.34","alternatives":[{"confidence":"0.3064","content":"안"}],"type":"pronunciation"},{"start_time":"89.34","end_time":"89.66","alternatives":[{"confidence":"0.5656","content":"했어요"}],"type":"pronunciation"},{"alternatives":[{"confidence":"0.0","content":"."}],"type":"punctuation"},{"start_time":"90.55","end_time":"91.29","alternatives":[{"confidence":"0.8603","content":"만약"}],"type":"pronunciation"},{"start_time":"92.1","end_time":"92.57","alternatives":[{"confidence":"0.2698","content":"에는"}],"type":"pronunciation"},{"start_time":"92.57","end_time":"93.59","alternatives":[{"confidence":"0.5206","content":"환급받으세요"}],"type":"pronunciation"},{"alternatives":[{"confidence":"0.0","content":"."}],"type":"punctuation"},{"start_time":"95.19","end_time":"95.59","alternatives":[{"confidence":"0.9202","content":"그리고"}],"type":"pronunciation"},{"start_time":"96.37","end_time":"96.83","alternatives":[{"confidence":"0.9942","content":"은행은"}],"type":"pronunciation"},{"start_time":"96.83","end_time":"97.74","alternatives":[{"confidence":"0.5365","content":"국민은행맞죠"}],"type":"pronunciation"},{"start_time":"103.95","end_time":"104.28","alternatives":[{"confidence":"0.0827","content":"그거"}],"type":"pronunciation"},{"start_time":"104.43","end_time":"104.96","alternatives":[{"confidence":"0.1867","content":"원복"}],"type":"pronunciation"},{"alternatives":[{"confidence":"0.0","content":"?"}],"type":"punctuation"},{"start_time":"112.21","end_time":"112.61","alternatives":[{"confidence":"0.2796","content":"예"}],"type":"pronunciation"},{"alternatives":[{"confidence":"0.0","content":","}],"type":"punctuation"},{"start_time":"113.98","end_time":"114.25","alternatives":[{"confidence":"0.3552","content":"그렇죠"}],"type":"pronunciation"},{"alternatives":[{"confidence":"0.0","content":"."}],"type":"punctuation"},{"start_time":"114.4","end_time":"114.75","alternatives":[{"confidence":"0.4196","content":"검찰이"}],"type":"pronunciation"},{"start_time":"114.75","end_time":"115.42","alternatives":[{"confidence":"0.8324","content":"들어갈거고"}],"type":"pronunciation"},{"start_time":"115.54","end_time":"115.91","alternatives":[{"confidence":"0.4467","content":"원본"}],"type":"pronunciation"},{"start_time":"115.91","end_time":"117.1","alternatives":[{"confidence":"0.9471999999999999","content":"계약서자택으로"}],"type":"pronunciation"},{"start_time":"117.1","end_time":"117.34","alternatives":[{"confidence":"0.8688","content":"보내"}],"type":"pronunciation"},{"start_time":"117.34","end_time":"117.91","alternatives":[{"confidence":"1.0","content":"드릴까요"}],"type":"pronunciation"},{"alternatives":[{"confidence":"0.0","content":"?"}],"type":"punctuation"},{"start_time":"119.37","end_time":"119.54","alternatives":[{"confidence":"0.3862","content":"그거"}],"type":"pronunciation"},{"start_time":"119.54","end_time":"120.23","alternatives":[{"confidence":"1.0","content":"받으시면"}],"type":"pronunciation"},{"start_time":"120.23","end_time":"120.38","alternatives":[{"confidence":"0.9874","content":"그"}],"type":"pronunciation"},{"start_time":"120.38","end_time":"120.64","alternatives":[{"confidence":"0.9192","content":"안에"}],"type":"pronunciation"},{"start_time":"120.82","end_time":"121.14","alternatives":[{"confidence":"0.648","content":"은행"}],"type":"pronunciation"},{"start_time":"121.81","end_time":"121.96","alternatives":[{"confidence":"0.7469","content":"두"}],"type":"pronunciation"},{"start_time":"121.96","end_time":"122.28","alternatives":[{"confidence":"0.9998","content":"가지가"}],"type":"pronunciation"},{"start_time":"122.28","end_time":"122.52","alternatives":[{"confidence":"0.9365","content":"있을"}],"type":"pronunciation"},{"start_time":"122.52","end_time":"123.45","alternatives":[{"confidence":"0.4095","content":"거야"}],"type":"pronunciation"},{"alternatives":[{"confidence":"0.0","content":"."}],"type":"punctuation"},{"start_time":"124.02","end_time":"124.52","alternatives":[{"confidence":"0.7423","content":"그중에"}],"type":"pronunciation"},{"start_time":"124.52","end_time":"125.02","alternatives":[{"confidence":"0.9611","content":"개인적"}],"type":"pronunciation"},{"start_time":"125.02","end_time":"125.21","alternatives":[{"confidence":"0.9832","content":"만"}],"type":"pronunciation"},{"start_time":"125.21","end_time":"125.68","alternatives":[{"confidence":"0.9903","content":"가지고"}],"type":"pronunciation"},{"start_time":"125.68","end_time":"126.22","alternatives":[{"confidence":"0.9793000000000001","content":"계시고요"}],"type":"pronunciation"},{"alternatives":[{"confidence":"0.0","content":"."}],"type":"punctuation"},{"start_time":"126.25","end_time":"126.92","alternatives":[{"confidence":"0.63565","content":"은행용어는"}],"type":"pronunciation"},{"start_time":"126.92","end_time":"129.25","alternatives":[{"confidence":"0.5073333333333333","content":"잡보내주셔야"}],"type":"pronunciation"},{"alternatives":[{"confidence":"0.0","content":"."}],"type":"punctuation"},{"start_time":"130.74","end_time":"131.12","alternatives":[{"confidence":"0.9076","content":"그리고"}],"type":"pronunciation"},{"start_time":"131.79","end_time":"132.08","alternatives":[{"confidence":"0.0066","content":"이제"}],"type":"pronunciation"},{"start_time":"133.04","end_time":"133.25","alternatives":[{"confidence":"0.9339","content":"하실"}],"type":"pronunciation"},{"start_time":"133.25","end_time":"133.61","alternatives":[{"confidence":"0.95","content":"거예요"}],"type":"pronunciation"},{"alternatives":[{"confidence":"0.0","content":"."}],"type":"punctuation"},{"start_time":"135.84","end_time":"136.69","alternatives":[{"confidence":"0.61755","content":"십오일날"}],"type":"pronunciation"},{"start_time":"136.8","end_time":"137.24","alternatives":[{"confidence":"0.4944","content":"십오"}],"type":"pronunciation"},{"start_time":"137.24","end_time":"137.36","alternatives":[{"confidence":"0.7886","content":"일"}],"type":"pronunciation"},{"start_time":"137.36","end_time":"138.0","alternatives":[{"confidence":"0.9912","content":"가능합니다"}],"type":"pronunciation"},{"alternatives":[{"confidence":"0.0","content":"."}],"type":"punctuation"},{"start_time":"138.7","end_time":"139.24","alternatives":[{"confidence":"0.9906","content":"그리고"}],"type":"pronunciation"},{"start_time":"139.63","end_time":"140.71","alternatives":[{"confidence":"0.9475","content":"핸드폰으로"}],"type":"pronunciation"},{"start_time":"140.71","end_time":"141.17","alternatives":[{"confidence":"0.331","content":"누구명이"}],"type":"pronunciation"},{"start_time":"141.17","end_time":"141.51","alternatives":[{"confidence":"0.4278","content":"돼요"}],"type":"pronunciation"},{"alternatives":[{"confidence":"0.0","content":"."}],"type":"punctuation"},{"start_time":"143.78","end_time":"144.2","alternatives":[{"confidence":"0.9614","content":"어느"}],"type":"pronunciation"},{"start_time":"144.2","end_time":"145.07","alternatives":[{"confidence":"0.34235","content":"통신사어요"}],"type":"pronunciation"},{"start_time":"148.44","end_time":"149.21","alternatives":[{"confidence":"0.36560000000000004","content":"그러시고"}],"type":"pronunciation"},{"start_time":"149.79","end_time":"150.05","alternatives":[{"confidence":"0.95","content":"지금"}],"type":"pronunciation"},{"start_time":"150.05","end_time":"151.12","alternatives":[{"confidence":"0.6974","content":"공중비용"}],"type":"pronunciation"},{"start_time":"151.15","end_time":"151.62","alternatives":[{"confidence":"0.9487","content":"처리는"}],"type":"pronunciation"},{"start_time":"151.62","end_time":"151.82","alternatives":[{"confidence":"0.9207","content":"좀"}],"type":"pronunciation"},{"start_time":"151.82","end_time":"152.07","alternatives":[{"confidence":"0.8711","content":"바로"}],"type":"pronunciation"},{"start_time":"152.07","end_time":"152.99","alternatives":[{"confidence":"0.9742500000000001","content":"가능하시겠어요"}],"type":"pronunciation"},{"alternatives":[{"confidence":"0.0","content":"."}],"type":"punctuation"},{"start_time":"156.42","end_time":"156.7","alternatives":[{"confidence":"0.994","content":"지금"}],"type":"pronunciation"},{"start_time":"156.7","end_time":"156.95","alternatives":[{"confidence":"0.8122","content":"바로"}],"type":"pronunciation"},{"start_time":"156.95","end_time":"157.27","alternatives":[{"confidence":"0.1149","content":"는"}],"type":"pronunciation"},{"start_time":"157.27","end_time":"157.51","alternatives":[{"confidence":"0.7671","content":"제가"}],"type":"pronunciation"},{"start_time":"157.6","end_time":"157.73","alternatives":[{"confidence":"0.1922","content":"안"}],"type":"pronunciation"},{"start_time":"157.73","end_time":"158.11","alternatives":[{"confidence":"0.3363","content":"되는데"}],"type":"pronunciation"},{"start_time":"158.55","end_time":"159.07","alternatives":[{"confidence":"0.9997","content":"언제쯤"}],"type":"pronunciation"},{"start_time":"159.07","end_time":"159.47","alternatives":[{"confidence":"0.9989","content":"가능하실"}],"type":"pronunciation"},{"start_time":"159.47","end_time":"159.58","alternatives":[{"confidence":"0.9969","content":"것"}],"type":"pronunciation"},{"start_time":"159.58","end_time":"159.97","alternatives":[{"confidence":"0.9987","content":"같아요"}],"type":"pronunciation"},{"alternatives":[{"confidence":"0.0","content":"?"}],"type":"punctuation"},{"start_time":"168.99","end_time":"169.4","alternatives":[{"confidence":"0.1644","content":"네"}],"type":"pronunciation"},{"alternatives":[{"confidence":"0.0","content":"."}],"type":"punctuation"},{"start_time":"169.56","end_time":"170.93","alternatives":[{"confidence":"0.48763333333333336","content":"공중들어가셔야"}],"type":"pronunciation"},{"start_time":"171.45","end_time":"171.71","alternatives":[{"confidence":"0.9955","content":"같은"}],"type":"pronunciation"},{"start_time":"171.71","end_time":"172.48","alternatives":[{"confidence":"0.9882","content":"경우는"}],"type":"pronunciation"},{"start_time":"173.1","end_time":"173.72","alternatives":[{"confidence":"0.22575","content":"무지기"}],"type":"pronunciation"},{"start_time":"173.72","end_time":"174.13","alternatives":[{"confidence":"0.6833","content":"시고"}],"type":"pronunciation"},{"start_time":"174.55","end_time":"175.75","alternatives":[{"confidence":"0.5771000000000001","content":"통장상의"}],"type":"pronunciation"},{"start_time":"176.34","end_time":"177.3","alternatives":[{"confidence":"0.702875","content":"소득증빙할"}],"type":"pronunciation"},{"start_time":"177.3","end_time":"177.43","alternatives":[{"confidence":"0.9999","content":"수"}],"type":"pronunciation"},{"start_time":"177.43","end_time":"177.74","alternatives":[{"confidence":"0.9995","content":"있는"}],"type":"pronunciation"},{"start_time":"177.74","end_time":"178.11","alternatives":[{"confidence":"0.9683","content":"그런"}],"type":"pronunciation"},{"start_time":"178.11","end_time":"178.23","alternatives":[{"confidence":"0.9502","content":"게"}],"type":"pronunciation"},{"start_time":"178.23","end_time":"178.76","alternatives":[{"confidence":"1.0","content":"없으시기"}],"type":"pronunciation"},{"start_time":"178.76","end_time":"179.19","alternatives":[{"confidence":"0.9995","content":"때문에"}],"type":"pronunciation"},{"start_time":"179.19","end_time":"179.68","alternatives":[{"confidence":"0.7524500000000001","content":"공정은"}],"type":"pronunciation"},{"start_time":"179.68","end_time":"180.14","alternatives":[{"confidence":"0.9973000000000001","content":"받으셔야"}],"type":"pronunciation"},{"start_time":"180.14","end_time":"180.82","alternatives":[{"confidence":"0.9989","content":"되거든요"}],"type":"pronunciation"},{"alternatives":[{"confidence":"0.0","content":"."}],"type":"punctuation"},{"start_time":"182.62","end_time":"183.21","alternatives":[{"confidence":"0.9807","content":"지금"}],"type":"pronunciation"},{"start_time":"183.24","end_time":"183.68","alternatives":[{"confidence":"0.5792","content":"그니까"}],"type":"pronunciation"},{"start_time":"183.9","end_time":"184.42","alternatives":[{"confidence":"0.9088499999999999","content":"구하실"}],"type":"pronunciation"},{"start_time":"184.42","end_time":"184.72","alternatives":[{"confidence":"0.2778","content":"수는"}],"type":"pronunciation"},{"start_time":"184.72","end_time":"185.2","alternatives":[{"confidence":"0.9975","content":"있으세요"}],"type":"pronunciation"},{"alternatives":[{"confidence":"0.0","content":"?"}],"type":"punctuation"},{"start_time":"185.2","end_time":"185.57","alternatives":[{"confidence":"1.0","content":"만약에"}],"type":"pronunciation"},{"start_time":"185.57","end_time":"186.07","alternatives":[{"confidence":"0.987","content":"없다고"}],"type":"pronunciation"},{"start_time":"186.07","end_time":"186.95","alternatives":[{"confidence":"0.3365","content":"하면은"}],"type":"pronunciation"},{"start_time":"188.11","end_time":"188.61","alternatives":[{"confidence":"0.9878","content":"없다고"}],"type":"pronunciation"},{"start_time":"188.61","end_time":"188.94","alternatives":[{"confidence":"0.6171","content":"하면은"}],"type":"pronunciation"},{"start_time":"190.01","end_time":"191.03","alternatives":[{"confidence":"0.7328","content":"소득증명할"}],"type":"pronunciation"},{"start_time":"191.04","end_time":"191.15","alternatives":[{"confidence":"0.9677","content":"수"}],"type":"pronunciation"},{"start_time":"191.15","end_time":"191.77","alternatives":[{"confidence":"0.9205","content":"있는"}],"type":"pronunciation"},{"start_time":"192.28","end_time":"193.45","alternatives":[{"confidence":"0.8844000000000001","content":"통장거래"}],"type":"pronunciation"},{"start_time":"193.45","end_time":"194.09","alternatives":[{"confidence":"0.9617","content":"내역을"}],"type":"pronunciation"},{"start_time":"194.09","end_time":"194.47","alternatives":[{"confidence":"0.1629","content":"절대로"}],"type":"pronunciation"},{"start_time":"194.47","end_time":"195.05","alternatives":[{"confidence":"0.97845","content":"보내주셔야"}],"type":"pronunciation"},{"start_time":"195.05","end_time":"195.97","alternatives":[{"confidence":"0.9983","content":"되는데"}],"type":"pronunciation"},{"start_time":"196.51","end_time":"196.92","alternatives":[{"confidence":"0.6325","content":"그런"}],"type":"pronunciation"},{"start_time":"196.92","end_time":"197.03","alternatives":[{"confidence":"0.6329","content":"게"}],"type":"pronunciation"},{"start_time":"197.03","end_time":"197.75","alternatives":[{"confidence":"1.0","content":"없잖아요"}],"type":"pronunciation"},{"alternatives":[{"confidence":"0.0","content":"."}],"type":"punctuation"},{"start_time":"197.9","end_time":"198.66","alternatives":[{"confidence":"0.95165","content":"급여라든가"}],"type":"pronunciation"},{"start_time":"198.66","end_time":"198.96","alternatives":[{"confidence":"0.9758","content":"그렇게"}],"type":"pronunciation"},{"start_time":"198.96","end_time":"199.31","alternatives":[{"confidence":"0.998","content":"받은"}],"type":"pronunciation"},{"start_time":"199.31","end_time":"199.63","alternatives":[{"confidence":"0.9938","content":"내역이"}],"type":"pronunciation"},{"start_time":"199.63","end_time":"200.3","alternatives":[{"confidence":"1.0","content":"없잖아요"}],"type":"pronunciation"},{"alternatives":[{"confidence":"0.0","content":"."}],"type":"punctuation"},{"start_time":"200.36","end_time":"201.23","alternatives":[{"confidence":"0.8408","content":"오늘이나"}],"type":"pronunciation"},{"start_time":"201.23","end_time":"201.45","alternatives":[{"confidence":"0.9668","content":"뭐"}],"type":"pronunciation"},{"start_time":"201.48","end_time":"201.88","alternatives":[{"confidence":"0.7639999999999999","content":"그제나"}],"type":"pronunciation"},{"start_time":"201.88","end_time":"202.14","alternatives":[{"confidence":"0.9761","content":"뭐"}],"type":"pronunciation"},{"start_time":"202.32","end_time":"203.0","alternatives":[{"confidence":"0.9149","content":"최근에"}],"type":"pronunciation"},{"start_time":"203.03","end_time":"203.61","alternatives":[{"confidence":"0.9826","content":"그렇죠"}],"type":"pronunciation"},{"alternatives":[{"confidence":"0.0","content":"."}],"type":"punctuation"},{"start_time":"206.39","end_time":"207.27","alternatives":[{"confidence":"1.0","content":"그러면"}],"type":"pronunciation"},{"start_time":"207.57","end_time":"208.09","alternatives":[{"confidence":"0.9215","content":"그거를"}],"type":"pronunciation"},{"start_time":"208.09","end_time":"208.43","alternatives":[{"confidence":"0.6466","content":"영업"}],"type":"pronunciation"},{"start_time":"208.43","end_time":"209.11","alternatives":[{"confidence":"0.8124666666666668","content":"사원분한테"}],"type":"pronunciation"},{"start_time":"209.11","end_time":"209.48","alternatives":[{"confidence":"0.9998","content":"얘기를"}],"type":"pronunciation"},{"start_time":"209.48","end_time":"210.42","alternatives":[{"confidence":"0.9721","content":"하면"}],"type":"pronunciation"},{"start_time":"210.77","end_time":"211.25","alternatives":[{"confidence":"0.9718","content":"급여나"}],"type":"pronunciation"},{"start_time":"211.25","end_time":"211.42","alternatives":[{"confidence":"0.4665","content":"뭐"}],"type":"pronunciation"},{"start_time":"211.96","end_time":"212.22","alternatives":[{"confidence":"0.7621","content":"그런"}],"type":"pronunciation"},{"start_time":"212.22","end_time":"212.49","alternatives":[{"confidence":"0.7648","content":"식으로"}],"type":"pronunciation"},{"start_time":"212.49","end_time":"212.76","alternatives":[{"confidence":"0.9953","content":"해서"}],"type":"pronunciation"},{"start_time":"212.76","end_time":"213.21","alternatives":[{"confidence":"0.6678","content":"작업을"}],"type":"pronunciation"},{"start_time":"213.21","end_time":"213.84","alternatives":[{"confidence":"0.98585","content":"해주신다고"}],"type":"pronunciation"},{"start_time":"213.84","end_time":"214.33","alternatives":[{"confidence":"0.9988","content":"하더라고요"}],"type":"pronunciation"},{"alternatives":[{"confidence":"0.0","content":"."}],"type":"punctuation"},{"start_time":"214.33","end_time":"214.93","alternatives":[{"confidence":"0.3466","content":"요즘에"}],"type":"pronunciation"},{"alternatives":[{"confidence":"0.0","content":"."}],"type":"punctuation"},{"start_time":"216.33","end_time":"216.66","alternatives":[{"confidence":"0.9782","content":"그러니까"}],"type":"pronunciation"},{"start_time":"216.66","end_time":"216.99","alternatives":[{"confidence":"0.9323","content":"한번"}],"type":"pronunciation"},{"start_time":"216.99","end_time":"217.37","alternatives":[{"confidence":"0.9221","content":"그렇게"}],"type":"pronunciation"},{"start_time":"217.37","end_time":"218.18","alternatives":[{"confidence":"0.9928","content":"해서"}],"type":"pronunciation"},{"start_time":"218.79","end_time":"219.51","alternatives":[{"confidence":"0.7212","content":"소득증명할"}],"type":"pronunciation"},{"start_time":"219.51","end_time":"219.63","alternatives":[{"confidence":"0.9997","content":"수"}],"type":"pronunciation"},{"start_time":"219.63","end_time":"220.19","alternatives":[{"confidence":"0.9998","content":"있는"}],"type":"pronunciation"},{"start_time":"220.19","end_time":"220.65","alternatives":[{"confidence":"1.0","content":"서류를"}],"type":"pronunciation"},{"start_time":"220.65","end_time":"221.05","alternatives":[{"confidence":"0.7338","content":"첨부를"}],"type":"pronunciation"},{"start_time":"221.05","end_time":"221.7","alternatives":[{"confidence":"0.9934","content":"해서"}],"type":"pronunciation"},{"start_time":"221.87","end_time":"222.83","alternatives":[{"confidence":"0.556625","content":"자금받아가셔서"}],"type":"pronunciation"},{"start_time":"222.83","end_time":"223.15","alternatives":[{"confidence":"0.8618","content":"되긴"}],"type":"pronunciation"},{"start_time":"223.15","end_time":"223.67","alternatives":[{"confidence":"0.9988","content":"해요"}],"type":"pronunciation"},{"alternatives":[{"confidence":"0.0","content":"."}],"type":"punctuation"},{"start_time":"223.89","end_time":"224.3","alternatives":[{"confidence":"0.42415","content":"공중을"}],"type":"pronunciation"},{"start_time":"224.3","end_time":"224.43","alternatives":[{"confidence":"0.7191","content":"안"}],"type":"pronunciation"},{"start_time":"224.43","end_time":"225.06","alternatives":[{"confidence":"0.9803","content":"받고"}],"type":"pronunciation"},{"start_time":"225.18","end_time":"225.87","alternatives":[{"confidence":"0.5131","content":"공중안"}],"type":"pronunciation"},{"start_time":"225.87","end_time":"226.63","alternatives":[{"confidence":"0.9578","content":"들어가고도"}],"type":"pronunciation"},{"alternatives":[{"confidence":"0.0","content":"."}],"type":"punctuation"},{"start_time":"227.88","end_time":"228.32","alternatives":[{"confidence":"0.9898","content":"그러니까"}],"type":"pronunciation"},{"start_time":"228.77","end_time":"229.09","alternatives":[{"confidence":"0.9287","content":"한번"}],"type":"pronunciation"},{"start_time":"229.09","end_time":"229.99","alternatives":[{"confidence":"0.8610333333333333","content":"영업사원분하고"}],"type":"pronunciation"},{"start_time":"229.99","end_time":"230.26","alternatives":[{"confidence":"0.9477","content":"한번"}],"type":"pronunciation"},{"start_time":"230.26","end_time":"230.72","alternatives":[{"confidence":"0.9842500000000001","content":"상의를"}],"type":"pronunciation"},{"start_time":"230.72","end_time":"230.86","alternatives":[{"confidence":"0.4661","content":"해"}],"type":"pronunciation"},{"start_time":"230.86","end_time":"231.23","alternatives":[{"confidence":"0.4801","content":"보세요"}],"type":"pronunciation"},{"alternatives":[{"confidence":"0.0","content":"."}],"type":"punctuation"},{"start_time":"231.63","end_time":"232.18","alternatives":[{"confidence":"0.75685","content":"그러시면"}],"type":"pronunciation"},{"alternatives":[{"confidence":"0.0","content":"."}],"type":"punctuation"},{"start_time":"232.95","end_time":"233.25","alternatives":[{"confidence":"0.215","content":"그래서"}],"type":"pronunciation"},{"start_time":"235.73","end_time":"236.41","alternatives":[{"confidence":"0.9515","content":"모르세요"}],"type":"pronunciation"},{"alternatives":[{"confidence":"0.0","content":"?"}],"type":"punctuation"},{"start_time":"236.59","end_time":"237.92","alternatives":[{"confidence":"0.9726","content":"접수들어온"}],"type":"pronunciation"},{"start_time":"237.92","end_time":"238.16","alternatives":[{"confidence":"0.9625","content":"걸로"}],"type":"pronunciation"},{"start_time":"238.16","end_time":"238.44","alternatives":[{"confidence":"0.5382","content":"나온"}],"type":"pronunciation"},{"start_time":"239.41","end_time":"240.01","alternatives":[{"confidence":"0.78775","content":"정지용"}],"type":"pronunciation"},{"start_time":"240.01","end_time":"240.27","alternatives":[{"confidence":"0.9597","content":"씨로"}],"type":"pronunciation"},{"start_time":"240.27","end_time":"240.97","alternatives":[{"confidence":"0.9272","content":"나오셨는데"}],"type":"pronunciation"},{"start_time":"241.58","end_time":"241.98","alternatives":[{"confidence":"0.08255","content":"연합은"}],"type":"pronunciation"},{"start_time":"241.98","end_time":"242.48","alternatives":[{"confidence":"0.9947","content":"몰라요"}],"type":"pronunciation"},{"alternatives":[{"confidence":"0.0","content":"."}],"type":"punctuation"},{"start_time":"242.85","end_time":"243.7","alternatives":[{"confidence":"0.8075","content":"확인해줄까요"}],"type":"pronunciation"},{"start_time":"249.32","end_time":"249.88","alternatives":[{"confidence":"0.7744","content":"공이"}],"type":"pronunciation"},{"start_time":"253.27","end_time":"254.55","alternatives":[{"confidence":"0.35824","content":"삼팔칠칠이야"}],"type":"pronunciation"},{"start_time":"254.99","end_time":"255.52","alternatives":[{"confidence":"0.991","content":"담당자가"}],"type":"pronunciation"},{"start_time":"255.52","end_time":"256.42","alternatives":[{"confidence":"0.649","content":"정지로"}],"type":"pronunciation"},{"start_time":"256.42","end_time":"257.26","alternatives":[{"confidence":"0.98525","content":"나오세요"}],"type":"pronunciation"},{"alternatives":[{"confidence":"0.0","content":"."}],"type":"punctuation"},{"start_time":"258.14","end_time":"258.61","alternatives":[{"confidence":"0.9255","content":"그러니까"}],"type":"pronunciation"},{"start_time":"260.05","end_time":"260.34","alternatives":[{"confidence":"0.9912","content":"도"}],"type":"pronunciation"},{"start_time":"260.34","end_time":"260.98","alternatives":[{"confidence":"0.998","content":"전화해서"}],"type":"pronunciation"},{"start_time":"260.98","end_time":"261.53","alternatives":[{"confidence":"0.9996499999999999","content":"부탁하는"}],"type":"pronunciation"},{"start_time":"261.53","end_time":"262.32","alternatives":[{"confidence":"0.99925","content":"입장이잖아요"}],"type":"pronunciation"},{"start_time":"262.32","end_time":"262.63","alternatives":[{"confidence":"0.5162","content":"작업"}],"type":"pronunciation"},{"start_time":"262.63","end_time":"263.51","alternatives":[{"confidence":"0.899","content":"해달라고"}],"type":"pronunciation"},{"start_time":"264.11","end_time":"264.45","alternatives":[{"confidence":"0.924","content":"그러니까"}],"type":"pronunciation"},{"start_time":"264.45","end_time":"264.81","alternatives":[{"confidence":"0.6037","content":"거기서"}],"type":"pronunciation"},{"start_time":"264.81","end_time":"265.29","alternatives":[{"confidence":"0.8849","content":"물어보는"}],"type":"pronunciation"},{"start_time":"265.29","end_time":"265.76","alternatives":[{"confidence":"0.2572","content":"것도"}],"type":"pronunciation"},{"start_time":"265.76","end_time":"266.1","alternatives":[{"confidence":"0.9779","content":"이렇게"}],"type":"pronunciation"},{"start_time":"266.32","end_time":"266.83","alternatives":[{"confidence":"1.0","content":"친절하게"}],"type":"pronunciation"},{"start_time":"266.83","end_time":"267.88","alternatives":[{"confidence":"0.9302","content":"답변해서"}],"type":"pronunciation"},{"start_time":"269.14","end_time":"269.46","alternatives":[{"confidence":"0.9967","content":"좀"}],"type":"pronunciation"},{"start_time":"269.49","end_time":"270.0","alternatives":[{"confidence":"0.9997","content":"친절하게"}],"type":"pronunciation"},{"start_time":"270.0","end_time":"270.49","alternatives":[{"confidence":"0.9944","content":"해서"}],"type":"pronunciation"},{"start_time":"270.49","end_time":"270.66","alternatives":[{"confidence":"0.9877","content":"잘"}],"type":"pronunciation"},{"start_time":"270.66","end_time":"270.81","alternatives":[{"confidence":"1.0","content":"좀"}],"type":"pronunciation"},{"start_time":"270.81","end_time":"271.46","alternatives":[{"confidence":"0.99935","content":"부탁한다고"}],"type":"pronunciation"},{"start_time":"271.46","end_time":"271.97","alternatives":[{"confidence":"0.9752","content":"해서"}],"type":"pronunciation"},{"start_time":"272.59","end_time":"273.13","alternatives":[{"confidence":"0.4538","content":"작업"}],"type":"pronunciation"},{"start_time":"273.385","end_time":"274.175","alternatives":[{"confidence":"0.8605","content":"해가지고"}],"type":"pronunciation"},{"start_time":"274.845","end_time":"275.125","alternatives":[{"confidence":"0.3444","content":"작은"}],"type":"pronunciation"},{"start_time":"275.125","end_time":"275.635","alternatives":[{"confidence":"0.7175666666666668","content":"받아가시면"}],"type":"pronunciation"},{"start_time":"275.635","end_time":"275.765","alternatives":[{"confidence":"0.9643","content":"될"}],"type":"pronunciation"},{"start_time":"275.765","end_time":"275.875","alternatives":[{"confidence":"0.9967","content":"것"}],"type":"pronunciation"},{"start_time":"275.875","end_time":"276.465","alternatives":[{"confidence":"0.9994","content":"같으니까"}],"type":"pronunciation"},{"start_time":"276.585","end_time":"276.935","alternatives":[{"confidence":"0.7744","content":"그것도"}],"type":"pronunciation"},{"start_time":"276.935","end_time":"277.845","alternatives":[{"confidence":"0.896","content":"전화했어요"}],"type":"pronunciation"},{"alternatives":[{"confidence":"0.0","content":"."}],"type":"punctuation"},{"start_time":"278.245","end_time":"278.605","alternatives":[{"confidence":"0.9863","content":"한번"}],"type":"pronunciation"},{"start_time":"278.605","end_time":"279.415","alternatives":[{"confidence":"0.97455","content":"물어보세요"}],"type":"pronunciation"},{"alternatives":[{"confidence":"0.0","content":"."}],"type":"punctuation"},{"start_time":"279.855","end_time":"280.125","alternatives":[{"confidence":"0.7949","content":"제가"}],"type":"pronunciation"},{"start_time":"280.205","end_time":"280.475","alternatives":[{"confidence":"0.9967","content":"지금"}],"type":"pronunciation"},{"start_time":"280.475","end_time":"280.885","alternatives":[{"confidence":"0.9919","content":"상황을"}],"type":"pronunciation"},{"start_time":"281.345","end_time":"282.165","alternatives":[{"confidence":"0.82575","content":"공중받아야"}],"type":"pronunciation"},{"start_time":"282.165","end_time":"282.955","alternatives":[{"confidence":"0.9987","content":"되거나"}],"type":"pronunciation"},{"start_time":"282.955","end_time":"283.355","alternatives":[{"confidence":"1.0","content":"아니면"}],"type":"pronunciation"},{"start_time":"283.385","end_time":"283.725","alternatives":[{"confidence":"0.5117","content":"소득"}],"type":"pronunciation"},{"start_time":"283.725","end_time":"284.895","alternatives":[{"confidence":"0.64325","content":"준비할"}],"type":"pronunciation"},{"start_time":"284.895","end_time":"285.025","alternatives":[{"confidence":"0.9987","content":"수"}],"type":"pronunciation"},{"start_time":"285.025","end_time":"285.345","alternatives":[{"confidence":"0.8799","content":"있는"}],"type":"pronunciation"},{"start_time":"285.545","end_time":"286.125","alternatives":[{"confidence":"0.15","content":"돈거래"}],"type":"pronunciation"},{"start_time":"286.125","end_time":"286.475","alternatives":[{"confidence":"0.1471","content":"내역을"}],"type":"pronunciation"},{"start_time":"286.915","end_time":"287.545","alternatives":[{"confidence":"0.9321","content":"보내달라고"}],"type":"pronunciation"},{"start_time":"287.545","end_time":"288.305","alternatives":[{"confidence":"0.9536","content":"하는데"}],"type":"pronunciation"},{"start_time":"289.135","end_time":"289.715","alternatives":[{"confidence":"0.9777","content":"너한테"}],"type":"pronunciation"},{"start_time":"289.715","end_time":"290.195","alternatives":[{"confidence":"0.68005","content":"전화한번"}],"type":"pronunciation"},{"start_time":"290.195","end_time":"290.995","alternatives":[{"confidence":"0.8884000000000001","content":"만들어준다고"}],"type":"pronunciation"},{"start_time":"290.995","end_time":"291.655","alternatives":[{"confidence":"0.9526","content":"하던데"}],"type":"pronunciation"},{"start_time":"291.655","end_time":"291.995","alternatives":[{"confidence":"0.9658","content":"어떻게"}],"type":"pronunciation"},{"start_time":"291.995","end_time":"292.155","alternatives":[{"confidence":"0.9998","content":"하면"}],"type":"pronunciation"},{"start_time":"292.155","end_time":"292.675","alternatives":[{"confidence":"0.9440999999999999","content":"되냐"}],"type":"pronunciation"},{"start_time":"292.815","end_time":"293.115","alternatives":[{"confidence":"0.9819","content":"그렇게"}],"type":"pronunciation"},{"start_time":"293.115","end_time":"293.515","alternatives":[{"confidence":"0.9411","content":"한번"}],"type":"pronunciation"},{"start_time":"293.645","end_time":"293.915","alternatives":[{"confidence":"0.9938","content":"전화"}],"type":"pronunciation"},{"start_time":"293.915","end_time":"294.035","alternatives":[{"confidence":"0.8354","content":"한"}],"type":"pronunciation"},{"start_time":"294.035","end_time":"294.655","alternatives":[{"confidence":"0.99415","content":"통화하세요"}],"type":"pronunciation"},{"start_time":"295.365","end_time":"295.595","alternatives":[{"confidence":"0.2543","content":"하고"}],"type":"pronunciation"},{"start_time":"297.985","end_time":"298.635","alternatives":[{"confidence":"0.978","content":"아닌데요"}],"type":"pronunciation"},{"alternatives":[{"confidence":"0.0","content":"."}],"type":"punctuation"},{"start_time":"300.48","end_time":"300.75","alternatives":[{"confidence":"0.0221","content":"무슨"}],"type":"pronunciation"},{"start_time":"301.75","end_time":"301.84","alternatives":[{"confidence":"0.0126","content":"뭐"}],"type":"pronunciation"},{"start_time":"301.87","end_time":"302.02","alternatives":[{"confidence":"0.0268","content":"이런"}],"type":"pronunciation"},{"start_time":"302.02","end_time":"302.08","alternatives":[{"confidence":"0.019","content":"거"}],"type":"pronunciation"},{"start_time":"302.08","end_time":"302.3","alternatives":[{"confidence":"0.0398","content":"있잖아요"}],"type":"pronunciation"},{"alternatives":[{"confidence":"0.0","content":"."}],"type":"punctuation"},{"start_time":"302.76","end_time":"302.97","alternatives":[{"confidence":"0.0394","content":"이건"}],"type":"pronunciation"},{"start_time":"303.22","end_time":"303.61","alternatives":[{"confidence":"0.9153","content":"굉장히"}],"type":"pronunciation"},{"start_time":"308.27","end_time":"308.71","alternatives":[{"confidence":"0.0146","content":"하겠습니다"}],"type":"pronunciation"},{"alternatives":[{"confidence":"0.0","content":"."}],"type":"punctuation"},{"start_time":"309.32","end_time":"309.74","alternatives":[{"confidence":"0.9877","content":"그쪽으로"}],"type":"pronunciation"},{"start_time":"309.74","end_time":"310.45","alternatives":[{"confidence":"0.9916","content":"전화하세요"}],"type":"pronunciation"},{"alternatives":[{"confidence":"0.0","content":"."}],"type":"punctuation"},{"start_time":"310.69","end_time":"311.14","alternatives":[{"confidence":"0.9107","content":"그렇게"}],"type":"pronunciation"},{"start_time":"311.14","end_time":"311.52","alternatives":[{"confidence":"0.9904","content":"해서"}],"type":"pronunciation"},{"start_time":"311.98","end_time":"312.3","alternatives":[{"confidence":"0.5939","content":"소득"}],"type":"pronunciation"},{"start_time":"312.3","end_time":"313.1","alternatives":[{"confidence":"0.7506999999999999","content":"증빙"}],"type":"pronunciation"},{"start_time":"313.1","end_time":"313.88","alternatives":[{"confidence":"0.921","content":"통장거래"}],"type":"pronunciation"},{"start_time":"313.88","end_time":"314.4","alternatives":[{"confidence":"0.907","content":"네요"}],"type":"pronunciation"},{"alternatives":[{"confidence":"0.0","content":"."}],"type":"punctuation"},{"start_time":"314.63","end_time":"315.47","alternatives":[{"confidence":"0.9767","content":"보내주시고"}],"type":"pronunciation"},{"start_time":"315.47","end_time":"315.73","alternatives":[{"confidence":"0.4919","content":"자금"}],"type":"pronunciation"},{"start_time":"315.73","end_time":"316.23","alternatives":[{"confidence":"0.47555000000000003","content":"받아가신"}],"type":"pronunciation"},{"start_time":"316.23","end_time":"317.32","alternatives":[{"confidence":"0.8791","content":"되세요"}],"type":"pronunciation"},{"start_time":"319.38","end_time":"319.77","alternatives":[{"confidence":"0.6538","content":"있습니다"}],"type":"pronunciation"},{"alternatives":[{"confidence":"0.0","content":"."}],"type":"punctuation"}]},"status":"COMPLETED"}