{"jobName":"transcribe_loan35","accountId":"097989105209","results":{"transcripts":[{"transcript":"지하철 전문 배송업체고요. 그리고 물건 자체는 무거운 게 아니고 법원의 들한테 공탁서류부동산 자동차 매매 매입서류인테리어견적서 견적내역서 이런거 있죠. 서류배송힘든 거 없으시고 일당은 당일로 바로바로 지금 을 해드리고 한 건당 만오천원이에요 저희가 또 일 잘하시면. 저희도 뭐 예단예물 같은 거 배송권도 있어요. 그런 거는 처음 보시는 분들이 바로 드리는 게 아니고 일 좀 좀 빨리 잘 해주시면은. 예단예물 같은 경우는 좀 단가가 좀 세요 이 만 오천 원씩 하고 그런 거는 제가 면접을 따로 보고요. 그리고 각 출구마다 저희쪽 직원 분들이 나와 있어요. 한 분한테 넘기해주시면은 그 직원분들이 얘들법원에서 가는 공탁소련직접 또 법원까지 계속 을 하시는 거고 중간에 이동하시면서 계속 만 해주시면 되는 거예요. 그러니까 예를 들어서 뭐 제가 뭐 노포에서 물건을 팔아서 심평양까지 가라고 하면 가면 그 집 담당즐거운 분이 나왔어요. 그냥 각 출근마다 나와 있어요. 까지만 해주시면 되는 거고요. 같은 건 어떻게 그렇게 도착예를 들어 가지고 아홉시 반에서 저희가 2 시까지 에요. 출근을 어디로 하시냐면 아홉시 반까지 자택에서 가까운 지하철 요구를 하시면 그러니까 전화상으로 일거리를 드리는데 본인은 오늘 나오면 인상 상예를 청바지에 검은 스펙티브셨다 이번 출구에 나와 계세요. 이번 주에 나와 계실 거 아니에요? 창하게 말씀해 드리고 실버물류에서 나오셨어요 확인 후에 서류확인하고 건네주시고 이렇게 하시죠."}],"items":[{"start_time":"0.0","end_time":"0.38","alternatives":[{"confidence":"0.6779","content":"지하철"}],"type":"pronunciation"},{"start_time":"0.38","end_time":"0.65","alternatives":[{"confidence":"0.5322","content":"전문"}],"type":"pronunciation"},{"start_time":"0.65","end_time":"1.87","alternatives":[{"confidence":"0.9382","content":"배송업체고요"}],"type":"pronunciation"},{"alternatives":[{"confidence":"0.0","content":"."}],"type":"punctuation"},{"start_time":"1.9","end_time":"2.21","alternatives":[{"confidence":"0.9997","content":"그리고"}],"type":"pronunciation"},{"start_time":"2.21","end_time":"2.5","alternatives":[{"confidence":"0.7143","content":"물건"}],"type":"pronunciation"},{"start_time":"2.5","end_time":"3.06","alternatives":[{"confidence":"0.9999","content":"자체는"}],"type":"pronunciation"},{"start_time":"3.06","end_time":"3.33","alternatives":[{"confidence":"0.9922","content":"무거운"}],"type":"pronunciation"},{"start_time":"3.33","end_time":"3.43","alternatives":[{"confidence":"0.997","content":"게"}],"type":"pronunciation"},{"start_time":"3.43","end_time":"3.87","alternatives":[{"confidence":"1.0","content":"아니고"}],"type":"pronunciation"},{"start_time":"4.14","end_time":"4.78","alternatives":[{"confidence":"0.4728","content":"법원의"}],"type":"pronunciation"},{"start_time":"4.78","end_time":"5.08","alternatives":[{"confidence":"0.4311","content":"들한테"}],"type":"pronunciation"},{"start_time":"5.08","end_time":"6.32","alternatives":[{"confidence":"0.8552","content":"공탁서류부동산"}],"type":"pronunciation"},{"start_time":"6.32","end_time":"6.65","alternatives":[{"confidence":"0.9531","content":"자동차"}],"type":"pronunciation"},{"start_time":"6.65","end_time":"6.88","alternatives":[{"confidence":"0.8305","content":"매매"}],"type":"pronunciation"},{"start_time":"6.88","end_time":"8.56","alternatives":[{"confidence":"0.92526","content":"매입서류인테리어견적서"}],"type":"pronunciation"},{"start_time":"8.65","end_time":"9.48","alternatives":[{"confidence":"0.9797333333333333","content":"견적내역서"}],"type":"pronunciation"},{"start_time":"9.48","end_time":"9.74","alternatives":[{"confidence":"0.4357","content":"이런거"}],"type":"pronunciation"},{"start_time":"9.74","end_time":"10.14","alternatives":[{"confidence":"1.0","content":"있죠"}],"type":"pronunciation"},{"alternatives":[{"confidence":"0.0","content":"."}],"type":"punctuation"},{"start_time":"10.23","end_time":"11.32","alternatives":[{"confidence":"0.7300333333333334","content":"서류배송힘든"}],"type":"pronunciation"},{"start_time":"11.32","end_time":"11.41","alternatives":[{"confidence":"0.942","content":"거"}],"type":"pronunciation"},{"start_time":"11.41","end_time":"11.92","alternatives":[{"confidence":"0.9962","content":"없으시고"}],"type":"pronunciation"},{"start_time":"11.92","end_time":"12.36","alternatives":[{"confidence":"0.99915","content":"일당은"}],"type":"pronunciation"},{"start_time":"12.36","end_time":"12.67","alternatives":[{"confidence":"0.9191","content":"당일로"}],"type":"pronunciation"},{"start_time":"12.67","end_time":"13.02","alternatives":[{"confidence":"0.9587","content":"바로바로"}],"type":"pronunciation"},{"start_time":"13.02","end_time":"13.22","alternatives":[{"confidence":"0.5526","content":"지금"}],"type":"pronunciation"},{"start_time":"13.22","end_time":"13.29","alternatives":[{"confidence":"0.9719","content":"을"}],"type":"pronunciation"},{"start_time":"13.29","end_time":"13.71","alternatives":[{"confidence":"0.8942","content":"해드리고"}],"type":"pronunciation"},{"start_time":"13.71","end_time":"13.86","alternatives":[{"confidence":"0.7556","content":"한"}],"type":"pronunciation"},{"start_time":"13.86","end_time":"14.14","alternatives":[{"confidence":"0.7545999999999999","content":"건당"}],"type":"pronunciation"},{"start_time":"14.14","end_time":"15.66","alternatives":[{"confidence":"0.8567","content":"만오천원이에요"}],"type":"pronunciation"},{"start_time":"15.9","end_time":"16.1","alternatives":[{"confidence":"0.8319","content":"저희가"}],"type":"pronunciation"},{"start_time":"16.1","end_time":"16.22","alternatives":[{"confidence":"0.9974","content":"또"}],"type":"pronunciation"},{"start_time":"16.22","end_time":"16.37","alternatives":[{"confidence":"0.6421","content":"일"}],"type":"pronunciation"},{"start_time":"16.37","end_time":"16.83","alternatives":[{"confidence":"0.89665","content":"잘하시면"}],"type":"pronunciation"},{"alternatives":[{"confidence":"0.0","content":"."}],"type":"punctuation"},{"start_time":"16.83","end_time":"17.12","alternatives":[{"confidence":"0.9701","content":"저희도"}],"type":"pronunciation"},{"start_time":"17.12","end_time":"17.23","alternatives":[{"confidence":"0.8187","content":"뭐"}],"type":"pronunciation"},{"start_time":"17.26","end_time":"18.72","alternatives":[{"confidence":"0.9081","content":"예단예물"}],"type":"pronunciation"},{"start_time":"18.72","end_time":"18.96","alternatives":[{"confidence":"0.5944","content":"같은"}],"type":"pronunciation"},{"start_time":"18.96","end_time":"19.02","alternatives":[{"confidence":"0.4857","content":"거"}],"type":"pronunciation"},{"start_time":"19.02","end_time":"19.53","alternatives":[{"confidence":"0.9759333333333333","content":"배송권도"}],"type":"pronunciation"},{"start_time":"19.53","end_time":"20.46","alternatives":[{"confidence":"0.9659","content":"있어요"}],"type":"pronunciation"},{"alternatives":[{"confidence":"0.0","content":"."}],"type":"punctuation"},{"start_time":"20.62","end_time":"20.88","alternatives":[{"confidence":"0.8715","content":"그런"}],"type":"pronunciation"},{"start_time":"20.88","end_time":"21.16","alternatives":[{"confidence":"0.7666","content":"거는"}],"type":"pronunciation"},{"start_time":"21.19","end_time":"21.51","alternatives":[{"confidence":"0.9308","content":"처음"}],"type":"pronunciation"},{"start_time":"21.51","end_time":"21.84","alternatives":[{"confidence":"0.9452","content":"보시는"}],"type":"pronunciation"},{"start_time":"21.84","end_time":"22.06","alternatives":[{"confidence":"0.7145","content":"분들이"}],"type":"pronunciation"},{"start_time":"22.06","end_time":"22.23","alternatives":[{"confidence":"0.9688","content":"바로"}],"type":"pronunciation"},{"start_time":"22.23","end_time":"22.54","alternatives":[{"confidence":"0.818","content":"드리는"}],"type":"pronunciation"},{"start_time":"22.54","end_time":"22.63","alternatives":[{"confidence":"0.8464","content":"게"}],"type":"pronunciation"},{"start_time":"22.63","end_time":"22.84","alternatives":[{"confidence":"1.0","content":"아니고"}],"type":"pronunciation"},{"start_time":"22.84","end_time":"23.04","alternatives":[{"confidence":"0.5552","content":"일"}],"type":"pronunciation"},{"start_time":"23.04","end_time":"23.2","alternatives":[{"confidence":"0.9374","content":"좀"}],"type":"pronunciation"},{"start_time":"23.2","end_time":"23.34","alternatives":[{"confidence":"0.9934","content":"좀"}],"type":"pronunciation"},{"start_time":"23.34","end_time":"23.55","alternatives":[{"confidence":"0.9451","content":"빨리"}],"type":"pronunciation"},{"start_time":"23.78","end_time":"23.94","alternatives":[{"confidence":"0.6905","content":"잘"}],"type":"pronunciation"},{"start_time":"23.94","end_time":"24.73","alternatives":[{"confidence":"0.9835","content":"해주시면은"}],"type":"pronunciation"},{"alternatives":[{"confidence":"0.0","content":"."}],"type":"punctuation"},{"start_time":"25.05","end_time":"25.66","alternatives":[{"confidence":"0.90675","content":"예단예물"}],"type":"pronunciation"},{"start_time":"25.66","end_time":"25.92","alternatives":[{"confidence":"0.9994","content":"같은"}],"type":"pronunciation"},{"start_time":"25.92","end_time":"26.17","alternatives":[{"confidence":"0.9997","content":"경우는"}],"type":"pronunciation"},{"start_time":"26.17","end_time":"26.28","alternatives":[{"confidence":"0.9848","content":"좀"}],"type":"pronunciation"},{"start_time":"26.28","end_time":"26.64","alternatives":[{"confidence":"0.9997","content":"단가가"}],"type":"pronunciation"},{"start_time":"26.64","end_time":"26.79","alternatives":[{"confidence":"0.9852","content":"좀"}],"type":"pronunciation"},{"start_time":"26.79","end_time":"27.4","alternatives":[{"confidence":"0.9006","content":"세요"}],"type":"pronunciation"},{"start_time":"27.46","end_time":"27.59","alternatives":[{"confidence":"0.4991","content":"이"}],"type":"pronunciation"},{"start_time":"27.59","end_time":"27.78","alternatives":[{"confidence":"0.4949","content":"만"}],"type":"pronunciation"},{"start_time":"27.78","end_time":"28.04","alternatives":[{"confidence":"0.5828","content":"오천"}],"type":"pronunciation"},{"start_time":"28.04","end_time":"28.28","alternatives":[{"confidence":"0.852","content":"원씩"}],"type":"pronunciation"},{"start_time":"28.28","end_time":"28.59","alternatives":[{"confidence":"0.9968","content":"하고"}],"type":"pronunciation"},{"start_time":"28.59","end_time":"28.83","alternatives":[{"confidence":"0.8836","content":"그런"}],"type":"pronunciation"},{"start_time":"28.83","end_time":"28.98","alternatives":[{"confidence":"0.7541","content":"거는"}],"type":"pronunciation"},{"start_time":"28.98","end_time":"29.17","alternatives":[{"confidence":"0.9806","content":"제가"}],"type":"pronunciation"},{"start_time":"29.17","end_time":"29.56","alternatives":[{"confidence":"0.9998","content":"면접을"}],"type":"pronunciation"},{"start_time":"29.56","end_time":"29.81","alternatives":[{"confidence":"0.9995","content":"따로"}],"type":"pronunciation"},{"start_time":"29.81","end_time":"30.34","alternatives":[{"confidence":"0.9997","content":"보고요"}],"type":"pronunciation"},{"alternatives":[{"confidence":"0.0","content":"."}],"type":"punctuation"},{"start_time":"30.77","end_time":"31.22","alternatives":[{"confidence":"1.0","content":"그리고"}],"type":"pronunciation"},{"start_time":"31.31","end_time":"31.57","alternatives":[{"confidence":"0.8411","content":"각"}],"type":"pronunciation"},{"start_time":"31.58","end_time":"32.14","alternatives":[{"confidence":"0.7424999999999999","content":"출구마다"}],"type":"pronunciation"},{"start_time":"32.14","end_time":"32.57","alternatives":[{"confidence":"0.5781499999999999","content":"저희쪽"}],"type":"pronunciation"},{"start_time":"32.58","end_time":"32.88","alternatives":[{"confidence":"0.5094","content":"직원"}],"type":"pronunciation"},{"start_time":"32.88","end_time":"33.15","alternatives":[{"confidence":"0.9996","content":"분들이"}],"type":"pronunciation"},{"start_time":"33.15","end_time":"33.39","alternatives":[{"confidence":"0.7343","content":"나와"}],"type":"pronunciation"},{"start_time":"33.39","end_time":"34.2","alternatives":[{"confidence":"1.0","content":"있어요"}],"type":"pronunciation"},{"alternatives":[{"confidence":"0.0","content":"."}],"type":"punctuation"},{"start_time":"34.67","end_time":"34.83","alternatives":[{"confidence":"0.5195","content":"한"}],"type":"pronunciation"},{"start_time":"34.83","end_time":"35.08","alternatives":[{"confidence":"0.98085","content":"분한테"}],"type":"pronunciation"},{"start_time":"35.08","end_time":"35.88","alternatives":[{"confidence":"0.7122666666666667","content":"넘기해주시면은"}],"type":"pronunciation"},{"start_time":"36.14","end_time":"36.3","alternatives":[{"confidence":"0.9605","content":"그"}],"type":"pronunciation"},{"start_time":"36.3","end_time":"37.25","alternatives":[{"confidence":"0.77435","content":"직원분들이"}],"type":"pronunciation"},{"start_time":"37.7","end_time":"38.67","alternatives":[{"confidence":"0.90895","content":"얘들법원에서"}],"type":"pronunciation"},{"start_time":"38.67","end_time":"38.83","alternatives":[{"confidence":"0.8832","content":"가는"}],"type":"pronunciation"},{"start_time":"38.83","end_time":"39.75","alternatives":[{"confidence":"0.733325","content":"공탁소련직접"}],"type":"pronunciation"},{"start_time":"39.75","end_time":"39.85","alternatives":[{"confidence":"0.6603","content":"또"}],"type":"pronunciation"},{"start_time":"39.85","end_time":"40.3","alternatives":[{"confidence":"0.93335","content":"법원까지"}],"type":"pronunciation"},{"start_time":"40.3","end_time":"40.54","alternatives":[{"confidence":"0.3931","content":"계속"}],"type":"pronunciation"},{"start_time":"40.54","end_time":"40.6","alternatives":[{"confidence":"0.4707","content":"을"}],"type":"pronunciation"},{"start_time":"40.6","end_time":"40.93","alternatives":[{"confidence":"0.8276","content":"하시는"}],"type":"pronunciation"},{"start_time":"40.93","end_time":"41.37","alternatives":[{"confidence":"1.0","content":"거고"}],"type":"pronunciation"},{"start_time":"42.16","end_time":"42.66","alternatives":[{"confidence":"0.9999","content":"중간에"}],"type":"pronunciation"},{"start_time":"42.72","end_time":"43.33","alternatives":[{"confidence":"0.9208000000000001","content":"이동하시면서"}],"type":"pronunciation"},{"start_time":"43.33","end_time":"43.59","alternatives":[{"confidence":"0.91","content":"계속"}],"type":"pronunciation"},{"start_time":"43.59","end_time":"43.71","alternatives":[{"confidence":"0.9685","content":"만"}],"type":"pronunciation"},{"start_time":"43.71","end_time":"44.04","alternatives":[{"confidence":"0.9881","content":"해주시면"}],"type":"pronunciation"},{"start_time":"44.04","end_time":"44.27","alternatives":[{"confidence":"0.9317","content":"되는"}],"type":"pronunciation"},{"start_time":"44.27","end_time":"44.6","alternatives":[{"confidence":"0.8738","content":"거예요"}],"type":"pronunciation"},{"alternatives":[{"confidence":"0.0","content":"."}],"type":"punctuation"},{"start_time":"44.69","end_time":"45.02","alternatives":[{"confidence":"0.8749","content":"그러니까"}],"type":"pronunciation"},{"start_time":"45.55","end_time":"45.72","alternatives":[{"confidence":"1.0","content":"예를"}],"type":"pronunciation"},{"start_time":"45.72","end_time":"46.07","alternatives":[{"confidence":"0.9999","content":"들어서"}],"type":"pronunciation"},{"start_time":"46.22","end_time":"46.39","alternatives":[{"confidence":"0.9979","content":"뭐"}],"type":"pronunciation"},{"start_time":"46.42","end_time":"46.72","alternatives":[{"confidence":"0.9963","content":"제가"}],"type":"pronunciation"},{"start_time":"46.72","end_time":"46.98","alternatives":[{"confidence":"0.9","content":"뭐"}],"type":"pronunciation"},{"start_time":"49.38","end_time":"50.02","alternatives":[{"confidence":"0.6699","content":"노포에서"}],"type":"pronunciation"},{"start_time":"50.02","end_time":"50.37","alternatives":[{"confidence":"0.9994","content":"물건을"}],"type":"pronunciation"},{"start_time":"50.37","end_time":"50.72","alternatives":[{"confidence":"0.9306","content":"팔아서"}],"type":"pronunciation"},{"start_time":"50.72","end_time":"51.37","alternatives":[{"confidence":"0.4204666666666667","content":"심평양까지"}],"type":"pronunciation"},{"start_time":"51.37","end_time":"51.69","alternatives":[{"confidence":"0.9374","content":"가라고"}],"type":"pronunciation"},{"start_time":"52.2","end_time":"52.52","alternatives":[{"confidence":"0.552","content":"하면"}],"type":"pronunciation"},{"start_time":"53.57","end_time":"54.07","alternatives":[{"confidence":"0.9692","content":"가면"}],"type":"pronunciation"},{"start_time":"54.07","end_time":"54.21","alternatives":[{"confidence":"0.7653","content":"그"}],"type":"pronunciation"},{"start_time":"54.41","end_time":"54.6","alternatives":[{"confidence":"0.7486","content":"집"}],"type":"pronunciation"},{"start_time":"54.6","end_time":"55.18","alternatives":[{"confidence":"0.6194500000000001","content":"담당즐거운"}],"type":"pronunciation"},{"start_time":"55.18","end_time":"55.33","alternatives":[{"confidence":"0.9376","content":"분이"}],"type":"pronunciation"},{"start_time":"55.33","end_time":"55.91","alternatives":[{"confidence":"0.5219","content":"나왔어요"}],"type":"pronunciation"},{"alternatives":[{"confidence":"0.0","content":"."}],"type":"punctuation"},{"start_time":"55.94","end_time":"56.21","alternatives":[{"confidence":"0.1161","content":"그냥"}],"type":"pronunciation"},{"start_time":"56.57","end_time":"56.84","alternatives":[{"confidence":"0.3706","content":"각"}],"type":"pronunciation"},{"start_time":"56.85","end_time":"57.32","alternatives":[{"confidence":"0.19729999999999998","content":"출근마다"}],"type":"pronunciation"},{"start_time":"57.32","end_time":"57.57","alternatives":[{"confidence":"0.7165","content":"나와"}],"type":"pronunciation"},{"start_time":"57.57","end_time":"57.98","alternatives":[{"confidence":"0.9766","content":"있어요"}],"type":"pronunciation"},{"alternatives":[{"confidence":"0.0","content":"."}],"type":"punctuation"},{"start_time":"58.22","end_time":"58.6","alternatives":[{"confidence":"0.8574","content":"까지만"}],"type":"pronunciation"},{"start_time":"58.73","end_time":"59.11","alternatives":[{"confidence":"0.9304","content":"해주시면"}],"type":"pronunciation"},{"start_time":"59.11","end_time":"59.31","alternatives":[{"confidence":"0.9787","content":"되는"}],"type":"pronunciation"},{"start_time":"59.31","end_time":"59.9","alternatives":[{"confidence":"0.9837","content":"거고요"}],"type":"pronunciation"},{"alternatives":[{"confidence":"0.0","content":"."}],"type":"punctuation"},{"start_time":"61.97","end_time":"62.23","alternatives":[{"confidence":"0.7208","content":"같은"}],"type":"pronunciation"},{"start_time":"62.23","end_time":"62.38","alternatives":[{"confidence":"0.6346","content":"건"}],"type":"pronunciation"},{"start_time":"62.38","end_time":"62.66","alternatives":[{"confidence":"0.978","content":"어떻게"}],"type":"pronunciation"},{"start_time":"63.02","end_time":"63.29","alternatives":[{"confidence":"0.6691","content":"그렇게"}],"type":"pronunciation"},{"start_time":"64.97","end_time":"66.53","alternatives":[{"confidence":"0.7032500000000002","content":"도착예를"}],"type":"pronunciation"},{"start_time":"66.53","end_time":"66.74","alternatives":[{"confidence":"0.5638","content":"들어"}],"type":"pronunciation"},{"start_time":"66.74","end_time":"67.06","alternatives":[{"confidence":"0.9892","content":"가지고"}],"type":"pronunciation"},{"start_time":"67.06","end_time":"67.42","alternatives":[{"confidence":"0.8058","content":"아홉시"}],"type":"pronunciation"},{"start_time":"67.42","end_time":"67.77","alternatives":[{"confidence":"0.8406","content":"반에서"}],"type":"pronunciation"},{"start_time":"67.77","end_time":"68.0","alternatives":[{"confidence":"1.0","content":"저희가"}],"type":"pronunciation"},{"start_time":"68.0","end_time":"68.13","alternatives":[{"confidence":"0.3274","content":"2"}],"type":"pronunciation"},{"start_time":"68.13","end_time":"68.54","alternatives":[{"confidence":"0.7047","content":"시까지"}],"type":"pronunciation"},{"start_time":"68.54","end_time":"69.23","alternatives":[{"confidence":"0.6337","content":"에요"}],"type":"pronunciation"},{"alternatives":[{"confidence":"0.0","content":"."}],"type":"punctuation"},{"start_time":"69.29","end_time":"69.67","alternatives":[{"confidence":"0.9822500000000001","content":"출근을"}],"type":"pronunciation"},{"start_time":"69.67","end_time":"69.95","alternatives":[{"confidence":"0.998","content":"어디로"}],"type":"pronunciation"},{"start_time":"69.95","end_time":"70.48","alternatives":[{"confidence":"0.96045","content":"하시냐면"}],"type":"pronunciation"},{"start_time":"70.48","end_time":"70.8","alternatives":[{"confidence":"0.8204","content":"아홉시"}],"type":"pronunciation"},{"start_time":"70.8","end_time":"71.2","alternatives":[{"confidence":"0.9687","content":"반까지"}],"type":"pronunciation"},{"start_time":"71.23","end_time":"71.67","alternatives":[{"confidence":"0.9869","content":"자택에서"}],"type":"pronunciation"},{"start_time":"71.67","end_time":"71.96","alternatives":[{"confidence":"0.9979","content":"가까운"}],"type":"pronunciation"},{"start_time":"71.96","end_time":"72.34","alternatives":[{"confidence":"0.9097","content":"지하철"}],"type":"pronunciation"},{"start_time":"72.34","end_time":"72.57","alternatives":[{"confidence":"0.9691","content":"요구를"}],"type":"pronunciation"},{"start_time":"72.57","end_time":"73.15","alternatives":[{"confidence":"0.6763","content":"하시면"}],"type":"pronunciation"},{"start_time":"73.21","end_time":"73.56","alternatives":[{"confidence":"0.8427","content":"그러니까"}],"type":"pronunciation"},{"start_time":"73.56","end_time":"74.53","alternatives":[{"confidence":"0.9983500000000001","content":"전화상으로"}],"type":"pronunciation"},{"start_time":"74.89","end_time":"75.46","alternatives":[{"confidence":"0.9822","content":"일거리를"}],"type":"pronunciation"},{"start_time":"75.46","end_time":"76.16","alternatives":[{"confidence":"0.8614999999999999","content":"드리는데"}],"type":"pronunciation"},{"start_time":"76.19","end_time":"76.57","alternatives":[{"confidence":"0.8806","content":"본인은"}],"type":"pronunciation"},{"start_time":"76.57","end_time":"76.73","alternatives":[{"confidence":"0.9466","content":"오늘"}],"type":"pronunciation"},{"start_time":"76.73","end_time":"77.03","alternatives":[{"confidence":"0.9964","content":"나오면"}],"type":"pronunciation"},{"start_time":"77.03","end_time":"77.31","alternatives":[{"confidence":"0.7702","content":"인상"}],"type":"pronunciation"},{"start_time":"77.31","end_time":"77.71","alternatives":[{"confidence":"0.43775","content":"상예를"}],"type":"pronunciation"},{"start_time":"77.8","end_time":"78.38","alternatives":[{"confidence":"0.79715","content":"청바지에"}],"type":"pronunciation"},{"start_time":"78.38","end_time":"78.68","alternatives":[{"confidence":"0.9397","content":"검은"}],"type":"pronunciation"},{"start_time":"78.68","end_time":"79.91","alternatives":[{"confidence":"0.8272333333333334","content":"스펙티브셨다"}],"type":"pronunciation"},{"start_time":"80.26","end_time":"80.55","alternatives":[{"confidence":"0.9865","content":"이번"}],"type":"pronunciation"},{"start_time":"80.55","end_time":"80.77","alternatives":[{"confidence":"0.6226","content":"출구에"}],"type":"pronunciation"},{"start_time":"80.77","end_time":"80.99","alternatives":[{"confidence":"0.8823","content":"나와"}],"type":"pronunciation"},{"start_time":"80.99","end_time":"81.31","alternatives":[{"confidence":"1.0","content":"계세요"}],"type":"pronunciation"},{"alternatives":[{"confidence":"0.0","content":"."}],"type":"punctuation"},{"start_time":"81.4","end_time":"81.65","alternatives":[{"confidence":"0.9174","content":"이번"}],"type":"pronunciation"},{"start_time":"81.65","end_time":"81.82","alternatives":[{"confidence":"0.3262","content":"주에"}],"type":"pronunciation"},{"start_time":"81.82","end_time":"82.01","alternatives":[{"confidence":"0.7047","content":"나와"}],"type":"pronunciation"},{"start_time":"82.01","end_time":"82.28","alternatives":[{"confidence":"0.9262","content":"계실"}],"type":"pronunciation"},{"start_time":"82.28","end_time":"82.38","alternatives":[{"confidence":"0.9106","content":"거"}],"type":"pronunciation"},{"start_time":"82.38","end_time":"83.39","alternatives":[{"confidence":"1.0","content":"아니에요"}],"type":"pronunciation"},{"alternatives":[{"confidence":"0.0","content":"?"}],"type":"punctuation"},{"start_time":"83.57","end_time":"83.92","alternatives":[{"confidence":"0.31925000000000003","content":"창하게"}],"type":"pronunciation"},{"start_time":"83.92","end_time":"84.29","alternatives":[{"confidence":"0.5678","content":"말씀해"}],"type":"pronunciation"},{"start_time":"84.29","end_time":"84.87","alternatives":[{"confidence":"0.9749","content":"드리고"}],"type":"pronunciation"},{"start_time":"85.09","end_time":"85.76","alternatives":[{"confidence":"0.9021","content":"실버물류에서"}],"type":"pronunciation"},{"start_time":"85.76","end_time":"86.5","alternatives":[{"confidence":"0.9932000000000001","content":"나오셨어요"}],"type":"pronunciation"},{"start_time":"86.53","end_time":"86.81","alternatives":[{"confidence":"0.6204","content":"확인"}],"type":"pronunciation"},{"start_time":"86.81","end_time":"87.21","alternatives":[{"confidence":"0.9984","content":"후에"}],"type":"pronunciation"},{"start_time":"87.41","end_time":"88.37","alternatives":[{"confidence":"0.81165","content":"서류확인하고"}],"type":"pronunciation"},{"start_time":"88.55","end_time":"89.28","alternatives":[{"confidence":"0.95975","content":"건네주시고"}],"type":"pronunciation"},{"start_time":"89.28","end_time":"89.5","alternatives":[{"confidence":"0.9452","content":"이렇게"}],"type":"pronunciation"},{"start_time":"89.5","end_time":"89.74","alternatives":[{"confidence":"0.2294","content":"하시죠"}],"type":"pronunciation"},{"alternatives":[{"confidence":"0.0","content":"."}],"type":"punctuation"}]},"status":"COMPLETED"}