{"jobName":"transcribe_loan41","accountId":"097989105209","results":{"transcripts":[{"transcript":"우리금융인데요 출 필요하신 분받으시죠 우리금융그렇죠 이 금융권인데. 요즘 전화상으로 가능하세요. 그렇죠? 저희 쪽에서 바로 해드리는거죠 서울 했어요. 서울에 그러세요? 의심스러운 이 많으실 상관없."}],"items":[{"start_time":"0.81","end_time":"2.25","alternatives":[{"confidence":"0.6411","content":"우리금융인데요"}],"type":"pronunciation"},{"start_time":"2.65","end_time":"3.05","alternatives":[{"confidence":"0.0357","content":"출"}],"type":"pronunciation"},{"start_time":"3.05","end_time":"3.59","alternatives":[{"confidence":"0.9854","content":"필요하신"}],"type":"pronunciation"},{"start_time":"3.59","end_time":"4.72","alternatives":[{"confidence":"0.7864333333333334","content":"분받으시죠"}],"type":"pronunciation"},{"start_time":"6.11","end_time":"10.19","alternatives":[{"confidence":"0.9142","content":"우리금융그렇죠"}],"type":"pronunciation"},{"start_time":"10.25","end_time":"10.36","alternatives":[{"confidence":"0.8148","content":"이"}],"type":"pronunciation"},{"start_time":"10.36","end_time":"11.29","alternatives":[{"confidence":"0.95385","content":"금융권인데"}],"type":"pronunciation"},{"alternatives":[{"confidence":"0.0","content":"."}],"type":"punctuation"},{"start_time":"11.84","end_time":"12.06","alternatives":[{"confidence":"0.9142","content":"요즘"}],"type":"pronunciation"},{"start_time":"12.06","end_time":"12.62","alternatives":[{"confidence":"0.998","content":"전화상으로"}],"type":"pronunciation"},{"start_time":"12.62","end_time":"13.54","alternatives":[{"confidence":"0.99305","content":"가능하세요"}],"type":"pronunciation"},{"alternatives":[{"confidence":"0.0","content":"."}],"type":"punctuation"},{"start_time":"15.84","end_time":"16.14","alternatives":[{"confidence":"0.9729","content":"그렇죠"}],"type":"pronunciation"},{"alternatives":[{"confidence":"0.0","content":"?"}],"type":"punctuation"},{"start_time":"16.14","end_time":"16.34","alternatives":[{"confidence":"0.9524","content":"저희"}],"type":"pronunciation"},{"start_time":"16.34","end_time":"16.64","alternatives":[{"confidence":"1.0","content":"쪽에서"}],"type":"pronunciation"},{"start_time":"16.64","end_time":"16.83","alternatives":[{"confidence":"0.9451","content":"바로"}],"type":"pronunciation"},{"start_time":"16.83","end_time":"17.49","alternatives":[{"confidence":"0.9462","content":"해드리는거죠"}],"type":"pronunciation"},{"start_time":"19.54","end_time":"19.78","alternatives":[{"confidence":"0.2428","content":"서울"}],"type":"pronunciation"},{"start_time":"19.78","end_time":"20.16","alternatives":[{"confidence":"0.3841","content":"했어요"}],"type":"pronunciation"},{"alternatives":[{"confidence":"0.0","content":"."}],"type":"punctuation"},{"start_time":"20.19","end_time":"20.53","alternatives":[{"confidence":"0.6873","content":"서울에"}],"type":"pronunciation"},{"start_time":"22.84","end_time":"23.32","alternatives":[{"confidence":"0.9983","content":"그러세요"}],"type":"pronunciation"},{"alternatives":[{"confidence":"0.0","content":"?"}],"type":"punctuation"},{"start_time":"23.35","end_time":"23.82","alternatives":[{"confidence":"0.77","content":"의심스러운"}],"type":"pronunciation"},{"start_time":"23.82","end_time":"23.89","alternatives":[{"confidence":"0.0136","content":"이"}],"type":"pronunciation"},{"start_time":"23.89","end_time":"24.24","alternatives":[{"confidence":"0.0178","content":"많으실"}],"type":"pronunciation"},{"start_time":"24.24","end_time":"24.57","alternatives":[{"confidence":"0.3574","content":"상관없"}],"type":"pronunciation"},{"alternatives":[{"confidence":"0.0","content":"."}],"type":"punctuation"}]},"status":"COMPLETED"}