{"jobName":"transcribe_loan7","accountId":"097989105209","results":{"transcripts":[{"transcript":"지인분들까지 전부 다 확보하셨다고요. 지금 이거 유통할까요? 아니면 이들을 지워드릴까요 도하십니까? 저를 말씀드리자면 저는 지금 해외에 있습니다. 제가 지금 해외에 있거든요. 해외에 있는데 솔직히 말씀 드리겠습니다. 저는 제가 이거 유포한다 저한테 피해 볼 거 하나도 없습니다. 하지만 합의를 보시겠다면. 제가 유포안하고. 그냥 이 약속대로 지워드리는 거지요. 합의금액은 오십 만원이고 이 돈을 주는 것이 바로 지워드리겠습니다. 먹으려고 예. 오십만원 주는 집이 바로 온 녹화된 것은 바로 없는거죠. 바로 그리고 어떻게 보내냐면? 이거 합의금액을 주시면 제가 지우는 모습을 집 염소를 찍어서 보여드리겠습니다. 지우는 걸 야속약속대로. 지금 진행되는 거지요. 지금 말씀해주세요. 합의있습니까 없습니까? 남자를 남자로서 기리기 말할 필요도 좋습니까? 그냥. 여보세요? 그게 무슨 말입니까? 이렇게 전화하신 거잖아요. 지휘문제가 전부 다 알아 낸 거지요. 전화번호 부분 뭐 그건 상관 없습니다. 그건 무슨 말하는 겁니까? 그건 없을 거를 당하는 거예요. 알고 있는 질문도 제가 다 알고 있습니다. 그거 말고 뭐 그건 하신 거예요. 그게 뭐예요? 전부 다 아는 거죠? 엄마 전하고 나뭇가지달 전부터 알고 있습니다. 그러니까 뭐 문자 멧돼지라는건 지금 말씀해주세요. 어떻게 하실건지 합의한 보신다면 아무것도 없습니다. 예. 학생 대로 그냥 살자 해드릴게요. 높게 말씀해 주시겠습니까? 지금 바로 입금할 수 있고요. 뱅킹으로 하는 거지요. 그런 계좌번호을 보내드리겠습니다. 그 입금하시고 연락 주시면 제가 확인만 되는대로 지우는 모습을 찍어서 보여드렸지요 어떻게 할 수 있지요? 제가 잠시만 이제 일단 계좌번호를 제가 를 보내드렸지요 잠시만 기다려 주세요."}],"items":[{"start_time":"2.81","end_time":"3.55","alternatives":[{"confidence":"0.8078666666666666","content":"지인분들까지"}],"type":"pronunciation"},{"start_time":"3.55","end_time":"3.77","alternatives":[{"confidence":"0.8686","content":"전부"}],"type":"pronunciation"},{"start_time":"3.77","end_time":"3.88","alternatives":[{"confidence":"0.9996","content":"다"}],"type":"pronunciation"},{"start_time":"3.88","end_time":"5.64","alternatives":[{"confidence":"0.9278666666666666","content":"확보하셨다고요"}],"type":"pronunciation"},{"alternatives":[{"confidence":"0.0","content":"."}],"type":"punctuation"},{"start_time":"6.53","end_time":"7.08","alternatives":[{"confidence":"0.9905","content":"지금"}],"type":"pronunciation"},{"start_time":"7.08","end_time":"7.26","alternatives":[{"confidence":"0.8417","content":"이거"}],"type":"pronunciation"},{"start_time":"7.26","end_time":"8.14","alternatives":[{"confidence":"0.8404499999999999","content":"유통할까요"}],"type":"pronunciation"},{"alternatives":[{"confidence":"0.0","content":"?"}],"type":"punctuation"},{"start_time":"8.14","end_time":"8.44","alternatives":[{"confidence":"1.0","content":"아니면"}],"type":"pronunciation"},{"start_time":"8.44","end_time":"8.73","alternatives":[{"confidence":"0.9988","content":"이들을"}],"type":"pronunciation"},{"start_time":"8.73","end_time":"9.68","alternatives":[{"confidence":"0.9619500000000001","content":"지워드릴까요"}],"type":"pronunciation"},{"start_time":"10.62","end_time":"11.32","alternatives":[{"confidence":"0.14355","content":"도하십니까"}],"type":"pronunciation"},{"alternatives":[{"confidence":"0.0","content":"?"}],"type":"punctuation"},{"start_time":"12.94","end_time":"13.24","alternatives":[{"confidence":"0.8668","content":"저를"}],"type":"pronunciation"},{"start_time":"13.24","end_time":"14.32","alternatives":[{"confidence":"0.89825","content":"말씀드리자면"}],"type":"pronunciation"},{"start_time":"15.57","end_time":"15.92","alternatives":[{"confidence":"1.0","content":"저는"}],"type":"pronunciation"},{"start_time":"15.92","end_time":"16.31","alternatives":[{"confidence":"0.9995","content":"지금"}],"type":"pronunciation"},{"start_time":"16.31","end_time":"16.87","alternatives":[{"confidence":"0.7324","content":"해외에"}],"type":"pronunciation"},{"start_time":"16.87","end_time":"17.48","alternatives":[{"confidence":"0.8935","content":"있습니다"}],"type":"pronunciation"},{"alternatives":[{"confidence":"0.0","content":"."}],"type":"punctuation"},{"start_time":"18.96","end_time":"19.22","alternatives":[{"confidence":"0.8356","content":"제가"}],"type":"pronunciation"},{"start_time":"19.22","end_time":"19.51","alternatives":[{"confidence":"0.9975","content":"지금"}],"type":"pronunciation"},{"start_time":"19.51","end_time":"20.16","alternatives":[{"confidence":"0.6884","content":"해외에"}],"type":"pronunciation"},{"start_time":"20.16","end_time":"20.92","alternatives":[{"confidence":"1.0","content":"있거든요"}],"type":"pronunciation"},{"alternatives":[{"confidence":"0.0","content":"."}],"type":"punctuation"},{"start_time":"22.19","end_time":"22.72","alternatives":[{"confidence":"0.8534","content":"해외에"}],"type":"pronunciation"},{"start_time":"22.72","end_time":"23.54","alternatives":[{"confidence":"0.9517","content":"있는데"}],"type":"pronunciation"},{"start_time":"23.63","end_time":"24.14","alternatives":[{"confidence":"1.0","content":"솔직히"}],"type":"pronunciation"},{"start_time":"24.14","end_time":"24.45","alternatives":[{"confidence":"0.8895","content":"말씀"}],"type":"pronunciation"},{"start_time":"24.45","end_time":"25.08","alternatives":[{"confidence":"0.8897","content":"드리겠습니다"}],"type":"pronunciation"},{"alternatives":[{"confidence":"0.0","content":"."}],"type":"punctuation"},{"start_time":"25.08","end_time":"25.37","alternatives":[{"confidence":"0.9616","content":"저는"}],"type":"pronunciation"},{"start_time":"25.82","end_time":"26.12","alternatives":[{"confidence":"1.0","content":"제가"}],"type":"pronunciation"},{"start_time":"26.12","end_time":"26.29","alternatives":[{"confidence":"0.8493","content":"이거"}],"type":"pronunciation"},{"start_time":"26.29","end_time":"27.0","alternatives":[{"confidence":"0.92325","content":"유포한다"}],"type":"pronunciation"},{"start_time":"27.0","end_time":"27.28","alternatives":[{"confidence":"0.9916","content":"저한테"}],"type":"pronunciation"},{"start_time":"27.28","end_time":"27.55","alternatives":[{"confidence":"0.6348","content":"피해"}],"type":"pronunciation"},{"start_time":"27.55","end_time":"27.72","alternatives":[{"confidence":"0.6902","content":"볼"}],"type":"pronunciation"},{"start_time":"27.72","end_time":"27.83","alternatives":[{"confidence":"0.7087","content":"거"}],"type":"pronunciation"},{"start_time":"27.83","end_time":"28.09","alternatives":[{"confidence":"1.0","content":"하나도"}],"type":"pronunciation"},{"start_time":"28.09","end_time":"28.64","alternatives":[{"confidence":"1.0","content":"없습니다"}],"type":"pronunciation"},{"alternatives":[{"confidence":"0.0","content":"."}],"type":"punctuation"},{"start_time":"29.34","end_time":"29.76","alternatives":[{"confidence":"0.9961","content":"하지만"}],"type":"pronunciation"},{"start_time":"30.82","end_time":"31.32","alternatives":[{"confidence":"1.0","content":"합의를"}],"type":"pronunciation"},{"start_time":"31.32","end_time":"32.09","alternatives":[{"confidence":"0.9095666666666666","content":"보시겠다면"}],"type":"pronunciation"},{"alternatives":[{"confidence":"0.0","content":"."}],"type":"punctuation"},{"start_time":"32.09","end_time":"32.36","alternatives":[{"confidence":"0.9788","content":"제가"}],"type":"pronunciation"},{"start_time":"32.36","end_time":"33.0","alternatives":[{"confidence":"0.84965","content":"유포안하고"}],"type":"pronunciation"},{"alternatives":[{"confidence":"0.0","content":"."}],"type":"punctuation"},{"start_time":"33.0","end_time":"33.22","alternatives":[{"confidence":"0.9926","content":"그냥"}],"type":"pronunciation"},{"start_time":"33.25","end_time":"33.38","alternatives":[{"confidence":"0.7043","content":"이"}],"type":"pronunciation"},{"start_time":"33.38","end_time":"33.83","alternatives":[{"confidence":"0.9818","content":"약속대로"}],"type":"pronunciation"},{"start_time":"33.83","end_time":"34.36","alternatives":[{"confidence":"0.9136","content":"지워드리는"}],"type":"pronunciation"},{"start_time":"34.36","end_time":"35.07","alternatives":[{"confidence":"0.9767","content":"거지요"}],"type":"pronunciation"},{"alternatives":[{"confidence":"0.0","content":"."}],"type":"punctuation"},{"start_time":"35.31","end_time":"36.03","alternatives":[{"confidence":"0.87835","content":"합의금액은"}],"type":"pronunciation"},{"start_time":"36.03","end_time":"36.37","alternatives":[{"confidence":"0.7679","content":"오십"}],"type":"pronunciation"},{"start_time":"36.37","end_time":"36.91","alternatives":[{"confidence":"0.9878","content":"만원이고"}],"type":"pronunciation"},{"start_time":"36.94","end_time":"37.01","alternatives":[{"confidence":"0.3863","content":"이"}],"type":"pronunciation"},{"start_time":"37.04","end_time":"37.37","alternatives":[{"confidence":"1.0","content":"돈을"}],"type":"pronunciation"},{"start_time":"37.37","end_time":"37.64","alternatives":[{"confidence":"0.9997","content":"주는"}],"type":"pronunciation"},{"start_time":"37.67","end_time":"37.9","alternatives":[{"confidence":"0.9453","content":"것이"}],"type":"pronunciation"},{"start_time":"37.9","end_time":"38.12","alternatives":[{"confidence":"0.999","content":"바로"}],"type":"pronunciation"},{"start_time":"38.12","end_time":"39.11","alternatives":[{"confidence":"0.977","content":"지워드리겠습니다"}],"type":"pronunciation"},{"alternatives":[{"confidence":"0.0","content":"."}],"type":"punctuation"},{"start_time":"43.18","end_time":"43.77","alternatives":[{"confidence":"0.935","content":"먹으려고"}],"type":"pronunciation"},{"start_time":"44.93","end_time":"45.23","alternatives":[{"confidence":"0.3693","content":"예"}],"type":"pronunciation"},{"alternatives":[{"confidence":"0.0","content":"."}],"type":"punctuation"},{"start_time":"45.23","end_time":"45.8","alternatives":[{"confidence":"0.70635","content":"오십만원"}],"type":"pronunciation"},{"start_time":"45.8","end_time":"46.04","alternatives":[{"confidence":"0.9911","content":"주는"}],"type":"pronunciation"},{"start_time":"46.04","end_time":"46.24","alternatives":[{"confidence":"0.5982","content":"집이"}],"type":"pronunciation"},{"start_time":"46.24","end_time":"46.46","alternatives":[{"confidence":"0.9797","content":"바로"}],"type":"pronunciation"},{"start_time":"46.46","end_time":"46.69","alternatives":[{"confidence":"0.1943","content":"온"}],"type":"pronunciation"},{"start_time":"47.12","end_time":"47.57","alternatives":[{"confidence":"0.9988","content":"녹화된"}],"type":"pronunciation"},{"start_time":"47.57","end_time":"47.75","alternatives":[{"confidence":"0.9999","content":"것은"}],"type":"pronunciation"},{"start_time":"47.75","end_time":"47.95","alternatives":[{"confidence":"0.9374","content":"바로"}],"type":"pronunciation"},{"start_time":"48.93","end_time":"49.58","alternatives":[{"confidence":"0.7521","content":"없는거죠"}],"type":"pronunciation"},{"alternatives":[{"confidence":"0.0","content":"."}],"type":"punctuation"},{"start_time":"49.58","end_time":"49.85","alternatives":[{"confidence":"0.8899","content":"바로"}],"type":"pronunciation"},{"start_time":"51.12","end_time":"51.43","alternatives":[{"confidence":"0.9944","content":"그리고"}],"type":"pronunciation"},{"start_time":"51.43","end_time":"51.74","alternatives":[{"confidence":"0.9987","content":"어떻게"}],"type":"pronunciation"},{"start_time":"51.74","end_time":"52.52","alternatives":[{"confidence":"0.9804999999999999","content":"보내냐면"}],"type":"pronunciation"},{"alternatives":[{"confidence":"0.0","content":"?"}],"type":"punctuation"},{"start_time":"53.17","end_time":"53.55","alternatives":[{"confidence":"0.5592","content":"이거"}],"type":"pronunciation"},{"start_time":"53.71","end_time":"54.45","alternatives":[{"confidence":"0.8279","content":"합의금액을"}],"type":"pronunciation"},{"start_time":"54.45","end_time":"54.96","alternatives":[{"confidence":"1.0","content":"주시면"}],"type":"pronunciation"},{"start_time":"54.96","end_time":"55.18","alternatives":[{"confidence":"0.999","content":"제가"}],"type":"pronunciation"},{"start_time":"55.3","end_time":"55.71","alternatives":[{"confidence":"0.99785","content":"지우는"}],"type":"pronunciation"},{"start_time":"55.71","end_time":"56.13","alternatives":[{"confidence":"0.9999","content":"모습을"}],"type":"pronunciation"},{"start_time":"56.13","end_time":"56.31","alternatives":[{"confidence":"0.0999","content":"집"}],"type":"pronunciation"},{"start_time":"56.34","end_time":"56.72","alternatives":[{"confidence":"0.1754","content":"염소를"}],"type":"pronunciation"},{"start_time":"56.72","end_time":"57.09","alternatives":[{"confidence":"1.0","content":"찍어서"}],"type":"pronunciation"},{"start_time":"57.09","end_time":"58.01","alternatives":[{"confidence":"0.8672500000000001","content":"보여드리겠습니다"}],"type":"pronunciation"},{"alternatives":[{"confidence":"0.0","content":"."}],"type":"punctuation"},{"start_time":"58.01","end_time":"58.4","alternatives":[{"confidence":"0.97725","content":"지우는"}],"type":"pronunciation"},{"start_time":"58.4","end_time":"58.58","alternatives":[{"confidence":"0.8996","content":"걸"}],"type":"pronunciation"},{"start_time":"60.48","end_time":"61.4","alternatives":[{"confidence":"0.926725","content":"야속약속대로"}],"type":"pronunciation"},{"alternatives":[{"confidence":"0.0","content":"."}],"type":"punctuation"},{"start_time":"61.4","end_time":"61.64","alternatives":[{"confidence":"0.8424","content":"지금"}],"type":"pronunciation"},{"start_time":"61.64","end_time":"62.09","alternatives":[{"confidence":"0.6507","content":"진행되는"}],"type":"pronunciation"},{"start_time":"62.09","end_time":"62.65","alternatives":[{"confidence":"0.8708","content":"거지요"}],"type":"pronunciation"},{"alternatives":[{"confidence":"0.0","content":"."}],"type":"punctuation"},{"start_time":"63.06","end_time":"63.36","alternatives":[{"confidence":"0.9906","content":"지금"}],"type":"pronunciation"},{"start_time":"63.36","end_time":"64.21","alternatives":[{"confidence":"0.7203999999999999","content":"말씀해주세요"}],"type":"pronunciation"},{"alternatives":[{"confidence":"0.0","content":"."}],"type":"punctuation"},{"start_time":"64.27","end_time":"65.4","alternatives":[{"confidence":"0.8237","content":"합의있습니까"}],"type":"pronunciation"},{"start_time":"65.4","end_time":"66.16","alternatives":[{"confidence":"0.9999","content":"없습니까"}],"type":"pronunciation"},{"alternatives":[{"confidence":"0.0","content":"?"}],"type":"punctuation"},{"start_time":"66.56","end_time":"67.02","alternatives":[{"confidence":"0.3358","content":"남자를"}],"type":"pronunciation"},{"start_time":"67.02","end_time":"67.56","alternatives":[{"confidence":"0.993","content":"남자로서"}],"type":"pronunciation"},{"start_time":"67.56","end_time":"67.88","alternatives":[{"confidence":"0.6839","content":"기리기"}],"type":"pronunciation"},{"start_time":"67.88","end_time":"68.13","alternatives":[{"confidence":"0.9839","content":"말할"}],"type":"pronunciation"},{"start_time":"68.13","end_time":"68.41","alternatives":[{"confidence":"0.9541","content":"필요도"}],"type":"pronunciation"},{"start_time":"68.41","end_time":"68.92","alternatives":[{"confidence":"0.84365","content":"좋습니까"}],"type":"pronunciation"},{"alternatives":[{"confidence":"0.0","content":"?"}],"type":"punctuation"},{"start_time":"68.92","end_time":"69.26","alternatives":[{"confidence":"0.9932","content":"그냥"}],"type":"pronunciation"},{"alternatives":[{"confidence":"0.0","content":"."}],"type":"punctuation"},{"start_time":"76.27","end_time":"76.88","alternatives":[{"confidence":"0.0345","content":"여보세요"}],"type":"pronunciation"},{"alternatives":[{"confidence":"0.0","content":"?"}],"type":"punctuation"},{"start_time":"85.56","end_time":"85.73","alternatives":[{"confidence":"0.2123","content":"그게"}],"type":"pronunciation"},{"start_time":"85.73","end_time":"85.92","alternatives":[{"confidence":"0.9726","content":"무슨"}],"type":"pronunciation"},{"start_time":"85.92","end_time":"86.45","alternatives":[{"confidence":"0.999","content":"말입니까"}],"type":"pronunciation"},{"alternatives":[{"confidence":"0.0","content":"?"}],"type":"punctuation"},{"start_time":"87.09","end_time":"87.39","alternatives":[{"confidence":"0.242","content":"이렇게"}],"type":"pronunciation"},{"start_time":"88.18","end_time":"89.48","alternatives":[{"confidence":"0.33694999999999997","content":"전화하신"}],"type":"pronunciation"},{"start_time":"89.48","end_time":"89.93","alternatives":[{"confidence":"0.9385","content":"거잖아요"}],"type":"pronunciation"},{"alternatives":[{"confidence":"0.0","content":"."}],"type":"punctuation"},{"start_time":"91.33","end_time":"91.92","alternatives":[{"confidence":"0.5709","content":"지휘문제가"}],"type":"pronunciation"},{"start_time":"91.92","end_time":"92.12","alternatives":[{"confidence":"0.7012","content":"전부"}],"type":"pronunciation"},{"start_time":"92.12","end_time":"92.25","alternatives":[{"confidence":"0.9981","content":"다"}],"type":"pronunciation"},{"start_time":"92.25","end_time":"92.64","alternatives":[{"confidence":"0.3851","content":"알아"}],"type":"pronunciation"},{"start_time":"92.64","end_time":"92.8","alternatives":[{"confidence":"0.4088","content":"낸"}],"type":"pronunciation"},{"start_time":"92.8","end_time":"93.35","alternatives":[{"confidence":"0.9709","content":"거지요"}],"type":"pronunciation"},{"alternatives":[{"confidence":"0.0","content":"."}],"type":"punctuation"},{"start_time":"93.36","end_time":"93.81","alternatives":[{"confidence":"0.7654","content":"전화번호"}],"type":"pronunciation"},{"start_time":"93.81","end_time":"94.1","alternatives":[{"confidence":"0.8412","content":"부분"}],"type":"pronunciation"},{"start_time":"94.1","end_time":"94.39","alternatives":[{"confidence":"0.9826","content":"뭐"}],"type":"pronunciation"},{"start_time":"94.42","end_time":"94.84","alternatives":[{"confidence":"0.9844","content":"그건"}],"type":"pronunciation"},{"start_time":"94.84","end_time":"95.11","alternatives":[{"confidence":"0.598","content":"상관"}],"type":"pronunciation"},{"start_time":"95.11","end_time":"95.51","alternatives":[{"confidence":"0.9975","content":"없습니다"}],"type":"pronunciation"},{"alternatives":[{"confidence":"0.0","content":"."}],"type":"punctuation"},{"start_time":"95.51","end_time":"95.66","alternatives":[{"confidence":"0.9175","content":"그건"}],"type":"pronunciation"},{"start_time":"95.66","end_time":"95.91","alternatives":[{"confidence":"0.9917","content":"무슨"}],"type":"pronunciation"},{"start_time":"95.91","end_time":"96.19","alternatives":[{"confidence":"0.9123","content":"말하는"}],"type":"pronunciation"},{"start_time":"96.19","end_time":"96.67","alternatives":[{"confidence":"0.998","content":"겁니까"}],"type":"pronunciation"},{"alternatives":[{"confidence":"0.0","content":"?"}],"type":"punctuation"},{"start_time":"97.71","end_time":"97.94","alternatives":[{"confidence":"0.1034","content":"그건"}],"type":"pronunciation"},{"start_time":"98.33","end_time":"98.63","alternatives":[{"confidence":"0.5947","content":"없을"}],"type":"pronunciation"},{"start_time":"98.63","end_time":"98.85","alternatives":[{"confidence":"0.1142","content":"거를"}],"type":"pronunciation"},{"start_time":"98.85","end_time":"99.19","alternatives":[{"confidence":"0.1505","content":"당하는"}],"type":"pronunciation"},{"start_time":"99.19","end_time":"99.44","alternatives":[{"confidence":"0.7931","content":"거예요"}],"type":"pronunciation"},{"alternatives":[{"confidence":"0.0","content":"."}],"type":"punctuation"},{"start_time":"101.26","end_time":"101.58","alternatives":[{"confidence":"0.9277","content":"알고"}],"type":"pronunciation"},{"start_time":"101.58","end_time":"101.76","alternatives":[{"confidence":"0.9691","content":"있는"}],"type":"pronunciation"},{"start_time":"101.76","end_time":"102.15","alternatives":[{"confidence":"0.6853","content":"질문도"}],"type":"pronunciation"},{"start_time":"102.15","end_time":"102.34","alternatives":[{"confidence":"0.9804","content":"제가"}],"type":"pronunciation"},{"start_time":"102.34","end_time":"102.48","alternatives":[{"confidence":"1.0","content":"다"}],"type":"pronunciation"},{"start_time":"102.48","end_time":"102.69","alternatives":[{"confidence":"0.9902","content":"알고"}],"type":"pronunciation"},{"start_time":"102.69","end_time":"103.26","alternatives":[{"confidence":"0.9772","content":"있습니다"}],"type":"pronunciation"},{"alternatives":[{"confidence":"0.0","content":"."}],"type":"punctuation"},{"start_time":"103.62","end_time":"103.8","alternatives":[{"confidence":"0.7717","content":"그거"}],"type":"pronunciation"},{"start_time":"103.8","end_time":"104.14","alternatives":[{"confidence":"0.976","content":"말고"}],"type":"pronunciation"},{"start_time":"104.35","end_time":"104.56","alternatives":[{"confidence":"0.1445","content":"뭐"}],"type":"pronunciation"},{"start_time":"104.63","end_time":"104.97","alternatives":[{"confidence":"0.2641","content":"그건"}],"type":"pronunciation"},{"start_time":"105.9","end_time":"106.21","alternatives":[{"confidence":"0.403","content":"하신"}],"type":"pronunciation"},{"start_time":"106.21","end_time":"106.62","alternatives":[{"confidence":"0.4727","content":"거예요"}],"type":"pronunciation"},{"alternatives":[{"confidence":"0.0","content":"."}],"type":"punctuation"},{"start_time":"109.76","end_time":"109.96","alternatives":[{"confidence":"0.9344","content":"그게"}],"type":"pronunciation"},{"start_time":"109.96","end_time":"110.3","alternatives":[{"confidence":"0.472","content":"뭐예요"}],"type":"pronunciation"},{"alternatives":[{"confidence":"0.0","content":"?"}],"type":"punctuation"},{"start_time":"111.1","end_time":"111.39","alternatives":[{"confidence":"0.6813","content":"전부"}],"type":"pronunciation"},{"start_time":"111.39","end_time":"111.56","alternatives":[{"confidence":"0.764","content":"다"}],"type":"pronunciation"},{"start_time":"111.56","end_time":"111.74","alternatives":[{"confidence":"0.7284","content":"아는"}],"type":"pronunciation"},{"start_time":"111.74","end_time":"112.02","alternatives":[{"confidence":"0.9969","content":"거죠"}],"type":"pronunciation"},{"alternatives":[{"confidence":"0.0","content":"?"}],"type":"punctuation"},{"start_time":"112.02","end_time":"112.28","alternatives":[{"confidence":"0.8908","content":"엄마"}],"type":"pronunciation"},{"start_time":"112.28","end_time":"112.58","alternatives":[{"confidence":"0.32","content":"전하고"}],"type":"pronunciation"},{"start_time":"112.58","end_time":"113.13","alternatives":[{"confidence":"0.63625","content":"나뭇가지달"}],"type":"pronunciation"},{"start_time":"113.13","end_time":"113.41","alternatives":[{"confidence":"0.9914","content":"전부터"}],"type":"pronunciation"},{"start_time":"113.41","end_time":"113.61","alternatives":[{"confidence":"0.9795","content":"알고"}],"type":"pronunciation"},{"start_time":"113.61","end_time":"114.14","alternatives":[{"confidence":"0.9921","content":"있습니다"}],"type":"pronunciation"},{"alternatives":[{"confidence":"0.0","content":"."}],"type":"punctuation"},{"start_time":"115.76","end_time":"116.16","alternatives":[{"confidence":"0.9937","content":"그러니까"}],"type":"pronunciation"},{"start_time":"116.16","end_time":"116.48","alternatives":[{"confidence":"0.952","content":"뭐"}],"type":"pronunciation"},{"start_time":"117.08","end_time":"117.41","alternatives":[{"confidence":"0.541","content":"문자"}],"type":"pronunciation"},{"start_time":"117.41","end_time":"118.19","alternatives":[{"confidence":"0.5395","content":"멧돼지라는건"}],"type":"pronunciation"},{"start_time":"122.83","end_time":"123.08","alternatives":[{"confidence":"0.9914","content":"지금"}],"type":"pronunciation"},{"start_time":"123.08","end_time":"123.76","alternatives":[{"confidence":"0.6684","content":"말씀해주세요"}],"type":"pronunciation"},{"alternatives":[{"confidence":"0.0","content":"."}],"type":"punctuation"},{"start_time":"123.76","end_time":"124.1","alternatives":[{"confidence":"0.999","content":"어떻게"}],"type":"pronunciation"},{"start_time":"124.1","end_time":"124.88","alternatives":[{"confidence":"0.45365","content":"하실건지"}],"type":"pronunciation"},{"start_time":"126.01","end_time":"126.46","alternatives":[{"confidence":"0.913","content":"합의한"}],"type":"pronunciation"},{"start_time":"126.46","end_time":"126.98","alternatives":[{"confidence":"0.7476499999999999","content":"보신다면"}],"type":"pronunciation"},{"start_time":"126.98","end_time":"127.37","alternatives":[{"confidence":"0.3987","content":"아무것도"}],"type":"pronunciation"},{"start_time":"127.37","end_time":"128.01","alternatives":[{"confidence":"0.9901","content":"없습니다"}],"type":"pronunciation"},{"alternatives":[{"confidence":"0.0","content":"."}],"type":"punctuation"},{"start_time":"130.66","end_time":"130.82","alternatives":[{"confidence":"0.0194","content":"예"}],"type":"pronunciation"},{"alternatives":[{"confidence":"0.0","content":"."}],"type":"punctuation"},{"start_time":"130.82","end_time":"131.13","alternatives":[{"confidence":"0.0665","content":"학생"}],"type":"pronunciation"},{"start_time":"131.13","end_time":"131.37","alternatives":[{"confidence":"0.9164","content":"대로"}],"type":"pronunciation"},{"start_time":"131.37","end_time":"131.96","alternatives":[{"confidence":"0.8758","content":"그냥"}],"type":"pronunciation"},{"start_time":"132.45","end_time":"132.79","alternatives":[{"confidence":"0.07619999999999999","content":"살자"}],"type":"pronunciation"},{"start_time":"132.79","end_time":"133.56","alternatives":[{"confidence":"0.7777","content":"해드릴게요"}],"type":"pronunciation"},{"alternatives":[{"confidence":"0.0","content":"."}],"type":"punctuation"},{"start_time":"137.03","end_time":"137.3","alternatives":[{"confidence":"0.895","content":"높게"}],"type":"pronunciation"},{"start_time":"137.3","end_time":"137.63","alternatives":[{"confidence":"0.6973","content":"말씀해"}],"type":"pronunciation"},{"start_time":"137.63","end_time":"138.55","alternatives":[{"confidence":"1.0","content":"주시겠습니까"}],"type":"pronunciation"},{"alternatives":[{"confidence":"0.0","content":"?"}],"type":"punctuation"},{"start_time":"140.64","end_time":"140.98","alternatives":[{"confidence":"0.9932","content":"지금"}],"type":"pronunciation"},{"start_time":"140.98","end_time":"141.19","alternatives":[{"confidence":"0.9988","content":"바로"}],"type":"pronunciation"},{"start_time":"141.19","end_time":"141.56","alternatives":[{"confidence":"0.9999","content":"입금할"}],"type":"pronunciation"},{"start_time":"141.56","end_time":"141.65","alternatives":[{"confidence":"0.9999","content":"수"}],"type":"pronunciation"},{"start_time":"141.65","end_time":"142.16","alternatives":[{"confidence":"0.998","content":"있고요"}],"type":"pronunciation"},{"alternatives":[{"confidence":"0.0","content":"."}],"type":"punctuation"},{"start_time":"144.54","end_time":"145.27","alternatives":[{"confidence":"0.99565","content":"뱅킹으로"}],"type":"pronunciation"},{"start_time":"145.27","end_time":"145.44","alternatives":[{"confidence":"0.7815","content":"하는"}],"type":"pronunciation"},{"start_time":"145.44","end_time":"146.07","alternatives":[{"confidence":"0.5929","content":"거지요"}],"type":"pronunciation"},{"alternatives":[{"confidence":"0.0","content":"."}],"type":"punctuation"},{"start_time":"150.05","end_time":"150.27","alternatives":[{"confidence":"0.6402","content":"그런"}],"type":"pronunciation"},{"start_time":"150.39","end_time":"151.14","alternatives":[{"confidence":"0.7471333333333333","content":"계좌번호을"}],"type":"pronunciation"},{"start_time":"151.14","end_time":"152.07","alternatives":[{"confidence":"0.9551499999999999","content":"보내드리겠습니다"}],"type":"pronunciation"},{"alternatives":[{"confidence":"0.0","content":"."}],"type":"punctuation"},{"start_time":"152.54","end_time":"152.67","alternatives":[{"confidence":"0.9788","content":"그"}],"type":"pronunciation"},{"start_time":"152.67","end_time":"153.94","alternatives":[{"confidence":"1.0","content":"입금하시고"}],"type":"pronunciation"},{"start_time":"154.06","end_time":"154.44","alternatives":[{"confidence":"0.5378","content":"연락"}],"type":"pronunciation"},{"start_time":"154.44","end_time":"154.8","alternatives":[{"confidence":"0.9996","content":"주시면"}],"type":"pronunciation"},{"start_time":"154.8","end_time":"155.02","alternatives":[{"confidence":"0.9998","content":"제가"}],"type":"pronunciation"},{"start_time":"155.02","end_time":"155.46","alternatives":[{"confidence":"0.5944","content":"확인만"}],"type":"pronunciation"},{"start_time":"155.46","end_time":"155.96","alternatives":[{"confidence":"0.6185499999999999","content":"되는대로"}],"type":"pronunciation"},{"start_time":"156.66","end_time":"157.07","alternatives":[{"confidence":"0.999","content":"지우는"}],"type":"pronunciation"},{"start_time":"157.07","end_time":"157.44","alternatives":[{"confidence":"1.0","content":"모습을"}],"type":"pronunciation"},{"start_time":"157.44","end_time":"157.75","alternatives":[{"confidence":"1.0","content":"찍어서"}],"type":"pronunciation"},{"start_time":"157.75","end_time":"158.77","alternatives":[{"confidence":"0.96","content":"보여드렸지요"}],"type":"pronunciation"},{"start_time":"158.92","end_time":"159.22","alternatives":[{"confidence":"0.9957","content":"어떻게"}],"type":"pronunciation"},{"start_time":"159.22","end_time":"159.36","alternatives":[{"confidence":"0.9931","content":"할"}],"type":"pronunciation"},{"start_time":"159.36","end_time":"159.46","alternatives":[{"confidence":"0.9934","content":"수"}],"type":"pronunciation"},{"start_time":"159.46","end_time":"160.93","alternatives":[{"confidence":"0.9997","content":"있지요"}],"type":"pronunciation"},{"alternatives":[{"confidence":"0.0","content":"?"}],"type":"punctuation"},{"start_time":"161.59","end_time":"161.77","alternatives":[{"confidence":"0.9617","content":"제가"}],"type":"pronunciation"},{"start_time":"161.77","end_time":"162.2","alternatives":[{"confidence":"0.8031","content":"잠시만"}],"type":"pronunciation"},{"start_time":"162.2","end_time":"162.34","alternatives":[{"confidence":"0.1961","content":"이제"}],"type":"pronunciation"},{"start_time":"162.37","end_time":"162.62","alternatives":[{"confidence":"1.0","content":"일단"}],"type":"pronunciation"},{"start_time":"162.62","end_time":"163.35","alternatives":[{"confidence":"0.9982","content":"계좌번호를"}],"type":"pronunciation"},{"start_time":"163.35","end_time":"163.92","alternatives":[{"confidence":"0.9008","content":"제가"}],"type":"pronunciation"},{"start_time":"166.44","end_time":"166.53","alternatives":[{"confidence":"0.6286","content":"를"}],"type":"pronunciation"},{"start_time":"166.53","end_time":"167.29","alternatives":[{"confidence":"0.9733999999999999","content":"보내드렸지요"}],"type":"pronunciation"},{"start_time":"167.44","end_time":"167.81","alternatives":[{"confidence":"0.9991","content":"잠시만"}],"type":"pronunciation"},{"start_time":"167.81","end_time":"168.1","alternatives":[{"confidence":"0.5525","content":"기다려"}],"type":"pronunciation"},{"start_time":"168.1","end_time":"168.86","alternatives":[{"confidence":"0.9999","content":"주세요"}],"type":"pronunciation"},{"alternatives":[{"confidence":"0.0","content":"."}],"type":"punctuation"}]},"status":"COMPLETED"}