{"jobName":"transcribe_loan87","accountId":"097989105209","results":{"transcripts":[{"transcript":"일단은 생긴 결과나오셔서 연락을 드렸고요 지금 금액권은 제가 최초의 되어 들인 가족 결과 좀 인격이신가요 이천사백 만원에 칠점오프로 말씀드렸잖아요. 지금 금액권을 기존과 동일하게 내려오셨는데요. 그런데 고객님께서는 현재 정상생긴 것 아니시고 좀 죄송한 말씀이지만 지금 조건부승인 권으로 나와 계시거든요. 이게 월소득 대비 능력, 그리고 조회건수 같은 게 이제 합산돼서 고객님들 개개인이 가지실 수 있는 채무한도가 있으실 지금 현재 고객님께서는 그 한도가 가득 차 있는 상태돼요 이제 총부채상환비율 DT초과가 되셔서 사실은 지금 부결권으로 나오셨는데 다른 부분에 있어서 문제가 없으셔서 제가 심각과에서 직접 조건부 승인권으로 조율을 해온 거고요"}],"items":[{"start_time":"0.56","end_time":"0.98","alternatives":[{"confidence":"1.0","content":"일단은"}],"type":"pronunciation"},{"start_time":"0.98","end_time":"1.24","alternatives":[{"confidence":"0.4891","content":"생긴"}],"type":"pronunciation"},{"start_time":"1.24","end_time":"2.23","alternatives":[{"confidence":"0.7749","content":"결과나오셔서"}],"type":"pronunciation"},{"start_time":"2.23","end_time":"2.5","alternatives":[{"confidence":"0.7176","content":"연락을"}],"type":"pronunciation"},{"start_time":"2.59","end_time":"3.3","alternatives":[{"confidence":"0.9958","content":"드렸고요"}],"type":"pronunciation"},{"start_time":"3.36","end_time":"3.8","alternatives":[{"confidence":"0.9851","content":"지금"}],"type":"pronunciation"},{"start_time":"3.8","end_time":"4.91","alternatives":[{"confidence":"0.9949","content":"금액권은"}],"type":"pronunciation"},{"start_time":"4.91","end_time":"5.1","alternatives":[{"confidence":"0.9905","content":"제가"}],"type":"pronunciation"},{"start_time":"5.1","end_time":"5.38","alternatives":[{"confidence":"0.7749","content":"최초의"}],"type":"pronunciation"},{"start_time":"5.38","end_time":"5.55","alternatives":[{"confidence":"0.6825","content":"되어"}],"type":"pronunciation"},{"start_time":"5.55","end_time":"5.73","alternatives":[{"confidence":"0.3952","content":"들인"}],"type":"pronunciation"},{"start_time":"5.73","end_time":"6.02","alternatives":[{"confidence":"0.2862","content":"가족"}],"type":"pronunciation"},{"start_time":"6.02","end_time":"6.24","alternatives":[{"confidence":"0.6475","content":"결과"}],"type":"pronunciation"},{"start_time":"6.24","end_time":"6.37","alternatives":[{"confidence":"0.9924","content":"좀"}],"type":"pronunciation"},{"start_time":"6.37","end_time":"7.12","alternatives":[{"confidence":"0.7427333333333334","content":"인격이신가요"}],"type":"pronunciation"},{"start_time":"7.72","end_time":"8.31","alternatives":[{"confidence":"0.9453499999999999","content":"이천사백"}],"type":"pronunciation"},{"start_time":"8.31","end_time":"8.71","alternatives":[{"confidence":"0.6277","content":"만원에"}],"type":"pronunciation"},{"start_time":"8.71","end_time":"9.3","alternatives":[{"confidence":"0.579975","content":"칠점오프로"}],"type":"pronunciation"},{"start_time":"9.3","end_time":"10.15","alternatives":[{"confidence":"0.9460500000000001","content":"말씀드렸잖아요"}],"type":"pronunciation"},{"alternatives":[{"confidence":"0.0","content":"."}],"type":"punctuation"},{"start_time":"10.42","end_time":"10.69","alternatives":[{"confidence":"0.8916","content":"지금"}],"type":"pronunciation"},{"start_time":"10.69","end_time":"11.35","alternatives":[{"confidence":"0.99795","content":"금액권을"}],"type":"pronunciation"},{"start_time":"11.35","end_time":"11.73","alternatives":[{"confidence":"0.8511500000000001","content":"기존과"}],"type":"pronunciation"},{"start_time":"11.73","end_time":"12.23","alternatives":[{"confidence":"1.0","content":"동일하게"}],"type":"pronunciation"},{"start_time":"12.23","end_time":"13.28","alternatives":[{"confidence":"0.6675999999999999","content":"내려오셨는데요"}],"type":"pronunciation"},{"alternatives":[{"confidence":"0.0","content":"."}],"type":"punctuation"},{"start_time":"13.43","end_time":"13.71","alternatives":[{"confidence":"1.0","content":"그런데"}],"type":"pronunciation"},{"start_time":"13.71","end_time":"14.41","alternatives":[{"confidence":"0.481","content":"고객님께서는"}],"type":"pronunciation"},{"start_time":"14.41","end_time":"14.65","alternatives":[{"confidence":"0.9901","content":"현재"}],"type":"pronunciation"},{"start_time":"14.65","end_time":"15.23","alternatives":[{"confidence":"0.6348","content":"정상생긴"}],"type":"pronunciation"},{"start_time":"15.23","end_time":"15.4","alternatives":[{"confidence":"0.9464","content":"것"}],"type":"pronunciation"},{"start_time":"15.4","end_time":"15.95","alternatives":[{"confidence":"0.9968","content":"아니시고"}],"type":"pronunciation"},{"start_time":"15.95","end_time":"16.09","alternatives":[{"confidence":"0.9996","content":"좀"}],"type":"pronunciation"},{"start_time":"16.1","end_time":"16.43","alternatives":[{"confidence":"1.0","content":"죄송한"}],"type":"pronunciation"},{"start_time":"16.43","end_time":"16.98","alternatives":[{"confidence":"1.0","content":"말씀이지만"}],"type":"pronunciation"},{"start_time":"16.98","end_time":"17.15","alternatives":[{"confidence":"0.9676","content":"지금"}],"type":"pronunciation"},{"start_time":"17.15","end_time":"17.82","alternatives":[{"confidence":"0.6181333333333333","content":"조건부승인"}],"type":"pronunciation"},{"start_time":"17.82","end_time":"18.06","alternatives":[{"confidence":"0.8763","content":"권으로"}],"type":"pronunciation"},{"start_time":"18.06","end_time":"18.23","alternatives":[{"confidence":"0.8795","content":"나와"}],"type":"pronunciation"},{"start_time":"18.23","end_time":"18.9","alternatives":[{"confidence":"1.0","content":"계시거든요"}],"type":"pronunciation"},{"alternatives":[{"confidence":"0.0","content":"."}],"type":"punctuation"},{"start_time":"19.02","end_time":"19.33","alternatives":[{"confidence":"0.999","content":"이게"}],"type":"pronunciation"},{"start_time":"19.33","end_time":"19.8","alternatives":[{"confidence":"0.5681","content":"월소득"}],"type":"pronunciation"},{"start_time":"19.8","end_time":"20.09","alternatives":[{"confidence":"0.9184","content":"대비"}],"type":"pronunciation"},{"start_time":"20.565","end_time":"21.025","alternatives":[{"confidence":"0.7987","content":"능력"}],"type":"pronunciation"},{"alternatives":[{"confidence":"0.0","content":","}],"type":"punctuation"},{"start_time":"21.155","end_time":"21.425","alternatives":[{"confidence":"0.9975","content":"그리고"}],"type":"pronunciation"},{"start_time":"21.425","end_time":"22.035","alternatives":[{"confidence":"0.6617333333333333","content":"조회건수"}],"type":"pronunciation"},{"start_time":"22.035","end_time":"22.285","alternatives":[{"confidence":"0.9134","content":"같은"}],"type":"pronunciation"},{"start_time":"22.285","end_time":"22.385","alternatives":[{"confidence":"0.9049","content":"게"}],"type":"pronunciation"},{"start_time":"22.385","end_time":"22.495","alternatives":[{"confidence":"0.9763","content":"이제"}],"type":"pronunciation"},{"start_time":"22.495","end_time":"23.445","alternatives":[{"confidence":"0.9999","content":"합산돼서"}],"type":"pronunciation"},{"start_time":"23.635","end_time":"24.105","alternatives":[{"confidence":"0.90945","content":"고객님들"}],"type":"pronunciation"},{"start_time":"24.105","end_time":"24.545","alternatives":[{"confidence":"0.98465","content":"개개인이"}],"type":"pronunciation"},{"start_time":"24.545","end_time":"24.975","alternatives":[{"confidence":"0.88905","content":"가지실"}],"type":"pronunciation"},{"start_time":"24.975","end_time":"25.075","alternatives":[{"confidence":"0.977","content":"수"}],"type":"pronunciation"},{"start_time":"25.075","end_time":"25.265","alternatives":[{"confidence":"0.9889","content":"있는"}],"type":"pronunciation"},{"start_time":"25.265","end_time":"25.885","alternatives":[{"confidence":"0.9954333333333333","content":"채무한도가"}],"type":"pronunciation"},{"start_time":"25.885","end_time":"26.225","alternatives":[{"confidence":"0.22974999999999998","content":"있으실"}],"type":"pronunciation"},{"start_time":"26.345","end_time":"26.565","alternatives":[{"confidence":"0.9902","content":"지금"}],"type":"pronunciation"},{"start_time":"26.565","end_time":"27.075","alternatives":[{"confidence":"0.9442","content":"현재"}],"type":"pronunciation"},{"start_time":"27.075","end_time":"27.715","alternatives":[{"confidence":"0.67315","content":"고객님께서는"}],"type":"pronunciation"},{"start_time":"27.715","end_time":"27.895","alternatives":[{"confidence":"0.4928","content":"그"}],"type":"pronunciation"},{"start_time":"27.925","end_time":"28.685","alternatives":[{"confidence":"0.9238999999999999","content":"한도가"}],"type":"pronunciation"},{"start_time":"28.685","end_time":"28.945","alternatives":[{"confidence":"0.4376","content":"가득"}],"type":"pronunciation"},{"start_time":"28.945","end_time":"29.065","alternatives":[{"confidence":"0.4756","content":"차"}],"type":"pronunciation"},{"start_time":"29.065","end_time":"29.245","alternatives":[{"confidence":"0.9815","content":"있는"}],"type":"pronunciation"},{"start_time":"29.245","end_time":"29.975","alternatives":[{"confidence":"0.74025","content":"상태돼요"}],"type":"pronunciation"},{"start_time":"30.005","end_time":"30.125","alternatives":[{"confidence":"0.3445","content":"이제"}],"type":"pronunciation"},{"start_time":"30.135","end_time":"30.815","alternatives":[{"confidence":"0.996325","content":"총부채상환비율"}],"type":"pronunciation"},{"start_time":"30.815","end_time":"31.585","alternatives":[{"confidence":"0.7565","content":"DT초과가"}],"type":"pronunciation"},{"start_time":"31.585","end_time":"32.255","alternatives":[{"confidence":"0.98805","content":"되셔서"}],"type":"pronunciation"},{"start_time":"32.525","end_time":"33.255","alternatives":[{"confidence":"1.0","content":"사실은"}],"type":"pronunciation"},{"start_time":"33.255","end_time":"33.465","alternatives":[{"confidence":"0.957","content":"지금"}],"type":"pronunciation"},{"start_time":"33.465","end_time":"33.995","alternatives":[{"confidence":"0.9977","content":"부결권으로"}],"type":"pronunciation"},{"start_time":"33.995","end_time":"34.935","alternatives":[{"confidence":"0.9998","content":"나오셨는데"}],"type":"pronunciation"},{"start_time":"35.475","end_time":"35.765","alternatives":[{"confidence":"0.9759","content":"다른"}],"type":"pronunciation"},{"start_time":"35.765","end_time":"36.045","alternatives":[{"confidence":"0.999","content":"부분에"}],"type":"pronunciation"},{"start_time":"36.045","end_time":"36.285","alternatives":[{"confidence":"0.9949","content":"있어서"}],"type":"pronunciation"},{"start_time":"36.285","end_time":"36.615","alternatives":[{"confidence":"0.9813","content":"문제가"}],"type":"pronunciation"},{"start_time":"36.615","end_time":"36.985","alternatives":[{"confidence":"0.8892","content":"없으셔서"}],"type":"pronunciation"},{"start_time":"36.985","end_time":"37.195","alternatives":[{"confidence":"0.9895","content":"제가"}],"type":"pronunciation"},{"start_time":"37.195","end_time":"37.775","alternatives":[{"confidence":"0.8139","content":"심각과에서"}],"type":"pronunciation"},{"start_time":"37.775","end_time":"38.045","alternatives":[{"confidence":"0.9894","content":"직접"}],"type":"pronunciation"},{"start_time":"38.045","end_time":"38.405","alternatives":[{"confidence":"0.9832","content":"조건부"}],"type":"pronunciation"},{"start_time":"38.405","end_time":"38.995","alternatives":[{"confidence":"0.9023","content":"승인권으로"}],"type":"pronunciation"},{"start_time":"38.995","end_time":"39.335","alternatives":[{"confidence":"0.9964500000000001","content":"조율을"}],"type":"pronunciation"},{"start_time":"39.335","end_time":"39.525","alternatives":[{"confidence":"0.632","content":"해온"}],"type":"pronunciation"},{"start_time":"39.525","end_time":"40.145","alternatives":[{"confidence":"0.95275","content":"거고요"}],"type":"pronunciation"}]},"status":"COMPLETED"}