{"jobName":"transcribe_loan8","accountId":"097989105209","results":{"transcripts":[{"transcript":"그래서 대출금나가신 이후에 이제 고객님은행권이나 금융권관련해서는 전산그 원래 다 이제 통합으로 신탁과 부분이라든지 그런 부분에서는 통합돼서 이제 전산전산만 확인이 가능하시거든요. 어. 근데 이제 삭제된 이후에는 고객님뭐 전혀 확인할 수 있는 방법이 없어서 이거는 아무래도 고객님그 쪽은 받으신 이후에는 뭐 신용 평점. 지금 하락되신 문제가 아니라 신용평점 뭐 다시 정상적으로 올라가는 것을 더 플러스 되시면서 내년 그 초반 뒤에는 신용도까지 빠르게 올라가실 수 있는 그런 상황이세요. 예. 그래서 지금 다른 건 전화는 그 전산중에는. 절대로 전화 받으시면 안 되니까. 예. 그거 참고하시고. 이거 지금 그 최대한도로 책정되셨잖아요. 네. 지금까지 계속 나이가 빨리빨리 이라고. 예. 고객님아직 연락 들어가시거나 이런 건 없으니까 따로 그러면요. 제가 일단 그 지금 삭제스케줄을 그 제가 그 고객님하고 통화 끊고 바로 연락드리기로 해놨어요 오분부터 좀 삭제를 해달라고 좀 말씀 스케줄을 잡아 놓은 상태라서 그때 만약에 삭제가 들어가면 대출금은 그 오십 분 오십 분에서 일곱시 안쪽으로는 작은 받으실 수 있는 그런 시간대되실 것 같고요. 이게 원래는 고객님자금이 이게 삭제가 되더라도 그러니까 정상적인 거면은 순차적으로 받으시는 거라서 예. 시간을 제가 조정을 할 수가 없는데 이거는 전산삭제 후에 영업팀에서 제일 이쪽으로 서류를 올려서 저희 장치로 올라가는 큰일 나니깐요 또 올라가면 안 되시니까 그렇게 진행되신다는 거 알고 계시고요. 잠깐만요. 또 지금 계속 오는데 아이고 아 여튼 제가 그쪽하고 좀 통화를 할게요. 고객님이거는 조금 그 우리 적인 방법이라서 에서 전산보시는 분이거든요 전산좀 안 주시는 거에요. 그래서 고객님하고 좀 전환알고 있어야 되는데 이거 좀 비밀을 지켜 주실 수 있는 거죠? 알겠습니다. 그러면요 제가 그 그쪽이랑 좀 잠깐 바로 통화하고 다시 연락드릴게요."}],"items":[{"start_time":"0.57","end_time":"0.99","alternatives":[{"confidence":"0.9996","content":"그래서"}],"type":"pronunciation"},{"start_time":"1.19","end_time":"2.32","alternatives":[{"confidence":"0.9785666666666667","content":"대출금나가신"}],"type":"pronunciation"},{"start_time":"2.32","end_time":"3.18","alternatives":[{"confidence":"1.0","content":"이후에"}],"type":"pronunciation"},{"start_time":"3.19","end_time":"3.44","alternatives":[{"confidence":"0.7521","content":"이제"}],"type":"pronunciation"},{"start_time":"3.47","end_time":"5.05","alternatives":[{"confidence":"0.9975999999999999","content":"고객님은행권이나"}],"type":"pronunciation"},{"start_time":"5.05","end_time":"6.48","alternatives":[{"confidence":"0.9823999999999999","content":"금융권관련해서는"}],"type":"pronunciation"},{"start_time":"6.49","end_time":"7.36","alternatives":[{"confidence":"0.7287","content":"전산그"}],"type":"pronunciation"},{"start_time":"7.36","end_time":"7.61","alternatives":[{"confidence":"0.9946","content":"원래"}],"type":"pronunciation"},{"start_time":"7.61","end_time":"8.04","alternatives":[{"confidence":"0.9747","content":"다"}],"type":"pronunciation"},{"start_time":"8.04","end_time":"8.21","alternatives":[{"confidence":"0.9972","content":"이제"}],"type":"pronunciation"},{"start_time":"8.22","end_time":"9.53","alternatives":[{"confidence":"0.9956","content":"통합으로"}],"type":"pronunciation"},{"start_time":"9.79","end_time":"10.55","alternatives":[{"confidence":"0.98855","content":"신탁과"}],"type":"pronunciation"},{"start_time":"10.55","end_time":"11.58","alternatives":[{"confidence":"0.9588","content":"부분이라든지"}],"type":"pronunciation"},{"start_time":"11.58","end_time":"11.82","alternatives":[{"confidence":"1.0","content":"그런"}],"type":"pronunciation"},{"start_time":"11.82","end_time":"12.36","alternatives":[{"confidence":"1.0","content":"부분에서는"}],"type":"pronunciation"},{"start_time":"12.72","end_time":"13.33","alternatives":[{"confidence":"0.8879","content":"통합돼서"}],"type":"pronunciation"},{"start_time":"13.33","end_time":"13.43","alternatives":[{"confidence":"0.7424","content":"이제"}],"type":"pronunciation"},{"start_time":"13.44","end_time":"14.54","alternatives":[{"confidence":"0.9447333333333333","content":"전산전산만"}],"type":"pronunciation"},{"start_time":"14.54","end_time":"14.85","alternatives":[{"confidence":"0.9996","content":"확인이"}],"type":"pronunciation"},{"start_time":"14.85","end_time":"16.32","alternatives":[{"confidence":"0.9998666666666667","content":"가능하시거든요"}],"type":"pronunciation"},{"alternatives":[{"confidence":"0.0","content":"."}],"type":"punctuation"},{"start_time":"16.44","end_time":"16.53","alternatives":[{"confidence":"0.5722","content":"어"}],"type":"pronunciation"},{"alternatives":[{"confidence":"0.0","content":"."}],"type":"punctuation"},{"start_time":"16.53","end_time":"16.81","alternatives":[{"confidence":"0.9988","content":"근데"}],"type":"pronunciation"},{"start_time":"16.81","end_time":"16.96","alternatives":[{"confidence":"0.9954","content":"이제"}],"type":"pronunciation"},{"start_time":"16.96","end_time":"17.52","alternatives":[{"confidence":"0.6244","content":"삭제된"}],"type":"pronunciation"},{"start_time":"17.52","end_time":"18.24","alternatives":[{"confidence":"1.0","content":"이후에는"}],"type":"pronunciation"},{"start_time":"18.24","end_time":"19.09","alternatives":[{"confidence":"0.9929","content":"고객님뭐"}],"type":"pronunciation"},{"start_time":"19.1","end_time":"19.43","alternatives":[{"confidence":"0.9996","content":"전혀"}],"type":"pronunciation"},{"start_time":"19.43","end_time":"19.78","alternatives":[{"confidence":"0.995","content":"확인할"}],"type":"pronunciation"},{"start_time":"19.78","end_time":"19.87","alternatives":[{"confidence":"0.9995","content":"수"}],"type":"pronunciation"},{"start_time":"19.87","end_time":"20.04","alternatives":[{"confidence":"0.9995","content":"있는"}],"type":"pronunciation"},{"start_time":"20.04","end_time":"20.37","alternatives":[{"confidence":"1.0","content":"방법이"}],"type":"pronunciation"},{"start_time":"20.37","end_time":"21.38","alternatives":[{"confidence":"0.7283","content":"없어서"}],"type":"pronunciation"},{"start_time":"21.66","end_time":"22.07","alternatives":[{"confidence":"0.8547","content":"이거는"}],"type":"pronunciation"},{"start_time":"22.07","end_time":"22.47","alternatives":[{"confidence":"1.0","content":"아무래도"}],"type":"pronunciation"},{"start_time":"22.47","end_time":"23.7","alternatives":[{"confidence":"0.9944999999999999","content":"고객님그"}],"type":"pronunciation"},{"start_time":"23.8","end_time":"24.02","alternatives":[{"confidence":"0.4211","content":"쪽은"}],"type":"pronunciation"},{"start_time":"24.02","end_time":"24.52","alternatives":[{"confidence":"0.93155","content":"받으신"}],"type":"pronunciation"},{"start_time":"24.52","end_time":"25.07","alternatives":[{"confidence":"0.9997","content":"이후에는"}],"type":"pronunciation"},{"start_time":"25.55","end_time":"25.72","alternatives":[{"confidence":"0.9875","content":"뭐"}],"type":"pronunciation"},{"start_time":"25.73","end_time":"26.27","alternatives":[{"confidence":"0.703","content":"신용"}],"type":"pronunciation"},{"start_time":"26.27","end_time":"26.73","alternatives":[{"confidence":"0.92485","content":"평점"}],"type":"pronunciation"},{"alternatives":[{"confidence":"0.0","content":"."}],"type":"punctuation"},{"start_time":"26.74","end_time":"27.03","alternatives":[{"confidence":"0.9629","content":"지금"}],"type":"pronunciation"},{"start_time":"27.03","end_time":"27.56","alternatives":[{"confidence":"0.90655","content":"하락되신"}],"type":"pronunciation"},{"start_time":"27.56","end_time":"28.18","alternatives":[{"confidence":"1.0","content":"문제가"}],"type":"pronunciation"},{"start_time":"28.19","end_time":"28.86","alternatives":[{"confidence":"0.9997","content":"아니라"}],"type":"pronunciation"},{"start_time":"28.87","end_time":"29.48","alternatives":[{"confidence":"0.3426333333333333","content":"신용평점"}],"type":"pronunciation"},{"start_time":"29.48","end_time":"29.78","alternatives":[{"confidence":"0.968","content":"뭐"}],"type":"pronunciation"},{"start_time":"29.79","end_time":"30.13","alternatives":[{"confidence":"0.9892","content":"다시"}],"type":"pronunciation"},{"start_time":"30.13","end_time":"30.77","alternatives":[{"confidence":"1.0","content":"정상적으로"}],"type":"pronunciation"},{"start_time":"30.77","end_time":"31.25","alternatives":[{"confidence":"0.5928","content":"올라가는"}],"type":"pronunciation"},{"start_time":"31.25","end_time":"31.48","alternatives":[{"confidence":"0.732","content":"것을"}],"type":"pronunciation"},{"start_time":"31.48","end_time":"31.61","alternatives":[{"confidence":"0.9708","content":"더"}],"type":"pronunciation"},{"start_time":"31.61","end_time":"31.95","alternatives":[{"confidence":"0.7854","content":"플러스"}],"type":"pronunciation"},{"start_time":"31.95","end_time":"32.82","alternatives":[{"confidence":"0.82775","content":"되시면서"}],"type":"pronunciation"},{"start_time":"33.82","end_time":"34.34","alternatives":[{"confidence":"0.5073","content":"내년"}],"type":"pronunciation"},{"start_time":"34.34","end_time":"34.92","alternatives":[{"confidence":"0.9225","content":"그"}],"type":"pronunciation"},{"start_time":"34.93","end_time":"35.33","alternatives":[{"confidence":"0.4974","content":"초반"}],"type":"pronunciation"},{"start_time":"35.33","end_time":"36.11","alternatives":[{"confidence":"0.9445","content":"뒤에는"}],"type":"pronunciation"},{"start_time":"36.41","end_time":"37.31","alternatives":[{"confidence":"0.9333","content":"신용도까지"}],"type":"pronunciation"},{"start_time":"37.31","end_time":"37.67","alternatives":[{"confidence":"1.0","content":"빠르게"}],"type":"pronunciation"},{"start_time":"37.67","end_time":"38.23","alternatives":[{"confidence":"0.9993","content":"올라가실"}],"type":"pronunciation"},{"start_time":"38.23","end_time":"38.36","alternatives":[{"confidence":"0.9997","content":"수"}],"type":"pronunciation"},{"start_time":"38.36","end_time":"38.91","alternatives":[{"confidence":"0.9993","content":"있는"}],"type":"pronunciation"},{"start_time":"38.91","end_time":"39.2","alternatives":[{"confidence":"1.0","content":"그런"}],"type":"pronunciation"},{"start_time":"39.5","end_time":"40.63","alternatives":[{"confidence":"0.98355","content":"상황이세요"}],"type":"pronunciation"},{"alternatives":[{"confidence":"0.0","content":"."}],"type":"punctuation"},{"start_time":"41.39","end_time":"41.87","alternatives":[{"confidence":"0.9941","content":"예"}],"type":"pronunciation"},{"alternatives":[{"confidence":"0.0","content":"."}],"type":"punctuation"},{"start_time":"41.88","end_time":"42.36","alternatives":[{"confidence":"0.9914","content":"그래서"}],"type":"pronunciation"},{"start_time":"42.8","end_time":"43.04","alternatives":[{"confidence":"0.9981","content":"지금"}],"type":"pronunciation"},{"start_time":"43.04","end_time":"43.38","alternatives":[{"confidence":"0.9556","content":"다른"}],"type":"pronunciation"},{"start_time":"43.38","end_time":"43.62","alternatives":[{"confidence":"0.9675","content":"건"}],"type":"pronunciation"},{"start_time":"43.65","end_time":"44.41","alternatives":[{"confidence":"0.9811","content":"전화는"}],"type":"pronunciation"},{"start_time":"44.41","end_time":"45.51","alternatives":[{"confidence":"0.9682","content":"그"}],"type":"pronunciation"},{"start_time":"45.52","end_time":"46.55","alternatives":[{"confidence":"0.9056500000000001","content":"전산중에는"}],"type":"pronunciation"},{"alternatives":[{"confidence":"0.0","content":"."}],"type":"punctuation"},{"start_time":"46.55","end_time":"46.97","alternatives":[{"confidence":"0.9807","content":"절대로"}],"type":"pronunciation"},{"start_time":"46.97","end_time":"47.19","alternatives":[{"confidence":"0.5323","content":"전화"}],"type":"pronunciation"},{"start_time":"47.19","end_time":"47.57","alternatives":[{"confidence":"1.0","content":"받으시면"}],"type":"pronunciation"},{"start_time":"47.57","end_time":"47.66","alternatives":[{"confidence":"0.7834","content":"안"}],"type":"pronunciation"},{"start_time":"47.66","end_time":"48.78","alternatives":[{"confidence":"0.9989","content":"되니까"}],"type":"pronunciation"},{"alternatives":[{"confidence":"0.0","content":"."}],"type":"punctuation"},{"start_time":"48.81","end_time":"49.28","alternatives":[{"confidence":"0.9732","content":"예"}],"type":"pronunciation"},{"alternatives":[{"confidence":"0.0","content":"."}],"type":"punctuation"},{"start_time":"49.28","end_time":"49.51","alternatives":[{"confidence":"0.9215","content":"그거"}],"type":"pronunciation"},{"start_time":"49.51","end_time":"50.82","alternatives":[{"confidence":"0.9884999999999999","content":"참고하시고"}],"type":"pronunciation"},{"alternatives":[{"confidence":"0.0","content":"."}],"type":"punctuation"},{"start_time":"51.07","end_time":"51.54","alternatives":[{"confidence":"0.9702","content":"이거"}],"type":"pronunciation"},{"start_time":"51.54","end_time":"51.87","alternatives":[{"confidence":"1.0","content":"지금"}],"type":"pronunciation"},{"start_time":"51.87","end_time":"52.21","alternatives":[{"confidence":"0.9776","content":"그"}],"type":"pronunciation"},{"start_time":"52.22","end_time":"52.8","alternatives":[{"confidence":"0.8414999999999999","content":"최대한도로"}],"type":"pronunciation"},{"start_time":"52.8","end_time":"54.26","alternatives":[{"confidence":"0.9918333333333335","content":"책정되셨잖아요"}],"type":"pronunciation"},{"alternatives":[{"confidence":"0.0","content":"."}],"type":"punctuation"},{"start_time":"54.305","end_time":"55.075","alternatives":[{"confidence":"0.9979","content":"네"}],"type":"pronunciation"},{"alternatives":[{"confidence":"0.0","content":"."}],"type":"punctuation"},{"start_time":"55.105","end_time":"55.565","alternatives":[{"confidence":"0.9983","content":"지금까지"}],"type":"pronunciation"},{"start_time":"55.565","end_time":"55.845","alternatives":[{"confidence":"0.9926","content":"계속"}],"type":"pronunciation"},{"start_time":"55.845","end_time":"56.115","alternatives":[{"confidence":"0.6438","content":"나이가"}],"type":"pronunciation"},{"start_time":"56.395","end_time":"57.015","alternatives":[{"confidence":"0.8102","content":"빨리빨리"}],"type":"pronunciation"},{"start_time":"57.345","end_time":"58.255","alternatives":[{"confidence":"0.4434","content":"이라고"}],"type":"pronunciation"},{"alternatives":[{"confidence":"0.0","content":"."}],"type":"punctuation"},{"start_time":"58.605","end_time":"59.105","alternatives":[{"confidence":"0.9434","content":"예"}],"type":"pronunciation"},{"alternatives":[{"confidence":"0.0","content":"."}],"type":"punctuation"},{"start_time":"59.115","end_time":"59.615","alternatives":[{"confidence":"0.9955499999999999","content":"고객님아직"}],"type":"pronunciation"},{"start_time":"59.615","end_time":"59.885","alternatives":[{"confidence":"0.6807","content":"연락"}],"type":"pronunciation"},{"start_time":"59.895","end_time":"60.425","alternatives":[{"confidence":"0.9970666666666667","content":"들어가시거나"}],"type":"pronunciation"},{"start_time":"60.425","end_time":"60.595","alternatives":[{"confidence":"0.9951","content":"이런"}],"type":"pronunciation"},{"start_time":"60.595","end_time":"60.715","alternatives":[{"confidence":"0.9395","content":"건"}],"type":"pronunciation"},{"start_time":"60.715","end_time":"61.175","alternatives":[{"confidence":"0.9871","content":"없으니까"}],"type":"pronunciation"},{"start_time":"61.175","end_time":"61.705","alternatives":[{"confidence":"0.9489","content":"따로"}],"type":"pronunciation"},{"start_time":"62.865","end_time":"63.695","alternatives":[{"confidence":"0.9922","content":"그러면요"}],"type":"pronunciation"},{"alternatives":[{"confidence":"0.0","content":"."}],"type":"punctuation"},{"start_time":"63.725","end_time":"64.035","alternatives":[{"confidence":"1.0","content":"제가"}],"type":"pronunciation"},{"start_time":"64.035","end_time":"64.345","alternatives":[{"confidence":"0.9996","content":"일단"}],"type":"pronunciation"},{"start_time":"64.345","end_time":"65.045","alternatives":[{"confidence":"0.998","content":"그"}],"type":"pronunciation"},{"start_time":"65.335","end_time":"65.775","alternatives":[{"confidence":"0.9856","content":"지금"}],"type":"pronunciation"},{"start_time":"65.925","end_time":"67.465","alternatives":[{"confidence":"0.83645","content":"삭제스케줄을"}],"type":"pronunciation"},{"start_time":"67.915","end_time":"68.045","alternatives":[{"confidence":"0.955","content":"그"}],"type":"pronunciation"},{"start_time":"68.045","end_time":"68.425","alternatives":[{"confidence":"0.9999","content":"제가"}],"type":"pronunciation"},{"start_time":"68.455","end_time":"68.675","alternatives":[{"confidence":"0.7991","content":"그"}],"type":"pronunciation"},{"start_time":"68.685","end_time":"69.175","alternatives":[{"confidence":"0.9962","content":"고객님하고"}],"type":"pronunciation"},{"start_time":"69.175","end_time":"69.435","alternatives":[{"confidence":"0.8955","content":"통화"}],"type":"pronunciation"},{"start_time":"69.435","end_time":"69.655","alternatives":[{"confidence":"1.0","content":"끊고"}],"type":"pronunciation"},{"start_time":"69.655","end_time":"70.245","alternatives":[{"confidence":"1.0","content":"바로"}],"type":"pronunciation"},{"start_time":"70.245","end_time":"70.945","alternatives":[{"confidence":"0.9007333333333333","content":"연락드리기로"}],"type":"pronunciation"},{"start_time":"70.945","end_time":"72.075","alternatives":[{"confidence":"0.8362","content":"해놨어요"}],"type":"pronunciation"},{"start_time":"72.415","end_time":"73.285","alternatives":[{"confidence":"0.72385","content":"오분부터"}],"type":"pronunciation"},{"start_time":"73.285","end_time":"73.425","alternatives":[{"confidence":"0.6754","content":"좀"}],"type":"pronunciation"},{"start_time":"73.425","end_time":"73.795","alternatives":[{"confidence":"0.9675","content":"삭제를"}],"type":"pronunciation"},{"start_time":"73.795","end_time":"74.255","alternatives":[{"confidence":"0.6852","content":"해달라고"}],"type":"pronunciation"},{"start_time":"74.255","end_time":"74.355","alternatives":[{"confidence":"0.4619","content":"좀"}],"type":"pronunciation"},{"start_time":"74.355","end_time":"74.885","alternatives":[{"confidence":"0.546","content":"말씀"}],"type":"pronunciation"},{"start_time":"75.4","end_time":"75.87","alternatives":[{"confidence":"0.9937","content":"스케줄을"}],"type":"pronunciation"},{"start_time":"75.87","end_time":"76.14","alternatives":[{"confidence":"0.8808","content":"잡아"}],"type":"pronunciation"},{"start_time":"76.14","end_time":"76.36","alternatives":[{"confidence":"0.9993","content":"놓은"}],"type":"pronunciation"},{"start_time":"76.36","end_time":"77.67","alternatives":[{"confidence":"1.0","content":"상태라서"}],"type":"pronunciation"},{"start_time":"78.28","end_time":"78.79","alternatives":[{"confidence":"0.9348","content":"그때"}],"type":"pronunciation"},{"start_time":"78.79","end_time":"79.48","alternatives":[{"confidence":"1.0","content":"만약에"}],"type":"pronunciation"},{"start_time":"79.48","end_time":"79.81","alternatives":[{"confidence":"0.9795","content":"삭제가"}],"type":"pronunciation"},{"start_time":"79.81","end_time":"80.51","alternatives":[{"confidence":"0.9995","content":"들어가면"}],"type":"pronunciation"},{"start_time":"80.51","end_time":"81.52","alternatives":[{"confidence":"0.99975","content":"대출금은"}],"type":"pronunciation"},{"start_time":"81.95","end_time":"83.11","alternatives":[{"confidence":"0.9808","content":"그"}],"type":"pronunciation"},{"start_time":"83.14","end_time":"83.64","alternatives":[{"confidence":"0.7396","content":"오십"}],"type":"pronunciation"},{"start_time":"83.65","end_time":"83.92","alternatives":[{"confidence":"0.9944","content":"분"}],"type":"pronunciation"},{"start_time":"84.26","end_time":"84.59","alternatives":[{"confidence":"0.9371","content":"오십"}],"type":"pronunciation"},{"start_time":"84.59","end_time":"85.25","alternatives":[{"confidence":"0.95875","content":"분에서"}],"type":"pronunciation"},{"start_time":"85.25","end_time":"85.85","alternatives":[{"confidence":"0.65415","content":"일곱시"}],"type":"pronunciation"},{"start_time":"86.18","end_time":"86.92","alternatives":[{"confidence":"0.77385","content":"안쪽으로는"}],"type":"pronunciation"},{"start_time":"86.92","end_time":"87.2","alternatives":[{"confidence":"0.485","content":"작은"}],"type":"pronunciation"},{"start_time":"87.2","end_time":"87.65","alternatives":[{"confidence":"0.9989","content":"받으실"}],"type":"pronunciation"},{"start_time":"87.65","end_time":"87.79","alternatives":[{"confidence":"0.9989","content":"수"}],"type":"pronunciation"},{"start_time":"87.79","end_time":"88.56","alternatives":[{"confidence":"0.998","content":"있는"}],"type":"pronunciation"},{"start_time":"88.56","end_time":"88.85","alternatives":[{"confidence":"0.9843","content":"그런"}],"type":"pronunciation"},{"start_time":"88.85","end_time":"89.68","alternatives":[{"confidence":"0.8182666666666666","content":"시간대되실"}],"type":"pronunciation"},{"start_time":"89.68","end_time":"89.84","alternatives":[{"confidence":"0.7582","content":"것"}],"type":"pronunciation"},{"start_time":"89.84","end_time":"90.93","alternatives":[{"confidence":"0.99695","content":"같고요"}],"type":"pronunciation"},{"alternatives":[{"confidence":"0.0","content":"."}],"type":"punctuation"},{"start_time":"90.94","end_time":"91.29","alternatives":[{"confidence":"0.9999","content":"이게"}],"type":"pronunciation"},{"start_time":"91.29","end_time":"91.88","alternatives":[{"confidence":"0.9995","content":"원래는"}],"type":"pronunciation"},{"start_time":"91.88","end_time":"92.95","alternatives":[{"confidence":"0.9787","content":"고객님자금이"}],"type":"pronunciation"},{"start_time":"92.95","end_time":"93.69","alternatives":[{"confidence":"0.9946","content":"이게"}],"type":"pronunciation"},{"start_time":"93.7","end_time":"94.17","alternatives":[{"confidence":"0.99395","content":"삭제가"}],"type":"pronunciation"},{"start_time":"94.17","end_time":"94.88","alternatives":[{"confidence":"1.0","content":"되더라도"}],"type":"pronunciation"},{"start_time":"94.89","end_time":"95.26","alternatives":[{"confidence":"0.7647","content":"그러니까"}],"type":"pronunciation"},{"start_time":"95.29","end_time":"95.93","alternatives":[{"confidence":"1.0","content":"정상적인"}],"type":"pronunciation"},{"start_time":"95.93","end_time":"96.28","alternatives":[{"confidence":"0.78085","content":"거면은"}],"type":"pronunciation"},{"start_time":"96.28","end_time":"96.78","alternatives":[{"confidence":"0.9991","content":"순차적으로"}],"type":"pronunciation"},{"start_time":"96.78","end_time":"97.27","alternatives":[{"confidence":"0.99905","content":"받으시는"}],"type":"pronunciation"},{"start_time":"97.27","end_time":"98.15","alternatives":[{"confidence":"0.9983","content":"거라서"}],"type":"pronunciation"},{"start_time":"99.1","end_time":"99.58","alternatives":[{"confidence":"0.9612","content":"예"}],"type":"pronunciation"},{"alternatives":[{"confidence":"0.0","content":"."}],"type":"punctuation"},{"start_time":"99.59","end_time":"100.2","alternatives":[{"confidence":"1.0","content":"시간을"}],"type":"pronunciation"},{"start_time":"100.2","end_time":"100.46","alternatives":[{"confidence":"0.9952","content":"제가"}],"type":"pronunciation"},{"start_time":"100.46","end_time":"100.84","alternatives":[{"confidence":"0.9202","content":"조정을"}],"type":"pronunciation"},{"start_time":"100.84","end_time":"100.95","alternatives":[{"confidence":"0.9787","content":"할"}],"type":"pronunciation"},{"start_time":"100.95","end_time":"101.13","alternatives":[{"confidence":"0.9986","content":"수가"}],"type":"pronunciation"},{"start_time":"101.13","end_time":"102.08","alternatives":[{"confidence":"0.9998","content":"없는데"}],"type":"pronunciation"},{"start_time":"102.17","end_time":"102.57","alternatives":[{"confidence":"0.9641","content":"이거는"}],"type":"pronunciation"},{"start_time":"102.57","end_time":"103.29","alternatives":[{"confidence":"0.7885","content":"전산삭제"}],"type":"pronunciation"},{"start_time":"103.29","end_time":"104.05","alternatives":[{"confidence":"1.0","content":"후에"}],"type":"pronunciation"},{"start_time":"104.47","end_time":"105.48","alternatives":[{"confidence":"0.9681500000000001","content":"영업팀에서"}],"type":"pronunciation"},{"start_time":"105.48","end_time":"105.91","alternatives":[{"confidence":"0.9946","content":"제일"}],"type":"pronunciation"},{"start_time":"105.91","end_time":"106.34","alternatives":[{"confidence":"0.9728","content":"이쪽으로"}],"type":"pronunciation"},{"start_time":"106.34","end_time":"106.69","alternatives":[{"confidence":"0.9917","content":"서류를"}],"type":"pronunciation"},{"start_time":"106.69","end_time":"107.35","alternatives":[{"confidence":"1.0","content":"올려서"}],"type":"pronunciation"},{"start_time":"107.36","end_time":"107.55","alternatives":[{"confidence":"0.4574","content":"저희"}],"type":"pronunciation"},{"start_time":"107.55","end_time":"107.93","alternatives":[{"confidence":"0.9933","content":"장치로"}],"type":"pronunciation"},{"start_time":"107.93","end_time":"108.59","alternatives":[{"confidence":"0.9996","content":"올라가는"}],"type":"pronunciation"},{"start_time":"108.59","end_time":"108.83","alternatives":[{"confidence":"0.6683","content":"큰일"}],"type":"pronunciation"},{"start_time":"108.83","end_time":"110.08","alternatives":[{"confidence":"0.8034","content":"나니깐요"}],"type":"pronunciation"},{"start_time":"110.58","end_time":"110.77","alternatives":[{"confidence":"0.9795","content":"또"}],"type":"pronunciation"},{"start_time":"110.77","end_time":"111.2","alternatives":[{"confidence":"0.9963","content":"올라가면"}],"type":"pronunciation"},{"start_time":"111.2","end_time":"111.31","alternatives":[{"confidence":"0.9895","content":"안"}],"type":"pronunciation"},{"start_time":"111.31","end_time":"112.05","alternatives":[{"confidence":"0.9985999999999999","content":"되시니까"}],"type":"pronunciation"},{"start_time":"112.38","end_time":"112.87","alternatives":[{"confidence":"0.9903","content":"그렇게"}],"type":"pronunciation"},{"start_time":"112.9","end_time":"113.69","alternatives":[{"confidence":"0.8434999999999999","content":"진행되신다는"}],"type":"pronunciation"},{"start_time":"113.69","end_time":"113.77","alternatives":[{"confidence":"0.9637","content":"거"}],"type":"pronunciation"},{"start_time":"113.77","end_time":"113.98","alternatives":[{"confidence":"0.9974","content":"알고"}],"type":"pronunciation"},{"start_time":"113.98","end_time":"115.11","alternatives":[{"confidence":"0.9954000000000001","content":"계시고요"}],"type":"pronunciation"},{"alternatives":[{"confidence":"0.0","content":"."}],"type":"punctuation"},{"start_time":"115.14","end_time":"115.89","alternatives":[{"confidence":"0.5915","content":"잠깐만요"}],"type":"pronunciation"},{"alternatives":[{"confidence":"0.0","content":"."}],"type":"punctuation"},{"start_time":"115.89","end_time":"116.14","alternatives":[{"confidence":"0.735","content":"또"}],"type":"pronunciation"},{"start_time":"116.14","end_time":"116.44","alternatives":[{"confidence":"0.9987","content":"지금"}],"type":"pronunciation"},{"start_time":"116.44","end_time":"116.69","alternatives":[{"confidence":"0.9956","content":"계속"}],"type":"pronunciation"},{"start_time":"117.28","end_time":"117.76","alternatives":[{"confidence":"0.8424","content":"오는데"}],"type":"pronunciation"},{"start_time":"117.76","end_time":"118.13","alternatives":[{"confidence":"0.988","content":"아이고"}],"type":"pronunciation"},{"start_time":"119.62","end_time":"119.86","alternatives":[{"confidence":"0.9686","content":"아"}],"type":"pronunciation"},{"start_time":"119.86","end_time":"120.16","alternatives":[{"confidence":"0.4825","content":"여튼"}],"type":"pronunciation"},{"start_time":"120.16","end_time":"120.39","alternatives":[{"confidence":"0.999","content":"제가"}],"type":"pronunciation"},{"start_time":"120.39","end_time":"121.42","alternatives":[{"confidence":"0.90245","content":"그쪽하고"}],"type":"pronunciation"},{"start_time":"121.42","end_time":"121.57","alternatives":[{"confidence":"0.973","content":"좀"}],"type":"pronunciation"},{"start_time":"121.57","end_time":"121.93","alternatives":[{"confidence":"0.982","content":"통화를"}],"type":"pronunciation"},{"start_time":"121.93","end_time":"122.98","alternatives":[{"confidence":"0.8922","content":"할게요"}],"type":"pronunciation"},{"alternatives":[{"confidence":"0.0","content":"."}],"type":"punctuation"},{"start_time":"123.1","end_time":"124.11","alternatives":[{"confidence":"0.9994000000000001","content":"고객님이거는"}],"type":"pronunciation"},{"start_time":"124.11","end_time":"124.78","alternatives":[{"confidence":"0.9996","content":"조금"}],"type":"pronunciation"},{"start_time":"124.78","end_time":"125.61","alternatives":[{"confidence":"0.9916","content":"그"}],"type":"pronunciation"},{"start_time":"125.64","end_time":"126.09","alternatives":[{"confidence":"0.3904","content":"우리"}],"type":"pronunciation"},{"start_time":"126.17","end_time":"126.41","alternatives":[{"confidence":"0.9921","content":"적인"}],"type":"pronunciation"},{"start_time":"126.41","end_time":"127.2","alternatives":[{"confidence":"0.95715","content":"방법이라서"}],"type":"pronunciation"},{"start_time":"129.1","end_time":"129.27","alternatives":[{"confidence":"0.6784","content":"에서"}],"type":"pronunciation"},{"start_time":"129.27","end_time":"130.56","alternatives":[{"confidence":"0.8148500000000001","content":"전산보시는"}],"type":"pronunciation"},{"start_time":"130.56","end_time":"131.08","alternatives":[{"confidence":"0.9786","content":"분이거든요"}],"type":"pronunciation"},{"start_time":"131.09","end_time":"131.74","alternatives":[{"confidence":"0.9110499999999999","content":"전산좀"}],"type":"pronunciation"},{"start_time":"131.75","end_time":"131.95","alternatives":[{"confidence":"0.7681","content":"안"}],"type":"pronunciation"},{"start_time":"131.95","end_time":"132.33","alternatives":[{"confidence":"0.9422","content":"주시는"}],"type":"pronunciation"},{"start_time":"132.33","end_time":"133.64","alternatives":[{"confidence":"0.9915","content":"거에요"}],"type":"pronunciation"},{"alternatives":[{"confidence":"0.0","content":"."}],"type":"punctuation"},{"start_time":"133.73","end_time":"134.03","alternatives":[{"confidence":"1.0","content":"그래서"}],"type":"pronunciation"},{"start_time":"134.03","end_time":"134.58","alternatives":[{"confidence":"0.80705","content":"고객님하고"}],"type":"pronunciation"},{"start_time":"134.58","end_time":"134.72","alternatives":[{"confidence":"0.6001","content":"좀"}],"type":"pronunciation"},{"start_time":"134.75","end_time":"135.35","alternatives":[{"confidence":"0.6735","content":"전환알고"}],"type":"pronunciation"},{"start_time":"135.35","end_time":"135.68","alternatives":[{"confidence":"0.9974","content":"있어야"}],"type":"pronunciation"},{"start_time":"135.68","end_time":"136.25","alternatives":[{"confidence":"0.9995","content":"되는데"}],"type":"pronunciation"},{"start_time":"136.28","end_time":"136.52","alternatives":[{"confidence":"0.8966","content":"이거"}],"type":"pronunciation"},{"start_time":"136.52","end_time":"136.98","alternatives":[{"confidence":"0.9946","content":"좀"}],"type":"pronunciation"},{"start_time":"137.04","end_time":"137.52","alternatives":[{"confidence":"0.8584","content":"비밀을"}],"type":"pronunciation"},{"start_time":"137.52","end_time":"137.79","alternatives":[{"confidence":"0.5247","content":"지켜"}],"type":"pronunciation"},{"start_time":"137.79","end_time":"138.06","alternatives":[{"confidence":"0.7944","content":"주실"}],"type":"pronunciation"},{"start_time":"138.06","end_time":"138.19","alternatives":[{"confidence":"0.9943","content":"수"}],"type":"pronunciation"},{"start_time":"138.19","end_time":"138.41","alternatives":[{"confidence":"0.9009","content":"있는"}],"type":"pronunciation"},{"start_time":"138.41","end_time":"139.1","alternatives":[{"confidence":"0.9011","content":"거죠"}],"type":"pronunciation"},{"alternatives":[{"confidence":"0.0","content":"?"}],"type":"punctuation"},{"start_time":"139.99","end_time":"140.72","alternatives":[{"confidence":"1.0","content":"알겠습니다"}],"type":"pronunciation"},{"alternatives":[{"confidence":"0.0","content":"."}],"type":"punctuation"},{"start_time":"140.72","end_time":"141.15","alternatives":[{"confidence":"0.8586","content":"그러면요"}],"type":"pronunciation"},{"start_time":"141.15","end_time":"141.36","alternatives":[{"confidence":"1.0","content":"제가"}],"type":"pronunciation"},{"start_time":"141.36","end_time":"141.53","alternatives":[{"confidence":"0.8344","content":"그"}],"type":"pronunciation"},{"start_time":"141.65","end_time":"142.34","alternatives":[{"confidence":"0.9793499999999999","content":"그쪽이랑"}],"type":"pronunciation"},{"start_time":"142.34","end_time":"142.47","alternatives":[{"confidence":"0.924","content":"좀"}],"type":"pronunciation"},{"start_time":"142.48","end_time":"142.86","alternatives":[{"confidence":"0.9762","content":"잠깐"}],"type":"pronunciation"},{"start_time":"142.86","end_time":"143.15","alternatives":[{"confidence":"0.9695","content":"바로"}],"type":"pronunciation"},{"start_time":"143.15","end_time":"144.07","alternatives":[{"confidence":"0.96855","content":"통화하고"}],"type":"pronunciation"},{"start_time":"144.1","end_time":"144.41","alternatives":[{"confidence":"1.0","content":"다시"}],"type":"pronunciation"},{"start_time":"144.41","end_time":"146.18","alternatives":[{"confidence":"0.80715","content":"연락드릴게요"}],"type":"pronunciation"},{"alternatives":[{"confidence":"0.0","content":"."}],"type":"punctuation"}]},"status":"COMPLETED"}