{"jobName":"transcribe_loan11","accountId":"097989105209","results":{"transcripts":[{"transcript":"알겠어요. 여보세요? 여보세요, 여기 있는 스포츠 사무실 인데요 다름이 아니라 저희 사이트에서 충전계좌로 사용할 계좌임대를 받고 있어요 더라고요. 근데 조건이 한 달만 사용하는 조건에 삼백만원 분석지급을 해드리고 사용하고 있는데 한번 여쭤보려고 전화드렸어요 신고하셔도 돼요. 그러면 먼저 돈 벌집 통장을 어떻게 해결하려고? 내 말은 어떻게 하냐고요? 그럼 제가 팀장님, 수고하셨습니다."}],"items":[{"start_time":"0.34","end_time":"1.07","alternatives":[{"confidence":"0.6981","content":"알겠어요"}],"type":"pronunciation"},{"alternatives":[{"confidence":"0.0","content":"."}],"type":"punctuation"},{"start_time":"2.56","end_time":"3.04","alternatives":[{"confidence":"0.9091","content":"여보세요"}],"type":"pronunciation"},{"alternatives":[{"confidence":"0.0","content":"?"}],"type":"punctuation"},{"start_time":"3.74","end_time":"5.26","alternatives":[{"confidence":"0.3335","content":"여보세요"}],"type":"pronunciation"},{"alternatives":[{"confidence":"0.0","content":","}],"type":"punctuation"},{"start_time":"5.68","end_time":"5.92","alternatives":[{"confidence":"0.5728","content":"여기"}],"type":"pronunciation"},{"start_time":"5.92","end_time":"6.17","alternatives":[{"confidence":"0.7787","content":"있는"}],"type":"pronunciation"},{"start_time":"6.17","end_time":"6.98","alternatives":[{"confidence":"0.5377","content":"스포츠"}],"type":"pronunciation"},{"start_time":"7.01","end_time":"7.61","alternatives":[{"confidence":"0.6371","content":"사무실"}],"type":"pronunciation"},{"start_time":"7.61","end_time":"8.98","alternatives":[{"confidence":"1.0","content":"인데요"}],"type":"pronunciation"},{"start_time":"9.43","end_time":"9.96","alternatives":[{"confidence":"0.9958","content":"다름이"}],"type":"pronunciation"},{"start_time":"9.96","end_time":"10.42","alternatives":[{"confidence":"0.9892","content":"아니라"}],"type":"pronunciation"},{"start_time":"10.42","end_time":"10.7","alternatives":[{"confidence":"0.975","content":"저희"}],"type":"pronunciation"},{"start_time":"10.73","end_time":"11.46","alternatives":[{"confidence":"0.9918","content":"사이트에서"}],"type":"pronunciation"},{"start_time":"11.46","end_time":"12.26","alternatives":[{"confidence":"0.9878333333333332","content":"충전계좌로"}],"type":"pronunciation"},{"start_time":"12.26","end_time":"12.62","alternatives":[{"confidence":"0.9938","content":"사용할"}],"type":"pronunciation"},{"start_time":"12.62","end_time":"13.29","alternatives":[{"confidence":"0.23476666666666668","content":"계좌임대를"}],"type":"pronunciation"},{"start_time":"13.29","end_time":"13.6","alternatives":[{"confidence":"0.9586","content":"받고"}],"type":"pronunciation"},{"start_time":"13.6","end_time":"14.41","alternatives":[{"confidence":"0.8999","content":"있어요"}],"type":"pronunciation"},{"start_time":"14.87","end_time":"15.34","alternatives":[{"confidence":"0.7639","content":"더라고요"}],"type":"pronunciation"},{"alternatives":[{"confidence":"0.0","content":"."}],"type":"punctuation"},{"start_time":"17.97","end_time":"18.71","alternatives":[{"confidence":"0.9671","content":"근데"}],"type":"pronunciation"},{"start_time":"18.77","end_time":"19.78","alternatives":[{"confidence":"1.0","content":"조건이"}],"type":"pronunciation"},{"start_time":"21.05","end_time":"21.24","alternatives":[{"confidence":"0.9297","content":"한"}],"type":"pronunciation"},{"start_time":"21.24","end_time":"21.86","alternatives":[{"confidence":"0.91545","content":"달만"}],"type":"pronunciation"},{"start_time":"21.86","end_time":"22.28","alternatives":[{"confidence":"0.8527","content":"사용하는"}],"type":"pronunciation"},{"start_time":"22.28","end_time":"22.67","alternatives":[{"confidence":"0.8137","content":"조건에"}],"type":"pronunciation"},{"start_time":"22.67","end_time":"23.27","alternatives":[{"confidence":"0.78945","content":"삼백만원"}],"type":"pronunciation"},{"start_time":"23.27","end_time":"24.08","alternatives":[{"confidence":"0.7031000000000001","content":"분석지급을"}],"type":"pronunciation"},{"start_time":"24.08","end_time":"24.71","alternatives":[{"confidence":"0.8817","content":"해드리고"}],"type":"pronunciation"},{"start_time":"24.71","end_time":"25.3","alternatives":[{"confidence":"0.9995","content":"사용하고"}],"type":"pronunciation"},{"start_time":"25.3","end_time":"26.37","alternatives":[{"confidence":"0.6944","content":"있는데"}],"type":"pronunciation"},{"start_time":"27.06","end_time":"27.53","alternatives":[{"confidence":"0.7756","content":"한번"}],"type":"pronunciation"},{"start_time":"28.19","end_time":"28.76","alternatives":[{"confidence":"0.9995","content":"여쭤보려고"}],"type":"pronunciation"},{"start_time":"28.76","end_time":"29.54","alternatives":[{"confidence":"0.4538333333333333","content":"전화드렸어요"}],"type":"pronunciation"},{"start_time":"32.09","end_time":"32.78","alternatives":[{"confidence":"0.8200000000000001","content":"신고하셔도"}],"type":"pronunciation"},{"start_time":"32.78","end_time":"33.04","alternatives":[{"confidence":"0.964","content":"돼요"}],"type":"pronunciation"},{"alternatives":[{"confidence":"0.0","content":"."}],"type":"punctuation"},{"start_time":"33.04","end_time":"33.48","alternatives":[{"confidence":"0.9983","content":"그러면"}],"type":"pronunciation"},{"start_time":"34.69","end_time":"34.96","alternatives":[{"confidence":"0.925","content":"먼저"}],"type":"pronunciation"},{"start_time":"35.29","end_time":"35.41","alternatives":[{"confidence":"0.798","content":"돈"}],"type":"pronunciation"},{"start_time":"35.41","end_time":"35.62","alternatives":[{"confidence":"0.72235","content":"벌집"}],"type":"pronunciation"},{"start_time":"40.43","end_time":"40.81","alternatives":[{"confidence":"0.8782000000000001","content":"통장을"}],"type":"pronunciation"},{"start_time":"41.03","end_time":"41.3","alternatives":[{"confidence":"0.9847","content":"어떻게"}],"type":"pronunciation"},{"start_time":"41.3","end_time":"41.68","alternatives":[{"confidence":"0.4157","content":"해결하려고"}],"type":"pronunciation"},{"alternatives":[{"confidence":"0.0","content":"?"}],"type":"punctuation"},{"start_time":"41.68","end_time":"41.76","alternatives":[{"confidence":"0.2719","content":"내"}],"type":"pronunciation"},{"start_time":"41.76","end_time":"41.98","alternatives":[{"confidence":"0.6194","content":"말은"}],"type":"pronunciation"},{"start_time":"43.96","end_time":"44.26","alternatives":[{"confidence":"0.98","content":"어떻게"}],"type":"pronunciation"},{"start_time":"44.47","end_time":"44.86","alternatives":[{"confidence":"0.8248500000000001","content":"하냐고요"}],"type":"pronunciation"},{"alternatives":[{"confidence":"0.0","content":"?"}],"type":"punctuation"},{"start_time":"47.59","end_time":"47.8","alternatives":[{"confidence":"0.5254","content":"그럼"}],"type":"pronunciation"},{"start_time":"47.86","end_time":"48.12","alternatives":[{"confidence":"0.5244","content":"제가"}],"type":"pronunciation"},{"start_time":"48.28","end_time":"48.81","alternatives":[{"confidence":"0.7653","content":"팀장님"}],"type":"pronunciation"},{"alternatives":[{"confidence":"0.0","content":","}],"type":"punctuation"},{"start_time":"51.41","end_time":"52.1","alternatives":[{"confidence":"1.0","content":"수고하셨습니다"}],"type":"pronunciation"},{"alternatives":[{"confidence":"0.0","content":"."}],"type":"punctuation"}]},"status":"COMPLETED"}