{"jobName":"transcribe_loan29","accountId":"097989105209","results":{"transcripts":[{"transcript":"안녕하세요. 이번에는 연체만 없으시면 방위대출 가능 하신데 조건이 맞으면 필요하다고 있으세요? 면체없으면 다음 그걸 어떻게 되나요? 나올 수 있는 금액이 얼마인지하고. 정확한 이유를 몇 프로 인지 먼저 뽑아드리는거에요 달라. 내가 알았어요. 그래야 될까요? 그런 것이고 마음에 드시면서 해주시더라고요 있으세요? 제가 있어가지고요. 그러니까 나중에는 은행에서는 전화 안 드려요? 금융이에요 은행에서 뭐가 답다면서 전화를 하고 있어요."}],"items":[{"start_time":"0.0","end_time":"0.78","alternatives":[{"confidence":"1.0","content":"안녕하세요"}],"type":"pronunciation"},{"alternatives":[{"confidence":"0.0","content":"."}],"type":"punctuation"},{"start_time":"4.95","end_time":"5.65","alternatives":[{"confidence":"0.9997","content":"이번에는"}],"type":"pronunciation"},{"start_time":"5.65","end_time":"6.14","alternatives":[{"confidence":"0.9084","content":"연체만"}],"type":"pronunciation"},{"start_time":"6.14","end_time":"6.9","alternatives":[{"confidence":"0.9868","content":"없으시면"}],"type":"pronunciation"},{"start_time":"6.9","end_time":"7.52","alternatives":[{"confidence":"0.6421","content":"방위대출"}],"type":"pronunciation"},{"start_time":"7.52","end_time":"7.79","alternatives":[{"confidence":"0.9188","content":"가능"}],"type":"pronunciation"},{"start_time":"7.79","end_time":"8.83","alternatives":[{"confidence":"0.88885","content":"하신데"}],"type":"pronunciation"},{"start_time":"8.92","end_time":"9.35","alternatives":[{"confidence":"0.9991","content":"조건이"}],"type":"pronunciation"},{"start_time":"9.35","end_time":"10.01","alternatives":[{"confidence":"0.8442","content":"맞으면"}],"type":"pronunciation"},{"start_time":"10.1","end_time":"10.55","alternatives":[{"confidence":"0.8073","content":"필요하다고"}],"type":"pronunciation"},{"start_time":"10.64","end_time":"11.15","alternatives":[{"confidence":"0.9983","content":"있으세요"}],"type":"pronunciation"},{"alternatives":[{"confidence":"0.0","content":"?"}],"type":"punctuation"},{"start_time":"12.68","end_time":"13.66","alternatives":[{"confidence":"0.9317500000000001","content":"면체없으면"}],"type":"pronunciation"},{"start_time":"13.66","end_time":"13.95","alternatives":[{"confidence":"0.0366","content":"다음"}],"type":"pronunciation"},{"start_time":"14.74","end_time":"15.12","alternatives":[{"confidence":"0.4943","content":"그걸"}],"type":"pronunciation"},{"start_time":"15.12","end_time":"15.4","alternatives":[{"confidence":"0.9955","content":"어떻게"}],"type":"pronunciation"},{"start_time":"15.4","end_time":"15.86","alternatives":[{"confidence":"0.9994","content":"되나요"}],"type":"pronunciation"},{"alternatives":[{"confidence":"0.0","content":"?"}],"type":"punctuation"},{"start_time":"16.76","end_time":"17.28","alternatives":[{"confidence":"0.99","content":"나올"}],"type":"pronunciation"},{"start_time":"17.28","end_time":"17.39","alternatives":[{"confidence":"0.9985","content":"수"}],"type":"pronunciation"},{"start_time":"17.39","end_time":"17.62","alternatives":[{"confidence":"0.9959","content":"있는"}],"type":"pronunciation"},{"start_time":"17.62","end_time":"18.05","alternatives":[{"confidence":"1.0","content":"금액이"}],"type":"pronunciation"},{"start_time":"18.05","end_time":"18.88","alternatives":[{"confidence":"0.9511","content":"얼마인지하고"}],"type":"pronunciation"},{"alternatives":[{"confidence":"0.0","content":"."}],"type":"punctuation"},{"start_time":"18.88","end_time":"19.63","alternatives":[{"confidence":"1.0","content":"정확한"}],"type":"pronunciation"},{"start_time":"19.63","end_time":"19.96","alternatives":[{"confidence":"0.9888","content":"이유를"}],"type":"pronunciation"},{"start_time":"19.96","end_time":"20.16","alternatives":[{"confidence":"0.8856","content":"몇"}],"type":"pronunciation"},{"start_time":"20.16","end_time":"20.4","alternatives":[{"confidence":"0.573","content":"프로"}],"type":"pronunciation"},{"start_time":"20.4","end_time":"20.71","alternatives":[{"confidence":"0.876","content":"인지"}],"type":"pronunciation"},{"start_time":"20.71","end_time":"21.01","alternatives":[{"confidence":"0.9965","content":"먼저"}],"type":"pronunciation"},{"start_time":"21.01","end_time":"22.52","alternatives":[{"confidence":"0.8740333333333332","content":"뽑아드리는거에요"}],"type":"pronunciation"},{"start_time":"25.1","end_time":"25.67","alternatives":[{"confidence":"0.5912","content":"달라"}],"type":"pronunciation"},{"alternatives":[{"confidence":"0.0","content":"."}],"type":"punctuation"},{"start_time":"27.03","end_time":"27.41","alternatives":[{"confidence":"0.1739","content":"내가"}],"type":"pronunciation"},{"start_time":"27.68","end_time":"28.24","alternatives":[{"confidence":"0.7085","content":"알았어요"}],"type":"pronunciation"},{"alternatives":[{"confidence":"0.0","content":"."}],"type":"punctuation"},{"start_time":"28.48","end_time":"28.72","alternatives":[{"confidence":"0.1377","content":"그래야"}],"type":"pronunciation"},{"start_time":"28.72","end_time":"29.45","alternatives":[{"confidence":"0.7619","content":"될까요"}],"type":"pronunciation"},{"alternatives":[{"confidence":"0.0","content":"?"}],"type":"punctuation"},{"start_time":"31.08","end_time":"31.38","alternatives":[{"confidence":"0.9501","content":"그런"}],"type":"pronunciation"},{"start_time":"31.38","end_time":"31.94","alternatives":[{"confidence":"0.9999","content":"것이고"}],"type":"pronunciation"},{"start_time":"31.94","end_time":"32.27","alternatives":[{"confidence":"0.9753","content":"마음에"}],"type":"pronunciation"},{"start_time":"32.3","end_time":"32.81","alternatives":[{"confidence":"0.1979","content":"드시면서"}],"type":"pronunciation"},{"start_time":"33.08","end_time":"33.94","alternatives":[{"confidence":"0.9360999999999999","content":"해주시더라고요"}],"type":"pronunciation"},{"start_time":"34.62","end_time":"35.63","alternatives":[{"confidence":"0.9926","content":"있으세요"}],"type":"pronunciation"},{"alternatives":[{"confidence":"0.0","content":"?"}],"type":"punctuation"},{"start_time":"35.75","end_time":"35.98","alternatives":[{"confidence":"0.086","content":"제가"}],"type":"pronunciation"},{"start_time":"37.04","end_time":"37.92","alternatives":[{"confidence":"0.8870666666666667","content":"있어가지고요"}],"type":"pronunciation"},{"alternatives":[{"confidence":"0.0","content":"."}],"type":"punctuation"},{"start_time":"37.98","end_time":"38.4","alternatives":[{"confidence":"0.766","content":"그러니까"}],"type":"pronunciation"},{"start_time":"38.4","end_time":"39.03","alternatives":[{"confidence":"0.9859","content":"나중에는"}],"type":"pronunciation"},{"start_time":"42.35","end_time":"43.0","alternatives":[{"confidence":"0.9747","content":"은행에서는"}],"type":"pronunciation"},{"start_time":"43.0","end_time":"43.26","alternatives":[{"confidence":"0.8634","content":"전화"}],"type":"pronunciation"},{"start_time":"43.26","end_time":"43.39","alternatives":[{"confidence":"0.7349","content":"안"}],"type":"pronunciation"},{"start_time":"43.39","end_time":"44.36","alternatives":[{"confidence":"0.7776","content":"드려요"}],"type":"pronunciation"},{"alternatives":[{"confidence":"0.0","content":"?"}],"type":"punctuation"},{"start_time":"46.74","end_time":"47.53","alternatives":[{"confidence":"0.5784","content":"금융이에요"}],"type":"pronunciation"},{"start_time":"47.53","end_time":"48.04","alternatives":[{"confidence":"0.9968","content":"은행에서"}],"type":"pronunciation"},{"start_time":"48.04","end_time":"48.31","alternatives":[{"confidence":"0.9983","content":"뭐가"}],"type":"pronunciation"},{"start_time":"48.31","end_time":"48.87","alternatives":[{"confidence":"0.5661499999999999","content":"답다면서"}],"type":"pronunciation"},{"start_time":"48.87","end_time":"49.31","alternatives":[{"confidence":"0.996","content":"전화를"}],"type":"pronunciation"},{"start_time":"49.31","end_time":"49.48","alternatives":[{"confidence":"0.5729","content":"하고"}],"type":"pronunciation"},{"start_time":"49.48","end_time":"50.12","alternatives":[{"confidence":"0.5804","content":"있어요"}],"type":"pronunciation"},{"alternatives":[{"confidence":"0.0","content":"."}],"type":"punctuation"}]},"status":"COMPLETED"}