{"jobName":"transcribe_loan14","accountId":"097989105209","results":{"transcripts":[{"transcript":"여보세요? 라고 하는데요. 일단 제가 좀 설명을 좀 드릴게요. 저희가 이제 대출이 나갔을 나갑니다. 고 제가 금강적으로 적으로 신고가 들어가는 게 있어요. 최초 신고했을 때 저희 쪽에 세금이 대출이 진행 중이다, 이런 식으로 얘기가 나와서 이 부분에 대해서 이제 이상에서 삭제처리도와드린 것 같아요. 그런데 문제는 그렇게 구십만원 에 대해서 납부처리하고 납부처리하신 다음에 이제 이게 이게 뭐 지금 그건 좀 모니터링 에 걸리신 것, 이게 삭제를 시도하는데 바로 그 담당 되고 있지 않습니까? 구자춘 씩 지급정지 당하고 지금 뭐 여러가지로 지금 문제가 지금 꼬였는데 일단 이걸 지금 바로 플라일단 거기에 큰 기록이 있어야 돼요. 근데 이게 지급 정지를 해서 저희가 이 비용 철에 대해서 저희가 해명할 방법이 없습니다. 그래서 죄송하지만 구십만원 다시 납부처리 가능하시면 저희가 일단은 천구십 에 대해선 바로 풀어드리고 월요일날 지금 묶여있는 백구십만원 돌려 드리는 걸로 이렇게 처리를 해드릴 수가 있거든요. 가다 하게 지금 담당자가 지급존재가 걸렸고요 지금 삭제는 진행을 못 했습니다. 그래서 다시 한번 구십 에 대해서 이끈 기록잡아주시면. 저희가 천 구십만원 바로 내 드리고 고요. 한 삼십 분 안에 그리고 묶여 있던 구십분 저희가 월요일 날 까지 처리해드릴게요 그 아는데요, 지금 거의 안 그러시면 이게 구십만원이 거기 임하고 이상훈 과장하고 지금 금감원방문해서 이 부분에 대해서 두번째 대면하고 그 부분에 대해서 해명처리하고 그래요. 구십만원 지 지금 돌려받을 수 있는 상황입니다. 지금 대출이 문제가 아니라 희망의 그냥 부릴 때도 없어요. 일단은 거기에 일단은 최대 한번 알아보고 연락을 주셔야 할 것 같아요. 안 그러면 지금 대출도 못 나가고 그 구십만원 환급도 안되게 생겼어요. 지금 담당 팀장은 난리가 났고요. 일단은 거의 한번 한번 알아보고 연락을 주세요. 다 알아봐서 간신히 버린 거예요. 그러면 고인이 이거 월요일날 까지 처리가 돼도 되나요? 해주셔야 돼요. 아니요. 지금 이 정말 너무 말씀하지 마시고요. 지금 저희가 방법을 찾아보라고 하는 거예요. 거기에 께서 이거 만약에 당장 말씀드렸죠. 이거 지금 푸는 방법은 나빠하시거나 아니면 거기에 하고 이상 과장하고 금방 방문하셔가지고. 서로 되면 삼자대면해서 이 부분에 대해서 어떻게 처리는지 다 해명을 해야 구십만원 풀리든지 대출이 나왔는지 한다고요. 지금 이 상황에서 김 교수님 오늘 해야 돼요. 이렇게 자꾸 그렇게 말씀하시면 저희가 어떻게 하겠습니까? 이 부분을 그렇잖아요. 지금 상황이 그러니까 월요일까지 괜찮다 하면 제가 방법을 찾아볼게요. 결론은 제가 오늘 좀 내드리고요. 어떻게 진행하게 방법은 제가 오늘 중에 찾아볼게요. 제가 지금 시간도 5 시고요. 제가 좀만 기다려 보세요. 일단 저희 부장님 얘기하고 연락드릴게요."}],"items":[{"start_time":"1.99","end_time":"2.99","alternatives":[{"confidence":"0.5248","content":"여보세요"}],"type":"pronunciation"},{"alternatives":[{"confidence":"0.0","content":"?"}],"type":"punctuation"},{"start_time":"6.49","end_time":"6.66","alternatives":[{"confidence":"0.9941","content":"라고"}],"type":"pronunciation"},{"start_time":"6.66","end_time":"7.65","alternatives":[{"confidence":"0.9995","content":"하는데요"}],"type":"pronunciation"},{"alternatives":[{"confidence":"0.0","content":"."}],"type":"punctuation"},{"start_time":"7.71","end_time":"8.06","alternatives":[{"confidence":"1.0","content":"일단"}],"type":"pronunciation"},{"start_time":"8.06","end_time":"8.31","alternatives":[{"confidence":"1.0","content":"제가"}],"type":"pronunciation"},{"start_time":"8.31","end_time":"8.43","alternatives":[{"confidence":"0.9968","content":"좀"}],"type":"pronunciation"},{"start_time":"8.43","end_time":"8.75","alternatives":[{"confidence":"1.0","content":"설명을"}],"type":"pronunciation"},{"start_time":"8.75","end_time":"8.9","alternatives":[{"confidence":"0.9983","content":"좀"}],"type":"pronunciation"},{"start_time":"8.9","end_time":"9.48","alternatives":[{"confidence":"0.9974","content":"드릴게요"}],"type":"pronunciation"},{"alternatives":[{"confidence":"0.0","content":"."}],"type":"punctuation"},{"start_time":"9.9","end_time":"10.27","alternatives":[{"confidence":"1.0","content":"저희가"}],"type":"pronunciation"},{"start_time":"10.3","end_time":"10.43","alternatives":[{"confidence":"0.7856","content":"이제"}],"type":"pronunciation"},{"start_time":"10.46","end_time":"10.8","alternatives":[{"confidence":"0.70215","content":"대출이"}],"type":"pronunciation"},{"start_time":"10.8","end_time":"12.34","alternatives":[{"confidence":"0.062","content":"나갔을"}],"type":"pronunciation"},{"start_time":"12.34","end_time":"12.72","alternatives":[{"confidence":"0.5088","content":"나갑니다"}],"type":"pronunciation"},{"alternatives":[{"confidence":"0.0","content":"."}],"type":"punctuation"},{"start_time":"12.72","end_time":"12.83","alternatives":[{"confidence":"0.1285","content":"고"}],"type":"pronunciation"},{"start_time":"12.83","end_time":"13.1","alternatives":[{"confidence":"0.1977","content":"제가"}],"type":"pronunciation"},{"start_time":"13.16","end_time":"13.78","alternatives":[{"confidence":"0.39690000000000003","content":"금강적으로"}],"type":"pronunciation"},{"start_time":"13.93","end_time":"14.16","alternatives":[{"confidence":"0.8722","content":"적으로"}],"type":"pronunciation"},{"start_time":"14.16","end_time":"14.5","alternatives":[{"confidence":"0.99025","content":"신고가"}],"type":"pronunciation"},{"start_time":"14.5","end_time":"15.13","alternatives":[{"confidence":"0.9536","content":"들어가는"}],"type":"pronunciation"},{"start_time":"15.13","end_time":"15.28","alternatives":[{"confidence":"0.9563","content":"게"}],"type":"pronunciation"},{"start_time":"15.28","end_time":"16.17","alternatives":[{"confidence":"0.9683","content":"있어요"}],"type":"pronunciation"},{"alternatives":[{"confidence":"0.0","content":"."}],"type":"punctuation"},{"start_time":"17.09","end_time":"17.37","alternatives":[{"confidence":"0.437","content":"최초"}],"type":"pronunciation"},{"start_time":"17.37","end_time":"17.69","alternatives":[{"confidence":"0.28925","content":"신고했을"}],"type":"pronunciation"},{"start_time":"17.69","end_time":"17.76","alternatives":[{"confidence":"0.2289","content":"때"}],"type":"pronunciation"},{"start_time":"17.76","end_time":"17.94","alternatives":[{"confidence":"0.8988","content":"저희"}],"type":"pronunciation"},{"start_time":"17.94","end_time":"18.19","alternatives":[{"confidence":"0.8317","content":"쪽에"}],"type":"pronunciation"},{"start_time":"18.19","end_time":"18.5","alternatives":[{"confidence":"0.34195","content":"세금이"}],"type":"pronunciation"},{"start_time":"18.5","end_time":"18.83","alternatives":[{"confidence":"0.94","content":"대출이"}],"type":"pronunciation"},{"start_time":"18.83","end_time":"19.11","alternatives":[{"confidence":"0.9918","content":"진행"}],"type":"pronunciation"},{"start_time":"19.11","end_time":"19.61","alternatives":[{"confidence":"0.9921","content":"중이다"}],"type":"pronunciation"},{"alternatives":[{"confidence":"0.0","content":","}],"type":"punctuation"},{"start_time":"19.61","end_time":"19.85","alternatives":[{"confidence":"0.9753","content":"이런"}],"type":"pronunciation"},{"start_time":"19.85","end_time":"20.08","alternatives":[{"confidence":"0.9753","content":"식으로"}],"type":"pronunciation"},{"start_time":"20.08","end_time":"20.29","alternatives":[{"confidence":"0.991","content":"얘기가"}],"type":"pronunciation"},{"start_time":"20.29","end_time":"20.96","alternatives":[{"confidence":"1.0","content":"나와서"}],"type":"pronunciation"},{"start_time":"21.27","end_time":"21.39","alternatives":[{"confidence":"0.9498","content":"이"}],"type":"pronunciation"},{"start_time":"21.39","end_time":"21.74","alternatives":[{"confidence":"1.0","content":"부분에"}],"type":"pronunciation"},{"start_time":"21.74","end_time":"22.02","alternatives":[{"confidence":"0.9997","content":"대해서"}],"type":"pronunciation"},{"start_time":"22.02","end_time":"22.17","alternatives":[{"confidence":"0.966","content":"이제"}],"type":"pronunciation"},{"start_time":"22.2","end_time":"22.75","alternatives":[{"confidence":"0.37365000000000004","content":"이상에서"}],"type":"pronunciation"},{"start_time":"22.75","end_time":"23.52","alternatives":[{"confidence":"0.5906750000000001","content":"삭제처리도와드린"}],"type":"pronunciation"},{"start_time":"23.52","end_time":"23.62","alternatives":[{"confidence":"0.9972","content":"것"}],"type":"pronunciation"},{"start_time":"23.62","end_time":"24.4","alternatives":[{"confidence":"0.9955","content":"같아요"}],"type":"pronunciation"},{"alternatives":[{"confidence":"0.0","content":"."}],"type":"punctuation"},{"start_time":"24.85","end_time":"25.1","alternatives":[{"confidence":"0.9205","content":"그런데"}],"type":"pronunciation"},{"start_time":"25.1","end_time":"25.37","alternatives":[{"confidence":"1.0","content":"문제는"}],"type":"pronunciation"},{"start_time":"25.37","end_time":"25.6","alternatives":[{"confidence":"0.9775","content":"그렇게"}],"type":"pronunciation"},{"start_time":"25.73","end_time":"26.22","alternatives":[{"confidence":"0.6232000000000001","content":"구십만원"}],"type":"pronunciation"},{"start_time":"26.22","end_time":"26.26","alternatives":[{"confidence":"0.724","content":"에"}],"type":"pronunciation"},{"start_time":"26.26","end_time":"26.44","alternatives":[{"confidence":"0.9819","content":"대해서"}],"type":"pronunciation"},{"start_time":"26.44","end_time":"27.57","alternatives":[{"confidence":"0.96255","content":"납부처리하고"}],"type":"pronunciation"},{"start_time":"28.09","end_time":"28.93","alternatives":[{"confidence":"0.7909999999999999","content":"납부처리하신"}],"type":"pronunciation"},{"start_time":"28.93","end_time":"29.39","alternatives":[{"confidence":"0.9995","content":"다음에"}],"type":"pronunciation"},{"start_time":"29.39","end_time":"29.58","alternatives":[{"confidence":"0.984","content":"이제"}],"type":"pronunciation"},{"start_time":"29.58","end_time":"29.9","alternatives":[{"confidence":"0.9895","content":"이게"}],"type":"pronunciation"},{"start_time":"31.92","end_time":"32.09","alternatives":[{"confidence":"0.9856","content":"이게"}],"type":"pronunciation"},{"start_time":"32.12","end_time":"32.5","alternatives":[{"confidence":"0.9701","content":"뭐"}],"type":"pronunciation"},{"start_time":"32.53","end_time":"32.82","alternatives":[{"confidence":"0.9804","content":"지금"}],"type":"pronunciation"},{"start_time":"32.82","end_time":"33.08","alternatives":[{"confidence":"0.7561","content":"그건"}],"type":"pronunciation"},{"start_time":"33.08","end_time":"33.25","alternatives":[{"confidence":"0.9989","content":"좀"}],"type":"pronunciation"},{"start_time":"33.25","end_time":"34.16","alternatives":[{"confidence":"0.6193","content":"모니터링"}],"type":"pronunciation"},{"start_time":"34.16","end_time":"34.22","alternatives":[{"confidence":"0.9441","content":"에"}],"type":"pronunciation"},{"start_time":"34.25","end_time":"34.66","alternatives":[{"confidence":"0.8310500000000001","content":"걸리신"}],"type":"pronunciation"},{"start_time":"34.66","end_time":"34.76","alternatives":[{"confidence":"0.2626","content":"것"}],"type":"pronunciation"},{"alternatives":[{"confidence":"0.0","content":","}],"type":"punctuation"},{"start_time":"34.89","end_time":"35.07","alternatives":[{"confidence":"0.3024","content":"이게"}],"type":"pronunciation"},{"start_time":"35.1","end_time":"35.54","alternatives":[{"confidence":"0.9891","content":"삭제를"}],"type":"pronunciation"},{"start_time":"35.54","end_time":"36.82","alternatives":[{"confidence":"0.59385","content":"시도하는데"}],"type":"pronunciation"},{"start_time":"37.14","end_time":"37.42","alternatives":[{"confidence":"0.9907","content":"바로"}],"type":"pronunciation"},{"start_time":"37.42","end_time":"37.61","alternatives":[{"confidence":"0.9405","content":"그"}],"type":"pronunciation"},{"start_time":"37.61","end_time":"37.92","alternatives":[{"confidence":"0.3958","content":"담당"}],"type":"pronunciation"},{"start_time":"37.92","end_time":"38.09","alternatives":[{"confidence":"0.1692","content":"되고"}],"type":"pronunciation"},{"start_time":"38.32","end_time":"39.08","alternatives":[{"confidence":"0.9979","content":"있지"}],"type":"pronunciation"},{"start_time":"39.08","end_time":"39.38","alternatives":[{"confidence":"0.9999","content":"않습니까"}],"type":"pronunciation"},{"alternatives":[{"confidence":"0.0","content":"?"}],"type":"punctuation"},{"start_time":"39.38","end_time":"39.79","alternatives":[{"confidence":"0.07786666666666665","content":"구자춘"}],"type":"pronunciation"},{"start_time":"39.79","end_time":"39.97","alternatives":[{"confidence":"0.003","content":"씩"}],"type":"pronunciation"},{"start_time":"40.57","end_time":"41.04","alternatives":[{"confidence":"0.4395","content":"지급정지"}],"type":"pronunciation"},{"start_time":"41.04","end_time":"41.86","alternatives":[{"confidence":"0.997","content":"당하고"}],"type":"pronunciation"},{"start_time":"41.89","end_time":"42.58","alternatives":[{"confidence":"0.8802","content":"지금"}],"type":"pronunciation"},{"start_time":"43.36","end_time":"43.53","alternatives":[{"confidence":"0.6465","content":"뭐"}],"type":"pronunciation"},{"start_time":"43.56","end_time":"44.01","alternatives":[{"confidence":"0.72885","content":"여러가지로"}],"type":"pronunciation"},{"start_time":"44.01","end_time":"44.18","alternatives":[{"confidence":"0.9958","content":"지금"}],"type":"pronunciation"},{"start_time":"44.18","end_time":"44.53","alternatives":[{"confidence":"1.0","content":"문제가"}],"type":"pronunciation"},{"start_time":"44.53","end_time":"44.77","alternatives":[{"confidence":"0.9939","content":"지금"}],"type":"pronunciation"},{"start_time":"44.77","end_time":"45.64","alternatives":[{"confidence":"0.6435500000000001","content":"꼬였는데"}],"type":"pronunciation"},{"start_time":"45.84","end_time":"46.12","alternatives":[{"confidence":"1.0","content":"일단"}],"type":"pronunciation"},{"start_time":"46.12","end_time":"46.35","alternatives":[{"confidence":"0.7898","content":"이걸"}],"type":"pronunciation"},{"start_time":"46.35","end_time":"46.51","alternatives":[{"confidence":"0.9998","content":"지금"}],"type":"pronunciation"},{"start_time":"46.51","end_time":"46.71","alternatives":[{"confidence":"0.9603","content":"바로"}],"type":"pronunciation"},{"start_time":"46.71","end_time":"47.1","alternatives":[{"confidence":"0.63605","content":"플라일단"}],"type":"pronunciation"},{"start_time":"47.13","end_time":"47.35","alternatives":[{"confidence":"0.616","content":"거기에"}],"type":"pronunciation"},{"start_time":"47.5","end_time":"47.67","alternatives":[{"confidence":"0.8902","content":"큰"}],"type":"pronunciation"},{"start_time":"47.67","end_time":"47.95","alternatives":[{"confidence":"0.999","content":"기록이"}],"type":"pronunciation"},{"start_time":"47.95","end_time":"48.37","alternatives":[{"confidence":"0.9945","content":"있어야"}],"type":"pronunciation"},{"start_time":"48.37","end_time":"48.79","alternatives":[{"confidence":"0.993","content":"돼요"}],"type":"pronunciation"},{"alternatives":[{"confidence":"0.0","content":"."}],"type":"punctuation"},{"start_time":"48.85","end_time":"49.11","alternatives":[{"confidence":"0.967","content":"근데"}],"type":"pronunciation"},{"start_time":"49.11","end_time":"49.28","alternatives":[{"confidence":"0.9811","content":"이게"}],"type":"pronunciation"},{"start_time":"49.31","end_time":"49.54","alternatives":[{"confidence":"0.2815","content":"지급"}],"type":"pronunciation"},{"start_time":"49.54","end_time":"49.79","alternatives":[{"confidence":"0.3398","content":"정지를"}],"type":"pronunciation"},{"start_time":"49.79","end_time":"50.01","alternatives":[{"confidence":"0.9708","content":"해서"}],"type":"pronunciation"},{"start_time":"50.01","end_time":"50.43","alternatives":[{"confidence":"1.0","content":"저희가"}],"type":"pronunciation"},{"start_time":"50.75","end_time":"50.86","alternatives":[{"confidence":"0.3782","content":"이"}],"type":"pronunciation"},{"start_time":"50.86","end_time":"51.18","alternatives":[{"confidence":"0.4755","content":"비용"}],"type":"pronunciation"},{"start_time":"51.18","end_time":"51.37","alternatives":[{"confidence":"0.57135","content":"철에"}],"type":"pronunciation"},{"start_time":"51.37","end_time":"51.61","alternatives":[{"confidence":"0.9989","content":"대해서"}],"type":"pronunciation"},{"start_time":"51.61","end_time":"52.2","alternatives":[{"confidence":"0.9989","content":"저희가"}],"type":"pronunciation"},{"start_time":"52.2","end_time":"52.62","alternatives":[{"confidence":"0.99935","content":"해명할"}],"type":"pronunciation"},{"start_time":"52.62","end_time":"53.01","alternatives":[{"confidence":"1.0","content":"방법이"}],"type":"pronunciation"},{"start_time":"53.01","end_time":"53.47","alternatives":[{"confidence":"0.9999","content":"없습니다"}],"type":"pronunciation"},{"alternatives":[{"confidence":"0.0","content":"."}],"type":"punctuation"},{"start_time":"53.47","end_time":"53.86","alternatives":[{"confidence":"0.9571","content":"그래서"}],"type":"pronunciation"},{"start_time":"54.28","end_time":"54.71","alternatives":[{"confidence":"0.809","content":"죄송하지만"}],"type":"pronunciation"},{"start_time":"54.77","end_time":"55.18","alternatives":[{"confidence":"0.7251","content":"구십만원"}],"type":"pronunciation"},{"start_time":"55.18","end_time":"55.34","alternatives":[{"confidence":"0.961","content":"다시"}],"type":"pronunciation"},{"start_time":"55.34","end_time":"55.79","alternatives":[{"confidence":"0.6481","content":"납부처리"}],"type":"pronunciation"},{"start_time":"55.79","end_time":"56.73","alternatives":[{"confidence":"0.9905999999999999","content":"가능하시면"}],"type":"pronunciation"},{"start_time":"57.11","end_time":"57.4","alternatives":[{"confidence":"1.0","content":"저희가"}],"type":"pronunciation"},{"start_time":"57.4","end_time":"57.84","alternatives":[{"confidence":"1.0","content":"일단은"}],"type":"pronunciation"},{"start_time":"57.84","end_time":"58.27","alternatives":[{"confidence":"0.56245","content":"천구십"}],"type":"pronunciation"},{"start_time":"58.27","end_time":"58.31","alternatives":[{"confidence":"0.8013","content":"에"}],"type":"pronunciation"},{"start_time":"58.31","end_time":"58.53","alternatives":[{"confidence":"0.5819","content":"대해선"}],"type":"pronunciation"},{"start_time":"58.53","end_time":"58.73","alternatives":[{"confidence":"0.9689","content":"바로"}],"type":"pronunciation"},{"start_time":"58.73","end_time":"59.3","alternatives":[{"confidence":"0.9788","content":"풀어드리고"}],"type":"pronunciation"},{"start_time":"59.3","end_time":"59.79","alternatives":[{"confidence":"0.82165","content":"월요일날"}],"type":"pronunciation"},{"start_time":"59.79","end_time":"59.97","alternatives":[{"confidence":"0.9655","content":"지금"}],"type":"pronunciation"},{"start_time":"59.97","end_time":"60.34","alternatives":[{"confidence":"0.75005","content":"묶여있는"}],"type":"pronunciation"},{"start_time":"60.43","end_time":"61.02","alternatives":[{"confidence":"0.6562250000000001","content":"백구십만원"}],"type":"pronunciation"},{"start_time":"61.02","end_time":"61.25","alternatives":[{"confidence":"0.488","content":"돌려"}],"type":"pronunciation"},{"start_time":"61.25","end_time":"61.56","alternatives":[{"confidence":"0.917","content":"드리는"}],"type":"pronunciation"},{"start_time":"61.56","end_time":"61.75","alternatives":[{"confidence":"0.9158","content":"걸로"}],"type":"pronunciation"},{"start_time":"61.75","end_time":"62.02","alternatives":[{"confidence":"0.9228","content":"이렇게"}],"type":"pronunciation"},{"start_time":"62.31","end_time":"62.62","alternatives":[{"confidence":"0.9961","content":"처리를"}],"type":"pronunciation"},{"start_time":"62.62","end_time":"62.86","alternatives":[{"confidence":"0.7774","content":"해드릴"}],"type":"pronunciation"},{"start_time":"62.86","end_time":"63.03","alternatives":[{"confidence":"0.9984","content":"수가"}],"type":"pronunciation"},{"start_time":"63.03","end_time":"63.58","alternatives":[{"confidence":"1.0","content":"있거든요"}],"type":"pronunciation"},{"alternatives":[{"confidence":"0.0","content":"."}],"type":"punctuation"},{"start_time":"66.52","end_time":"66.78","alternatives":[{"confidence":"0.9553","content":"가다"}],"type":"pronunciation"},{"start_time":"66.78","end_time":"67.29","alternatives":[{"confidence":"0.9552","content":"하게"}],"type":"pronunciation"},{"start_time":"67.32","end_time":"67.77","alternatives":[{"confidence":"0.9945","content":"지금"}],"type":"pronunciation"},{"start_time":"67.77","end_time":"68.28","alternatives":[{"confidence":"0.9992","content":"담당자가"}],"type":"pronunciation"},{"start_time":"68.28","end_time":"68.75","alternatives":[{"confidence":"0.44730000000000003","content":"지급존재가"}],"type":"pronunciation"},{"start_time":"68.75","end_time":"69.44","alternatives":[{"confidence":"0.98105","content":"걸렸고요"}],"type":"pronunciation"},{"start_time":"69.47","end_time":"69.67","alternatives":[{"confidence":"0.9901","content":"지금"}],"type":"pronunciation"},{"start_time":"69.67","end_time":"70.04","alternatives":[{"confidence":"0.8556999999999999","content":"삭제는"}],"type":"pronunciation"},{"start_time":"70.04","end_time":"70.37","alternatives":[{"confidence":"0.9878","content":"진행을"}],"type":"pronunciation"},{"start_time":"70.37","end_time":"70.54","alternatives":[{"confidence":"0.435","content":"못"}],"type":"pronunciation"},{"start_time":"70.54","end_time":"71.26","alternatives":[{"confidence":"0.457","content":"했습니다"}],"type":"pronunciation"},{"alternatives":[{"confidence":"0.0","content":"."}],"type":"punctuation"},{"start_time":"71.32","end_time":"71.7","alternatives":[{"confidence":"0.9986","content":"그래서"}],"type":"pronunciation"},{"start_time":"72.02","end_time":"72.22","alternatives":[{"confidence":"0.7926","content":"다시"}],"type":"pronunciation"},{"start_time":"72.22","end_time":"72.62","alternatives":[{"confidence":"0.732","content":"한번"}],"type":"pronunciation"},{"start_time":"72.74","end_time":"73.06","alternatives":[{"confidence":"0.6179","content":"구십"}],"type":"pronunciation"},{"start_time":"73.06","end_time":"73.11","alternatives":[{"confidence":"0.9684","content":"에"}],"type":"pronunciation"},{"start_time":"73.11","end_time":"73.34","alternatives":[{"confidence":"0.9868","content":"대해서"}],"type":"pronunciation"},{"start_time":"73.34","end_time":"73.57","alternatives":[{"confidence":"0.7748","content":"이끈"}],"type":"pronunciation"},{"start_time":"73.57","end_time":"74.56","alternatives":[{"confidence":"0.7560333333333333","content":"기록잡아주시면"}],"type":"pronunciation"},{"alternatives":[{"confidence":"0.0","content":"."}],"type":"punctuation"},{"start_time":"74.84","end_time":"75.06","alternatives":[{"confidence":"1.0","content":"저희가"}],"type":"pronunciation"},{"start_time":"75.06","end_time":"75.24","alternatives":[{"confidence":"0.3509","content":"천"}],"type":"pronunciation"},{"start_time":"75.24","end_time":"75.75","alternatives":[{"confidence":"0.6409333333333334","content":"구십만원"}],"type":"pronunciation"},{"start_time":"75.75","end_time":"75.99","alternatives":[{"confidence":"0.9295","content":"바로"}],"type":"pronunciation"},{"start_time":"75.99","end_time":"76.13","alternatives":[{"confidence":"0.1905","content":"내"}],"type":"pronunciation"},{"start_time":"76.13","end_time":"76.56","alternatives":[{"confidence":"0.0124","content":"드리고"}],"type":"pronunciation"},{"start_time":"76.56","end_time":"76.75","alternatives":[{"confidence":"0.7536","content":"고요"}],"type":"pronunciation"},{"alternatives":[{"confidence":"0.0","content":"."}],"type":"punctuation"},{"start_time":"76.75","end_time":"76.88","alternatives":[{"confidence":"0.9447","content":"한"}],"type":"pronunciation"},{"start_time":"76.88","end_time":"77.15","alternatives":[{"confidence":"0.5275","content":"삼십"}],"type":"pronunciation"},{"start_time":"77.15","end_time":"77.27","alternatives":[{"confidence":"0.9785","content":"분"}],"type":"pronunciation"},{"start_time":"77.27","end_time":"77.63","alternatives":[{"confidence":"0.997","content":"안에"}],"type":"pronunciation"},{"start_time":"78.01","end_time":"78.32","alternatives":[{"confidence":"0.9906","content":"그리고"}],"type":"pronunciation"},{"start_time":"78.32","end_time":"78.58","alternatives":[{"confidence":"0.5228","content":"묶여"}],"type":"pronunciation"},{"start_time":"78.58","end_time":"78.88","alternatives":[{"confidence":"1.0","content":"있던"}],"type":"pronunciation"},{"start_time":"78.88","end_time":"79.31","alternatives":[{"confidence":"0.5522666666666667","content":"구십분"}],"type":"pronunciation"},{"start_time":"79.31","end_time":"79.56","alternatives":[{"confidence":"1.0","content":"저희가"}],"type":"pronunciation"},{"start_time":"79.56","end_time":"79.86","alternatives":[{"confidence":"0.7526","content":"월요일"}],"type":"pronunciation"},{"start_time":"79.86","end_time":"79.96","alternatives":[{"confidence":"0.888","content":"날"}],"type":"pronunciation"},{"start_time":"79.96","end_time":"80.11","alternatives":[{"confidence":"0.8729","content":"까지"}],"type":"pronunciation"},{"start_time":"80.11","end_time":"80.83","alternatives":[{"confidence":"0.7322666666666667","content":"처리해드릴게요"}],"type":"pronunciation"},{"start_time":"86.87","end_time":"87.03","alternatives":[{"confidence":"0.9041","content":"그"}],"type":"pronunciation"},{"start_time":"87.03","end_time":"87.74","alternatives":[{"confidence":"0.482","content":"아는데요"}],"type":"pronunciation"},{"alternatives":[{"confidence":"0.0","content":","}],"type":"punctuation"},{"start_time":"87.77","end_time":"88.06","alternatives":[{"confidence":"0.9669","content":"지금"}],"type":"pronunciation"},{"start_time":"88.09","end_time":"88.27","alternatives":[{"confidence":"0.9804","content":"거의"}],"type":"pronunciation"},{"start_time":"88.27","end_time":"88.39","alternatives":[{"confidence":"0.9355","content":"안"}],"type":"pronunciation"},{"start_time":"88.39","end_time":"88.76","alternatives":[{"confidence":"0.9854","content":"그러시면"}],"type":"pronunciation"},{"start_time":"88.76","end_time":"88.87","alternatives":[{"confidence":"0.2413","content":"이게"}],"type":"pronunciation"},{"start_time":"88.87","end_time":"89.75","alternatives":[{"confidence":"0.7929666666666666","content":"구십만원이"}],"type":"pronunciation"},{"start_time":"90.17","end_time":"90.41","alternatives":[{"confidence":"0.5361","content":"거기"}],"type":"pronunciation"},{"start_time":"90.41","end_time":"90.72","alternatives":[{"confidence":"0.7325999999999999","content":"임하고"}],"type":"pronunciation"},{"start_time":"90.72","end_time":"91.0","alternatives":[{"confidence":"0.9737499999999999","content":"이상훈"}],"type":"pronunciation"},{"start_time":"91.0","end_time":"91.41","alternatives":[{"confidence":"0.9987","content":"과장하고"}],"type":"pronunciation"},{"start_time":"91.41","end_time":"91.78","alternatives":[{"confidence":"0.9782","content":"지금"}],"type":"pronunciation"},{"start_time":"91.78","end_time":"92.75","alternatives":[{"confidence":"0.9617","content":"금감원방문해서"}],"type":"pronunciation"},{"start_time":"92.75","end_time":"92.86","alternatives":[{"confidence":"0.9687","content":"이"}],"type":"pronunciation"},{"start_time":"92.86","end_time":"93.23","alternatives":[{"confidence":"1.0","content":"부분에"}],"type":"pronunciation"},{"start_time":"93.23","end_time":"93.66","alternatives":[{"confidence":"0.9762","content":"대해서"}],"type":"pronunciation"},{"start_time":"94.1","end_time":"94.49","alternatives":[{"confidence":"0.0267","content":"두번째"}],"type":"pronunciation"},{"start_time":"95.1","end_time":"96.06","alternatives":[{"confidence":"0.8504","content":"대면하고"}],"type":"pronunciation"},{"start_time":"96.35","end_time":"96.69","alternatives":[{"confidence":"0.9571","content":"그"}],"type":"pronunciation"},{"start_time":"96.69","end_time":"96.88","alternatives":[{"confidence":"0.8816","content":"부분에"}],"type":"pronunciation"},{"start_time":"96.88","end_time":"97.06","alternatives":[{"confidence":"0.8633","content":"대해서"}],"type":"pronunciation"},{"start_time":"97.06","end_time":"98.13","alternatives":[{"confidence":"0.9986999999999999","content":"해명처리하고"}],"type":"pronunciation"},{"start_time":"98.32","end_time":"98.63","alternatives":[{"confidence":"0.8448","content":"그래요"}],"type":"pronunciation"},{"alternatives":[{"confidence":"0.0","content":"."}],"type":"punctuation"},{"start_time":"98.63","end_time":"99.15","alternatives":[{"confidence":"0.6031","content":"구십만원"}],"type":"pronunciation"},{"start_time":"99.15","end_time":"99.41","alternatives":[{"confidence":"0.6613","content":"지"}],"type":"pronunciation"},{"start_time":"99.44","end_time":"99.7","alternatives":[{"confidence":"0.9724","content":"지금"}],"type":"pronunciation"},{"start_time":"99.7","end_time":"100.17","alternatives":[{"confidence":"0.98575","content":"돌려받을"}],"type":"pronunciation"},{"start_time":"100.17","end_time":"100.38","alternatives":[{"confidence":"0.986","content":"수"}],"type":"pronunciation"},{"start_time":"100.38","end_time":"100.58","alternatives":[{"confidence":"0.9995","content":"있는"}],"type":"pronunciation"},{"start_time":"100.58","end_time":"101.19","alternatives":[{"confidence":"1.0","content":"상황입니다"}],"type":"pronunciation"},{"alternatives":[{"confidence":"0.0","content":"."}],"type":"punctuation"},{"start_time":"101.19","end_time":"101.39","alternatives":[{"confidence":"0.9934","content":"지금"}],"type":"pronunciation"},{"start_time":"101.39","end_time":"101.71","alternatives":[{"confidence":"0.9217","content":"대출이"}],"type":"pronunciation"},{"start_time":"101.71","end_time":"101.98","alternatives":[{"confidence":"1.0","content":"문제가"}],"type":"pronunciation"},{"start_time":"101.98","end_time":"102.33","alternatives":[{"confidence":"0.99","content":"아니라"}],"type":"pronunciation"},{"start_time":"104.09","end_time":"104.41","alternatives":[{"confidence":"0.6298","content":"희망의"}],"type":"pronunciation"},{"start_time":"104.41","end_time":"104.62","alternatives":[{"confidence":"0.1","content":"그냥"}],"type":"pronunciation"},{"start_time":"104.62","end_time":"104.8","alternatives":[{"confidence":"0.0859","content":"부릴"}],"type":"pronunciation"},{"start_time":"104.8","end_time":"104.94","alternatives":[{"confidence":"0.2277","content":"때도"}],"type":"pronunciation"},{"start_time":"104.94","end_time":"105.33","alternatives":[{"confidence":"0.9998","content":"없어요"}],"type":"pronunciation"},{"alternatives":[{"confidence":"0.0","content":"."}],"type":"punctuation"},{"start_time":"106.2","end_time":"106.59","alternatives":[{"confidence":"0.9997","content":"일단은"}],"type":"pronunciation"},{"start_time":"106.62","end_time":"106.85","alternatives":[{"confidence":"0.6795","content":"거기에"}],"type":"pronunciation"},{"start_time":"106.85","end_time":"107.17","alternatives":[{"confidence":"0.9987","content":"일단은"}],"type":"pronunciation"},{"start_time":"107.17","end_time":"107.39","alternatives":[{"confidence":"0.478","content":"최대"}],"type":"pronunciation"},{"start_time":"107.39","end_time":"107.63","alternatives":[{"confidence":"0.455","content":"한번"}],"type":"pronunciation"},{"start_time":"107.63","end_time":"108.07","alternatives":[{"confidence":"0.9944","content":"알아보고"}],"type":"pronunciation"},{"start_time":"108.07","end_time":"108.37","alternatives":[{"confidence":"1.0","content":"연락을"}],"type":"pronunciation"},{"start_time":"108.37","end_time":"108.61","alternatives":[{"confidence":"0.8881","content":"주셔야"}],"type":"pronunciation"},{"start_time":"108.61","end_time":"108.7","alternatives":[{"confidence":"0.9989","content":"할"}],"type":"pronunciation"},{"start_time":"108.7","end_time":"108.8","alternatives":[{"confidence":"0.9974","content":"것"}],"type":"pronunciation"},{"start_time":"108.8","end_time":"109.08","alternatives":[{"confidence":"0.993","content":"같아요"}],"type":"pronunciation"},{"alternatives":[{"confidence":"0.0","content":"."}],"type":"punctuation"},{"start_time":"115.53","end_time":"115.68","alternatives":[{"confidence":"0.5573","content":"안"}],"type":"pronunciation"},{"start_time":"115.68","end_time":"115.94","alternatives":[{"confidence":"0.9083","content":"그러면"}],"type":"pronunciation"},{"start_time":"116.33","end_time":"116.53","alternatives":[{"confidence":"0.9694","content":"지금"}],"type":"pronunciation"},{"start_time":"116.53","end_time":"116.94","alternatives":[{"confidence":"0.98045","content":"대출도"}],"type":"pronunciation"},{"start_time":"116.94","end_time":"117.09","alternatives":[{"confidence":"0.9011","content":"못"}],"type":"pronunciation"},{"start_time":"117.09","end_time":"117.42","alternatives":[{"confidence":"1.0","content":"나가고"}],"type":"pronunciation"},{"start_time":"117.42","end_time":"117.53","alternatives":[{"confidence":"0.4792","content":"그"}],"type":"pronunciation"},{"start_time":"117.56","end_time":"117.99","alternatives":[{"confidence":"0.7560666666666668","content":"구십만원"}],"type":"pronunciation"},{"start_time":"117.99","end_time":"118.3","alternatives":[{"confidence":"0.9896499999999999","content":"환급도"}],"type":"pronunciation"},{"start_time":"118.3","end_time":"118.5","alternatives":[{"confidence":"0.7574000000000001","content":"안되게"}],"type":"pronunciation"},{"start_time":"118.5","end_time":"119.06","alternatives":[{"confidence":"1.0","content":"생겼어요"}],"type":"pronunciation"},{"alternatives":[{"confidence":"0.0","content":"."}],"type":"punctuation"},{"start_time":"121.29","end_time":"121.49","alternatives":[{"confidence":"0.9692","content":"지금"}],"type":"pronunciation"},{"start_time":"121.49","end_time":"121.76","alternatives":[{"confidence":"0.8651","content":"담당"}],"type":"pronunciation"},{"start_time":"121.76","end_time":"122.11","alternatives":[{"confidence":"0.9935","content":"팀장은"}],"type":"pronunciation"},{"start_time":"122.11","end_time":"122.41","alternatives":[{"confidence":"1.0","content":"난리가"}],"type":"pronunciation"},{"start_time":"122.41","end_time":"122.95","alternatives":[{"confidence":"0.98795","content":"났고요"}],"type":"pronunciation"},{"alternatives":[{"confidence":"0.0","content":"."}],"type":"punctuation"},{"start_time":"128.17","end_time":"128.52","alternatives":[{"confidence":"0.9917","content":"일단은"}],"type":"pronunciation"},{"start_time":"128.58","end_time":"128.83","alternatives":[{"confidence":"0.5446","content":"거의"}],"type":"pronunciation"},{"start_time":"128.83","end_time":"129.33","alternatives":[{"confidence":"0.8084","content":"한번"}],"type":"pronunciation"},{"start_time":"129.6","end_time":"129.83","alternatives":[{"confidence":"0.8752","content":"한번"}],"type":"pronunciation"},{"start_time":"129.83","end_time":"130.41","alternatives":[{"confidence":"0.9733","content":"알아보고"}],"type":"pronunciation"},{"start_time":"130.41","end_time":"130.78","alternatives":[{"confidence":"0.9974","content":"연락을"}],"type":"pronunciation"},{"start_time":"130.78","end_time":"131.1","alternatives":[{"confidence":"0.939","content":"주세요"}],"type":"pronunciation"},{"alternatives":[{"confidence":"0.0","content":"."}],"type":"punctuation"},{"start_time":"134.33","end_time":"134.44","alternatives":[{"confidence":"0.9072","content":"다"}],"type":"pronunciation"},{"start_time":"134.44","end_time":"134.87","alternatives":[{"confidence":"0.7616499999999999","content":"알아봐서"}],"type":"pronunciation"},{"start_time":"134.9","end_time":"135.2","alternatives":[{"confidence":"0.5602","content":"간신히"}],"type":"pronunciation"},{"start_time":"135.2","end_time":"135.37","alternatives":[{"confidence":"0.3031","content":"버린"}],"type":"pronunciation"},{"start_time":"135.37","end_time":"135.62","alternatives":[{"confidence":"0.9398","content":"거예요"}],"type":"pronunciation"},{"alternatives":[{"confidence":"0.0","content":"."}],"type":"punctuation"},{"start_time":"140.2","end_time":"140.55","alternatives":[{"confidence":"1.0","content":"그러면"}],"type":"pronunciation"},{"start_time":"140.55","end_time":"141.22","alternatives":[{"confidence":"0.8404499999999999","content":"고인이"}],"type":"pronunciation"},{"start_time":"143.69","end_time":"143.92","alternatives":[{"confidence":"0.7391","content":"이거"}],"type":"pronunciation"},{"start_time":"143.92","end_time":"144.38","alternatives":[{"confidence":"0.7178","content":"월요일날"}],"type":"pronunciation"},{"start_time":"144.38","end_time":"144.62","alternatives":[{"confidence":"0.921","content":"까지"}],"type":"pronunciation"},{"start_time":"144.62","end_time":"144.94","alternatives":[{"confidence":"0.9602","content":"처리가"}],"type":"pronunciation"},{"start_time":"144.94","end_time":"145.13","alternatives":[{"confidence":"0.50595","content":"돼도"}],"type":"pronunciation"},{"start_time":"145.13","end_time":"145.57","alternatives":[{"confidence":"0.9999","content":"되나요"}],"type":"pronunciation"},{"alternatives":[{"confidence":"0.0","content":"?"}],"type":"punctuation"},{"start_time":"146.5","end_time":"146.82","alternatives":[{"confidence":"0.06905","content":"해주셔야"}],"type":"pronunciation"},{"start_time":"146.82","end_time":"147.15","alternatives":[{"confidence":"0.1074","content":"돼요"}],"type":"pronunciation"},{"alternatives":[{"confidence":"0.0","content":"."}],"type":"punctuation"},{"start_time":"148.51","end_time":"148.83","alternatives":[{"confidence":"0.3689","content":"아니요"}],"type":"pronunciation"},{"alternatives":[{"confidence":"0.0","content":"."}],"type":"punctuation"},{"start_time":"150.11","end_time":"150.34","alternatives":[{"confidence":"0.6676","content":"지금"}],"type":"pronunciation"},{"start_time":"150.61","end_time":"150.69","alternatives":[{"confidence":"0.036","content":"이"}],"type":"pronunciation"},{"start_time":"150.69","end_time":"150.95","alternatives":[{"confidence":"0.109","content":"정말"}],"type":"pronunciation"},{"start_time":"150.95","end_time":"151.1","alternatives":[{"confidence":"0.8948","content":"너무"}],"type":"pronunciation"},{"start_time":"151.1","end_time":"151.46","alternatives":[{"confidence":"0.53815","content":"말씀하지"}],"type":"pronunciation"},{"start_time":"151.46","end_time":"152.1","alternatives":[{"confidence":"0.9882","content":"마시고요"}],"type":"pronunciation"},{"alternatives":[{"confidence":"0.0","content":"."}],"type":"punctuation"},{"start_time":"152.13","end_time":"152.29","alternatives":[{"confidence":"0.8629","content":"지금"}],"type":"pronunciation"},{"start_time":"152.29","end_time":"152.49","alternatives":[{"confidence":"0.999","content":"저희가"}],"type":"pronunciation"},{"start_time":"152.49","end_time":"152.85","alternatives":[{"confidence":"0.9998","content":"방법을"}],"type":"pronunciation"},{"start_time":"152.85","end_time":"153.3","alternatives":[{"confidence":"0.42915000000000003","content":"찾아보라고"}],"type":"pronunciation"},{"start_time":"153.3","end_time":"153.47","alternatives":[{"confidence":"0.7595","content":"하는"}],"type":"pronunciation"},{"start_time":"153.47","end_time":"153.98","alternatives":[{"confidence":"0.9782","content":"거예요"}],"type":"pronunciation"},{"alternatives":[{"confidence":"0.0","content":"."}],"type":"punctuation"},{"start_time":"155.86","end_time":"156.1","alternatives":[{"confidence":"0.2396","content":"거기에"}],"type":"pronunciation"},{"start_time":"156.1","end_time":"156.27","alternatives":[{"confidence":"0.2334","content":"께서"}],"type":"pronunciation"},{"start_time":"156.27","end_time":"156.39","alternatives":[{"confidence":"0.3263","content":"이거"}],"type":"pronunciation"},{"start_time":"156.39","end_time":"156.63","alternatives":[{"confidence":"0.9312","content":"만약에"}],"type":"pronunciation"},{"start_time":"156.63","end_time":"156.91","alternatives":[{"confidence":"0.2736","content":"당장"}],"type":"pronunciation"},{"start_time":"157.16","end_time":"157.85","alternatives":[{"confidence":"0.90265","content":"말씀드렸죠"}],"type":"pronunciation"},{"alternatives":[{"confidence":"0.0","content":"."}],"type":"punctuation"},{"start_time":"157.85","end_time":"158.06","alternatives":[{"confidence":"0.983","content":"이거"}],"type":"pronunciation"},{"start_time":"158.06","end_time":"158.33","alternatives":[{"confidence":"0.9923","content":"지금"}],"type":"pronunciation"},{"start_time":"158.33","end_time":"158.59","alternatives":[{"confidence":"1.0","content":"푸는"}],"type":"pronunciation"},{"start_time":"158.59","end_time":"159.19","alternatives":[{"confidence":"1.0","content":"방법은"}],"type":"pronunciation"},{"start_time":"159.92","end_time":"160.92","alternatives":[{"confidence":"0.8953000000000001","content":"나빠하시거나"}],"type":"pronunciation"},{"start_time":"161.2","end_time":"161.53","alternatives":[{"confidence":"1.0","content":"아니면"}],"type":"pronunciation"},{"start_time":"161.56","end_time":"161.82","alternatives":[{"confidence":"0.5026","content":"거기에"}],"type":"pronunciation"},{"start_time":"161.82","end_time":"162.02","alternatives":[{"confidence":"0.9511","content":"하고"}],"type":"pronunciation"},{"start_time":"162.02","end_time":"162.24","alternatives":[{"confidence":"0.5789","content":"이상"}],"type":"pronunciation"},{"start_time":"162.24","end_time":"162.78","alternatives":[{"confidence":"0.98595","content":"과장하고"}],"type":"pronunciation"},{"start_time":"162.78","end_time":"163.14","alternatives":[{"confidence":"0.9794","content":"금방"}],"type":"pronunciation"},{"start_time":"163.14","end_time":"163.92","alternatives":[{"confidence":"0.871375","content":"방문하셔가지고"}],"type":"pronunciation"},{"alternatives":[{"confidence":"0.0","content":"."}],"type":"punctuation"},{"start_time":"164.24","end_time":"164.49","alternatives":[{"confidence":"0.9572","content":"서로"}],"type":"pronunciation"},{"start_time":"164.49","end_time":"164.86","alternatives":[{"confidence":"0.7992","content":"되면"}],"type":"pronunciation"},{"start_time":"164.86","end_time":"165.6","alternatives":[{"confidence":"0.7694","content":"삼자대면해서"}],"type":"pronunciation"},{"start_time":"165.6","end_time":"165.74","alternatives":[{"confidence":"0.9702","content":"이"}],"type":"pronunciation"},{"start_time":"165.74","end_time":"165.95","alternatives":[{"confidence":"0.9999","content":"부분에"}],"type":"pronunciation"},{"start_time":"165.95","end_time":"166.14","alternatives":[{"confidence":"0.9995","content":"대해서"}],"type":"pronunciation"},{"start_time":"166.14","end_time":"166.37","alternatives":[{"confidence":"1.0","content":"어떻게"}],"type":"pronunciation"},{"start_time":"166.37","end_time":"166.85","alternatives":[{"confidence":"0.7990999999999999","content":"처리는지"}],"type":"pronunciation"},{"start_time":"167.04","end_time":"167.18","alternatives":[{"confidence":"0.9057","content":"다"}],"type":"pronunciation"},{"start_time":"167.18","end_time":"167.6","alternatives":[{"confidence":"0.99995","content":"해명을"}],"type":"pronunciation"},{"start_time":"167.6","end_time":"168.15","alternatives":[{"confidence":"0.7337","content":"해야"}],"type":"pronunciation"},{"start_time":"168.19","end_time":"168.7","alternatives":[{"confidence":"0.5165333333333334","content":"구십만원"}],"type":"pronunciation"},{"start_time":"168.7","end_time":"169.21","alternatives":[{"confidence":"0.9962","content":"풀리든지"}],"type":"pronunciation"},{"start_time":"169.21","end_time":"169.56","alternatives":[{"confidence":"0.9447","content":"대출이"}],"type":"pronunciation"},{"start_time":"169.56","end_time":"169.91","alternatives":[{"confidence":"0.8986000000000001","content":"나왔는지"}],"type":"pronunciation"},{"start_time":"169.91","end_time":"170.44","alternatives":[{"confidence":"0.5322","content":"한다고요"}],"type":"pronunciation"},{"alternatives":[{"confidence":"0.0","content":"."}],"type":"punctuation"},{"start_time":"171.23","end_time":"171.4","alternatives":[{"confidence":"0.8214","content":"지금"}],"type":"pronunciation"},{"start_time":"171.4","end_time":"171.46","alternatives":[{"confidence":"0.4724","content":"이"}],"type":"pronunciation"},{"start_time":"171.46","end_time":"171.84","alternatives":[{"confidence":"1.0","content":"상황에서"}],"type":"pronunciation"},{"start_time":"171.84","end_time":"171.97","alternatives":[{"confidence":"0.6908","content":"김"}],"type":"pronunciation"},{"start_time":"171.97","end_time":"172.21","alternatives":[{"confidence":"0.9778","content":"교수님"}],"type":"pronunciation"},{"start_time":"172.24","end_time":"172.41","alternatives":[{"confidence":"0.9983","content":"오늘"}],"type":"pronunciation"},{"start_time":"172.41","end_time":"172.61","alternatives":[{"confidence":"0.7291","content":"해야"}],"type":"pronunciation"},{"start_time":"172.61","end_time":"172.76","alternatives":[{"confidence":"0.8722","content":"돼요"}],"type":"pronunciation"},{"alternatives":[{"confidence":"0.0","content":"."}],"type":"punctuation"},{"start_time":"172.76","end_time":"173.0","alternatives":[{"confidence":"0.969","content":"이렇게"}],"type":"pronunciation"},{"start_time":"173.29","end_time":"173.54","alternatives":[{"confidence":"1.0","content":"자꾸"}],"type":"pronunciation"},{"start_time":"173.54","end_time":"173.76","alternatives":[{"confidence":"0.9684","content":"그렇게"}],"type":"pronunciation"},{"start_time":"173.79","end_time":"174.62","alternatives":[{"confidence":"0.99985","content":"말씀하시면"}],"type":"pronunciation"},{"start_time":"174.99","end_time":"175.29","alternatives":[{"confidence":"1.0","content":"저희가"}],"type":"pronunciation"},{"start_time":"175.29","end_time":"175.6","alternatives":[{"confidence":"0.9989","content":"어떻게"}],"type":"pronunciation"},{"start_time":"175.6","end_time":"176.01","alternatives":[{"confidence":"1.0","content":"하겠습니까"}],"type":"pronunciation"},{"alternatives":[{"confidence":"0.0","content":"?"}],"type":"punctuation"},{"start_time":"176.01","end_time":"176.1","alternatives":[{"confidence":"0.9299","content":"이"}],"type":"pronunciation"},{"start_time":"176.1","end_time":"176.53","alternatives":[{"confidence":"1.0","content":"부분을"}],"type":"pronunciation"},{"start_time":"178.27","end_time":"178.72","alternatives":[{"confidence":"0.8169","content":"그렇잖아요"}],"type":"pronunciation"},{"alternatives":[{"confidence":"0.0","content":"."}],"type":"punctuation"},{"start_time":"178.72","end_time":"178.91","alternatives":[{"confidence":"0.9886","content":"지금"}],"type":"pronunciation"},{"start_time":"178.91","end_time":"179.3","alternatives":[{"confidence":"0.945","content":"상황이"}],"type":"pronunciation"},{"start_time":"179.42","end_time":"179.8","alternatives":[{"confidence":"0.808","content":"그러니까"}],"type":"pronunciation"},{"start_time":"179.8","end_time":"180.26","alternatives":[{"confidence":"0.94205","content":"월요일까지"}],"type":"pronunciation"},{"start_time":"180.26","end_time":"180.61","alternatives":[{"confidence":"0.9738","content":"괜찮다"}],"type":"pronunciation"},{"start_time":"180.61","end_time":"180.79","alternatives":[{"confidence":"0.997","content":"하면"}],"type":"pronunciation"},{"start_time":"180.79","end_time":"180.93","alternatives":[{"confidence":"0.9925","content":"제가"}],"type":"pronunciation"},{"start_time":"180.93","end_time":"181.28","alternatives":[{"confidence":"0.9992","content":"방법을"}],"type":"pronunciation"},{"start_time":"181.28","end_time":"181.87","alternatives":[{"confidence":"0.9317","content":"찾아볼게요"}],"type":"pronunciation"},{"alternatives":[{"confidence":"0.0","content":"."}],"type":"punctuation"},{"start_time":"183.65","end_time":"184.07","alternatives":[{"confidence":"0.8317","content":"결론은"}],"type":"pronunciation"},{"start_time":"184.07","end_time":"184.24","alternatives":[{"confidence":"0.9996","content":"제가"}],"type":"pronunciation"},{"start_time":"184.24","end_time":"184.54","alternatives":[{"confidence":"0.9972","content":"오늘"}],"type":"pronunciation"},{"start_time":"184.54","end_time":"184.71","alternatives":[{"confidence":"0.994","content":"좀"}],"type":"pronunciation"},{"start_time":"184.74","end_time":"185.35","alternatives":[{"confidence":"0.8349666666666667","content":"내드리고요"}],"type":"pronunciation"},{"alternatives":[{"confidence":"0.0","content":"."}],"type":"punctuation"},{"start_time":"189.38","end_time":"189.71","alternatives":[{"confidence":"0.9999","content":"어떻게"}],"type":"pronunciation"},{"start_time":"189.71","end_time":"190.2","alternatives":[{"confidence":"0.89795","content":"진행하게"}],"type":"pronunciation"},{"start_time":"190.2","end_time":"190.63","alternatives":[{"confidence":"0.972","content":"방법은"}],"type":"pronunciation"},{"start_time":"190.63","end_time":"190.79","alternatives":[{"confidence":"0.9997","content":"제가"}],"type":"pronunciation"},{"start_time":"190.79","end_time":"190.95","alternatives":[{"confidence":"0.9099","content":"오늘"}],"type":"pronunciation"},{"start_time":"190.95","end_time":"191.1","alternatives":[{"confidence":"0.6543","content":"중에"}],"type":"pronunciation"},{"start_time":"191.1","end_time":"191.82","alternatives":[{"confidence":"0.87015","content":"찾아볼게요"}],"type":"pronunciation"},{"alternatives":[{"confidence":"0.0","content":"."}],"type":"punctuation"},{"start_time":"194.98","end_time":"195.21","alternatives":[{"confidence":"0.9958","content":"제가"}],"type":"pronunciation"},{"start_time":"195.21","end_time":"195.44","alternatives":[{"confidence":"0.9999","content":"지금"}],"type":"pronunciation"},{"start_time":"195.71","end_time":"195.99","alternatives":[{"confidence":"0.9603","content":"시간도"}],"type":"pronunciation"},{"start_time":"195.99","end_time":"196.23","alternatives":[{"confidence":"0.3987","content":"5"}],"type":"pronunciation"},{"start_time":"196.23","end_time":"196.5","alternatives":[{"confidence":"0.87805","content":"시고요"}],"type":"pronunciation"},{"alternatives":[{"confidence":"0.0","content":"."}],"type":"punctuation"},{"start_time":"196.5","end_time":"196.75","alternatives":[{"confidence":"0.999","content":"제가"}],"type":"pronunciation"},{"start_time":"196.84","end_time":"197.09","alternatives":[{"confidence":"0.9049","content":"좀만"}],"type":"pronunciation"},{"start_time":"197.09","end_time":"197.34","alternatives":[{"confidence":"0.6208","content":"기다려"}],"type":"pronunciation"},{"start_time":"197.34","end_time":"197.74","alternatives":[{"confidence":"1.0","content":"보세요"}],"type":"pronunciation"},{"alternatives":[{"confidence":"0.0","content":"."}],"type":"punctuation"},{"start_time":"198.24","end_time":"198.46","alternatives":[{"confidence":"1.0","content":"일단"}],"type":"pronunciation"},{"start_time":"198.46","end_time":"198.61","alternatives":[{"confidence":"0.8702","content":"저희"}],"type":"pronunciation"},{"start_time":"198.61","end_time":"198.92","alternatives":[{"confidence":"0.5962000000000001","content":"부장님"}],"type":"pronunciation"},{"start_time":"198.92","end_time":"199.27","alternatives":[{"confidence":"0.4656","content":"얘기하고"}],"type":"pronunciation"},{"start_time":"199.27","end_time":"199.79","alternatives":[{"confidence":"0.8043","content":"연락드릴게요"}],"type":"pronunciation"},{"alternatives":[{"confidence":"0.0","content":"."}],"type":"punctuation"}]},"status":"COMPLETED"}