{"jobName":"transcribe_loan15","accountId":"097989105209","results":{"transcripts":[{"transcript":"알아보시고 연락주시면 안 되실까요 지금 잡고 있을 수는 없잖아요? 마시고요. 그런 큰돈이 제가 걸려있기 때문에 그건 알고 있었어요. 그렇기 때문에 제가 최대한 공연이 앞으로 지금 하고 있잖아요. 감사한데요 이제 안 돼 안 될 경우에는 취소를 할 안된다고 하셨어요. 안 된다고 하지 마십시오. 저희가 지금 제가 도전돈이 삼백육십드릴 수가 없어요. 저도 그렇게 너무 좋은데, 지금 되게 돈이 많이 들렸거든요 말고 있었어요. 지금 바로 고기는 앞으로 입금처리 해드렸는데 상으로 보기는 막혀버려가지고. 그러니까 를 못 드려요. 금도 못하고 지금 있잖아요. 그렇게는. 이러므로 사람마다 저 현상으로 저희 코드가 있단 말이에요. 님께서 지금 이 막혀버렸는데 그걸 금을 받아보시는데. 그러니까 그냥 취소를 해야 되나요? 취소를 하시니까 하고 계시는 부분을 저희가 처리해드리겠다고 하시는데 그렇죠. 너무 감사한데. 지금 돈이 없는데 제가 지금 들이잖아요 삼백너무 크거든요 한번만 좀 알아보시고 연락주시면 안 될까요? 지금 어떻게 할 수가 없어요. 그래서 그거를 치료를 해야 되나요? 삼백만원 이러면 너무 아까운 이잖아요. 그래서 아까 가깝고 그냥 그것도 있으시고요. 저는 솔직히 그렇게 하고 싶어요. 왜냐하면 보니까 거잖아요. 그냥 그분들돈이라도 그냥 돌려드리려고 그냥 대출을 포기하는 걸로 그렇게 할 수밖에 없지 않나 싶어요. 지금 그런 자금이 다 나오셨는데 그냥 하시면 저도 지금 삼백둘이 거든요. 부장님이 해주시고 가시는 모를까 상으로도 공기는 오천만원 물러있단 말이에요. 그러니까 그래서 부장님이 해주시고 돈을 해주시고 제 돈을 빼가세요 얼마나 좋겠습니까? 관리가 있으면 얼마나 좋겠습니까? 제가 그렇게 해드렸죠 개인적으로 해주시고 계시거든요. 그럼 저희가 그런 권리가 있으시면 참 좋겠습니다. 제가 다른 사람분양에 들어가서 막 돈 빼고 막 그랬으면 좋겠습니다. 그거를 넣어주는 분이지 줄은 모르십니다. 그걸 또 이제 또 시간도 걸리잖아요. 이거는 푸는 데는 시간이 얼마 안 걸리세요. 그걸 한 삼십 분 걸리잖아요 지금 30 분이라 그런데 지금 했는데 그러니까 제가 정확하게 으로 연락드린 다고 하셨잖아요. 아까 제가 볼 때는 잘 해주신다고 했는데 안 될 것 같아요. 내시고 고객님앞으로. 지금 다섯 명 정도 제가 입금 돌아오시니까 제가 입금시도를 했잖아요. 그렇지도 안 한 건 아니에요. 감사한데요 저는 삼백육십만 너무 커요. 얼마 정도 있고 고객님비용을 부담하실 수 있으세요? 려고 해도 돈 30 만원이요 30 만원 갖고는 오히려 없으시네요. 그러니까요. 그래서"}],"items":[{"start_time":"0.91","end_time":"1.32","alternatives":[{"confidence":"0.09325","content":"알아보시고"}],"type":"pronunciation"},{"start_time":"1.32","end_time":"1.93","alternatives":[{"confidence":"0.8089","content":"연락주시면"}],"type":"pronunciation"},{"start_time":"1.93","end_time":"2.02","alternatives":[{"confidence":"0.9183","content":"안"}],"type":"pronunciation"},{"start_time":"2.02","end_time":"2.67","alternatives":[{"confidence":"0.39815","content":"되실까요"}],"type":"pronunciation"},{"start_time":"3.62","end_time":"3.88","alternatives":[{"confidence":"0.7496","content":"지금"}],"type":"pronunciation"},{"start_time":"3.94","end_time":"4.25","alternatives":[{"confidence":"0.9313","content":"잡고"}],"type":"pronunciation"},{"start_time":"4.25","end_time":"4.5","alternatives":[{"confidence":"0.9654","content":"있을"}],"type":"pronunciation"},{"start_time":"4.5","end_time":"4.74","alternatives":[{"confidence":"0.9584","content":"수는"}],"type":"pronunciation"},{"start_time":"4.74","end_time":"5.62","alternatives":[{"confidence":"0.9998","content":"없잖아요"}],"type":"pronunciation"},{"alternatives":[{"confidence":"0.0","content":"?"}],"type":"punctuation"},{"start_time":"5.94","end_time":"6.48","alternatives":[{"confidence":"0.9944","content":"마시고요"}],"type":"pronunciation"},{"alternatives":[{"confidence":"0.0","content":"."}],"type":"punctuation"},{"start_time":"7.18","end_time":"7.42","alternatives":[{"confidence":"0.5316","content":"그런"}],"type":"pronunciation"},{"start_time":"8.25","end_time":"8.58","alternatives":[{"confidence":"0.8371","content":"큰돈이"}],"type":"pronunciation"},{"start_time":"8.58","end_time":"8.82","alternatives":[{"confidence":"0.9882","content":"제가"}],"type":"pronunciation"},{"start_time":"8.82","end_time":"9.15","alternatives":[{"confidence":"0.5579999999999999","content":"걸려있기"}],"type":"pronunciation"},{"start_time":"9.15","end_time":"9.71","alternatives":[{"confidence":"0.9808","content":"때문에"}],"type":"pronunciation"},{"start_time":"10.44","end_time":"10.74","alternatives":[{"confidence":"0.9484","content":"그건"}],"type":"pronunciation"},{"start_time":"10.74","end_time":"10.99","alternatives":[{"confidence":"0.9597","content":"알고"}],"type":"pronunciation"},{"start_time":"10.99","end_time":"11.34","alternatives":[{"confidence":"0.3283","content":"있었어요"}],"type":"pronunciation"},{"alternatives":[{"confidence":"0.0","content":"."}],"type":"punctuation"},{"start_time":"11.34","end_time":"11.65","alternatives":[{"confidence":"0.6598","content":"그렇기"}],"type":"pronunciation"},{"start_time":"11.65","end_time":"11.93","alternatives":[{"confidence":"0.9698","content":"때문에"}],"type":"pronunciation"},{"start_time":"12.28","end_time":"12.52","alternatives":[{"confidence":"0.8527","content":"제가"}],"type":"pronunciation"},{"start_time":"12.87","end_time":"13.29","alternatives":[{"confidence":"0.9934","content":"최대한"}],"type":"pronunciation"},{"start_time":"13.29","end_time":"13.63","alternatives":[{"confidence":"0.3911","content":"공연이"}],"type":"pronunciation"},{"start_time":"13.79","end_time":"14.1","alternatives":[{"confidence":"0.9931","content":"앞으로"}],"type":"pronunciation"},{"start_time":"14.1","end_time":"14.29","alternatives":[{"confidence":"0.8971","content":"지금"}],"type":"pronunciation"},{"start_time":"14.29","end_time":"14.55","alternatives":[{"confidence":"0.9911","content":"하고"}],"type":"pronunciation"},{"start_time":"14.55","end_time":"15.39","alternatives":[{"confidence":"0.9999","content":"있잖아요"}],"type":"pronunciation"},{"alternatives":[{"confidence":"0.0","content":"."}],"type":"punctuation"},{"start_time":"15.66","end_time":"16.35","alternatives":[{"confidence":"0.98265","content":"감사한데요"}],"type":"pronunciation"},{"start_time":"16.9","end_time":"17.05","alternatives":[{"confidence":"0.7508","content":"이제"}],"type":"pronunciation"},{"start_time":"17.05","end_time":"17.21","alternatives":[{"confidence":"0.4462","content":"안"}],"type":"pronunciation"},{"start_time":"17.21","end_time":"17.64","alternatives":[{"confidence":"0.3881","content":"돼"}],"type":"pronunciation"},{"start_time":"17.67","end_time":"17.85","alternatives":[{"confidence":"0.5147","content":"안"}],"type":"pronunciation"},{"start_time":"17.85","end_time":"17.98","alternatives":[{"confidence":"0.5211","content":"될"}],"type":"pronunciation"},{"start_time":"17.98","end_time":"18.28","alternatives":[{"confidence":"0.9961","content":"경우에는"}],"type":"pronunciation"},{"start_time":"18.28","end_time":"18.63","alternatives":[{"confidence":"0.97065","content":"취소를"}],"type":"pronunciation"},{"start_time":"18.63","end_time":"18.77","alternatives":[{"confidence":"0.4357","content":"할"}],"type":"pronunciation"},{"start_time":"18.8","end_time":"19.29","alternatives":[{"confidence":"0.4405","content":"안된다고"}],"type":"pronunciation"},{"start_time":"19.29","end_time":"19.78","alternatives":[{"confidence":"0.9714","content":"하셨어요"}],"type":"pronunciation"},{"alternatives":[{"confidence":"0.0","content":"."}],"type":"punctuation"},{"start_time":"19.81","end_time":"20.02","alternatives":[{"confidence":"0.5979","content":"안"}],"type":"pronunciation"},{"start_time":"20.02","end_time":"20.5","alternatives":[{"confidence":"0.6052","content":"된다고"}],"type":"pronunciation"},{"start_time":"20.5","end_time":"20.72","alternatives":[{"confidence":"1.0","content":"하지"}],"type":"pronunciation"},{"start_time":"20.72","end_time":"21.14","alternatives":[{"confidence":"0.9992","content":"마십시오"}],"type":"pronunciation"},{"alternatives":[{"confidence":"0.0","content":"."}],"type":"punctuation"},{"start_time":"21.14","end_time":"21.47","alternatives":[{"confidence":"1.0","content":"저희가"}],"type":"pronunciation"},{"start_time":"21.47","end_time":"22.05","alternatives":[{"confidence":"0.9225","content":"지금"}],"type":"pronunciation"},{"start_time":"25.84","end_time":"25.98","alternatives":[{"confidence":"0.1861","content":"제가"}],"type":"pronunciation"},{"start_time":"25.98","end_time":"26.84","alternatives":[{"confidence":"0.66645","content":"도전돈이"}],"type":"pronunciation"},{"start_time":"26.87","end_time":"29.09","alternatives":[{"confidence":"0.7821666666666666","content":"삼백육십드릴"}],"type":"pronunciation"},{"start_time":"29.09","end_time":"29.25","alternatives":[{"confidence":"0.9981","content":"수가"}],"type":"pronunciation"},{"start_time":"29.25","end_time":"29.47","alternatives":[{"confidence":"0.999","content":"없어요"}],"type":"pronunciation"},{"alternatives":[{"confidence":"0.0","content":"."}],"type":"punctuation"},{"start_time":"29.47","end_time":"29.66","alternatives":[{"confidence":"0.9753","content":"저도"}],"type":"pronunciation"},{"start_time":"29.66","end_time":"29.91","alternatives":[{"confidence":"0.7821","content":"그렇게"}],"type":"pronunciation"},{"start_time":"29.91","end_time":"30.1","alternatives":[{"confidence":"0.9991","content":"너무"}],"type":"pronunciation"},{"start_time":"30.1","end_time":"30.7","alternatives":[{"confidence":"0.9996","content":"좋은데"}],"type":"pronunciation"},{"alternatives":[{"confidence":"0.0","content":","}],"type":"punctuation"},{"start_time":"31.0","end_time":"31.37","alternatives":[{"confidence":"0.9057","content":"지금"}],"type":"pronunciation"},{"start_time":"31.77","end_time":"31.94","alternatives":[{"confidence":"0.5093","content":"되게"}],"type":"pronunciation"},{"start_time":"31.94","end_time":"32.1","alternatives":[{"confidence":"0.8947","content":"돈이"}],"type":"pronunciation"},{"start_time":"32.1","end_time":"32.29","alternatives":[{"confidence":"0.9986","content":"많이"}],"type":"pronunciation"},{"start_time":"32.29","end_time":"33.21","alternatives":[{"confidence":"0.86575","content":"들렸거든요"}],"type":"pronunciation"},{"start_time":"33.92","end_time":"34.18","alternatives":[{"confidence":"0.2639","content":"말고"}],"type":"pronunciation"},{"start_time":"34.18","end_time":"34.51","alternatives":[{"confidence":"0.4355","content":"있었어요"}],"type":"pronunciation"},{"alternatives":[{"confidence":"0.0","content":"."}],"type":"punctuation"},{"start_time":"34.89","end_time":"35.42","alternatives":[{"confidence":"0.985","content":"지금"}],"type":"pronunciation"},{"start_time":"35.45","end_time":"35.82","alternatives":[{"confidence":"0.8703","content":"바로"}],"type":"pronunciation"},{"start_time":"35.82","end_time":"36.16","alternatives":[{"confidence":"0.08979999999999999","content":"고기는"}],"type":"pronunciation"},{"start_time":"36.16","end_time":"36.39","alternatives":[{"confidence":"0.0737","content":"앞으로"}],"type":"pronunciation"},{"start_time":"36.39","end_time":"36.79","alternatives":[{"confidence":"0.0356","content":"입금처리"}],"type":"pronunciation"},{"start_time":"36.79","end_time":"37.28","alternatives":[{"confidence":"0.20966666666666667","content":"해드렸는데"}],"type":"pronunciation"},{"start_time":"37.91","end_time":"38.21","alternatives":[{"confidence":"0.1466","content":"상으로"}],"type":"pronunciation"},{"start_time":"38.21","end_time":"38.49","alternatives":[{"confidence":"0.1437","content":"보기는"}],"type":"pronunciation"},{"start_time":"38.49","end_time":"39.53","alternatives":[{"confidence":"0.43670000000000003","content":"막혀버려가지고"}],"type":"pronunciation"},{"alternatives":[{"confidence":"0.0","content":"."}],"type":"punctuation"},{"start_time":"40.04","end_time":"40.4","alternatives":[{"confidence":"0.2052","content":"그러니까"}],"type":"pronunciation"},{"start_time":"40.68","end_time":"40.8","alternatives":[{"confidence":"0.2326","content":"를"}],"type":"pronunciation"},{"start_time":"40.8","end_time":"40.98","alternatives":[{"confidence":"0.415","content":"못"}],"type":"pronunciation"},{"start_time":"41.11","end_time":"41.58","alternatives":[{"confidence":"0.5807","content":"드려요"}],"type":"pronunciation"},{"alternatives":[{"confidence":"0.0","content":"."}],"type":"punctuation"},{"start_time":"42.53","end_time":"42.85","alternatives":[{"confidence":"0.484","content":"금도"}],"type":"pronunciation"},{"start_time":"42.85","end_time":"43.51","alternatives":[{"confidence":"0.8654","content":"못하고"}],"type":"pronunciation"},{"start_time":"43.51","end_time":"43.71","alternatives":[{"confidence":"0.6946","content":"지금"}],"type":"pronunciation"},{"start_time":"43.74","end_time":"44.96","alternatives":[{"confidence":"0.9995","content":"있잖아요"}],"type":"pronunciation"},{"alternatives":[{"confidence":"0.0","content":"."}],"type":"punctuation"},{"start_time":"46.37","end_time":"46.87","alternatives":[{"confidence":"0.09584999999999999","content":"그렇게는"}],"type":"pronunciation"},{"alternatives":[{"confidence":"0.0","content":"."}],"type":"punctuation"},{"start_time":"46.87","end_time":"47.38","alternatives":[{"confidence":"0.0944","content":"이러므로"}],"type":"pronunciation"},{"start_time":"48.28","end_time":"48.69","alternatives":[{"confidence":"0.9939","content":"사람마다"}],"type":"pronunciation"},{"start_time":"48.69","end_time":"48.8","alternatives":[{"confidence":"0.2992","content":"저"}],"type":"pronunciation"},{"start_time":"48.8","end_time":"49.28","alternatives":[{"confidence":"0.9573","content":"현상으로"}],"type":"pronunciation"},{"start_time":"49.28","end_time":"49.47","alternatives":[{"confidence":"0.0468","content":"저희"}],"type":"pronunciation"},{"start_time":"49.59","end_time":"49.92","alternatives":[{"confidence":"0.1392","content":"코드가"}],"type":"pronunciation"},{"start_time":"49.92","end_time":"50.15","alternatives":[{"confidence":"0.9558","content":"있단"}],"type":"pronunciation"},{"start_time":"50.15","end_time":"51.03","alternatives":[{"confidence":"1.0","content":"말이에요"}],"type":"pronunciation"},{"alternatives":[{"confidence":"0.0","content":"."}],"type":"punctuation"},{"start_time":"51.84","end_time":"52.32","alternatives":[{"confidence":"0.9924","content":"님께서"}],"type":"pronunciation"},{"start_time":"52.83","end_time":"53.17","alternatives":[{"confidence":"0.0655","content":"지금"}],"type":"pronunciation"},{"start_time":"53.63","end_time":"53.71","alternatives":[{"confidence":"0.5141","content":"이"}],"type":"pronunciation"},{"start_time":"53.71","end_time":"54.94","alternatives":[{"confidence":"0.9150666666666667","content":"막혀버렸는데"}],"type":"pronunciation"},{"start_time":"55.32","end_time":"55.56","alternatives":[{"confidence":"0.1756","content":"그걸"}],"type":"pronunciation"},{"start_time":"56.83","end_time":"57.04","alternatives":[{"confidence":"0.8566","content":"금을"}],"type":"pronunciation"},{"start_time":"57.04","end_time":"58.17","alternatives":[{"confidence":"0.9107333333333333","content":"받아보시는데"}],"type":"pronunciation"},{"alternatives":[{"confidence":"0.0","content":"."}],"type":"punctuation"},{"start_time":"58.23","end_time":"58.55","alternatives":[{"confidence":"0.7786","content":"그러니까"}],"type":"pronunciation"},{"start_time":"59.13","end_time":"59.39","alternatives":[{"confidence":"0.4085","content":"그냥"}],"type":"pronunciation"},{"start_time":"59.39","end_time":"59.71","alternatives":[{"confidence":"0.7887500000000001","content":"취소를"}],"type":"pronunciation"},{"start_time":"59.71","end_time":"59.89","alternatives":[{"confidence":"0.7946","content":"해야"}],"type":"pronunciation"},{"start_time":"59.89","end_time":"60.32","alternatives":[{"confidence":"0.9685","content":"되나요"}],"type":"pronunciation"},{"alternatives":[{"confidence":"0.0","content":"?"}],"type":"punctuation"},{"start_time":"61.75","end_time":"62.21","alternatives":[{"confidence":"0.9918","content":"취소를"}],"type":"pronunciation"},{"start_time":"62.21","end_time":"62.69","alternatives":[{"confidence":"0.9015500000000001","content":"하시니까"}],"type":"pronunciation"},{"start_time":"63.42","end_time":"63.57","alternatives":[{"confidence":"0.0144","content":"하고"}],"type":"pronunciation"},{"start_time":"63.6","end_time":"63.98","alternatives":[{"confidence":"0.627","content":"계시는"}],"type":"pronunciation"},{"start_time":"63.98","end_time":"64.35","alternatives":[{"confidence":"0.9508","content":"부분을"}],"type":"pronunciation"},{"start_time":"64.7","end_time":"64.95","alternatives":[{"confidence":"0.8336","content":"저희가"}],"type":"pronunciation"},{"start_time":"64.95","end_time":"65.87","alternatives":[{"confidence":"0.6775333333333333","content":"처리해드리겠다고"}],"type":"pronunciation"},{"start_time":"65.87","end_time":"66.49","alternatives":[{"confidence":"0.6573","content":"하시는데"}],"type":"pronunciation"},{"start_time":"67.03","end_time":"67.43","alternatives":[{"confidence":"0.9994","content":"그렇죠"}],"type":"pronunciation"},{"alternatives":[{"confidence":"0.0","content":"."}],"type":"punctuation"},{"start_time":"67.46","end_time":"67.61","alternatives":[{"confidence":"0.9266","content":"너무"}],"type":"pronunciation"},{"start_time":"67.61","end_time":"68.39","alternatives":[{"confidence":"0.98665","content":"감사한데"}],"type":"pronunciation"},{"alternatives":[{"confidence":"0.0","content":"."}],"type":"punctuation"},{"start_time":"68.53","end_time":"68.75","alternatives":[{"confidence":"0.9964","content":"지금"}],"type":"pronunciation"},{"start_time":"68.75","end_time":"68.97","alternatives":[{"confidence":"1.0","content":"돈이"}],"type":"pronunciation"},{"start_time":"68.97","end_time":"69.26","alternatives":[{"confidence":"0.9818","content":"없는데"}],"type":"pronunciation"},{"start_time":"70.07","end_time":"70.27","alternatives":[{"confidence":"0.0097","content":"제가"}],"type":"pronunciation"},{"start_time":"70.27","end_time":"70.47","alternatives":[{"confidence":"0.0282","content":"지금"}],"type":"pronunciation"},{"start_time":"70.67","end_time":"71.4","alternatives":[{"confidence":"0.77115","content":"들이잖아요"}],"type":"pronunciation"},{"start_time":"73.3","end_time":"74.17","alternatives":[{"confidence":"0.7378","content":"삼백너무"}],"type":"pronunciation"},{"start_time":"74.18","end_time":"75.04","alternatives":[{"confidence":"0.5346499999999998","content":"크거든요"}],"type":"pronunciation"},{"start_time":"75.69","end_time":"76.26","alternatives":[{"confidence":"0.6493","content":"한번만"}],"type":"pronunciation"},{"start_time":"76.26","end_time":"76.54","alternatives":[{"confidence":"0.9999","content":"좀"}],"type":"pronunciation"},{"start_time":"76.57","end_time":"77.03","alternatives":[{"confidence":"0.9372","content":"알아보시고"}],"type":"pronunciation"},{"start_time":"77.03","end_time":"77.61","alternatives":[{"confidence":"0.9117","content":"연락주시면"}],"type":"pronunciation"},{"start_time":"77.61","end_time":"77.69","alternatives":[{"confidence":"0.8808","content":"안"}],"type":"pronunciation"},{"start_time":"77.69","end_time":"78.33","alternatives":[{"confidence":"0.936","content":"될까요"}],"type":"pronunciation"},{"alternatives":[{"confidence":"0.0","content":"?"}],"type":"punctuation"},{"start_time":"81.53","end_time":"81.86","alternatives":[{"confidence":"0.9911","content":"지금"}],"type":"pronunciation"},{"start_time":"81.86","end_time":"82.11","alternatives":[{"confidence":"0.999","content":"어떻게"}],"type":"pronunciation"},{"start_time":"82.11","end_time":"82.21","alternatives":[{"confidence":"0.9966","content":"할"}],"type":"pronunciation"},{"start_time":"82.21","end_time":"82.36","alternatives":[{"confidence":"0.9911","content":"수가"}],"type":"pronunciation"},{"start_time":"82.36","end_time":"82.69","alternatives":[{"confidence":"1.0","content":"없어요"}],"type":"pronunciation"},{"alternatives":[{"confidence":"0.0","content":"."}],"type":"punctuation"},{"start_time":"82.72","end_time":"82.93","alternatives":[{"confidence":"0.9987","content":"그래서"}],"type":"pronunciation"},{"start_time":"82.93","end_time":"83.21","alternatives":[{"confidence":"0.53335","content":"그거를"}],"type":"pronunciation"},{"start_time":"83.21","end_time":"83.87","alternatives":[{"confidence":"0.9942","content":"치료를"}],"type":"pronunciation"},{"start_time":"84.12","end_time":"84.33","alternatives":[{"confidence":"0.687","content":"해야"}],"type":"pronunciation"},{"start_time":"84.33","end_time":"84.72","alternatives":[{"confidence":"0.9622","content":"되나요"}],"type":"pronunciation"},{"alternatives":[{"confidence":"0.0","content":"?"}],"type":"punctuation"},{"start_time":"85.49","end_time":"86.07","alternatives":[{"confidence":"0.1654","content":"삼백만원"}],"type":"pronunciation"},{"start_time":"86.56","end_time":"86.8","alternatives":[{"confidence":"0.0406","content":"이러면"}],"type":"pronunciation"},{"start_time":"86.8","end_time":"87.04","alternatives":[{"confidence":"1.0","content":"너무"}],"type":"pronunciation"},{"start_time":"87.04","end_time":"87.63","alternatives":[{"confidence":"0.9052","content":"아까운"}],"type":"pronunciation"},{"start_time":"87.99","end_time":"88.43","alternatives":[{"confidence":"0.4282","content":"이잖아요"}],"type":"pronunciation"},{"alternatives":[{"confidence":"0.0","content":"."}],"type":"punctuation"},{"start_time":"88.46","end_time":"88.73","alternatives":[{"confidence":"0.8028","content":"그래서"}],"type":"pronunciation"},{"start_time":"88.97","end_time":"89.2","alternatives":[{"confidence":"0.0361","content":"아까"}],"type":"pronunciation"},{"start_time":"90.26","end_time":"91.06","alternatives":[{"confidence":"0.5546","content":"가깝고"}],"type":"pronunciation"},{"start_time":"91.18","end_time":"91.48","alternatives":[{"confidence":"0.2267","content":"그냥"}],"type":"pronunciation"},{"start_time":"91.86","end_time":"92.21","alternatives":[{"confidence":"0.2048","content":"그것도"}],"type":"pronunciation"},{"start_time":"92.21","end_time":"92.91","alternatives":[{"confidence":"0.98775","content":"있으시고요"}],"type":"pronunciation"},{"alternatives":[{"confidence":"0.0","content":"."}],"type":"punctuation"},{"start_time":"93.43","end_time":"93.64","alternatives":[{"confidence":"0.9995","content":"저는"}],"type":"pronunciation"},{"start_time":"93.64","end_time":"93.93","alternatives":[{"confidence":"1.0","content":"솔직히"}],"type":"pronunciation"},{"start_time":"93.93","end_time":"94.18","alternatives":[{"confidence":"0.9972","content":"그렇게"}],"type":"pronunciation"},{"start_time":"94.18","end_time":"94.31","alternatives":[{"confidence":"0.9944","content":"하고"}],"type":"pronunciation"},{"start_time":"94.31","end_time":"94.5","alternatives":[{"confidence":"0.9332","content":"싶어요"}],"type":"pronunciation"},{"alternatives":[{"confidence":"0.0","content":"."}],"type":"punctuation"},{"start_time":"94.53","end_time":"94.89","alternatives":[{"confidence":"0.1407","content":"왜냐하면"}],"type":"pronunciation"},{"start_time":"95.49","end_time":"95.75","alternatives":[{"confidence":"0.055","content":"보니까"}],"type":"pronunciation"},{"start_time":"96.0","end_time":"96.55","alternatives":[{"confidence":"0.9957","content":"거잖아요"}],"type":"pronunciation"},{"alternatives":[{"confidence":"0.0","content":"."}],"type":"punctuation"},{"start_time":"98.06","end_time":"98.24","alternatives":[{"confidence":"0.12","content":"그냥"}],"type":"pronunciation"},{"start_time":"98.24","end_time":"99.03","alternatives":[{"confidence":"0.9386333333333333","content":"그분들돈이라도"}],"type":"pronunciation"},{"start_time":"99.6","end_time":"99.8","alternatives":[{"confidence":"0.4897","content":"그냥"}],"type":"pronunciation"},{"start_time":"99.8","end_time":"100.73","alternatives":[{"confidence":"0.9666666666666667","content":"돌려드리려고"}],"type":"pronunciation"},{"start_time":"101.32","end_time":"101.69","alternatives":[{"confidence":"0.987","content":"그냥"}],"type":"pronunciation"},{"start_time":"101.73","end_time":"102.16","alternatives":[{"confidence":"0.149","content":"대출을"}],"type":"pronunciation"},{"start_time":"102.28","end_time":"102.84","alternatives":[{"confidence":"0.9266","content":"포기하는"}],"type":"pronunciation"},{"start_time":"102.84","end_time":"103.01","alternatives":[{"confidence":"0.9266","content":"걸로"}],"type":"pronunciation"},{"start_time":"103.01","end_time":"103.19","alternatives":[{"confidence":"0.9999","content":"그렇게"}],"type":"pronunciation"},{"start_time":"103.19","end_time":"103.28","alternatives":[{"confidence":"0.9863","content":"할"}],"type":"pronunciation"},{"start_time":"103.28","end_time":"103.49","alternatives":[{"confidence":"0.7195","content":"수밖에"}],"type":"pronunciation"},{"start_time":"103.49","end_time":"103.69","alternatives":[{"confidence":"1.0","content":"없지"}],"type":"pronunciation"},{"start_time":"103.69","end_time":"103.91","alternatives":[{"confidence":"1.0","content":"않나"}],"type":"pronunciation"},{"start_time":"103.91","end_time":"104.19","alternatives":[{"confidence":"0.9997","content":"싶어요"}],"type":"pronunciation"},{"alternatives":[{"confidence":"0.0","content":"."}],"type":"punctuation"},{"start_time":"104.19","end_time":"104.63","alternatives":[{"confidence":"0.9015","content":"지금"}],"type":"pronunciation"},{"start_time":"105.65","end_time":"106.01","alternatives":[{"confidence":"0.1959","content":"그런"}],"type":"pronunciation"},{"start_time":"107.29","end_time":"107.65","alternatives":[{"confidence":"0.8717","content":"자금이"}],"type":"pronunciation"},{"start_time":"107.65","end_time":"107.79","alternatives":[{"confidence":"0.833","content":"다"}],"type":"pronunciation"},{"start_time":"107.79","end_time":"108.34","alternatives":[{"confidence":"0.99615","content":"나오셨는데"}],"type":"pronunciation"},{"start_time":"108.34","end_time":"108.64","alternatives":[{"confidence":"0.8808","content":"그냥"}],"type":"pronunciation"},{"start_time":"109.4","end_time":"109.72","alternatives":[{"confidence":"0.5225","content":"하시면"}],"type":"pronunciation"},{"start_time":"110.23","end_time":"110.42","alternatives":[{"confidence":"0.2697","content":"저도"}],"type":"pronunciation"},{"start_time":"110.42","end_time":"110.61","alternatives":[{"confidence":"0.2744","content":"지금"}],"type":"pronunciation"},{"start_time":"110.74","end_time":"111.74","alternatives":[{"confidence":"0.31335","content":"삼백둘이"}],"type":"pronunciation"},{"start_time":"111.74","end_time":"112.06","alternatives":[{"confidence":"0.1785","content":"거든요"}],"type":"pronunciation"},{"alternatives":[{"confidence":"0.0","content":"."}],"type":"punctuation"},{"start_time":"112.52","end_time":"113.29","alternatives":[{"confidence":"0.95975","content":"부장님이"}],"type":"pronunciation"},{"start_time":"113.49","end_time":"113.92","alternatives":[{"confidence":"0.9277","content":"해주시고"}],"type":"pronunciation"},{"start_time":"114.36","end_time":"114.65","alternatives":[{"confidence":"0.012","content":"가시는"}],"type":"pronunciation"},{"start_time":"114.65","end_time":"115.08","alternatives":[{"confidence":"0.3108","content":"모를까"}],"type":"pronunciation"},{"start_time":"118.06","end_time":"118.49","alternatives":[{"confidence":"0.7787","content":"상으로도"}],"type":"pronunciation"},{"start_time":"118.49","end_time":"118.79","alternatives":[{"confidence":"0.04515","content":"공기는"}],"type":"pronunciation"},{"start_time":"118.79","end_time":"119.24","alternatives":[{"confidence":"0.5379499999999999","content":"오천만원"}],"type":"pronunciation"},{"start_time":"119.45","end_time":"119.99","alternatives":[{"confidence":"0.57805","content":"물러있단"}],"type":"pronunciation"},{"start_time":"119.99","end_time":"120.67","alternatives":[{"confidence":"1.0","content":"말이에요"}],"type":"pronunciation"},{"alternatives":[{"confidence":"0.0","content":"."}],"type":"punctuation"},{"start_time":"120.7","end_time":"121.08","alternatives":[{"confidence":"0.9999","content":"그러니까"}],"type":"pronunciation"},{"start_time":"121.08","end_time":"121.56","alternatives":[{"confidence":"0.9687","content":"그래서"}],"type":"pronunciation"},{"start_time":"122.28","end_time":"122.9","alternatives":[{"confidence":"0.98655","content":"부장님이"}],"type":"pronunciation"},{"start_time":"123.64","end_time":"124.36","alternatives":[{"confidence":"0.814","content":"해주시고"}],"type":"pronunciation"},{"start_time":"124.88","end_time":"125.26","alternatives":[{"confidence":"0.9958","content":"돈을"}],"type":"pronunciation"},{"start_time":"125.26","end_time":"125.62","alternatives":[{"confidence":"0.9753","content":"해주시고"}],"type":"pronunciation"},{"start_time":"125.62","end_time":"125.74","alternatives":[{"confidence":"0.0603","content":"제"}],"type":"pronunciation"},{"start_time":"125.74","end_time":"125.95","alternatives":[{"confidence":"0.3067","content":"돈을"}],"type":"pronunciation"},{"start_time":"125.95","end_time":"126.57","alternatives":[{"confidence":"0.3641499999999999","content":"빼가세요"}],"type":"pronunciation"},{"start_time":"129.6","end_time":"129.88","alternatives":[{"confidence":"0.9995","content":"얼마나"}],"type":"pronunciation"},{"start_time":"129.88","end_time":"130.61","alternatives":[{"confidence":"1.0","content":"좋겠습니까"}],"type":"pronunciation"},{"alternatives":[{"confidence":"0.0","content":"?"}],"type":"punctuation"},{"start_time":"131.67","end_time":"132.03","alternatives":[{"confidence":"0.8374","content":"관리가"}],"type":"pronunciation"},{"start_time":"132.03","end_time":"132.35","alternatives":[{"confidence":"0.9252","content":"있으면"}],"type":"pronunciation"},{"start_time":"132.35","end_time":"132.61","alternatives":[{"confidence":"1.0","content":"얼마나"}],"type":"pronunciation"},{"start_time":"132.61","end_time":"133.24","alternatives":[{"confidence":"1.0","content":"좋겠습니까"}],"type":"pronunciation"},{"alternatives":[{"confidence":"0.0","content":"?"}],"type":"punctuation"},{"start_time":"133.24","end_time":"133.5","alternatives":[{"confidence":"0.9995","content":"제가"}],"type":"pronunciation"},{"start_time":"133.5","end_time":"133.81","alternatives":[{"confidence":"0.997","content":"그렇게"}],"type":"pronunciation"},{"start_time":"133.81","end_time":"134.38","alternatives":[{"confidence":"0.9269666666666666","content":"해드렸죠"}],"type":"pronunciation"},{"start_time":"134.47","end_time":"134.93","alternatives":[{"confidence":"0.9999","content":"개인적으로"}],"type":"pronunciation"},{"start_time":"135.08","end_time":"135.38","alternatives":[{"confidence":"0.4606","content":"해주시고"}],"type":"pronunciation"},{"start_time":"135.8","end_time":"136.37","alternatives":[{"confidence":"0.48935","content":"계시거든요"}],"type":"pronunciation"},{"alternatives":[{"confidence":"0.0","content":"."}],"type":"punctuation"},{"start_time":"137.62","end_time":"137.86","alternatives":[{"confidence":"0.5514","content":"그럼"}],"type":"pronunciation"},{"start_time":"137.86","end_time":"138.26","alternatives":[{"confidence":"1.0","content":"저희가"}],"type":"pronunciation"},{"start_time":"138.26","end_time":"138.56","alternatives":[{"confidence":"0.9943","content":"그런"}],"type":"pronunciation"},{"start_time":"138.56","end_time":"138.95","alternatives":[{"confidence":"1.0","content":"권리가"}],"type":"pronunciation"},{"start_time":"138.95","end_time":"139.48","alternatives":[{"confidence":"0.9999","content":"있으시면"}],"type":"pronunciation"},{"start_time":"139.92","end_time":"140.19","alternatives":[{"confidence":"0.9724","content":"참"}],"type":"pronunciation"},{"start_time":"140.19","end_time":"140.84","alternatives":[{"confidence":"1.0","content":"좋겠습니다"}],"type":"pronunciation"},{"alternatives":[{"confidence":"0.0","content":"."}],"type":"punctuation"},{"start_time":"140.84","end_time":"141.1","alternatives":[{"confidence":"0.8012","content":"제가"}],"type":"pronunciation"},{"start_time":"141.37","end_time":"141.63","alternatives":[{"confidence":"0.9756","content":"다른"}],"type":"pronunciation"},{"start_time":"141.63","end_time":"142.48","alternatives":[{"confidence":"0.2781666666666667","content":"사람분양에"}],"type":"pronunciation"},{"start_time":"142.48","end_time":"142.92","alternatives":[{"confidence":"0.9999","content":"들어가서"}],"type":"pronunciation"},{"start_time":"142.92","end_time":"143.08","alternatives":[{"confidence":"0.4521","content":"막"}],"type":"pronunciation"},{"start_time":"143.11","end_time":"143.34","alternatives":[{"confidence":"0.5437","content":"돈"}],"type":"pronunciation"},{"start_time":"143.34","end_time":"143.79","alternatives":[{"confidence":"0.6725","content":"빼고"}],"type":"pronunciation"},{"start_time":"143.79","end_time":"143.97","alternatives":[{"confidence":"0.2977","content":"막"}],"type":"pronunciation"},{"start_time":"143.98","end_time":"144.47","alternatives":[{"confidence":"0.9919","content":"그랬으면"}],"type":"pronunciation"},{"start_time":"144.47","end_time":"145.16","alternatives":[{"confidence":"1.0","content":"좋겠습니다"}],"type":"pronunciation"},{"alternatives":[{"confidence":"0.0","content":"."}],"type":"punctuation"},{"start_time":"146.18","end_time":"146.59","alternatives":[{"confidence":"0.9648000000000001","content":"그거를"}],"type":"pronunciation"},{"start_time":"147.78","end_time":"148.42","alternatives":[{"confidence":"0.7102","content":"넣어주는"}],"type":"pronunciation"},{"start_time":"148.42","end_time":"148.86","alternatives":[{"confidence":"0.542","content":"분이지"}],"type":"pronunciation"},{"start_time":"149.59","end_time":"149.9","alternatives":[{"confidence":"0.9944","content":"줄은"}],"type":"pronunciation"},{"start_time":"149.9","end_time":"150.51","alternatives":[{"confidence":"0.669","content":"모르십니다"}],"type":"pronunciation"},{"alternatives":[{"confidence":"0.0","content":"."}],"type":"punctuation"},{"start_time":"151.67","end_time":"151.95","alternatives":[{"confidence":"0.5662","content":"그걸"}],"type":"pronunciation"},{"start_time":"152.05","end_time":"152.21","alternatives":[{"confidence":"0.582","content":"또"}],"type":"pronunciation"},{"start_time":"152.21","end_time":"152.34","alternatives":[{"confidence":"0.602","content":"이제"}],"type":"pronunciation"},{"start_time":"152.68","end_time":"152.77","alternatives":[{"confidence":"0.2902","content":"또"}],"type":"pronunciation"},{"start_time":"152.77","end_time":"153.12","alternatives":[{"confidence":"0.9022","content":"시간도"}],"type":"pronunciation"},{"start_time":"153.12","end_time":"153.94","alternatives":[{"confidence":"0.99925","content":"걸리잖아요"}],"type":"pronunciation"},{"alternatives":[{"confidence":"0.0","content":"."}],"type":"punctuation"},{"start_time":"154.69","end_time":"155.15","alternatives":[{"confidence":"0.9231","content":"이거는"}],"type":"pronunciation"},{"start_time":"155.15","end_time":"155.4","alternatives":[{"confidence":"0.9955","content":"푸는"}],"type":"pronunciation"},{"start_time":"155.4","end_time":"155.63","alternatives":[{"confidence":"0.9969","content":"데는"}],"type":"pronunciation"},{"start_time":"155.63","end_time":"155.94","alternatives":[{"confidence":"1.0","content":"시간이"}],"type":"pronunciation"},{"start_time":"155.94","end_time":"156.23","alternatives":[{"confidence":"0.9886","content":"얼마"}],"type":"pronunciation"},{"start_time":"156.23","end_time":"156.34","alternatives":[{"confidence":"0.986","content":"안"}],"type":"pronunciation"},{"start_time":"156.34","end_time":"157.01","alternatives":[{"confidence":"0.9358500000000001","content":"걸리세요"}],"type":"pronunciation"},{"alternatives":[{"confidence":"0.0","content":"."}],"type":"punctuation"},{"start_time":"157.46","end_time":"157.75","alternatives":[{"confidence":"0.3968","content":"그걸"}],"type":"pronunciation"},{"start_time":"158.71","end_time":"158.86","alternatives":[{"confidence":"0.6242","content":"한"}],"type":"pronunciation"},{"start_time":"158.86","end_time":"159.07","alternatives":[{"confidence":"0.3354","content":"삼십"}],"type":"pronunciation"},{"start_time":"159.07","end_time":"159.16","alternatives":[{"confidence":"0.4455","content":"분"}],"type":"pronunciation"},{"start_time":"159.22","end_time":"159.71","alternatives":[{"confidence":"0.9107000000000001","content":"걸리잖아요"}],"type":"pronunciation"},{"start_time":"159.95","end_time":"160.21","alternatives":[{"confidence":"0.403","content":"지금"}],"type":"pronunciation"},{"start_time":"161.92","end_time":"162.17","alternatives":[{"confidence":"0.3292","content":"30"}],"type":"pronunciation"},{"start_time":"162.17","end_time":"162.37","alternatives":[{"confidence":"0.27645","content":"분이라"}],"type":"pronunciation"},{"start_time":"162.37","end_time":"162.64","alternatives":[{"confidence":"0.966","content":"그런데"}],"type":"pronunciation"},{"start_time":"162.68","end_time":"162.86","alternatives":[{"confidence":"0.8097","content":"지금"}],"type":"pronunciation"},{"start_time":"163.54","end_time":"164.08","alternatives":[{"confidence":"0.7326","content":"했는데"}],"type":"pronunciation"},{"start_time":"164.13","end_time":"164.62","alternatives":[{"confidence":"0.7104","content":"그러니까"}],"type":"pronunciation"},{"start_time":"165.05","end_time":"165.25","alternatives":[{"confidence":"0.3455","content":"제가"}],"type":"pronunciation"},{"start_time":"165.4","end_time":"165.76","alternatives":[{"confidence":"0.9947","content":"정확하게"}],"type":"pronunciation"},{"start_time":"166.51","end_time":"166.72","alternatives":[{"confidence":"0.9301","content":"으로"}],"type":"pronunciation"},{"start_time":"166.72","end_time":"167.17","alternatives":[{"confidence":"0.6408","content":"연락드린"}],"type":"pronunciation"},{"start_time":"167.17","end_time":"167.34","alternatives":[{"confidence":"0.5168","content":"다고"}],"type":"pronunciation"},{"start_time":"167.34","end_time":"167.93","alternatives":[{"confidence":"1.0","content":"하셨잖아요"}],"type":"pronunciation"},{"alternatives":[{"confidence":"0.0","content":"."}],"type":"punctuation"},{"start_time":"169.26","end_time":"169.47","alternatives":[{"confidence":"5.0E-4","content":"아까"}],"type":"pronunciation"},{"start_time":"169.47","end_time":"169.64","alternatives":[{"confidence":"0.0019","content":"제가"}],"type":"pronunciation"},{"start_time":"170.17","end_time":"170.27","alternatives":[{"confidence":"0.0404","content":"볼"}],"type":"pronunciation"},{"start_time":"170.27","end_time":"170.47","alternatives":[{"confidence":"0.1718","content":"때는"}],"type":"pronunciation"},{"start_time":"170.47","end_time":"170.63","alternatives":[{"confidence":"0.0438","content":"잘"}],"type":"pronunciation"},{"start_time":"170.63","end_time":"171.06","alternatives":[{"confidence":"0.91055","content":"해주신다고"}],"type":"pronunciation"},{"start_time":"171.06","end_time":"171.84","alternatives":[{"confidence":"0.9231","content":"했는데"}],"type":"pronunciation"},{"start_time":"171.93","end_time":"172.08","alternatives":[{"confidence":"0.7436","content":"안"}],"type":"pronunciation"},{"start_time":"172.08","end_time":"172.2","alternatives":[{"confidence":"0.7388","content":"될"}],"type":"pronunciation"},{"start_time":"172.2","end_time":"172.3","alternatives":[{"confidence":"0.9698","content":"것"}],"type":"pronunciation"},{"start_time":"172.3","end_time":"172.78","alternatives":[{"confidence":"0.9283","content":"같아요"}],"type":"pronunciation"},{"alternatives":[{"confidence":"0.0","content":"."}],"type":"punctuation"},{"start_time":"173.19","end_time":"173.89","alternatives":[{"confidence":"0.40264999999999995","content":"내시고"}],"type":"pronunciation"},{"start_time":"173.89","end_time":"174.7","alternatives":[{"confidence":"0.82135","content":"고객님앞으로"}],"type":"pronunciation"},{"alternatives":[{"confidence":"0.0","content":"."}],"type":"punctuation"},{"start_time":"174.7","end_time":"174.96","alternatives":[{"confidence":"0.9854","content":"지금"}],"type":"pronunciation"},{"start_time":"174.96","end_time":"175.25","alternatives":[{"confidence":"0.7991","content":"다섯"}],"type":"pronunciation"},{"start_time":"175.25","end_time":"175.39","alternatives":[{"confidence":"0.9351","content":"명"}],"type":"pronunciation"},{"start_time":"175.39","end_time":"175.67","alternatives":[{"confidence":"0.9145","content":"정도"}],"type":"pronunciation"},{"start_time":"175.67","end_time":"175.9","alternatives":[{"confidence":"0.9887","content":"제가"}],"type":"pronunciation"},{"start_time":"175.9","end_time":"176.21","alternatives":[{"confidence":"0.9108","content":"입금"}],"type":"pronunciation"},{"start_time":"178.13","end_time":"178.94","alternatives":[{"confidence":"0.9791666666666666","content":"돌아오시니까"}],"type":"pronunciation"},{"start_time":"179.2","end_time":"179.47","alternatives":[{"confidence":"0.84","content":"제가"}],"type":"pronunciation"},{"start_time":"179.47","end_time":"180.15","alternatives":[{"confidence":"0.6335999999999999","content":"입금시도를"}],"type":"pronunciation"},{"start_time":"180.15","end_time":"180.71","alternatives":[{"confidence":"0.9675","content":"했잖아요"}],"type":"pronunciation"},{"alternatives":[{"confidence":"0.0","content":"."}],"type":"punctuation"},{"start_time":"180.71","end_time":"181.11","alternatives":[{"confidence":"0.9263","content":"그렇지도"}],"type":"pronunciation"},{"start_time":"181.11","end_time":"181.27","alternatives":[{"confidence":"0.8399","content":"안"}],"type":"pronunciation"},{"start_time":"181.27","end_time":"181.41","alternatives":[{"confidence":"0.9745","content":"한"}],"type":"pronunciation"},{"start_time":"181.41","end_time":"181.56","alternatives":[{"confidence":"0.9513","content":"건"}],"type":"pronunciation"},{"start_time":"181.56","end_time":"182.2","alternatives":[{"confidence":"0.6263","content":"아니에요"}],"type":"pronunciation"},{"alternatives":[{"confidence":"0.0","content":"."}],"type":"punctuation"},{"start_time":"182.53","end_time":"183.08","alternatives":[{"confidence":"0.9481999999999999","content":"감사한데요"}],"type":"pronunciation"},{"start_time":"183.08","end_time":"183.38","alternatives":[{"confidence":"0.8646","content":"저는"}],"type":"pronunciation"},{"start_time":"183.59","end_time":"184.13","alternatives":[{"confidence":"0.7846000000000001","content":"삼백육십만"}],"type":"pronunciation"},{"start_time":"184.13","end_time":"184.33","alternatives":[{"confidence":"0.7928","content":"너무"}],"type":"pronunciation"},{"start_time":"184.36","end_time":"184.79","alternatives":[{"confidence":"0.14080000000000004","content":"커요"}],"type":"pronunciation"},{"alternatives":[{"confidence":"0.0","content":"."}],"type":"punctuation"},{"start_time":"185.7","end_time":"185.99","alternatives":[{"confidence":"0.6618","content":"얼마"}],"type":"pronunciation"},{"start_time":"185.99","end_time":"186.26","alternatives":[{"confidence":"0.6905","content":"정도"}],"type":"pronunciation"},{"start_time":"186.51","end_time":"186.76","alternatives":[{"confidence":"0.5053","content":"있고"}],"type":"pronunciation"},{"start_time":"186.76","end_time":"187.62","alternatives":[{"confidence":"0.71185","content":"고객님비용을"}],"type":"pronunciation"},{"start_time":"187.62","end_time":"188.24","alternatives":[{"confidence":"0.97165","content":"부담하실"}],"type":"pronunciation"},{"start_time":"188.24","end_time":"188.37","alternatives":[{"confidence":"1.0","content":"수"}],"type":"pronunciation"},{"start_time":"188.37","end_time":"189.04","alternatives":[{"confidence":"0.997","content":"있으세요"}],"type":"pronunciation"},{"alternatives":[{"confidence":"0.0","content":"?"}],"type":"punctuation"},{"start_time":"190.53","end_time":"190.71","alternatives":[{"confidence":"0.0073","content":"려고"}],"type":"pronunciation"},{"start_time":"190.71","end_time":"190.84","alternatives":[{"confidence":"0.0056","content":"해도"}],"type":"pronunciation"},{"start_time":"190.84","end_time":"190.99","alternatives":[{"confidence":"0.0138","content":"돈"}],"type":"pronunciation"},{"start_time":"191.39","end_time":"191.68","alternatives":[{"confidence":"0.5836","content":"30"}],"type":"pronunciation"},{"start_time":"191.68","end_time":"192.05","alternatives":[{"confidence":"0.28704999999999997","content":"만원이요"}],"type":"pronunciation"},{"start_time":"194.36","end_time":"194.72","alternatives":[{"confidence":"0.6736","content":"30"}],"type":"pronunciation"},{"start_time":"194.72","end_time":"194.99","alternatives":[{"confidence":"0.5751","content":"만원"}],"type":"pronunciation"},{"start_time":"194.99","end_time":"195.39","alternatives":[{"confidence":"0.07325","content":"갖고는"}],"type":"pronunciation"},{"start_time":"195.39","end_time":"195.72","alternatives":[{"confidence":"0.0178","content":"오히려"}],"type":"pronunciation"},{"start_time":"195.72","end_time":"197.01","alternatives":[{"confidence":"7.5E-4","content":"없으시네요"}],"type":"pronunciation"},{"alternatives":[{"confidence":"0.0","content":"."}],"type":"punctuation"},{"start_time":"197.14","end_time":"197.69","alternatives":[{"confidence":"0.9562999999999999","content":"그러니까요"}],"type":"pronunciation"},{"alternatives":[{"confidence":"0.0","content":"."}],"type":"punctuation"},{"start_time":"197.97","end_time":"198.36","alternatives":[{"confidence":"0.427","content":"그래서"}],"type":"pronunciation"}]},"status":"COMPLETED"}