{"jobName":"transcribe_loan66","accountId":"097989105209","results":{"transcripts":[{"transcript":"보세요. 님아 신가요 저는 담당자로 배정받은 유진저축은행에서 활동을 드리고요. 혹시 잠깐 통화 되시길 쪽으로 대출진행하시려면 필요하신 서류가 간단하게 두 개 정도 필요하신 데 신분증사분이랑 주거래은행삼 개월 입증거래내역두 가지는 보내줘야 되거든요. 혹시 두 가지 보내주시면 얼마나 걸릴 것 같아요? 잠깐 같은데요. 이삼십 분 정도의 문자로 그러면 팩스 번호랑 그런거 문자로 벌을 안내드릴 테니까. 보내주시고 연락한 번만 주시길. 네, 알겠습니다. 알겠습니다. 연락 주신 다음에 이번 으로 연락주신 다음에 설동호 대리찾으시면 바로 연결해주시거든요 바로 연락주세요. 예 예."}],"items":[{"start_time":"0.0","end_time":"0.69","alternatives":[{"confidence":"0.5813","content":"보세요"}],"type":"pronunciation"},{"alternatives":[{"confidence":"0.0","content":"."}],"type":"punctuation"},{"start_time":"2.16","end_time":"2.41","alternatives":[{"confidence":"0.4715","content":"님아"}],"type":"pronunciation"},{"start_time":"2.41","end_time":"3.39","alternatives":[{"confidence":"0.8603","content":"신가요"}],"type":"pronunciation"},{"start_time":"4.48","end_time":"4.75","alternatives":[{"confidence":"0.904","content":"저는"}],"type":"pronunciation"},{"start_time":"5.02","end_time":"5.43","alternatives":[{"confidence":"0.9227","content":"담당자로"}],"type":"pronunciation"},{"start_time":"5.43","end_time":"5.86","alternatives":[{"confidence":"0.58985","content":"배정받은"}],"type":"pronunciation"},{"start_time":"5.86","end_time":"6.8","alternatives":[{"confidence":"0.5384333333333333","content":"유진저축은행에서"}],"type":"pronunciation"},{"start_time":"6.8","end_time":"7.07","alternatives":[{"confidence":"0.8407","content":"활동을"}],"type":"pronunciation"},{"start_time":"7.07","end_time":"7.51","alternatives":[{"confidence":"0.8287","content":"드리고요"}],"type":"pronunciation"},{"alternatives":[{"confidence":"0.0","content":"."}],"type":"punctuation"},{"start_time":"7.54","end_time":"7.78","alternatives":[{"confidence":"0.9968","content":"혹시"}],"type":"pronunciation"},{"start_time":"7.78","end_time":"8.11","alternatives":[{"confidence":"0.9982","content":"잠깐"}],"type":"pronunciation"},{"start_time":"8.11","end_time":"8.3","alternatives":[{"confidence":"0.8869","content":"통화"}],"type":"pronunciation"},{"start_time":"8.3","end_time":"8.66","alternatives":[{"confidence":"0.5902499999999999","content":"되시길"}],"type":"pronunciation"},{"start_time":"10.85","end_time":"11.1","alternatives":[{"confidence":"0.5768","content":"쪽으로"}],"type":"pronunciation"},{"start_time":"11.1","end_time":"12.01","alternatives":[{"confidence":"0.876525","content":"대출진행하시려면"}],"type":"pronunciation"},{"start_time":"12.04","end_time":"12.43","alternatives":[{"confidence":"0.9659","content":"필요하신"}],"type":"pronunciation"},{"start_time":"12.43","end_time":"13.22","alternatives":[{"confidence":"0.98815","content":"서류가"}],"type":"pronunciation"},{"start_time":"13.66","end_time":"14.18","alternatives":[{"confidence":"0.9992","content":"간단하게"}],"type":"pronunciation"},{"start_time":"14.18","end_time":"14.3","alternatives":[{"confidence":"0.8436","content":"두"}],"type":"pronunciation"},{"start_time":"14.3","end_time":"14.39","alternatives":[{"confidence":"0.9293","content":"개"}],"type":"pronunciation"},{"start_time":"14.39","end_time":"14.6","alternatives":[{"confidence":"0.9754","content":"정도"}],"type":"pronunciation"},{"start_time":"14.6","end_time":"15.04","alternatives":[{"confidence":"0.62375","content":"필요하신"}],"type":"pronunciation"},{"start_time":"15.04","end_time":"15.5","alternatives":[{"confidence":"0.7555","content":"데"}],"type":"pronunciation"},{"start_time":"15.72","end_time":"17.0","alternatives":[{"confidence":"0.8988","content":"신분증사분이랑"}],"type":"pronunciation"},{"start_time":"17.03","end_time":"17.98","alternatives":[{"confidence":"0.6904","content":"주거래은행삼"}],"type":"pronunciation"},{"start_time":"17.98","end_time":"18.23","alternatives":[{"confidence":"0.6875","content":"개월"}],"type":"pronunciation"},{"start_time":"18.23","end_time":"19.36","alternatives":[{"confidence":"0.386525","content":"입증거래내역두"}],"type":"pronunciation"},{"start_time":"19.36","end_time":"19.82","alternatives":[{"confidence":"0.9975","content":"가지는"}],"type":"pronunciation"},{"start_time":"19.82","end_time":"20.16","alternatives":[{"confidence":"0.63095","content":"보내줘야"}],"type":"pronunciation"},{"start_time":"20.16","end_time":"21.33","alternatives":[{"confidence":"0.84","content":"되거든요"}],"type":"pronunciation"},{"alternatives":[{"confidence":"0.0","content":"."}],"type":"punctuation"},{"start_time":"21.66","end_time":"21.91","alternatives":[{"confidence":"0.0791","content":"혹시"}],"type":"pronunciation"},{"start_time":"22.0","end_time":"22.11","alternatives":[{"confidence":"0.7959","content":"두"}],"type":"pronunciation"},{"start_time":"22.11","end_time":"22.32","alternatives":[{"confidence":"0.7272","content":"가지"}],"type":"pronunciation"},{"start_time":"22.32","end_time":"22.72","alternatives":[{"confidence":"0.8871","content":"보내주시면"}],"type":"pronunciation"},{"start_time":"22.72","end_time":"22.98","alternatives":[{"confidence":"0.9993","content":"얼마나"}],"type":"pronunciation"},{"start_time":"22.98","end_time":"23.25","alternatives":[{"confidence":"0.7541","content":"걸릴"}],"type":"pronunciation"},{"start_time":"23.25","end_time":"23.34","alternatives":[{"confidence":"0.9652","content":"것"}],"type":"pronunciation"},{"start_time":"23.34","end_time":"23.55","alternatives":[{"confidence":"0.8807","content":"같아요"}],"type":"pronunciation"},{"alternatives":[{"confidence":"0.0","content":"?"}],"type":"punctuation"},{"start_time":"25.34","end_time":"25.73","alternatives":[{"confidence":"0.906","content":"잠깐"}],"type":"pronunciation"},{"start_time":"27.03","end_time":"27.42","alternatives":[{"confidence":"0.02","content":"같은데요"}],"type":"pronunciation"},{"alternatives":[{"confidence":"0.0","content":"."}],"type":"punctuation"},{"start_time":"27.6","end_time":"27.98","alternatives":[{"confidence":"0.47495","content":"이삼십"}],"type":"pronunciation"},{"start_time":"27.98","end_time":"28.1","alternatives":[{"confidence":"0.9926","content":"분"}],"type":"pronunciation"},{"start_time":"28.1","end_time":"28.45","alternatives":[{"confidence":"0.8907","content":"정도의"}],"type":"pronunciation"},{"start_time":"28.87","end_time":"29.27","alternatives":[{"confidence":"0.9896","content":"문자로"}],"type":"pronunciation"},{"start_time":"29.27","end_time":"29.6","alternatives":[{"confidence":"0.9997","content":"그러면"}],"type":"pronunciation"},{"start_time":"29.6","end_time":"29.84","alternatives":[{"confidence":"0.9432","content":"팩스"}],"type":"pronunciation"},{"start_time":"29.84","end_time":"30.16","alternatives":[{"confidence":"0.8949","content":"번호랑"}],"type":"pronunciation"},{"start_time":"30.16","end_time":"30.77","alternatives":[{"confidence":"0.4987","content":"그런거"}],"type":"pronunciation"},{"start_time":"30.83","end_time":"31.34","alternatives":[{"confidence":"0.998","content":"문자로"}],"type":"pronunciation"},{"start_time":"31.34","end_time":"31.59","alternatives":[{"confidence":"0.9536","content":"벌을"}],"type":"pronunciation"},{"start_time":"31.59","end_time":"31.95","alternatives":[{"confidence":"0.57175","content":"안내드릴"}],"type":"pronunciation"},{"start_time":"31.95","end_time":"32.57","alternatives":[{"confidence":"1.0","content":"테니까"}],"type":"pronunciation"},{"alternatives":[{"confidence":"0.0","content":"."}],"type":"punctuation"},{"start_time":"32.83","end_time":"33.48","alternatives":[{"confidence":"0.97665","content":"보내주시고"}],"type":"pronunciation"},{"start_time":"33.48","end_time":"33.79","alternatives":[{"confidence":"0.7922","content":"연락한"}],"type":"pronunciation"},{"start_time":"33.79","end_time":"34.03","alternatives":[{"confidence":"0.6607","content":"번만"}],"type":"pronunciation"},{"start_time":"34.03","end_time":"34.38","alternatives":[{"confidence":"0.3042","content":"주시길"}],"type":"pronunciation"},{"alternatives":[{"confidence":"0.0","content":"."}],"type":"punctuation"},{"start_time":"34.73","end_time":"34.85","alternatives":[{"confidence":"0.0056","content":"네"}],"type":"pronunciation"},{"alternatives":[{"confidence":"0.0","content":","}],"type":"punctuation"},{"start_time":"35.18","end_time":"35.61","alternatives":[{"confidence":"0.1385","content":"알겠습니다"}],"type":"pronunciation"},{"alternatives":[{"confidence":"0.0","content":"."}],"type":"punctuation"},{"start_time":"36.29","end_time":"36.72","alternatives":[{"confidence":"0.0013","content":"알겠습니다"}],"type":"pronunciation"},{"alternatives":[{"confidence":"0.0","content":"."}],"type":"punctuation"},{"start_time":"36.72","end_time":"36.96","alternatives":[{"confidence":"0.3063","content":"연락"}],"type":"pronunciation"},{"start_time":"36.96","end_time":"37.24","alternatives":[{"confidence":"0.9921","content":"주신"}],"type":"pronunciation"},{"start_time":"37.24","end_time":"37.84","alternatives":[{"confidence":"0.9918","content":"다음에"}],"type":"pronunciation"},{"start_time":"37.84","end_time":"38.11","alternatives":[{"confidence":"0.5606","content":"이번"}],"type":"pronunciation"},{"start_time":"38.11","end_time":"38.27","alternatives":[{"confidence":"0.9866","content":"으로"}],"type":"pronunciation"},{"start_time":"38.27","end_time":"38.77","alternatives":[{"confidence":"0.9165000000000001","content":"연락주신"}],"type":"pronunciation"},{"start_time":"38.77","end_time":"39.45","alternatives":[{"confidence":"0.9575","content":"다음에"}],"type":"pronunciation"},{"start_time":"39.88","end_time":"40.42","alternatives":[{"confidence":"0.8479666666666666","content":"설동호"}],"type":"pronunciation"},{"start_time":"40.42","end_time":"41.15","alternatives":[{"confidence":"0.5269666666666667","content":"대리찾으시면"}],"type":"pronunciation"},{"start_time":"41.15","end_time":"41.36","alternatives":[{"confidence":"0.9977","content":"바로"}],"type":"pronunciation"},{"start_time":"41.36","end_time":"42.3","alternatives":[{"confidence":"0.9897333333333332","content":"연결해주시거든요"}],"type":"pronunciation"},{"start_time":"43.99","end_time":"44.17","alternatives":[{"confidence":"0.9754","content":"바로"}],"type":"pronunciation"},{"start_time":"44.17","end_time":"45.26","alternatives":[{"confidence":"0.7949999999999999","content":"연락주세요"}],"type":"pronunciation"},{"alternatives":[{"confidence":"0.0","content":"."}],"type":"punctuation"},{"start_time":"46.0","end_time":"46.15","alternatives":[{"confidence":"0.3595","content":"예"}],"type":"pronunciation"},{"start_time":"46.27","end_time":"46.6","alternatives":[{"confidence":"0.3196","content":"예"}],"type":"pronunciation"},{"alternatives":[{"confidence":"0.0","content":"."}],"type":"punctuation"}]},"status":"COMPLETED"}