{"jobName":"transcribe_loan92","accountId":"097989105209","results":{"transcripts":[{"transcript":"이고요 있으신가요? 대출필요한 게 있으신가요? 연락 드렸어요? 하신 작업 있으세요? 시네요 안녕히 계세요 대출 필요하세요? 물어보잖아요 그러니까 필요하신 자금 있으신가요? 그런 거예요? 제가 있어요 드릴게요 여기는 우리금융쪽 이고요 것 같은 이 금융권입니다 지금 신용이상 없으시죠, 그렇죠? 직장인이세요 하시는 일이 있을 거 아니에요? 그냥 사무직으로 근무하고 있어요 직장인이신데 직장 근무하신 지는 얼마나 되셨고요? 여기 한 육 년 됐죠? 그럼 사대보험도 다 적용되시겠네요? 급여도 다 통장으로 받으시고요 대출은 다른 쪽에 다르기도 했죠? 가능하세요 그러면 연봉을 한 달에 월급은 얼마씩 몇 년 가능하세요? 저는 이 연수인데 성함이 어떻게 되세요? 지금 많은 작업 필요하신 거예요. 얼마나 필요 하신데요 좋겠네요 그러세요. 카드를 사용하시고요 차도 본인차가 있으세요? 안녕하세요. 집도 자가 아니시고요 님 카드만 이용하시는데 최근에 신용대출을 받으려고 서로 나오신 적 있으세요? 의원님 최근에 이제 신용대출쪽으로 진행을 한번 하신 적이 있으시냐고 그렇게 많이 봤죠? 그런 카드는 어떤 하시는데 신용 카드 삼성카드 한 장만 다른 카드 이용 안 하시고요? 언제 마지막으로 해보셨어요? 대출진행한다고 다른 쪽에 그러면 조회기록 때문에 신용쪽은 안 되고 카드 쪽만 가능하세요 조회기록 때문에 안 된다는 게 무슨 얘기죠? 그러니까 카드대출만 가능하시다고요 조회가 안 들어가니까 아니, 카드 한도 내에서 나가는 대출 인데 고인이 결제라든가 생활자금으로 가능 하신데 지금 이제 거기에 생성 카드만 이용하신다고 하셨잖아요. 그렇기 때문에 삼성카드도 저희하고 제휴가 안 돼 있기 때문에 그건 안 되네요. 다른 카드가 있으시면 가능하세요 당일로 결제라든가 생활자금으로 해서 카드론 을 쓰고 계셔도 안녕히 계세요"}],"items":[{"start_time":"0.8","end_time":"1.57","alternatives":[{"confidence":"0.9754","content":"이고요"}],"type":"pronunciation"},{"start_time":"2.35","end_time":"2.76","alternatives":[{"confidence":"0.0356","content":"있으신가요"}],"type":"pronunciation"},{"alternatives":[{"confidence":"0.0","content":"?"}],"type":"punctuation"},{"start_time":"3.21","end_time":"3.76","alternatives":[{"confidence":"0.6295999999999999","content":"대출필요한"}],"type":"pronunciation"},{"start_time":"3.76","end_time":"3.85","alternatives":[{"confidence":"0.725","content":"게"}],"type":"pronunciation"},{"start_time":"3.85","end_time":"4.29","alternatives":[{"confidence":"0.5829","content":"있으신가요"}],"type":"pronunciation"},{"alternatives":[{"confidence":"0.0","content":"?"}],"type":"punctuation"},{"start_time":"4.51","end_time":"4.73","alternatives":[{"confidence":"0.349","content":"연락"}],"type":"pronunciation"},{"start_time":"4.73","end_time":"5.15","alternatives":[{"confidence":"0.6951","content":"드렸어요"}],"type":"pronunciation"},{"alternatives":[{"confidence":"0.0","content":"?"}],"type":"punctuation"},{"start_time":"5.92","end_time":"6.14","alternatives":[{"confidence":"0.0778","content":"하신"}],"type":"pronunciation"},{"start_time":"6.14","end_time":"6.38","alternatives":[{"confidence":"0.0433","content":"작업"}],"type":"pronunciation"},{"start_time":"6.41","end_time":"6.86","alternatives":[{"confidence":"0.2084","content":"있으세요"}],"type":"pronunciation"},{"alternatives":[{"confidence":"0.0","content":"?"}],"type":"punctuation"},{"start_time":"7.77","end_time":"8.24","alternatives":[{"confidence":"0.4938","content":"시네요"}],"type":"pronunciation"},{"start_time":"9.08","end_time":"9.51","alternatives":[{"confidence":"0.9919","content":"안녕히"}],"type":"pronunciation"},{"start_time":"9.51","end_time":"10.37","alternatives":[{"confidence":"0.9992","content":"계세요"}],"type":"pronunciation"},{"start_time":"11.51","end_time":"12.11","alternatives":[{"confidence":"0.0781","content":"대출"}],"type":"pronunciation"},{"start_time":"12.47","end_time":"12.94","alternatives":[{"confidence":"0.3094","content":"필요하세요"}],"type":"pronunciation"},{"alternatives":[{"confidence":"0.0","content":"?"}],"type":"punctuation"},{"start_time":"13.85","end_time":"14.39","alternatives":[{"confidence":"1.0","content":"물어보잖아요"}],"type":"pronunciation"},{"start_time":"15.99","end_time":"16.31","alternatives":[{"confidence":"0.476","content":"그러니까"}],"type":"pronunciation"},{"start_time":"16.34","end_time":"16.82","alternatives":[{"confidence":"0.95905","content":"필요하신"}],"type":"pronunciation"},{"start_time":"16.82","end_time":"17.13","alternatives":[{"confidence":"0.3754","content":"자금"}],"type":"pronunciation"},{"start_time":"17.13","end_time":"17.62","alternatives":[{"confidence":"0.9929","content":"있으신가요"}],"type":"pronunciation"},{"alternatives":[{"confidence":"0.0","content":"?"}],"type":"punctuation"},{"start_time":"17.92","end_time":"18.11","alternatives":[{"confidence":"0.0561","content":"그런"}],"type":"pronunciation"},{"start_time":"18.11","end_time":"18.32","alternatives":[{"confidence":"0.0523","content":"거예요"}],"type":"pronunciation"},{"alternatives":[{"confidence":"0.0","content":"?"}],"type":"punctuation"},{"start_time":"18.56","end_time":"18.96","alternatives":[{"confidence":"0.5132","content":"제가"}],"type":"pronunciation"},{"start_time":"19.17","end_time":"19.8","alternatives":[{"confidence":"0.8769","content":"있어요"}],"type":"pronunciation"},{"start_time":"20.86","end_time":"21.29","alternatives":[{"confidence":"0.8785","content":"드릴게요"}],"type":"pronunciation"},{"start_time":"22.77","end_time":"23.11","alternatives":[{"confidence":"0.9916","content":"여기는"}],"type":"pronunciation"},{"start_time":"23.11","end_time":"24.61","alternatives":[{"confidence":"0.6105333333333334","content":"우리금융쪽"}],"type":"pronunciation"},{"start_time":"24.61","end_time":"25.61","alternatives":[{"confidence":"0.9994","content":"이고요"}],"type":"pronunciation"},{"start_time":"28.3","end_time":"28.4","alternatives":[{"confidence":"0.5426","content":"것"}],"type":"pronunciation"},{"start_time":"28.4","end_time":"28.63","alternatives":[{"confidence":"0.7514","content":"같은"}],"type":"pronunciation"},{"start_time":"28.63","end_time":"28.73","alternatives":[{"confidence":"0.9609","content":"이"}],"type":"pronunciation"},{"start_time":"28.73","end_time":"29.44","alternatives":[{"confidence":"0.7624","content":"금융권입니다"}],"type":"pronunciation"},{"start_time":"32.46","end_time":"32.64","alternatives":[{"confidence":"0.0832","content":"지금"}],"type":"pronunciation"},{"start_time":"32.64","end_time":"33.46","alternatives":[{"confidence":"0.35359999999999997","content":"신용이상"}],"type":"pronunciation"},{"start_time":"33.46","end_time":"34.0","alternatives":[{"confidence":"0.9979","content":"없으시죠"}],"type":"pronunciation"},{"alternatives":[{"confidence":"0.0","content":","}],"type":"punctuation"},{"start_time":"34.72","end_time":"35.14","alternatives":[{"confidence":"0.9944","content":"그렇죠"}],"type":"pronunciation"},{"alternatives":[{"confidence":"0.0","content":"?"}],"type":"punctuation"},{"start_time":"35.77","end_time":"36.65","alternatives":[{"confidence":"0.9991","content":"직장인이세요"}],"type":"pronunciation"},{"start_time":"36.65","end_time":"37.03","alternatives":[{"confidence":"0.99","content":"하시는"}],"type":"pronunciation"},{"start_time":"37.03","end_time":"37.18","alternatives":[{"confidence":"0.9945","content":"일이"}],"type":"pronunciation"},{"start_time":"37.18","end_time":"37.38","alternatives":[{"confidence":"0.9997","content":"있을"}],"type":"pronunciation"},{"start_time":"37.38","end_time":"37.49","alternatives":[{"confidence":"0.9906","content":"거"}],"type":"pronunciation"},{"start_time":"37.49","end_time":"37.77","alternatives":[{"confidence":"0.8644","content":"아니에요"}],"type":"pronunciation"},{"alternatives":[{"confidence":"0.0","content":"?"}],"type":"punctuation"},{"start_time":"38.42","end_time":"38.62","alternatives":[{"confidence":"0.8138","content":"그냥"}],"type":"pronunciation"},{"start_time":"38.62","end_time":"39.04","alternatives":[{"confidence":"0.84335","content":"사무직으로"}],"type":"pronunciation"},{"start_time":"39.04","end_time":"39.33","alternatives":[{"confidence":"0.2714","content":"근무하고"}],"type":"pronunciation"},{"start_time":"39.33","end_time":"39.63","alternatives":[{"confidence":"0.3977","content":"있어요"}],"type":"pronunciation"},{"start_time":"40.2","end_time":"41.01","alternatives":[{"confidence":"0.3551","content":"직장인이신데"}],"type":"pronunciation"},{"start_time":"41.38","end_time":"41.69","alternatives":[{"confidence":"0.7891","content":"직장"}],"type":"pronunciation"},{"start_time":"41.69","end_time":"42.12","alternatives":[{"confidence":"0.7462","content":"근무하신"}],"type":"pronunciation"},{"start_time":"42.12","end_time":"42.29","alternatives":[{"confidence":"0.5981","content":"지는"}],"type":"pronunciation"},{"start_time":"42.29","end_time":"42.6","alternatives":[{"confidence":"1.0","content":"얼마나"}],"type":"pronunciation"},{"start_time":"42.6","end_time":"43.31","alternatives":[{"confidence":"0.9035500000000001","content":"되셨고요"}],"type":"pronunciation"},{"alternatives":[{"confidence":"0.0","content":"?"}],"type":"punctuation"},{"start_time":"43.4","end_time":"44.0","alternatives":[{"confidence":"0.8564","content":"여기"}],"type":"pronunciation"},{"start_time":"44.0","end_time":"44.16","alternatives":[{"confidence":"0.7938","content":"한"}],"type":"pronunciation"},{"start_time":"44.49","end_time":"44.62","alternatives":[{"confidence":"0.3377","content":"육"}],"type":"pronunciation"},{"start_time":"44.62","end_time":"44.75","alternatives":[{"confidence":"0.8786","content":"년"}],"type":"pronunciation"},{"start_time":"44.75","end_time":"45.06","alternatives":[{"confidence":"0.9818","content":"됐죠"}],"type":"pronunciation"},{"alternatives":[{"confidence":"0.0","content":"?"}],"type":"punctuation"},{"start_time":"46.79","end_time":"47.03","alternatives":[{"confidence":"0.8664","content":"그럼"}],"type":"pronunciation"},{"start_time":"47.5","end_time":"48.12","alternatives":[{"confidence":"0.690325","content":"사대보험도"}],"type":"pronunciation"},{"start_time":"48.12","end_time":"48.27","alternatives":[{"confidence":"0.9385","content":"다"}],"type":"pronunciation"},{"start_time":"48.27","end_time":"49.67","alternatives":[{"confidence":"0.932","content":"적용되시겠네요"}],"type":"pronunciation"},{"alternatives":[{"confidence":"0.0","content":"?"}],"type":"punctuation"},{"start_time":"52.05","end_time":"52.51","alternatives":[{"confidence":"0.50995","content":"급여도"}],"type":"pronunciation"},{"start_time":"52.51","end_time":"52.64","alternatives":[{"confidence":"0.4528","content":"다"}],"type":"pronunciation"},{"start_time":"52.64","end_time":"53.11","alternatives":[{"confidence":"0.999","content":"통장으로"}],"type":"pronunciation"},{"start_time":"53.11","end_time":"53.69","alternatives":[{"confidence":"0.70975","content":"받으시고요"}],"type":"pronunciation"},{"start_time":"55.99","end_time":"56.41","alternatives":[{"confidence":"0.47085","content":"대출은"}],"type":"pronunciation"},{"start_time":"58.1","end_time":"58.38","alternatives":[{"confidence":"0.8524","content":"다른"}],"type":"pronunciation"},{"start_time":"58.38","end_time":"58.71","alternatives":[{"confidence":"0.1791","content":"쪽에"}],"type":"pronunciation"},{"start_time":"59.03","end_time":"60.87","alternatives":[{"confidence":"0.027999999999999997","content":"다르기도"}],"type":"pronunciation"},{"start_time":"60.87","end_time":"61.21","alternatives":[{"confidence":"0.0949","content":"했죠"}],"type":"pronunciation"},{"alternatives":[{"confidence":"0.0","content":"?"}],"type":"punctuation"},{"start_time":"63.43","end_time":"64.06","alternatives":[{"confidence":"0.3537","content":"가능하세요"}],"type":"pronunciation"},{"start_time":"64.91","end_time":"65.21","alternatives":[{"confidence":"0.9079","content":"그러면"}],"type":"pronunciation"},{"start_time":"65.48","end_time":"66.02","alternatives":[{"confidence":"0.9232","content":"연봉을"}],"type":"pronunciation"},{"start_time":"66.02","end_time":"66.16","alternatives":[{"confidence":"0.8332","content":"한"}],"type":"pronunciation"},{"start_time":"66.16","end_time":"66.38","alternatives":[{"confidence":"0.7965","content":"달에"}],"type":"pronunciation"},{"start_time":"66.38","end_time":"66.76","alternatives":[{"confidence":"0.9989","content":"월급은"}],"type":"pronunciation"},{"start_time":"66.76","end_time":"67.39","alternatives":[{"confidence":"0.7099500000000001","content":"얼마씩"}],"type":"pronunciation"},{"start_time":"70.96","end_time":"71.14","alternatives":[{"confidence":"0.0404","content":"몇"}],"type":"pronunciation"},{"start_time":"71.14","end_time":"71.28","alternatives":[{"confidence":"0.018","content":"년"}],"type":"pronunciation"},{"start_time":"74.6","end_time":"75.3","alternatives":[{"confidence":"0.9932000000000001","content":"가능하세요"}],"type":"pronunciation"},{"alternatives":[{"confidence":"0.0","content":"?"}],"type":"punctuation"},{"start_time":"75.3","end_time":"75.59","alternatives":[{"confidence":"0.9993","content":"저는"}],"type":"pronunciation"},{"start_time":"75.59","end_time":"75.79","alternatives":[{"confidence":"0.5624","content":"이"}],"type":"pronunciation"},{"start_time":"75.79","end_time":"76.29","alternatives":[{"confidence":"0.6366","content":"연수인데"}],"type":"pronunciation"},{"start_time":"76.29","end_time":"76.68","alternatives":[{"confidence":"1.0","content":"성함이"}],"type":"pronunciation"},{"start_time":"76.68","end_time":"76.94","alternatives":[{"confidence":"1.0","content":"어떻게"}],"type":"pronunciation"},{"start_time":"76.94","end_time":"77.77","alternatives":[{"confidence":"1.0","content":"되세요"}],"type":"pronunciation"},{"alternatives":[{"confidence":"0.0","content":"?"}],"type":"punctuation"},{"start_time":"79.47","end_time":"79.83","alternatives":[{"confidence":"0.8976","content":"지금"}],"type":"pronunciation"},{"start_time":"80.13","end_time":"80.51","alternatives":[{"confidence":"0.9423","content":"많은"}],"type":"pronunciation"},{"start_time":"80.51","end_time":"80.73","alternatives":[{"confidence":"0.5137","content":"작업"}],"type":"pronunciation"},{"start_time":"80.73","end_time":"81.13","alternatives":[{"confidence":"0.9545","content":"필요하신"}],"type":"pronunciation"},{"start_time":"81.13","end_time":"81.35","alternatives":[{"confidence":"0.7694","content":"거예요"}],"type":"pronunciation"},{"alternatives":[{"confidence":"0.0","content":"."}],"type":"punctuation"},{"start_time":"81.35","end_time":"81.7","alternatives":[{"confidence":"0.571","content":"얼마나"}],"type":"pronunciation"},{"start_time":"81.7","end_time":"81.87","alternatives":[{"confidence":"0.2084","content":"필요"}],"type":"pronunciation"},{"start_time":"81.87","end_time":"82.37","alternatives":[{"confidence":"0.55045","content":"하신데요"}],"type":"pronunciation"},{"start_time":"85.14","end_time":"85.88","alternatives":[{"confidence":"0.864","content":"좋겠네요"}],"type":"pronunciation"},{"start_time":"85.94","end_time":"86.66","alternatives":[{"confidence":"0.9084","content":"그러세요"}],"type":"pronunciation"},{"alternatives":[{"confidence":"0.0","content":"."}],"type":"punctuation"},{"start_time":"86.97","end_time":"87.38","alternatives":[{"confidence":"0.6106","content":"카드를"}],"type":"pronunciation"},{"start_time":"87.38","end_time":"88.45","alternatives":[{"confidence":"0.9801333333333334","content":"사용하시고요"}],"type":"pronunciation"},{"start_time":"90.21","end_time":"90.79","alternatives":[{"confidence":"0.2751","content":"차도"}],"type":"pronunciation"},{"start_time":"90.79","end_time":"91.63","alternatives":[{"confidence":"0.7175","content":"본인차가"}],"type":"pronunciation"},{"start_time":"91.63","end_time":"92.39","alternatives":[{"confidence":"0.9997","content":"있으세요"}],"type":"pronunciation"},{"alternatives":[{"confidence":"0.0","content":"?"}],"type":"punctuation"},{"start_time":"93.47","end_time":"94.0","alternatives":[{"confidence":"0.1046","content":"안녕하세요"}],"type":"pronunciation"},{"alternatives":[{"confidence":"0.0","content":"."}],"type":"punctuation"},{"start_time":"94.43","end_time":"94.79","alternatives":[{"confidence":"0.8028","content":"집도"}],"type":"pronunciation"},{"start_time":"94.79","end_time":"95.14","alternatives":[{"confidence":"0.8219","content":"자가"}],"type":"pronunciation"},{"start_time":"95.14","end_time":"95.98","alternatives":[{"confidence":"0.9836333333333332","content":"아니시고요"}],"type":"pronunciation"},{"start_time":"96.24","end_time":"96.63","alternatives":[{"confidence":"0.1537","content":"님"}],"type":"pronunciation"},{"start_time":"97.39","end_time":"97.82","alternatives":[{"confidence":"0.70065","content":"카드만"}],"type":"pronunciation"},{"start_time":"97.82","end_time":"98.45","alternatives":[{"confidence":"0.9862","content":"이용하시는데"}],"type":"pronunciation"},{"start_time":"98.45","end_time":"98.92","alternatives":[{"confidence":"0.7451","content":"최근에"}],"type":"pronunciation"},{"start_time":"98.92","end_time":"99.45","alternatives":[{"confidence":"0.93925","content":"신용대출을"}],"type":"pronunciation"},{"start_time":"99.45","end_time":"99.97","alternatives":[{"confidence":"0.9614","content":"받으려고"}],"type":"pronunciation"},{"start_time":"99.97","end_time":"100.19","alternatives":[{"confidence":"0.6695","content":"서로"}],"type":"pronunciation"},{"start_time":"100.19","end_time":"100.5","alternatives":[{"confidence":"0.84675","content":"나오신"}],"type":"pronunciation"},{"start_time":"100.5","end_time":"100.64","alternatives":[{"confidence":"0.6281","content":"적"}],"type":"pronunciation"},{"start_time":"100.64","end_time":"101.04","alternatives":[{"confidence":"0.9998","content":"있으세요"}],"type":"pronunciation"},{"alternatives":[{"confidence":"0.0","content":"?"}],"type":"punctuation"},{"start_time":"101.04","end_time":"101.48","alternatives":[{"confidence":"0.4625","content":"의원님"}],"type":"pronunciation"},{"start_time":"103.49","end_time":"104.2","alternatives":[{"confidence":"0.6855","content":"최근에"}],"type":"pronunciation"},{"start_time":"104.74","end_time":"104.98","alternatives":[{"confidence":"0.8617","content":"이제"}],"type":"pronunciation"},{"start_time":"105.01","end_time":"105.79","alternatives":[{"confidence":"0.8539666666666667","content":"신용대출쪽으로"}],"type":"pronunciation"},{"start_time":"105.79","end_time":"106.16","alternatives":[{"confidence":"0.9901","content":"진행을"}],"type":"pronunciation"},{"start_time":"106.16","end_time":"106.47","alternatives":[{"confidence":"0.9136","content":"한번"}],"type":"pronunciation"},{"start_time":"106.47","end_time":"106.74","alternatives":[{"confidence":"0.9616","content":"하신"}],"type":"pronunciation"},{"start_time":"106.74","end_time":"106.94","alternatives":[{"confidence":"0.9995","content":"적이"}],"type":"pronunciation"},{"start_time":"106.94","end_time":"107.66","alternatives":[{"confidence":"0.81985","content":"있으시냐고"}],"type":"pronunciation"},{"start_time":"107.9","end_time":"108.14","alternatives":[{"confidence":"0.0697","content":"그렇게"}],"type":"pronunciation"},{"start_time":"108.14","end_time":"108.36","alternatives":[{"confidence":"0.7304","content":"많이"}],"type":"pronunciation"},{"start_time":"108.36","end_time":"108.74","alternatives":[{"confidence":"0.9749","content":"봤죠"}],"type":"pronunciation"},{"alternatives":[{"confidence":"0.0","content":"?"}],"type":"punctuation"},{"start_time":"111.82","end_time":"112.07","alternatives":[{"confidence":"0.547","content":"그런"}],"type":"pronunciation"},{"start_time":"112.07","end_time":"112.43","alternatives":[{"confidence":"0.4023","content":"카드는"}],"type":"pronunciation"},{"start_time":"112.43","end_time":"112.61","alternatives":[{"confidence":"0.1863","content":"어떤"}],"type":"pronunciation"},{"start_time":"112.96","end_time":"113.37","alternatives":[{"confidence":"0.884","content":"하시는데"}],"type":"pronunciation"},{"start_time":"116.12","end_time":"116.46","alternatives":[{"confidence":"0.003","content":"신용"}],"type":"pronunciation"},{"start_time":"116.46","end_time":"116.74","alternatives":[{"confidence":"4.0E-4","content":"카드"}],"type":"pronunciation"},{"start_time":"118.31","end_time":"118.83","alternatives":[{"confidence":"0.73325","content":"삼성카드"}],"type":"pronunciation"},{"start_time":"118.83","end_time":"118.93","alternatives":[{"confidence":"0.2587","content":"한"}],"type":"pronunciation"},{"start_time":"118.93","end_time":"119.2","alternatives":[{"confidence":"0.11565","content":"장만"}],"type":"pronunciation"},{"start_time":"119.65","end_time":"119.86","alternatives":[{"confidence":"0.8342","content":"다른"}],"type":"pronunciation"},{"start_time":"119.86","end_time":"120.1","alternatives":[{"confidence":"0.3813","content":"카드"}],"type":"pronunciation"},{"start_time":"120.1","end_time":"120.27","alternatives":[{"confidence":"0.2827","content":"이용"}],"type":"pronunciation"},{"start_time":"120.27","end_time":"120.37","alternatives":[{"confidence":"0.4252","content":"안"}],"type":"pronunciation"},{"start_time":"120.37","end_time":"121.18","alternatives":[{"confidence":"0.9975499999999999","content":"하시고요"}],"type":"pronunciation"},{"alternatives":[{"confidence":"0.0","content":"?"}],"type":"punctuation"},{"start_time":"122.52","end_time":"122.92","alternatives":[{"confidence":"0.9729","content":"언제"}],"type":"pronunciation"},{"start_time":"122.92","end_time":"123.44","alternatives":[{"confidence":"1.0","content":"마지막으로"}],"type":"pronunciation"},{"start_time":"123.44","end_time":"123.96","alternatives":[{"confidence":"0.91585","content":"해보셨어요"}],"type":"pronunciation"},{"alternatives":[{"confidence":"0.0","content":"?"}],"type":"punctuation"},{"start_time":"124.39","end_time":"125.36","alternatives":[{"confidence":"0.8286000000000001","content":"대출진행한다고"}],"type":"pronunciation"},{"start_time":"125.36","end_time":"125.64","alternatives":[{"confidence":"0.8284","content":"다른"}],"type":"pronunciation"},{"start_time":"125.64","end_time":"125.97","alternatives":[{"confidence":"0.0632","content":"쪽에"}],"type":"pronunciation"},{"start_time":"128.47","end_time":"128.91","alternatives":[{"confidence":"0.9953","content":"그러면"}],"type":"pronunciation"},{"start_time":"129.24","end_time":"129.74","alternatives":[{"confidence":"0.7558499999999999","content":"조회기록"}],"type":"pronunciation"},{"start_time":"129.74","end_time":"130.01","alternatives":[{"confidence":"0.9935","content":"때문에"}],"type":"pronunciation"},{"start_time":"130.01","end_time":"130.55","alternatives":[{"confidence":"0.9087000000000001","content":"신용쪽은"}],"type":"pronunciation"},{"start_time":"130.55","end_time":"130.68","alternatives":[{"confidence":"0.2079","content":"안"}],"type":"pronunciation"},{"start_time":"130.68","end_time":"131.34","alternatives":[{"confidence":"0.2057","content":"되고"}],"type":"pronunciation"},{"start_time":"131.54","end_time":"131.87","alternatives":[{"confidence":"0.6104","content":"카드"}],"type":"pronunciation"},{"start_time":"131.87","end_time":"132.18","alternatives":[{"confidence":"0.93365","content":"쪽만"}],"type":"pronunciation"},{"start_time":"132.18","end_time":"132.86","alternatives":[{"confidence":"0.9817","content":"가능하세요"}],"type":"pronunciation"},{"start_time":"133.16","end_time":"133.65","alternatives":[{"confidence":"0.7475","content":"조회기록"}],"type":"pronunciation"},{"start_time":"133.65","end_time":"134.12","alternatives":[{"confidence":"0.8977","content":"때문에"}],"type":"pronunciation"},{"start_time":"135.07","end_time":"135.13","alternatives":[{"confidence":"0.0021","content":"안"}],"type":"pronunciation"},{"start_time":"135.13","end_time":"135.37","alternatives":[{"confidence":"0.1543","content":"된다는"}],"type":"pronunciation"},{"start_time":"135.37","end_time":"135.43","alternatives":[{"confidence":"0.562","content":"게"}],"type":"pronunciation"},{"start_time":"135.43","end_time":"135.62","alternatives":[{"confidence":"0.8863","content":"무슨"}],"type":"pronunciation"},{"start_time":"135.62","end_time":"135.92","alternatives":[{"confidence":"0.9148000000000001","content":"얘기죠"}],"type":"pronunciation"},{"alternatives":[{"confidence":"0.0","content":"?"}],"type":"punctuation"},{"start_time":"136.16","end_time":"136.58","alternatives":[{"confidence":"0.975","content":"그러니까"}],"type":"pronunciation"},{"start_time":"136.58","end_time":"137.37","alternatives":[{"confidence":"0.8254","content":"카드대출만"}],"type":"pronunciation"},{"start_time":"137.37","end_time":"138.33","alternatives":[{"confidence":"0.8037000000000001","content":"가능하시다고요"}],"type":"pronunciation"},{"start_time":"138.36","end_time":"138.77","alternatives":[{"confidence":"0.9688","content":"조회가"}],"type":"pronunciation"},{"start_time":"138.77","end_time":"138.88","alternatives":[{"confidence":"0.8558","content":"안"}],"type":"pronunciation"},{"start_time":"138.88","end_time":"139.66","alternatives":[{"confidence":"0.9993000000000001","content":"들어가니까"}],"type":"pronunciation"},{"start_time":"141.29","end_time":"141.64","alternatives":[{"confidence":"0.0406","content":"아니"}],"type":"pronunciation"},{"alternatives":[{"confidence":"0.0","content":","}],"type":"punctuation"},{"start_time":"141.64","end_time":"141.96","alternatives":[{"confidence":"0.5152","content":"카드"}],"type":"pronunciation"},{"start_time":"141.96","end_time":"142.33","alternatives":[{"confidence":"0.96435","content":"한도"}],"type":"pronunciation"},{"start_time":"142.33","end_time":"142.71","alternatives":[{"confidence":"0.9995","content":"내에서"}],"type":"pronunciation"},{"start_time":"142.71","end_time":"143.1","alternatives":[{"confidence":"0.9786","content":"나가는"}],"type":"pronunciation"},{"start_time":"143.1","end_time":"143.44","alternatives":[{"confidence":"0.6616","content":"대출"}],"type":"pronunciation"},{"start_time":"143.44","end_time":"144.1","alternatives":[{"confidence":"0.9899","content":"인데"}],"type":"pronunciation"},{"start_time":"144.13","end_time":"144.49","alternatives":[{"confidence":"0.8682","content":"고인이"}],"type":"pronunciation"},{"start_time":"144.49","end_time":"145.23","alternatives":[{"confidence":"0.8887","content":"결제라든가"}],"type":"pronunciation"},{"start_time":"145.23","end_time":"146.02","alternatives":[{"confidence":"0.9702500000000001","content":"생활자금으로"}],"type":"pronunciation"},{"start_time":"146.02","end_time":"146.32","alternatives":[{"confidence":"0.9477","content":"가능"}],"type":"pronunciation"},{"start_time":"146.32","end_time":"147.11","alternatives":[{"confidence":"0.9799","content":"하신데"}],"type":"pronunciation"},{"start_time":"147.14","end_time":"147.42","alternatives":[{"confidence":"0.9976","content":"지금"}],"type":"pronunciation"},{"start_time":"147.42","end_time":"147.73","alternatives":[{"confidence":"0.998","content":"이제"}],"type":"pronunciation"},{"start_time":"147.76","end_time":"148.04","alternatives":[{"confidence":"0.2742","content":"거기에"}],"type":"pronunciation"},{"start_time":"148.1","end_time":"148.41","alternatives":[{"confidence":"0.7766","content":"생성"}],"type":"pronunciation"},{"start_time":"148.41","end_time":"148.77","alternatives":[{"confidence":"0.93875","content":"카드만"}],"type":"pronunciation"},{"start_time":"148.77","end_time":"149.36","alternatives":[{"confidence":"0.9926","content":"이용하신다고"}],"type":"pronunciation"},{"start_time":"149.36","end_time":"150.56","alternatives":[{"confidence":"1.0","content":"하셨잖아요"}],"type":"pronunciation"},{"alternatives":[{"confidence":"0.0","content":"."}],"type":"punctuation"},{"start_time":"150.89","end_time":"151.23","alternatives":[{"confidence":"0.9535","content":"그렇기"}],"type":"pronunciation"},{"start_time":"151.23","end_time":"151.52","alternatives":[{"confidence":"0.9987","content":"때문에"}],"type":"pronunciation"},{"start_time":"151.55","end_time":"152.21","alternatives":[{"confidence":"0.6329666666666667","content":"삼성카드도"}],"type":"pronunciation"},{"start_time":"152.21","end_time":"152.7","alternatives":[{"confidence":"0.85805","content":"저희하고"}],"type":"pronunciation"},{"start_time":"152.7","end_time":"153.11","alternatives":[{"confidence":"0.76755","content":"제휴가"}],"type":"pronunciation"},{"start_time":"153.11","end_time":"153.21","alternatives":[{"confidence":"0.9083","content":"안"}],"type":"pronunciation"},{"start_time":"153.21","end_time":"153.34","alternatives":[{"confidence":"0.6809","content":"돼"}],"type":"pronunciation"},{"start_time":"153.34","end_time":"153.53","alternatives":[{"confidence":"0.9885","content":"있기"}],"type":"pronunciation"},{"start_time":"153.53","end_time":"153.76","alternatives":[{"confidence":"0.9999","content":"때문에"}],"type":"pronunciation"},{"start_time":"153.76","end_time":"153.98","alternatives":[{"confidence":"0.9948","content":"그건"}],"type":"pronunciation"},{"start_time":"153.98","end_time":"154.16","alternatives":[{"confidence":"0.8391","content":"안"}],"type":"pronunciation"},{"start_time":"154.16","end_time":"154.47","alternatives":[{"confidence":"0.998","content":"되네요"}],"type":"pronunciation"},{"alternatives":[{"confidence":"0.0","content":"."}],"type":"punctuation"},{"start_time":"154.5","end_time":"154.76","alternatives":[{"confidence":"0.9695","content":"다른"}],"type":"pronunciation"},{"start_time":"154.76","end_time":"155.11","alternatives":[{"confidence":"0.9573","content":"카드가"}],"type":"pronunciation"},{"start_time":"155.11","end_time":"155.58","alternatives":[{"confidence":"0.9957","content":"있으시면"}],"type":"pronunciation"},{"start_time":"155.58","end_time":"156.19","alternatives":[{"confidence":"0.9932000000000001","content":"가능하세요"}],"type":"pronunciation"},{"start_time":"156.22","end_time":"156.85","alternatives":[{"confidence":"0.9665","content":"당일로"}],"type":"pronunciation"},{"start_time":"157.35","end_time":"158.08","alternatives":[{"confidence":"0.83935","content":"결제라든가"}],"type":"pronunciation"},{"start_time":"158.08","end_time":"158.81","alternatives":[{"confidence":"0.8388","content":"생활자금으로"}],"type":"pronunciation"},{"start_time":"158.81","end_time":"159.11","alternatives":[{"confidence":"0.9655","content":"해서"}],"type":"pronunciation"},{"start_time":"159.11","end_time":"159.56","alternatives":[{"confidence":"0.7808999999999999","content":"카드론"}],"type":"pronunciation"},{"start_time":"159.56","end_time":"159.66","alternatives":[{"confidence":"0.5953","content":"을"}],"type":"pronunciation"},{"start_time":"159.66","end_time":"159.87","alternatives":[{"confidence":"0.9999","content":"쓰고"}],"type":"pronunciation"},{"start_time":"159.87","end_time":"160.39","alternatives":[{"confidence":"0.9894499999999999","content":"계셔도"}],"type":"pronunciation"},{"start_time":"161.99","end_time":"162.34","alternatives":[{"confidence":"0.9939","content":"안녕히"}],"type":"pronunciation"},{"start_time":"162.34","end_time":"163.16","alternatives":[{"confidence":"0.9992","content":"계세요"}],"type":"pronunciation"}]},"status":"COMPLETED"}