{"jobName":"transcribe_loan89","accountId":"097989105209","results":{"transcripts":[{"transcript":"심사과에서 이제 말씀하시는 조건이라는 게 지금 고객님께서 보여주시신 채무일부를 고객님께서 직접 상한체제 하셔서 채무공감을 조금 만들어 주시면 구매권을 동일하게 조건부 승인건으로 당일 적으로도 수령가능하다고 말씀하시거든요 혹여나 이제 오해하실 것을 말씀드리는건데 저희 쪽으로 나빠지는 걸 절대로 아니세요? 좀 연락하셔가지고 고객님채무상환처리하시는 거고요 지금 이제 심사과에서 말씀하시는 금액최소 변제금액이 삼백 만원 이세요 물론 삼백만원 적은 금액가 아니잖아요 고객님이천사백 만원 나가시잖아요 대화하실 게 이천삼백계시고 생계자금 백만원이신데 삼백만원 사과하시면 대안하실 금액이 주로 드시는 거잖아요 단원으로 그러면 생계자금 이 사백 만원 된다고 생각하시면 되시는 거거든요. 남은 자금은 고객님다른 용도로 사용하셔도 뭐가 하신 거기 때문에 당일 적으로 고객님한테 들어가신다고 생각하시면 되시는 거거든요! 좀 힘드시겠지만 고객님께서 채무말이든 어느 쪽으로든 삼백만원 정도 좀 채무직접 상환처리가 가능하실까요"}],"items":[{"start_time":"0.12","end_time":"0.76","alternatives":[{"confidence":"0.6915","content":"심사과에서"}],"type":"pronunciation"},{"start_time":"0.76","end_time":"0.87","alternatives":[{"confidence":"0.9774","content":"이제"}],"type":"pronunciation"},{"start_time":"0.87","end_time":"1.41","alternatives":[{"confidence":"0.9937","content":"말씀하시는"}],"type":"pronunciation"},{"start_time":"1.41","end_time":"2.02","alternatives":[{"confidence":"0.73865","content":"조건이라는"}],"type":"pronunciation"},{"start_time":"2.02","end_time":"2.27","alternatives":[{"confidence":"0.4963","content":"게"}],"type":"pronunciation"},{"start_time":"2.27","end_time":"2.49","alternatives":[{"confidence":"0.9762","content":"지금"}],"type":"pronunciation"},{"start_time":"2.52","end_time":"3.27","alternatives":[{"confidence":"0.94635","content":"고객님께서"}],"type":"pronunciation"},{"start_time":"3.27","end_time":"3.95","alternatives":[{"confidence":"0.5935333333333334","content":"보여주시신"}],"type":"pronunciation"},{"start_time":"3.95","end_time":"5.13","alternatives":[{"confidence":"0.99975","content":"채무일부를"}],"type":"pronunciation"},{"start_time":"5.39","end_time":"5.91","alternatives":[{"confidence":"0.9691","content":"고객님께서"}],"type":"pronunciation"},{"start_time":"5.91","end_time":"6.16","alternatives":[{"confidence":"0.9845","content":"직접"}],"type":"pronunciation"},{"start_time":"6.16","end_time":"6.61","alternatives":[{"confidence":"0.4867000000000001","content":"상한체제"}],"type":"pronunciation"},{"start_time":"6.61","end_time":"7.14","alternatives":[{"confidence":"0.9998","content":"하셔서"}],"type":"pronunciation"},{"start_time":"7.14","end_time":"7.72","alternatives":[{"confidence":"0.7343500000000001","content":"채무공감을"}],"type":"pronunciation"},{"start_time":"7.72","end_time":"7.88","alternatives":[{"confidence":"0.389","content":"조금"}],"type":"pronunciation"},{"start_time":"7.88","end_time":"8.2","alternatives":[{"confidence":"0.6022","content":"만들어"}],"type":"pronunciation"},{"start_time":"8.2","end_time":"8.64","alternatives":[{"confidence":"0.9973","content":"주시면"}],"type":"pronunciation"},{"start_time":"9.0","end_time":"9.41","alternatives":[{"confidence":"0.3715","content":"구매권을"}],"type":"pronunciation"},{"start_time":"9.41","end_time":"9.81","alternatives":[{"confidence":"1.0","content":"동일하게"}],"type":"pronunciation"},{"start_time":"9.81","end_time":"10.17","alternatives":[{"confidence":"0.9462","content":"조건부"}],"type":"pronunciation"},{"start_time":"10.17","end_time":"10.66","alternatives":[{"confidence":"0.57395","content":"승인건으로"}],"type":"pronunciation"},{"start_time":"10.66","end_time":"10.98","alternatives":[{"confidence":"0.9594","content":"당일"}],"type":"pronunciation"},{"start_time":"10.98","end_time":"11.31","alternatives":[{"confidence":"0.9747","content":"적으로도"}],"type":"pronunciation"},{"start_time":"11.37","end_time":"12.05","alternatives":[{"confidence":"0.6914","content":"수령가능하다고"}],"type":"pronunciation"},{"start_time":"12.05","end_time":"12.87","alternatives":[{"confidence":"0.96305","content":"말씀하시거든요"}],"type":"pronunciation"},{"start_time":"13.08","end_time":"13.54","alternatives":[{"confidence":"0.9722","content":"혹여나"}],"type":"pronunciation"},{"start_time":"13.54","end_time":"13.68","alternatives":[{"confidence":"0.9804","content":"이제"}],"type":"pronunciation"},{"start_time":"13.68","end_time":"14.16","alternatives":[{"confidence":"0.74925","content":"오해하실"}],"type":"pronunciation"},{"start_time":"14.16","end_time":"14.35","alternatives":[{"confidence":"0.3564","content":"것을"}],"type":"pronunciation"},{"start_time":"14.35","end_time":"15.39","alternatives":[{"confidence":"0.61885","content":"말씀드리는건데"}],"type":"pronunciation"},{"start_time":"15.42","end_time":"15.6","alternatives":[{"confidence":"0.9774","content":"저희"}],"type":"pronunciation"},{"start_time":"15.6","end_time":"15.82","alternatives":[{"confidence":"0.9527","content":"쪽으로"}],"type":"pronunciation"},{"start_time":"15.82","end_time":"16.3","alternatives":[{"confidence":"0.9811","content":"나빠지는"}],"type":"pronunciation"},{"start_time":"16.3","end_time":"16.4","alternatives":[{"confidence":"0.4428","content":"걸"}],"type":"pronunciation"},{"start_time":"16.4","end_time":"16.73","alternatives":[{"confidence":"1.0","content":"절대로"}],"type":"pronunciation"},{"start_time":"16.73","end_time":"17.1","alternatives":[{"confidence":"0.97295","content":"아니세요"}],"type":"pronunciation"},{"alternatives":[{"confidence":"0.0","content":"?"}],"type":"punctuation"},{"start_time":"17.42","end_time":"17.57","alternatives":[{"confidence":"0.8609","content":"좀"}],"type":"pronunciation"},{"start_time":"17.57","end_time":"18.48","alternatives":[{"confidence":"0.9278","content":"연락하셔가지고"}],"type":"pronunciation"},{"start_time":"18.76","end_time":"19.97","alternatives":[{"confidence":"0.8540800000000001","content":"고객님채무상환처리하시는"}],"type":"pronunciation"},{"start_time":"19.97","end_time":"20.56","alternatives":[{"confidence":"0.9708","content":"거고요"}],"type":"pronunciation"},{"start_time":"20.79","end_time":"21.32","alternatives":[{"confidence":"0.9982","content":"지금"}],"type":"pronunciation"},{"start_time":"21.32","end_time":"21.49","alternatives":[{"confidence":"0.9904","content":"이제"}],"type":"pronunciation"},{"start_time":"21.52","end_time":"22.3","alternatives":[{"confidence":"0.5493333333333333","content":"심사과에서"}],"type":"pronunciation"},{"start_time":"22.3","end_time":"23.9","alternatives":[{"confidence":"0.93495","content":"말씀하시는"}],"type":"pronunciation"},{"start_time":"24.54","end_time":"25.22","alternatives":[{"confidence":"0.89225","content":"금액최소"}],"type":"pronunciation"},{"start_time":"25.22","end_time":"25.72","alternatives":[{"confidence":"0.9412499999999999","content":"변제금액이"}],"type":"pronunciation"},{"start_time":"25.81","end_time":"26.11","alternatives":[{"confidence":"0.7627","content":"삼백"}],"type":"pronunciation"},{"start_time":"26.11","end_time":"26.36","alternatives":[{"confidence":"0.7446","content":"만원"}],"type":"pronunciation"},{"start_time":"26.36","end_time":"27.05","alternatives":[{"confidence":"0.9967","content":"이세요"}],"type":"pronunciation"},{"start_time":"27.08","end_time":"27.37","alternatives":[{"confidence":"0.981","content":"물론"}],"type":"pronunciation"},{"start_time":"27.43","end_time":"28.0","alternatives":[{"confidence":"0.81445","content":"삼백만원"}],"type":"pronunciation"},{"start_time":"28.0","end_time":"28.23","alternatives":[{"confidence":"0.9616","content":"적은"}],"type":"pronunciation"},{"start_time":"28.23","end_time":"28.5","alternatives":[{"confidence":"0.56745","content":"금액가"}],"type":"pronunciation"},{"start_time":"28.5","end_time":"29.21","alternatives":[{"confidence":"1.0","content":"아니잖아요"}],"type":"pronunciation"},{"start_time":"29.27","end_time":"30.03","alternatives":[{"confidence":"0.6759333333333334","content":"고객님이천사백"}],"type":"pronunciation"},{"start_time":"30.03","end_time":"30.24","alternatives":[{"confidence":"0.6699","content":"만원"}],"type":"pronunciation"},{"start_time":"30.24","end_time":"30.99","alternatives":[{"confidence":"0.9017","content":"나가시잖아요"}],"type":"pronunciation"},{"start_time":"31.05","end_time":"31.59","alternatives":[{"confidence":"0.6921","content":"대화하실"}],"type":"pronunciation"},{"start_time":"31.59","end_time":"31.71","alternatives":[{"confidence":"0.9295","content":"게"}],"type":"pronunciation"},{"start_time":"31.71","end_time":"32.64","alternatives":[{"confidence":"0.878425","content":"이천삼백계시고"}],"type":"pronunciation"},{"start_time":"32.64","end_time":"33.03","alternatives":[{"confidence":"0.8131","content":"생계자금"}],"type":"pronunciation"},{"start_time":"33.03","end_time":"34.16","alternatives":[{"confidence":"0.9937666666666667","content":"백만원이신데"}],"type":"pronunciation"},{"start_time":"34.45","end_time":"34.91","alternatives":[{"confidence":"0.7697499999999999","content":"삼백만원"}],"type":"pronunciation"},{"start_time":"34.91","end_time":"35.38","alternatives":[{"confidence":"0.7931","content":"사과하시면"}],"type":"pronunciation"},{"start_time":"35.41","end_time":"35.95","alternatives":[{"confidence":"0.59885","content":"대안하실"}],"type":"pronunciation"},{"start_time":"35.95","end_time":"36.27","alternatives":[{"confidence":"0.9973","content":"금액이"}],"type":"pronunciation"},{"start_time":"36.27","end_time":"36.44","alternatives":[{"confidence":"0.89","content":"주로"}],"type":"pronunciation"},{"start_time":"36.44","end_time":"36.71","alternatives":[{"confidence":"0.97285","content":"드시는"}],"type":"pronunciation"},{"start_time":"36.71","end_time":"37.21","alternatives":[{"confidence":"0.9788","content":"거잖아요"}],"type":"pronunciation"},{"start_time":"37.27","end_time":"37.84","alternatives":[{"confidence":"0.7493000000000001","content":"단원으로"}],"type":"pronunciation"},{"start_time":"37.97","end_time":"38.24","alternatives":[{"confidence":"0.9997","content":"그러면"}],"type":"pronunciation"},{"start_time":"38.24","end_time":"38.74","alternatives":[{"confidence":"0.93445","content":"생계자금"}],"type":"pronunciation"},{"start_time":"38.74","end_time":"38.86","alternatives":[{"confidence":"0.8605","content":"이"}],"type":"pronunciation"},{"start_time":"38.86","end_time":"39.14","alternatives":[{"confidence":"0.9019","content":"사백"}],"type":"pronunciation"},{"start_time":"39.14","end_time":"39.43","alternatives":[{"confidence":"0.6048","content":"만원"}],"type":"pronunciation"},{"start_time":"39.43","end_time":"39.77","alternatives":[{"confidence":"1.0","content":"된다고"}],"type":"pronunciation"},{"start_time":"39.77","end_time":"40.24","alternatives":[{"confidence":"0.99995","content":"생각하시면"}],"type":"pronunciation"},{"start_time":"40.24","end_time":"40.56","alternatives":[{"confidence":"0.8366","content":"되시는"}],"type":"pronunciation"},{"start_time":"40.56","end_time":"41.17","alternatives":[{"confidence":"0.8256","content":"거거든요"}],"type":"pronunciation"},{"alternatives":[{"confidence":"0.0","content":"."}],"type":"punctuation"},{"start_time":"41.39","end_time":"41.63","alternatives":[{"confidence":"0.9959","content":"남은"}],"type":"pronunciation"},{"start_time":"41.63","end_time":"41.87","alternatives":[{"confidence":"0.6859","content":"자금은"}],"type":"pronunciation"},{"start_time":"41.87","end_time":"42.41","alternatives":[{"confidence":"0.9975","content":"고객님다른"}],"type":"pronunciation"},{"start_time":"42.41","end_time":"42.68","alternatives":[{"confidence":"0.993","content":"용도로"}],"type":"pronunciation"},{"start_time":"42.68","end_time":"43.09","alternatives":[{"confidence":"0.991","content":"사용하셔도"}],"type":"pronunciation"},{"start_time":"43.09","end_time":"43.25","alternatives":[{"confidence":"0.8486","content":"뭐가"}],"type":"pronunciation"},{"start_time":"43.25","end_time":"43.49","alternatives":[{"confidence":"0.9232","content":"하신"}],"type":"pronunciation"},{"start_time":"43.49","end_time":"43.66","alternatives":[{"confidence":"0.9849","content":"거기"}],"type":"pronunciation"},{"start_time":"43.66","end_time":"44.21","alternatives":[{"confidence":"1.0","content":"때문에"}],"type":"pronunciation"},{"start_time":"44.81","end_time":"45.15","alternatives":[{"confidence":"0.9156","content":"당일"}],"type":"pronunciation"},{"start_time":"45.15","end_time":"45.58","alternatives":[{"confidence":"0.5173","content":"적으로"}],"type":"pronunciation"},{"start_time":"45.58","end_time":"46.05","alternatives":[{"confidence":"0.24375","content":"고객님한테"}],"type":"pronunciation"},{"start_time":"46.08","end_time":"46.61","alternatives":[{"confidence":"0.9834","content":"들어가신다고"}],"type":"pronunciation"},{"start_time":"46.61","end_time":"47.1","alternatives":[{"confidence":"1.0","content":"생각하시면"}],"type":"pronunciation"},{"start_time":"47.1","end_time":"47.4","alternatives":[{"confidence":"0.8234","content":"되시는"}],"type":"pronunciation"},{"start_time":"47.4","end_time":"47.99","alternatives":[{"confidence":"0.81235","content":"거거든요"}],"type":"pronunciation"},{"alternatives":[{"confidence":"0.0","content":"!"}],"type":"punctuation"},{"start_time":"48.54","end_time":"48.85","alternatives":[{"confidence":"0.9992","content":"좀"}],"type":"pronunciation"},{"start_time":"48.85","end_time":"49.52","alternatives":[{"confidence":"1.0","content":"힘드시겠지만"}],"type":"pronunciation"},{"start_time":"49.52","end_time":"50.02","alternatives":[{"confidence":"0.9557","content":"고객님께서"}],"type":"pronunciation"},{"start_time":"50.02","end_time":"52.27","alternatives":[{"confidence":"0.7283333333333334","content":"채무말이든"}],"type":"pronunciation"},{"start_time":"52.27","end_time":"52.5","alternatives":[{"confidence":"0.9966","content":"어느"}],"type":"pronunciation"},{"start_time":"52.5","end_time":"53.17","alternatives":[{"confidence":"0.9936","content":"쪽으로든"}],"type":"pronunciation"},{"start_time":"53.17","end_time":"53.64","alternatives":[{"confidence":"0.7448","content":"삼백만원"}],"type":"pronunciation"},{"start_time":"53.64","end_time":"53.85","alternatives":[{"confidence":"0.9195","content":"정도"}],"type":"pronunciation"},{"start_time":"53.85","end_time":"54.02","alternatives":[{"confidence":"0.9828","content":"좀"}],"type":"pronunciation"},{"start_time":"54.02","end_time":"54.53","alternatives":[{"confidence":"0.96925","content":"채무직접"}],"type":"pronunciation"},{"start_time":"54.53","end_time":"55.07","alternatives":[{"confidence":"0.6541","content":"상환처리가"}],"type":"pronunciation"},{"start_time":"55.07","end_time":"55.89","alternatives":[{"confidence":"0.8606","content":"가능하실까요"}],"type":"pronunciation"}]},"status":"COMPLETED"}