{"jobName":"transcribe_loan88","accountId":"097989105209","results":{"transcripts":[{"transcript":"정부 정책자금 대출신청은 대리 신청이 안 되시기 때문에 본인 확인에 대한 정보가 일치한번 접수가 가능하시고요 저희가 무료 신용정보를 통해서 조회등록을 해 드리기 위해 주민번호 13 자리 확인 부탁 드리겠습니다. 그럼 본인 확인을 위해서 문자로 숫자 여섯 자리 발송해 드릴 건데요, 요즘은 개인정보 유출과 도용 방지를 위해서 임시 발급을 통해 안전하게 본인 확인을 도와드리는 겁니다."}],"items":[{"start_time":"0.91","end_time":"1.23","alternatives":[{"confidence":"0.9426","content":"정부"}],"type":"pronunciation"},{"start_time":"1.23","end_time":"1.74","alternatives":[{"confidence":"0.9150499999999999","content":"정책자금"}],"type":"pronunciation"},{"start_time":"1.74","end_time":"2.34","alternatives":[{"confidence":"0.6789999999999999","content":"대출신청은"}],"type":"pronunciation"},{"start_time":"2.34","end_time":"2.53","alternatives":[{"confidence":"0.6578","content":"대리"}],"type":"pronunciation"},{"start_time":"2.53","end_time":"2.83","alternatives":[{"confidence":"0.95275","content":"신청이"}],"type":"pronunciation"},{"start_time":"2.83","end_time":"2.93","alternatives":[{"confidence":"0.887","content":"안"}],"type":"pronunciation"},{"start_time":"2.93","end_time":"3.23","alternatives":[{"confidence":"0.59825","content":"되시기"}],"type":"pronunciation"},{"start_time":"3.23","end_time":"3.71","alternatives":[{"confidence":"1.0","content":"때문에"}],"type":"pronunciation"},{"start_time":"3.74","end_time":"4.01","alternatives":[{"confidence":"0.5065","content":"본인"}],"type":"pronunciation"},{"start_time":"4.01","end_time":"4.28","alternatives":[{"confidence":"0.9423","content":"확인에"}],"type":"pronunciation"},{"start_time":"4.28","end_time":"4.5","alternatives":[{"confidence":"0.9995","content":"대한"}],"type":"pronunciation"},{"start_time":"4.5","end_time":"4.8","alternatives":[{"confidence":"1.0","content":"정보가"}],"type":"pronunciation"},{"start_time":"4.8","end_time":"5.3","alternatives":[{"confidence":"0.74395","content":"일치한번"}],"type":"pronunciation"},{"start_time":"5.3","end_time":"5.59","alternatives":[{"confidence":"0.9996","content":"접수가"}],"type":"pronunciation"},{"start_time":"5.59","end_time":"6.42","alternatives":[{"confidence":"0.9661","content":"가능하시고요"}],"type":"pronunciation"},{"start_time":"6.51","end_time":"6.79","alternatives":[{"confidence":"1.0","content":"저희가"}],"type":"pronunciation"},{"start_time":"6.79","end_time":"7.05","alternatives":[{"confidence":"0.7408","content":"무료"}],"type":"pronunciation"},{"start_time":"7.05","end_time":"7.7","alternatives":[{"confidence":"0.9087000000000001","content":"신용정보를"}],"type":"pronunciation"},{"start_time":"7.7","end_time":"8.12","alternatives":[{"confidence":"0.99","content":"통해서"}],"type":"pronunciation"},{"start_time":"8.12","end_time":"8.71","alternatives":[{"confidence":"0.8516","content":"조회등록을"}],"type":"pronunciation"},{"start_time":"8.71","end_time":"8.77","alternatives":[{"confidence":"0.492","content":"해"}],"type":"pronunciation"},{"start_time":"8.77","end_time":"9.08","alternatives":[{"confidence":"0.7493","content":"드리기"}],"type":"pronunciation"},{"start_time":"9.08","end_time":"9.57","alternatives":[{"confidence":"0.987","content":"위해"}],"type":"pronunciation"},{"start_time":"9.72","end_time":"10.2","alternatives":[{"confidence":"0.7489","content":"주민번호"}],"type":"pronunciation"},{"start_time":"10.2","end_time":"10.41","alternatives":[{"confidence":"0.9217","content":"13"}],"type":"pronunciation"},{"start_time":"10.41","end_time":"10.6","alternatives":[{"confidence":"0.6906","content":"자리"}],"type":"pronunciation"},{"start_time":"10.6","end_time":"10.82","alternatives":[{"confidence":"0.9409","content":"확인"}],"type":"pronunciation"},{"start_time":"10.82","end_time":"10.97","alternatives":[{"confidence":"0.5798","content":"부탁"}],"type":"pronunciation"},{"start_time":"10.97","end_time":"11.7","alternatives":[{"confidence":"1.0","content":"드리겠습니다"}],"type":"pronunciation"},{"alternatives":[{"confidence":"0.0","content":"."}],"type":"punctuation"},{"start_time":"12.66","end_time":"12.98","alternatives":[{"confidence":"0.9119","content":"그럼"}],"type":"pronunciation"},{"start_time":"12.98","end_time":"13.27","alternatives":[{"confidence":"0.7239","content":"본인"}],"type":"pronunciation"},{"start_time":"13.27","end_time":"13.68","alternatives":[{"confidence":"1.0","content":"확인을"}],"type":"pronunciation"},{"start_time":"13.68","end_time":"14.03","alternatives":[{"confidence":"0.9529","content":"위해서"}],"type":"pronunciation"},{"start_time":"14.03","end_time":"14.44","alternatives":[{"confidence":"0.9979","content":"문자로"}],"type":"pronunciation"},{"start_time":"14.44","end_time":"14.74","alternatives":[{"confidence":"0.7833","content":"숫자"}],"type":"pronunciation"},{"start_time":"14.74","end_time":"14.96","alternatives":[{"confidence":"0.4752","content":"여섯"}],"type":"pronunciation"},{"start_time":"14.96","end_time":"15.13","alternatives":[{"confidence":"0.3548","content":"자리"}],"type":"pronunciation"},{"start_time":"15.13","end_time":"15.49","alternatives":[{"confidence":"0.7005","content":"발송해"}],"type":"pronunciation"},{"start_time":"15.49","end_time":"15.67","alternatives":[{"confidence":"0.9431","content":"드릴"}],"type":"pronunciation"},{"start_time":"15.67","end_time":"16.25","alternatives":[{"confidence":"1.0","content":"건데요"}],"type":"pronunciation"},{"alternatives":[{"confidence":"0.0","content":","}],"type":"punctuation"},{"start_time":"16.55","end_time":"17.05","alternatives":[{"confidence":"0.9991","content":"요즘은"}],"type":"pronunciation"},{"start_time":"17.05","end_time":"17.59","alternatives":[{"confidence":"0.8499","content":"개인정보"}],"type":"pronunciation"},{"start_time":"17.59","end_time":"18.07","alternatives":[{"confidence":"0.99945","content":"유출과"}],"type":"pronunciation"},{"start_time":"18.07","end_time":"18.32","alternatives":[{"confidence":"0.9938","content":"도용"}],"type":"pronunciation"},{"start_time":"18.32","end_time":"18.71","alternatives":[{"confidence":"1.0","content":"방지를"}],"type":"pronunciation"},{"start_time":"18.71","end_time":"19.32","alternatives":[{"confidence":"0.8578","content":"위해서"}],"type":"pronunciation"},{"start_time":"19.55","end_time":"19.88","alternatives":[{"confidence":"0.5946","content":"임시"}],"type":"pronunciation"},{"start_time":"20.18","end_time":"20.55","alternatives":[{"confidence":"1.0","content":"발급을"}],"type":"pronunciation"},{"start_time":"20.55","end_time":"20.78","alternatives":[{"confidence":"1.0","content":"통해"}],"type":"pronunciation"},{"start_time":"20.78","end_time":"21.3","alternatives":[{"confidence":"1.0","content":"안전하게"}],"type":"pronunciation"},{"start_time":"21.3","end_time":"21.55","alternatives":[{"confidence":"0.7678","content":"본인"}],"type":"pronunciation"},{"start_time":"21.55","end_time":"21.86","alternatives":[{"confidence":"1.0","content":"확인을"}],"type":"pronunciation"},{"start_time":"21.86","end_time":"22.34","alternatives":[{"confidence":"0.96475","content":"도와드리는"}],"type":"pronunciation"},{"start_time":"22.34","end_time":"22.73","alternatives":[{"confidence":"0.9909","content":"겁니다"}],"type":"pronunciation"},{"alternatives":[{"confidence":"0.0","content":"."}],"type":"punctuation"}]},"status":"COMPLETED"}