{"jobName":"transcribe_loan57","accountId":"097989105209","results":{"transcripts":[{"transcript":"여보세요. 여보세요. 나왔습니다. 자, 3 번에 나눠서 차량 가격을 저희가 입금을 해드립니다. 처음에는 이천 만원 전후해서 계약금을 입금을 해드릴 겁니다. 계약금을 입금해 드리면 어차피 명의로 해서 차량을 구매하는 거니까 출금을 하셔서 영업 사원한테 전달해주시면 돼요. 그러면서 영업사원은 그 부산에 가장 저희가 또 거래하는 코드 직영점이 있어요. 그 지점으로 가서 계약 계약금을 일단 전달해주고 다시 길림한테 오는 시간에 중도금이 또 입금이 됩니다. 한 시간 전후 해서요. 네 차례 김장을 찾고 찾아주시고. 자 그럼 마지막에 잔금 육천 만원마무리잠금이 들어가지 않습니까? 때는 같이 하고 저희 영업 차원하고 잠금 들어갈 때는 같이 기아 대리점을 가지셔야 돼요. 네. 그래서 거기서 차량 구매계약서상세히 읽어보시고 사인하시고 거기서 육백 만원을 저희 영업 사원한테 대리점에서는 수령을 못하세요 에서는 대리점직원들이 가 이거 명이 빌려가지고. 이제 그런 그런 생각을 하니까 저희가 그 계약사인 하기 전에 영업사원이 잠깐 저 약간 불러가지고 스스로 입금만원 드리고 사인을 할 겁니다. 그러면 차량 구매가 그날로 끝나는 겁니다. 그 시간이 열한시부터 늦으면 네시에 빠르면 3 시에 끝나는 거예요. 그러니까 그 그 시간대는 시간을 비워달라는 얘기에요. 그러면 간혹 가다 어떤 고객님들은 나한테 불이 오는 거 아니냐, 근데 불이 이렇게 올 게 없는 게 틀림 이름으로 명의로 할부라든가 리스를 뽑으면 이건 나중에 문제의 소지가 되는 겁니다. 근데 전액 현금은 좀 구매를 했고 그날 구매한 날 계약서쓰는 계약서사인하기 전에 봤어요. 그러면 차량 가격의 십 프로 수수료육백 만원을 수용하셨지 않습니까? 이게 이게 다 마무리된 거예요. 저희가 보통 요즘 차량을 혁명가로 하면 혁명가를 구별하면요 한 십일에서 늦은 십이 일 사이에 차가 출고가잖아요. 예. 출고되는 날 우리 영업직원이 같이 내려갑니다. 다시 부상한 걸 했고 팀하고 그 때는 한 한 시간 반 정도 명의이전을 해주셔야 될 거 아닙니까? 예. 여기서 자 명의가 앞으로 차가 되게 돼 있지만 실질적으로 저희 그러니까 여보세요. 여보세요. 여보세요, 그걸로 마무리가 되는 거고요. 그래서 월요일부터 금요일날 평일날 그 열한시부터 세 시간 네, 시까지 시간 비울 수 있는 날 일정 잡으시면 저희랑 일상 맞춰가지고 저희 영업직원이 부산을 방문하는 겁니다. 그러면 진행하려고 하면은 한 이번주 분명히 언제부터 따로 가능한건가요? 저기 그 이번에 오 일 년에 식목일이잖아요? 예. 공휴일이니까 그녀는 안되고 관계 없습니다. 그러면 다음주 했습니다. 그러니까 그러면 다시 사월 구일 날 까지 가능한데 그러면 저희가 차량 구매하는 저희가 보통 하루에 한 여섯시에서 일곱살 구매하는데 전액 현찰이다 보니까 한 한 사억씩 그걸 저희가 일정을 맞춰가지고 카톡연락을 드리고요 지금 저희가 전화번호로 해서 개인 카톡으로 해서 어가지고. 그럼 뭐 메신저를 쓰셔야 되는데 그렇다고 지금 지금 그러면 지금 좀 알고 줄게요. 그러면은 그 전화 으로 카톡저기 하세요. 왜냐면요 이제 그 출금을 하시면 1 차 출금을 계약금을 출금을 해서 저희 영업 선을 건너 줄 거 아닙니까? 그러면 그 통장의 입출금 내역을 카톡에서 보내주시면 이거 저희가 대표님한테 계약금처리알려졌습니다 그러면 그 대표님이 이제 중도금을 보내드리고 잔금을 보내드릴 게 그 수수료육백만원까지 같이 보내기 때문에 카톡메신저가 있어야 됩니다. 네. 네. 그러면은 카톡깔고 저러하니라 한 십오 분이나 이십 분이나 하천을 드릴게요. 일단 지금은 사월 구일쯤 가능 하신다는 얘기죠. 일단 고일로 일단 가상예약잡아놓은 고요. 예. 그리고 제가 다시 한번 통화하시죠. 예."}],"items":[{"start_time":"0.75","end_time":"1.12","alternatives":[{"confidence":"0.9913","content":"여보세요"}],"type":"pronunciation"},{"alternatives":[{"confidence":"0.0","content":"."}],"type":"punctuation"},{"start_time":"1.15","end_time":"1.63","alternatives":[{"confidence":"0.9828","content":"여보세요"}],"type":"pronunciation"},{"alternatives":[{"confidence":"0.0","content":"."}],"type":"punctuation"},{"start_time":"3.21","end_time":"3.62","alternatives":[{"confidence":"0.6031","content":"나왔습니다"}],"type":"pronunciation"},{"alternatives":[{"confidence":"0.0","content":"."}],"type":"punctuation"},{"start_time":"6.55","end_time":"6.73","alternatives":[{"confidence":"0.8842","content":"자"}],"type":"pronunciation"},{"alternatives":[{"confidence":"0.0","content":","}],"type":"punctuation"},{"start_time":"6.89","end_time":"7.15","alternatives":[{"confidence":"0.4552","content":"3"}],"type":"pronunciation"},{"start_time":"7.15","end_time":"7.35","alternatives":[{"confidence":"1.0","content":"번에"}],"type":"pronunciation"},{"start_time":"7.35","end_time":"7.68","alternatives":[{"confidence":"0.9996","content":"나눠서"}],"type":"pronunciation"},{"start_time":"7.68","end_time":"7.93","alternatives":[{"confidence":"0.7084","content":"차량"}],"type":"pronunciation"},{"start_time":"7.93","end_time":"8.2","alternatives":[{"confidence":"0.9907","content":"가격을"}],"type":"pronunciation"},{"start_time":"8.2","end_time":"8.4","alternatives":[{"confidence":"0.9845","content":"저희가"}],"type":"pronunciation"},{"start_time":"8.4","end_time":"8.71","alternatives":[{"confidence":"0.96105","content":"입금을"}],"type":"pronunciation"},{"start_time":"8.71","end_time":"9.31","alternatives":[{"confidence":"0.8147500000000001","content":"해드립니다"}],"type":"pronunciation"},{"alternatives":[{"confidence":"0.0","content":"."}],"type":"punctuation"},{"start_time":"10.7","end_time":"11.4","alternatives":[{"confidence":"1.0","content":"처음에는"}],"type":"pronunciation"},{"start_time":"11.61","end_time":"11.9","alternatives":[{"confidence":"0.9563","content":"이천"}],"type":"pronunciation"},{"start_time":"11.9","end_time":"12.13","alternatives":[{"confidence":"0.9524","content":"만원"}],"type":"pronunciation"},{"start_time":"12.13","end_time":"12.67","alternatives":[{"confidence":"0.953","content":"전후해서"}],"type":"pronunciation"},{"start_time":"12.67","end_time":"13.27","alternatives":[{"confidence":"1.0","content":"계약금을"}],"type":"pronunciation"},{"start_time":"13.27","end_time":"13.53","alternatives":[{"confidence":"0.9666","content":"입금을"}],"type":"pronunciation"},{"start_time":"13.53","end_time":"13.75","alternatives":[{"confidence":"0.8591","content":"해드릴"}],"type":"pronunciation"},{"start_time":"13.75","end_time":"14.11","alternatives":[{"confidence":"0.9852","content":"겁니다"}],"type":"pronunciation"},{"alternatives":[{"confidence":"0.0","content":"."}],"type":"punctuation"},{"start_time":"14.88","end_time":"15.3","alternatives":[{"confidence":"0.9583999999999999","content":"계약금을"}],"type":"pronunciation"},{"start_time":"15.3","end_time":"15.56","alternatives":[{"confidence":"0.8407","content":"입금해"}],"type":"pronunciation"},{"start_time":"15.56","end_time":"16.06","alternatives":[{"confidence":"0.86025","content":"드리면"}],"type":"pronunciation"},{"start_time":"16.55","end_time":"17.0","alternatives":[{"confidence":"1.0","content":"어차피"}],"type":"pronunciation"},{"start_time":"17.56","end_time":"17.98","alternatives":[{"confidence":"0.9895","content":"명의로"}],"type":"pronunciation"},{"start_time":"17.98","end_time":"18.45","alternatives":[{"confidence":"0.997","content":"해서"}],"type":"pronunciation"},{"start_time":"18.48","end_time":"18.89","alternatives":[{"confidence":"0.9954","content":"차량을"}],"type":"pronunciation"},{"start_time":"18.89","end_time":"19.34","alternatives":[{"confidence":"0.9999","content":"구매하는"}],"type":"pronunciation"},{"start_time":"19.34","end_time":"20.09","alternatives":[{"confidence":"0.9998","content":"거니까"}],"type":"pronunciation"},{"start_time":"21.94","end_time":"22.42","alternatives":[{"confidence":"0.9543999999999999","content":"출금을"}],"type":"pronunciation"},{"start_time":"22.42","end_time":"22.93","alternatives":[{"confidence":"1.0","content":"하셔서"}],"type":"pronunciation"},{"start_time":"23.31","end_time":"23.78","alternatives":[{"confidence":"0.5076","content":"영업"}],"type":"pronunciation"},{"start_time":"23.78","end_time":"24.23","alternatives":[{"confidence":"0.7502","content":"사원한테"}],"type":"pronunciation"},{"start_time":"24.23","end_time":"24.97","alternatives":[{"confidence":"0.81315","content":"전달해주시면"}],"type":"pronunciation"},{"start_time":"24.97","end_time":"25.72","alternatives":[{"confidence":"0.9973","content":"돼요"}],"type":"pronunciation"},{"alternatives":[{"confidence":"0.0","content":"."}],"type":"punctuation"},{"start_time":"26.22","end_time":"26.56","alternatives":[{"confidence":"0.5255","content":"그러면서"}],"type":"pronunciation"},{"start_time":"26.56","end_time":"27.21","alternatives":[{"confidence":"0.9750000000000001","content":"영업사원은"}],"type":"pronunciation"},{"start_time":"27.6","end_time":"27.99","alternatives":[{"confidence":"0.9513","content":"그"}],"type":"pronunciation"},{"start_time":"28.53","end_time":"28.98","alternatives":[{"confidence":"0.7555000000000001","content":"부산에"}],"type":"pronunciation"},{"start_time":"29.14","end_time":"29.64","alternatives":[{"confidence":"0.9878","content":"가장"}],"type":"pronunciation"},{"start_time":"29.67","end_time":"30.23","alternatives":[{"confidence":"1.0","content":"저희가"}],"type":"pronunciation"},{"start_time":"30.36","end_time":"30.48","alternatives":[{"confidence":"0.9711","content":"또"}],"type":"pronunciation"},{"start_time":"30.48","end_time":"31.33","alternatives":[{"confidence":"0.9816","content":"거래하는"}],"type":"pronunciation"},{"start_time":"31.33","end_time":"32.65","alternatives":[{"confidence":"0.5273","content":"코드"}],"type":"pronunciation"},{"start_time":"32.65","end_time":"33.26","alternatives":[{"confidence":"0.6901333333333334","content":"직영점이"}],"type":"pronunciation"},{"start_time":"33.26","end_time":"34.13","alternatives":[{"confidence":"0.9997","content":"있어요"}],"type":"pronunciation"},{"alternatives":[{"confidence":"0.0","content":"."}],"type":"punctuation"},{"start_time":"34.6","end_time":"34.83","alternatives":[{"confidence":"0.9535","content":"그"}],"type":"pronunciation"},{"start_time":"34.84","end_time":"35.3","alternatives":[{"confidence":"0.3641","content":"지점으로"}],"type":"pronunciation"},{"start_time":"35.3","end_time":"35.73","alternatives":[{"confidence":"1.0","content":"가서"}],"type":"pronunciation"},{"start_time":"36.37","end_time":"36.94","alternatives":[{"confidence":"0.8296","content":"계약"}],"type":"pronunciation"},{"start_time":"36.97","end_time":"37.6","alternatives":[{"confidence":"0.79225","content":"계약금을"}],"type":"pronunciation"},{"start_time":"37.6","end_time":"38.0","alternatives":[{"confidence":"1.0","content":"일단"}],"type":"pronunciation"},{"start_time":"38.82","end_time":"39.63","alternatives":[{"confidence":"0.9506","content":"전달해주고"}],"type":"pronunciation"},{"start_time":"39.87","end_time":"40.39","alternatives":[{"confidence":"0.9103","content":"다시"}],"type":"pronunciation"},{"start_time":"42.86","end_time":"43.27","alternatives":[{"confidence":"0.4397666666666667","content":"길림한테"}],"type":"pronunciation"},{"start_time":"43.27","end_time":"43.67","alternatives":[{"confidence":"0.8963","content":"오는"}],"type":"pronunciation"},{"start_time":"43.67","end_time":"44.05","alternatives":[{"confidence":"0.7398","content":"시간에"}],"type":"pronunciation"},{"start_time":"44.06","end_time":"44.59","alternatives":[{"confidence":"0.9203","content":"중도금이"}],"type":"pronunciation"},{"start_time":"44.59","end_time":"44.71","alternatives":[{"confidence":"0.9288","content":"또"}],"type":"pronunciation"},{"start_time":"44.71","end_time":"45.02","alternatives":[{"confidence":"0.99315","content":"입금이"}],"type":"pronunciation"},{"start_time":"45.02","end_time":"45.44","alternatives":[{"confidence":"0.9864","content":"됩니다"}],"type":"pronunciation"},{"alternatives":[{"confidence":"0.0","content":"."}],"type":"punctuation"},{"start_time":"45.44","end_time":"45.66","alternatives":[{"confidence":"0.6611","content":"한"}],"type":"pronunciation"},{"start_time":"45.66","end_time":"45.94","alternatives":[{"confidence":"0.581","content":"시간"}],"type":"pronunciation"},{"start_time":"45.99","end_time":"46.28","alternatives":[{"confidence":"0.4846","content":"전후"}],"type":"pronunciation"},{"start_time":"46.28","end_time":"46.93","alternatives":[{"confidence":"0.6162","content":"해서요"}],"type":"pronunciation"},{"alternatives":[{"confidence":"0.0","content":"."}],"type":"punctuation"},{"start_time":"48.1","end_time":"48.21","alternatives":[{"confidence":"0.1114","content":"네"}],"type":"pronunciation"},{"start_time":"48.27","end_time":"48.48","alternatives":[{"confidence":"0.032","content":"차례"}],"type":"pronunciation"},{"start_time":"49.41","end_time":"49.71","alternatives":[{"confidence":"0.4598499999999999","content":"김장을"}],"type":"pronunciation"},{"start_time":"49.71","end_time":"50.08","alternatives":[{"confidence":"0.9429","content":"찾고"}],"type":"pronunciation"},{"start_time":"51.27","end_time":"51.71","alternatives":[{"confidence":"0.07214999999999999","content":"찾아주시고"}],"type":"pronunciation"},{"alternatives":[{"confidence":"0.0","content":"."}],"type":"punctuation"},{"start_time":"52.74","end_time":"52.87","alternatives":[{"confidence":"0.9595","content":"자"}],"type":"pronunciation"},{"start_time":"52.87","end_time":"53.04","alternatives":[{"confidence":"0.9992","content":"그럼"}],"type":"pronunciation"},{"start_time":"53.04","end_time":"53.45","alternatives":[{"confidence":"0.9978","content":"마지막에"}],"type":"pronunciation"},{"start_time":"53.48","end_time":"54.09","alternatives":[{"confidence":"0.58615","content":"잔금"}],"type":"pronunciation"},{"start_time":"54.29","end_time":"54.61","alternatives":[{"confidence":"0.5542","content":"육천"}],"type":"pronunciation"},{"start_time":"54.61","end_time":"55.67","alternatives":[{"confidence":"0.421775","content":"만원마무리잠금이"}],"type":"pronunciation"},{"start_time":"55.67","end_time":"55.95","alternatives":[{"confidence":"1.0","content":"들어가지"}],"type":"pronunciation"},{"start_time":"55.95","end_time":"56.43","alternatives":[{"confidence":"1.0","content":"않습니까"}],"type":"pronunciation"},{"alternatives":[{"confidence":"0.0","content":"?"}],"type":"punctuation"},{"start_time":"57.4","end_time":"57.68","alternatives":[{"confidence":"0.9404","content":"때는"}],"type":"pronunciation"},{"start_time":"57.68","end_time":"58.3","alternatives":[{"confidence":"0.5228","content":"같이"}],"type":"pronunciation"},{"start_time":"59.36","end_time":"59.54","alternatives":[{"confidence":"0.7847","content":"하고"}],"type":"pronunciation"},{"start_time":"59.54","end_time":"59.74","alternatives":[{"confidence":"0.9187","content":"저희"}],"type":"pronunciation"},{"start_time":"59.74","end_time":"60.03","alternatives":[{"confidence":"0.532","content":"영업"}],"type":"pronunciation"},{"start_time":"60.03","end_time":"60.79","alternatives":[{"confidence":"0.7832","content":"차원하고"}],"type":"pronunciation"},{"start_time":"61.34","end_time":"61.76","alternatives":[{"confidence":"0.4519","content":"잠금"}],"type":"pronunciation"},{"start_time":"61.76","end_time":"62.01","alternatives":[{"confidence":"0.9724","content":"들어갈"}],"type":"pronunciation"},{"start_time":"62.01","end_time":"62.36","alternatives":[{"confidence":"0.9983","content":"때는"}],"type":"pronunciation"},{"start_time":"62.62","end_time":"62.97","alternatives":[{"confidence":"0.8994","content":"같이"}],"type":"pronunciation"},{"start_time":"62.97","end_time":"63.25","alternatives":[{"confidence":"0.865","content":"기아"}],"type":"pronunciation"},{"start_time":"63.25","end_time":"63.64","alternatives":[{"confidence":"0.99925","content":"대리점을"}],"type":"pronunciation"},{"start_time":"63.64","end_time":"64.02","alternatives":[{"confidence":"0.9564","content":"가지셔야"}],"type":"pronunciation"},{"start_time":"64.02","end_time":"64.86","alternatives":[{"confidence":"0.9882","content":"돼요"}],"type":"pronunciation"},{"alternatives":[{"confidence":"0.0","content":"."}],"type":"punctuation"},{"start_time":"65.45","end_time":"65.63","alternatives":[{"confidence":"0.9597","content":"네"}],"type":"pronunciation"},{"alternatives":[{"confidence":"0.0","content":"."}],"type":"punctuation"},{"start_time":"65.69","end_time":"65.94","alternatives":[{"confidence":"0.9999","content":"그래서"}],"type":"pronunciation"},{"start_time":"65.94","end_time":"66.41","alternatives":[{"confidence":"0.9974","content":"거기서"}],"type":"pronunciation"},{"start_time":"68.26","end_time":"68.63","alternatives":[{"confidence":"0.9403","content":"차량"}],"type":"pronunciation"},{"start_time":"68.63","end_time":"72.28","alternatives":[{"confidence":"0.7600666666666668","content":"구매계약서상세히"}],"type":"pronunciation"},{"start_time":"72.28","end_time":"73.16","alternatives":[{"confidence":"0.97115","content":"읽어보시고"}],"type":"pronunciation"},{"start_time":"73.39","end_time":"74.25","alternatives":[{"confidence":"0.8070999999999999","content":"사인하시고"}],"type":"pronunciation"},{"start_time":"74.54","end_time":"74.88","alternatives":[{"confidence":"0.9997","content":"거기서"}],"type":"pronunciation"},{"start_time":"74.88","end_time":"75.18","alternatives":[{"confidence":"0.5283","content":"육백"}],"type":"pronunciation"},{"start_time":"75.18","end_time":"75.55","alternatives":[{"confidence":"0.9688","content":"만원을"}],"type":"pronunciation"},{"start_time":"75.55","end_time":"75.83","alternatives":[{"confidence":"0.9495","content":"저희"}],"type":"pronunciation"},{"start_time":"75.83","end_time":"76.12","alternatives":[{"confidence":"0.9744","content":"영업"}],"type":"pronunciation"},{"start_time":"76.12","end_time":"76.58","alternatives":[{"confidence":"0.9701","content":"사원한테"}],"type":"pronunciation"},{"start_time":"76.9","end_time":"77.65","alternatives":[{"confidence":"0.99395","content":"대리점에서는"}],"type":"pronunciation"},{"start_time":"78.91","end_time":"79.27","alternatives":[{"confidence":"0.9673499999999999","content":"수령을"}],"type":"pronunciation"},{"start_time":"79.27","end_time":"79.7","alternatives":[{"confidence":"0.91315","content":"못하세요"}],"type":"pronunciation"},{"start_time":"80.11","end_time":"80.53","alternatives":[{"confidence":"0.3101","content":"에서는"}],"type":"pronunciation"},{"start_time":"81.44","end_time":"82.15","alternatives":[{"confidence":"0.9783","content":"대리점직원들이"}],"type":"pronunciation"},{"start_time":"82.15","end_time":"82.38","alternatives":[{"confidence":"0.671","content":"가"}],"type":"pronunciation"},{"start_time":"82.38","end_time":"82.54","alternatives":[{"confidence":"0.5463","content":"이거"}],"type":"pronunciation"},{"start_time":"82.54","end_time":"82.79","alternatives":[{"confidence":"0.9289","content":"명이"}],"type":"pronunciation"},{"start_time":"82.79","end_time":"83.26","alternatives":[{"confidence":"0.9215","content":"빌려가지고"}],"type":"pronunciation"},{"alternatives":[{"confidence":"0.0","content":"."}],"type":"punctuation"},{"start_time":"83.26","end_time":"83.39","alternatives":[{"confidence":"0.5268","content":"이제"}],"type":"pronunciation"},{"start_time":"83.46","end_time":"83.74","alternatives":[{"confidence":"0.9872","content":"그런"}],"type":"pronunciation"},{"start_time":"83.74","end_time":"84.01","alternatives":[{"confidence":"0.9951","content":"그런"}],"type":"pronunciation"},{"start_time":"84.01","end_time":"84.27","alternatives":[{"confidence":"1.0","content":"생각을"}],"type":"pronunciation"},{"start_time":"84.27","end_time":"84.72","alternatives":[{"confidence":"0.9996","content":"하니까"}],"type":"pronunciation"},{"start_time":"85.02","end_time":"85.43","alternatives":[{"confidence":"1.0","content":"저희가"}],"type":"pronunciation"},{"start_time":"85.86","end_time":"86.01","alternatives":[{"confidence":"0.5189","content":"그"}],"type":"pronunciation"},{"start_time":"86.04","end_time":"86.7","alternatives":[{"confidence":"0.84715","content":"계약사인"}],"type":"pronunciation"},{"start_time":"86.7","end_time":"86.9","alternatives":[{"confidence":"0.9928","content":"하기"}],"type":"pronunciation"},{"start_time":"86.9","end_time":"87.31","alternatives":[{"confidence":"0.9928","content":"전에"}],"type":"pronunciation"},{"start_time":"87.39","end_time":"88.49","alternatives":[{"confidence":"0.7841","content":"영업사원이"}],"type":"pronunciation"},{"start_time":"88.65","end_time":"88.96","alternatives":[{"confidence":"0.9622","content":"잠깐"}],"type":"pronunciation"},{"start_time":"88.96","end_time":"89.28","alternatives":[{"confidence":"0.3952","content":"저"}],"type":"pronunciation"},{"start_time":"90.8","end_time":"90.99","alternatives":[{"confidence":"0.721","content":"약간"}],"type":"pronunciation"},{"start_time":"90.99","end_time":"91.63","alternatives":[{"confidence":"0.95105","content":"불러가지고"}],"type":"pronunciation"},{"start_time":"91.99","end_time":"92.25","alternatives":[{"confidence":"0.9073","content":"스스로"}],"type":"pronunciation"},{"start_time":"92.25","end_time":"92.66","alternatives":[{"confidence":"0.52945","content":"입금만원"}],"type":"pronunciation"},{"start_time":"92.66","end_time":"93.1","alternatives":[{"confidence":"0.7729","content":"드리고"}],"type":"pronunciation"},{"start_time":"93.4","end_time":"93.78","alternatives":[{"confidence":"0.9677","content":"사인을"}],"type":"pronunciation"},{"start_time":"93.78","end_time":"93.97","alternatives":[{"confidence":"0.9953","content":"할"}],"type":"pronunciation"},{"start_time":"93.97","end_time":"94.28","alternatives":[{"confidence":"0.9948","content":"겁니다"}],"type":"pronunciation"},{"alternatives":[{"confidence":"0.0","content":"."}],"type":"punctuation"},{"start_time":"94.28","end_time":"94.6","alternatives":[{"confidence":"0.9826","content":"그러면"}],"type":"pronunciation"},{"start_time":"95.03","end_time":"95.38","alternatives":[{"confidence":"0.9803","content":"차량"}],"type":"pronunciation"},{"start_time":"95.38","end_time":"95.73","alternatives":[{"confidence":"0.98445","content":"구매가"}],"type":"pronunciation"},{"start_time":"95.73","end_time":"96.05","alternatives":[{"confidence":"0.61895","content":"그날로"}],"type":"pronunciation"},{"start_time":"96.05","end_time":"96.4","alternatives":[{"confidence":"0.9998","content":"끝나는"}],"type":"pronunciation"},{"start_time":"96.4","end_time":"96.88","alternatives":[{"confidence":"1.0","content":"겁니다"}],"type":"pronunciation"},{"alternatives":[{"confidence":"0.0","content":"."}],"type":"punctuation"},{"start_time":"97.96","end_time":"98.15","alternatives":[{"confidence":"0.9615","content":"그"}],"type":"pronunciation"},{"start_time":"98.15","end_time":"98.59","alternatives":[{"confidence":"1.0","content":"시간이"}],"type":"pronunciation"},{"start_time":"98.59","end_time":"99.23","alternatives":[{"confidence":"0.8242666666666666","content":"열한시부터"}],"type":"pronunciation"},{"start_time":"99.23","end_time":"99.71","alternatives":[{"confidence":"0.472","content":"늦으면"}],"type":"pronunciation"},{"start_time":"99.71","end_time":"100.07","alternatives":[{"confidence":"0.56455","content":"네시에"}],"type":"pronunciation"},{"start_time":"100.1","end_time":"100.48","alternatives":[{"confidence":"0.8233","content":"빠르면"}],"type":"pronunciation"},{"start_time":"100.48","end_time":"100.63","alternatives":[{"confidence":"0.6336","content":"3"}],"type":"pronunciation"},{"start_time":"100.63","end_time":"100.79","alternatives":[{"confidence":"0.9988","content":"시에"}],"type":"pronunciation"},{"start_time":"100.79","end_time":"101.09","alternatives":[{"confidence":"0.9848","content":"끝나는"}],"type":"pronunciation"},{"start_time":"101.09","end_time":"101.23","alternatives":[{"confidence":"0.2479","content":"거예요"}],"type":"pronunciation"},{"alternatives":[{"confidence":"0.0","content":"."}],"type":"punctuation"},{"start_time":"101.23","end_time":"101.54","alternatives":[{"confidence":"0.3952","content":"그러니까"}],"type":"pronunciation"},{"start_time":"101.71","end_time":"101.9","alternatives":[{"confidence":"0.5087","content":"그"}],"type":"pronunciation"},{"start_time":"102.29","end_time":"102.48","alternatives":[{"confidence":"0.9691","content":"그"}],"type":"pronunciation"},{"start_time":"102.48","end_time":"103.14","alternatives":[{"confidence":"0.8787499999999999","content":"시간대는"}],"type":"pronunciation"},{"start_time":"103.14","end_time":"103.48","alternatives":[{"confidence":"1.0","content":"시간을"}],"type":"pronunciation"},{"start_time":"103.48","end_time":"103.97","alternatives":[{"confidence":"0.9613","content":"비워달라는"}],"type":"pronunciation"},{"start_time":"103.97","end_time":"104.56","alternatives":[{"confidence":"0.6395500000000001","content":"얘기에요"}],"type":"pronunciation"},{"alternatives":[{"confidence":"0.0","content":"."}],"type":"punctuation"},{"start_time":"106.17","end_time":"106.56","alternatives":[{"confidence":"0.9892","content":"그러면"}],"type":"pronunciation"},{"start_time":"108.02","end_time":"108.3","alternatives":[{"confidence":"0.9999","content":"간혹"}],"type":"pronunciation"},{"start_time":"108.3","end_time":"108.45","alternatives":[{"confidence":"0.8459","content":"가다"}],"type":"pronunciation"},{"start_time":"108.45","end_time":"108.64","alternatives":[{"confidence":"0.944","content":"어떤"}],"type":"pronunciation"},{"start_time":"108.64","end_time":"109.35","alternatives":[{"confidence":"0.9658","content":"고객님들은"}],"type":"pronunciation"},{"start_time":"110.14","end_time":"110.39","alternatives":[{"confidence":"0.9081","content":"나한테"}],"type":"pronunciation"},{"start_time":"110.39","end_time":"110.83","alternatives":[{"confidence":"0.8725","content":"불이"}],"type":"pronunciation"},{"start_time":"110.83","end_time":"111.08","alternatives":[{"confidence":"0.9755","content":"오는"}],"type":"pronunciation"},{"start_time":"111.08","end_time":"111.19","alternatives":[{"confidence":"0.9372","content":"거"}],"type":"pronunciation"},{"start_time":"111.19","end_time":"111.8","alternatives":[{"confidence":"0.9899","content":"아니냐"}],"type":"pronunciation"},{"alternatives":[{"confidence":"0.0","content":","}],"type":"punctuation"},{"start_time":"111.83","end_time":"112.05","alternatives":[{"confidence":"0.5876","content":"근데"}],"type":"pronunciation"},{"start_time":"112.05","end_time":"112.32","alternatives":[{"confidence":"0.691","content":"불이"}],"type":"pronunciation"},{"start_time":"112.35","end_time":"112.58","alternatives":[{"confidence":"0.8916","content":"이렇게"}],"type":"pronunciation"},{"start_time":"112.61","end_time":"112.79","alternatives":[{"confidence":"0.6138","content":"올"}],"type":"pronunciation"},{"start_time":"112.79","end_time":"112.9","alternatives":[{"confidence":"0.91","content":"게"}],"type":"pronunciation"},{"start_time":"112.9","end_time":"113.14","alternatives":[{"confidence":"0.7101","content":"없는"}],"type":"pronunciation"},{"start_time":"113.14","end_time":"113.4","alternatives":[{"confidence":"0.6996","content":"게"}],"type":"pronunciation"},{"start_time":"114.07","end_time":"114.4","alternatives":[{"confidence":"0.7979","content":"틀림"}],"type":"pronunciation"},{"start_time":"114.4","end_time":"115.1","alternatives":[{"confidence":"1.0","content":"이름으로"}],"type":"pronunciation"},{"start_time":"115.22","end_time":"115.86","alternatives":[{"confidence":"1.0","content":"명의로"}],"type":"pronunciation"},{"start_time":"116.55","end_time":"117.38","alternatives":[{"confidence":"0.62605","content":"할부라든가"}],"type":"pronunciation"},{"start_time":"117.41","end_time":"117.89","alternatives":[{"confidence":"0.9554","content":"리스를"}],"type":"pronunciation"},{"start_time":"117.89","end_time":"118.45","alternatives":[{"confidence":"0.9919","content":"뽑으면"}],"type":"pronunciation"},{"start_time":"118.45","end_time":"118.64","alternatives":[{"confidence":"0.9735","content":"이건"}],"type":"pronunciation"},{"start_time":"118.64","end_time":"118.91","alternatives":[{"confidence":"0.9963","content":"나중에"}],"type":"pronunciation"},{"start_time":"118.91","end_time":"119.19","alternatives":[{"confidence":"0.8513","content":"문제의"}],"type":"pronunciation"},{"start_time":"119.19","end_time":"119.43","alternatives":[{"confidence":"0.9998","content":"소지가"}],"type":"pronunciation"},{"start_time":"119.43","end_time":"119.63","alternatives":[{"confidence":"0.875","content":"되는"}],"type":"pronunciation"},{"start_time":"119.63","end_time":"120.02","alternatives":[{"confidence":"1.0","content":"겁니다"}],"type":"pronunciation"},{"alternatives":[{"confidence":"0.0","content":"."}],"type":"punctuation"},{"start_time":"120.97","end_time":"121.35","alternatives":[{"confidence":"0.5881","content":"근데"}],"type":"pronunciation"},{"start_time":"121.73","end_time":"122.19","alternatives":[{"confidence":"1.0","content":"전액"}],"type":"pronunciation"},{"start_time":"123.23","end_time":"123.82","alternatives":[{"confidence":"0.45404999999999995","content":"현금은"}],"type":"pronunciation"},{"start_time":"123.82","end_time":"123.98","alternatives":[{"confidence":"0.7307","content":"좀"}],"type":"pronunciation"},{"start_time":"123.98","end_time":"124.31","alternatives":[{"confidence":"0.9068499999999999","content":"구매를"}],"type":"pronunciation"},{"start_time":"124.31","end_time":"124.88","alternatives":[{"confidence":"1.0","content":"했고"}],"type":"pronunciation"},{"start_time":"125.21","end_time":"125.72","alternatives":[{"confidence":"0.7537","content":"그날"}],"type":"pronunciation"},{"start_time":"126.01","end_time":"126.52","alternatives":[{"confidence":"0.98595","content":"구매한"}],"type":"pronunciation"},{"start_time":"126.52","end_time":"126.83","alternatives":[{"confidence":"0.4845","content":"날"}],"type":"pronunciation"},{"start_time":"128.11","end_time":"128.86","alternatives":[{"confidence":"0.9044","content":"계약서쓰는"}],"type":"pronunciation"},{"start_time":"129.09","end_time":"129.9","alternatives":[{"confidence":"0.8080666666666666","content":"계약서사인하기"}],"type":"pronunciation"},{"start_time":"129.9","end_time":"130.13","alternatives":[{"confidence":"0.9859","content":"전에"}],"type":"pronunciation"},{"start_time":"130.13","end_time":"130.42","alternatives":[{"confidence":"0.4352","content":"봤어요"}],"type":"pronunciation"},{"alternatives":[{"confidence":"0.0","content":"."}],"type":"punctuation"},{"start_time":"130.54","end_time":"130.9","alternatives":[{"confidence":"0.7021","content":"그러면"}],"type":"pronunciation"},{"start_time":"131.5","end_time":"131.77","alternatives":[{"confidence":"0.7495","content":"차량"}],"type":"pronunciation"},{"start_time":"131.77","end_time":"132.06","alternatives":[{"confidence":"0.9862","content":"가격의"}],"type":"pronunciation"},{"start_time":"132.06","end_time":"132.22","alternatives":[{"confidence":"0.9823","content":"십"}],"type":"pronunciation"},{"start_time":"132.22","end_time":"132.41","alternatives":[{"confidence":"0.71","content":"프로"}],"type":"pronunciation"},{"start_time":"132.41","end_time":"132.97","alternatives":[{"confidence":"0.71445","content":"수수료육백"}],"type":"pronunciation"},{"start_time":"132.97","end_time":"133.31","alternatives":[{"confidence":"0.8232","content":"만원을"}],"type":"pronunciation"},{"start_time":"133.51","end_time":"134.11","alternatives":[{"confidence":"0.9450666666666666","content":"수용하셨지"}],"type":"pronunciation"},{"start_time":"134.11","end_time":"134.87","alternatives":[{"confidence":"0.924","content":"않습니까"}],"type":"pronunciation"},{"alternatives":[{"confidence":"0.0","content":"?"}],"type":"punctuation"},{"start_time":"135.9","end_time":"136.14","alternatives":[{"confidence":"0.9935","content":"이게"}],"type":"pronunciation"},{"start_time":"136.14","end_time":"136.41","alternatives":[{"confidence":"0.9999","content":"이게"}],"type":"pronunciation"},{"start_time":"136.41","end_time":"136.54","alternatives":[{"confidence":"0.9905","content":"다"}],"type":"pronunciation"},{"start_time":"136.54","end_time":"136.99","alternatives":[{"confidence":"0.9336","content":"마무리된"}],"type":"pronunciation"},{"start_time":"136.99","end_time":"137.67","alternatives":[{"confidence":"1.0","content":"거예요"}],"type":"pronunciation"},{"alternatives":[{"confidence":"0.0","content":"."}],"type":"punctuation"},{"start_time":"137.74","end_time":"137.99","alternatives":[{"confidence":"1.0","content":"저희가"}],"type":"pronunciation"},{"start_time":"137.99","end_time":"138.25","alternatives":[{"confidence":"0.9859","content":"보통"}],"type":"pronunciation"},{"start_time":"138.25","end_time":"138.55","alternatives":[{"confidence":"0.5394","content":"요즘"}],"type":"pronunciation"},{"start_time":"138.67","end_time":"139.51","alternatives":[{"confidence":"0.9973","content":"차량을"}],"type":"pronunciation"},{"start_time":"139.54","end_time":"140.22","alternatives":[{"confidence":"0.9715499999999999","content":"혁명가로"}],"type":"pronunciation"},{"start_time":"140.22","end_time":"140.66","alternatives":[{"confidence":"0.9748","content":"하면"}],"type":"pronunciation"},{"start_time":"141.32","end_time":"141.74","alternatives":[{"confidence":"0.82445","content":"혁명가를"}],"type":"pronunciation"},{"start_time":"141.74","end_time":"142.45","alternatives":[{"confidence":"0.8219333333333334","content":"구별하면요"}],"type":"pronunciation"},{"start_time":"144.22","end_time":"144.49","alternatives":[{"confidence":"0.9738","content":"한"}],"type":"pronunciation"},{"start_time":"144.5","end_time":"145.35","alternatives":[{"confidence":"0.78745","content":"십일에서"}],"type":"pronunciation"},{"start_time":"145.35","end_time":"145.63","alternatives":[{"confidence":"0.9858","content":"늦은"}],"type":"pronunciation"},{"start_time":"145.69","end_time":"146.02","alternatives":[{"confidence":"0.8614","content":"십이"}],"type":"pronunciation"},{"start_time":"146.02","end_time":"146.15","alternatives":[{"confidence":"0.9952","content":"일"}],"type":"pronunciation"},{"start_time":"146.15","end_time":"146.39","alternatives":[{"confidence":"0.8393","content":"사이에"}],"type":"pronunciation"},{"start_time":"146.4","end_time":"146.66","alternatives":[{"confidence":"0.9999","content":"차가"}],"type":"pronunciation"},{"start_time":"146.66","end_time":"147.3","alternatives":[{"confidence":"0.3734","content":"출고가잖아요"}],"type":"pronunciation"},{"alternatives":[{"confidence":"0.0","content":"."}],"type":"punctuation"},{"start_time":"148.27","end_time":"148.47","alternatives":[{"confidence":"0.7076","content":"예"}],"type":"pronunciation"},{"alternatives":[{"confidence":"0.0","content":"."}],"type":"punctuation"},{"start_time":"148.96","end_time":"149.86","alternatives":[{"confidence":"0.99575","content":"출고되는"}],"type":"pronunciation"},{"start_time":"149.86","end_time":"150.19","alternatives":[{"confidence":"0.9489","content":"날"}],"type":"pronunciation"},{"start_time":"150.19","end_time":"150.43","alternatives":[{"confidence":"0.9851","content":"우리"}],"type":"pronunciation"},{"start_time":"150.43","end_time":"150.98","alternatives":[{"confidence":"0.83995","content":"영업직원이"}],"type":"pronunciation"},{"start_time":"150.98","end_time":"151.36","alternatives":[{"confidence":"0.9819","content":"같이"}],"type":"pronunciation"},{"start_time":"151.39","end_time":"152.07","alternatives":[{"confidence":"0.99745","content":"내려갑니다"}],"type":"pronunciation"},{"alternatives":[{"confidence":"0.0","content":"."}],"type":"punctuation"},{"start_time":"152.07","end_time":"152.3","alternatives":[{"confidence":"0.9872","content":"다시"}],"type":"pronunciation"},{"start_time":"152.3","end_time":"152.6","alternatives":[{"confidence":"0.2348","content":"부상한"}],"type":"pronunciation"},{"start_time":"152.6","end_time":"152.7","alternatives":[{"confidence":"0.6376","content":"걸"}],"type":"pronunciation"},{"start_time":"152.7","end_time":"152.97","alternatives":[{"confidence":"0.9887","content":"했고"}],"type":"pronunciation"},{"start_time":"153.4","end_time":"154.01","alternatives":[{"confidence":"0.54475","content":"팀하고"}],"type":"pronunciation"},{"start_time":"154.38","end_time":"154.53","alternatives":[{"confidence":"0.6032","content":"그"}],"type":"pronunciation"},{"start_time":"154.53","end_time":"154.75","alternatives":[{"confidence":"0.6044","content":"때는"}],"type":"pronunciation"},{"start_time":"154.75","end_time":"154.89","alternatives":[{"confidence":"0.9748","content":"한"}],"type":"pronunciation"},{"start_time":"154.89","end_time":"155.11","alternatives":[{"confidence":"0.7125","content":"한"}],"type":"pronunciation"},{"start_time":"155.11","end_time":"155.3","alternatives":[{"confidence":"0.7123","content":"시간"}],"type":"pronunciation"},{"start_time":"155.3","end_time":"155.42","alternatives":[{"confidence":"0.9836","content":"반"}],"type":"pronunciation"},{"start_time":"155.42","end_time":"155.76","alternatives":[{"confidence":"0.9641","content":"정도"}],"type":"pronunciation"},{"start_time":"155.79","end_time":"156.28","alternatives":[{"confidence":"0.8343333333333334","content":"명의이전을"}],"type":"pronunciation"},{"start_time":"156.28","end_time":"156.54","alternatives":[{"confidence":"0.91935","content":"해주셔야"}],"type":"pronunciation"},{"start_time":"156.54","end_time":"156.65","alternatives":[{"confidence":"0.9524","content":"될"}],"type":"pronunciation"},{"start_time":"156.65","end_time":"156.73","alternatives":[{"confidence":"0.7661","content":"거"}],"type":"pronunciation"},{"start_time":"156.73","end_time":"157.08","alternatives":[{"confidence":"1.0","content":"아닙니까"}],"type":"pronunciation"},{"alternatives":[{"confidence":"0.0","content":"?"}],"type":"punctuation"},{"start_time":"157.74","end_time":"157.92","alternatives":[{"confidence":"0.5891","content":"예"}],"type":"pronunciation"},{"alternatives":[{"confidence":"0.0","content":"."}],"type":"punctuation"},{"start_time":"158.34","end_time":"158.96","alternatives":[{"confidence":"0.8265","content":"여기서"}],"type":"pronunciation"},{"start_time":"159.2","end_time":"159.38","alternatives":[{"confidence":"0.5554","content":"자"}],"type":"pronunciation"},{"start_time":"161.87","end_time":"162.46","alternatives":[{"confidence":"0.54115","content":"명의가"}],"type":"pronunciation"},{"start_time":"162.7","end_time":"162.93","alternatives":[{"confidence":"0.991","content":"앞으로"}],"type":"pronunciation"},{"start_time":"162.93","end_time":"163.1","alternatives":[{"confidence":"0.9124","content":"차가"}],"type":"pronunciation"},{"start_time":"163.1","end_time":"163.32","alternatives":[{"confidence":"0.0822","content":"되게"}],"type":"pronunciation"},{"start_time":"163.44","end_time":"163.57","alternatives":[{"confidence":"0.396","content":"돼"}],"type":"pronunciation"},{"start_time":"163.57","end_time":"164.09","alternatives":[{"confidence":"0.9112","content":"있지만"}],"type":"pronunciation"},{"start_time":"164.34","end_time":"164.86","alternatives":[{"confidence":"0.7709","content":"실질적으로"}],"type":"pronunciation"},{"start_time":"164.98","end_time":"165.74","alternatives":[{"confidence":"0.3648","content":"저희"}],"type":"pronunciation"},{"start_time":"166.76","end_time":"167.34","alternatives":[{"confidence":"0.9805","content":"그러니까"}],"type":"pronunciation"},{"start_time":"168.21","end_time":"168.55","alternatives":[{"confidence":"0.5981","content":"여보세요"}],"type":"pronunciation"},{"alternatives":[{"confidence":"0.0","content":"."}],"type":"punctuation"},{"start_time":"171.1","end_time":"171.46","alternatives":[{"confidence":"0.8936","content":"여보세요"}],"type":"pronunciation"},{"alternatives":[{"confidence":"0.0","content":"."}],"type":"punctuation"},{"start_time":"172.18","end_time":"173.14","alternatives":[{"confidence":"1.0","content":"여보세요"}],"type":"pronunciation"},{"alternatives":[{"confidence":"0.0","content":","}],"type":"punctuation"},{"start_time":"173.89","end_time":"174.18","alternatives":[{"confidence":"0.8964","content":"그걸로"}],"type":"pronunciation"},{"start_time":"174.18","end_time":"174.52","alternatives":[{"confidence":"0.99535","content":"마무리가"}],"type":"pronunciation"},{"start_time":"174.52","end_time":"174.74","alternatives":[{"confidence":"0.9749","content":"되는"}],"type":"pronunciation"},{"start_time":"174.74","end_time":"175.35","alternatives":[{"confidence":"0.9849","content":"거고요"}],"type":"pronunciation"},{"alternatives":[{"confidence":"0.0","content":"."}],"type":"punctuation"},{"start_time":"175.38","end_time":"175.85","alternatives":[{"confidence":"0.9946","content":"그래서"}],"type":"pronunciation"},{"start_time":"178.29","end_time":"179.16","alternatives":[{"confidence":"1.0","content":"월요일부터"}],"type":"pronunciation"},{"start_time":"179.16","end_time":"179.61","alternatives":[{"confidence":"0.5985","content":"금요일날"}],"type":"pronunciation"},{"start_time":"179.61","end_time":"180.61","alternatives":[{"confidence":"0.8262","content":"평일날"}],"type":"pronunciation"},{"start_time":"181.12","end_time":"181.39","alternatives":[{"confidence":"0.7859","content":"그"}],"type":"pronunciation"},{"start_time":"181.42","end_time":"181.99","alternatives":[{"confidence":"0.8843666666666667","content":"열한시부터"}],"type":"pronunciation"},{"start_time":"181.99","end_time":"182.25","alternatives":[{"confidence":"0.6426","content":"세"}],"type":"pronunciation"},{"start_time":"182.25","end_time":"182.52","alternatives":[{"confidence":"0.9962","content":"시간"}],"type":"pronunciation"},{"start_time":"182.52","end_time":"182.66","alternatives":[{"confidence":"0.7551","content":"네"}],"type":"pronunciation"},{"alternatives":[{"confidence":"0.0","content":","}],"type":"punctuation"},{"start_time":"182.66","end_time":"183.02","alternatives":[{"confidence":"0.9997","content":"시까지"}],"type":"pronunciation"},{"start_time":"183.03","end_time":"183.29","alternatives":[{"confidence":"0.6811","content":"시간"}],"type":"pronunciation"},{"start_time":"183.29","end_time":"183.53","alternatives":[{"confidence":"0.8654","content":"비울"}],"type":"pronunciation"},{"start_time":"183.53","end_time":"183.64","alternatives":[{"confidence":"0.9998","content":"수"}],"type":"pronunciation"},{"start_time":"183.64","end_time":"183.89","alternatives":[{"confidence":"0.9923","content":"있는"}],"type":"pronunciation"},{"start_time":"183.89","end_time":"184.59","alternatives":[{"confidence":"0.5612","content":"날"}],"type":"pronunciation"},{"start_time":"185.05","end_time":"185.37","alternatives":[{"confidence":"0.8398","content":"일정"}],"type":"pronunciation"},{"start_time":"185.37","end_time":"185.74","alternatives":[{"confidence":"0.9581666666666666","content":"잡으시면"}],"type":"pronunciation"},{"start_time":"185.74","end_time":"186.01","alternatives":[{"confidence":"0.5855999999999999","content":"저희랑"}],"type":"pronunciation"},{"start_time":"186.01","end_time":"186.24","alternatives":[{"confidence":"0.5213","content":"일상"}],"type":"pronunciation"},{"start_time":"186.24","end_time":"186.9","alternatives":[{"confidence":"0.8565","content":"맞춰가지고"}],"type":"pronunciation"},{"start_time":"187.19","end_time":"187.39","alternatives":[{"confidence":"0.9632","content":"저희"}],"type":"pronunciation"},{"start_time":"187.39","end_time":"187.96","alternatives":[{"confidence":"0.8248","content":"영업직원이"}],"type":"pronunciation"},{"start_time":"187.96","end_time":"188.35","alternatives":[{"confidence":"0.92135","content":"부산을"}],"type":"pronunciation"},{"start_time":"188.35","end_time":"188.83","alternatives":[{"confidence":"0.9422","content":"방문하는"}],"type":"pronunciation"},{"start_time":"188.83","end_time":"189.24","alternatives":[{"confidence":"0.9999","content":"겁니다"}],"type":"pronunciation"},{"alternatives":[{"confidence":"0.0","content":"."}],"type":"punctuation"},{"start_time":"189.57","end_time":"189.95","alternatives":[{"confidence":"0.9732","content":"그러면"}],"type":"pronunciation"},{"start_time":"190.29","end_time":"190.76","alternatives":[{"confidence":"0.9834499999999999","content":"진행하려고"}],"type":"pronunciation"},{"start_time":"190.76","end_time":"191.05","alternatives":[{"confidence":"0.5908","content":"하면은"}],"type":"pronunciation"},{"start_time":"191.05","end_time":"191.21","alternatives":[{"confidence":"0.4149","content":"한"}],"type":"pronunciation"},{"start_time":"191.8","end_time":"192.78","alternatives":[{"confidence":"0.4702","content":"이번주"}],"type":"pronunciation"},{"start_time":"192.79","end_time":"193.31","alternatives":[{"confidence":"0.8953","content":"분명히"}],"type":"pronunciation"},{"start_time":"194.39","end_time":"194.76","alternatives":[{"confidence":"0.9412","content":"언제부터"}],"type":"pronunciation"},{"start_time":"194.76","end_time":"194.91","alternatives":[{"confidence":"0.5023","content":"따로"}],"type":"pronunciation"},{"start_time":"194.91","end_time":"195.53","alternatives":[{"confidence":"0.8330500000000001","content":"가능한건가요"}],"type":"pronunciation"},{"alternatives":[{"confidence":"0.0","content":"?"}],"type":"punctuation"},{"start_time":"196.96","end_time":"197.28","alternatives":[{"confidence":"0.8064","content":"저기"}],"type":"pronunciation"},{"start_time":"197.28","end_time":"197.76","alternatives":[{"confidence":"0.6497","content":"그"}],"type":"pronunciation"},{"start_time":"197.82","end_time":"198.11","alternatives":[{"confidence":"0.9599","content":"이번에"}],"type":"pronunciation"},{"start_time":"198.17","end_time":"198.3","alternatives":[{"confidence":"0.3722","content":"오"}],"type":"pronunciation"},{"start_time":"198.3","end_time":"198.37","alternatives":[{"confidence":"0.5648","content":"일"}],"type":"pronunciation"},{"start_time":"198.37","end_time":"198.55","alternatives":[{"confidence":"0.5594","content":"년에"}],"type":"pronunciation"},{"start_time":"198.64","end_time":"199.85","alternatives":[{"confidence":"0.9405249999999999","content":"식목일이잖아요"}],"type":"pronunciation"},{"alternatives":[{"confidence":"0.0","content":"?"}],"type":"punctuation"},{"start_time":"200.26","end_time":"200.43","alternatives":[{"confidence":"0.4121","content":"예"}],"type":"pronunciation"},{"alternatives":[{"confidence":"0.0","content":"."}],"type":"punctuation"},{"start_time":"200.55","end_time":"201.11","alternatives":[{"confidence":"0.9995","content":"공휴일이니까"}],"type":"pronunciation"},{"start_time":"201.11","end_time":"201.4","alternatives":[{"confidence":"0.6336","content":"그녀는"}],"type":"pronunciation"},{"start_time":"201.4","end_time":"201.94","alternatives":[{"confidence":"0.8316","content":"안되고"}],"type":"pronunciation"},{"start_time":"202.09","end_time":"202.41","alternatives":[{"confidence":"0.5247","content":"관계"}],"type":"pronunciation"},{"start_time":"202.41","end_time":"202.94","alternatives":[{"confidence":"0.9946","content":"없습니다"}],"type":"pronunciation"},{"alternatives":[{"confidence":"0.0","content":"."}],"type":"punctuation"},{"start_time":"203.44","end_time":"203.81","alternatives":[{"confidence":"0.605","content":"그러면"}],"type":"pronunciation"},{"start_time":"204.48","end_time":"205.91","alternatives":[{"confidence":"0.4959","content":"다음주"}],"type":"pronunciation"},{"start_time":"206.7","end_time":"207.23","alternatives":[{"confidence":"0.0324","content":"했습니다"}],"type":"pronunciation"},{"alternatives":[{"confidence":"0.0","content":"."}],"type":"punctuation"},{"start_time":"207.83","end_time":"208.3","alternatives":[{"confidence":"0.105","content":"그러니까"}],"type":"pronunciation"},{"start_time":"208.8","end_time":"209.07","alternatives":[{"confidence":"0.8758","content":"그러면"}],"type":"pronunciation"},{"start_time":"209.07","end_time":"209.32","alternatives":[{"confidence":"0.6616","content":"다시"}],"type":"pronunciation"},{"start_time":"210.14","end_time":"210.41","alternatives":[{"confidence":"0.82285","content":"사월"}],"type":"pronunciation"},{"start_time":"210.41","end_time":"210.61","alternatives":[{"confidence":"0.8304","content":"구일"}],"type":"pronunciation"},{"start_time":"210.61","end_time":"210.76","alternatives":[{"confidence":"0.8999","content":"날"}],"type":"pronunciation"},{"start_time":"210.76","end_time":"210.94","alternatives":[{"confidence":"0.4909","content":"까지"}],"type":"pronunciation"},{"start_time":"210.94","end_time":"211.64","alternatives":[{"confidence":"0.7637","content":"가능한데"}],"type":"pronunciation"},{"start_time":"212.1","end_time":"212.38","alternatives":[{"confidence":"0.889","content":"그러면"}],"type":"pronunciation"},{"start_time":"212.38","end_time":"212.91","alternatives":[{"confidence":"1.0","content":"저희가"}],"type":"pronunciation"},{"start_time":"213.18","end_time":"213.45","alternatives":[{"confidence":"0.8572","content":"차량"}],"type":"pronunciation"},{"start_time":"213.45","end_time":"214.04","alternatives":[{"confidence":"0.9722","content":"구매하는"}],"type":"pronunciation"},{"start_time":"214.1","end_time":"214.32","alternatives":[{"confidence":"1.0","content":"저희가"}],"type":"pronunciation"},{"start_time":"214.32","end_time":"214.53","alternatives":[{"confidence":"0.9929","content":"보통"}],"type":"pronunciation"},{"start_time":"214.53","end_time":"214.68","alternatives":[{"confidence":"0.8376","content":"하루에"}],"type":"pronunciation"},{"start_time":"214.68","end_time":"214.83","alternatives":[{"confidence":"0.9902","content":"한"}],"type":"pronunciation"},{"start_time":"214.83","end_time":"215.22","alternatives":[{"confidence":"0.48719999999999997","content":"여섯시에서"}],"type":"pronunciation"},{"start_time":"215.22","end_time":"215.56","alternatives":[{"confidence":"0.3632","content":"일곱살"}],"type":"pronunciation"},{"start_time":"215.56","end_time":"216.55","alternatives":[{"confidence":"0.9034500000000001","content":"구매하는데"}],"type":"pronunciation"},{"start_time":"216.97","end_time":"217.27","alternatives":[{"confidence":"0.9077","content":"전액"}],"type":"pronunciation"},{"start_time":"217.27","end_time":"217.7","alternatives":[{"confidence":"0.8577333333333333","content":"현찰이다"}],"type":"pronunciation"},{"start_time":"217.7","end_time":"218.36","alternatives":[{"confidence":"0.9976","content":"보니까"}],"type":"pronunciation"},{"start_time":"218.79","end_time":"219.07","alternatives":[{"confidence":"0.8882","content":"한"}],"type":"pronunciation"},{"start_time":"219.07","end_time":"219.24","alternatives":[{"confidence":"0.7337","content":"한"}],"type":"pronunciation"},{"start_time":"219.25","end_time":"219.89","alternatives":[{"confidence":"0.8026","content":"사억씩"}],"type":"pronunciation"},{"start_time":"220.66","end_time":"220.99","alternatives":[{"confidence":"0.5648","content":"그걸"}],"type":"pronunciation"},{"start_time":"220.99","end_time":"221.19","alternatives":[{"confidence":"0.9992","content":"저희가"}],"type":"pronunciation"},{"start_time":"221.19","end_time":"221.47","alternatives":[{"confidence":"0.9729","content":"일정을"}],"type":"pronunciation"},{"start_time":"221.47","end_time":"222.12","alternatives":[{"confidence":"0.85155","content":"맞춰가지고"}],"type":"pronunciation"},{"start_time":"222.66","end_time":"223.68","alternatives":[{"confidence":"0.88855","content":"카톡연락을"}],"type":"pronunciation"},{"start_time":"223.68","end_time":"224.1","alternatives":[{"confidence":"0.99675","content":"드리고요"}],"type":"pronunciation"},{"start_time":"224.36","end_time":"224.87","alternatives":[{"confidence":"0.9909","content":"지금"}],"type":"pronunciation"},{"start_time":"224.96","end_time":"225.57","alternatives":[{"confidence":"1.0","content":"저희가"}],"type":"pronunciation"},{"start_time":"227.27","end_time":"227.86","alternatives":[{"confidence":"0.9208","content":"전화번호로"}],"type":"pronunciation"},{"start_time":"227.86","end_time":"228.37","alternatives":[{"confidence":"0.9944","content":"해서"}],"type":"pronunciation"},{"start_time":"228.49","end_time":"228.83","alternatives":[{"confidence":"0.7573","content":"개인"}],"type":"pronunciation"},{"start_time":"228.83","end_time":"229.25","alternatives":[{"confidence":"0.9407","content":"카톡으로"}],"type":"pronunciation"},{"start_time":"229.25","end_time":"229.56","alternatives":[{"confidence":"0.9464","content":"해서"}],"type":"pronunciation"},{"start_time":"230.39","end_time":"230.75","alternatives":[{"confidence":"0.7768999999999999","content":"어가지고"}],"type":"pronunciation"},{"alternatives":[{"confidence":"0.0","content":"."}],"type":"punctuation"},{"start_time":"232.37","end_time":"232.61","alternatives":[{"confidence":"0.9603","content":"그럼"}],"type":"pronunciation"},{"start_time":"232.61","end_time":"232.7","alternatives":[{"confidence":"0.3302","content":"뭐"}],"type":"pronunciation"},{"start_time":"232.71","end_time":"233.16","alternatives":[{"confidence":"1.0","content":"메신저를"}],"type":"pronunciation"},{"start_time":"233.16","end_time":"233.41","alternatives":[{"confidence":"0.9337500000000001","content":"쓰셔야"}],"type":"pronunciation"},{"start_time":"233.41","end_time":"233.99","alternatives":[{"confidence":"0.9971","content":"되는데"}],"type":"pronunciation"},{"start_time":"236.83","end_time":"237.17","alternatives":[{"confidence":"0.8848","content":"그렇다고"}],"type":"pronunciation"},{"start_time":"237.17","end_time":"237.78","alternatives":[{"confidence":"0.945","content":"지금"}],"type":"pronunciation"},{"start_time":"240.2","end_time":"240.45","alternatives":[{"confidence":"0.6819","content":"지금"}],"type":"pronunciation"},{"start_time":"240.78","end_time":"241.08","alternatives":[{"confidence":"0.0345","content":"그러면"}],"type":"pronunciation"},{"start_time":"241.36","end_time":"241.58","alternatives":[{"confidence":"0.2195","content":"지금"}],"type":"pronunciation"},{"start_time":"241.58","end_time":"241.75","alternatives":[{"confidence":"0.0829","content":"좀"}],"type":"pronunciation"},{"start_time":"242.21","end_time":"242.37","alternatives":[{"confidence":"0.1308","content":"알고"}],"type":"pronunciation"},{"start_time":"242.37","end_time":"242.75","alternatives":[{"confidence":"0.6664","content":"줄게요"}],"type":"pronunciation"},{"alternatives":[{"confidence":"0.0","content":"."}],"type":"punctuation"},{"start_time":"243.48","end_time":"244.02","alternatives":[{"confidence":"0.7656","content":"그러면은"}],"type":"pronunciation"},{"start_time":"244.02","end_time":"244.25","alternatives":[{"confidence":"0.9714","content":"그"}],"type":"pronunciation"},{"start_time":"244.28","end_time":"244.52","alternatives":[{"confidence":"0.5942","content":"전화"}],"type":"pronunciation"},{"start_time":"244.52","end_time":"244.65","alternatives":[{"confidence":"0.3496","content":"으로"}],"type":"pronunciation"},{"start_time":"244.65","end_time":"245.19","alternatives":[{"confidence":"0.7464999999999999","content":"카톡저기"}],"type":"pronunciation"},{"start_time":"245.19","end_time":"245.38","alternatives":[{"confidence":"0.8041","content":"하세요"}],"type":"pronunciation"},{"alternatives":[{"confidence":"0.0","content":"."}],"type":"punctuation"},{"start_time":"245.38","end_time":"245.87","alternatives":[{"confidence":"0.9954000000000001","content":"왜냐면요"}],"type":"pronunciation"},{"start_time":"245.9","end_time":"246.03","alternatives":[{"confidence":"0.3931","content":"이제"}],"type":"pronunciation"},{"start_time":"246.06","end_time":"246.27","alternatives":[{"confidence":"0.9341","content":"그"}],"type":"pronunciation"},{"start_time":"246.28","end_time":"246.71","alternatives":[{"confidence":"0.96995","content":"출금을"}],"type":"pronunciation"},{"start_time":"246.71","end_time":"247.33","alternatives":[{"confidence":"0.972","content":"하시면"}],"type":"pronunciation"},{"start_time":"247.82","end_time":"247.95","alternatives":[{"confidence":"0.4745","content":"1"}],"type":"pronunciation"},{"start_time":"247.95","end_time":"248.06","alternatives":[{"confidence":"0.8649","content":"차"}],"type":"pronunciation"},{"start_time":"248.06","end_time":"248.48","alternatives":[{"confidence":"0.8722000000000001","content":"출금을"}],"type":"pronunciation"},{"start_time":"248.48","end_time":"249.08","alternatives":[{"confidence":"0.99885","content":"계약금을"}],"type":"pronunciation"},{"start_time":"249.12","end_time":"249.51","alternatives":[{"confidence":"0.718","content":"출금을"}],"type":"pronunciation"},{"start_time":"249.51","end_time":"250.02","alternatives":[{"confidence":"0.9944","content":"해서"}],"type":"pronunciation"},{"start_time":"250.02","end_time":"250.25","alternatives":[{"confidence":"0.9544","content":"저희"}],"type":"pronunciation"},{"start_time":"250.25","end_time":"250.44","alternatives":[{"confidence":"0.5372","content":"영업"}],"type":"pronunciation"},{"start_time":"250.44","end_time":"250.62","alternatives":[{"confidence":"0.2763","content":"선을"}],"type":"pronunciation"},{"start_time":"250.62","end_time":"250.85","alternatives":[{"confidence":"0.5097","content":"건너"}],"type":"pronunciation"},{"start_time":"250.85","end_time":"250.96","alternatives":[{"confidence":"0.9053","content":"줄"}],"type":"pronunciation"},{"start_time":"250.96","end_time":"251.03","alternatives":[{"confidence":"0.8081","content":"거"}],"type":"pronunciation"},{"start_time":"251.03","end_time":"251.69","alternatives":[{"confidence":"1.0","content":"아닙니까"}],"type":"pronunciation"},{"alternatives":[{"confidence":"0.0","content":"?"}],"type":"punctuation"},{"start_time":"252.09","end_time":"252.56","alternatives":[{"confidence":"0.9014","content":"그러면"}],"type":"pronunciation"},{"start_time":"253.07","end_time":"253.4","alternatives":[{"confidence":"0.7307","content":"그"}],"type":"pronunciation"},{"start_time":"254.93","end_time":"255.36","alternatives":[{"confidence":"0.8906000000000001","content":"통장의"}],"type":"pronunciation"},{"start_time":"255.36","end_time":"255.77","alternatives":[{"confidence":"0.9983333333333334","content":"입출금"}],"type":"pronunciation"},{"start_time":"255.77","end_time":"256.53","alternatives":[{"confidence":"0.9982","content":"내역을"}],"type":"pronunciation"},{"start_time":"257.37","end_time":"258.31","alternatives":[{"confidence":"0.88425","content":"카톡에서"}],"type":"pronunciation"},{"start_time":"258.31","end_time":"259.06","alternatives":[{"confidence":"0.9681","content":"보내주시면"}],"type":"pronunciation"},{"start_time":"259.36","end_time":"259.54","alternatives":[{"confidence":"0.8165","content":"이거"}],"type":"pronunciation"},{"start_time":"259.54","end_time":"259.78","alternatives":[{"confidence":"0.9787","content":"저희가"}],"type":"pronunciation"},{"start_time":"259.81","end_time":"260.4","alternatives":[{"confidence":"0.9854","content":"대표님한테"}],"type":"pronunciation"},{"start_time":"260.59","end_time":"261.67","alternatives":[{"confidence":"0.8368333333333333","content":"계약금처리알려졌습니다"}],"type":"pronunciation"},{"start_time":"261.67","end_time":"261.91","alternatives":[{"confidence":"0.9905","content":"그러면"}],"type":"pronunciation"},{"start_time":"262.38","end_time":"262.51","alternatives":[{"confidence":"0.78","content":"그"}],"type":"pronunciation"},{"start_time":"262.54","end_time":"263.13","alternatives":[{"confidence":"0.9973000000000001","content":"대표님이"}],"type":"pronunciation"},{"start_time":"263.13","end_time":"263.39","alternatives":[{"confidence":"0.9923","content":"이제"}],"type":"pronunciation"},{"start_time":"263.51","end_time":"264.04","alternatives":[{"confidence":"0.98895","content":"중도금을"}],"type":"pronunciation"},{"start_time":"264.04","end_time":"264.61","alternatives":[{"confidence":"0.9895","content":"보내드리고"}],"type":"pronunciation"},{"start_time":"264.61","end_time":"265.02","alternatives":[{"confidence":"0.9978","content":"잔금을"}],"type":"pronunciation"},{"start_time":"265.02","end_time":"265.33","alternatives":[{"confidence":"0.6921","content":"보내드릴"}],"type":"pronunciation"},{"start_time":"265.33","end_time":"265.59","alternatives":[{"confidence":"0.4524","content":"게"}],"type":"pronunciation"},{"start_time":"265.96","end_time":"266.29","alternatives":[{"confidence":"0.5978","content":"그"}],"type":"pronunciation"},{"start_time":"267.24","end_time":"268.24","alternatives":[{"confidence":"0.940675","content":"수수료육백만원까지"}],"type":"pronunciation"},{"start_time":"268.24","end_time":"268.53","alternatives":[{"confidence":"0.9932","content":"같이"}],"type":"pronunciation"},{"start_time":"268.53","end_time":"268.81","alternatives":[{"confidence":"0.8174","content":"보내기"}],"type":"pronunciation"},{"start_time":"268.81","end_time":"269.28","alternatives":[{"confidence":"0.9958","content":"때문에"}],"type":"pronunciation"},{"start_time":"269.57","end_time":"270.41","alternatives":[{"confidence":"0.999","content":"카톡메신저가"}],"type":"pronunciation"},{"start_time":"270.41","end_time":"270.62","alternatives":[{"confidence":"0.9919","content":"있어야"}],"type":"pronunciation"},{"start_time":"270.62","end_time":"270.94","alternatives":[{"confidence":"0.9903","content":"됩니다"}],"type":"pronunciation"},{"alternatives":[{"confidence":"0.0","content":"."}],"type":"punctuation"},{"start_time":"271.66","end_time":"271.88","alternatives":[{"confidence":"0.1853","content":"네"}],"type":"pronunciation"},{"alternatives":[{"confidence":"0.0","content":"."}],"type":"punctuation"},{"start_time":"271.88","end_time":"272.04","alternatives":[{"confidence":"0.2468","content":"네"}],"type":"pronunciation"},{"alternatives":[{"confidence":"0.0","content":"."}],"type":"punctuation"},{"start_time":"272.84","end_time":"273.37","alternatives":[{"confidence":"0.4913","content":"그러면은"}],"type":"pronunciation"},{"start_time":"273.37","end_time":"275.49","alternatives":[{"confidence":"0.9984500000000001","content":"카톡깔고"}],"type":"pronunciation"},{"start_time":"275.68","end_time":"276.09","alternatives":[{"confidence":"0.8526","content":"저러하니라"}],"type":"pronunciation"},{"start_time":"276.09","end_time":"276.63","alternatives":[{"confidence":"0.9524","content":"한"}],"type":"pronunciation"},{"start_time":"276.92","end_time":"277.23","alternatives":[{"confidence":"0.5032","content":"십오"}],"type":"pronunciation"},{"start_time":"277.23","end_time":"277.44","alternatives":[{"confidence":"0.9754","content":"분이나"}],"type":"pronunciation"},{"start_time":"277.44","end_time":"277.57","alternatives":[{"confidence":"0.7764","content":"이십"}],"type":"pronunciation"},{"start_time":"277.57","end_time":"277.77","alternatives":[{"confidence":"0.0759","content":"분이나"}],"type":"pronunciation"},{"start_time":"277.77","end_time":"278.05","alternatives":[{"confidence":"0.3543","content":"하천을"}],"type":"pronunciation"},{"start_time":"278.05","end_time":"278.93","alternatives":[{"confidence":"0.9675","content":"드릴게요"}],"type":"pronunciation"},{"alternatives":[{"confidence":"0.0","content":"."}],"type":"punctuation"},{"start_time":"279.38","end_time":"279.92","alternatives":[{"confidence":"1.0","content":"일단"}],"type":"pronunciation"},{"start_time":"280.38","end_time":"280.68","alternatives":[{"confidence":"0.4116","content":"지금은"}],"type":"pronunciation"},{"start_time":"280.68","end_time":"281.01","alternatives":[{"confidence":"0.8486","content":"사월"}],"type":"pronunciation"},{"start_time":"281.01","end_time":"282.23","alternatives":[{"confidence":"0.8155","content":"구일쯤"}],"type":"pronunciation"},{"start_time":"282.35","end_time":"282.59","alternatives":[{"confidence":"0.7036","content":"가능"}],"type":"pronunciation"},{"start_time":"282.59","end_time":"282.9","alternatives":[{"confidence":"0.7427","content":"하신다는"}],"type":"pronunciation"},{"start_time":"282.9","end_time":"283.18","alternatives":[{"confidence":"0.85915","content":"얘기죠"}],"type":"pronunciation"},{"alternatives":[{"confidence":"0.0","content":"."}],"type":"punctuation"},{"start_time":"284.36","end_time":"284.6","alternatives":[{"confidence":"0.9999","content":"일단"}],"type":"pronunciation"},{"start_time":"284.6","end_time":"285.08","alternatives":[{"confidence":"0.7014","content":"고일로"}],"type":"pronunciation"},{"start_time":"285.08","end_time":"285.35","alternatives":[{"confidence":"1.0","content":"일단"}],"type":"pronunciation"},{"start_time":"285.56","end_time":"286.72","alternatives":[{"confidence":"0.6353","content":"가상예약잡아놓은"}],"type":"pronunciation"},{"start_time":"286.72","end_time":"287.5","alternatives":[{"confidence":"0.8844","content":"고요"}],"type":"pronunciation"},{"alternatives":[{"confidence":"0.0","content":"."}],"type":"punctuation"},{"start_time":"287.89","end_time":"288.2","alternatives":[{"confidence":"0.9632","content":"예"}],"type":"pronunciation"},{"alternatives":[{"confidence":"0.0","content":"."}],"type":"punctuation"},{"start_time":"288.23","end_time":"288.52","alternatives":[{"confidence":"0.9997","content":"그리고"}],"type":"pronunciation"},{"start_time":"288.61","end_time":"288.78","alternatives":[{"confidence":"0.9958","content":"제가"}],"type":"pronunciation"},{"start_time":"288.78","end_time":"288.96","alternatives":[{"confidence":"0.9891","content":"다시"}],"type":"pronunciation"},{"start_time":"288.96","end_time":"289.18","alternatives":[{"confidence":"0.9113","content":"한번"}],"type":"pronunciation"},{"start_time":"289.4","end_time":"290.44","alternatives":[{"confidence":"0.8709","content":"통화하시죠"}],"type":"pronunciation"},{"alternatives":[{"confidence":"0.0","content":"."}],"type":"punctuation"},{"start_time":"290.81","end_time":"291.35","alternatives":[{"confidence":"0.874","content":"예"}],"type":"pronunciation"},{"alternatives":[{"confidence":"0.0","content":"."}],"type":"punctuation"}]},"status":"COMPLETED"}