{"jobName":"transcribe_loan81","accountId":"097989105209","results":{"transcripts":[{"transcript":"바로 잡아드리겠습니다 주민번호 주지금부터 눕그렇게 시작하겠습니다 주민 분은 다 불러주세요 네 이시고요 저희도 언론이나 등기우편받으시주소 좀 불러주세요 네 저쪽대출금받아 보실 개념번호 좀 불러주세요 농협은행 이시고요 맞으시죠 네 농협은행 이시고 맞으시고요 쪽 상황 날짜 좀 결정해 주시겠어요? 가능 하십니다 매달 이십오 일 이요 201로 잡히셨고요 에 대해서 인지 부분 백십 만원이 발생이 되셨는데요 네 설명을 드릴게요 이 같은 경우에는 고객님께서 백십 만원을 저희 쪽으로 주셔야 배출권이 나가시는 것도 아니시고요 대출권을 나가실 때 백십만원이 제외되고 나가신 거 아니에요 쉽게 설명해서 고객님께서 부담하신금액은 없으시고요 금융권에서 대신 고객님한테 배출권 내어드리기 위해서 책임 신고 처리 하는건데 선생님명의로 신고처리하는 부분 때문에 고객 동의를 구하는 거예요 동의하십니까? 네 그러시면 신고처리해드릴게요 잠시만요 신고 처리 해드렸고요 많이 하나 저희 쪽에서 대추권이 못 나가시는 상황이 발생이 되시면은 이 인지 세 부분 백십만원 같은 경우에는 부결적도 올려서 환급절차 진행되시면 문제 되시는 부분 전혀 없으시고요 그리고 승인하신 잠시만요 지금 한 시 삼십칠 분 정도 되셨는데 늦어도 2 시 오십 분까지 송금처리 완료되실 거예요 농협적으로 잔액확인해보시면 되시고요 다음 같은 경우에는 천만원의 십구프로 육십 승인 처리나셨고요 저는 삼성 팀장이 권상팀장이었습니다 결국 승인하신 자금은 승인 처리나셨거든요 천만원 천만원 십구 프로 육십 승인 처리나셨고요 저는 삼성 저축은행송금팀장이 권상팀장이었습니다 네, 알겠습니다 네 감사합니다"}],"items":[{"start_time":"0.15","end_time":"0.36","alternatives":[{"confidence":"0.9974","content":"바로"}],"type":"pronunciation"},{"start_time":"0.36","end_time":"1.42","alternatives":[{"confidence":"0.7784500000000001","content":"잡아드리겠습니다"}],"type":"pronunciation"},{"start_time":"1.57","end_time":"2.15","alternatives":[{"confidence":"0.7636000000000001","content":"주민번호"}],"type":"pronunciation"},{"start_time":"2.15","end_time":"2.93","alternatives":[{"confidence":"0.8453999999999999","content":"주지금부터"}],"type":"pronunciation"},{"start_time":"2.93","end_time":"3.77","alternatives":[{"confidence":"0.44075000000000003","content":"눕그렇게"}],"type":"pronunciation"},{"start_time":"3.89","end_time":"5.12","alternatives":[{"confidence":"0.99405","content":"시작하겠습니다"}],"type":"pronunciation"},{"start_time":"7.15","end_time":"7.45","alternatives":[{"confidence":"0.3442","content":"주민"}],"type":"pronunciation"},{"start_time":"7.45","end_time":"7.76","alternatives":[{"confidence":"0.4074","content":"분은"}],"type":"pronunciation"},{"start_time":"7.76","end_time":"7.9","alternatives":[{"confidence":"0.9565","content":"다"}],"type":"pronunciation"},{"start_time":"7.9","end_time":"8.99","alternatives":[{"confidence":"0.9222","content":"불러주세요"}],"type":"pronunciation"},{"start_time":"11.6","end_time":"12.29","alternatives":[{"confidence":"0.4899","content":"네"}],"type":"pronunciation"},{"start_time":"18.23","end_time":"19.29","alternatives":[{"confidence":"0.5506499999999999","content":"이시고요"}],"type":"pronunciation"},{"start_time":"19.35","end_time":"19.62","alternatives":[{"confidence":"0.6743","content":"저희도"}],"type":"pronunciation"},{"start_time":"19.62","end_time":"20.61","alternatives":[{"confidence":"0.2975","content":"언론이나"}],"type":"pronunciation"},{"start_time":"20.61","end_time":"21.88","alternatives":[{"confidence":"0.357525","content":"등기우편받으시주소"}],"type":"pronunciation"},{"start_time":"21.88","end_time":"22.04","alternatives":[{"confidence":"0.9999","content":"좀"}],"type":"pronunciation"},{"start_time":"22.04","end_time":"22.91","alternatives":[{"confidence":"0.99905","content":"불러주세요"}],"type":"pronunciation"},{"start_time":"25.03","end_time":"25.59","alternatives":[{"confidence":"0.0536","content":"네"}],"type":"pronunciation"},{"start_time":"29.65","end_time":"30.61","alternatives":[{"confidence":"0.5453","content":"저쪽대출금받아"}],"type":"pronunciation"},{"start_time":"30.61","end_time":"30.96","alternatives":[{"confidence":"0.8633","content":"보실"}],"type":"pronunciation"},{"start_time":"30.96","end_time":"31.45","alternatives":[{"confidence":"0.76315","content":"개념번호"}],"type":"pronunciation"},{"start_time":"31.45","end_time":"31.59","alternatives":[{"confidence":"0.9998","content":"좀"}],"type":"pronunciation"},{"start_time":"31.59","end_time":"32.59","alternatives":[{"confidence":"0.9989","content":"불러주세요"}],"type":"pronunciation"},{"start_time":"33.7","end_time":"34.25","alternatives":[{"confidence":"0.7824","content":"농협은행"}],"type":"pronunciation"},{"start_time":"34.25","end_time":"34.94","alternatives":[{"confidence":"0.8638999999999999","content":"이시고요"}],"type":"pronunciation"},{"start_time":"37.56","end_time":"38.76","alternatives":[{"confidence":"0.9583333333333334","content":"맞으시죠"}],"type":"pronunciation"},{"start_time":"39.19","end_time":"39.49","alternatives":[{"confidence":"0.7867","content":"네"}],"type":"pronunciation"},{"start_time":"39.55","end_time":"40.65","alternatives":[{"confidence":"0.6727000000000001","content":"농협은행"}],"type":"pronunciation"},{"start_time":"40.65","end_time":"41.26","alternatives":[{"confidence":"0.6776","content":"이시고"}],"type":"pronunciation"},{"start_time":"42.75","end_time":"43.83","alternatives":[{"confidence":"0.9387","content":"맞으시고요"}],"type":"pronunciation"},{"start_time":"45.4","end_time":"45.62","alternatives":[{"confidence":"0.6972","content":"쪽"}],"type":"pronunciation"},{"start_time":"45.62","end_time":"45.86","alternatives":[{"confidence":"0.5063","content":"상황"}],"type":"pronunciation"},{"start_time":"46.17","end_time":"46.51","alternatives":[{"confidence":"0.354","content":"날짜"}],"type":"pronunciation"},{"start_time":"46.51","end_time":"46.64","alternatives":[{"confidence":"0.4628","content":"좀"}],"type":"pronunciation"},{"start_time":"46.64","end_time":"47.07","alternatives":[{"confidence":"0.74715","content":"결정해"}],"type":"pronunciation"},{"start_time":"47.07","end_time":"47.65","alternatives":[{"confidence":"0.9997","content":"주시겠어요"}],"type":"pronunciation"},{"alternatives":[{"confidence":"0.0","content":"?"}],"type":"punctuation"},{"start_time":"48.27","end_time":"48.48","alternatives":[{"confidence":"0.6747","content":"가능"}],"type":"pronunciation"},{"start_time":"48.48","end_time":"48.87","alternatives":[{"confidence":"0.9695","content":"하십니다"}],"type":"pronunciation"},{"start_time":"50.27","end_time":"50.59","alternatives":[{"confidence":"0.8128","content":"매달"}],"type":"pronunciation"},{"start_time":"50.59","end_time":"50.96","alternatives":[{"confidence":"0.3467","content":"이십오"}],"type":"pronunciation"},{"start_time":"50.96","end_time":"51.08","alternatives":[{"confidence":"0.1747","content":"일"}],"type":"pronunciation"},{"start_time":"51.08","end_time":"51.44","alternatives":[{"confidence":"0.399","content":"이요"}],"type":"pronunciation"},{"start_time":"51.71","end_time":"52.35","alternatives":[{"confidence":"0.10726666666666666","content":"201로"}],"type":"pronunciation"},{"start_time":"52.35","end_time":"53.16","alternatives":[{"confidence":"0.45459999999999995","content":"잡히셨고요"}],"type":"pronunciation"},{"start_time":"54.22","end_time":"54.26","alternatives":[{"confidence":"0.8486","content":"에"}],"type":"pronunciation"},{"start_time":"54.26","end_time":"54.75","alternatives":[{"confidence":"0.9799","content":"대해서"}],"type":"pronunciation"},{"start_time":"54.75","end_time":"55.01","alternatives":[{"confidence":"0.4896","content":"인지"}],"type":"pronunciation"},{"start_time":"55.19","end_time":"55.61","alternatives":[{"confidence":"0.5152","content":"부분"}],"type":"pronunciation"},{"start_time":"55.61","end_time":"55.96","alternatives":[{"confidence":"0.3232","content":"백십"}],"type":"pronunciation"},{"start_time":"55.96","end_time":"56.34","alternatives":[{"confidence":"0.47365","content":"만원이"}],"type":"pronunciation"},{"start_time":"56.34","end_time":"56.73","alternatives":[{"confidence":"0.7819499999999999","content":"발생이"}],"type":"pronunciation"},{"start_time":"56.73","end_time":"57.88","alternatives":[{"confidence":"0.92355","content":"되셨는데요"}],"type":"pronunciation"},{"start_time":"60.0","end_time":"60.21","alternatives":[{"confidence":"0.0215","content":"네"}],"type":"pronunciation"},{"start_time":"60.53","end_time":"60.86","alternatives":[{"confidence":"0.9196","content":"설명을"}],"type":"pronunciation"},{"start_time":"60.86","end_time":"61.71","alternatives":[{"confidence":"0.9778","content":"드릴게요"}],"type":"pronunciation"},{"start_time":"64.23","end_time":"64.31","alternatives":[{"confidence":"0.0531","content":"이"}],"type":"pronunciation"},{"start_time":"64.31","end_time":"64.61","alternatives":[{"confidence":"0.996","content":"같은"}],"type":"pronunciation"},{"start_time":"64.61","end_time":"65.11","alternatives":[{"confidence":"1.0","content":"경우에는"}],"type":"pronunciation"},{"start_time":"65.11","end_time":"65.95","alternatives":[{"confidence":"0.7927","content":"고객님께서"}],"type":"pronunciation"},{"start_time":"65.95","end_time":"66.25","alternatives":[{"confidence":"0.2705","content":"백십"}],"type":"pronunciation"},{"start_time":"66.25","end_time":"66.73","alternatives":[{"confidence":"0.9785","content":"만원을"}],"type":"pronunciation"},{"start_time":"66.73","end_time":"66.94","alternatives":[{"confidence":"0.9558","content":"저희"}],"type":"pronunciation"},{"start_time":"66.94","end_time":"67.23","alternatives":[{"confidence":"0.982","content":"쪽으로"}],"type":"pronunciation"},{"start_time":"67.23","end_time":"67.92","alternatives":[{"confidence":"0.83055","content":"주셔야"}],"type":"pronunciation"},{"start_time":"67.95","end_time":"68.45","alternatives":[{"confidence":"0.8271999999999999","content":"배출권이"}],"type":"pronunciation"},{"start_time":"68.45","end_time":"68.88","alternatives":[{"confidence":"0.95505","content":"나가시는"}],"type":"pronunciation"},{"start_time":"68.88","end_time":"69.1","alternatives":[{"confidence":"1.0","content":"것도"}],"type":"pronunciation"},{"start_time":"69.1","end_time":"70.02","alternatives":[{"confidence":"0.9843666666666667","content":"아니시고요"}],"type":"pronunciation"},{"start_time":"70.12","end_time":"70.87","alternatives":[{"confidence":"0.7979499999999999","content":"대출권을"}],"type":"pronunciation"},{"start_time":"70.87","end_time":"71.36","alternatives":[{"confidence":"0.9721500000000001","content":"나가실"}],"type":"pronunciation"},{"start_time":"71.36","end_time":"71.57","alternatives":[{"confidence":"0.9896","content":"때"}],"type":"pronunciation"},{"start_time":"71.57","end_time":"72.45","alternatives":[{"confidence":"0.5681333333333334","content":"백십만원이"}],"type":"pronunciation"},{"start_time":"72.45","end_time":"72.91","alternatives":[{"confidence":"0.91935","content":"제외되고"}],"type":"pronunciation"},{"start_time":"72.91","end_time":"73.31","alternatives":[{"confidence":"0.93665","content":"나가신"}],"type":"pronunciation"},{"start_time":"73.31","end_time":"73.45","alternatives":[{"confidence":"0.9981","content":"거"}],"type":"pronunciation"},{"start_time":"73.45","end_time":"74.32","alternatives":[{"confidence":"0.8308","content":"아니에요"}],"type":"pronunciation"},{"start_time":"74.75","end_time":"74.98","alternatives":[{"confidence":"1.0","content":"쉽게"}],"type":"pronunciation"},{"start_time":"74.98","end_time":"75.46","alternatives":[{"confidence":"0.986","content":"설명해서"}],"type":"pronunciation"},{"start_time":"75.46","end_time":"76.06","alternatives":[{"confidence":"0.51485","content":"고객님께서"}],"type":"pronunciation"},{"start_time":"76.06","end_time":"77.01","alternatives":[{"confidence":"0.8266","content":"부담하신금액은"}],"type":"pronunciation"},{"start_time":"77.01","end_time":"78.04","alternatives":[{"confidence":"0.99875","content":"없으시고요"}],"type":"pronunciation"},{"start_time":"78.28","end_time":"79.26","alternatives":[{"confidence":"0.9992","content":"금융권에서"}],"type":"pronunciation"},{"start_time":"79.44","end_time":"79.81","alternatives":[{"confidence":"0.7379","content":"대신"}],"type":"pronunciation"},{"start_time":"79.81","end_time":"80.47","alternatives":[{"confidence":"0.99945","content":"고객님한테"}],"type":"pronunciation"},{"start_time":"80.5","end_time":"81.04","alternatives":[{"confidence":"0.71985","content":"배출권"}],"type":"pronunciation"},{"start_time":"81.04","end_time":"81.71","alternatives":[{"confidence":"0.7525666666666666","content":"내어드리기"}],"type":"pronunciation"},{"start_time":"81.71","end_time":"82.0","alternatives":[{"confidence":"0.9577","content":"위해서"}],"type":"pronunciation"},{"start_time":"82.0","end_time":"82.28","alternatives":[{"confidence":"0.5744","content":"책임"}],"type":"pronunciation"},{"start_time":"82.28","end_time":"82.52","alternatives":[{"confidence":"0.5944","content":"신고"}],"type":"pronunciation"},{"start_time":"82.52","end_time":"82.75","alternatives":[{"confidence":"0.476","content":"처리"}],"type":"pronunciation"},{"start_time":"82.75","end_time":"83.48","alternatives":[{"confidence":"0.9434","content":"하는건데"}],"type":"pronunciation"},{"start_time":"83.78","end_time":"84.54","alternatives":[{"confidence":"0.81","content":"선생님명의로"}],"type":"pronunciation"},{"start_time":"84.54","end_time":"85.33","alternatives":[{"confidence":"0.9372499999999999","content":"신고처리하는"}],"type":"pronunciation"},{"start_time":"85.33","end_time":"85.58","alternatives":[{"confidence":"0.8838","content":"부분"}],"type":"pronunciation"},{"start_time":"85.58","end_time":"86.1","alternatives":[{"confidence":"1.0","content":"때문에"}],"type":"pronunciation"},{"start_time":"86.1","end_time":"86.45","alternatives":[{"confidence":"0.8941","content":"고객"}],"type":"pronunciation"},{"start_time":"86.51","end_time":"86.99","alternatives":[{"confidence":"1.0","content":"동의를"}],"type":"pronunciation"},{"start_time":"86.99","end_time":"87.34","alternatives":[{"confidence":"0.9983","content":"구하는"}],"type":"pronunciation"},{"start_time":"87.34","end_time":"87.76","alternatives":[{"confidence":"0.9895","content":"거예요"}],"type":"pronunciation"},{"start_time":"87.79","end_time":"88.9","alternatives":[{"confidence":"0.9767","content":"동의하십니까"}],"type":"pronunciation"},{"alternatives":[{"confidence":"0.0","content":"?"}],"type":"punctuation"},{"start_time":"90.24","end_time":"90.45","alternatives":[{"confidence":"0.9674","content":"네"}],"type":"pronunciation"},{"start_time":"90.45","end_time":"90.86","alternatives":[{"confidence":"0.99465","content":"그러시면"}],"type":"pronunciation"},{"start_time":"90.86","end_time":"91.85","alternatives":[{"confidence":"0.7093","content":"신고처리해드릴게요"}],"type":"pronunciation"},{"start_time":"91.85","end_time":"92.89","alternatives":[{"confidence":"0.9998","content":"잠시만요"}],"type":"pronunciation"},{"start_time":"99.48","end_time":"99.81","alternatives":[{"confidence":"0.5675","content":"신고"}],"type":"pronunciation"},{"start_time":"99.81","end_time":"100.04","alternatives":[{"confidence":"0.4773","content":"처리"}],"type":"pronunciation"},{"start_time":"100.04","end_time":"100.75","alternatives":[{"confidence":"0.9560333333333334","content":"해드렸고요"}],"type":"pronunciation"},{"start_time":"100.9","end_time":"101.2","alternatives":[{"confidence":"0.8486","content":"많이"}],"type":"pronunciation"},{"start_time":"101.2","end_time":"101.44","alternatives":[{"confidence":"0.823","content":"하나"}],"type":"pronunciation"},{"start_time":"101.44","end_time":"101.66","alternatives":[{"confidence":"0.844","content":"저희"}],"type":"pronunciation"},{"start_time":"101.66","end_time":"102.0","alternatives":[{"confidence":"0.9357","content":"쪽에서"}],"type":"pronunciation"},{"start_time":"102.0","end_time":"102.55","alternatives":[{"confidence":"0.43079999999999996","content":"대추권이"}],"type":"pronunciation"},{"start_time":"102.55","end_time":"102.74","alternatives":[{"confidence":"0.5262","content":"못"}],"type":"pronunciation"},{"start_time":"102.74","end_time":"103.23","alternatives":[{"confidence":"0.61525","content":"나가시는"}],"type":"pronunciation"},{"start_time":"103.23","end_time":"103.51","alternatives":[{"confidence":"0.9996","content":"상황이"}],"type":"pronunciation"},{"start_time":"103.51","end_time":"103.89","alternatives":[{"confidence":"0.96945","content":"발생이"}],"type":"pronunciation"},{"start_time":"103.89","end_time":"104.56","alternatives":[{"confidence":"0.85285","content":"되시면은"}],"type":"pronunciation"},{"start_time":"104.95","end_time":"105.2","alternatives":[{"confidence":"0.1357","content":"이"}],"type":"pronunciation"},{"start_time":"105.67","end_time":"105.93","alternatives":[{"confidence":"0.7359","content":"인지"}],"type":"pronunciation"},{"start_time":"105.93","end_time":"106.07","alternatives":[{"confidence":"0.4425","content":"세"}],"type":"pronunciation"},{"start_time":"106.07","end_time":"106.4","alternatives":[{"confidence":"0.6215","content":"부분"}],"type":"pronunciation"},{"start_time":"106.4","end_time":"106.96","alternatives":[{"confidence":"0.6558","content":"백십만원"}],"type":"pronunciation"},{"start_time":"106.96","end_time":"107.22","alternatives":[{"confidence":"0.9968","content":"같은"}],"type":"pronunciation"},{"start_time":"107.22","end_time":"107.84","alternatives":[{"confidence":"1.0","content":"경우에는"}],"type":"pronunciation"},{"start_time":"108.04","end_time":"108.64","alternatives":[{"confidence":"0.8619","content":"부결적도"}],"type":"pronunciation"},{"start_time":"108.64","end_time":"109.02","alternatives":[{"confidence":"0.9958","content":"올려서"}],"type":"pronunciation"},{"start_time":"109.02","end_time":"109.64","alternatives":[{"confidence":"0.9480500000000001","content":"환급절차"}],"type":"pronunciation"},{"start_time":"109.64","end_time":"110.32","alternatives":[{"confidence":"0.9340666666666667","content":"진행되시면"}],"type":"pronunciation"},{"start_time":"110.32","end_time":"110.6","alternatives":[{"confidence":"0.8352","content":"문제"}],"type":"pronunciation"},{"start_time":"110.6","end_time":"110.99","alternatives":[{"confidence":"0.99495","content":"되시는"}],"type":"pronunciation"},{"start_time":"110.99","end_time":"111.24","alternatives":[{"confidence":"0.5022","content":"부분"}],"type":"pronunciation"},{"start_time":"111.24","end_time":"111.49","alternatives":[{"confidence":"1.0","content":"전혀"}],"type":"pronunciation"},{"start_time":"111.49","end_time":"112.46","alternatives":[{"confidence":"0.9995","content":"없으시고요"}],"type":"pronunciation"},{"start_time":"112.55","end_time":"112.81","alternatives":[{"confidence":"0.9996","content":"그리고"}],"type":"pronunciation"},{"start_time":"112.81","end_time":"113.45","alternatives":[{"confidence":"0.5085999999999999","content":"승인하신"}],"type":"pronunciation"},{"start_time":"113.76","end_time":"114.34","alternatives":[{"confidence":"0.9962","content":"잠시만요"}],"type":"pronunciation"},{"start_time":"115.02","end_time":"115.48","alternatives":[{"confidence":"0.9731","content":"지금"}],"type":"pronunciation"},{"start_time":"115.48","end_time":"115.67","alternatives":[{"confidence":"0.5723","content":"한"}],"type":"pronunciation"},{"start_time":"115.67","end_time":"115.96","alternatives":[{"confidence":"0.9971","content":"시"}],"type":"pronunciation"},{"start_time":"115.96","end_time":"116.43","alternatives":[{"confidence":"0.9097","content":"삼십칠"}],"type":"pronunciation"},{"start_time":"116.43","end_time":"116.57","alternatives":[{"confidence":"0.9622","content":"분"}],"type":"pronunciation"},{"start_time":"116.57","end_time":"116.81","alternatives":[{"confidence":"0.9939","content":"정도"}],"type":"pronunciation"},{"start_time":"116.81","end_time":"117.61","alternatives":[{"confidence":"1.0","content":"되셨는데"}],"type":"pronunciation"},{"start_time":"117.64","end_time":"118.19","alternatives":[{"confidence":"1.0","content":"늦어도"}],"type":"pronunciation"},{"start_time":"118.19","end_time":"118.36","alternatives":[{"confidence":"0.5573","content":"2"}],"type":"pronunciation"},{"start_time":"118.36","end_time":"118.54","alternatives":[{"confidence":"0.9902","content":"시"}],"type":"pronunciation"},{"start_time":"118.54","end_time":"118.86","alternatives":[{"confidence":"0.9898","content":"오십"}],"type":"pronunciation"},{"start_time":"118.86","end_time":"119.26","alternatives":[{"confidence":"0.9857","content":"분까지"}],"type":"pronunciation"},{"start_time":"119.26","end_time":"119.74","alternatives":[{"confidence":"0.8455","content":"송금처리"}],"type":"pronunciation"},{"start_time":"119.74","end_time":"120.24","alternatives":[{"confidence":"0.8563666666666666","content":"완료되실"}],"type":"pronunciation"},{"start_time":"120.24","end_time":"121.48","alternatives":[{"confidence":"0.9981","content":"거예요"}],"type":"pronunciation"},{"start_time":"121.67","end_time":"122.31","alternatives":[{"confidence":"0.8109500000000001","content":"농협적으로"}],"type":"pronunciation"},{"start_time":"122.31","end_time":"123.33","alternatives":[{"confidence":"0.79685","content":"잔액확인해보시면"}],"type":"pronunciation"},{"start_time":"123.33","end_time":"124.25","alternatives":[{"confidence":"0.9882500000000001","content":"되시고요"}],"type":"pronunciation"},{"start_time":"124.58","end_time":"124.86","alternatives":[{"confidence":"0.3713","content":"다음"}],"type":"pronunciation"},{"start_time":"124.86","end_time":"125.17","alternatives":[{"confidence":"0.9988","content":"같은"}],"type":"pronunciation"},{"start_time":"125.17","end_time":"125.67","alternatives":[{"confidence":"0.9996","content":"경우에는"}],"type":"pronunciation"},{"start_time":"125.955","end_time":"126.735","alternatives":[{"confidence":"0.76615","content":"천만원의"}],"type":"pronunciation"},{"start_time":"126.735","end_time":"127.355","alternatives":[{"confidence":"0.7121333333333334","content":"십구프로"}],"type":"pronunciation"},{"start_time":"127.355","end_time":"127.705","alternatives":[{"confidence":"0.4297","content":"육십"}],"type":"pronunciation"},{"start_time":"127.885","end_time":"128.125","alternatives":[{"confidence":"0.9698","content":"승인"}],"type":"pronunciation"},{"start_time":"128.125","end_time":"129.325","alternatives":[{"confidence":"0.946025","content":"처리나셨고요"}],"type":"pronunciation"},{"start_time":"129.515","end_time":"129.825","alternatives":[{"confidence":"0.9997","content":"저는"}],"type":"pronunciation"},{"start_time":"129.825","end_time":"130.145","alternatives":[{"confidence":"0.0929","content":"삼성"}],"type":"pronunciation"},{"start_time":"130.965","end_time":"131.755","alternatives":[{"confidence":"0.879","content":"팀장이"}],"type":"pronunciation"},{"start_time":"131.755","end_time":"133.175","alternatives":[{"confidence":"0.9296","content":"권상팀장이었습니다"}],"type":"pronunciation"},{"start_time":"136.015","end_time":"136.345","alternatives":[{"confidence":"9.0E-4","content":"결국"}],"type":"pronunciation"},{"start_time":"136.345","end_time":"136.805","alternatives":[{"confidence":"0.25365000000000004","content":"승인하신"}],"type":"pronunciation"},{"start_time":"136.805","end_time":"137.375","alternatives":[{"confidence":"0.9672499999999999","content":"자금은"}],"type":"pronunciation"},{"start_time":"137.695","end_time":"137.905","alternatives":[{"confidence":"0.9723","content":"승인"}],"type":"pronunciation"},{"start_time":"137.905","end_time":"138.985","alternatives":[{"confidence":"0.7596499999999999","content":"처리나셨거든요"}],"type":"pronunciation"},{"start_time":"139.135","end_time":"139.505","alternatives":[{"confidence":"0.0437","content":"천만원"}],"type":"pronunciation"},{"start_time":"140.425","end_time":"140.865","alternatives":[{"confidence":"0.4351","content":"천만원"}],"type":"pronunciation"},{"start_time":"140.935","end_time":"141.175","alternatives":[{"confidence":"0.3515","content":"십구"}],"type":"pronunciation"},{"start_time":"141.175","end_time":"141.555","alternatives":[{"confidence":"0.7708","content":"프로"}],"type":"pronunciation"},{"start_time":"141.555","end_time":"141.935","alternatives":[{"confidence":"0.3041","content":"육십"}],"type":"pronunciation"},{"start_time":"142.515","end_time":"142.775","alternatives":[{"confidence":"0.9685","content":"승인"}],"type":"pronunciation"},{"start_time":"142.775","end_time":"144.005","alternatives":[{"confidence":"0.946025","content":"처리나셨고요"}],"type":"pronunciation"},{"start_time":"144.155","end_time":"144.475","alternatives":[{"confidence":"0.9996","content":"저는"}],"type":"pronunciation"},{"start_time":"144.475","end_time":"144.825","alternatives":[{"confidence":"0.5237","content":"삼성"}],"type":"pronunciation"},{"start_time":"144.825","end_time":"146.505","alternatives":[{"confidence":"0.80315","content":"저축은행송금팀장이"}],"type":"pronunciation"},{"start_time":"146.505","end_time":"147.885","alternatives":[{"confidence":"0.9346","content":"권상팀장이었습니다"}],"type":"pronunciation"},{"start_time":"148.185","end_time":"148.285","alternatives":[{"confidence":"0.31","content":"네"}],"type":"pronunciation"},{"alternatives":[{"confidence":"0.0","content":","}],"type":"punctuation"},{"start_time":"148.285","end_time":"148.755","alternatives":[{"confidence":"0.9975","content":"알겠습니다"}],"type":"pronunciation"},{"start_time":"149.205","end_time":"149.335","alternatives":[{"confidence":"0.9843","content":"네"}],"type":"pronunciation"},{"start_time":"149.335","end_time":"150.185","alternatives":[{"confidence":"1.0","content":"감사합니다"}],"type":"pronunciation"}]},"status":"COMPLETED"}