{"jobName":"transcribe_loan73","accountId":"097989105209","results":{"transcripts":[{"transcript":"그러니까 거기 기업은행 아세요? 고객님저희가 주차자리가 따로 없었어요 기업은행 뒷건물오시면 주차자리가 따로 있어요 고객님그쪽으로 오시면 되고요 그러니까 찍고 오실 거죠 오로라거기에 바로 맞은편에 오로라월드빌딩 이라고 있거든요 영업 이 팀입니다 영업이 팀에 영업 대출관리 삼당사 최대 권 되리라고 하고요 예, 일층에서 고객님일 층을 오시잖아요 저희가 거기는 4 층에 저희 영업팀인데요 사 층까지 공익께서 직접 저희가 이제 금액을 왔다 갔다 하는 회사기 때문에 진짜 올라오실 수는 없어요 고객님일층에서 거기는 저희 경기 직원이 있으시잖아요 거기서 영업이 팀에 최고 최대권 대리를 연결최대 원들이 자리로 좀 연결좀 해달라고 하시면은 그쪽에서 경비실에서 저한테 연결해주실 거예요 그러면 제가 적게 저희가 접견실 있으니까 몇 시 방문애정을 해주시면 제가 지금 그것까지 다 예약을 잡아 놓을 게요 몇 시 정도에 방문가능하세요 고객님오늘은 방문안 하시는 거죠 아니면 거기 지금 계시는 것 제가 계속 들고 갈 걸까요? 제가 기분이 나빠서 그래요 고객님제가 지금 계시는 곳은 제약해서 계약서들고 갈까요? 고객님이거 대출금지금 대출금지금 삼분 안에 나가시니까 삼 분 안에 받아보시고 그 다음에 제가 지금 바로 제가 갈까요? 고객님만 그러시면 제 개인 휴대폰번호 말씀하세요 휴대폰 번호까지 알려드려야 되나요? 그러시면 제가 공익이랑 개인적으로 긍정적 거리에 있다 오해받을 수도 있는데 괜찮으시겠어요 제 휴대폰 번호까지 요 잠시만 한번 여쭤보고 저희 휴대폰뭐라고 안내해도 괜찮아요 잠시만요 그러시면요 휴대폰으로는요 지금 어차피 삼 번 삼 분 내로 고객님자금이 나가실 거잖아요 자금 나가시고 나서 제가 지금 고객님 알려드려도 괜찮을까요? 왜냐면 그게 나올 것 같아요. 왜냐면 제가 지금 자금나가시기 전에 고객님한테 핸드폰으로 개인 휴대폰으로 안내해 드리고 제가 밖에도 영업하는 사람이 아니에요. 공 님도 아시겠지만 그러는데 님이랑 저랑 단돈 만 원짜리 한 장이 오고 가도 안 되는 거거든요. 위원님 그러니까 지금 자금이 나가신 나가신 다음에 고인께서 전화를 주시면은 제가 고객께서 이제 저한테 말씀해 주시면 그때 핸드폰으로 알려드려도 괜찮나요? 그건 괜찮으시겠죠. 그러면 고객님방문을 오늘 자금을 받으시더라도 사과는 뒤 뒤에 문제고요 오늘 자금을 받으시더라고요 제가 공님 이거고 개인적으로 방문을 하던 고객님저한테 오시던 뭔가를 태기를 하시는 게 나을 것 같아요. 이걸 제가 이러면 고객님고기. 어차피 고객이라 저랑 통화되는거다 녹취되는 건 알고 계시죠? 고객님 제가 한테 화내는 게 아니라 거기 이 건 때문에 제가 회사에서 거기에 제가 심화성을 써야 돼요. 이렇게 제가 상담을 제가 굉장히 못한 걸로 돼 아실지 모르겠지만. 그리고 저희도 이제 최소한의 안전장치는 있어야 되는 거잖아요. 제가 저처럼 말하는 사람이 없었다고 자금 이제 금방 나가시는데 전화를 걸었"}],"items":[{"start_time":"1.05","end_time":"1.32","alternatives":[{"confidence":"0.5821","content":"그러니까"}],"type":"pronunciation"},{"start_time":"1.98","end_time":"2.24","alternatives":[{"confidence":"0.1701","content":"거기"}],"type":"pronunciation"},{"start_time":"2.79","end_time":"3.28","alternatives":[{"confidence":"0.8774500000000001","content":"기업은행"}],"type":"pronunciation"},{"start_time":"3.28","end_time":"3.53","alternatives":[{"confidence":"0.9007","content":"아세요"}],"type":"pronunciation"},{"alternatives":[{"confidence":"0.0","content":"?"}],"type":"punctuation"},{"start_time":"3.53","end_time":"4.89","alternatives":[{"confidence":"1.0","content":"고객님저희가"}],"type":"pronunciation"},{"start_time":"4.95","end_time":"5.47","alternatives":[{"confidence":"0.8224","content":"주차자리가"}],"type":"pronunciation"},{"start_time":"5.47","end_time":"5.71","alternatives":[{"confidence":"0.9988","content":"따로"}],"type":"pronunciation"},{"start_time":"5.71","end_time":"6.27","alternatives":[{"confidence":"0.9977","content":"없었어요"}],"type":"pronunciation"},{"start_time":"6.75","end_time":"7.27","alternatives":[{"confidence":"0.9251","content":"기업은행"}],"type":"pronunciation"},{"start_time":"7.27","end_time":"8.3","alternatives":[{"confidence":"0.6513666666666666","content":"뒷건물오시면"}],"type":"pronunciation"},{"start_time":"8.51","end_time":"9.07","alternatives":[{"confidence":"0.8247","content":"주차자리가"}],"type":"pronunciation"},{"start_time":"9.07","end_time":"9.3","alternatives":[{"confidence":"0.9995","content":"따로"}],"type":"pronunciation"},{"start_time":"9.3","end_time":"9.58","alternatives":[{"confidence":"1.0","content":"있어요"}],"type":"pronunciation"},{"start_time":"9.58","end_time":"10.8","alternatives":[{"confidence":"0.97315","content":"고객님그쪽으로"}],"type":"pronunciation"},{"start_time":"10.8","end_time":"11.03","alternatives":[{"confidence":"1.0","content":"오시면"}],"type":"pronunciation"},{"start_time":"11.03","end_time":"11.25","alternatives":[{"confidence":"0.98295","content":"되고요"}],"type":"pronunciation"},{"start_time":"11.28","end_time":"11.52","alternatives":[{"confidence":"0.2903","content":"그러니까"}],"type":"pronunciation"},{"start_time":"11.76","end_time":"12.02","alternatives":[{"confidence":"0.9995","content":"찍고"}],"type":"pronunciation"},{"start_time":"12.02","end_time":"12.21","alternatives":[{"confidence":"0.9926","content":"오실"}],"type":"pronunciation"},{"start_time":"12.21","end_time":"12.66","alternatives":[{"confidence":"1.0","content":"거죠"}],"type":"pronunciation"},{"start_time":"13.45","end_time":"14.27","alternatives":[{"confidence":"0.67795","content":"오로라거기에"}],"type":"pronunciation"},{"start_time":"14.39","end_time":"14.67","alternatives":[{"confidence":"0.998","content":"바로"}],"type":"pronunciation"},{"start_time":"14.67","end_time":"15.09","alternatives":[{"confidence":"0.91995","content":"맞은편에"}],"type":"pronunciation"},{"start_time":"15.09","end_time":"16.14","alternatives":[{"confidence":"0.7181666666666667","content":"오로라월드빌딩"}],"type":"pronunciation"},{"start_time":"16.14","end_time":"16.34","alternatives":[{"confidence":"0.9908","content":"이라고"}],"type":"pronunciation"},{"start_time":"16.34","end_time":"16.8","alternatives":[{"confidence":"0.9936","content":"있거든요"}],"type":"pronunciation"},{"start_time":"17.23","end_time":"17.67","alternatives":[{"confidence":"0.7561","content":"영업"}],"type":"pronunciation"},{"start_time":"17.67","end_time":"17.84","alternatives":[{"confidence":"0.976","content":"이"}],"type":"pronunciation"},{"start_time":"17.84","end_time":"18.57","alternatives":[{"confidence":"0.8401000000000001","content":"팀입니다"}],"type":"pronunciation"},{"start_time":"19.18","end_time":"19.62","alternatives":[{"confidence":"0.8700000000000001","content":"영업이"}],"type":"pronunciation"},{"start_time":"19.62","end_time":"20.12","alternatives":[{"confidence":"0.7202","content":"팀에"}],"type":"pronunciation"},{"start_time":"20.98","end_time":"21.3","alternatives":[{"confidence":"0.0712","content":"영업"}],"type":"pronunciation"},{"start_time":"21.89","end_time":"22.83","alternatives":[{"confidence":"0.70835","content":"대출관리"}],"type":"pronunciation"},{"start_time":"22.83","end_time":"23.59","alternatives":[{"confidence":"0.4883","content":"삼당사"}],"type":"pronunciation"},{"start_time":"24.7","end_time":"25.43","alternatives":[{"confidence":"0.8263","content":"최대"}],"type":"pronunciation"},{"start_time":"25.43","end_time":"25.7","alternatives":[{"confidence":"0.5701","content":"권"}],"type":"pronunciation"},{"start_time":"25.7","end_time":"26.08","alternatives":[{"confidence":"0.9713","content":"되리라고"}],"type":"pronunciation"},{"start_time":"26.08","end_time":"26.5","alternatives":[{"confidence":"0.9848","content":"하고요"}],"type":"pronunciation"},{"start_time":"27.59","end_time":"27.77","alternatives":[{"confidence":"0.5013","content":"예"}],"type":"pronunciation"},{"alternatives":[{"confidence":"0.0","content":","}],"type":"punctuation"},{"start_time":"27.95","end_time":"28.48","alternatives":[{"confidence":"0.7342","content":"일층에서"}],"type":"pronunciation"},{"start_time":"28.48","end_time":"29.25","alternatives":[{"confidence":"0.8161499999999999","content":"고객님일"}],"type":"pronunciation"},{"start_time":"29.25","end_time":"29.51","alternatives":[{"confidence":"0.4602","content":"층을"}],"type":"pronunciation"},{"start_time":"29.51","end_time":"30.42","alternatives":[{"confidence":"0.9801","content":"오시잖아요"}],"type":"pronunciation"},{"start_time":"31.18","end_time":"31.48","alternatives":[{"confidence":"1.0","content":"저희가"}],"type":"pronunciation"},{"start_time":"31.48","end_time":"31.78","alternatives":[{"confidence":"0.589","content":"거기는"}],"type":"pronunciation"},{"start_time":"31.78","end_time":"31.92","alternatives":[{"confidence":"0.399","content":"4"}],"type":"pronunciation"},{"start_time":"31.92","end_time":"32.22","alternatives":[{"confidence":"0.8057","content":"층에"}],"type":"pronunciation"},{"start_time":"32.22","end_time":"32.44","alternatives":[{"confidence":"0.9309","content":"저희"}],"type":"pronunciation"},{"start_time":"32.44","end_time":"33.29","alternatives":[{"confidence":"0.7295666666666666","content":"영업팀인데요"}],"type":"pronunciation"},{"start_time":"33.32","end_time":"33.48","alternatives":[{"confidence":"0.4545","content":"사"}],"type":"pronunciation"},{"start_time":"33.48","end_time":"33.78","alternatives":[{"confidence":"0.9528","content":"층까지"}],"type":"pronunciation"},{"start_time":"33.78","end_time":"34.19","alternatives":[{"confidence":"0.6268","content":"공익께서"}],"type":"pronunciation"},{"start_time":"34.19","end_time":"34.47","alternatives":[{"confidence":"0.9825","content":"직접"}],"type":"pronunciation"},{"start_time":"34.47","end_time":"34.72","alternatives":[{"confidence":"1.0","content":"저희가"}],"type":"pronunciation"},{"start_time":"34.72","end_time":"34.88","alternatives":[{"confidence":"0.9549","content":"이제"}],"type":"pronunciation"},{"start_time":"35.5","end_time":"35.9","alternatives":[{"confidence":"0.9911","content":"금액을"}],"type":"pronunciation"},{"start_time":"35.9","end_time":"36.13","alternatives":[{"confidence":"0.9412","content":"왔다"}],"type":"pronunciation"},{"start_time":"36.13","end_time":"36.32","alternatives":[{"confidence":"0.9348","content":"갔다"}],"type":"pronunciation"},{"start_time":"36.32","end_time":"36.47","alternatives":[{"confidence":"0.9986","content":"하는"}],"type":"pronunciation"},{"start_time":"36.47","end_time":"36.73","alternatives":[{"confidence":"0.71415","content":"회사기"}],"type":"pronunciation"},{"start_time":"36.73","end_time":"37.16","alternatives":[{"confidence":"0.9889","content":"때문에"}],"type":"pronunciation"},{"start_time":"37.4","end_time":"37.6","alternatives":[{"confidence":"0.6569","content":"진짜"}],"type":"pronunciation"},{"start_time":"37.6","end_time":"38.16","alternatives":[{"confidence":"0.9317","content":"올라오실"}],"type":"pronunciation"},{"start_time":"38.16","end_time":"38.36","alternatives":[{"confidence":"0.7079","content":"수는"}],"type":"pronunciation"},{"start_time":"38.36","end_time":"38.64","alternatives":[{"confidence":"0.9999","content":"없어요"}],"type":"pronunciation"},{"start_time":"38.64","end_time":"39.79","alternatives":[{"confidence":"0.8109333333333333","content":"고객님일층에서"}],"type":"pronunciation"},{"start_time":"39.79","end_time":"40.09","alternatives":[{"confidence":"0.281","content":"거기는"}],"type":"pronunciation"},{"start_time":"40.09","end_time":"40.27","alternatives":[{"confidence":"0.8447","content":"저희"}],"type":"pronunciation"},{"start_time":"40.27","end_time":"40.82","alternatives":[{"confidence":"0.5691","content":"경기"}],"type":"pronunciation"},{"start_time":"40.96","end_time":"41.32","alternatives":[{"confidence":"0.6313","content":"직원이"}],"type":"pronunciation"},{"start_time":"41.32","end_time":"42.1","alternatives":[{"confidence":"0.99905","content":"있으시잖아요"}],"type":"pronunciation"},{"start_time":"42.13","end_time":"42.45","alternatives":[{"confidence":"1.0","content":"거기서"}],"type":"pronunciation"},{"start_time":"42.45","end_time":"42.84","alternatives":[{"confidence":"0.78525","content":"영업이"}],"type":"pronunciation"},{"start_time":"42.84","end_time":"43.08","alternatives":[{"confidence":"0.5418","content":"팀에"}],"type":"pronunciation"},{"start_time":"43.08","end_time":"43.42","alternatives":[{"confidence":"0.5293","content":"최고"}],"type":"pronunciation"},{"start_time":"43.42","end_time":"43.82","alternatives":[{"confidence":"0.41615","content":"최대권"}],"type":"pronunciation"},{"start_time":"43.82","end_time":"44.12","alternatives":[{"confidence":"0.87235","content":"대리를"}],"type":"pronunciation"},{"start_time":"44.12","end_time":"44.72","alternatives":[{"confidence":"0.8708","content":"연결최대"}],"type":"pronunciation"},{"start_time":"44.72","end_time":"45.04","alternatives":[{"confidence":"0.3456","content":"원들이"}],"type":"pronunciation"},{"start_time":"45.04","end_time":"45.36","alternatives":[{"confidence":"0.9555","content":"자리로"}],"type":"pronunciation"},{"start_time":"45.36","end_time":"45.54","alternatives":[{"confidence":"0.9941","content":"좀"}],"type":"pronunciation"},{"start_time":"45.54","end_time":"45.9","alternatives":[{"confidence":"0.77925","content":"연결좀"}],"type":"pronunciation"},{"start_time":"45.9","end_time":"46.22","alternatives":[{"confidence":"0.975","content":"해달라고"}],"type":"pronunciation"},{"start_time":"46.22","end_time":"46.72","alternatives":[{"confidence":"0.88995","content":"하시면은"}],"type":"pronunciation"},{"start_time":"46.72","end_time":"47.05","alternatives":[{"confidence":"0.62905","content":"그쪽에서"}],"type":"pronunciation"},{"start_time":"47.05","end_time":"47.59","alternatives":[{"confidence":"0.9987","content":"경비실에서"}],"type":"pronunciation"},{"start_time":"47.59","end_time":"47.88","alternatives":[{"confidence":"0.999","content":"저한테"}],"type":"pronunciation"},{"start_time":"47.88","end_time":"48.42","alternatives":[{"confidence":"0.93275","content":"연결해주실"}],"type":"pronunciation"},{"start_time":"48.42","end_time":"48.68","alternatives":[{"confidence":"0.9551","content":"거예요"}],"type":"pronunciation"},{"start_time":"48.68","end_time":"48.92","alternatives":[{"confidence":"1.0","content":"그러면"}],"type":"pronunciation"},{"start_time":"48.92","end_time":"49.25","alternatives":[{"confidence":"0.9994","content":"제가"}],"type":"pronunciation"},{"start_time":"49.47","end_time":"49.79","alternatives":[{"confidence":"0.3565","content":"적게"}],"type":"pronunciation"},{"start_time":"49.79","end_time":"50.06","alternatives":[{"confidence":"1.0","content":"저희가"}],"type":"pronunciation"},{"start_time":"50.06","end_time":"50.51","alternatives":[{"confidence":"0.75015","content":"접견실"}],"type":"pronunciation"},{"start_time":"50.54","end_time":"51.34","alternatives":[{"confidence":"0.9995","content":"있으니까"}],"type":"pronunciation"},{"start_time":"51.37","end_time":"51.55","alternatives":[{"confidence":"0.7574","content":"몇"}],"type":"pronunciation"},{"start_time":"51.55","end_time":"51.67","alternatives":[{"confidence":"0.5874","content":"시"}],"type":"pronunciation"},{"start_time":"51.67","end_time":"52.3","alternatives":[{"confidence":"0.73175","content":"방문애정을"}],"type":"pronunciation"},{"start_time":"52.3","end_time":"52.65","alternatives":[{"confidence":"0.8376","content":"해주시면"}],"type":"pronunciation"},{"start_time":"52.65","end_time":"52.82","alternatives":[{"confidence":"0.9993","content":"제가"}],"type":"pronunciation"},{"start_time":"52.82","end_time":"52.99","alternatives":[{"confidence":"0.9944","content":"지금"}],"type":"pronunciation"},{"start_time":"52.99","end_time":"53.39","alternatives":[{"confidence":"0.84755","content":"그것까지"}],"type":"pronunciation"},{"start_time":"53.39","end_time":"53.55","alternatives":[{"confidence":"0.9551","content":"다"}],"type":"pronunciation"},{"start_time":"53.55","end_time":"53.8","alternatives":[{"confidence":"0.8376","content":"예약을"}],"type":"pronunciation"},{"start_time":"53.8","end_time":"54.02","alternatives":[{"confidence":"0.6597","content":"잡아"}],"type":"pronunciation"},{"start_time":"54.02","end_time":"54.17","alternatives":[{"confidence":"0.8672","content":"놓을"}],"type":"pronunciation"},{"start_time":"54.17","end_time":"54.53","alternatives":[{"confidence":"0.8957","content":"게요"}],"type":"pronunciation"},{"start_time":"55.39","end_time":"55.57","alternatives":[{"confidence":"0.8421","content":"몇"}],"type":"pronunciation"},{"start_time":"55.57","end_time":"55.64","alternatives":[{"confidence":"0.7482","content":"시"}],"type":"pronunciation"},{"start_time":"55.64","end_time":"55.94","alternatives":[{"confidence":"0.8165","content":"정도에"}],"type":"pronunciation"},{"start_time":"55.94","end_time":"56.71","alternatives":[{"confidence":"0.8583666666666666","content":"방문가능하세요"}],"type":"pronunciation"},{"start_time":"56.71","end_time":"58.42","alternatives":[{"confidence":"1.0","content":"고객님오늘은"}],"type":"pronunciation"},{"start_time":"58.42","end_time":"58.78","alternatives":[{"confidence":"0.60755","content":"방문안"}],"type":"pronunciation"},{"start_time":"58.78","end_time":"59.05","alternatives":[{"confidence":"0.8557","content":"하시는"}],"type":"pronunciation"},{"start_time":"59.05","end_time":"59.28","alternatives":[{"confidence":"0.9983","content":"거죠"}],"type":"pronunciation"},{"start_time":"59.77","end_time":"60.12","alternatives":[{"confidence":"0.9997","content":"아니면"}],"type":"pronunciation"},{"start_time":"60.12","end_time":"60.39","alternatives":[{"confidence":"0.0963","content":"거기"}],"type":"pronunciation"},{"start_time":"60.39","end_time":"60.56","alternatives":[{"confidence":"0.9805","content":"지금"}],"type":"pronunciation"},{"start_time":"60.56","end_time":"60.88","alternatives":[{"confidence":"0.7026","content":"계시는"}],"type":"pronunciation"},{"start_time":"60.88","end_time":"60.99","alternatives":[{"confidence":"0.317","content":"것"}],"type":"pronunciation"},{"start_time":"60.99","end_time":"61.15","alternatives":[{"confidence":"0.9981","content":"제가"}],"type":"pronunciation"},{"start_time":"61.15","end_time":"61.46","alternatives":[{"confidence":"0.8941","content":"계속"}],"type":"pronunciation"},{"start_time":"61.46","end_time":"61.71","alternatives":[{"confidence":"0.9462","content":"들고"}],"type":"pronunciation"},{"start_time":"61.71","end_time":"61.87","alternatives":[{"confidence":"0.5871","content":"갈"}],"type":"pronunciation"},{"start_time":"61.87","end_time":"62.3","alternatives":[{"confidence":"0.6905","content":"걸까요"}],"type":"pronunciation"},{"alternatives":[{"confidence":"0.0","content":"?"}],"type":"punctuation"},{"start_time":"63.32","end_time":"63.53","alternatives":[{"confidence":"0.9981","content":"제가"}],"type":"pronunciation"},{"start_time":"63.53","end_time":"63.86","alternatives":[{"confidence":"0.998","content":"기분이"}],"type":"pronunciation"},{"start_time":"63.86","end_time":"64.18","alternatives":[{"confidence":"0.9983500000000001","content":"나빠서"}],"type":"pronunciation"},{"start_time":"64.18","end_time":"64.39","alternatives":[{"confidence":"0.996","content":"그래요"}],"type":"pronunciation"},{"start_time":"64.39","end_time":"65.75","alternatives":[{"confidence":"0.9984500000000001","content":"고객님제가"}],"type":"pronunciation"},{"start_time":"65.75","end_time":"65.91","alternatives":[{"confidence":"0.9964","content":"지금"}],"type":"pronunciation"},{"start_time":"65.91","end_time":"66.22","alternatives":[{"confidence":"0.994","content":"계시는"}],"type":"pronunciation"},{"start_time":"66.22","end_time":"66.42","alternatives":[{"confidence":"0.9479","content":"곳은"}],"type":"pronunciation"},{"start_time":"66.42","end_time":"66.75","alternatives":[{"confidence":"0.56175","content":"제약해서"}],"type":"pronunciation"},{"start_time":"66.75","end_time":"67.23","alternatives":[{"confidence":"0.8203499999999999","content":"계약서들고"}],"type":"pronunciation"},{"start_time":"67.23","end_time":"67.56","alternatives":[{"confidence":"0.9998","content":"갈까요"}],"type":"pronunciation"},{"alternatives":[{"confidence":"0.0","content":"?"}],"type":"punctuation"},{"start_time":"67.56","end_time":"68.01","alternatives":[{"confidence":"0.75065","content":"고객님이거"}],"type":"pronunciation"},{"start_time":"68.01","end_time":"69.14","alternatives":[{"confidence":"0.972","content":"대출금지금"}],"type":"pronunciation"},{"start_time":"69.14","end_time":"69.66","alternatives":[{"confidence":"0.9237","content":"대출금지금"}],"type":"pronunciation"},{"start_time":"69.66","end_time":"69.94","alternatives":[{"confidence":"0.70605","content":"삼분"}],"type":"pronunciation"},{"start_time":"69.94","end_time":"70.06","alternatives":[{"confidence":"0.9657","content":"안에"}],"type":"pronunciation"},{"start_time":"70.06","end_time":"70.79","alternatives":[{"confidence":"0.9427","content":"나가시니까"}],"type":"pronunciation"},{"start_time":"70.82","end_time":"70.98","alternatives":[{"confidence":"0.4751","content":"삼"}],"type":"pronunciation"},{"start_time":"70.98","end_time":"71.09","alternatives":[{"confidence":"0.8937","content":"분"}],"type":"pronunciation"},{"start_time":"71.09","end_time":"71.21","alternatives":[{"confidence":"0.9792","content":"안에"}],"type":"pronunciation"},{"start_time":"71.21","end_time":"72.12","alternatives":[{"confidence":"0.96105","content":"받아보시고"}],"type":"pronunciation"},{"start_time":"72.24","end_time":"72.35","alternatives":[{"confidence":"0.5105","content":"그"}],"type":"pronunciation"},{"start_time":"72.35","end_time":"72.52","alternatives":[{"confidence":"0.9995","content":"다음에"}],"type":"pronunciation"},{"start_time":"72.52","end_time":"72.66","alternatives":[{"confidence":"0.9998","content":"제가"}],"type":"pronunciation"},{"start_time":"72.66","end_time":"72.86","alternatives":[{"confidence":"0.9994","content":"지금"}],"type":"pronunciation"},{"start_time":"72.86","end_time":"73.12","alternatives":[{"confidence":"0.9954","content":"바로"}],"type":"pronunciation"},{"start_time":"73.12","end_time":"73.45","alternatives":[{"confidence":"0.9962","content":"제가"}],"type":"pronunciation"},{"start_time":"73.53","end_time":"73.89","alternatives":[{"confidence":"0.9997","content":"갈까요"}],"type":"pronunciation"},{"alternatives":[{"confidence":"0.0","content":"?"}],"type":"punctuation"},{"start_time":"73.89","end_time":"74.37","alternatives":[{"confidence":"0.6955","content":"고객님만"}],"type":"pronunciation"},{"start_time":"74.37","end_time":"74.8","alternatives":[{"confidence":"0.7129","content":"그러시면"}],"type":"pronunciation"},{"start_time":"75.31","end_time":"75.48","alternatives":[{"confidence":"0.9376","content":"제"}],"type":"pronunciation"},{"start_time":"75.48","end_time":"75.68","alternatives":[{"confidence":"0.9509","content":"개인"}],"type":"pronunciation"},{"start_time":"75.68","end_time":"76.22","alternatives":[{"confidence":"0.51305","content":"휴대폰번호"}],"type":"pronunciation"},{"start_time":"76.22","end_time":"76.79","alternatives":[{"confidence":"0.9596","content":"말씀하세요"}],"type":"pronunciation"},{"start_time":"78.38","end_time":"78.76","alternatives":[{"confidence":"0.9759","content":"휴대폰"}],"type":"pronunciation"},{"start_time":"78.76","end_time":"79.22","alternatives":[{"confidence":"0.98015","content":"번호까지"}],"type":"pronunciation"},{"start_time":"79.22","end_time":"79.65","alternatives":[{"confidence":"0.73705","content":"알려드려야"}],"type":"pronunciation"},{"start_time":"79.65","end_time":"80.12","alternatives":[{"confidence":"0.9654","content":"되나요"}],"type":"pronunciation"},{"alternatives":[{"confidence":"0.0","content":"?"}],"type":"punctuation"},{"start_time":"80.38","end_time":"80.77","alternatives":[{"confidence":"0.97895","content":"그러시면"}],"type":"pronunciation"},{"start_time":"81.04","end_time":"81.39","alternatives":[{"confidence":"0.9086","content":"제가"}],"type":"pronunciation"},{"start_time":"81.96","end_time":"82.52","alternatives":[{"confidence":"0.9782500000000001","content":"공익이랑"}],"type":"pronunciation"},{"start_time":"82.52","end_time":"83.0","alternatives":[{"confidence":"1.0","content":"개인적으로"}],"type":"pronunciation"},{"start_time":"83.0","end_time":"83.43","alternatives":[{"confidence":"0.9843","content":"긍정적"}],"type":"pronunciation"},{"start_time":"83.43","end_time":"83.67","alternatives":[{"confidence":"0.919","content":"거리에"}],"type":"pronunciation"},{"start_time":"83.67","end_time":"83.82","alternatives":[{"confidence":"0.8113","content":"있다"}],"type":"pronunciation"},{"start_time":"83.82","end_time":"84.28","alternatives":[{"confidence":"0.99435","content":"오해받을"}],"type":"pronunciation"},{"start_time":"84.28","end_time":"84.41","alternatives":[{"confidence":"0.7655","content":"수도"}],"type":"pronunciation"},{"start_time":"84.41","end_time":"84.62","alternatives":[{"confidence":"0.8456","content":"있는데"}],"type":"pronunciation"},{"start_time":"84.62","end_time":"85.42","alternatives":[{"confidence":"1.0","content":"괜찮으시겠어요"}],"type":"pronunciation"},{"start_time":"86.03","end_time":"86.22","alternatives":[{"confidence":"0.7751","content":"제"}],"type":"pronunciation"},{"start_time":"86.22","end_time":"86.61","alternatives":[{"confidence":"0.8751","content":"휴대폰"}],"type":"pronunciation"},{"start_time":"86.61","end_time":"87.06","alternatives":[{"confidence":"0.9172","content":"번호까지"}],"type":"pronunciation"},{"start_time":"87.06","end_time":"87.58","alternatives":[{"confidence":"0.2962","content":"요"}],"type":"pronunciation"},{"start_time":"90.38","end_time":"90.73","alternatives":[{"confidence":"0.9936","content":"잠시만"}],"type":"pronunciation"},{"start_time":"90.73","end_time":"90.92","alternatives":[{"confidence":"0.9264","content":"한번"}],"type":"pronunciation"},{"start_time":"90.92","end_time":"91.3","alternatives":[{"confidence":"0.5524","content":"여쭤보고"}],"type":"pronunciation"},{"start_time":"91.51","end_time":"91.66","alternatives":[{"confidence":"0.6689","content":"저희"}],"type":"pronunciation"},{"start_time":"91.66","end_time":"92.23","alternatives":[{"confidence":"0.6698","content":"휴대폰뭐라고"}],"type":"pronunciation"},{"start_time":"92.23","end_time":"92.61","alternatives":[{"confidence":"0.8218","content":"안내해도"}],"type":"pronunciation"},{"start_time":"92.61","end_time":"93.01","alternatives":[{"confidence":"0.9865","content":"괜찮아요"}],"type":"pronunciation"},{"start_time":"93.01","end_time":"93.65","alternatives":[{"confidence":"1.0","content":"잠시만요"}],"type":"pronunciation"},{"start_time":"96.34","end_time":"96.84","alternatives":[{"confidence":"0.8787","content":"그러시면요"}],"type":"pronunciation"},{"start_time":"96.84","end_time":"98.02","alternatives":[{"confidence":"0.5041","content":"휴대폰으로는요"}],"type":"pronunciation"},{"start_time":"98.05","end_time":"98.3","alternatives":[{"confidence":"0.9912","content":"지금"}],"type":"pronunciation"},{"start_time":"98.3","end_time":"98.58","alternatives":[{"confidence":"1.0","content":"어차피"}],"type":"pronunciation"},{"start_time":"98.58","end_time":"98.76","alternatives":[{"confidence":"0.9082","content":"삼"}],"type":"pronunciation"},{"start_time":"98.76","end_time":"99.04","alternatives":[{"confidence":"0.985","content":"번"}],"type":"pronunciation"},{"start_time":"99.07","end_time":"99.26","alternatives":[{"confidence":"0.8925","content":"삼"}],"type":"pronunciation"},{"start_time":"99.26","end_time":"99.41","alternatives":[{"confidence":"0.9712","content":"분"}],"type":"pronunciation"},{"start_time":"99.41","end_time":"99.64","alternatives":[{"confidence":"0.9965","content":"내로"}],"type":"pronunciation"},{"start_time":"99.64","end_time":"100.68","alternatives":[{"confidence":"0.9944","content":"고객님자금이"}],"type":"pronunciation"},{"start_time":"100.68","end_time":"101.04","alternatives":[{"confidence":"0.7721","content":"나가실"}],"type":"pronunciation"},{"start_time":"101.04","end_time":"101.78","alternatives":[{"confidence":"0.9321","content":"거잖아요"}],"type":"pronunciation"},{"start_time":"101.84","end_time":"102.14","alternatives":[{"confidence":"0.5429","content":"자금"}],"type":"pronunciation"},{"start_time":"102.14","end_time":"102.62","alternatives":[{"confidence":"0.9852000000000001","content":"나가시고"}],"type":"pronunciation"},{"start_time":"102.62","end_time":"102.88","alternatives":[{"confidence":"0.9906","content":"나서"}],"type":"pronunciation"},{"start_time":"102.88","end_time":"103.12","alternatives":[{"confidence":"0.9911","content":"제가"}],"type":"pronunciation"},{"start_time":"103.24","end_time":"103.61","alternatives":[{"confidence":"0.9949","content":"지금"}],"type":"pronunciation"},{"start_time":"103.61","end_time":"104.15","alternatives":[{"confidence":"1.0","content":"고객님"}],"type":"pronunciation"},{"start_time":"104.86","end_time":"105.38","alternatives":[{"confidence":"0.9893333333333333","content":"알려드려도"}],"type":"pronunciation"},{"start_time":"105.38","end_time":"105.99","alternatives":[{"confidence":"1.0","content":"괜찮을까요"}],"type":"pronunciation"},{"alternatives":[{"confidence":"0.0","content":"?"}],"type":"punctuation"},{"start_time":"106.42","end_time":"106.8","alternatives":[{"confidence":"0.7741","content":"왜냐면"}],"type":"pronunciation"},{"start_time":"106.8","end_time":"107.06","alternatives":[{"confidence":"1.0","content":"그게"}],"type":"pronunciation"},{"start_time":"107.06","end_time":"107.27","alternatives":[{"confidence":"0.9526","content":"나올"}],"type":"pronunciation"},{"start_time":"107.27","end_time":"107.38","alternatives":[{"confidence":"0.9894","content":"것"}],"type":"pronunciation"},{"start_time":"107.38","end_time":"107.55","alternatives":[{"confidence":"0.9995","content":"같아요"}],"type":"pronunciation"},{"alternatives":[{"confidence":"0.0","content":"."}],"type":"punctuation"},{"start_time":"107.55","end_time":"107.78","alternatives":[{"confidence":"0.9935","content":"왜냐면"}],"type":"pronunciation"},{"start_time":"107.78","end_time":"107.97","alternatives":[{"confidence":"1.0","content":"제가"}],"type":"pronunciation"},{"start_time":"107.97","end_time":"108.15","alternatives":[{"confidence":"0.9938","content":"지금"}],"type":"pronunciation"},{"start_time":"108.15","end_time":"108.88","alternatives":[{"confidence":"0.8591000000000001","content":"자금나가시기"}],"type":"pronunciation"},{"start_time":"108.88","end_time":"109.41","alternatives":[{"confidence":"1.0","content":"전에"}],"type":"pronunciation"},{"start_time":"109.45","end_time":"109.96","alternatives":[{"confidence":"0.998","content":"고객님한테"}],"type":"pronunciation"},{"start_time":"109.96","end_time":"110.49","alternatives":[{"confidence":"0.53835","content":"핸드폰으로"}],"type":"pronunciation"},{"start_time":"110.49","end_time":"110.72","alternatives":[{"confidence":"0.9117","content":"개인"}],"type":"pronunciation"},{"start_time":"110.72","end_time":"111.14","alternatives":[{"confidence":"0.9923500000000001","content":"휴대폰으로"}],"type":"pronunciation"},{"start_time":"111.14","end_time":"111.54","alternatives":[{"confidence":"0.9415","content":"안내해"}],"type":"pronunciation"},{"start_time":"111.54","end_time":"111.77","alternatives":[{"confidence":"0.9817","content":"드리고"}],"type":"pronunciation"},{"start_time":"111.98","end_time":"112.22","alternatives":[{"confidence":"0.9996","content":"제가"}],"type":"pronunciation"},{"start_time":"112.22","end_time":"112.62","alternatives":[{"confidence":"0.9909","content":"밖에도"}],"type":"pronunciation"},{"start_time":"112.62","end_time":"113.08","alternatives":[{"confidence":"0.98465","content":"영업하는"}],"type":"pronunciation"},{"start_time":"113.08","end_time":"113.39","alternatives":[{"confidence":"0.9818","content":"사람이"}],"type":"pronunciation"},{"start_time":"113.39","end_time":"113.7","alternatives":[{"confidence":"0.9962","content":"아니에요"}],"type":"pronunciation"},{"alternatives":[{"confidence":"0.0","content":"."}],"type":"punctuation"},{"start_time":"113.7","end_time":"113.83","alternatives":[{"confidence":"0.2898","content":"공"}],"type":"pronunciation"},{"start_time":"113.83","end_time":"114.01","alternatives":[{"confidence":"0.9442","content":"님도"}],"type":"pronunciation"},{"start_time":"114.01","end_time":"114.82","alternatives":[{"confidence":"1.0","content":"아시겠지만"}],"type":"pronunciation"},{"start_time":"115.44","end_time":"115.84","alternatives":[{"confidence":"0.8267","content":"그러는데"}],"type":"pronunciation"},{"start_time":"115.99","end_time":"116.27","alternatives":[{"confidence":"0.6881","content":"님이랑"}],"type":"pronunciation"},{"start_time":"116.27","end_time":"116.49","alternatives":[{"confidence":"1.0","content":"저랑"}],"type":"pronunciation"},{"start_time":"116.49","end_time":"116.81","alternatives":[{"confidence":"0.56145","content":"단돈"}],"type":"pronunciation"},{"start_time":"116.81","end_time":"116.94","alternatives":[{"confidence":"0.5612","content":"만"}],"type":"pronunciation"},{"start_time":"116.94","end_time":"117.18","alternatives":[{"confidence":"0.5598","content":"원짜리"}],"type":"pronunciation"},{"start_time":"117.18","end_time":"117.27","alternatives":[{"confidence":"0.964","content":"한"}],"type":"pronunciation"},{"start_time":"117.27","end_time":"117.53","alternatives":[{"confidence":"0.7212","content":"장이"}],"type":"pronunciation"},{"start_time":"117.56","end_time":"118.03","alternatives":[{"confidence":"0.9757","content":"오고"}],"type":"pronunciation"},{"start_time":"118.03","end_time":"118.26","alternatives":[{"confidence":"0.997","content":"가도"}],"type":"pronunciation"},{"start_time":"118.26","end_time":"118.36","alternatives":[{"confidence":"0.9737","content":"안"}],"type":"pronunciation"},{"start_time":"118.36","end_time":"118.54","alternatives":[{"confidence":"0.9592","content":"되는"}],"type":"pronunciation"},{"start_time":"118.54","end_time":"119.0","alternatives":[{"confidence":"0.98595","content":"거거든요"}],"type":"pronunciation"},{"alternatives":[{"confidence":"0.0","content":"."}],"type":"punctuation"},{"start_time":"119.0","end_time":"119.3","alternatives":[{"confidence":"0.19065","content":"위원님"}],"type":"pronunciation"},{"start_time":"119.66","end_time":"120.33","alternatives":[{"confidence":"0.9967","content":"그러니까"}],"type":"pronunciation"},{"start_time":"120.53","end_time":"120.9","alternatives":[{"confidence":"0.9632","content":"지금"}],"type":"pronunciation"},{"start_time":"120.9","end_time":"121.23","alternatives":[{"confidence":"0.9549","content":"자금이"}],"type":"pronunciation"},{"start_time":"121.23","end_time":"121.67","alternatives":[{"confidence":"0.77495","content":"나가신"}],"type":"pronunciation"},{"start_time":"121.94","end_time":"122.51","alternatives":[{"confidence":"0.98845","content":"나가신"}],"type":"pronunciation"},{"start_time":"122.51","end_time":"123.03","alternatives":[{"confidence":"0.9958","content":"다음에"}],"type":"pronunciation"},{"start_time":"123.06","end_time":"123.49","alternatives":[{"confidence":"0.9011","content":"고인께서"}],"type":"pronunciation"},{"start_time":"123.49","end_time":"123.81","alternatives":[{"confidence":"0.9162","content":"전화를"}],"type":"pronunciation"},{"start_time":"123.81","end_time":"124.5","alternatives":[{"confidence":"0.8801000000000001","content":"주시면은"}],"type":"pronunciation"},{"start_time":"124.81","end_time":"125.14","alternatives":[{"confidence":"0.9683","content":"제가"}],"type":"pronunciation"},{"start_time":"125.29","end_time":"125.86","alternatives":[{"confidence":"0.88595","content":"고객께서"}],"type":"pronunciation"},{"start_time":"125.86","end_time":"126.07","alternatives":[{"confidence":"0.9998","content":"이제"}],"type":"pronunciation"},{"start_time":"126.16","end_time":"126.51","alternatives":[{"confidence":"0.9999","content":"저한테"}],"type":"pronunciation"},{"start_time":"126.51","end_time":"126.88","alternatives":[{"confidence":"0.4564","content":"말씀해"}],"type":"pronunciation"},{"start_time":"126.88","end_time":"127.19","alternatives":[{"confidence":"0.5069","content":"주시면"}],"type":"pronunciation"},{"start_time":"127.31","end_time":"127.75","alternatives":[{"confidence":"0.9261","content":"그때"}],"type":"pronunciation"},{"start_time":"127.94","end_time":"128.42","alternatives":[{"confidence":"0.83875","content":"핸드폰으로"}],"type":"pronunciation"},{"start_time":"128.42","end_time":"128.84","alternatives":[{"confidence":"0.9626333333333333","content":"알려드려도"}],"type":"pronunciation"},{"start_time":"128.84","end_time":"129.42","alternatives":[{"confidence":"0.86295","content":"괜찮나요"}],"type":"pronunciation"},{"alternatives":[{"confidence":"0.0","content":"?"}],"type":"punctuation"},{"start_time":"129.77","end_time":"129.99","alternatives":[{"confidence":"0.9685","content":"그건"}],"type":"pronunciation"},{"start_time":"129.99","end_time":"130.83","alternatives":[{"confidence":"0.9264666666666667","content":"괜찮으시겠죠"}],"type":"pronunciation"},{"alternatives":[{"confidence":"0.0","content":"."}],"type":"punctuation"},{"start_time":"130.86","end_time":"131.15","alternatives":[{"confidence":"0.9999","content":"그러면"}],"type":"pronunciation"},{"start_time":"131.15","end_time":"131.96","alternatives":[{"confidence":"0.97665","content":"고객님방문을"}],"type":"pronunciation"},{"start_time":"132.32","end_time":"132.61","alternatives":[{"confidence":"0.9195","content":"오늘"}],"type":"pronunciation"},{"start_time":"132.61","end_time":"132.91","alternatives":[{"confidence":"0.9943","content":"자금을"}],"type":"pronunciation"},{"start_time":"132.91","end_time":"133.67","alternatives":[{"confidence":"0.9996499999999999","content":"받으시더라도"}],"type":"pronunciation"},{"start_time":"133.7","end_time":"134.17","alternatives":[{"confidence":"0.9734","content":"사과는"}],"type":"pronunciation"},{"start_time":"134.17","end_time":"134.46","alternatives":[{"confidence":"0.6317","content":"뒤"}],"type":"pronunciation"},{"start_time":"134.47","end_time":"134.83","alternatives":[{"confidence":"0.9303","content":"뒤에"}],"type":"pronunciation"},{"start_time":"134.83","end_time":"135.64","alternatives":[{"confidence":"0.9458","content":"문제고요"}],"type":"pronunciation"},{"start_time":"135.67","end_time":"136.19","alternatives":[{"confidence":"0.9448","content":"오늘"}],"type":"pronunciation"},{"start_time":"136.49","end_time":"136.84","alternatives":[{"confidence":"0.9934","content":"자금을"}],"type":"pronunciation"},{"start_time":"136.84","end_time":"137.35","alternatives":[{"confidence":"0.92465","content":"받으시더라고요"}],"type":"pronunciation"},{"start_time":"137.35","end_time":"137.61","alternatives":[{"confidence":"0.9892","content":"제가"}],"type":"pronunciation"},{"start_time":"137.61","end_time":"137.88","alternatives":[{"confidence":"0.43715000000000004","content":"공님"}],"type":"pronunciation"},{"start_time":"137.88","end_time":"138.16","alternatives":[{"confidence":"0.1847","content":"이거고"}],"type":"pronunciation"},{"start_time":"138.16","end_time":"138.48","alternatives":[{"confidence":"0.3058","content":"개인적으로"}],"type":"pronunciation"},{"start_time":"138.48","end_time":"138.84","alternatives":[{"confidence":"0.9829","content":"방문을"}],"type":"pronunciation"},{"start_time":"138.84","end_time":"139.2","alternatives":[{"confidence":"0.1475","content":"하던"}],"type":"pronunciation"},{"start_time":"139.49","end_time":"140.13","alternatives":[{"confidence":"0.5222","content":"고객님저한테"}],"type":"pronunciation"},{"start_time":"140.13","end_time":"140.59","alternatives":[{"confidence":"0.8936999999999999","content":"오시던"}],"type":"pronunciation"},{"start_time":"140.75","end_time":"141.16","alternatives":[{"confidence":"0.9866","content":"뭔가를"}],"type":"pronunciation"},{"start_time":"141.16","end_time":"141.49","alternatives":[{"confidence":"0.30285","content":"태기를"}],"type":"pronunciation"},{"start_time":"141.49","end_time":"141.79","alternatives":[{"confidence":"0.8742","content":"하시는"}],"type":"pronunciation"},{"start_time":"141.79","end_time":"141.86","alternatives":[{"confidence":"0.9999","content":"게"}],"type":"pronunciation"},{"start_time":"141.86","end_time":"142.02","alternatives":[{"confidence":"0.9947999999999999","content":"나을"}],"type":"pronunciation"},{"start_time":"142.02","end_time":"142.13","alternatives":[{"confidence":"0.9955","content":"것"}],"type":"pronunciation"},{"start_time":"142.13","end_time":"142.44","alternatives":[{"confidence":"0.9986","content":"같아요"}],"type":"pronunciation"},{"alternatives":[{"confidence":"0.0","content":"."}],"type":"punctuation"},{"start_time":"142.44","end_time":"142.68","alternatives":[{"confidence":"0.7488","content":"이걸"}],"type":"pronunciation"},{"start_time":"142.89","end_time":"143.4","alternatives":[{"confidence":"0.9947","content":"제가"}],"type":"pronunciation"},{"start_time":"143.51","end_time":"143.8","alternatives":[{"confidence":"0.9732","content":"이러면"}],"type":"pronunciation"},{"start_time":"143.8","end_time":"144.78","alternatives":[{"confidence":"0.31395","content":"고객님고기"}],"type":"pronunciation"},{"alternatives":[{"confidence":"0.0","content":"."}],"type":"punctuation"},{"start_time":"144.78","end_time":"145.1","alternatives":[{"confidence":"1.0","content":"어차피"}],"type":"pronunciation"},{"start_time":"145.1","end_time":"145.48","alternatives":[{"confidence":"0.6786000000000001","content":"고객이라"}],"type":"pronunciation"},{"start_time":"145.48","end_time":"145.68","alternatives":[{"confidence":"0.9988","content":"저랑"}],"type":"pronunciation"},{"start_time":"145.68","end_time":"146.21","alternatives":[{"confidence":"0.8078666666666666","content":"통화되는거다"}],"type":"pronunciation"},{"start_time":"146.21","end_time":"146.64","alternatives":[{"confidence":"0.8468","content":"녹취되는"}],"type":"pronunciation"},{"start_time":"146.64","end_time":"146.75","alternatives":[{"confidence":"0.7064","content":"건"}],"type":"pronunciation"},{"start_time":"146.75","end_time":"147.03","alternatives":[{"confidence":"0.9979","content":"알고"}],"type":"pronunciation"},{"start_time":"147.22","end_time":"147.61","alternatives":[{"confidence":"1.0","content":"계시죠"}],"type":"pronunciation"},{"alternatives":[{"confidence":"0.0","content":"?"}],"type":"punctuation"},{"start_time":"147.61","end_time":"147.95","alternatives":[{"confidence":"0.8991","content":"고객님"}],"type":"pronunciation"},{"start_time":"149.17","end_time":"149.35","alternatives":[{"confidence":"0.9705","content":"제가"}],"type":"pronunciation"},{"start_time":"149.47","end_time":"149.63","alternatives":[{"confidence":"0.7754","content":"한테"}],"type":"pronunciation"},{"start_time":"149.63","end_time":"149.97","alternatives":[{"confidence":"0.9531000000000001","content":"화내는"}],"type":"pronunciation"},{"start_time":"149.97","end_time":"150.05","alternatives":[{"confidence":"0.9739","content":"게"}],"type":"pronunciation"},{"start_time":"150.05","end_time":"150.31","alternatives":[{"confidence":"0.9527","content":"아니라"}],"type":"pronunciation"},{"start_time":"150.74","end_time":"150.98","alternatives":[{"confidence":"0.279","content":"거기"}],"type":"pronunciation"},{"start_time":"150.98","end_time":"151.1","alternatives":[{"confidence":"0.6159","content":"이"}],"type":"pronunciation"},{"start_time":"151.1","end_time":"151.33","alternatives":[{"confidence":"0.756","content":"건"}],"type":"pronunciation"},{"start_time":"151.33","end_time":"151.67","alternatives":[{"confidence":"0.9986","content":"때문에"}],"type":"pronunciation"},{"start_time":"151.67","end_time":"151.93","alternatives":[{"confidence":"0.9888","content":"제가"}],"type":"pronunciation"},{"start_time":"152.52","end_time":"152.96","alternatives":[{"confidence":"0.9904","content":"회사에서"}],"type":"pronunciation"},{"start_time":"152.96","end_time":"153.19","alternatives":[{"confidence":"0.2351","content":"거기에"}],"type":"pronunciation"},{"start_time":"153.19","end_time":"153.37","alternatives":[{"confidence":"0.9445","content":"제가"}],"type":"pronunciation"},{"start_time":"153.37","end_time":"153.88","alternatives":[{"confidence":"0.70905","content":"심화성을"}],"type":"pronunciation"},{"start_time":"153.88","end_time":"154.07","alternatives":[{"confidence":"0.8903","content":"써야"}],"type":"pronunciation"},{"start_time":"154.07","end_time":"154.22","alternatives":[{"confidence":"0.7019","content":"돼요"}],"type":"pronunciation"},{"alternatives":[{"confidence":"0.0","content":"."}],"type":"punctuation"},{"start_time":"154.4","end_time":"154.64","alternatives":[{"confidence":"0.9945","content":"이렇게"}],"type":"pronunciation"},{"start_time":"154.64","end_time":"154.9","alternatives":[{"confidence":"0.9966","content":"제가"}],"type":"pronunciation"},{"start_time":"155.25","end_time":"155.65","alternatives":[{"confidence":"0.9979","content":"상담을"}],"type":"pronunciation"},{"start_time":"155.65","end_time":"155.8","alternatives":[{"confidence":"0.9977","content":"제가"}],"type":"pronunciation"},{"start_time":"155.8","end_time":"156.1","alternatives":[{"confidence":"1.0","content":"굉장히"}],"type":"pronunciation"},{"start_time":"156.1","end_time":"156.38","alternatives":[{"confidence":"0.9656","content":"못한"}],"type":"pronunciation"},{"start_time":"156.38","end_time":"156.54","alternatives":[{"confidence":"0.9059","content":"걸로"}],"type":"pronunciation"},{"start_time":"156.54","end_time":"156.68","alternatives":[{"confidence":"0.3544","content":"돼"}],"type":"pronunciation"},{"start_time":"158.19","end_time":"158.55","alternatives":[{"confidence":"0.9917666666666666","content":"아실지"}],"type":"pronunciation"},{"start_time":"158.55","end_time":"159.35","alternatives":[{"confidence":"0.963","content":"모르겠지만"}],"type":"pronunciation"},{"alternatives":[{"confidence":"0.0","content":"."}],"type":"punctuation"},{"start_time":"160.29","end_time":"160.52","alternatives":[{"confidence":"0.049","content":"그리고"}],"type":"pronunciation"},{"start_time":"161.19","end_time":"161.5","alternatives":[{"confidence":"1.0","content":"저희도"}],"type":"pronunciation"},{"start_time":"161.5","end_time":"161.61","alternatives":[{"confidence":"0.8606","content":"이제"}],"type":"pronunciation"},{"start_time":"161.64","end_time":"162.03","alternatives":[{"confidence":"0.9931","content":"최소한의"}],"type":"pronunciation"},{"start_time":"162.03","end_time":"162.65","alternatives":[{"confidence":"0.99985","content":"안전장치는"}],"type":"pronunciation"},{"start_time":"162.65","end_time":"162.83","alternatives":[{"confidence":"1.0","content":"있어야"}],"type":"pronunciation"},{"start_time":"162.83","end_time":"163.02","alternatives":[{"confidence":"0.9766","content":"되는"}],"type":"pronunciation"},{"start_time":"163.02","end_time":"163.78","alternatives":[{"confidence":"0.9725","content":"거잖아요"}],"type":"pronunciation"},{"alternatives":[{"confidence":"0.0","content":"."}],"type":"punctuation"},{"start_time":"164.24","end_time":"164.75","alternatives":[{"confidence":"0.9323","content":"제가"}],"type":"pronunciation"},{"start_time":"165.25","end_time":"165.59","alternatives":[{"confidence":"0.9813000000000001","content":"저처럼"}],"type":"pronunciation"},{"start_time":"165.59","end_time":"165.86","alternatives":[{"confidence":"0.9995","content":"말하는"}],"type":"pronunciation"},{"start_time":"165.86","end_time":"166.06","alternatives":[{"confidence":"0.9907","content":"사람이"}],"type":"pronunciation"},{"start_time":"166.06","end_time":"166.41","alternatives":[{"confidence":"0.9764","content":"없었다고"}],"type":"pronunciation"},{"start_time":"166.47","end_time":"166.8","alternatives":[{"confidence":"0.5048","content":"자금"}],"type":"pronunciation"},{"start_time":"166.8","end_time":"166.93","alternatives":[{"confidence":"0.9669","content":"이제"}],"type":"pronunciation"},{"start_time":"166.93","end_time":"167.26","alternatives":[{"confidence":"0.9999","content":"금방"}],"type":"pronunciation"},{"start_time":"167.26","end_time":"167.91","alternatives":[{"confidence":"0.9458","content":"나가시는데"}],"type":"pronunciation"},{"start_time":"168.06","end_time":"168.36","alternatives":[{"confidence":"0.9528","content":"전화를"}],"type":"pronunciation"},{"start_time":"168.36","end_time":"168.54","alternatives":[{"confidence":"0.0819","content":"걸었"}],"type":"pronunciation"}]},"status":"COMPLETED"}