{"jobName":"transcribe_loan47","accountId":"097989105209","results":{"transcripts":[{"transcript":"똑바로 얘기하라고 야, 신고하면 진짜 죽여버린다 여보세요? 나는 돈이 필요해가지고 혜림이 잠깐 데리고 있는 거지 사람 죽이고 사람 죽이고 하고 싶지 않으니까 전화 끊고 죽는 줄 알고 있구나 신고하려고 그래 지금 전화"}],"items":[{"start_time":"0.32","end_time":"0.76","alternatives":[{"confidence":"1.0","content":"똑바로"}],"type":"pronunciation"},{"start_time":"0.76","end_time":"1.29","alternatives":[{"confidence":"0.7454000000000001","content":"얘기하라고"}],"type":"pronunciation"},{"start_time":"1.29","end_time":"1.67","alternatives":[{"confidence":"0.105","content":"야"}],"type":"pronunciation"},{"alternatives":[{"confidence":"0.0","content":","}],"type":"punctuation"},{"start_time":"2.41","end_time":"3.04","alternatives":[{"confidence":"0.98075","content":"신고하면"}],"type":"pronunciation"},{"start_time":"3.1","end_time":"3.36","alternatives":[{"confidence":"0.9889","content":"진짜"}],"type":"pronunciation"},{"start_time":"3.36","end_time":"4.02","alternatives":[{"confidence":"0.8722000000000001","content":"죽여버린다"}],"type":"pronunciation"},{"start_time":"4.8","end_time":"5.73","alternatives":[{"confidence":"0.9544","content":"여보세요"}],"type":"pronunciation"},{"alternatives":[{"confidence":"0.0","content":"?"}],"type":"punctuation"},{"start_time":"6.41","end_time":"6.72","alternatives":[{"confidence":"0.9985","content":"나는"}],"type":"pronunciation"},{"start_time":"6.72","end_time":"7.02","alternatives":[{"confidence":"1.0","content":"돈이"}],"type":"pronunciation"},{"start_time":"7.02","end_time":"7.63","alternatives":[{"confidence":"0.8525666666666667","content":"필요해가지고"}],"type":"pronunciation"},{"start_time":"7.63","end_time":"7.91","alternatives":[{"confidence":"0.4771666666666667","content":"혜림이"}],"type":"pronunciation"},{"start_time":"7.91","end_time":"8.16","alternatives":[{"confidence":"0.9884","content":"잠깐"}],"type":"pronunciation"},{"start_time":"8.16","end_time":"8.42","alternatives":[{"confidence":"0.9204","content":"데리고"}],"type":"pronunciation"},{"start_time":"8.42","end_time":"8.61","alternatives":[{"confidence":"0.786","content":"있는"}],"type":"pronunciation"},{"start_time":"8.61","end_time":"9.18","alternatives":[{"confidence":"0.7804","content":"거지"}],"type":"pronunciation"},{"start_time":"9.43","end_time":"9.81","alternatives":[{"confidence":"0.7593","content":"사람"}],"type":"pronunciation"},{"start_time":"9.81","end_time":"10.2","alternatives":[{"confidence":"0.9998","content":"죽이고"}],"type":"pronunciation"},{"start_time":"10.26","end_time":"10.67","alternatives":[{"confidence":"0.7367","content":"사람"}],"type":"pronunciation"},{"start_time":"10.67","end_time":"10.99","alternatives":[{"confidence":"0.9979","content":"죽이고"}],"type":"pronunciation"},{"start_time":"10.99","end_time":"11.16","alternatives":[{"confidence":"1.0","content":"하고"}],"type":"pronunciation"},{"start_time":"11.16","end_time":"11.4","alternatives":[{"confidence":"1.0","content":"싶지"}],"type":"pronunciation"},{"start_time":"11.4","end_time":"12.23","alternatives":[{"confidence":"0.9985","content":"않으니까"}],"type":"pronunciation"},{"start_time":"12.42","end_time":"12.71","alternatives":[{"confidence":"0.9681","content":"전화"}],"type":"pronunciation"},{"start_time":"12.71","end_time":"13.41","alternatives":[{"confidence":"1.0","content":"끊고"}],"type":"pronunciation"},{"start_time":"14.01","end_time":"14.33","alternatives":[{"confidence":"0.8053","content":"죽는"}],"type":"pronunciation"},{"start_time":"14.33","end_time":"14.44","alternatives":[{"confidence":"0.9981","content":"줄"}],"type":"pronunciation"},{"start_time":"14.44","end_time":"14.56","alternatives":[{"confidence":"0.959","content":"알고"}],"type":"pronunciation"},{"start_time":"14.56","end_time":"15.01","alternatives":[{"confidence":"0.8348","content":"있구나"}],"type":"pronunciation"},{"start_time":"16.2","end_time":"16.83","alternatives":[{"confidence":"0.8046","content":"신고하려고"}],"type":"pronunciation"},{"start_time":"16.83","end_time":"17.02","alternatives":[{"confidence":"0.6744","content":"그래"}],"type":"pronunciation"},{"start_time":"17.02","end_time":"17.19","alternatives":[{"confidence":"0.9645","content":"지금"}],"type":"pronunciation"},{"start_time":"17.19","end_time":"17.4","alternatives":[{"confidence":"0.4862","content":"전화"}],"type":"pronunciation"}]},"status":"COMPLETED"}