{"jobName":"transcribe_loan64","accountId":"097989105209","results":{"transcripts":[{"transcript":"전화를 했던 김한때립니다 조회 결과가 이제 한도가 천오백만원 정도 나오시거든요 본인께서 지금 조 이에 천이백만원 오백 만원 미래의 삼백만원 바로 삼백만원 완전히 삼백만원 이렇게 있으시잖아요 혹시 이 중에서 삼백 만원씩 이신데 에서 한 백만원백오십만원 정도 상황안 드시나요 부분 상황? 왜냐면 이게 점수가 초과되셔가지고"}],"items":[{"start_time":"0.56","end_time":"0.92","alternatives":[{"confidence":"0.5274","content":"전화를"}],"type":"pronunciation"},{"start_time":"0.92","end_time":"1.15","alternatives":[{"confidence":"0.528","content":"했던"}],"type":"pronunciation"},{"start_time":"1.15","end_time":"2.18","alternatives":[{"confidence":"0.668825","content":"김한때립니다"}],"type":"pronunciation"},{"start_time":"2.7","end_time":"2.96","alternatives":[{"confidence":"0.6032","content":"조회"}],"type":"pronunciation"},{"start_time":"2.96","end_time":"3.61","alternatives":[{"confidence":"1.0","content":"결과가"}],"type":"pronunciation"},{"start_time":"3.61","end_time":"3.77","alternatives":[{"confidence":"0.8771","content":"이제"}],"type":"pronunciation"},{"start_time":"3.77","end_time":"4.21","alternatives":[{"confidence":"0.96365","content":"한도가"}],"type":"pronunciation"},{"start_time":"4.21","end_time":"4.9","alternatives":[{"confidence":"0.83185","content":"천오백만원"}],"type":"pronunciation"},{"start_time":"4.9","end_time":"5.16","alternatives":[{"confidence":"0.9803","content":"정도"}],"type":"pronunciation"},{"start_time":"5.16","end_time":"6.36","alternatives":[{"confidence":"0.9959000000000001","content":"나오시거든요"}],"type":"pronunciation"},{"start_time":"6.84","end_time":"7.26","alternatives":[{"confidence":"0.516","content":"본인께서"}],"type":"pronunciation"},{"start_time":"7.26","end_time":"7.99","alternatives":[{"confidence":"0.8532","content":"지금"}],"type":"pronunciation"},{"start_time":"8.95","end_time":"9.22","alternatives":[{"confidence":"0.3808","content":"조"}],"type":"pronunciation"},{"start_time":"9.22","end_time":"9.42","alternatives":[{"confidence":"0.3931","content":"이에"}],"type":"pronunciation"},{"start_time":"9.42","end_time":"10.15","alternatives":[{"confidence":"0.8127500000000001","content":"천이백만원"}],"type":"pronunciation"},{"start_time":"10.73","end_time":"10.93","alternatives":[{"confidence":"0.327","content":"오백"}],"type":"pronunciation"},{"start_time":"10.93","end_time":"11.32","alternatives":[{"confidence":"0.8548","content":"만원"}],"type":"pronunciation"},{"start_time":"11.32","end_time":"11.77","alternatives":[{"confidence":"0.5557","content":"미래의"}],"type":"pronunciation"},{"start_time":"11.95","end_time":"12.62","alternatives":[{"confidence":"0.76805","content":"삼백만원"}],"type":"pronunciation"},{"start_time":"12.62","end_time":"12.88","alternatives":[{"confidence":"0.7424","content":"바로"}],"type":"pronunciation"},{"start_time":"12.97","end_time":"13.64","alternatives":[{"confidence":"0.80385","content":"삼백만원"}],"type":"pronunciation"},{"start_time":"13.73","end_time":"14.04","alternatives":[{"confidence":"0.6956","content":"완전히"}],"type":"pronunciation"},{"start_time":"14.04","end_time":"14.5","alternatives":[{"confidence":"0.82865","content":"삼백만원"}],"type":"pronunciation"},{"start_time":"14.5","end_time":"14.73","alternatives":[{"confidence":"0.925","content":"이렇게"}],"type":"pronunciation"},{"start_time":"14.73","end_time":"15.47","alternatives":[{"confidence":"1.0","content":"있으시잖아요"}],"type":"pronunciation"},{"start_time":"16.22","end_time":"16.53","alternatives":[{"confidence":"1.0","content":"혹시"}],"type":"pronunciation"},{"start_time":"16.53","end_time":"16.73","alternatives":[{"confidence":"0.6138","content":"이"}],"type":"pronunciation"},{"start_time":"16.73","end_time":"17.53","alternatives":[{"confidence":"1.0","content":"중에서"}],"type":"pronunciation"},{"start_time":"18.13","end_time":"18.44","alternatives":[{"confidence":"0.6556","content":"삼백"}],"type":"pronunciation"},{"start_time":"18.44","end_time":"19.17","alternatives":[{"confidence":"0.8633","content":"만원씩"}],"type":"pronunciation"},{"start_time":"19.17","end_time":"19.69","alternatives":[{"confidence":"0.5053","content":"이신데"}],"type":"pronunciation"},{"start_time":"19.69","end_time":"20.03","alternatives":[{"confidence":"0.4569","content":"에서"}],"type":"pronunciation"},{"start_time":"20.03","end_time":"20.22","alternatives":[{"confidence":"0.9419","content":"한"}],"type":"pronunciation"},{"start_time":"20.34","end_time":"21.44","alternatives":[{"confidence":"0.90815","content":"백만원백오십만원"}],"type":"pronunciation"},{"start_time":"21.44","end_time":"21.66","alternatives":[{"confidence":"0.8998","content":"정도"}],"type":"pronunciation"},{"start_time":"21.66","end_time":"22.08","alternatives":[{"confidence":"0.62385","content":"상황안"}],"type":"pronunciation"},{"start_time":"22.08","end_time":"22.56","alternatives":[{"confidence":"0.94215","content":"드시나요"}],"type":"pronunciation"},{"start_time":"22.59","end_time":"22.87","alternatives":[{"confidence":"0.5357","content":"부분"}],"type":"pronunciation"},{"start_time":"22.87","end_time":"23.18","alternatives":[{"confidence":"0.4549","content":"상황"}],"type":"pronunciation"},{"alternatives":[{"confidence":"0.0","content":"?"}],"type":"punctuation"},{"start_time":"23.88","end_time":"24.17","alternatives":[{"confidence":"0.991","content":"왜냐면"}],"type":"pronunciation"},{"start_time":"24.17","end_time":"24.33","alternatives":[{"confidence":"0.9904","content":"이게"}],"type":"pronunciation"},{"start_time":"24.78","end_time":"25.3","alternatives":[{"confidence":"0.9997","content":"점수가"}],"type":"pronunciation"},{"start_time":"25.66","end_time":"26.97","alternatives":[{"confidence":"0.849125","content":"초과되셔가지고"}],"type":"pronunciation"}]},"status":"COMPLETED"}