{"jobName":"transcribe_loan82","accountId":"097989105209","results":{"transcripts":[{"transcript":"네이버 번영주도다시 한번 바꿔봤거든요 다시 한번 불러드릴게요 백이십오점이거 말고 이백삼십점 100 일 구사 하고 있는 것입니다. 로도 되고 계세요. 열기 한번 눌러주시고요. 혹시 상담소 속이나 이런 것 이라고 하는데요. 설치한번 해 주시고요. 네, 사실 했어요. 한번 누르시면 혹시 뭐라고 드세요? 상담거기다가 강해준 이라고 입력해 주시고요. 해준 네. 네. 조심하느냐 본인이 지금 전산으로 제가 지금 확인하고 있고요. 아까 제가 이제 도 털고 주신 거 있잖아요. 대출은 어차피 한번 밖에 진행을 만드시는 거예요. 그러니까 정보 지원상품이고 해서 보내님이 금리 랑 대출구매를 더 많이 받고 싶으시면 도를 추가적으로 계속 이제 한번에 이제 낮춰주시면 되시는 거고요. 님께서 그러시혹시 개인 자금은 어떻게 구백만원이면? 마지막 하신거에요 그걸 전부 다 야 이게 기본적으로 심사심사가 나시는 금액이 있어요. 근데 이거 대출금을 받고 나세요? 필요 없다고 생각을 하시면은요 바로 원금상환을 하시면은요 중도상환수수료없이 그냥 원금상환처리만 되세요. 이자 붙는 것도 없으시고요. 네네 정했던 그 이름이 뭔가요? 제가 좀 하려면 정보 지원상품이고요 뭐 대환대출의 고금리 쓰시는 분들 저희가 낮은 금리로 대화한 진행을 해드리고 있는 거예요. 저희는 대 법이나 이런 것처럼 이상한 같은 이름 같은거 지어가지고 그렇게 하는 게 아니에요. 원래 이름 같은 경우는요 딱 신용대출하고 대한대출하고 딱 두 가지 밖에는 없어요. 추가적으로 햇살론 이런 게 있는 거고요. 그 이외에는 자체적으로 자기네들끼리 이름을 점해주고 그냥 그 사람들 신용에 맞게끔 대출진행을 하기 위해서 그냥 이름만 이제 부여가 되신 거고요. 이게 무형의 유형의 상품처럼 물건이 아니라 무형의 상품 이신 거잖아요. 예. 무형 상품이기 때문에 결론은 어차피 대출마다 금리는 다 똑같으세요 이름만 이렇게 있는 거고 그래도 원래 공식적인 금융감독원에 지칭된 명칭은 신용대출과 했었는가 대환대출 세 가지입니다. 그러는 건 아니죠? 아니에요. 제가 아까 말씀드린 대로 십오 퍼센트 이상 고금리 쓰시는 게 있으시면요 한 대출이 가능하신 거고, 기존에 대출이 있는 거기 때문에 뭐 그거를 발행금리로 갈아타기 급 오늘 해드리는 거고요. 단순히 신용으로만 보고가 이걸 진행을 하는 거기 때문에요. 담보가 들어가게 되면 굉장히 복잡하고 대화성격이 안 많기 때문에 담보권들은 진행을 반대했어요 대출이 들어갔을 때 그래서 담보같은거 설정 반하고 진행을 해드리고 있는 겁니다. 그러면 고객님께서 이백만원 가능하다고 하셨던 건가요? 보시면 제가 이게 신한카드 하고 우리카드 두 군데가 있으세요. 본인이 카드론이요 그러면 제가 여기다가 공문을 보내 야 되는데 혹시 고객님께서는 어디 거를 변질하기를 원하세요? 신한카드 고인이 그러면 제가 심한 카드에다가 에서 두 가지 공문을 보낼 겁니다. 하나는 대화와 협조 공문 이고요 하나는 반환협조 공문입니다 대한 협조 공문 같은 경우에서는 말 그대로 신한카드에서. 지금 장기대출카드론을 이용하신 것을 저희 롯데낮은 분들에 대한 대출하는 걸로 진행을 해드릴 거고요. 또 하나는 이제 공문이라고 해가지고요 님께서 일부변제를 하셨음에도 불구하고 예를 들어서 만약 에서 막판까지 가지 했을 때 신청을 안 하실 경우에 님께서 변제하신 금액을 다시 돌려드리는 제도를 말씀을 드리고 있는 겁니다. 네. 괜찮으시죠 고객님 부인님께서 예를 들어서 진행을 했어요. 그런데 만약 이라는게 있는 거잖아요. 근데 맛이 심사를 하다가 부인님께서. 예를 들어서 저한테 만약에 연체가 하루에 위해서는 말씀 안해주셨어요. 그런데 만약에 그것 때문에 부결이 났다고 실게요. 그럼 님께서 이백만원 변제하셨잖아요 그거를 다시 돌려드리는 제도 라고요. 대출이 안 되기 때문에 굳이 대출이 안 되는데 힘드는 게 목동가지고 있는 거, 그거 괜히 다달이 갚으면 되지 한꺼번에 그걸 단체 하실 필요는 없어진거잖아요. 그래서 제가 그럼 이거 신한카드에다가 변제공무원 보내놓을 거고요. 공무원 처리되고 나서 님한테 바로 전화 드리겠습니다. 는데 문제가 그런건 없는거죠. 그런 건 없으신거죠 대출이잖아요 카드로는 대출이잖아요 전혀 그런 거는 관계가 없어요. 관계는 없으신거니까 안심하시고 해서 고객님그러시고 저희 대출금나가실 때까지 항상 모바일 앱으로만 대출신청을 하거든요. 무서류 무방문이 진행하실 때는요 그러시고 나서 고형님께서 대출다 받고 나시면은 저희 서류받는 직원이 고인한테 전화해가지고 일주일 내로 약속 잡고 미팅하러 나간 겁니다. 그때 서류작성만 한번 해주시면 되시는 거고요. 서류를 작성을 완료한 다음에 완전히 되는 건가요? 아니요. 대출금은 오늘 님께서 주시면은요. 오늘 중으로 대출금이 여섯시 까지는 늦어도 6 시까지 는 오늘 나가실 거예요. 대출금은 오늘 받으시고 약관이 보시게 되시면요 용어법에 칠 그러니까 서류 작성이 있잖아요. 그거는 무조건 칠일 이에요. 717 일까지 죠. 그러니까 그거는 대출금오늘 받으시잖아요. 그러면 아마 내일 중으로 직원이 전화가 갈 거예요. 미친 날짜잡으셔 가지고요 서류 이거 하시면 되시는 거고요. 그다음에는 고인이 그 이백만원 변제가능하다고 하신 거죠? 예, 그러주시면 제가 이거 공무원 보내고 나세요? 고인은 바로 전화 드리겠습니다. 네, 감사합니다."}],"items":[{"start_time":"3.77","end_time":"4.44","alternatives":[{"confidence":"0.4981","content":"네이버"}],"type":"pronunciation"},{"start_time":"5.25","end_time":"6.42","alternatives":[{"confidence":"0.5545333333333333","content":"번영주도다시"}],"type":"pronunciation"},{"start_time":"6.42","end_time":"6.6","alternatives":[{"confidence":"0.7697","content":"한번"}],"type":"pronunciation"},{"start_time":"6.6","end_time":"7.71","alternatives":[{"confidence":"0.8499666666666666","content":"바꿔봤거든요"}],"type":"pronunciation"},{"start_time":"9.67","end_time":"9.91","alternatives":[{"confidence":"0.9916","content":"다시"}],"type":"pronunciation"},{"start_time":"9.91","end_time":"10.13","alternatives":[{"confidence":"0.8305","content":"한번"}],"type":"pronunciation"},{"start_time":"10.13","end_time":"11.14","alternatives":[{"confidence":"0.9801","content":"불러드릴게요"}],"type":"pronunciation"},{"start_time":"11.86","end_time":"14.98","alternatives":[{"confidence":"0.7117","content":"백이십오점이거"}],"type":"pronunciation"},{"start_time":"14.98","end_time":"15.38","alternatives":[{"confidence":"0.8787","content":"말고"}],"type":"pronunciation"},{"start_time":"16.82","end_time":"18.27","alternatives":[{"confidence":"0.9783","content":"이백삼십점"}],"type":"pronunciation"},{"start_time":"20.11","end_time":"20.41","alternatives":[{"confidence":"0.6176","content":"100"}],"type":"pronunciation"},{"start_time":"20.41","end_time":"20.71","alternatives":[{"confidence":"0.7321","content":"일"}],"type":"pronunciation"},{"start_time":"21.0","end_time":"21.66","alternatives":[{"confidence":"0.5705","content":"구사"}],"type":"pronunciation"},{"start_time":"21.66","end_time":"21.9","alternatives":[{"confidence":"0.9972","content":"하고"}],"type":"pronunciation"},{"start_time":"21.9","end_time":"22.15","alternatives":[{"confidence":"0.9959","content":"있는"}],"type":"pronunciation"},{"start_time":"22.15","end_time":"22.72","alternatives":[{"confidence":"0.9885","content":"것입니다"}],"type":"pronunciation"},{"alternatives":[{"confidence":"0.0","content":"."}],"type":"punctuation"},{"start_time":"28.17","end_time":"28.37","alternatives":[{"confidence":"0.2229","content":"로도"}],"type":"pronunciation"},{"start_time":"28.37","end_time":"28.6","alternatives":[{"confidence":"0.9829","content":"되고"}],"type":"pronunciation"},{"start_time":"28.6","end_time":"29.58","alternatives":[{"confidence":"1.0","content":"계세요"}],"type":"pronunciation"},{"alternatives":[{"confidence":"0.0","content":"."}],"type":"punctuation"},{"start_time":"31.06","end_time":"31.35","alternatives":[{"confidence":"0.5899","content":"열기"}],"type":"pronunciation"},{"start_time":"31.35","end_time":"31.59","alternatives":[{"confidence":"0.8541","content":"한번"}],"type":"pronunciation"},{"start_time":"31.59","end_time":"32.4","alternatives":[{"confidence":"0.976","content":"눌러주시고요"}],"type":"pronunciation"},{"alternatives":[{"confidence":"0.0","content":"."}],"type":"punctuation"},{"start_time":"34.12","end_time":"34.39","alternatives":[{"confidence":"1.0","content":"혹시"}],"type":"pronunciation"},{"start_time":"34.48","end_time":"34.93","alternatives":[{"confidence":"0.4867","content":"상담소"}],"type":"pronunciation"},{"start_time":"34.93","end_time":"35.23","alternatives":[{"confidence":"0.8565499999999999","content":"속이나"}],"type":"pronunciation"},{"start_time":"35.23","end_time":"35.39","alternatives":[{"confidence":"0.1892","content":"이런"}],"type":"pronunciation"},{"start_time":"35.39","end_time":"35.49","alternatives":[{"confidence":"0.0064","content":"것"}],"type":"pronunciation"},{"start_time":"37.21","end_time":"37.46","alternatives":[{"confidence":"0.0035","content":"이라고"}],"type":"pronunciation"},{"start_time":"37.46","end_time":"38.01","alternatives":[{"confidence":"0.0124","content":"하는데요"}],"type":"pronunciation"},{"alternatives":[{"confidence":"0.0","content":"."}],"type":"punctuation"},{"start_time":"38.76","end_time":"39.22","alternatives":[{"confidence":"0.7319500000000001","content":"설치한번"}],"type":"pronunciation"},{"start_time":"39.22","end_time":"39.31","alternatives":[{"confidence":"0.5273","content":"해"}],"type":"pronunciation"},{"start_time":"39.31","end_time":"39.92","alternatives":[{"confidence":"0.7637","content":"주시고요"}],"type":"pronunciation"},{"alternatives":[{"confidence":"0.0","content":"."}],"type":"punctuation"},{"start_time":"46.42","end_time":"46.62","alternatives":[{"confidence":"0.0185","content":"네"}],"type":"pronunciation"},{"alternatives":[{"confidence":"0.0","content":","}],"type":"punctuation"},{"start_time":"46.62","end_time":"46.87","alternatives":[{"confidence":"0.0481","content":"사실"}],"type":"pronunciation"},{"start_time":"46.87","end_time":"47.49","alternatives":[{"confidence":"0.3677","content":"했어요"}],"type":"pronunciation"},{"alternatives":[{"confidence":"0.0","content":"."}],"type":"punctuation"},{"start_time":"48.47","end_time":"48.68","alternatives":[{"confidence":"0.9045","content":"한번"}],"type":"pronunciation"},{"start_time":"48.68","end_time":"49.19","alternatives":[{"confidence":"0.933","content":"누르시면"}],"type":"pronunciation"},{"start_time":"49.19","end_time":"49.48","alternatives":[{"confidence":"0.9999","content":"혹시"}],"type":"pronunciation"},{"start_time":"49.48","end_time":"49.76","alternatives":[{"confidence":"0.8579","content":"뭐라고"}],"type":"pronunciation"},{"start_time":"49.76","end_time":"50.05","alternatives":[{"confidence":"0.021","content":"드세요"}],"type":"pronunciation"},{"alternatives":[{"confidence":"0.0","content":"?"}],"type":"punctuation"},{"start_time":"51.88","end_time":"53.92","alternatives":[{"confidence":"0.8256","content":"상담거기다가"}],"type":"pronunciation"},{"start_time":"53.92","end_time":"55.05","alternatives":[{"confidence":"0.7366","content":"강해준"}],"type":"pronunciation"},{"start_time":"55.05","end_time":"55.33","alternatives":[{"confidence":"0.9606","content":"이라고"}],"type":"pronunciation"},{"start_time":"55.33","end_time":"55.69","alternatives":[{"confidence":"0.9196","content":"입력해"}],"type":"pronunciation"},{"start_time":"55.69","end_time":"56.24","alternatives":[{"confidence":"0.93935","content":"주시고요"}],"type":"pronunciation"},{"alternatives":[{"confidence":"0.0","content":"."}],"type":"punctuation"},{"start_time":"58.05","end_time":"58.82","alternatives":[{"confidence":"0.5499","content":"해준"}],"type":"pronunciation"},{"start_time":"60.62","end_time":"60.77","alternatives":[{"confidence":"0.0093","content":"네"}],"type":"pronunciation"},{"alternatives":[{"confidence":"0.0","content":"."}],"type":"punctuation"},{"start_time":"61.6","end_time":"61.77","alternatives":[{"confidence":"0.0053","content":"네"}],"type":"pronunciation"},{"alternatives":[{"confidence":"0.0","content":"."}],"type":"punctuation"},{"start_time":"64.53","end_time":"65.81","alternatives":[{"confidence":"0.55925","content":"조심하느냐"}],"type":"pronunciation"},{"start_time":"78.38","end_time":"78.68","alternatives":[{"confidence":"0.0031","content":"본인이"}],"type":"pronunciation"},{"start_time":"78.68","end_time":"79.23","alternatives":[{"confidence":"0.9864","content":"지금"}],"type":"pronunciation"},{"start_time":"79.23","end_time":"79.72","alternatives":[{"confidence":"0.99915","content":"전산으로"}],"type":"pronunciation"},{"start_time":"79.72","end_time":"79.92","alternatives":[{"confidence":"0.9986","content":"제가"}],"type":"pronunciation"},{"start_time":"79.92","end_time":"80.12","alternatives":[{"confidence":"0.9963","content":"지금"}],"type":"pronunciation"},{"start_time":"80.12","end_time":"80.54","alternatives":[{"confidence":"0.9818","content":"확인하고"}],"type":"pronunciation"},{"start_time":"80.54","end_time":"81.16","alternatives":[{"confidence":"0.9543","content":"있고요"}],"type":"pronunciation"},{"alternatives":[{"confidence":"0.0","content":"."}],"type":"punctuation"},{"start_time":"81.25","end_time":"81.77","alternatives":[{"confidence":"0.999","content":"아까"}],"type":"pronunciation"},{"start_time":"81.77","end_time":"82.03","alternatives":[{"confidence":"1.0","content":"제가"}],"type":"pronunciation"},{"start_time":"82.03","end_time":"82.19","alternatives":[{"confidence":"0.9511","content":"이제"}],"type":"pronunciation"},{"start_time":"82.69","end_time":"83.01","alternatives":[{"confidence":"0.9499","content":"도"}],"type":"pronunciation"},{"start_time":"83.01","end_time":"83.28","alternatives":[{"confidence":"0.4657","content":"털고"}],"type":"pronunciation"},{"start_time":"83.28","end_time":"83.58","alternatives":[{"confidence":"0.3821","content":"주신"}],"type":"pronunciation"},{"start_time":"83.58","end_time":"83.67","alternatives":[{"confidence":"0.7528","content":"거"}],"type":"pronunciation"},{"start_time":"83.67","end_time":"84.49","alternatives":[{"confidence":"1.0","content":"있잖아요"}],"type":"pronunciation"},{"alternatives":[{"confidence":"0.0","content":"."}],"type":"punctuation"},{"start_time":"84.88","end_time":"85.52","alternatives":[{"confidence":"0.982","content":"대출은"}],"type":"pronunciation"},{"start_time":"85.52","end_time":"85.84","alternatives":[{"confidence":"1.0","content":"어차피"}],"type":"pronunciation"},{"start_time":"85.84","end_time":"86.08","alternatives":[{"confidence":"0.5272","content":"한번"}],"type":"pronunciation"},{"start_time":"86.08","end_time":"86.44","alternatives":[{"confidence":"0.9859","content":"밖에"}],"type":"pronunciation"},{"start_time":"86.47","end_time":"86.82","alternatives":[{"confidence":"0.9447","content":"진행을"}],"type":"pronunciation"},{"start_time":"86.82","end_time":"87.29","alternatives":[{"confidence":"0.9962500000000001","content":"만드시는"}],"type":"pronunciation"},{"start_time":"87.29","end_time":"88.27","alternatives":[{"confidence":"1.0","content":"거예요"}],"type":"pronunciation"},{"alternatives":[{"confidence":"0.0","content":"."}],"type":"punctuation"},{"start_time":"88.51","end_time":"88.88","alternatives":[{"confidence":"0.9992","content":"그러니까"}],"type":"pronunciation"},{"start_time":"88.88","end_time":"89.16","alternatives":[{"confidence":"0.4565","content":"정보"}],"type":"pronunciation"},{"start_time":"89.16","end_time":"89.93","alternatives":[{"confidence":"0.8905666666666666","content":"지원상품이고"}],"type":"pronunciation"},{"start_time":"89.93","end_time":"90.53","alternatives":[{"confidence":"0.9321","content":"해서"}],"type":"pronunciation"},{"start_time":"90.88","end_time":"91.58","alternatives":[{"confidence":"0.48","content":"보내님이"}],"type":"pronunciation"},{"start_time":"91.58","end_time":"91.93","alternatives":[{"confidence":"0.4233","content":"금리"}],"type":"pronunciation"},{"start_time":"91.93","end_time":"92.41","alternatives":[{"confidence":"0.8303","content":"랑"}],"type":"pronunciation"},{"start_time":"92.41","end_time":"93.25","alternatives":[{"confidence":"0.5824333333333334","content":"대출구매를"}],"type":"pronunciation"},{"start_time":"93.34","end_time":"93.47","alternatives":[{"confidence":"0.9953","content":"더"}],"type":"pronunciation"},{"start_time":"93.47","end_time":"93.87","alternatives":[{"confidence":"0.9992","content":"많이"}],"type":"pronunciation"},{"start_time":"94.3","end_time":"94.58","alternatives":[{"confidence":"0.622","content":"받고"}],"type":"pronunciation"},{"start_time":"94.58","end_time":"95.21","alternatives":[{"confidence":"0.99985","content":"싶으시면"}],"type":"pronunciation"},{"start_time":"95.62","end_time":"95.88","alternatives":[{"confidence":"0.5459","content":"도를"}],"type":"pronunciation"},{"start_time":"95.91","end_time":"96.53","alternatives":[{"confidence":"1.0","content":"추가적으로"}],"type":"pronunciation"},{"start_time":"96.53","end_time":"96.86","alternatives":[{"confidence":"0.9775","content":"계속"}],"type":"pronunciation"},{"start_time":"96.86","end_time":"97.05","alternatives":[{"confidence":"0.994","content":"이제"}],"type":"pronunciation"},{"start_time":"97.51","end_time":"97.96","alternatives":[{"confidence":"0.606","content":"한번에"}],"type":"pronunciation"},{"start_time":"97.96","end_time":"98.09","alternatives":[{"confidence":"0.9213","content":"이제"}],"type":"pronunciation"},{"start_time":"98.09","end_time":"98.74","alternatives":[{"confidence":"0.9999","content":"낮춰주시면"}],"type":"pronunciation"},{"start_time":"98.74","end_time":"99.11","alternatives":[{"confidence":"0.9904","content":"되시는"}],"type":"pronunciation"},{"start_time":"99.11","end_time":"99.75","alternatives":[{"confidence":"0.99055","content":"거고요"}],"type":"pronunciation"},{"alternatives":[{"confidence":"0.0","content":"."}],"type":"punctuation"},{"start_time":"100.93","end_time":"101.42","alternatives":[{"confidence":"0.9983","content":"님께서"}],"type":"pronunciation"},{"start_time":"101.42","end_time":"102.09","alternatives":[{"confidence":"0.9365","content":"그러시혹시"}],"type":"pronunciation"},{"start_time":"102.09","end_time":"102.34","alternatives":[{"confidence":"0.7955","content":"개인"}],"type":"pronunciation"},{"start_time":"102.34","end_time":"103.03","alternatives":[{"confidence":"0.9986999999999999","content":"자금은"}],"type":"pronunciation"},{"start_time":"103.03","end_time":"103.27","alternatives":[{"confidence":"0.9634","content":"어떻게"}],"type":"pronunciation"},{"start_time":"103.46","end_time":"104.62","alternatives":[{"confidence":"0.9004333333333333","content":"구백만원이면"}],"type":"pronunciation"},{"alternatives":[{"confidence":"0.0","content":"?"}],"type":"punctuation"},{"start_time":"104.85","end_time":"105.17","alternatives":[{"confidence":"0.4071","content":"마지막"}],"type":"pronunciation"},{"start_time":"105.17","end_time":"105.85","alternatives":[{"confidence":"0.62125","content":"하신거에요"}],"type":"pronunciation"},{"start_time":"107.97","end_time":"108.23","alternatives":[{"confidence":"0.0642","content":"그걸"}],"type":"pronunciation"},{"start_time":"110.88","end_time":"111.19","alternatives":[{"confidence":"0.7579","content":"전부"}],"type":"pronunciation"},{"start_time":"111.19","end_time":"111.37","alternatives":[{"confidence":"0.6874","content":"다"}],"type":"pronunciation"},{"start_time":"111.37","end_time":"111.55","alternatives":[{"confidence":"0.0465","content":"야"}],"type":"pronunciation"},{"start_time":"115.92","end_time":"116.32","alternatives":[{"confidence":"1.0","content":"이게"}],"type":"pronunciation"},{"start_time":"116.32","end_time":"116.99","alternatives":[{"confidence":"1.0","content":"기본적으로"}],"type":"pronunciation"},{"start_time":"116.99","end_time":"118.33","alternatives":[{"confidence":"0.7746","content":"심사심사가"}],"type":"pronunciation"},{"start_time":"118.33","end_time":"118.65","alternatives":[{"confidence":"0.897","content":"나시는"}],"type":"pronunciation"},{"start_time":"118.65","end_time":"118.97","alternatives":[{"confidence":"0.9828","content":"금액이"}],"type":"pronunciation"},{"start_time":"118.97","end_time":"119.6","alternatives":[{"confidence":"0.9986","content":"있어요"}],"type":"pronunciation"},{"alternatives":[{"confidence":"0.0","content":"."}],"type":"punctuation"},{"start_time":"120.17","end_time":"120.59","alternatives":[{"confidence":"0.9937","content":"근데"}],"type":"pronunciation"},{"start_time":"120.59","end_time":"120.78","alternatives":[{"confidence":"0.6458","content":"이거"}],"type":"pronunciation"},{"start_time":"120.78","end_time":"121.29","alternatives":[{"confidence":"0.9652499999999999","content":"대출금을"}],"type":"pronunciation"},{"start_time":"121.29","end_time":"121.55","alternatives":[{"confidence":"0.9787","content":"받고"}],"type":"pronunciation"},{"start_time":"121.55","end_time":"122.07","alternatives":[{"confidence":"0.96295","content":"나세요"}],"type":"pronunciation"},{"alternatives":[{"confidence":"0.0","content":"?"}],"type":"punctuation"},{"start_time":"122.1","end_time":"122.36","alternatives":[{"confidence":"0.9625","content":"필요"}],"type":"pronunciation"},{"start_time":"122.36","end_time":"122.72","alternatives":[{"confidence":"0.9997","content":"없다고"}],"type":"pronunciation"},{"start_time":"122.72","end_time":"123.11","alternatives":[{"confidence":"1.0","content":"생각을"}],"type":"pronunciation"},{"start_time":"123.11","end_time":"123.88","alternatives":[{"confidence":"0.9590666666666667","content":"하시면은요"}],"type":"pronunciation"},{"start_time":"123.91","end_time":"124.44","alternatives":[{"confidence":"0.946","content":"바로"}],"type":"pronunciation"},{"start_time":"124.81","end_time":"125.71","alternatives":[{"confidence":"1.0","content":"원금상환을"}],"type":"pronunciation"},{"start_time":"125.71","end_time":"126.55","alternatives":[{"confidence":"0.951","content":"하시면은요"}],"type":"pronunciation"},{"start_time":"126.65","end_time":"128.4","alternatives":[{"confidence":"0.99885","content":"중도상환수수료없이"}],"type":"pronunciation"},{"start_time":"128.72","end_time":"128.98","alternatives":[{"confidence":"0.9998","content":"그냥"}],"type":"pronunciation"},{"start_time":"128.98","end_time":"129.84","alternatives":[{"confidence":"0.904725","content":"원금상환처리만"}],"type":"pronunciation"},{"start_time":"129.84","end_time":"130.14","alternatives":[{"confidence":"0.9947","content":"되세요"}],"type":"pronunciation"},{"alternatives":[{"confidence":"0.0","content":"."}],"type":"punctuation"},{"start_time":"130.14","end_time":"130.35","alternatives":[{"confidence":"0.9734","content":"이자"}],"type":"pronunciation"},{"start_time":"130.35","end_time":"130.61","alternatives":[{"confidence":"0.9242","content":"붙는"}],"type":"pronunciation"},{"start_time":"130.61","end_time":"130.82","alternatives":[{"confidence":"0.9971","content":"것도"}],"type":"pronunciation"},{"start_time":"130.82","end_time":"131.43","alternatives":[{"confidence":"0.9984500000000001","content":"없으시고요"}],"type":"pronunciation"},{"alternatives":[{"confidence":"0.0","content":"."}],"type":"punctuation"},{"start_time":"132.74","end_time":"133.08","alternatives":[{"confidence":"0.4718","content":"네네"}],"type":"pronunciation"},{"start_time":"133.49","end_time":"133.88","alternatives":[{"confidence":"0.05425","content":"정했던"}],"type":"pronunciation"},{"start_time":"133.88","end_time":"134.01","alternatives":[{"confidence":"0.0862","content":"그"}],"type":"pronunciation"},{"start_time":"134.01","end_time":"134.33","alternatives":[{"confidence":"0.9962","content":"이름이"}],"type":"pronunciation"},{"start_time":"134.33","end_time":"134.66","alternatives":[{"confidence":"0.9971","content":"뭔가요"}],"type":"pronunciation"},{"alternatives":[{"confidence":"0.0","content":"?"}],"type":"punctuation"},{"start_time":"134.66","end_time":"134.87","alternatives":[{"confidence":"0.9989","content":"제가"}],"type":"pronunciation"},{"start_time":"134.87","end_time":"135.0","alternatives":[{"confidence":"0.9931","content":"좀"}],"type":"pronunciation"},{"start_time":"135.0","end_time":"135.31","alternatives":[{"confidence":"0.9523","content":"하려면"}],"type":"pronunciation"},{"start_time":"136.58","end_time":"136.88","alternatives":[{"confidence":"0.5154","content":"정보"}],"type":"pronunciation"},{"start_time":"136.88","end_time":"137.98","alternatives":[{"confidence":"0.8573333333333334","content":"지원상품이고요"}],"type":"pronunciation"},{"start_time":"144.35","end_time":"144.68","alternatives":[{"confidence":"0.9228","content":"뭐"}],"type":"pronunciation"},{"start_time":"144.88","end_time":"146.45","alternatives":[{"confidence":"0.73435","content":"대환대출의"}],"type":"pronunciation"},{"start_time":"146.45","end_time":"146.89","alternatives":[{"confidence":"0.8084","content":"고금리"}],"type":"pronunciation"},{"start_time":"146.89","end_time":"147.32","alternatives":[{"confidence":"0.9436","content":"쓰시는"}],"type":"pronunciation"},{"start_time":"147.32","end_time":"148.01","alternatives":[{"confidence":"0.9453","content":"분들"}],"type":"pronunciation"},{"start_time":"148.07","end_time":"148.48","alternatives":[{"confidence":"1.0","content":"저희가"}],"type":"pronunciation"},{"start_time":"148.48","end_time":"148.8","alternatives":[{"confidence":"1.0","content":"낮은"}],"type":"pronunciation"},{"start_time":"148.8","end_time":"149.37","alternatives":[{"confidence":"0.9993000000000001","content":"금리로"}],"type":"pronunciation"},{"start_time":"149.79","end_time":"150.22","alternatives":[{"confidence":"0.6366","content":"대화한"}],"type":"pronunciation"},{"start_time":"150.22","end_time":"150.73","alternatives":[{"confidence":"0.9839","content":"진행을"}],"type":"pronunciation"},{"start_time":"150.73","end_time":"151.24","alternatives":[{"confidence":"0.86825","content":"해드리고"}],"type":"pronunciation"},{"start_time":"151.24","end_time":"151.49","alternatives":[{"confidence":"0.9264","content":"있는"}],"type":"pronunciation"},{"start_time":"151.49","end_time":"151.87","alternatives":[{"confidence":"0.855","content":"거예요"}],"type":"pronunciation"},{"alternatives":[{"confidence":"0.0","content":"."}],"type":"punctuation"},{"start_time":"152.8","end_time":"153.27","alternatives":[{"confidence":"1.0","content":"저희는"}],"type":"pronunciation"},{"start_time":"153.27","end_time":"153.44","alternatives":[{"confidence":"0.6334","content":"대"}],"type":"pronunciation"},{"start_time":"153.44","end_time":"153.78","alternatives":[{"confidence":"0.9981","content":"법이나"}],"type":"pronunciation"},{"start_time":"153.78","end_time":"153.95","alternatives":[{"confidence":"0.7543","content":"이런"}],"type":"pronunciation"},{"start_time":"153.95","end_time":"154.77","alternatives":[{"confidence":"0.4928","content":"것처럼"}],"type":"pronunciation"},{"start_time":"155.24","end_time":"155.63","alternatives":[{"confidence":"0.8822","content":"이상한"}],"type":"pronunciation"},{"start_time":"155.63","end_time":"155.9","alternatives":[{"confidence":"0.9886","content":"같은"}],"type":"pronunciation"},{"start_time":"155.9","end_time":"156.18","alternatives":[{"confidence":"0.9223","content":"이름"}],"type":"pronunciation"},{"start_time":"156.18","end_time":"156.57","alternatives":[{"confidence":"0.5608","content":"같은거"}],"type":"pronunciation"},{"start_time":"156.57","end_time":"157.52","alternatives":[{"confidence":"0.94465","content":"지어가지고"}],"type":"pronunciation"},{"start_time":"158.14","end_time":"158.46","alternatives":[{"confidence":"0.9953","content":"그렇게"}],"type":"pronunciation"},{"start_time":"158.46","end_time":"158.7","alternatives":[{"confidence":"0.9001","content":"하는"}],"type":"pronunciation"},{"start_time":"158.7","end_time":"158.96","alternatives":[{"confidence":"0.9002","content":"게"}],"type":"pronunciation"},{"start_time":"158.96","end_time":"159.61","alternatives":[{"confidence":"0.9997","content":"아니에요"}],"type":"pronunciation"},{"alternatives":[{"confidence":"0.0","content":"."}],"type":"punctuation"},{"start_time":"159.61","end_time":"159.91","alternatives":[{"confidence":"0.9929","content":"원래"}],"type":"pronunciation"},{"start_time":"159.91","end_time":"160.14","alternatives":[{"confidence":"0.9797","content":"이름"}],"type":"pronunciation"},{"start_time":"160.14","end_time":"160.41","alternatives":[{"confidence":"1.0","content":"같은"}],"type":"pronunciation"},{"start_time":"160.41","end_time":"161.4","alternatives":[{"confidence":"0.9984","content":"경우는요"}],"type":"pronunciation"},{"start_time":"161.64","end_time":"161.82","alternatives":[{"confidence":"0.9114","content":"딱"}],"type":"pronunciation"},{"start_time":"161.82","end_time":"162.61","alternatives":[{"confidence":"0.94","content":"신용대출하고"}],"type":"pronunciation"},{"start_time":"162.61","end_time":"163.34","alternatives":[{"confidence":"0.8226","content":"대한대출하고"}],"type":"pronunciation"},{"start_time":"163.34","end_time":"163.48","alternatives":[{"confidence":"0.9983","content":"딱"}],"type":"pronunciation"},{"start_time":"163.48","end_time":"163.61","alternatives":[{"confidence":"0.8792","content":"두"}],"type":"pronunciation"},{"start_time":"163.61","end_time":"163.84","alternatives":[{"confidence":"0.7111","content":"가지"}],"type":"pronunciation"},{"start_time":"163.84","end_time":"164.22","alternatives":[{"confidence":"0.9855","content":"밖에는"}],"type":"pronunciation"},{"start_time":"164.22","end_time":"164.67","alternatives":[{"confidence":"1.0","content":"없어요"}],"type":"pronunciation"},{"alternatives":[{"confidence":"0.0","content":"."}],"type":"punctuation"},{"start_time":"165.03","end_time":"165.81","alternatives":[{"confidence":"1.0","content":"추가적으로"}],"type":"pronunciation"},{"start_time":"165.84","end_time":"166.41","alternatives":[{"confidence":"0.9945999999999999","content":"햇살론"}],"type":"pronunciation"},{"start_time":"166.54","end_time":"166.82","alternatives":[{"confidence":"0.6394","content":"이런"}],"type":"pronunciation"},{"start_time":"166.82","end_time":"166.92","alternatives":[{"confidence":"0.6365","content":"게"}],"type":"pronunciation"},{"start_time":"166.92","end_time":"167.16","alternatives":[{"confidence":"0.7361","content":"있는"}],"type":"pronunciation"},{"start_time":"167.16","end_time":"167.7","alternatives":[{"confidence":"0.8631","content":"거고요"}],"type":"pronunciation"},{"alternatives":[{"confidence":"0.0","content":"."}],"type":"punctuation"},{"start_time":"167.76","end_time":"167.97","alternatives":[{"confidence":"0.9248","content":"그"}],"type":"pronunciation"},{"start_time":"167.97","end_time":"168.49","alternatives":[{"confidence":"0.9652","content":"이외에는"}],"type":"pronunciation"},{"start_time":"169.02","end_time":"169.8","alternatives":[{"confidence":"1.0","content":"자체적으로"}],"type":"pronunciation"},{"start_time":"169.8","end_time":"170.47","alternatives":[{"confidence":"0.9925","content":"자기네들끼리"}],"type":"pronunciation"},{"start_time":"170.47","end_time":"171.0","alternatives":[{"confidence":"1.0","content":"이름을"}],"type":"pronunciation"},{"start_time":"171.0","end_time":"171.92","alternatives":[{"confidence":"0.6134","content":"점해주고"}],"type":"pronunciation"},{"start_time":"172.68","end_time":"173.01","alternatives":[{"confidence":"0.9977","content":"그냥"}],"type":"pronunciation"},{"start_time":"173.01","end_time":"173.09","alternatives":[{"confidence":"0.9755","content":"그"}],"type":"pronunciation"},{"start_time":"173.09","end_time":"173.6","alternatives":[{"confidence":"0.7814","content":"사람들"}],"type":"pronunciation"},{"start_time":"173.6","end_time":"174.01","alternatives":[{"confidence":"0.9177","content":"신용에"}],"type":"pronunciation"},{"start_time":"174.01","end_time":"174.84","alternatives":[{"confidence":"0.99975","content":"맞게끔"}],"type":"pronunciation"},{"start_time":"175.02","end_time":"175.64","alternatives":[{"confidence":"0.74275","content":"대출진행을"}],"type":"pronunciation"},{"start_time":"175.64","end_time":"175.85","alternatives":[{"confidence":"0.9802","content":"하기"}],"type":"pronunciation"},{"start_time":"175.85","end_time":"176.12","alternatives":[{"confidence":"0.9717","content":"위해서"}],"type":"pronunciation"},{"start_time":"176.12","end_time":"176.38","alternatives":[{"confidence":"1.0","content":"그냥"}],"type":"pronunciation"},{"start_time":"176.38","end_time":"176.98","alternatives":[{"confidence":"0.9999","content":"이름만"}],"type":"pronunciation"},{"start_time":"176.98","end_time":"177.13","alternatives":[{"confidence":"0.7058","content":"이제"}],"type":"pronunciation"},{"start_time":"177.16","end_time":"177.51","alternatives":[{"confidence":"0.9437","content":"부여가"}],"type":"pronunciation"},{"start_time":"177.51","end_time":"177.8","alternatives":[{"confidence":"0.4663","content":"되신"}],"type":"pronunciation"},{"start_time":"177.8","end_time":"178.86","alternatives":[{"confidence":"0.9637","content":"거고요"}],"type":"pronunciation"},{"alternatives":[{"confidence":"0.0","content":"."}],"type":"punctuation"},{"start_time":"179.25","end_time":"179.43","alternatives":[{"confidence":"0.7572","content":"이게"}],"type":"pronunciation"},{"start_time":"179.43","end_time":"179.95","alternatives":[{"confidence":"0.48975","content":"무형의"}],"type":"pronunciation"},{"start_time":"180.04","end_time":"180.57","alternatives":[{"confidence":"0.7732","content":"유형의"}],"type":"pronunciation"},{"start_time":"180.57","end_time":"181.38","alternatives":[{"confidence":"0.98335","content":"상품처럼"}],"type":"pronunciation"},{"start_time":"181.38","end_time":"181.83","alternatives":[{"confidence":"1.0","content":"물건이"}],"type":"pronunciation"},{"start_time":"181.83","end_time":"182.35","alternatives":[{"confidence":"0.9933","content":"아니라"}],"type":"pronunciation"},{"start_time":"182.6","end_time":"183.25","alternatives":[{"confidence":"0.9795","content":"무형의"}],"type":"pronunciation"},{"start_time":"183.25","end_time":"183.6","alternatives":[{"confidence":"0.5303","content":"상품"}],"type":"pronunciation"},{"start_time":"183.6","end_time":"183.8","alternatives":[{"confidence":"0.7723","content":"이신"}],"type":"pronunciation"},{"start_time":"183.8","end_time":"184.92","alternatives":[{"confidence":"0.997","content":"거잖아요"}],"type":"pronunciation"},{"alternatives":[{"confidence":"0.0","content":"."}],"type":"punctuation"},{"start_time":"185.54","end_time":"185.91","alternatives":[{"confidence":"0.4944","content":"예"}],"type":"pronunciation"},{"alternatives":[{"confidence":"0.0","content":"."}],"type":"punctuation"},{"start_time":"186.05","end_time":"186.45","alternatives":[{"confidence":"0.28915","content":"무형"}],"type":"pronunciation"},{"start_time":"186.51","end_time":"186.97","alternatives":[{"confidence":"0.9733499999999999","content":"상품이기"}],"type":"pronunciation"},{"start_time":"186.97","end_time":"187.21","alternatives":[{"confidence":"0.9993","content":"때문에"}],"type":"pronunciation"},{"start_time":"187.21","end_time":"187.82","alternatives":[{"confidence":"0.9905","content":"결론은"}],"type":"pronunciation"},{"start_time":"187.82","end_time":"188.16","alternatives":[{"confidence":"1.0","content":"어차피"}],"type":"pronunciation"},{"start_time":"188.16","end_time":"189.14","alternatives":[{"confidence":"0.7141","content":"대출마다"}],"type":"pronunciation"},{"start_time":"189.34","end_time":"189.77","alternatives":[{"confidence":"0.89105","content":"금리는"}],"type":"pronunciation"},{"start_time":"189.77","end_time":"189.87","alternatives":[{"confidence":"0.9005","content":"다"}],"type":"pronunciation"},{"start_time":"189.87","end_time":"190.93","alternatives":[{"confidence":"0.99885","content":"똑같으세요"}],"type":"pronunciation"},{"start_time":"191.46","end_time":"191.93","alternatives":[{"confidence":"0.9978","content":"이름만"}],"type":"pronunciation"},{"start_time":"191.93","end_time":"192.12","alternatives":[{"confidence":"0.9952","content":"이렇게"}],"type":"pronunciation"},{"start_time":"192.12","end_time":"192.35","alternatives":[{"confidence":"0.7698","content":"있는"}],"type":"pronunciation"},{"start_time":"192.35","end_time":"192.73","alternatives":[{"confidence":"0.7718","content":"거고"}],"type":"pronunciation"},{"start_time":"192.99","end_time":"193.32","alternatives":[{"confidence":"0.5947","content":"그래도"}],"type":"pronunciation"},{"start_time":"193.32","end_time":"193.5","alternatives":[{"confidence":"0.9978","content":"원래"}],"type":"pronunciation"},{"start_time":"193.5","end_time":"194.27","alternatives":[{"confidence":"1.0","content":"공식적인"}],"type":"pronunciation"},{"start_time":"194.27","end_time":"195.03","alternatives":[{"confidence":"0.85775","content":"금융감독원에"}],"type":"pronunciation"},{"start_time":"195.03","end_time":"195.61","alternatives":[{"confidence":"0.75115","content":"지칭된"}],"type":"pronunciation"},{"start_time":"195.89","end_time":"196.38","alternatives":[{"confidence":"0.9762","content":"명칭은"}],"type":"pronunciation"},{"start_time":"196.38","end_time":"197.11","alternatives":[{"confidence":"0.9363333333333334","content":"신용대출과"}],"type":"pronunciation"},{"start_time":"197.11","end_time":"197.99","alternatives":[{"confidence":"0.20715","content":"했었는가"}],"type":"pronunciation"},{"start_time":"198.75","end_time":"199.33","alternatives":[{"confidence":"0.6879333333333334","content":"대환대출"}],"type":"pronunciation"},{"start_time":"199.33","end_time":"199.46","alternatives":[{"confidence":"0.7071","content":"세"}],"type":"pronunciation"},{"start_time":"199.46","end_time":"199.93","alternatives":[{"confidence":"0.95715","content":"가지입니다"}],"type":"pronunciation"},{"alternatives":[{"confidence":"0.0","content":"."}],"type":"punctuation"},{"start_time":"203.67","end_time":"204.09","alternatives":[{"confidence":"0.7545","content":"그러는"}],"type":"pronunciation"},{"start_time":"204.09","end_time":"204.25","alternatives":[{"confidence":"0.8777","content":"건"}],"type":"pronunciation"},{"start_time":"204.25","end_time":"204.62","alternatives":[{"confidence":"0.994","content":"아니죠"}],"type":"pronunciation"},{"alternatives":[{"confidence":"0.0","content":"?"}],"type":"punctuation"},{"start_time":"205.31","end_time":"205.64","alternatives":[{"confidence":"0.4001","content":"아니에요"}],"type":"pronunciation"},{"alternatives":[{"confidence":"0.0","content":"."}],"type":"punctuation"},{"start_time":"206.36","end_time":"206.59","alternatives":[{"confidence":"0.9998","content":"제가"}],"type":"pronunciation"},{"start_time":"206.59","end_time":"206.76","alternatives":[{"confidence":"1.0","content":"아까"}],"type":"pronunciation"},{"start_time":"206.76","end_time":"207.29","alternatives":[{"confidence":"0.5593","content":"말씀드린"}],"type":"pronunciation"},{"start_time":"207.29","end_time":"207.48","alternatives":[{"confidence":"0.8686","content":"대로"}],"type":"pronunciation"},{"start_time":"207.72","end_time":"208.04","alternatives":[{"confidence":"0.9645","content":"십오"}],"type":"pronunciation"},{"start_time":"208.04","end_time":"208.5","alternatives":[{"confidence":"0.9976","content":"퍼센트"}],"type":"pronunciation"},{"start_time":"208.5","end_time":"209.09","alternatives":[{"confidence":"0.9986","content":"이상"}],"type":"pronunciation"},{"start_time":"209.09","end_time":"209.53","alternatives":[{"confidence":"0.9199999999999999","content":"고금리"}],"type":"pronunciation"},{"start_time":"209.53","end_time":"209.9","alternatives":[{"confidence":"0.94945","content":"쓰시는"}],"type":"pronunciation"},{"start_time":"209.9","end_time":"210.0","alternatives":[{"confidence":"0.896","content":"게"}],"type":"pronunciation"},{"start_time":"210.0","end_time":"210.94","alternatives":[{"confidence":"0.9380999999999999","content":"있으시면요"}],"type":"pronunciation"},{"start_time":"211.12","end_time":"211.24","alternatives":[{"confidence":"0.2837","content":"한"}],"type":"pronunciation"},{"start_time":"211.24","end_time":"211.59","alternatives":[{"confidence":"0.99","content":"대출이"}],"type":"pronunciation"},{"start_time":"211.59","end_time":"212.21","alternatives":[{"confidence":"0.76015","content":"가능하신"}],"type":"pronunciation"},{"start_time":"212.21","end_time":"212.46","alternatives":[{"confidence":"0.9996","content":"거고"}],"type":"pronunciation"},{"alternatives":[{"confidence":"0.0","content":","}],"type":"punctuation"},{"start_time":"212.46","end_time":"212.86","alternatives":[{"confidence":"0.52","content":"기존에"}],"type":"pronunciation"},{"start_time":"212.86","end_time":"213.25","alternatives":[{"confidence":"0.92445","content":"대출이"}],"type":"pronunciation"},{"start_time":"213.25","end_time":"213.47","alternatives":[{"confidence":"0.9811","content":"있는"}],"type":"pronunciation"},{"start_time":"213.47","end_time":"213.71","alternatives":[{"confidence":"0.7912","content":"거기"}],"type":"pronunciation"},{"start_time":"213.71","end_time":"214.37","alternatives":[{"confidence":"1.0","content":"때문에"}],"type":"pronunciation"},{"start_time":"215.05","end_time":"215.32","alternatives":[{"confidence":"0.682","content":"뭐"}],"type":"pronunciation"},{"start_time":"215.35","end_time":"215.87","alternatives":[{"confidence":"0.97015","content":"그거를"}],"type":"pronunciation"},{"start_time":"215.87","end_time":"216.69","alternatives":[{"confidence":"0.9655999999999999","content":"발행금리로"}],"type":"pronunciation"},{"start_time":"217.0","end_time":"217.61","alternatives":[{"confidence":"0.44835","content":"갈아타기"}],"type":"pronunciation"},{"start_time":"217.61","end_time":"217.93","alternatives":[{"confidence":"0.0059","content":"급"}],"type":"pronunciation"},{"start_time":"218.41","end_time":"218.62","alternatives":[{"confidence":"0.247","content":"오늘"}],"type":"pronunciation"},{"start_time":"218.62","end_time":"219.13","alternatives":[{"confidence":"0.31720000000000004","content":"해드리는"}],"type":"pronunciation"},{"start_time":"219.13","end_time":"219.58","alternatives":[{"confidence":"0.93875","content":"거고요"}],"type":"pronunciation"},{"alternatives":[{"confidence":"0.0","content":"."}],"type":"punctuation"},{"start_time":"221.07","end_time":"221.49","alternatives":[{"confidence":"1.0","content":"단순히"}],"type":"pronunciation"},{"start_time":"221.49","end_time":"222.16","alternatives":[{"confidence":"0.8191999999999999","content":"신용으로만"}],"type":"pronunciation"},{"start_time":"222.16","end_time":"222.54","alternatives":[{"confidence":"0.8085","content":"보고가"}],"type":"pronunciation"},{"start_time":"222.54","end_time":"222.81","alternatives":[{"confidence":"0.6178","content":"이걸"}],"type":"pronunciation"},{"start_time":"222.81","end_time":"223.16","alternatives":[{"confidence":"0.9791","content":"진행을"}],"type":"pronunciation"},{"start_time":"223.16","end_time":"223.36","alternatives":[{"confidence":"0.9751","content":"하는"}],"type":"pronunciation"},{"start_time":"223.36","end_time":"223.58","alternatives":[{"confidence":"0.7626","content":"거기"}],"type":"pronunciation"},{"start_time":"223.58","end_time":"224.25","alternatives":[{"confidence":"0.9901","content":"때문에요"}],"type":"pronunciation"},{"alternatives":[{"confidence":"0.0","content":"."}],"type":"punctuation"},{"start_time":"224.56","end_time":"224.97","alternatives":[{"confidence":"0.8941","content":"담보가"}],"type":"pronunciation"},{"start_time":"224.97","end_time":"225.38","alternatives":[{"confidence":"1.0","content":"들어가게"}],"type":"pronunciation"},{"start_time":"225.38","end_time":"225.72","alternatives":[{"confidence":"0.9925","content":"되면"}],"type":"pronunciation"},{"start_time":"225.72","end_time":"226.16","alternatives":[{"confidence":"1.0","content":"굉장히"}],"type":"pronunciation"},{"start_time":"226.16","end_time":"226.91","alternatives":[{"confidence":"0.9999","content":"복잡하고"}],"type":"pronunciation"},{"start_time":"226.91","end_time":"227.85","alternatives":[{"confidence":"0.7409","content":"대화성격이"}],"type":"pronunciation"},{"start_time":"227.85","end_time":"227.92","alternatives":[{"confidence":"0.5873","content":"안"}],"type":"pronunciation"},{"start_time":"227.92","end_time":"228.2","alternatives":[{"confidence":"0.4723","content":"많기"}],"type":"pronunciation"},{"start_time":"228.2","end_time":"228.85","alternatives":[{"confidence":"0.9981","content":"때문에"}],"type":"pronunciation"},{"start_time":"229.3","end_time":"230.52","alternatives":[{"confidence":"0.8145000000000001","content":"담보권들은"}],"type":"pronunciation"},{"start_time":"230.91","end_time":"231.48","alternatives":[{"confidence":"0.9956","content":"진행을"}],"type":"pronunciation"},{"start_time":"231.88","end_time":"232.36","alternatives":[{"confidence":"0.6881","content":"반대했어요"}],"type":"pronunciation"},{"start_time":"232.36","end_time":"232.71","alternatives":[{"confidence":"0.92515","content":"대출이"}],"type":"pronunciation"},{"start_time":"232.71","end_time":"233.26","alternatives":[{"confidence":"0.971","content":"들어갔을"}],"type":"pronunciation"},{"start_time":"233.26","end_time":"233.54","alternatives":[{"confidence":"0.9353","content":"때"}],"type":"pronunciation"},{"start_time":"233.74","end_time":"234.19","alternatives":[{"confidence":"0.9926","content":"그래서"}],"type":"pronunciation"},{"start_time":"234.19","end_time":"235.42","alternatives":[{"confidence":"0.7564","content":"담보같은거"}],"type":"pronunciation"},{"start_time":"235.42","end_time":"235.78","alternatives":[{"confidence":"0.6985","content":"설정"}],"type":"pronunciation"},{"start_time":"235.78","end_time":"236.5","alternatives":[{"confidence":"0.43400000000000005","content":"반하고"}],"type":"pronunciation"},{"start_time":"236.79","end_time":"237.18","alternatives":[{"confidence":"0.9906","content":"진행을"}],"type":"pronunciation"},{"start_time":"237.18","end_time":"237.62","alternatives":[{"confidence":"0.86975","content":"해드리고"}],"type":"pronunciation"},{"start_time":"237.62","end_time":"237.84","alternatives":[{"confidence":"0.9625","content":"있는"}],"type":"pronunciation"},{"start_time":"237.84","end_time":"238.27","alternatives":[{"confidence":"0.7807","content":"겁니다"}],"type":"pronunciation"},{"alternatives":[{"confidence":"0.0","content":"."}],"type":"punctuation"},{"start_time":"242.75","end_time":"243.34","alternatives":[{"confidence":"1.0","content":"그러면"}],"type":"pronunciation"},{"start_time":"243.34","end_time":"244.17","alternatives":[{"confidence":"0.76465","content":"고객님께서"}],"type":"pronunciation"},{"start_time":"244.76","end_time":"245.36","alternatives":[{"confidence":"0.4373","content":"이백만원"}],"type":"pronunciation"},{"start_time":"245.36","end_time":"245.89","alternatives":[{"confidence":"0.997","content":"가능하다고"}],"type":"pronunciation"},{"start_time":"245.89","end_time":"246.23","alternatives":[{"confidence":"0.9909","content":"하셨던"}],"type":"pronunciation"},{"start_time":"246.23","end_time":"247.11","alternatives":[{"confidence":"0.9984","content":"건가요"}],"type":"pronunciation"},{"alternatives":[{"confidence":"0.0","content":"?"}],"type":"punctuation"},{"start_time":"248.5","end_time":"249.15","alternatives":[{"confidence":"0.9552","content":"보시면"}],"type":"pronunciation"},{"start_time":"249.15","end_time":"249.54","alternatives":[{"confidence":"0.9985","content":"제가"}],"type":"pronunciation"},{"start_time":"249.54","end_time":"249.75","alternatives":[{"confidence":"0.8759","content":"이게"}],"type":"pronunciation"},{"start_time":"249.76","end_time":"250.3","alternatives":[{"confidence":"0.7741","content":"신한카드"}],"type":"pronunciation"},{"start_time":"250.3","end_time":"250.61","alternatives":[{"confidence":"0.9858","content":"하고"}],"type":"pronunciation"},{"start_time":"250.61","end_time":"251.19","alternatives":[{"confidence":"0.7294499999999999","content":"우리카드"}],"type":"pronunciation"},{"start_time":"251.19","end_time":"251.35","alternatives":[{"confidence":"0.9455","content":"두"}],"type":"pronunciation"},{"start_time":"251.35","end_time":"251.68","alternatives":[{"confidence":"0.9578","content":"군데가"}],"type":"pronunciation"},{"start_time":"251.68","end_time":"252.04","alternatives":[{"confidence":"0.9995","content":"있으세요"}],"type":"pronunciation"},{"alternatives":[{"confidence":"0.0","content":"."}],"type":"punctuation"},{"start_time":"252.04","end_time":"252.71","alternatives":[{"confidence":"0.8984","content":"본인이"}],"type":"pronunciation"},{"start_time":"252.77","end_time":"253.72","alternatives":[{"confidence":"0.8701666666666666","content":"카드론이요"}],"type":"pronunciation"},{"start_time":"253.75","end_time":"254.51","alternatives":[{"confidence":"0.9965","content":"그러면"}],"type":"pronunciation"},{"start_time":"254.69","end_time":"255.0","alternatives":[{"confidence":"0.9998","content":"제가"}],"type":"pronunciation"},{"start_time":"255.0","end_time":"255.5","alternatives":[{"confidence":"0.9829","content":"여기다가"}],"type":"pronunciation"},{"start_time":"255.5","end_time":"256.05","alternatives":[{"confidence":"0.92925","content":"공문을"}],"type":"pronunciation"},{"start_time":"256.05","end_time":"256.32","alternatives":[{"confidence":"0.3717","content":"보내"}],"type":"pronunciation"},{"start_time":"256.32","end_time":"256.38","alternatives":[{"confidence":"0.3743","content":"야"}],"type":"pronunciation"},{"start_time":"256.38","end_time":"257.25","alternatives":[{"confidence":"0.8278","content":"되는데"}],"type":"pronunciation"},{"start_time":"257.6","end_time":"258.13","alternatives":[{"confidence":"0.9999","content":"혹시"}],"type":"pronunciation"},{"start_time":"258.13","end_time":"259.18","alternatives":[{"confidence":"0.55945","content":"고객님께서는"}],"type":"pronunciation"},{"start_time":"259.18","end_time":"259.53","alternatives":[{"confidence":"0.7353","content":"어디"}],"type":"pronunciation"},{"start_time":"259.53","end_time":"260.28","alternatives":[{"confidence":"0.6793","content":"거를"}],"type":"pronunciation"},{"start_time":"260.28","end_time":"261.12","alternatives":[{"confidence":"0.99875","content":"변질하기를"}],"type":"pronunciation"},{"start_time":"261.12","end_time":"261.77","alternatives":[{"confidence":"0.99995","content":"원하세요"}],"type":"pronunciation"},{"alternatives":[{"confidence":"0.0","content":"?"}],"type":"punctuation"},{"start_time":"271.26","end_time":"271.79","alternatives":[{"confidence":"0.55705","content":"신한카드"}],"type":"pronunciation"},{"start_time":"271.91","end_time":"272.39","alternatives":[{"confidence":"0.32015","content":"고인이"}],"type":"pronunciation"},{"start_time":"272.58","end_time":"273.17","alternatives":[{"confidence":"0.9997","content":"그러면"}],"type":"pronunciation"},{"start_time":"273.17","end_time":"273.43","alternatives":[{"confidence":"0.9998","content":"제가"}],"type":"pronunciation"},{"start_time":"273.43","end_time":"273.72","alternatives":[{"confidence":"0.7913","content":"심한"}],"type":"pronunciation"},{"start_time":"273.72","end_time":"274.74","alternatives":[{"confidence":"0.83195","content":"카드에다가"}],"type":"pronunciation"},{"start_time":"275.82","end_time":"276.13","alternatives":[{"confidence":"0.8798","content":"에서"}],"type":"pronunciation"},{"start_time":"276.13","end_time":"276.29","alternatives":[{"confidence":"0.9363","content":"두"}],"type":"pronunciation"},{"start_time":"276.29","end_time":"276.51","alternatives":[{"confidence":"0.8841","content":"가지"}],"type":"pronunciation"},{"start_time":"276.51","end_time":"276.89","alternatives":[{"confidence":"0.99525","content":"공문을"}],"type":"pronunciation"},{"start_time":"276.89","end_time":"277.1","alternatives":[{"confidence":"0.9785","content":"보낼"}],"type":"pronunciation"},{"start_time":"277.1","end_time":"277.56","alternatives":[{"confidence":"0.9858","content":"겁니다"}],"type":"pronunciation"},{"alternatives":[{"confidence":"0.0","content":"."}],"type":"punctuation"},{"start_time":"278.06","end_time":"278.8","alternatives":[{"confidence":"1.0","content":"하나는"}],"type":"pronunciation"},{"start_time":"279.2","end_time":"279.47","alternatives":[{"confidence":"0.1341","content":"대화와"}],"type":"pronunciation"},{"start_time":"279.47","end_time":"279.76","alternatives":[{"confidence":"0.8507","content":"협조"}],"type":"pronunciation"},{"start_time":"279.76","end_time":"280.05","alternatives":[{"confidence":"0.83645","content":"공문"}],"type":"pronunciation"},{"start_time":"280.05","end_time":"280.32","alternatives":[{"confidence":"0.9935","content":"이고요"}],"type":"pronunciation"},{"start_time":"280.32","end_time":"280.7","alternatives":[{"confidence":"1.0","content":"하나는"}],"type":"pronunciation"},{"start_time":"280.7","end_time":"281.2","alternatives":[{"confidence":"0.79505","content":"반환협조"}],"type":"pronunciation"},{"start_time":"281.2","end_time":"281.81","alternatives":[{"confidence":"0.9362333333333334","content":"공문입니다"}],"type":"pronunciation"},{"start_time":"282.21","end_time":"282.48","alternatives":[{"confidence":"0.9774","content":"대한"}],"type":"pronunciation"},{"start_time":"282.48","end_time":"282.68","alternatives":[{"confidence":"0.8796","content":"협조"}],"type":"pronunciation"},{"start_time":"282.68","end_time":"282.95","alternatives":[{"confidence":"0.8996","content":"공문"}],"type":"pronunciation"},{"start_time":"282.95","end_time":"283.22","alternatives":[{"confidence":"0.9985","content":"같은"}],"type":"pronunciation"},{"start_time":"283.22","end_time":"283.78","alternatives":[{"confidence":"0.9260999999999999","content":"경우에서는"}],"type":"pronunciation"},{"start_time":"283.78","end_time":"283.98","alternatives":[{"confidence":"0.9038","content":"말"}],"type":"pronunciation"},{"start_time":"283.98","end_time":"284.4","alternatives":[{"confidence":"0.9934","content":"그대로"}],"type":"pronunciation"},{"start_time":"285.0","end_time":"285.78","alternatives":[{"confidence":"0.9469","content":"신한카드에서"}],"type":"pronunciation"},{"alternatives":[{"confidence":"0.0","content":"."}],"type":"punctuation"},{"start_time":"285.78","end_time":"286.12","alternatives":[{"confidence":"0.9915","content":"지금"}],"type":"pronunciation"},{"start_time":"286.12","end_time":"287.44","alternatives":[{"confidence":"0.7267","content":"장기대출카드론을"}],"type":"pronunciation"},{"start_time":"287.44","end_time":"288.05","alternatives":[{"confidence":"0.17865","content":"이용하신"}],"type":"pronunciation"},{"start_time":"288.05","end_time":"288.42","alternatives":[{"confidence":"0.5692","content":"것을"}],"type":"pronunciation"},{"start_time":"288.48","end_time":"288.64","alternatives":[{"confidence":"0.5918","content":"저희"}],"type":"pronunciation"},{"start_time":"288.64","end_time":"289.66","alternatives":[{"confidence":"0.5678999999999998","content":"롯데낮은"}],"type":"pronunciation"},{"start_time":"289.66","end_time":"289.96","alternatives":[{"confidence":"0.6409","content":"분들에"}],"type":"pronunciation"},{"start_time":"289.96","end_time":"290.2","alternatives":[{"confidence":"0.9107","content":"대한"}],"type":"pronunciation"},{"start_time":"290.2","end_time":"291.38","alternatives":[{"confidence":"0.87795","content":"대출하는"}],"type":"pronunciation"},{"start_time":"291.38","end_time":"291.57","alternatives":[{"confidence":"0.831","content":"걸로"}],"type":"pronunciation"},{"start_time":"291.57","end_time":"291.9","alternatives":[{"confidence":"0.9255","content":"진행을"}],"type":"pronunciation"},{"start_time":"291.9","end_time":"292.23","alternatives":[{"confidence":"0.8361000000000001","content":"해드릴"}],"type":"pronunciation"},{"start_time":"292.23","end_time":"293.37","alternatives":[{"confidence":"0.99705","content":"거고요"}],"type":"pronunciation"},{"alternatives":[{"confidence":"0.0","content":"."}],"type":"punctuation"},{"start_time":"293.64","end_time":"293.76","alternatives":[{"confidence":"0.999","content":"또"}],"type":"pronunciation"},{"start_time":"293.76","end_time":"294.33","alternatives":[{"confidence":"1.0","content":"하나는"}],"type":"pronunciation"},{"start_time":"294.33","end_time":"294.56","alternatives":[{"confidence":"0.9969","content":"이제"}],"type":"pronunciation"},{"start_time":"295.07","end_time":"295.61","alternatives":[{"confidence":"0.578","content":"공문이라고"}],"type":"pronunciation"},{"start_time":"295.61","end_time":"296.28","alternatives":[{"confidence":"0.5997","content":"해가지고요"}],"type":"pronunciation"},{"start_time":"296.79","end_time":"297.17","alternatives":[{"confidence":"0.9307","content":"님께서"}],"type":"pronunciation"},{"start_time":"297.17","end_time":"297.85","alternatives":[{"confidence":"0.4369","content":"일부변제를"}],"type":"pronunciation"},{"start_time":"297.85","end_time":"298.38","alternatives":[{"confidence":"1.0","content":"하셨음에도"}],"type":"pronunciation"},{"start_time":"298.38","end_time":"299.29","alternatives":[{"confidence":"1.0","content":"불구하고"}],"type":"pronunciation"},{"start_time":"299.46","end_time":"299.85","alternatives":[{"confidence":"0.9678","content":"예를"}],"type":"pronunciation"},{"start_time":"299.85","end_time":"300.13","alternatives":[{"confidence":"0.9996","content":"들어서"}],"type":"pronunciation"},{"start_time":"300.13","end_time":"300.39","alternatives":[{"confidence":"0.7317","content":"만약"}],"type":"pronunciation"},{"start_time":"300.95","end_time":"301.4","alternatives":[{"confidence":"0.5351","content":"에서"}],"type":"pronunciation"},{"start_time":"301.7","end_time":"302.15","alternatives":[{"confidence":"0.3434333333333333","content":"막판까지"}],"type":"pronunciation"},{"start_time":"302.15","end_time":"302.33","alternatives":[{"confidence":"0.2068","content":"가지"}],"type":"pronunciation"},{"start_time":"302.33","end_time":"302.48","alternatives":[{"confidence":"0.2843","content":"했을"}],"type":"pronunciation"},{"start_time":"302.48","end_time":"302.57","alternatives":[{"confidence":"0.5407","content":"때"}],"type":"pronunciation"},{"start_time":"302.57","end_time":"302.98","alternatives":[{"confidence":"0.1808","content":"신청을"}],"type":"pronunciation"},{"start_time":"302.98","end_time":"303.09","alternatives":[{"confidence":"0.3299","content":"안"}],"type":"pronunciation"},{"start_time":"303.09","end_time":"303.33","alternatives":[{"confidence":"0.3419","content":"하실"}],"type":"pronunciation"},{"start_time":"303.33","end_time":"303.81","alternatives":[{"confidence":"0.9051","content":"경우에"}],"type":"pronunciation"},{"start_time":"304.21","end_time":"304.5","alternatives":[{"confidence":"0.9703","content":"님께서"}],"type":"pronunciation"},{"start_time":"304.5","end_time":"305.03","alternatives":[{"confidence":"0.82965","content":"변제하신"}],"type":"pronunciation"},{"start_time":"305.03","end_time":"305.67","alternatives":[{"confidence":"0.9244","content":"금액을"}],"type":"pronunciation"},{"start_time":"306.0","end_time":"306.44","alternatives":[{"confidence":"0.9962","content":"다시"}],"type":"pronunciation"},{"start_time":"306.64","end_time":"307.48","alternatives":[{"confidence":"0.7197","content":"돌려드리는"}],"type":"pronunciation"},{"start_time":"308.1","end_time":"308.64","alternatives":[{"confidence":"0.9989","content":"제도를"}],"type":"pronunciation"},{"start_time":"308.67","end_time":"309.15","alternatives":[{"confidence":"0.9888","content":"말씀을"}],"type":"pronunciation"},{"start_time":"309.15","end_time":"309.43","alternatives":[{"confidence":"0.9914","content":"드리고"}],"type":"pronunciation"},{"start_time":"309.43","end_time":"309.64","alternatives":[{"confidence":"0.9534","content":"있는"}],"type":"pronunciation"},{"start_time":"309.64","end_time":"310.02","alternatives":[{"confidence":"0.8418","content":"겁니다"}],"type":"pronunciation"},{"alternatives":[{"confidence":"0.0","content":"."}],"type":"punctuation"},{"start_time":"312.22","end_time":"312.78","alternatives":[{"confidence":"0.3783","content":"네"}],"type":"pronunciation"},{"alternatives":[{"confidence":"0.0","content":"."}],"type":"punctuation"},{"start_time":"313.03","end_time":"313.62","alternatives":[{"confidence":"0.99945","content":"괜찮으시죠"}],"type":"pronunciation"},{"start_time":"313.62","end_time":"314.2","alternatives":[{"confidence":"0.9908","content":"고객님"}],"type":"pronunciation"},{"start_time":"320.62","end_time":"321.33","alternatives":[{"confidence":"0.67615","content":"부인님께서"}],"type":"pronunciation"},{"start_time":"321.39","end_time":"321.81","alternatives":[{"confidence":"0.987","content":"예를"}],"type":"pronunciation"},{"start_time":"321.81","end_time":"322.35","alternatives":[{"confidence":"0.994","content":"들어서"}],"type":"pronunciation"},{"start_time":"322.74","end_time":"323.14","alternatives":[{"confidence":"0.986","content":"진행을"}],"type":"pronunciation"},{"start_time":"323.14","end_time":"323.63","alternatives":[{"confidence":"0.9997","content":"했어요"}],"type":"pronunciation"},{"alternatives":[{"confidence":"0.0","content":"."}],"type":"punctuation"},{"start_time":"323.72","end_time":"323.99","alternatives":[{"confidence":"0.7222","content":"그런데"}],"type":"pronunciation"},{"start_time":"323.99","end_time":"324.33","alternatives":[{"confidence":"1.0","content":"만약"}],"type":"pronunciation"},{"start_time":"324.33","end_time":"324.67","alternatives":[{"confidence":"0.5997","content":"이라는게"}],"type":"pronunciation"},{"start_time":"324.67","end_time":"324.89","alternatives":[{"confidence":"0.9067","content":"있는"}],"type":"pronunciation"},{"start_time":"324.89","end_time":"325.52","alternatives":[{"confidence":"0.9111","content":"거잖아요"}],"type":"pronunciation"},{"alternatives":[{"confidence":"0.0","content":"."}],"type":"punctuation"},{"start_time":"326.14","end_time":"326.5","alternatives":[{"confidence":"0.9605","content":"근데"}],"type":"pronunciation"},{"start_time":"326.5","end_time":"326.68","alternatives":[{"confidence":"0.5978","content":"맛이"}],"type":"pronunciation"},{"start_time":"326.68","end_time":"326.99","alternatives":[{"confidence":"0.6858","content":"심사를"}],"type":"pronunciation"},{"start_time":"326.99","end_time":"327.45","alternatives":[{"confidence":"0.9999","content":"하다가"}],"type":"pronunciation"},{"start_time":"327.86","end_time":"328.38","alternatives":[{"confidence":"0.87505","content":"부인님께서"}],"type":"pronunciation"},{"alternatives":[{"confidence":"0.0","content":"."}],"type":"punctuation"},{"start_time":"328.41","end_time":"328.88","alternatives":[{"confidence":"0.9933","content":"예를"}],"type":"pronunciation"},{"start_time":"328.88","end_time":"329.3","alternatives":[{"confidence":"0.9944","content":"들어서"}],"type":"pronunciation"},{"start_time":"329.58","end_time":"329.96","alternatives":[{"confidence":"0.9984","content":"저한테"}],"type":"pronunciation"},{"start_time":"329.96","end_time":"330.3","alternatives":[{"confidence":"0.9914","content":"만약에"}],"type":"pronunciation"},{"start_time":"330.39","end_time":"330.83","alternatives":[{"confidence":"0.97995","content":"연체가"}],"type":"pronunciation"},{"start_time":"330.92","end_time":"331.28","alternatives":[{"confidence":"0.5137","content":"하루에"}],"type":"pronunciation"},{"start_time":"331.28","end_time":"331.6","alternatives":[{"confidence":"0.1113","content":"위해서는"}],"type":"pronunciation"},{"start_time":"331.69","end_time":"332.04","alternatives":[{"confidence":"0.7092","content":"말씀"}],"type":"pronunciation"},{"start_time":"332.04","end_time":"332.64","alternatives":[{"confidence":"0.8118","content":"안해주셨어요"}],"type":"pronunciation"},{"alternatives":[{"confidence":"0.0","content":"."}],"type":"punctuation"},{"start_time":"333.23","end_time":"333.46","alternatives":[{"confidence":"0.597","content":"그런데"}],"type":"pronunciation"},{"start_time":"333.46","end_time":"333.82","alternatives":[{"confidence":"1.0","content":"만약에"}],"type":"pronunciation"},{"start_time":"333.82","end_time":"334.11","alternatives":[{"confidence":"0.9844","content":"그것"}],"type":"pronunciation"},{"start_time":"334.11","end_time":"334.37","alternatives":[{"confidence":"0.9982","content":"때문에"}],"type":"pronunciation"},{"start_time":"334.37","end_time":"334.7","alternatives":[{"confidence":"0.76425","content":"부결이"}],"type":"pronunciation"},{"start_time":"334.7","end_time":"335.06","alternatives":[{"confidence":"0.7065","content":"났다고"}],"type":"pronunciation"},{"start_time":"335.06","end_time":"335.61","alternatives":[{"confidence":"0.9855","content":"실게요"}],"type":"pronunciation"},{"alternatives":[{"confidence":"0.0","content":"."}],"type":"punctuation"},{"start_time":"335.67","end_time":"335.93","alternatives":[{"confidence":"0.639","content":"그럼"}],"type":"pronunciation"},{"start_time":"336.14","end_time":"336.43","alternatives":[{"confidence":"0.0768","content":"님께서"}],"type":"pronunciation"},{"start_time":"336.43","end_time":"336.86","alternatives":[{"confidence":"0.97195","content":"이백만원"}],"type":"pronunciation"},{"start_time":"336.86","end_time":"337.88","alternatives":[{"confidence":"0.9649","content":"변제하셨잖아요"}],"type":"pronunciation"},{"start_time":"339.15","end_time":"339.76","alternatives":[{"confidence":"0.93175","content":"그거를"}],"type":"pronunciation"},{"start_time":"339.79","end_time":"340.09","alternatives":[{"confidence":"0.9982","content":"다시"}],"type":"pronunciation"},{"start_time":"340.09","end_time":"340.73","alternatives":[{"confidence":"0.65205","content":"돌려드리는"}],"type":"pronunciation"},{"start_time":"340.73","end_time":"340.97","alternatives":[{"confidence":"0.5037","content":"제도"}],"type":"pronunciation"},{"start_time":"340.97","end_time":"341.81","alternatives":[{"confidence":"0.901","content":"라고요"}],"type":"pronunciation"},{"alternatives":[{"confidence":"0.0","content":"."}],"type":"punctuation"},{"start_time":"342.11","end_time":"342.51","alternatives":[{"confidence":"0.9814499999999999","content":"대출이"}],"type":"pronunciation"},{"start_time":"342.51","end_time":"342.64","alternatives":[{"confidence":"0.8565","content":"안"}],"type":"pronunciation"},{"start_time":"342.64","end_time":"342.87","alternatives":[{"confidence":"1.0","content":"되기"}],"type":"pronunciation"},{"start_time":"342.87","end_time":"343.26","alternatives":[{"confidence":"1.0","content":"때문에"}],"type":"pronunciation"},{"start_time":"344.83","end_time":"345.07","alternatives":[{"confidence":"0.9108","content":"굳이"}],"type":"pronunciation"},{"start_time":"345.07","end_time":"345.5","alternatives":[{"confidence":"0.9928","content":"대출이"}],"type":"pronunciation"},{"start_time":"345.5","end_time":"345.61","alternatives":[{"confidence":"0.9045","content":"안"}],"type":"pronunciation"},{"start_time":"345.61","end_time":"346.26","alternatives":[{"confidence":"0.8646","content":"되는데"}],"type":"pronunciation"},{"start_time":"346.26","end_time":"346.66","alternatives":[{"confidence":"0.48319999999999996","content":"힘드는"}],"type":"pronunciation"},{"start_time":"346.66","end_time":"347.13","alternatives":[{"confidence":"0.769","content":"게"}],"type":"pronunciation"},{"start_time":"347.42","end_time":"348.06","alternatives":[{"confidence":"0.89815","content":"목동가지고"}],"type":"pronunciation"},{"start_time":"348.06","end_time":"348.28","alternatives":[{"confidence":"0.6003","content":"있는"}],"type":"pronunciation"},{"start_time":"348.28","end_time":"348.49","alternatives":[{"confidence":"0.4332","content":"거"}],"type":"pronunciation"},{"alternatives":[{"confidence":"0.0","content":","}],"type":"punctuation"},{"start_time":"348.81","end_time":"349.06","alternatives":[{"confidence":"0.2253","content":"그거"}],"type":"pronunciation"},{"start_time":"349.26","end_time":"349.91","alternatives":[{"confidence":"1.0","content":"괜히"}],"type":"pronunciation"},{"start_time":"350.03","end_time":"350.39","alternatives":[{"confidence":"0.9771","content":"다달이"}],"type":"pronunciation"},{"start_time":"350.39","end_time":"350.73","alternatives":[{"confidence":"0.5745","content":"갚으면"}],"type":"pronunciation"},{"start_time":"350.73","end_time":"351.16","alternatives":[{"confidence":"0.9962","content":"되지"}],"type":"pronunciation"},{"start_time":"351.45","end_time":"351.94","alternatives":[{"confidence":"1.0","content":"한꺼번에"}],"type":"pronunciation"},{"start_time":"351.94","end_time":"352.2","alternatives":[{"confidence":"0.628","content":"그걸"}],"type":"pronunciation"},{"start_time":"352.2","end_time":"352.44","alternatives":[{"confidence":"0.4171","content":"단체"}],"type":"pronunciation"},{"start_time":"352.44","end_time":"352.63","alternatives":[{"confidence":"0.8406","content":"하실"}],"type":"pronunciation"},{"start_time":"352.63","end_time":"352.98","alternatives":[{"confidence":"1.0","content":"필요는"}],"type":"pronunciation"},{"start_time":"352.98","end_time":"353.84","alternatives":[{"confidence":"0.79535","content":"없어진거잖아요"}],"type":"pronunciation"},{"alternatives":[{"confidence":"0.0","content":"."}],"type":"punctuation"},{"start_time":"355.78","end_time":"356.06","alternatives":[{"confidence":"0.9999","content":"그래서"}],"type":"pronunciation"},{"start_time":"356.06","end_time":"356.27","alternatives":[{"confidence":"0.9997","content":"제가"}],"type":"pronunciation"},{"start_time":"356.36","end_time":"356.64","alternatives":[{"confidence":"0.6779","content":"그럼"}],"type":"pronunciation"},{"start_time":"356.64","end_time":"356.79","alternatives":[{"confidence":"0.5537","content":"이거"}],"type":"pronunciation"},{"start_time":"356.79","end_time":"357.8","alternatives":[{"confidence":"0.5734","content":"신한카드에다가"}],"type":"pronunciation"},{"start_time":"358.53","end_time":"360.05","alternatives":[{"confidence":"0.5358","content":"변제공무원"}],"type":"pronunciation"},{"start_time":"360.56","end_time":"361.06","alternatives":[{"confidence":"0.67105","content":"보내놓을"}],"type":"pronunciation"},{"start_time":"361.06","end_time":"361.38","alternatives":[{"confidence":"0.4627","content":"거고요"}],"type":"pronunciation"},{"alternatives":[{"confidence":"0.0","content":"."}],"type":"punctuation"},{"start_time":"363.43","end_time":"364.25","alternatives":[{"confidence":"0.522","content":"공무원"}],"type":"pronunciation"},{"start_time":"364.25","end_time":"364.71","alternatives":[{"confidence":"0.9677","content":"처리되고"}],"type":"pronunciation"},{"start_time":"364.71","end_time":"364.97","alternatives":[{"confidence":"0.9609","content":"나서"}],"type":"pronunciation"},{"start_time":"365.22","end_time":"365.49","alternatives":[{"confidence":"0.8239","content":"님한테"}],"type":"pronunciation"},{"start_time":"365.49","end_time":"365.73","alternatives":[{"confidence":"0.9533","content":"바로"}],"type":"pronunciation"},{"start_time":"365.73","end_time":"365.95","alternatives":[{"confidence":"0.7463","content":"전화"}],"type":"pronunciation"},{"start_time":"365.95","end_time":"366.65","alternatives":[{"confidence":"0.8763","content":"드리겠습니다"}],"type":"pronunciation"},{"alternatives":[{"confidence":"0.0","content":"."}],"type":"punctuation"},{"start_time":"371.34","end_time":"371.58","alternatives":[{"confidence":"0.1982","content":"는데"}],"type":"pronunciation"},{"start_time":"371.64","end_time":"371.91","alternatives":[{"confidence":"0.3753","content":"문제가"}],"type":"pronunciation"},{"start_time":"372.21","end_time":"372.57","alternatives":[{"confidence":"0.9628","content":"그런건"}],"type":"pronunciation"},{"start_time":"372.57","end_time":"373.05","alternatives":[{"confidence":"0.97835","content":"없는거죠"}],"type":"pronunciation"},{"alternatives":[{"confidence":"0.0","content":"."}],"type":"punctuation"},{"start_time":"373.81","end_time":"374.06","alternatives":[{"confidence":"0.6046","content":"그런"}],"type":"pronunciation"},{"start_time":"374.06","end_time":"374.21","alternatives":[{"confidence":"0.6049","content":"건"}],"type":"pronunciation"},{"start_time":"374.21","end_time":"374.95","alternatives":[{"confidence":"1.0","content":"없으신거죠"}],"type":"pronunciation"},{"start_time":"375.04","end_time":"375.82","alternatives":[{"confidence":"0.9309000000000001","content":"대출이잖아요"}],"type":"pronunciation"},{"start_time":"375.85","end_time":"376.38","alternatives":[{"confidence":"0.76935","content":"카드로는"}],"type":"pronunciation"},{"start_time":"376.38","end_time":"377.34","alternatives":[{"confidence":"0.954","content":"대출이잖아요"}],"type":"pronunciation"},{"start_time":"379.02","end_time":"379.37","alternatives":[{"confidence":"1.0","content":"전혀"}],"type":"pronunciation"},{"start_time":"379.37","end_time":"379.63","alternatives":[{"confidence":"0.7043","content":"그런"}],"type":"pronunciation"},{"start_time":"379.63","end_time":"379.88","alternatives":[{"confidence":"0.5688","content":"거는"}],"type":"pronunciation"},{"start_time":"379.88","end_time":"380.29","alternatives":[{"confidence":"0.4791","content":"관계가"}],"type":"pronunciation"},{"start_time":"380.29","end_time":"381.09","alternatives":[{"confidence":"0.9997","content":"없어요"}],"type":"pronunciation"},{"alternatives":[{"confidence":"0.0","content":"."}],"type":"punctuation"},{"start_time":"381.15","end_time":"381.73","alternatives":[{"confidence":"1.0","content":"관계는"}],"type":"pronunciation"},{"start_time":"381.73","end_time":"382.42","alternatives":[{"confidence":"0.9908","content":"없으신거니까"}],"type":"pronunciation"},{"start_time":"382.54","end_time":"383.22","alternatives":[{"confidence":"0.97575","content":"안심하시고"}],"type":"pronunciation"},{"start_time":"383.22","end_time":"383.35","alternatives":[{"confidence":"0.2086","content":"해서"}],"type":"pronunciation"},{"start_time":"383.35","end_time":"384.82","alternatives":[{"confidence":"0.9478333333333332","content":"고객님그러시고"}],"type":"pronunciation"},{"start_time":"384.82","end_time":"385.27","alternatives":[{"confidence":"0.7415","content":"저희"}],"type":"pronunciation"},{"start_time":"385.3","end_time":"386.53","alternatives":[{"confidence":"0.9862666666666667","content":"대출금나가실"}],"type":"pronunciation"},{"start_time":"386.53","end_time":"386.91","alternatives":[{"confidence":"0.8404","content":"때까지"}],"type":"pronunciation"},{"start_time":"386.91","end_time":"387.22","alternatives":[{"confidence":"0.9934","content":"항상"}],"type":"pronunciation"},{"start_time":"387.22","end_time":"387.59","alternatives":[{"confidence":"0.6226","content":"모바일"}],"type":"pronunciation"},{"start_time":"387.59","end_time":"388.45","alternatives":[{"confidence":"0.73985","content":"앱으로만"}],"type":"pronunciation"},{"start_time":"388.87","end_time":"389.52","alternatives":[{"confidence":"0.71705","content":"대출신청을"}],"type":"pronunciation"},{"start_time":"389.52","end_time":"389.95","alternatives":[{"confidence":"1.0","content":"하거든요"}],"type":"pronunciation"},{"alternatives":[{"confidence":"0.0","content":"."}],"type":"punctuation"},{"start_time":"389.95","end_time":"390.3","alternatives":[{"confidence":"0.99975","content":"무서류"}],"type":"pronunciation"},{"start_time":"390.33","end_time":"390.88","alternatives":[{"confidence":"0.5977","content":"무방문이"}],"type":"pronunciation"},{"start_time":"391.375","end_time":"391.865","alternatives":[{"confidence":"0.9898","content":"진행하실"}],"type":"pronunciation"},{"start_time":"391.865","end_time":"392.425","alternatives":[{"confidence":"0.88805","content":"때는요"}],"type":"pronunciation"},{"start_time":"392.515","end_time":"392.925","alternatives":[{"confidence":"0.9309499999999999","content":"그러시고"}],"type":"pronunciation"},{"start_time":"392.925","end_time":"393.155","alternatives":[{"confidence":"0.9403","content":"나서"}],"type":"pronunciation"},{"start_time":"393.155","end_time":"393.655","alternatives":[{"confidence":"0.5589333333333334","content":"고형님께서"}],"type":"pronunciation"},{"start_time":"393.655","end_time":"394.085","alternatives":[{"confidence":"0.7188","content":"대출다"}],"type":"pronunciation"},{"start_time":"394.085","end_time":"394.425","alternatives":[{"confidence":"0.7612","content":"받고"}],"type":"pronunciation"},{"start_time":"394.425","end_time":"395.105","alternatives":[{"confidence":"0.42860000000000004","content":"나시면은"}],"type":"pronunciation"},{"start_time":"395.545","end_time":"395.865","alternatives":[{"confidence":"0.8239","content":"저희"}],"type":"pronunciation"},{"start_time":"395.875","end_time":"396.735","alternatives":[{"confidence":"0.77125","content":"서류받는"}],"type":"pronunciation"},{"start_time":"396.735","end_time":"397.415","alternatives":[{"confidence":"1.0","content":"직원이"}],"type":"pronunciation"},{"start_time":"397.475","end_time":"397.935","alternatives":[{"confidence":"0.20509999999999998","content":"고인한테"}],"type":"pronunciation"},{"start_time":"397.935","end_time":"398.665","alternatives":[{"confidence":"0.648","content":"전화해가지고"}],"type":"pronunciation"},{"start_time":"398.815","end_time":"399.225","alternatives":[{"confidence":"0.9603","content":"일주일"}],"type":"pronunciation"},{"start_time":"399.225","end_time":"399.795","alternatives":[{"confidence":"0.9861","content":"내로"}],"type":"pronunciation"},{"start_time":"400.595","end_time":"400.945","alternatives":[{"confidence":"0.9049","content":"약속"}],"type":"pronunciation"},{"start_time":"400.945","end_time":"401.235","alternatives":[{"confidence":"0.878","content":"잡고"}],"type":"pronunciation"},{"start_time":"401.235","end_time":"401.655","alternatives":[{"confidence":"0.9983","content":"미팅하러"}],"type":"pronunciation"},{"start_time":"401.655","end_time":"401.915","alternatives":[{"confidence":"0.9861","content":"나간"}],"type":"pronunciation"},{"start_time":"401.915","end_time":"402.205","alternatives":[{"confidence":"0.9998","content":"겁니다"}],"type":"pronunciation"},{"alternatives":[{"confidence":"0.0","content":"."}],"type":"punctuation"},{"start_time":"402.205","end_time":"402.755","alternatives":[{"confidence":"0.7815","content":"그때"}],"type":"pronunciation"},{"start_time":"402.845","end_time":"403.595","alternatives":[{"confidence":"0.7769","content":"서류작성만"}],"type":"pronunciation"},{"start_time":"403.595","end_time":"403.885","alternatives":[{"confidence":"0.7919","content":"한번"}],"type":"pronunciation"},{"start_time":"403.885","end_time":"404.635","alternatives":[{"confidence":"0.4701","content":"해주시면"}],"type":"pronunciation"},{"start_time":"404.635","end_time":"405.095","alternatives":[{"confidence":"0.99045","content":"되시는"}],"type":"pronunciation"},{"start_time":"405.095","end_time":"405.455","alternatives":[{"confidence":"0.94505","content":"거고요"}],"type":"pronunciation"},{"alternatives":[{"confidence":"0.0","content":"."}],"type":"punctuation"},{"start_time":"408.725","end_time":"409.175","alternatives":[{"confidence":"0.9998","content":"서류를"}],"type":"pronunciation"},{"start_time":"409.175","end_time":"409.485","alternatives":[{"confidence":"0.9953","content":"작성을"}],"type":"pronunciation"},{"start_time":"409.575","end_time":"409.835","alternatives":[{"confidence":"0.8484","content":"완료한"}],"type":"pronunciation"},{"start_time":"409.835","end_time":"410.345","alternatives":[{"confidence":"0.978","content":"다음에"}],"type":"pronunciation"},{"start_time":"411.315","end_time":"411.765","alternatives":[{"confidence":"1.0","content":"완전히"}],"type":"pronunciation"},{"start_time":"413.485","end_time":"413.665","alternatives":[{"confidence":"0.5463","content":"되는"}],"type":"pronunciation"},{"start_time":"413.665","end_time":"413.995","alternatives":[{"confidence":"0.9998","content":"건가요"}],"type":"pronunciation"},{"alternatives":[{"confidence":"0.0","content":"?"}],"type":"punctuation"},{"start_time":"414.5","end_time":"414.88","alternatives":[{"confidence":"0.9998","content":"아니요"}],"type":"pronunciation"},{"alternatives":[{"confidence":"0.0","content":"."}],"type":"punctuation"},{"start_time":"414.97","end_time":"415.68","alternatives":[{"confidence":"0.9877","content":"대출금은"}],"type":"pronunciation"},{"start_time":"415.68","end_time":"415.92","alternatives":[{"confidence":"0.7959","content":"오늘"}],"type":"pronunciation"},{"start_time":"416.16","end_time":"416.48","alternatives":[{"confidence":"0.8748","content":"님께서"}],"type":"pronunciation"},{"start_time":"417.56","end_time":"418.43","alternatives":[{"confidence":"0.7786","content":"주시면은요"}],"type":"pronunciation"},{"alternatives":[{"confidence":"0.0","content":"."}],"type":"punctuation"},{"start_time":"418.52","end_time":"418.84","alternatives":[{"confidence":"0.9543","content":"오늘"}],"type":"pronunciation"},{"start_time":"418.84","end_time":"419.66","alternatives":[{"confidence":"0.9998","content":"중으로"}],"type":"pronunciation"},{"start_time":"419.75","end_time":"420.33","alternatives":[{"confidence":"0.8287500000000001","content":"대출금이"}],"type":"pronunciation"},{"start_time":"420.33","end_time":"420.66","alternatives":[{"confidence":"0.29869999999999997","content":"여섯시"}],"type":"pronunciation"},{"start_time":"420.66","end_time":"421.04","alternatives":[{"confidence":"0.9128","content":"까지는"}],"type":"pronunciation"},{"start_time":"421.13","end_time":"421.51","alternatives":[{"confidence":"1.0","content":"늦어도"}],"type":"pronunciation"},{"start_time":"421.51","end_time":"421.73","alternatives":[{"confidence":"0.8877","content":"6"}],"type":"pronunciation"},{"start_time":"421.73","end_time":"422.01","alternatives":[{"confidence":"0.7273","content":"시까지"}],"type":"pronunciation"},{"start_time":"422.01","end_time":"422.11","alternatives":[{"confidence":"0.7208","content":"는"}],"type":"pronunciation"},{"start_time":"422.11","end_time":"422.26","alternatives":[{"confidence":"0.9898","content":"오늘"}],"type":"pronunciation"},{"start_time":"422.26","end_time":"422.66","alternatives":[{"confidence":"0.99405","content":"나가실"}],"type":"pronunciation"},{"start_time":"422.66","end_time":"423.41","alternatives":[{"confidence":"0.9163","content":"거예요"}],"type":"pronunciation"},{"alternatives":[{"confidence":"0.0","content":"."}],"type":"punctuation"},{"start_time":"425.85","end_time":"426.38","alternatives":[{"confidence":"0.61835","content":"대출금은"}],"type":"pronunciation"},{"start_time":"426.38","end_time":"426.59","alternatives":[{"confidence":"0.4387","content":"오늘"}],"type":"pronunciation"},{"start_time":"426.59","end_time":"427.21","alternatives":[{"confidence":"0.99745","content":"받으시고"}],"type":"pronunciation"},{"start_time":"427.21","end_time":"427.59","alternatives":[{"confidence":"0.9323999999999999","content":"약관이"}],"type":"pronunciation"},{"start_time":"427.59","end_time":"427.91","alternatives":[{"confidence":"0.99415","content":"보시게"}],"type":"pronunciation"},{"start_time":"427.91","end_time":"428.62","alternatives":[{"confidence":"0.8907499999999999","content":"되시면요"}],"type":"pronunciation"},{"start_time":"428.86","end_time":"429.56","alternatives":[{"confidence":"0.37575","content":"용어법에"}],"type":"pronunciation"},{"start_time":"430.26","end_time":"430.58","alternatives":[{"confidence":"0.02","content":"칠"}],"type":"pronunciation"},{"start_time":"431.43","end_time":"431.74","alternatives":[{"confidence":"0.7892","content":"그러니까"}],"type":"pronunciation"},{"start_time":"431.87","end_time":"432.18","alternatives":[{"confidence":"0.4529","content":"서류"}],"type":"pronunciation"},{"start_time":"432.18","end_time":"432.6","alternatives":[{"confidence":"0.69875","content":"작성이"}],"type":"pronunciation"},{"start_time":"432.6","end_time":"433.18","alternatives":[{"confidence":"0.9999","content":"있잖아요"}],"type":"pronunciation"},{"alternatives":[{"confidence":"0.0","content":"."}],"type":"punctuation"},{"start_time":"433.35","end_time":"433.85","alternatives":[{"confidence":"0.9886","content":"그거는"}],"type":"pronunciation"},{"start_time":"433.85","end_time":"434.29","alternatives":[{"confidence":"1.0","content":"무조건"}],"type":"pronunciation"},{"start_time":"434.29","end_time":"434.61","alternatives":[{"confidence":"0.31345","content":"칠일"}],"type":"pronunciation"},{"start_time":"434.97","end_time":"435.44","alternatives":[{"confidence":"0.077","content":"이에요"}],"type":"pronunciation"},{"alternatives":[{"confidence":"0.0","content":"."}],"type":"punctuation"},{"start_time":"435.83","end_time":"436.72","alternatives":[{"confidence":"0.4155333333333333","content":"717"}],"type":"pronunciation"},{"start_time":"436.72","end_time":"437.11","alternatives":[{"confidence":"0.4863","content":"일까지"}],"type":"pronunciation"},{"start_time":"437.11","end_time":"437.4","alternatives":[{"confidence":"0.9948","content":"죠"}],"type":"pronunciation"},{"alternatives":[{"confidence":"0.0","content":"."}],"type":"punctuation"},{"start_time":"437.82","end_time":"438.17","alternatives":[{"confidence":"0.9687","content":"그러니까"}],"type":"pronunciation"},{"start_time":"438.17","end_time":"438.8","alternatives":[{"confidence":"0.99775","content":"그거는"}],"type":"pronunciation"},{"start_time":"439.99","end_time":"440.85","alternatives":[{"confidence":"0.9593","content":"대출금오늘"}],"type":"pronunciation"},{"start_time":"440.85","end_time":"441.73","alternatives":[{"confidence":"1.0","content":"받으시잖아요"}],"type":"pronunciation"},{"alternatives":[{"confidence":"0.0","content":"."}],"type":"punctuation"},{"start_time":"441.93","end_time":"442.5","alternatives":[{"confidence":"0.5622","content":"그러면"}],"type":"pronunciation"},{"start_time":"442.5","end_time":"442.7","alternatives":[{"confidence":"0.9966","content":"아마"}],"type":"pronunciation"},{"start_time":"442.7","end_time":"443.03","alternatives":[{"confidence":"0.9652","content":"내일"}],"type":"pronunciation"},{"start_time":"443.03","end_time":"443.46","alternatives":[{"confidence":"1.0","content":"중으로"}],"type":"pronunciation"},{"start_time":"443.59","end_time":"444.06","alternatives":[{"confidence":"0.9996","content":"직원이"}],"type":"pronunciation"},{"start_time":"444.06","end_time":"444.42","alternatives":[{"confidence":"0.9992","content":"전화가"}],"type":"pronunciation"},{"start_time":"444.42","end_time":"444.63","alternatives":[{"confidence":"0.5049","content":"갈"}],"type":"pronunciation"},{"start_time":"444.63","end_time":"445.65","alternatives":[{"confidence":"0.8331","content":"거예요"}],"type":"pronunciation"},{"alternatives":[{"confidence":"0.0","content":"."}],"type":"punctuation"},{"start_time":"446.79","end_time":"447.06","alternatives":[{"confidence":"0.3945","content":"미친"}],"type":"pronunciation"},{"start_time":"447.06","end_time":"447.99","alternatives":[{"confidence":"0.790775","content":"날짜잡으셔"}],"type":"pronunciation"},{"start_time":"447.99","end_time":"448.61","alternatives":[{"confidence":"0.8874","content":"가지고요"}],"type":"pronunciation"},{"start_time":"448.69","end_time":"449.39","alternatives":[{"confidence":"0.49","content":"서류"}],"type":"pronunciation"},{"start_time":"449.42","end_time":"449.63","alternatives":[{"confidence":"0.3506","content":"이거"}],"type":"pronunciation"},{"start_time":"449.63","end_time":"450.3","alternatives":[{"confidence":"0.9983","content":"하시면"}],"type":"pronunciation"},{"start_time":"450.3","end_time":"450.7","alternatives":[{"confidence":"0.99535","content":"되시는"}],"type":"pronunciation"},{"start_time":"450.7","end_time":"451.1","alternatives":[{"confidence":"0.98105","content":"거고요"}],"type":"pronunciation"},{"alternatives":[{"confidence":"0.0","content":"."}],"type":"punctuation"},{"start_time":"451.21","end_time":"451.64","alternatives":[{"confidence":"0.4883","content":"그다음에는"}],"type":"pronunciation"},{"start_time":"451.64","end_time":"452.02","alternatives":[{"confidence":"0.9782","content":"고인이"}],"type":"pronunciation"},{"start_time":"452.02","end_time":"452.15","alternatives":[{"confidence":"0.9432","content":"그"}],"type":"pronunciation"},{"start_time":"452.15","end_time":"452.7","alternatives":[{"confidence":"0.9896499999999999","content":"이백만원"}],"type":"pronunciation"},{"start_time":"452.7","end_time":"453.6","alternatives":[{"confidence":"0.8977999999999999","content":"변제가능하다고"}],"type":"pronunciation"},{"start_time":"453.6","end_time":"453.84","alternatives":[{"confidence":"0.6229","content":"하신"}],"type":"pronunciation"},{"start_time":"453.84","end_time":"454.31","alternatives":[{"confidence":"1.0","content":"거죠"}],"type":"pronunciation"},{"alternatives":[{"confidence":"0.0","content":"?"}],"type":"punctuation"},{"start_time":"456.33","end_time":"456.96","alternatives":[{"confidence":"0.908","content":"예"}],"type":"pronunciation"},{"alternatives":[{"confidence":"0.0","content":","}],"type":"punctuation"},{"start_time":"457.75","end_time":"458.54","alternatives":[{"confidence":"0.5259","content":"그러주시면"}],"type":"pronunciation"},{"start_time":"458.54","end_time":"459.09","alternatives":[{"confidence":"0.9985","content":"제가"}],"type":"pronunciation"},{"start_time":"459.09","end_time":"459.29","alternatives":[{"confidence":"0.8472","content":"이거"}],"type":"pronunciation"},{"start_time":"459.29","end_time":"459.63","alternatives":[{"confidence":"0.5045","content":"공무원"}],"type":"pronunciation"},{"start_time":"459.63","end_time":"459.95","alternatives":[{"confidence":"0.9996","content":"보내고"}],"type":"pronunciation"},{"start_time":"459.95","end_time":"460.47","alternatives":[{"confidence":"0.26749999999999996","content":"나세요"}],"type":"pronunciation"},{"alternatives":[{"confidence":"0.0","content":"?"}],"type":"punctuation"},{"start_time":"460.5","end_time":"460.88","alternatives":[{"confidence":"0.6193","content":"고인은"}],"type":"pronunciation"},{"start_time":"460.88","end_time":"461.11","alternatives":[{"confidence":"0.9714","content":"바로"}],"type":"pronunciation"},{"start_time":"461.11","end_time":"461.36","alternatives":[{"confidence":"0.8189","content":"전화"}],"type":"pronunciation"},{"start_time":"461.36","end_time":"462.16","alternatives":[{"confidence":"1.0","content":"드리겠습니다"}],"type":"pronunciation"},{"alternatives":[{"confidence":"0.0","content":"."}],"type":"punctuation"},{"start_time":"463.77","end_time":"464.24","alternatives":[{"confidence":"0.6238","content":"네"}],"type":"pronunciation"},{"alternatives":[{"confidence":"0.0","content":","}],"type":"punctuation"},{"start_time":"464.24","end_time":"464.76","alternatives":[{"confidence":"1.0","content":"감사합니다"}],"type":"pronunciation"},{"alternatives":[{"confidence":"0.0","content":"."}],"type":"punctuation"}]},"status":"COMPLETED"}