{"jobName":"transcribe_loan49","accountId":"097989105209","results":{"transcripts":[{"transcript":"돈이 쪽과 필요해서 어머님지하 창고에 잡아주고 있어 c빨뭐 짭새한테 신고하거나 딴 지구를 하면 어머님내 손가락다 잘라보니까 여기서"}],"items":[{"start_time":"0.35","end_time":"0.72","alternatives":[{"confidence":"1.0","content":"돈이"}],"type":"pronunciation"},{"start_time":"0.75","end_time":"1.11","alternatives":[{"confidence":"0.86875","content":"쪽과"}],"type":"pronunciation"},{"start_time":"1.11","end_time":"1.97","alternatives":[{"confidence":"0.9190499999999999","content":"필요해서"}],"type":"pronunciation"},{"start_time":"1.97","end_time":"2.61","alternatives":[{"confidence":"0.8085","content":"어머님지하"}],"type":"pronunciation"},{"start_time":"2.61","end_time":"3.02","alternatives":[{"confidence":"0.9276500000000001","content":"창고에"}],"type":"pronunciation"},{"start_time":"3.02","end_time":"3.5","alternatives":[{"confidence":"0.8235","content":"잡아주고"}],"type":"pronunciation"},{"start_time":"3.5","end_time":"3.96","alternatives":[{"confidence":"0.9875","content":"있어"}],"type":"pronunciation"},{"start_time":"4.94","end_time":"5.98","alternatives":[{"confidence":"0.5726333333333333","content":"c빨뭐"}],"type":"pronunciation"},{"start_time":"6.01","end_time":"6.71","alternatives":[{"confidence":"0.7863333333333333","content":"짭새한테"}],"type":"pronunciation"},{"start_time":"6.71","end_time":"7.75","alternatives":[{"confidence":"0.983","content":"신고하거나"}],"type":"pronunciation"},{"start_time":"7.78","end_time":"7.97","alternatives":[{"confidence":"0.3611","content":"딴"}],"type":"pronunciation"},{"start_time":"7.97","end_time":"8.27","alternatives":[{"confidence":"0.4252","content":"지구를"}],"type":"pronunciation"},{"start_time":"8.27","end_time":"8.64","alternatives":[{"confidence":"0.9892","content":"하면"}],"type":"pronunciation"},{"start_time":"8.64","end_time":"9.17","alternatives":[{"confidence":"0.5479","content":"어머님내"}],"type":"pronunciation"},{"start_time":"9.17","end_time":"9.7","alternatives":[{"confidence":"0.2724","content":"손가락다"}],"type":"pronunciation"},{"start_time":"9.7","end_time":"10.25","alternatives":[{"confidence":"0.7381","content":"잘라보니까"}],"type":"pronunciation"},{"start_time":"10.25","end_time":"10.85","alternatives":[{"confidence":"0.6472","content":"여기서"}],"type":"pronunciation"}]},"status":"COMPLETED"}