{"jobName":"transcribe_loan90","accountId":"097989105209","results":{"transcripts":[{"transcript":"삼백만원 삼백 만원에서 오백 만원 정도 보니 본인유통이 좀 되시면은 나머지 저희가 지원금통해서 같이 상환을 하시는 걸로 제가 도움을 드릴 수 있으세요? 거의 어렵습니다. 안 되시는 거고 조그만 뭐 라도 일단은 곡의 님께서 다 천만원 다가왔불을 투자하신다고 생각하지 마시고 좀 금액만 융통이 되시면 저한테 위대한 말씀을 한번만 해주세요. 왜냐하면 제가 지원금이 또 얼마나 갈 수 있는지는 확인을 해보면 많이 받아볼 수 있는 부분이 있기 때문에 그렇게 진행도움을 드리겠습니다. 왜냐면 이걸 어떻게 한다는 거예요. 일단은 저희가 지원금을 통해서 완납 처리를 되셔야 하지만 전산이란 저희 자체가 삼백만원. 내년 근데 고객님께서 예를 들어서 컴저축은행의 한 삼백만 정도의 본인상황을 하셨다. 막 천만원 남으셨잖아요. 그럼 칠백만원을 저희가 지원금은 나가야 된다는 얘기잖아요. 네. 그렇게 되면 저희가 한 천오백만원 정도 까지 대출승인을 내얻을 수가 있다는 얘기죠. 설명하면 저희가 지원금이 만약에 칠백만원 나갔으니까. 근데 고기 님이 받아 보신 받아 보시는 것은 팔백만원을 받아 보시면 되죠. 저희 대출금을 네네네. 그니까 제가 말씀드렸어느정도 금액이라도 대통령 자금이 좀 되시면은 제가 지원금을 해드릴 수 있는지 없는여부를. 제가 한번 심각하다 님께 여쭤볼테니까 저한테 말씀을 미리 좀 하시라는 얘기죠. 그렇게 되면 진행사항을 제가 말씀드린 다는 얘기입니다. 알겠습니다."}],"items":[{"start_time":"1.12","end_time":"1.49","alternatives":[{"confidence":"0.0329","content":"삼백만원"}],"type":"pronunciation"},{"start_time":"2.38","end_time":"2.75","alternatives":[{"confidence":"0.8554","content":"삼백"}],"type":"pronunciation"},{"start_time":"2.75","end_time":"3.28","alternatives":[{"confidence":"0.7976000000000001","content":"만원에서"}],"type":"pronunciation"},{"start_time":"3.28","end_time":"3.48","alternatives":[{"confidence":"0.807","content":"오백"}],"type":"pronunciation"},{"start_time":"3.48","end_time":"3.7","alternatives":[{"confidence":"0.9677","content":"만원"}],"type":"pronunciation"},{"start_time":"3.7","end_time":"3.95","alternatives":[{"confidence":"0.5848","content":"정도"}],"type":"pronunciation"},{"start_time":"3.95","end_time":"4.25","alternatives":[{"confidence":"0.1036","content":"보니"}],"type":"pronunciation"},{"start_time":"4.28","end_time":"4.92","alternatives":[{"confidence":"0.6725","content":"본인유통이"}],"type":"pronunciation"},{"start_time":"4.92","end_time":"5.04","alternatives":[{"confidence":"0.9196","content":"좀"}],"type":"pronunciation"},{"start_time":"5.04","end_time":"5.84","alternatives":[{"confidence":"0.18830000000000002","content":"되시면은"}],"type":"pronunciation"},{"start_time":"6.47","end_time":"6.91","alternatives":[{"confidence":"0.9406","content":"나머지"}],"type":"pronunciation"},{"start_time":"6.91","end_time":"7.18","alternatives":[{"confidence":"1.0","content":"저희가"}],"type":"pronunciation"},{"start_time":"7.18","end_time":"8.12","alternatives":[{"confidence":"0.9821","content":"지원금통해서"}],"type":"pronunciation"},{"start_time":"8.12","end_time":"8.39","alternatives":[{"confidence":"0.9068","content":"같이"}],"type":"pronunciation"},{"start_time":"8.39","end_time":"8.7","alternatives":[{"confidence":"0.5493","content":"상환을"}],"type":"pronunciation"},{"start_time":"8.7","end_time":"8.94","alternatives":[{"confidence":"0.966","content":"하시는"}],"type":"pronunciation"},{"start_time":"8.94","end_time":"9.11","alternatives":[{"confidence":"0.9762","content":"걸로"}],"type":"pronunciation"},{"start_time":"9.11","end_time":"9.27","alternatives":[{"confidence":"0.9999","content":"제가"}],"type":"pronunciation"},{"start_time":"9.27","end_time":"9.59","alternatives":[{"confidence":"1.0","content":"도움을"}],"type":"pronunciation"},{"start_time":"9.59","end_time":"9.79","alternatives":[{"confidence":"0.9964","content":"드릴"}],"type":"pronunciation"},{"start_time":"9.79","end_time":"10.05","alternatives":[{"confidence":"0.9068","content":"수"}],"type":"pronunciation"},{"start_time":"10.11","end_time":"10.86","alternatives":[{"confidence":"0.9997","content":"있으세요"}],"type":"pronunciation"},{"alternatives":[{"confidence":"0.0","content":"?"}],"type":"punctuation"},{"start_time":"11.37","end_time":"11.56","alternatives":[{"confidence":"0.1744","content":"거의"}],"type":"pronunciation"},{"start_time":"11.94","end_time":"12.33","alternatives":[{"confidence":"0.998","content":"어렵습니다"}],"type":"pronunciation"},{"alternatives":[{"confidence":"0.0","content":"."}],"type":"punctuation"},{"start_time":"13.02","end_time":"13.13","alternatives":[{"confidence":"0.6147","content":"안"}],"type":"pronunciation"},{"start_time":"13.13","end_time":"13.42","alternatives":[{"confidence":"0.51585","content":"되시는"}],"type":"pronunciation"},{"start_time":"13.42","end_time":"13.67","alternatives":[{"confidence":"0.8575","content":"거고"}],"type":"pronunciation"},{"start_time":"14.69","end_time":"15.12","alternatives":[{"confidence":"0.6982","content":"조그만"}],"type":"pronunciation"},{"start_time":"15.12","end_time":"15.39","alternatives":[{"confidence":"0.5544","content":"뭐"}],"type":"pronunciation"},{"start_time":"15.635","end_time":"15.805","alternatives":[{"confidence":"0.5446","content":"라도"}],"type":"pronunciation"},{"start_time":"15.805","end_time":"16.195","alternatives":[{"confidence":"1.0","content":"일단은"}],"type":"pronunciation"},{"start_time":"16.195","end_time":"16.385","alternatives":[{"confidence":"0.4522","content":"곡의"}],"type":"pronunciation"},{"start_time":"16.385","end_time":"16.705","alternatives":[{"confidence":"0.9902","content":"님께서"}],"type":"pronunciation"},{"start_time":"17.065","end_time":"17.235","alternatives":[{"confidence":"0.7896","content":"다"}],"type":"pronunciation"},{"start_time":"17.235","end_time":"17.565","alternatives":[{"confidence":"0.5288","content":"천만원"}],"type":"pronunciation"},{"start_time":"17.565","end_time":"18.405","alternatives":[{"confidence":"0.30235","content":"다가왔불을"}],"type":"pronunciation"},{"start_time":"18.405","end_time":"18.835","alternatives":[{"confidence":"0.8602333333333334","content":"투자하신다고"}],"type":"pronunciation"},{"start_time":"18.835","end_time":"19.145","alternatives":[{"confidence":"1.0","content":"생각하지"}],"type":"pronunciation"},{"start_time":"19.145","end_time":"19.805","alternatives":[{"confidence":"1.0","content":"마시고"}],"type":"pronunciation"},{"start_time":"19.925","end_time":"20.045","alternatives":[{"confidence":"0.1664","content":"좀"}],"type":"pronunciation"},{"start_time":"20.045","end_time":"20.455","alternatives":[{"confidence":"0.9996499999999999","content":"금액만"}],"type":"pronunciation"},{"start_time":"20.455","end_time":"20.775","alternatives":[{"confidence":"0.9182","content":"융통이"}],"type":"pronunciation"},{"start_time":"20.775","end_time":"21.185","alternatives":[{"confidence":"0.9836","content":"되시면"}],"type":"pronunciation"},{"start_time":"21.185","end_time":"21.525","alternatives":[{"confidence":"1.0","content":"저한테"}],"type":"pronunciation"},{"start_time":"21.525","end_time":"21.765","alternatives":[{"confidence":"0.972","content":"위대한"}],"type":"pronunciation"},{"start_time":"21.765","end_time":"22.135","alternatives":[{"confidence":"0.9812","content":"말씀을"}],"type":"pronunciation"},{"start_time":"22.135","end_time":"22.575","alternatives":[{"confidence":"0.9481","content":"한번만"}],"type":"pronunciation"},{"start_time":"22.575","end_time":"23.125","alternatives":[{"confidence":"0.9895","content":"해주세요"}],"type":"pronunciation"},{"alternatives":[{"confidence":"0.0","content":"."}],"type":"punctuation"},{"start_time":"23.125","end_time":"23.465","alternatives":[{"confidence":"0.9233","content":"왜냐하면"}],"type":"pronunciation"},{"start_time":"23.785","end_time":"23.985","alternatives":[{"confidence":"0.9994","content":"제가"}],"type":"pronunciation"},{"start_time":"23.985","end_time":"24.405","alternatives":[{"confidence":"0.9828","content":"지원금이"}],"type":"pronunciation"},{"start_time":"24.405","end_time":"24.495","alternatives":[{"confidence":"0.6518","content":"또"}],"type":"pronunciation"},{"start_time":"24.495","end_time":"24.795","alternatives":[{"confidence":"0.8952","content":"얼마나"}],"type":"pronunciation"},{"start_time":"24.795","end_time":"24.915","alternatives":[{"confidence":"0.7212","content":"갈"}],"type":"pronunciation"},{"start_time":"24.915","end_time":"25.005","alternatives":[{"confidence":"0.9992","content":"수"}],"type":"pronunciation"},{"start_time":"25.005","end_time":"25.455","alternatives":[{"confidence":"0.9947","content":"있는지는"}],"type":"pronunciation"},{"start_time":"25.455","end_time":"25.775","alternatives":[{"confidence":"1.0","content":"확인을"}],"type":"pronunciation"},{"start_time":"25.805","end_time":"26.555","alternatives":[{"confidence":"0.8097","content":"해보면"}],"type":"pronunciation"},{"start_time":"27.145","end_time":"27.575","alternatives":[{"confidence":"0.972","content":"많이"}],"type":"pronunciation"},{"start_time":"27.575","end_time":"28.135","alternatives":[{"confidence":"0.92885","content":"받아볼"}],"type":"pronunciation"},{"start_time":"28.135","end_time":"28.245","alternatives":[{"confidence":"0.9933","content":"수"}],"type":"pronunciation"},{"start_time":"28.245","end_time":"28.405","alternatives":[{"confidence":"0.9932","content":"있는"}],"type":"pronunciation"},{"start_time":"28.405","end_time":"28.665","alternatives":[{"confidence":"1.0","content":"부분이"}],"type":"pronunciation"},{"start_time":"28.665","end_time":"28.835","alternatives":[{"confidence":"0.9983","content":"있기"}],"type":"pronunciation"},{"start_time":"28.835","end_time":"29.255","alternatives":[{"confidence":"0.9999","content":"때문에"}],"type":"pronunciation"},{"start_time":"29.285","end_time":"29.545","alternatives":[{"confidence":"0.9906","content":"그렇게"}],"type":"pronunciation"},{"start_time":"29.545","end_time":"30.045","alternatives":[{"confidence":"0.8731","content":"진행도움을"}],"type":"pronunciation"},{"start_time":"30.045","end_time":"30.685","alternatives":[{"confidence":"1.0","content":"드리겠습니다"}],"type":"pronunciation"},{"alternatives":[{"confidence":"0.0","content":"."}],"type":"punctuation"},{"start_time":"33.305","end_time":"33.545","alternatives":[{"confidence":"0.0242","content":"왜냐면"}],"type":"pronunciation"},{"start_time":"33.545","end_time":"33.695","alternatives":[{"confidence":"0.9486","content":"이걸"}],"type":"pronunciation"},{"start_time":"33.695","end_time":"33.845","alternatives":[{"confidence":"0.9765","content":"어떻게"}],"type":"pronunciation"},{"start_time":"33.845","end_time":"34.085","alternatives":[{"confidence":"0.8629","content":"한다는"}],"type":"pronunciation"},{"start_time":"34.085","end_time":"34.265","alternatives":[{"confidence":"0.7334","content":"거예요"}],"type":"pronunciation"},{"alternatives":[{"confidence":"0.0","content":"."}],"type":"punctuation"},{"start_time":"34.635","end_time":"34.985","alternatives":[{"confidence":"0.9958","content":"일단은"}],"type":"pronunciation"},{"start_time":"34.985","end_time":"35.295","alternatives":[{"confidence":"1.0","content":"저희가"}],"type":"pronunciation"},{"start_time":"35.295","end_time":"36.005","alternatives":[{"confidence":"1.0","content":"지원금을"}],"type":"pronunciation"},{"start_time":"36.005","end_time":"36.745","alternatives":[{"confidence":"0.8336","content":"통해서"}],"type":"pronunciation"},{"start_time":"37.075","end_time":"37.425","alternatives":[{"confidence":"0.12045","content":"완납"}],"type":"pronunciation"},{"start_time":"37.425","end_time":"37.675","alternatives":[{"confidence":"0.1761","content":"처리를"}],"type":"pronunciation"},{"start_time":"37.675","end_time":"37.915","alternatives":[{"confidence":"0.8287","content":"되셔야"}],"type":"pronunciation"},{"start_time":"37.915","end_time":"38.195","alternatives":[{"confidence":"0.9982","content":"하지만"}],"type":"pronunciation"},{"start_time":"38.195","end_time":"38.695","alternatives":[{"confidence":"0.7737","content":"전산이란"}],"type":"pronunciation"},{"start_time":"38.695","end_time":"38.875","alternatives":[{"confidence":"0.575","content":"저희"}],"type":"pronunciation"},{"start_time":"38.905","end_time":"39.265","alternatives":[{"confidence":"0.999","content":"자체가"}],"type":"pronunciation"},{"start_time":"39.265","end_time":"39.655","alternatives":[{"confidence":"0.7538","content":"삼백만원"}],"type":"pronunciation"},{"alternatives":[{"confidence":"0.0","content":"."}],"type":"punctuation"},{"start_time":"39.655","end_time":"39.935","alternatives":[{"confidence":"0.5119","content":"내년"}],"type":"pronunciation"},{"start_time":"40.7","end_time":"40.89","alternatives":[{"confidence":"0.8811","content":"근데"}],"type":"pronunciation"},{"start_time":"40.89","end_time":"41.35","alternatives":[{"confidence":"0.7841","content":"고객님께서"}],"type":"pronunciation"},{"start_time":"41.35","end_time":"41.53","alternatives":[{"confidence":"0.9872","content":"예를"}],"type":"pronunciation"},{"start_time":"41.53","end_time":"41.91","alternatives":[{"confidence":"0.9962","content":"들어서"}],"type":"pronunciation"},{"start_time":"42.15","end_time":"43.31","alternatives":[{"confidence":"0.7647333333333334","content":"컴저축은행의"}],"type":"pronunciation"},{"start_time":"43.37","end_time":"43.61","alternatives":[{"confidence":"0.7956","content":"한"}],"type":"pronunciation"},{"start_time":"44.22","end_time":"44.67","alternatives":[{"confidence":"0.71575","content":"삼백만"}],"type":"pronunciation"},{"start_time":"44.67","end_time":"44.91","alternatives":[{"confidence":"0.5758","content":"정도의"}],"type":"pronunciation"},{"start_time":"45.0","end_time":"45.53","alternatives":[{"confidence":"0.73515","content":"본인상황을"}],"type":"pronunciation"},{"start_time":"45.53","end_time":"45.85","alternatives":[{"confidence":"0.8382","content":"하셨다"}],"type":"pronunciation"},{"alternatives":[{"confidence":"0.0","content":"."}],"type":"punctuation"},{"start_time":"45.85","end_time":"45.98","alternatives":[{"confidence":"0.2416","content":"막"}],"type":"pronunciation"},{"start_time":"46.04","end_time":"46.36","alternatives":[{"confidence":"0.5171","content":"천만원"}],"type":"pronunciation"},{"start_time":"46.36","end_time":"47.27","alternatives":[{"confidence":"0.8956","content":"남으셨잖아요"}],"type":"pronunciation"},{"alternatives":[{"confidence":"0.0","content":"."}],"type":"punctuation"},{"start_time":"48.22","end_time":"48.43","alternatives":[{"confidence":"0.8383","content":"그럼"}],"type":"pronunciation"},{"start_time":"48.43","end_time":"49.02","alternatives":[{"confidence":"0.7478","content":"칠백만원을"}],"type":"pronunciation"},{"start_time":"49.02","end_time":"49.57","alternatives":[{"confidence":"1.0","content":"저희가"}],"type":"pronunciation"},{"start_time":"49.6","end_time":"50.08","alternatives":[{"confidence":"0.8784000000000001","content":"지원금은"}],"type":"pronunciation"},{"start_time":"50.08","end_time":"50.34","alternatives":[{"confidence":"0.9927","content":"나가야"}],"type":"pronunciation"},{"start_time":"50.34","end_time":"50.68","alternatives":[{"confidence":"0.9812","content":"된다는"}],"type":"pronunciation"},{"start_time":"50.68","end_time":"51.68","alternatives":[{"confidence":"0.9984500000000001","content":"얘기잖아요"}],"type":"pronunciation"},{"alternatives":[{"confidence":"0.0","content":"."}],"type":"punctuation"},{"start_time":"52.19","end_time":"52.3","alternatives":[{"confidence":"0.4786","content":"네"}],"type":"pronunciation"},{"alternatives":[{"confidence":"0.0","content":"."}],"type":"punctuation"},{"start_time":"52.3","end_time":"52.55","alternatives":[{"confidence":"0.979","content":"그렇게"}],"type":"pronunciation"},{"start_time":"52.55","end_time":"53.81","alternatives":[{"confidence":"0.9988","content":"되면"}],"type":"pronunciation"},{"start_time":"53.87","end_time":"54.39","alternatives":[{"confidence":"1.0","content":"저희가"}],"type":"pronunciation"},{"start_time":"57.24","end_time":"57.73","alternatives":[{"confidence":"0.9723","content":"한"}],"type":"pronunciation"},{"start_time":"57.73","end_time":"58.49","alternatives":[{"confidence":"0.9444","content":"천오백만원"}],"type":"pronunciation"},{"start_time":"58.49","end_time":"58.94","alternatives":[{"confidence":"0.5018","content":"정도"}],"type":"pronunciation"},{"start_time":"59.69","end_time":"60.21","alternatives":[{"confidence":"0.9653","content":"까지"}],"type":"pronunciation"},{"start_time":"60.24","end_time":"60.81","alternatives":[{"confidence":"0.8416","content":"대출승인을"}],"type":"pronunciation"},{"start_time":"60.81","end_time":"61.11","alternatives":[{"confidence":"0.7496499999999999","content":"내얻을"}],"type":"pronunciation"},{"start_time":"61.11","end_time":"61.27","alternatives":[{"confidence":"0.5295","content":"수가"}],"type":"pronunciation"},{"start_time":"61.27","end_time":"61.51","alternatives":[{"confidence":"0.9407","content":"있다는"}],"type":"pronunciation"},{"start_time":"61.51","end_time":"61.89","alternatives":[{"confidence":"0.9975499999999999","content":"얘기죠"}],"type":"pronunciation"},{"alternatives":[{"confidence":"0.0","content":"."}],"type":"punctuation"},{"start_time":"64.94","end_time":"65.46","alternatives":[{"confidence":"0.19495","content":"설명하면"}],"type":"pronunciation"},{"start_time":"65.94","end_time":"66.17","alternatives":[{"confidence":"1.0","content":"저희가"}],"type":"pronunciation"},{"start_time":"66.17","end_time":"66.61","alternatives":[{"confidence":"0.99505","content":"지원금이"}],"type":"pronunciation"},{"start_time":"66.61","end_time":"66.88","alternatives":[{"confidence":"0.9872","content":"만약에"}],"type":"pronunciation"},{"start_time":"66.88","end_time":"67.33","alternatives":[{"confidence":"0.7993","content":"칠백만원"}],"type":"pronunciation"},{"start_time":"67.33","end_time":"68.41","alternatives":[{"confidence":"1.0","content":"나갔으니까"}],"type":"pronunciation"},{"alternatives":[{"confidence":"0.0","content":"."}],"type":"punctuation"},{"start_time":"68.92","end_time":"69.19","alternatives":[{"confidence":"0.8432","content":"근데"}],"type":"pronunciation"},{"start_time":"69.19","end_time":"69.4","alternatives":[{"confidence":"0.3226","content":"고기"}],"type":"pronunciation"},{"start_time":"69.4","end_time":"69.62","alternatives":[{"confidence":"0.8161","content":"님이"}],"type":"pronunciation"},{"start_time":"69.62","end_time":"69.85","alternatives":[{"confidence":"0.4455","content":"받아"}],"type":"pronunciation"},{"start_time":"69.85","end_time":"70.45","alternatives":[{"confidence":"0.8691","content":"보신"}],"type":"pronunciation"},{"start_time":"70.48","end_time":"70.7","alternatives":[{"confidence":"0.5835","content":"받아"}],"type":"pronunciation"},{"start_time":"70.7","end_time":"71.0","alternatives":[{"confidence":"0.9363","content":"보시는"}],"type":"pronunciation"},{"start_time":"71.0","end_time":"71.19","alternatives":[{"confidence":"0.47","content":"것은"}],"type":"pronunciation"},{"start_time":"71.19","end_time":"71.73","alternatives":[{"confidence":"0.4483","content":"팔백만원을"}],"type":"pronunciation"},{"start_time":"71.76","end_time":"71.97","alternatives":[{"confidence":"0.8268","content":"받아"}],"type":"pronunciation"},{"start_time":"71.97","end_time":"72.23","alternatives":[{"confidence":"0.9989","content":"보시면"}],"type":"pronunciation"},{"start_time":"72.23","end_time":"72.41","alternatives":[{"confidence":"0.9998","content":"되죠"}],"type":"pronunciation"},{"alternatives":[{"confidence":"0.0","content":"."}],"type":"punctuation"},{"start_time":"72.41","end_time":"72.59","alternatives":[{"confidence":"0.942","content":"저희"}],"type":"pronunciation"},{"start_time":"72.59","end_time":"73.14","alternatives":[{"confidence":"0.7367","content":"대출금을"}],"type":"pronunciation"},{"start_time":"74.53","end_time":"75.12","alternatives":[{"confidence":"0.30255","content":"네네네"}],"type":"pronunciation"},{"alternatives":[{"confidence":"0.0","content":"."}],"type":"punctuation"},{"start_time":"75.62","end_time":"75.83","alternatives":[{"confidence":"0.6451","content":"그니까"}],"type":"pronunciation"},{"start_time":"75.86","end_time":"76.05","alternatives":[{"confidence":"1.0","content":"제가"}],"type":"pronunciation"},{"start_time":"76.05","end_time":"77.72","alternatives":[{"confidence":"0.7515499999999999","content":"말씀드렸어느정도"}],"type":"pronunciation"},{"start_time":"77.72","end_time":"78.8","alternatives":[{"confidence":"0.991","content":"금액이라도"}],"type":"pronunciation"},{"start_time":"79.18","end_time":"79.57","alternatives":[{"confidence":"0.4238","content":"대통령"}],"type":"pronunciation"},{"start_time":"79.57","end_time":"79.93","alternatives":[{"confidence":"0.9832","content":"자금이"}],"type":"pronunciation"},{"start_time":"79.93","end_time":"80.07","alternatives":[{"confidence":"0.9968","content":"좀"}],"type":"pronunciation"},{"start_time":"80.07","end_time":"80.93","alternatives":[{"confidence":"0.37275","content":"되시면은"}],"type":"pronunciation"},{"start_time":"81.24","end_time":"81.46","alternatives":[{"confidence":"0.9775","content":"제가"}],"type":"pronunciation"},{"start_time":"81.5","end_time":"82.0","alternatives":[{"confidence":"0.99985","content":"지원금을"}],"type":"pronunciation"},{"start_time":"82.0","end_time":"82.24","alternatives":[{"confidence":"0.9568000000000001","content":"해드릴"}],"type":"pronunciation"},{"start_time":"82.24","end_time":"82.36","alternatives":[{"confidence":"1.0","content":"수"}],"type":"pronunciation"},{"start_time":"82.36","end_time":"82.68","alternatives":[{"confidence":"0.9966","content":"있는지"}],"type":"pronunciation"},{"start_time":"82.68","end_time":"83.31","alternatives":[{"confidence":"0.8848499999999999","content":"없는여부를"}],"type":"pronunciation"},{"alternatives":[{"confidence":"0.0","content":"."}],"type":"punctuation"},{"start_time":"83.31","end_time":"83.51","alternatives":[{"confidence":"0.998","content":"제가"}],"type":"pronunciation"},{"start_time":"83.51","end_time":"83.84","alternatives":[{"confidence":"0.9315","content":"한번"}],"type":"pronunciation"},{"start_time":"83.84","end_time":"84.24","alternatives":[{"confidence":"0.4353","content":"심각하다"}],"type":"pronunciation"},{"start_time":"84.24","end_time":"84.49","alternatives":[{"confidence":"0.5858","content":"님께"}],"type":"pronunciation"},{"start_time":"84.49","end_time":"85.51","alternatives":[{"confidence":"0.9003333333333333","content":"여쭤볼테니까"}],"type":"pronunciation"},{"start_time":"85.6","end_time":"85.88","alternatives":[{"confidence":"0.9998","content":"저한테"}],"type":"pronunciation"},{"start_time":"85.88","end_time":"86.38","alternatives":[{"confidence":"1.0","content":"말씀을"}],"type":"pronunciation"},{"start_time":"86.38","end_time":"86.61","alternatives":[{"confidence":"0.9934","content":"미리"}],"type":"pronunciation"},{"start_time":"86.61","end_time":"86.91","alternatives":[{"confidence":"0.9995","content":"좀"}],"type":"pronunciation"},{"start_time":"86.91","end_time":"87.3","alternatives":[{"confidence":"0.7611","content":"하시라는"}],"type":"pronunciation"},{"start_time":"87.3","end_time":"87.65","alternatives":[{"confidence":"0.9955499999999999","content":"얘기죠"}],"type":"pronunciation"},{"alternatives":[{"confidence":"0.0","content":"."}],"type":"punctuation"},{"start_time":"87.65","end_time":"87.87","alternatives":[{"confidence":"0.988","content":"그렇게"}],"type":"pronunciation"},{"start_time":"87.87","end_time":"88.07","alternatives":[{"confidence":"0.9985","content":"되면"}],"type":"pronunciation"},{"start_time":"88.07","end_time":"88.57","alternatives":[{"confidence":"0.8191999999999999","content":"진행사항을"}],"type":"pronunciation"},{"start_time":"88.57","end_time":"88.69","alternatives":[{"confidence":"0.9848","content":"제가"}],"type":"pronunciation"},{"start_time":"88.69","end_time":"89.12","alternatives":[{"confidence":"0.9232","content":"말씀드린"}],"type":"pronunciation"},{"start_time":"89.12","end_time":"89.28","alternatives":[{"confidence":"0.5464","content":"다는"}],"type":"pronunciation"},{"start_time":"89.28","end_time":"89.69","alternatives":[{"confidence":"0.5327","content":"얘기입니다"}],"type":"pronunciation"},{"alternatives":[{"confidence":"0.0","content":"."}],"type":"punctuation"},{"start_time":"91.07","end_time":"91.49","alternatives":[{"confidence":"0.7355","content":"알겠습니다"}],"type":"pronunciation"},{"alternatives":[{"confidence":"0.0","content":"."}],"type":"punctuation"}]},"status":"COMPLETED"}