{"jobName":"transcribe_loan33","accountId":"097989105209","results":{"transcripts":[{"transcript":"안녕하세요. 대출해서 합니다. 혹시 작은 필요한 것인가? 이번 네요. 더 중요한데요 카드 대출 해요 필요 없는 카드대출 고객님저희는 모두 다 가능하시고 고객님맞는 상품으로 안내해 주세요. 저금리로 해서"}],"items":[{"start_time":"0.0","end_time":"0.3","alternatives":[{"confidence":"0.9782","content":"안녕하세요"}],"type":"pronunciation"},{"alternatives":[{"confidence":"0.0","content":"."}],"type":"punctuation"},{"start_time":"0.33","end_time":"0.77","alternatives":[{"confidence":"0.28685","content":"대출해서"}],"type":"pronunciation"},{"start_time":"0.77","end_time":"1.07","alternatives":[{"confidence":"0.9363","content":"합니다"}],"type":"pronunciation"},{"alternatives":[{"confidence":"0.0","content":"."}],"type":"punctuation"},{"start_time":"1.07","end_time":"1.4","alternatives":[{"confidence":"1.0","content":"혹시"}],"type":"pronunciation"},{"start_time":"1.43","end_time":"1.77","alternatives":[{"confidence":"0.9694","content":"작은"}],"type":"pronunciation"},{"start_time":"1.77","end_time":"2.06","alternatives":[{"confidence":"0.9812","content":"필요한"}],"type":"pronunciation"},{"start_time":"2.06","end_time":"2.58","alternatives":[{"confidence":"0.7484","content":"것인가"}],"type":"pronunciation"},{"alternatives":[{"confidence":"0.0","content":"?"}],"type":"punctuation"},{"start_time":"2.58","end_time":"2.78","alternatives":[{"confidence":"0.4498","content":"이번"}],"type":"pronunciation"},{"start_time":"2.78","end_time":"3.17","alternatives":[{"confidence":"0.9849","content":"네요"}],"type":"pronunciation"},{"alternatives":[{"confidence":"0.0","content":"."}],"type":"punctuation"},{"start_time":"3.97","end_time":"4.09","alternatives":[{"confidence":"0.1965","content":"더"}],"type":"pronunciation"},{"start_time":"4.09","end_time":"4.76","alternatives":[{"confidence":"0.9969","content":"중요한데요"}],"type":"pronunciation"},{"start_time":"6.97","end_time":"7.28","alternatives":[{"confidence":"0.5012","content":"카드"}],"type":"pronunciation"},{"start_time":"7.28","end_time":"7.63","alternatives":[{"confidence":"0.2636","content":"대출"}],"type":"pronunciation"},{"start_time":"7.63","end_time":"7.91","alternatives":[{"confidence":"0.0937","content":"해요"}],"type":"pronunciation"},{"start_time":"8.24","end_time":"8.44","alternatives":[{"confidence":"0.9207","content":"필요"}],"type":"pronunciation"},{"start_time":"8.44","end_time":"8.67","alternatives":[{"confidence":"0.9848","content":"없는"}],"type":"pronunciation"},{"start_time":"8.67","end_time":"9.42","alternatives":[{"confidence":"0.67605","content":"카드대출"}],"type":"pronunciation"},{"start_time":"13.58","end_time":"15.2","alternatives":[{"confidence":"0.495","content":"고객님저희는"}],"type":"pronunciation"},{"start_time":"15.2","end_time":"15.5","alternatives":[{"confidence":"0.3824","content":"모두"}],"type":"pronunciation"},{"start_time":"15.99","end_time":"16.13","alternatives":[{"confidence":"0.933","content":"다"}],"type":"pronunciation"},{"start_time":"16.13","end_time":"17.25","alternatives":[{"confidence":"0.8029999999999999","content":"가능하시고"}],"type":"pronunciation"},{"start_time":"17.58","end_time":"19.55","alternatives":[{"confidence":"0.9515499999999999","content":"고객님맞는"}],"type":"pronunciation"},{"start_time":"19.55","end_time":"20.08","alternatives":[{"confidence":"0.8736","content":"상품으로"}],"type":"pronunciation"},{"start_time":"20.08","end_time":"20.35","alternatives":[{"confidence":"0.59405","content":"안내해"}],"type":"pronunciation"},{"start_time":"20.35","end_time":"20.63","alternatives":[{"confidence":"0.3436","content":"주세요"}],"type":"pronunciation"},{"alternatives":[{"confidence":"0.0","content":"."}],"type":"punctuation"},{"start_time":"20.63","end_time":"21.16","alternatives":[{"confidence":"0.5972666666666667","content":"저금리로"}],"type":"pronunciation"},{"start_time":"21.16","end_time":"21.58","alternatives":[{"confidence":"0.0674","content":"해서"}],"type":"pronunciation"}]},"status":"COMPLETED"}