{"jobName":"transcribe_loan65","accountId":"097989105209","results":{"transcripts":[{"transcript":"어디 저축은행나왔었죠 삼성저축은행이요 삼성 이해가 안 가시면 제가 다시 한번 설명을 드릴게요. 인질셰같은 경우에는 고객님께서 구십사만원이나 자금 자체를 실질적으로 보내주셔야 대출권이 나가시는게 아니시고요 대출 자금에 대해서 구십사만원이 제외되고 나가시는게 아니에요. 쉽개발해서 이 구십사만 이나 자금 자체를 고객님돈으로 처리를 하는 게 아니라 저희 금융업체저희 삼성저축은행회사자금을 해드렸다가 대출금이 나가시면 다시 삼성저축구십사 만원 다시 저희쪽 회사쪽으로 돌려받는 금액입니다. 근데 이거는 명의 자체가 국민의 명의로 신고부분 때문에 고객님"}],"items":[{"start_time":"2.3","end_time":"2.52","alternatives":[{"confidence":"0.6187","content":"어디"}],"type":"pronunciation"},{"start_time":"2.52","end_time":"3.23","alternatives":[{"confidence":"0.8294333333333332","content":"저축은행나왔었죠"}],"type":"pronunciation"},{"start_time":"4.64","end_time":"6.23","alternatives":[{"confidence":"0.8574","content":"삼성저축은행이요"}],"type":"pronunciation"},{"start_time":"6.26","end_time":"6.58","alternatives":[{"confidence":"0.8189","content":"삼성"}],"type":"pronunciation"},{"start_time":"8.51","end_time":"8.9","alternatives":[{"confidence":"1.0","content":"이해가"}],"type":"pronunciation"},{"start_time":"8.9","end_time":"9.04","alternatives":[{"confidence":"0.7941","content":"안"}],"type":"pronunciation"},{"start_time":"9.04","end_time":"9.51","alternatives":[{"confidence":"0.96355","content":"가시면"}],"type":"pronunciation"},{"start_time":"9.51","end_time":"9.7","alternatives":[{"confidence":"0.9988","content":"제가"}],"type":"pronunciation"},{"start_time":"9.7","end_time":"9.94","alternatives":[{"confidence":"0.9975","content":"다시"}],"type":"pronunciation"},{"start_time":"9.94","end_time":"10.19","alternatives":[{"confidence":"0.892","content":"한번"}],"type":"pronunciation"},{"start_time":"10.19","end_time":"10.62","alternatives":[{"confidence":"0.9981","content":"설명을"}],"type":"pronunciation"},{"start_time":"10.62","end_time":"11.69","alternatives":[{"confidence":"0.9764","content":"드릴게요"}],"type":"pronunciation"},{"alternatives":[{"confidence":"0.0","content":"."}],"type":"punctuation"},{"start_time":"12.02","end_time":"12.8","alternatives":[{"confidence":"0.6598","content":"인질셰같은"}],"type":"pronunciation"},{"start_time":"12.8","end_time":"13.37","alternatives":[{"confidence":"1.0","content":"경우에는"}],"type":"pronunciation"},{"start_time":"13.67","end_time":"14.78","alternatives":[{"confidence":"0.90785","content":"고객님께서"}],"type":"pronunciation"},{"start_time":"14.84","end_time":"15.85","alternatives":[{"confidence":"0.62954","content":"구십사만원이나"}],"type":"pronunciation"},{"start_time":"15.85","end_time":"16.25","alternatives":[{"confidence":"0.564","content":"자금"}],"type":"pronunciation"},{"start_time":"16.25","end_time":"16.97","alternatives":[{"confidence":"1.0","content":"자체를"}],"type":"pronunciation"},{"start_time":"17.12","end_time":"17.62","alternatives":[{"confidence":"0.1564","content":"실질적으로"}],"type":"pronunciation"},{"start_time":"17.62","end_time":"18.53","alternatives":[{"confidence":"0.965","content":"보내주셔야"}],"type":"pronunciation"},{"start_time":"18.53","end_time":"19.11","alternatives":[{"confidence":"0.76385","content":"대출권이"}],"type":"pronunciation"},{"start_time":"19.11","end_time":"19.78","alternatives":[{"confidence":"0.9311499999999999","content":"나가시는게"}],"type":"pronunciation"},{"start_time":"19.78","end_time":"20.86","alternatives":[{"confidence":"0.8795333333333333","content":"아니시고요"}],"type":"pronunciation"},{"start_time":"21.48","end_time":"21.87","alternatives":[{"confidence":"0.6131","content":"대출"}],"type":"pronunciation"},{"start_time":"21.87","end_time":"22.41","alternatives":[{"confidence":"0.98845","content":"자금에"}],"type":"pronunciation"},{"start_time":"22.41","end_time":"23.15","alternatives":[{"confidence":"0.9472","content":"대해서"}],"type":"pronunciation"},{"start_time":"23.45","end_time":"24.82","alternatives":[{"confidence":"0.61112","content":"구십사만원이"}],"type":"pronunciation"},{"start_time":"24.95","end_time":"25.61","alternatives":[{"confidence":"0.91845","content":"제외되고"}],"type":"pronunciation"},{"start_time":"25.61","end_time":"26.18","alternatives":[{"confidence":"0.84485","content":"나가시는게"}],"type":"pronunciation"},{"start_time":"26.18","end_time":"27.01","alternatives":[{"confidence":"1.0","content":"아니에요"}],"type":"pronunciation"},{"alternatives":[{"confidence":"0.0","content":"."}],"type":"punctuation"},{"start_time":"27.71","end_time":"28.46","alternatives":[{"confidence":"0.9105","content":"쉽개발해서"}],"type":"pronunciation"},{"start_time":"28.46","end_time":"28.68","alternatives":[{"confidence":"0.9185","content":"이"}],"type":"pronunciation"},{"start_time":"28.68","end_time":"29.46","alternatives":[{"confidence":"0.87635","content":"구십사만"}],"type":"pronunciation"},{"start_time":"29.46","end_time":"29.62","alternatives":[{"confidence":"0.9694","content":"이나"}],"type":"pronunciation"},{"start_time":"29.62","end_time":"30.02","alternatives":[{"confidence":"0.5649","content":"자금"}],"type":"pronunciation"},{"start_time":"30.02","end_time":"30.69","alternatives":[{"confidence":"0.9999","content":"자체를"}],"type":"pronunciation"},{"start_time":"30.93","end_time":"31.91","alternatives":[{"confidence":"0.999","content":"고객님돈으로"}],"type":"pronunciation"},{"start_time":"31.91","end_time":"32.28","alternatives":[{"confidence":"0.9979","content":"처리를"}],"type":"pronunciation"},{"start_time":"32.28","end_time":"32.48","alternatives":[{"confidence":"0.9318","content":"하는"}],"type":"pronunciation"},{"start_time":"32.48","end_time":"32.6","alternatives":[{"confidence":"0.9328","content":"게"}],"type":"pronunciation"},{"start_time":"32.6","end_time":"33.18","alternatives":[{"confidence":"0.9726","content":"아니라"}],"type":"pronunciation"},{"start_time":"33.42","end_time":"33.65","alternatives":[{"confidence":"0.8985","content":"저희"}],"type":"pronunciation"},{"start_time":"33.65","end_time":"35.46","alternatives":[{"confidence":"0.7492333333333333","content":"금융업체저희"}],"type":"pronunciation"},{"start_time":"35.47","end_time":"37.64","alternatives":[{"confidence":"0.7105","content":"삼성저축은행회사자금을"}],"type":"pronunciation"},{"start_time":"38.07","end_time":"39.1","alternatives":[{"confidence":"0.9055333333333334","content":"해드렸다가"}],"type":"pronunciation"},{"start_time":"39.41","end_time":"40.09","alternatives":[{"confidence":"0.94455","content":"대출금이"}],"type":"pronunciation"},{"start_time":"40.09","end_time":"40.8","alternatives":[{"confidence":"0.99595","content":"나가시면"}],"type":"pronunciation"},{"start_time":"40.8","end_time":"41.08","alternatives":[{"confidence":"0.9711","content":"다시"}],"type":"pronunciation"},{"start_time":"41.29","end_time":"43.06","alternatives":[{"confidence":"0.7745666666666667","content":"삼성저축구십사"}],"type":"pronunciation"},{"start_time":"43.06","end_time":"43.42","alternatives":[{"confidence":"0.7809","content":"만원"}],"type":"pronunciation"},{"start_time":"43.42","end_time":"43.66","alternatives":[{"confidence":"0.9695","content":"다시"}],"type":"pronunciation"},{"start_time":"43.66","end_time":"44.04","alternatives":[{"confidence":"0.5952500000000001","content":"저희쪽"}],"type":"pronunciation"},{"start_time":"44.04","end_time":"44.66","alternatives":[{"confidence":"0.76865","content":"회사쪽으로"}],"type":"pronunciation"},{"start_time":"44.66","end_time":"45.3","alternatives":[{"confidence":"0.9680500000000001","content":"돌려받는"}],"type":"pronunciation"},{"start_time":"45.3","end_time":"45.98","alternatives":[{"confidence":"0.9957499999999999","content":"금액입니다"}],"type":"pronunciation"},{"alternatives":[{"confidence":"0.0","content":"."}],"type":"punctuation"},{"start_time":"46.63","end_time":"47.26","alternatives":[{"confidence":"0.9958","content":"근데"}],"type":"pronunciation"},{"start_time":"47.83","end_time":"48.32","alternatives":[{"confidence":"0.9999","content":"이거는"}],"type":"pronunciation"},{"start_time":"48.32","end_time":"48.69","alternatives":[{"confidence":"0.7191","content":"명의"}],"type":"pronunciation"},{"start_time":"48.69","end_time":"49.06","alternatives":[{"confidence":"0.9966","content":"자체가"}],"type":"pronunciation"},{"start_time":"49.06","end_time":"49.84","alternatives":[{"confidence":"0.7938","content":"국민의"}],"type":"pronunciation"},{"start_time":"49.84","end_time":"50.34","alternatives":[{"confidence":"1.0","content":"명의로"}],"type":"pronunciation"},{"start_time":"50.34","end_time":"51.47","alternatives":[{"confidence":"0.84955","content":"신고부분"}],"type":"pronunciation"},{"start_time":"51.47","end_time":"52.15","alternatives":[{"confidence":"0.9991","content":"때문에"}],"type":"pronunciation"},{"start_time":"52.18","end_time":"52.59","alternatives":[{"confidence":"0.2275","content":"고객님"}],"type":"pronunciation"}]},"status":"COMPLETED"}