{"jobName":"transcribe_loan91","accountId":"097989105209","results":{"transcripts":[{"transcript":"예. 그니까 이천십칠년 십일월 삼십일 목요일 오후 2 시 사십사 분에 지금 침해저축은행에서 전화를 드렸고요. 저는 금융조사팀의 이상진 부장이라고 합니다. 고객님께서 대출하신 삼천오백만원 개월에서 육십 개월금리 구점칠 퍼센트 월 납입금액칠십팔 칠십삼 만 팔천사백구십 일 원 기존 대출을 보이는 오천 만원으로 상향조치를 해드릴 거고요. 금리는 칠 점 팔 프로 약 일점구프로 정도 인하된 금리로 이제 대출나가시는데 연체금리는 동일하게 십팔 점 구 프로 동일하시고요 만약에 오늘 금요일 오후 여섯시 이전에 모든 일처리가 마무리되지 않고 또다시 어떤 상황이 발생한다면 그 부분에 대해서는 주식회사 친해져 은행에서 모든 책임을 질 것이며 만약 대출금지급이 거절듯이 그 부분에 대해서는 제가 제 사비로 제가 직접 대출을 받아서 거기 님한테 오천만원 송금을 해드리겠습니다. 이 부분에 대해서는 저희가 뭐 약속을 해드릴 수가 있고요. 제가 그렇죠. 더라고요. 근데 또 이러니까 부분에 대해서는 제가 정말 죄송하게 생각을 드리고요. 물론 누군가가 잘못을 했기 때문에 이런 상황이 발생이 됐을 겁니다. 누구의 잘잘못을 따지기보다는 서로에게 좀 더 나은 방향으로 일처리를 하는 게 서로에게 좋기 때문에 최선의 방법이라고 생각을 해가지고 제가 그 부분에 대해서 제안을 해드렸던거고요 더 이상 문제되는 건 없으니까 이제는 마음 편히 있으셔도 될 것 같습니다. 죄송합니다. 아무튼 예. 얼마나 걸리시죠. 예, 알겠습니다."}],"items":[{"start_time":"0.0","end_time":"0.29","alternatives":[{"confidence":"0.9224","content":"예"}],"type":"pronunciation"},{"alternatives":[{"confidence":"0.0","content":"."}],"type":"punctuation"},{"start_time":"0.32","end_time":"0.62","alternatives":[{"confidence":"0.4794","content":"그니까"}],"type":"pronunciation"},{"start_time":"0.68","end_time":"2.0","alternatives":[{"confidence":"0.75815","content":"이천십칠년"}],"type":"pronunciation"},{"start_time":"2.03","end_time":"2.45","alternatives":[{"confidence":"0.8645","content":"십일월"}],"type":"pronunciation"},{"start_time":"2.45","end_time":"3.2","alternatives":[{"confidence":"1.0","content":"삼십일"}],"type":"pronunciation"},{"start_time":"3.2","end_time":"3.68","alternatives":[{"confidence":"0.9971","content":"목요일"}],"type":"pronunciation"},{"start_time":"3.68","end_time":"3.99","alternatives":[{"confidence":"1.0","content":"오후"}],"type":"pronunciation"},{"start_time":"3.99","end_time":"4.14","alternatives":[{"confidence":"0.7431","content":"2"}],"type":"pronunciation"},{"start_time":"4.14","end_time":"4.27","alternatives":[{"confidence":"0.9723","content":"시"}],"type":"pronunciation"},{"start_time":"4.27","end_time":"4.75","alternatives":[{"confidence":"0.4604","content":"사십사"}],"type":"pronunciation"},{"start_time":"4.75","end_time":"5.06","alternatives":[{"confidence":"0.5101","content":"분에"}],"type":"pronunciation"},{"start_time":"5.06","end_time":"5.59","alternatives":[{"confidence":"0.9277","content":"지금"}],"type":"pronunciation"},{"start_time":"5.91","end_time":"6.9","alternatives":[{"confidence":"0.8015666666666666","content":"침해저축은행에서"}],"type":"pronunciation"},{"start_time":"6.9","end_time":"7.2","alternatives":[{"confidence":"1.0","content":"전화를"}],"type":"pronunciation"},{"start_time":"7.2","end_time":"7.83","alternatives":[{"confidence":"0.99535","content":"드렸고요"}],"type":"pronunciation"},{"alternatives":[{"confidence":"0.0","content":"."}],"type":"punctuation"},{"start_time":"7.87","end_time":"8.41","alternatives":[{"confidence":"0.9976","content":"저는"}],"type":"pronunciation"},{"start_time":"8.41","end_time":"9.57","alternatives":[{"confidence":"0.7404000000000001","content":"금융조사팀의"}],"type":"pronunciation"},{"start_time":"9.6","end_time":"10.39","alternatives":[{"confidence":"0.9553499999999999","content":"이상진"}],"type":"pronunciation"},{"start_time":"10.39","end_time":"10.88","alternatives":[{"confidence":"0.973","content":"부장이라고"}],"type":"pronunciation"},{"start_time":"10.88","end_time":"11.34","alternatives":[{"confidence":"0.9991","content":"합니다"}],"type":"pronunciation"},{"alternatives":[{"confidence":"0.0","content":"."}],"type":"punctuation"},{"start_time":"11.34","end_time":"11.86","alternatives":[{"confidence":"0.89255","content":"고객님께서"}],"type":"pronunciation"},{"start_time":"11.86","end_time":"12.58","alternatives":[{"confidence":"0.6395","content":"대출하신"}],"type":"pronunciation"},{"start_time":"12.58","end_time":"13.58","alternatives":[{"confidence":"0.8412666666666667","content":"삼천오백만원"}],"type":"pronunciation"},{"start_time":"13.61","end_time":"13.99","alternatives":[{"confidence":"0.9066000000000001","content":"개월에서"}],"type":"pronunciation"},{"start_time":"13.99","end_time":"14.24","alternatives":[{"confidence":"0.9488","content":"육십"}],"type":"pronunciation"},{"start_time":"14.24","end_time":"15.26","alternatives":[{"confidence":"0.9086","content":"개월금리"}],"type":"pronunciation"},{"start_time":"15.26","end_time":"15.8","alternatives":[{"confidence":"0.9539","content":"구점칠"}],"type":"pronunciation"},{"start_time":"15.8","end_time":"16.12","alternatives":[{"confidence":"0.0997","content":"퍼센트"}],"type":"pronunciation"},{"start_time":"16.27","end_time":"16.47","alternatives":[{"confidence":"0.9069","content":"월"}],"type":"pronunciation"},{"start_time":"16.47","end_time":"17.77","alternatives":[{"confidence":"0.9575666666666667","content":"납입금액칠십팔"}],"type":"pronunciation"},{"start_time":"17.78","end_time":"18.31","alternatives":[{"confidence":"0.3148","content":"칠십삼"}],"type":"pronunciation"},{"start_time":"18.31","end_time":"18.46","alternatives":[{"confidence":"0.4457","content":"만"}],"type":"pronunciation"},{"start_time":"18.46","end_time":"19.46","alternatives":[{"confidence":"0.6094","content":"팔천사백구십"}],"type":"pronunciation"},{"start_time":"19.46","end_time":"19.64","alternatives":[{"confidence":"0.6725","content":"일"}],"type":"pronunciation"},{"start_time":"19.64","end_time":"19.8","alternatives":[{"confidence":"0.1408","content":"원"}],"type":"pronunciation"},{"start_time":"20.44","end_time":"20.73","alternatives":[{"confidence":"0.7259","content":"기존"}],"type":"pronunciation"},{"start_time":"20.73","end_time":"21.09","alternatives":[{"confidence":"0.4394","content":"대출을"}],"type":"pronunciation"},{"start_time":"21.09","end_time":"21.4","alternatives":[{"confidence":"0.7938","content":"보이는"}],"type":"pronunciation"},{"start_time":"21.4","end_time":"21.7","alternatives":[{"confidence":"0.7494","content":"오천"}],"type":"pronunciation"},{"start_time":"21.7","end_time":"22.4","alternatives":[{"confidence":"0.9801","content":"만원으로"}],"type":"pronunciation"},{"start_time":"22.4","end_time":"23.16","alternatives":[{"confidence":"0.9989","content":"상향조치를"}],"type":"pronunciation"},{"start_time":"23.16","end_time":"23.49","alternatives":[{"confidence":"0.7703","content":"해드릴"}],"type":"pronunciation"},{"start_time":"23.49","end_time":"24.09","alternatives":[{"confidence":"0.9128000000000001","content":"거고요"}],"type":"pronunciation"},{"alternatives":[{"confidence":"0.0","content":"."}],"type":"punctuation"},{"start_time":"24.47","end_time":"24.99","alternatives":[{"confidence":"0.9901","content":"금리는"}],"type":"pronunciation"},{"start_time":"24.99","end_time":"25.24","alternatives":[{"confidence":"0.732","content":"칠"}],"type":"pronunciation"},{"start_time":"25.24","end_time":"25.53","alternatives":[{"confidence":"0.7653","content":"점"}],"type":"pronunciation"},{"start_time":"25.56","end_time":"26.02","alternatives":[{"confidence":"0.8457","content":"팔"}],"type":"pronunciation"},{"start_time":"26.02","end_time":"26.33","alternatives":[{"confidence":"0.7499","content":"프로"}],"type":"pronunciation"},{"start_time":"26.9","end_time":"27.6","alternatives":[{"confidence":"0.6611","content":"약"}],"type":"pronunciation"},{"start_time":"28.65","end_time":"29.9","alternatives":[{"confidence":"0.7940999999999999","content":"일점구프로"}],"type":"pronunciation"},{"start_time":"29.9","end_time":"30.34","alternatives":[{"confidence":"0.9364","content":"정도"}],"type":"pronunciation"},{"start_time":"30.52","end_time":"31.9","alternatives":[{"confidence":"0.98","content":"인하된"}],"type":"pronunciation"},{"start_time":"32.28","end_time":"32.74","alternatives":[{"confidence":"0.9952","content":"금리로"}],"type":"pronunciation"},{"start_time":"32.74","end_time":"33.12","alternatives":[{"confidence":"0.9955","content":"이제"}],"type":"pronunciation"},{"start_time":"33.15","end_time":"34.08","alternatives":[{"confidence":"0.8494","content":"대출나가시는데"}],"type":"pronunciation"},{"start_time":"34.08","end_time":"34.71","alternatives":[{"confidence":"0.9735666666666667","content":"연체금리는"}],"type":"pronunciation"},{"start_time":"34.71","end_time":"35.14","alternatives":[{"confidence":"1.0","content":"동일하게"}],"type":"pronunciation"},{"start_time":"35.14","end_time":"35.41","alternatives":[{"confidence":"0.4993","content":"십팔"}],"type":"pronunciation"},{"start_time":"35.41","end_time":"35.54","alternatives":[{"confidence":"0.5164","content":"점"}],"type":"pronunciation"},{"start_time":"35.54","end_time":"35.66","alternatives":[{"confidence":"0.6087","content":"구"}],"type":"pronunciation"},{"start_time":"35.66","end_time":"35.87","alternatives":[{"confidence":"0.7428","content":"프로"}],"type":"pronunciation"},{"start_time":"35.87","end_time":"37.0","alternatives":[{"confidence":"0.9841000000000001","content":"동일하시고요"}],"type":"pronunciation"},{"start_time":"38.01","end_time":"38.57","alternatives":[{"confidence":"1.0","content":"만약에"}],"type":"pronunciation"},{"start_time":"38.57","end_time":"39.45","alternatives":[{"confidence":"0.9905","content":"오늘"}],"type":"pronunciation"},{"start_time":"39.45","end_time":"40.07","alternatives":[{"confidence":"0.9937","content":"금요일"}],"type":"pronunciation"},{"start_time":"40.22","end_time":"40.64","alternatives":[{"confidence":"0.9999","content":"오후"}],"type":"pronunciation"},{"start_time":"40.64","end_time":"41.02","alternatives":[{"confidence":"0.6845999999999999","content":"여섯시"}],"type":"pronunciation"},{"start_time":"41.02","end_time":"41.51","alternatives":[{"confidence":"1.0","content":"이전에"}],"type":"pronunciation"},{"start_time":"41.51","end_time":"41.9","alternatives":[{"confidence":"0.9977","content":"모든"}],"type":"pronunciation"},{"start_time":"41.9","end_time":"42.28","alternatives":[{"confidence":"0.6326","content":"일처리가"}],"type":"pronunciation"},{"start_time":"42.28","end_time":"42.81","alternatives":[{"confidence":"0.9347","content":"마무리되지"}],"type":"pronunciation"},{"start_time":"42.81","end_time":"43.35","alternatives":[{"confidence":"0.9826","content":"않고"}],"type":"pronunciation"},{"start_time":"43.6","end_time":"44.14","alternatives":[{"confidence":"0.7866","content":"또다시"}],"type":"pronunciation"},{"start_time":"44.14","end_time":"44.48","alternatives":[{"confidence":"0.9983","content":"어떤"}],"type":"pronunciation"},{"start_time":"44.48","end_time":"44.84","alternatives":[{"confidence":"1.0","content":"상황이"}],"type":"pronunciation"},{"start_time":"44.84","end_time":"45.73","alternatives":[{"confidence":"1.0","content":"발생한다면"}],"type":"pronunciation"},{"start_time":"46.06","end_time":"46.3","alternatives":[{"confidence":"0.9853","content":"그"}],"type":"pronunciation"},{"start_time":"46.3","end_time":"46.67","alternatives":[{"confidence":"1.0","content":"부분에"}],"type":"pronunciation"},{"start_time":"46.67","end_time":"47.33","alternatives":[{"confidence":"0.9993","content":"대해서는"}],"type":"pronunciation"},{"start_time":"47.33","end_time":"47.81","alternatives":[{"confidence":"0.7281","content":"주식회사"}],"type":"pronunciation"},{"start_time":"47.81","end_time":"48.21","alternatives":[{"confidence":"0.7507999999999999","content":"친해져"}],"type":"pronunciation"},{"start_time":"48.34","end_time":"48.92","alternatives":[{"confidence":"0.9946","content":"은행에서"}],"type":"pronunciation"},{"start_time":"48.92","end_time":"49.2","alternatives":[{"confidence":"0.9993","content":"모든"}],"type":"pronunciation"},{"start_time":"49.2","end_time":"49.63","alternatives":[{"confidence":"1.0","content":"책임을"}],"type":"pronunciation"},{"start_time":"49.63","end_time":"49.85","alternatives":[{"confidence":"1.0","content":"질"}],"type":"pronunciation"},{"start_time":"49.85","end_time":"50.45","alternatives":[{"confidence":"1.0","content":"것이며"}],"type":"pronunciation"},{"start_time":"50.85","end_time":"51.28","alternatives":[{"confidence":"1.0","content":"만약"}],"type":"pronunciation"},{"start_time":"51.31","end_time":"52.24","alternatives":[{"confidence":"0.9749666666666666","content":"대출금지급이"}],"type":"pronunciation"},{"start_time":"52.24","end_time":"53.07","alternatives":[{"confidence":"1.0","content":"거절듯이"}],"type":"pronunciation"},{"start_time":"53.1","end_time":"53.28","alternatives":[{"confidence":"0.9903","content":"그"}],"type":"pronunciation"},{"start_time":"53.28","end_time":"53.61","alternatives":[{"confidence":"1.0","content":"부분에"}],"type":"pronunciation"},{"start_time":"53.61","end_time":"53.98","alternatives":[{"confidence":"0.8919","content":"대해서는"}],"type":"pronunciation"},{"start_time":"53.98","end_time":"54.37","alternatives":[{"confidence":"0.9997","content":"제가"}],"type":"pronunciation"},{"start_time":"54.69","end_time":"54.87","alternatives":[{"confidence":"0.9726","content":"제"}],"type":"pronunciation"},{"start_time":"54.88","end_time":"55.37","alternatives":[{"confidence":"0.93825","content":"사비로"}],"type":"pronunciation"},{"start_time":"55.62","end_time":"55.97","alternatives":[{"confidence":"0.9997","content":"제가"}],"type":"pronunciation"},{"start_time":"55.97","end_time":"56.27","alternatives":[{"confidence":"0.9913","content":"직접"}],"type":"pronunciation"},{"start_time":"56.27","end_time":"56.6","alternatives":[{"confidence":"0.9672","content":"대출을"}],"type":"pronunciation"},{"start_time":"56.6","end_time":"56.98","alternatives":[{"confidence":"1.0","content":"받아서"}],"type":"pronunciation"},{"start_time":"56.98","end_time":"57.25","alternatives":[{"confidence":"0.7975","content":"거기"}],"type":"pronunciation"},{"start_time":"57.25","end_time":"57.66","alternatives":[{"confidence":"0.986","content":"님한테"}],"type":"pronunciation"},{"start_time":"57.66","end_time":"58.17","alternatives":[{"confidence":"0.65735","content":"오천만원"}],"type":"pronunciation"},{"start_time":"58.17","end_time":"58.51","alternatives":[{"confidence":"0.8993","content":"송금을"}],"type":"pronunciation"},{"start_time":"58.51","end_time":"59.36","alternatives":[{"confidence":"0.9037","content":"해드리겠습니다"}],"type":"pronunciation"},{"alternatives":[{"confidence":"0.0","content":"."}],"type":"punctuation"},{"start_time":"60.6","end_time":"60.69","alternatives":[{"confidence":"0.2827","content":"이"}],"type":"pronunciation"},{"start_time":"60.69","end_time":"61.0","alternatives":[{"confidence":"1.0","content":"부분에"}],"type":"pronunciation"},{"start_time":"61.0","end_time":"61.32","alternatives":[{"confidence":"0.9989","content":"대해서는"}],"type":"pronunciation"},{"start_time":"61.32","end_time":"61.59","alternatives":[{"confidence":"1.0","content":"저희가"}],"type":"pronunciation"},{"start_time":"61.59","end_time":"61.73","alternatives":[{"confidence":"0.4133","content":"뭐"}],"type":"pronunciation"},{"start_time":"61.76","end_time":"62.15","alternatives":[{"confidence":"0.9638","content":"약속을"}],"type":"pronunciation"},{"start_time":"62.15","end_time":"62.43","alternatives":[{"confidence":"0.7741","content":"해드릴"}],"type":"pronunciation"},{"start_time":"62.43","end_time":"62.65","alternatives":[{"confidence":"0.994","content":"수가"}],"type":"pronunciation"},{"start_time":"62.65","end_time":"63.11","alternatives":[{"confidence":"0.7857","content":"있고요"}],"type":"pronunciation"},{"alternatives":[{"confidence":"0.0","content":"."}],"type":"punctuation"},{"start_time":"63.47","end_time":"63.9","alternatives":[{"confidence":"0.9478","content":"제가"}],"type":"pronunciation"},{"start_time":"66.59","end_time":"67.29","alternatives":[{"confidence":"0.5382","content":"그렇죠"}],"type":"pronunciation"},{"alternatives":[{"confidence":"0.0","content":"."}],"type":"punctuation"},{"start_time":"70.51","end_time":"71.26","alternatives":[{"confidence":"0.6194","content":"더라고요"}],"type":"pronunciation"},{"alternatives":[{"confidence":"0.0","content":"."}],"type":"punctuation"},{"start_time":"71.77","end_time":"71.99","alternatives":[{"confidence":"0.5903","content":"근데"}],"type":"pronunciation"},{"start_time":"71.99","end_time":"72.21","alternatives":[{"confidence":"0.9957","content":"또"}],"type":"pronunciation"},{"start_time":"72.21","end_time":"72.59","alternatives":[{"confidence":"0.9994","content":"이러니까"}],"type":"pronunciation"},{"start_time":"74.48","end_time":"74.78","alternatives":[{"confidence":"0.9999","content":"부분에"}],"type":"pronunciation"},{"start_time":"74.78","end_time":"75.08","alternatives":[{"confidence":"0.4795","content":"대해서는"}],"type":"pronunciation"},{"start_time":"75.08","end_time":"75.26","alternatives":[{"confidence":"0.9997","content":"제가"}],"type":"pronunciation"},{"start_time":"75.26","end_time":"76.15","alternatives":[{"confidence":"0.9991","content":"정말"}],"type":"pronunciation"},{"start_time":"76.21","end_time":"76.83","alternatives":[{"confidence":"1.0","content":"죄송하게"}],"type":"pronunciation"},{"start_time":"76.95","end_time":"77.43","alternatives":[{"confidence":"1.0","content":"생각을"}],"type":"pronunciation"},{"start_time":"77.43","end_time":"78.0","alternatives":[{"confidence":"0.89195","content":"드리고요"}],"type":"pronunciation"},{"alternatives":[{"confidence":"0.0","content":"."}],"type":"punctuation"},{"start_time":"78.8","end_time":"79.21","alternatives":[{"confidence":"0.9911","content":"물론"}],"type":"pronunciation"},{"start_time":"79.21","end_time":"80.22","alternatives":[{"confidence":"1.0","content":"누군가가"}],"type":"pronunciation"},{"start_time":"80.22","end_time":"80.64","alternatives":[{"confidence":"1.0","content":"잘못을"}],"type":"pronunciation"},{"start_time":"80.64","end_time":"80.83","alternatives":[{"confidence":"0.999","content":"했기"}],"type":"pronunciation"},{"start_time":"80.83","end_time":"81.14","alternatives":[{"confidence":"0.9989","content":"때문에"}],"type":"pronunciation"},{"start_time":"81.14","end_time":"81.33","alternatives":[{"confidence":"0.9995","content":"이런"}],"type":"pronunciation"},{"start_time":"81.33","end_time":"81.64","alternatives":[{"confidence":"0.9999","content":"상황이"}],"type":"pronunciation"},{"start_time":"81.64","end_time":"82.07","alternatives":[{"confidence":"0.9751000000000001","content":"발생이"}],"type":"pronunciation"},{"start_time":"82.07","end_time":"82.38","alternatives":[{"confidence":"0.9947","content":"됐을"}],"type":"pronunciation"},{"start_time":"82.38","end_time":"82.95","alternatives":[{"confidence":"0.9974","content":"겁니다"}],"type":"pronunciation"},{"alternatives":[{"confidence":"0.0","content":"."}],"type":"punctuation"},{"start_time":"83.41","end_time":"83.94","alternatives":[{"confidence":"0.9999","content":"누구의"}],"type":"pronunciation"},{"start_time":"83.94","end_time":"84.62","alternatives":[{"confidence":"1.0","content":"잘잘못을"}],"type":"pronunciation"},{"start_time":"84.62","end_time":"85.63","alternatives":[{"confidence":"0.9955","content":"따지기보다는"}],"type":"pronunciation"},{"start_time":"86.68","end_time":"87.29","alternatives":[{"confidence":"1.0","content":"서로에게"}],"type":"pronunciation"},{"start_time":"87.29","end_time":"87.45","alternatives":[{"confidence":"0.9991","content":"좀"}],"type":"pronunciation"},{"start_time":"87.45","end_time":"87.56","alternatives":[{"confidence":"0.9993","content":"더"}],"type":"pronunciation"},{"start_time":"87.56","end_time":"87.82","alternatives":[{"confidence":"1.0","content":"나은"}],"type":"pronunciation"},{"start_time":"87.82","end_time":"88.65","alternatives":[{"confidence":"0.9932","content":"방향으로"}],"type":"pronunciation"},{"start_time":"89.4","end_time":"89.86","alternatives":[{"confidence":"0.8946","content":"일처리를"}],"type":"pronunciation"},{"start_time":"89.86","end_time":"90.09","alternatives":[{"confidence":"0.9268","content":"하는"}],"type":"pronunciation"},{"start_time":"90.09","end_time":"90.2","alternatives":[{"confidence":"0.9145","content":"게"}],"type":"pronunciation"},{"start_time":"90.2","end_time":"90.58","alternatives":[{"confidence":"0.9978","content":"서로에게"}],"type":"pronunciation"},{"start_time":"90.58","end_time":"90.88","alternatives":[{"confidence":"0.9601999999999999","content":"좋기"}],"type":"pronunciation"},{"start_time":"90.88","end_time":"91.49","alternatives":[{"confidence":"0.9979","content":"때문에"}],"type":"pronunciation"},{"start_time":"92.08","end_time":"92.48","alternatives":[{"confidence":"1.0","content":"최선의"}],"type":"pronunciation"},{"start_time":"92.48","end_time":"93.06","alternatives":[{"confidence":"0.9972","content":"방법이라고"}],"type":"pronunciation"},{"start_time":"93.06","end_time":"93.41","alternatives":[{"confidence":"1.0","content":"생각을"}],"type":"pronunciation"},{"start_time":"93.41","end_time":"94.04","alternatives":[{"confidence":"0.9436","content":"해가지고"}],"type":"pronunciation"},{"start_time":"94.04","end_time":"94.3","alternatives":[{"confidence":"0.9999","content":"제가"}],"type":"pronunciation"},{"start_time":"94.3","end_time":"94.46","alternatives":[{"confidence":"0.9948","content":"그"}],"type":"pronunciation"},{"start_time":"94.46","end_time":"94.76","alternatives":[{"confidence":"1.0","content":"부분에"}],"type":"pronunciation"},{"start_time":"94.76","end_time":"95.08","alternatives":[{"confidence":"0.9934","content":"대해서"}],"type":"pronunciation"},{"start_time":"95.08","end_time":"95.47","alternatives":[{"confidence":"0.8497","content":"제안을"}],"type":"pronunciation"},{"start_time":"95.47","end_time":"96.36","alternatives":[{"confidence":"0.8032","content":"해드렸던거고요"}],"type":"pronunciation"},{"start_time":"97.34","end_time":"97.5","alternatives":[{"confidence":"0.9182","content":"더"}],"type":"pronunciation"},{"start_time":"97.5","end_time":"97.82","alternatives":[{"confidence":"0.9137","content":"이상"}],"type":"pronunciation"},{"start_time":"97.85","end_time":"98.4","alternatives":[{"confidence":"0.8498","content":"문제되는"}],"type":"pronunciation"},{"start_time":"98.4","end_time":"98.6","alternatives":[{"confidence":"0.8569","content":"건"}],"type":"pronunciation"},{"start_time":"98.6","end_time":"99.23","alternatives":[{"confidence":"0.9998","content":"없으니까"}],"type":"pronunciation"},{"start_time":"99.23","end_time":"99.59","alternatives":[{"confidence":"0.9999","content":"이제는"}],"type":"pronunciation"},{"start_time":"99.65","end_time":"100.16","alternatives":[{"confidence":"0.993","content":"마음"}],"type":"pronunciation"},{"start_time":"100.16","end_time":"100.67","alternatives":[{"confidence":"1.0","content":"편히"}],"type":"pronunciation"},{"start_time":"101.57","end_time":"102.16","alternatives":[{"confidence":"0.99385","content":"있으셔도"}],"type":"pronunciation"},{"start_time":"102.31","end_time":"102.46","alternatives":[{"confidence":"0.9996","content":"될"}],"type":"pronunciation"},{"start_time":"102.46","end_time":"102.59","alternatives":[{"confidence":"0.9976","content":"것"}],"type":"pronunciation"},{"start_time":"102.59","end_time":"103.16","alternatives":[{"confidence":"1.0","content":"같습니다"}],"type":"pronunciation"},{"alternatives":[{"confidence":"0.0","content":"."}],"type":"punctuation"},{"start_time":"103.31","end_time":"103.93","alternatives":[{"confidence":"0.9999","content":"죄송합니다"}],"type":"pronunciation"},{"alternatives":[{"confidence":"0.0","content":"."}],"type":"punctuation"},{"start_time":"105.58","end_time":"105.9","alternatives":[{"confidence":"0.9976","content":"아무튼"}],"type":"pronunciation"},{"start_time":"107.69","end_time":"108.18","alternatives":[{"confidence":"0.8217","content":"예"}],"type":"pronunciation"},{"alternatives":[{"confidence":"0.0","content":"."}],"type":"punctuation"},{"start_time":"108.53","end_time":"108.94","alternatives":[{"confidence":"0.9942","content":"얼마나"}],"type":"pronunciation"},{"start_time":"108.94","end_time":"109.54","alternatives":[{"confidence":"0.9999","content":"걸리시죠"}],"type":"pronunciation"},{"alternatives":[{"confidence":"0.0","content":"."}],"type":"punctuation"},{"start_time":"111.81","end_time":"112.26","alternatives":[{"confidence":"0.9993","content":"예"}],"type":"pronunciation"},{"alternatives":[{"confidence":"0.0","content":","}],"type":"punctuation"},{"start_time":"112.26","end_time":"113.02","alternatives":[{"confidence":"0.999","content":"알겠습니다"}],"type":"pronunciation"},{"alternatives":[{"confidence":"0.0","content":"."}],"type":"punctuation"}]},"status":"COMPLETED"}