{"jobName":"transcribe_loan48","accountId":"097989105209","results":{"transcripts":[{"transcript":"여기 지금 지하 창고인데 내가 며칠 전에 깜빡에서 나왔는데 부분이 쪽 가 필요해서 어머님지하 창고를 잡아두고 있어 지금? 여보세요? 전화기끊고 경찰한테 신고하거나 딴짓거리하면? 네 엄마 손가락다 잘라버릴 거예요 그래서? 여보세요? 지금 내 말을 듣고 있는 거야? 어르신끌고 나가일단 벌어지고 내가 금방 말하면 금방 그만 대답해야 어르신그러는데 가는데 뭐 잖아 여기서 지금 하고 잘 안 되는 같은데 야 내가 어르신네 엄마 지금 잠깐 창고에 감금해 가 있다고 무슨 말인지 알겠어? 내가 지금 단지 필요하게 지금 돈이 목숨아니야 어디에요? 지금 입장이라 났구나"}],"items":[{"start_time":"0.33","end_time":"0.56","alternatives":[{"confidence":"0.9819","content":"여기"}],"type":"pronunciation"},{"start_time":"0.56","end_time":"0.87","alternatives":[{"confidence":"0.9977","content":"지금"}],"type":"pronunciation"},{"start_time":"0.87","end_time":"1.13","alternatives":[{"confidence":"0.4711","content":"지하"}],"type":"pronunciation"},{"start_time":"1.13","end_time":"2.1","alternatives":[{"confidence":"0.88005","content":"창고인데"}],"type":"pronunciation"},{"start_time":"2.13","end_time":"3.0","alternatives":[{"confidence":"0.9603","content":"내가"}],"type":"pronunciation"},{"start_time":"3.0","end_time":"3.4","alternatives":[{"confidence":"0.6903","content":"며칠"}],"type":"pronunciation"},{"start_time":"3.4","end_time":"3.65","alternatives":[{"confidence":"0.9991","content":"전에"}],"type":"pronunciation"},{"start_time":"3.65","end_time":"4.15","alternatives":[{"confidence":"0.8610500000000001","content":"깜빡에서"}],"type":"pronunciation"},{"start_time":"4.15","end_time":"5.14","alternatives":[{"confidence":"1.0","content":"나왔는데"}],"type":"pronunciation"},{"start_time":"5.18","end_time":"5.56","alternatives":[{"confidence":"0.9834","content":"부분이"}],"type":"pronunciation"},{"start_time":"5.56","end_time":"5.78","alternatives":[{"confidence":"0.3587","content":"쪽"}],"type":"pronunciation"},{"start_time":"5.78","end_time":"5.91","alternatives":[{"confidence":"0.5972","content":"가"}],"type":"pronunciation"},{"start_time":"5.91","end_time":"6.64","alternatives":[{"confidence":"0.95025","content":"필요해서"}],"type":"pronunciation"},{"start_time":"6.64","end_time":"7.25","alternatives":[{"confidence":"0.7122999999999999","content":"어머님지하"}],"type":"pronunciation"},{"start_time":"7.25","end_time":"7.63","alternatives":[{"confidence":"0.8177","content":"창고를"}],"type":"pronunciation"},{"start_time":"7.63","end_time":"8.06","alternatives":[{"confidence":"0.8913500000000001","content":"잡아두고"}],"type":"pronunciation"},{"start_time":"8.06","end_time":"8.23","alternatives":[{"confidence":"0.518","content":"있어"}],"type":"pronunciation"},{"start_time":"8.23","end_time":"8.73","alternatives":[{"confidence":"0.9434","content":"지금"}],"type":"pronunciation"},{"alternatives":[{"confidence":"0.0","content":"?"}],"type":"punctuation"},{"start_time":"10.61","end_time":"11.28","alternatives":[{"confidence":"0.8544","content":"여보세요"}],"type":"pronunciation"},{"alternatives":[{"confidence":"0.0","content":"?"}],"type":"punctuation"},{"start_time":"12.23","end_time":"13.12","alternatives":[{"confidence":"0.99935","content":"전화기끊고"}],"type":"pronunciation"},{"start_time":"13.12","end_time":"13.71","alternatives":[{"confidence":"0.99935","content":"경찰한테"}],"type":"pronunciation"},{"start_time":"13.71","end_time":"14.4","alternatives":[{"confidence":"0.9997","content":"신고하거나"}],"type":"pronunciation"},{"start_time":"14.5","end_time":"15.63","alternatives":[{"confidence":"0.7477","content":"딴짓거리하면"}],"type":"pronunciation"},{"alternatives":[{"confidence":"0.0","content":"?"}],"type":"punctuation"},{"start_time":"16.35","end_time":"16.58","alternatives":[{"confidence":"0.0576","content":"네"}],"type":"pronunciation"},{"start_time":"16.58","end_time":"16.78","alternatives":[{"confidence":"0.0424","content":"엄마"}],"type":"pronunciation"},{"start_time":"16.93","end_time":"17.39","alternatives":[{"confidence":"0.0983","content":"손가락다"}],"type":"pronunciation"},{"start_time":"17.39","end_time":"17.78","alternatives":[{"confidence":"0.8512500000000001","content":"잘라버릴"}],"type":"pronunciation"},{"start_time":"17.78","end_time":"17.95","alternatives":[{"confidence":"0.8504","content":"거예요"}],"type":"pronunciation"},{"start_time":"17.95","end_time":"18.45","alternatives":[{"confidence":"0.9971","content":"그래서"}],"type":"pronunciation"},{"alternatives":[{"confidence":"0.0","content":"?"}],"type":"punctuation"},{"start_time":"20.33","end_time":"20.91","alternatives":[{"confidence":"0.1365","content":"여보세요"}],"type":"pronunciation"},{"alternatives":[{"confidence":"0.0","content":"?"}],"type":"punctuation"},{"start_time":"23.2","end_time":"23.54","alternatives":[{"confidence":"0.9971","content":"지금"}],"type":"pronunciation"},{"start_time":"23.54","end_time":"23.66","alternatives":[{"confidence":"0.9926","content":"내"}],"type":"pronunciation"},{"start_time":"23.66","end_time":"23.85","alternatives":[{"confidence":"0.9511","content":"말을"}],"type":"pronunciation"},{"start_time":"23.85","end_time":"24.08","alternatives":[{"confidence":"0.9876","content":"듣고"}],"type":"pronunciation"},{"start_time":"24.08","end_time":"24.26","alternatives":[{"confidence":"0.2831","content":"있는"}],"type":"pronunciation"},{"start_time":"24.26","end_time":"24.86","alternatives":[{"confidence":"0.2805","content":"거야"}],"type":"pronunciation"},{"alternatives":[{"confidence":"0.0","content":"?"}],"type":"punctuation"},{"start_time":"29.52","end_time":"30.09","alternatives":[{"confidence":"0.8689","content":"어르신끌고"}],"type":"pronunciation"},{"start_time":"30.09","end_time":"30.51","alternatives":[{"confidence":"0.7867999999999999","content":"나가일단"}],"type":"pronunciation"},{"start_time":"31.05","end_time":"31.41","alternatives":[{"confidence":"0.4791","content":"벌어지고"}],"type":"pronunciation"},{"start_time":"33.22","end_time":"33.82","alternatives":[{"confidence":"0.9988","content":"내가"}],"type":"pronunciation"},{"start_time":"33.82","end_time":"34.19","alternatives":[{"confidence":"0.9999","content":"금방"}],"type":"pronunciation"},{"start_time":"34.19","end_time":"34.62","alternatives":[{"confidence":"0.9566","content":"말하면"}],"type":"pronunciation"},{"start_time":"34.62","end_time":"34.92","alternatives":[{"confidence":"0.5973","content":"금방"}],"type":"pronunciation"},{"start_time":"34.92","end_time":"35.16","alternatives":[{"confidence":"0.1542","content":"그만"}],"type":"pronunciation"},{"start_time":"35.16","end_time":"35.92","alternatives":[{"confidence":"0.9520500000000001","content":"대답해야"}],"type":"pronunciation"},{"start_time":"37.65","end_time":"38.77","alternatives":[{"confidence":"0.9963500000000001","content":"어르신그러는데"}],"type":"pronunciation"},{"start_time":"40.1","end_time":"40.38","alternatives":[{"confidence":"0.5455","content":"가는데"}],"type":"pronunciation"},{"start_time":"40.38","end_time":"40.52","alternatives":[{"confidence":"0.1205","content":"뭐"}],"type":"pronunciation"},{"start_time":"40.52","end_time":"40.87","alternatives":[{"confidence":"0.4371","content":"잖아"}],"type":"pronunciation"},{"start_time":"41.31","end_time":"41.59","alternatives":[{"confidence":"0.0595","content":"여기서"}],"type":"pronunciation"},{"start_time":"41.95","end_time":"42.2","alternatives":[{"confidence":"0.4346","content":"지금"}],"type":"pronunciation"},{"start_time":"42.54","end_time":"42.67","alternatives":[{"confidence":"0.4346","content":"하고"}],"type":"pronunciation"},{"start_time":"42.67","end_time":"42.85","alternatives":[{"confidence":"0.994","content":"잘"}],"type":"pronunciation"},{"start_time":"42.85","end_time":"42.96","alternatives":[{"confidence":"0.6337","content":"안"}],"type":"pronunciation"},{"start_time":"42.96","end_time":"43.14","alternatives":[{"confidence":"0.6324","content":"되는"}],"type":"pronunciation"},{"start_time":"43.14","end_time":"43.58","alternatives":[{"confidence":"0.7163","content":"같은데"}],"type":"pronunciation"},{"start_time":"43.61","end_time":"44.05","alternatives":[{"confidence":"0.6874","content":"야"}],"type":"pronunciation"},{"start_time":"44.19","end_time":"44.47","alternatives":[{"confidence":"0.8894","content":"내가"}],"type":"pronunciation"},{"start_time":"44.47","end_time":"45.23","alternatives":[{"confidence":"0.5178","content":"어르신네"}],"type":"pronunciation"},{"start_time":"45.23","end_time":"45.46","alternatives":[{"confidence":"0.1599","content":"엄마"}],"type":"pronunciation"},{"start_time":"45.46","end_time":"45.69","alternatives":[{"confidence":"0.979","content":"지금"}],"type":"pronunciation"},{"start_time":"45.69","end_time":"46.24","alternatives":[{"confidence":"0.9473","content":"잠깐"}],"type":"pronunciation"},{"start_time":"46.48","end_time":"46.83","alternatives":[{"confidence":"0.9577","content":"창고에"}],"type":"pronunciation"},{"start_time":"46.89","end_time":"47.26","alternatives":[{"confidence":"0.7051499999999999","content":"감금해"}],"type":"pronunciation"},{"start_time":"47.26","end_time":"47.36","alternatives":[{"confidence":"0.6171","content":"가"}],"type":"pronunciation"},{"start_time":"47.36","end_time":"47.62","alternatives":[{"confidence":"0.9492","content":"있다고"}],"type":"pronunciation"},{"start_time":"47.62","end_time":"47.83","alternatives":[{"confidence":"0.9877","content":"무슨"}],"type":"pronunciation"},{"start_time":"47.83","end_time":"48.07","alternatives":[{"confidence":"0.3569","content":"말인지"}],"type":"pronunciation"},{"start_time":"48.07","end_time":"48.38","alternatives":[{"confidence":"0.0377","content":"알겠어"}],"type":"pronunciation"},{"alternatives":[{"confidence":"0.0","content":"?"}],"type":"punctuation"},{"start_time":"49.8","end_time":"50.47","alternatives":[{"confidence":"0.9921","content":"내가"}],"type":"pronunciation"},{"start_time":"50.47","end_time":"50.76","alternatives":[{"confidence":"0.9849","content":"지금"}],"type":"pronunciation"},{"start_time":"50.76","end_time":"51.07","alternatives":[{"confidence":"0.6852","content":"단지"}],"type":"pronunciation"},{"start_time":"51.07","end_time":"51.49","alternatives":[{"confidence":"0.5688","content":"필요하게"}],"type":"pronunciation"},{"start_time":"51.49","end_time":"51.71","alternatives":[{"confidence":"0.9933","content":"지금"}],"type":"pronunciation"},{"start_time":"51.71","end_time":"52.04","alternatives":[{"confidence":"0.9978","content":"돈이"}],"type":"pronunciation"},{"start_time":"52.41","end_time":"53.36","alternatives":[{"confidence":"0.5922499999999999","content":"목숨아니야"}],"type":"pronunciation"},{"start_time":"53.89","end_time":"54.31","alternatives":[{"confidence":"0.4638","content":"어디에요"}],"type":"pronunciation"},{"alternatives":[{"confidence":"0.0","content":"?"}],"type":"punctuation"},{"start_time":"54.31","end_time":"54.61","alternatives":[{"confidence":"0.944","content":"지금"}],"type":"pronunciation"},{"start_time":"55.63","end_time":"56.13","alternatives":[{"confidence":"0.14725","content":"입장이라"}],"type":"pronunciation"},{"start_time":"57.87","end_time":"58.15","alternatives":[{"confidence":"0.33380000000000004","content":"났구나"}],"type":"pronunciation"}]},"status":"COMPLETED"}