{"jobName":"transcribe_loan28","accountId":"097989105209","results":{"transcripts":[{"transcript":"네. 안녕하세요. 의원님저희는 해설로는 안내센터입니다 혹시 조금 전에 해설론 안내전화 받으시고요 일번 누르셔서 상담 신청하신 거 있으신가요? 그러면 저희가 기본 조건에 맞춰서 상품 안내를 해 드리겠습니다. 혹시 직장인십니까 아니면 사업하시는 분이신가요? 저희는 제일 은행 수탁법인업체 이기 때문에 일 금융하고 해설로 가지 안내를 해드리고 있습니다. 저희는 전화로 상담을 해드리는 콜센터 이기 때문에 님께서 직접 그냥 취급하는 은행을 찾아가 셔야죠. 저희는 그니까 전화로 상담을 해드리는 것입니다. 직접 원하시면 님께서 은행 방문을 하십시오. 님 저희는 법인업체 이기 때문에 은행대행업무를 해 드리는 거고요. 수술을 받거나 그런건 일절 없습니다. 은행에서 자금이 나갈 수 있도록 저희가 중간에서 그렇게 그러니까 업무를 대신해서 해드리는 거기 때문에 전화로 상담을 해드린다고요. 그렇게 원하시면 은행 찾아가시면 된다구요. 그거는 저희 정부에 대해서 알아보시고 그렇게 찾아가셔야죠."}],"items":[{"start_time":"0.12","end_time":"0.22","alternatives":[{"confidence":"0.9909","content":"네"}],"type":"pronunciation"},{"alternatives":[{"confidence":"0.0","content":"."}],"type":"punctuation"},{"start_time":"0.22","end_time":"0.71","alternatives":[{"confidence":"1.0","content":"안녕하세요"}],"type":"pronunciation"},{"alternatives":[{"confidence":"0.0","content":"."}],"type":"punctuation"},{"start_time":"0.71","end_time":"1.56","alternatives":[{"confidence":"0.92405","content":"의원님저희는"}],"type":"pronunciation"},{"start_time":"1.56","end_time":"2.0","alternatives":[{"confidence":"0.73855","content":"해설로는"}],"type":"pronunciation"},{"start_time":"2.0","end_time":"3.35","alternatives":[{"confidence":"0.8450666666666667","content":"안내센터입니다"}],"type":"pronunciation"},{"start_time":"4.06","end_time":"4.3","alternatives":[{"confidence":"0.999","content":"혹시"}],"type":"pronunciation"},{"start_time":"4.3","end_time":"4.61","alternatives":[{"confidence":"0.8507","content":"조금"}],"type":"pronunciation"},{"start_time":"4.61","end_time":"5.38","alternatives":[{"confidence":"1.0","content":"전에"}],"type":"pronunciation"},{"start_time":"5.38","end_time":"5.87","alternatives":[{"confidence":"0.516","content":"해설론"}],"type":"pronunciation"},{"start_time":"5.87","end_time":"6.38","alternatives":[{"confidence":"0.9037","content":"안내전화"}],"type":"pronunciation"},{"start_time":"6.38","end_time":"7.23","alternatives":[{"confidence":"0.9963500000000001","content":"받으시고요"}],"type":"pronunciation"},{"start_time":"7.26","end_time":"7.69","alternatives":[{"confidence":"0.6057","content":"일번"}],"type":"pronunciation"},{"start_time":"7.69","end_time":"8.41","alternatives":[{"confidence":"0.74755","content":"누르셔서"}],"type":"pronunciation"},{"start_time":"8.41","end_time":"8.82","alternatives":[{"confidence":"0.6866","content":"상담"}],"type":"pronunciation"},{"start_time":"8.82","end_time":"9.39","alternatives":[{"confidence":"0.891","content":"신청하신"}],"type":"pronunciation"},{"start_time":"9.39","end_time":"9.5","alternatives":[{"confidence":"0.9767","content":"거"}],"type":"pronunciation"},{"start_time":"9.5","end_time":"10.25","alternatives":[{"confidence":"1.0","content":"있으신가요"}],"type":"pronunciation"},{"alternatives":[{"confidence":"0.0","content":"?"}],"type":"punctuation"},{"start_time":"11.75","end_time":"12.1","alternatives":[{"confidence":"1.0","content":"그러면"}],"type":"pronunciation"},{"start_time":"12.1","end_time":"12.39","alternatives":[{"confidence":"1.0","content":"저희가"}],"type":"pronunciation"},{"start_time":"12.39","end_time":"12.71","alternatives":[{"confidence":"0.8494","content":"기본"}],"type":"pronunciation"},{"start_time":"12.71","end_time":"13.03","alternatives":[{"confidence":"0.9496","content":"조건에"}],"type":"pronunciation"},{"start_time":"13.03","end_time":"13.65","alternatives":[{"confidence":"1.0","content":"맞춰서"}],"type":"pronunciation"},{"start_time":"13.65","end_time":"14.01","alternatives":[{"confidence":"0.659","content":"상품"}],"type":"pronunciation"},{"start_time":"14.01","end_time":"14.35","alternatives":[{"confidence":"0.99505","content":"안내를"}],"type":"pronunciation"},{"start_time":"14.35","end_time":"14.47","alternatives":[{"confidence":"0.5321","content":"해"}],"type":"pronunciation"},{"start_time":"14.47","end_time":"15.43","alternatives":[{"confidence":"1.0","content":"드리겠습니다"}],"type":"pronunciation"},{"alternatives":[{"confidence":"0.0","content":"."}],"type":"punctuation"},{"start_time":"16.41","end_time":"16.67","alternatives":[{"confidence":"0.8365","content":"혹시"}],"type":"pronunciation"},{"start_time":"16.67","end_time":"17.61","alternatives":[{"confidence":"0.9297500000000001","content":"직장인십니까"}],"type":"pronunciation"},{"start_time":"17.61","end_time":"17.92","alternatives":[{"confidence":"1.0","content":"아니면"}],"type":"pronunciation"},{"start_time":"17.92","end_time":"18.49","alternatives":[{"confidence":"0.9053","content":"사업하시는"}],"type":"pronunciation"},{"start_time":"18.49","end_time":"19.29","alternatives":[{"confidence":"0.9988333333333334","content":"분이신가요"}],"type":"pronunciation"},{"alternatives":[{"confidence":"0.0","content":"?"}],"type":"punctuation"},{"start_time":"21.81","end_time":"22.13","alternatives":[{"confidence":"0.9999","content":"저희는"}],"type":"pronunciation"},{"start_time":"22.85","end_time":"23.11","alternatives":[{"confidence":"0.2987","content":"제일"}],"type":"pronunciation"},{"start_time":"23.11","end_time":"23.32","alternatives":[{"confidence":"0.5466","content":"은행"}],"type":"pronunciation"},{"start_time":"23.32","end_time":"24.15","alternatives":[{"confidence":"0.68605","content":"수탁법인업체"}],"type":"pronunciation"},{"start_time":"24.15","end_time":"24.31","alternatives":[{"confidence":"0.5444","content":"이기"}],"type":"pronunciation"},{"start_time":"24.31","end_time":"24.67","alternatives":[{"confidence":"0.9988","content":"때문에"}],"type":"pronunciation"},{"start_time":"24.67","end_time":"24.83","alternatives":[{"confidence":"0.4642","content":"일"}],"type":"pronunciation"},{"start_time":"24.83","end_time":"25.28","alternatives":[{"confidence":"0.8243499999999999","content":"금융하고"}],"type":"pronunciation"},{"start_time":"25.28","end_time":"25.66","alternatives":[{"confidence":"0.96995","content":"해설로"}],"type":"pronunciation"},{"start_time":"25.66","end_time":"25.98","alternatives":[{"confidence":"0.9498","content":"가지"}],"type":"pronunciation"},{"start_time":"25.98","end_time":"26.34","alternatives":[{"confidence":"0.98785","content":"안내를"}],"type":"pronunciation"},{"start_time":"26.34","end_time":"26.7","alternatives":[{"confidence":"0.9426","content":"해드리고"}],"type":"pronunciation"},{"start_time":"26.7","end_time":"27.45","alternatives":[{"confidence":"1.0","content":"있습니다"}],"type":"pronunciation"},{"alternatives":[{"confidence":"0.0","content":"."}],"type":"punctuation"},{"start_time":"33.65","end_time":"34.42","alternatives":[{"confidence":"1.0","content":"저희는"}],"type":"pronunciation"},{"start_time":"34.42","end_time":"34.85","alternatives":[{"confidence":"1.0","content":"전화로"}],"type":"pronunciation"},{"start_time":"34.85","end_time":"35.34","alternatives":[{"confidence":"1.0","content":"상담을"}],"type":"pronunciation"},{"start_time":"35.34","end_time":"35.99","alternatives":[{"confidence":"0.9759500000000001","content":"해드리는"}],"type":"pronunciation"},{"start_time":"35.99","end_time":"36.47","alternatives":[{"confidence":"0.31355","content":"콜센터"}],"type":"pronunciation"},{"start_time":"36.47","end_time":"36.65","alternatives":[{"confidence":"0.9657","content":"이기"}],"type":"pronunciation"},{"start_time":"36.65","end_time":"37.17","alternatives":[{"confidence":"0.9879","content":"때문에"}],"type":"pronunciation"},{"start_time":"38.12","end_time":"38.46","alternatives":[{"confidence":"0.5167","content":"님께서"}],"type":"pronunciation"},{"start_time":"38.46","end_time":"38.81","alternatives":[{"confidence":"0.9799","content":"직접"}],"type":"pronunciation"},{"start_time":"39.53","end_time":"39.75","alternatives":[{"confidence":"0.5725","content":"그냥"}],"type":"pronunciation"},{"start_time":"39.78","end_time":"40.26","alternatives":[{"confidence":"1.0","content":"취급하는"}],"type":"pronunciation"},{"start_time":"40.26","end_time":"40.59","alternatives":[{"confidence":"0.9586","content":"은행을"}],"type":"pronunciation"},{"start_time":"40.6","end_time":"41.02","alternatives":[{"confidence":"0.6281","content":"찾아가"}],"type":"pronunciation"},{"start_time":"41.02","end_time":"41.71","alternatives":[{"confidence":"1.0","content":"셔야죠"}],"type":"pronunciation"},{"alternatives":[{"confidence":"0.0","content":"."}],"type":"punctuation"},{"start_time":"44.21","end_time":"44.85","alternatives":[{"confidence":"1.0","content":"저희는"}],"type":"pronunciation"},{"start_time":"44.85","end_time":"45.13","alternatives":[{"confidence":"0.9678","content":"그니까"}],"type":"pronunciation"},{"start_time":"45.13","end_time":"45.6","alternatives":[{"confidence":"1.0","content":"전화로"}],"type":"pronunciation"},{"start_time":"45.6","end_time":"46.09","alternatives":[{"confidence":"1.0","content":"상담을"}],"type":"pronunciation"},{"start_time":"46.09","end_time":"46.54","alternatives":[{"confidence":"0.98325","content":"해드리는"}],"type":"pronunciation"},{"start_time":"46.54","end_time":"47.21","alternatives":[{"confidence":"0.3471","content":"것입니다"}],"type":"pronunciation"},{"alternatives":[{"confidence":"0.0","content":"."}],"type":"punctuation"},{"start_time":"47.51","end_time":"47.87","alternatives":[{"confidence":"0.989","content":"직접"}],"type":"pronunciation"},{"start_time":"47.87","end_time":"48.45","alternatives":[{"confidence":"0.85755","content":"원하시면"}],"type":"pronunciation"},{"start_time":"48.6","end_time":"48.94","alternatives":[{"confidence":"0.3223","content":"님께서"}],"type":"pronunciation"},{"start_time":"48.94","end_time":"49.18","alternatives":[{"confidence":"0.5775","content":"은행"}],"type":"pronunciation"},{"start_time":"49.18","end_time":"49.6","alternatives":[{"confidence":"0.9858","content":"방문을"}],"type":"pronunciation"},{"start_time":"49.6","end_time":"50.06","alternatives":[{"confidence":"0.996","content":"하십시오"}],"type":"pronunciation"},{"alternatives":[{"confidence":"0.0","content":"."}],"type":"punctuation"},{"start_time":"50.25","end_time":"50.78","alternatives":[{"confidence":"0.2423","content":"님"}],"type":"pronunciation"},{"start_time":"53.46","end_time":"53.88","alternatives":[{"confidence":"0.4259","content":"저희는"}],"type":"pronunciation"},{"start_time":"54.15","end_time":"54.74","alternatives":[{"confidence":"0.65415","content":"법인업체"}],"type":"pronunciation"},{"start_time":"54.74","end_time":"54.9","alternatives":[{"confidence":"0.9788","content":"이기"}],"type":"pronunciation"},{"start_time":"54.9","end_time":"55.26","alternatives":[{"confidence":"0.9994","content":"때문에"}],"type":"pronunciation"},{"start_time":"55.26","end_time":"56.2","alternatives":[{"confidence":"0.8617333333333334","content":"은행대행업무를"}],"type":"pronunciation"},{"start_time":"56.2","end_time":"56.32","alternatives":[{"confidence":"0.6107","content":"해"}],"type":"pronunciation"},{"start_time":"56.32","end_time":"56.7","alternatives":[{"confidence":"0.5703","content":"드리는"}],"type":"pronunciation"},{"start_time":"56.7","end_time":"57.21","alternatives":[{"confidence":"0.9583999999999999","content":"거고요"}],"type":"pronunciation"},{"alternatives":[{"confidence":"0.0","content":"."}],"type":"punctuation"},{"start_time":"57.27","end_time":"57.72","alternatives":[{"confidence":"0.9996","content":"수술을"}],"type":"pronunciation"},{"start_time":"57.72","end_time":"58.07","alternatives":[{"confidence":"1.0","content":"받거나"}],"type":"pronunciation"},{"start_time":"58.07","end_time":"58.37","alternatives":[{"confidence":"0.4571","content":"그런건"}],"type":"pronunciation"},{"start_time":"58.37","end_time":"58.69","alternatives":[{"confidence":"0.9724","content":"일절"}],"type":"pronunciation"},{"start_time":"58.69","end_time":"59.46","alternatives":[{"confidence":"0.6853","content":"없습니다"}],"type":"pronunciation"},{"alternatives":[{"confidence":"0.0","content":"."}],"type":"punctuation"},{"start_time":"62.5","end_time":"62.88","alternatives":[{"confidence":"0.9582","content":"은행에서"}],"type":"pronunciation"},{"start_time":"62.88","end_time":"63.3","alternatives":[{"confidence":"0.9759","content":"자금이"}],"type":"pronunciation"},{"start_time":"63.3","end_time":"63.6","alternatives":[{"confidence":"0.952","content":"나갈"}],"type":"pronunciation"},{"start_time":"63.6","end_time":"63.73","alternatives":[{"confidence":"1.0","content":"수"}],"type":"pronunciation"},{"start_time":"63.73","end_time":"64.07","alternatives":[{"confidence":"1.0","content":"있도록"}],"type":"pronunciation"},{"start_time":"64.07","end_time":"64.9","alternatives":[{"confidence":"1.0","content":"저희가"}],"type":"pronunciation"},{"start_time":"64.93","end_time":"66.06","alternatives":[{"confidence":"0.96225","content":"중간에서"}],"type":"pronunciation"},{"start_time":"66.09","end_time":"66.46","alternatives":[{"confidence":"0.7102","content":"그렇게"}],"type":"pronunciation"},{"start_time":"66.88","end_time":"67.22","alternatives":[{"confidence":"0.9496","content":"그러니까"}],"type":"pronunciation"},{"start_time":"67.22","end_time":"67.55","alternatives":[{"confidence":"0.9279","content":"업무를"}],"type":"pronunciation"},{"start_time":"67.55","end_time":"68.03","alternatives":[{"confidence":"0.9659","content":"대신해서"}],"type":"pronunciation"},{"start_time":"68.03","end_time":"68.48","alternatives":[{"confidence":"0.6471","content":"해드리는"}],"type":"pronunciation"},{"start_time":"68.48","end_time":"68.74","alternatives":[{"confidence":"0.7593","content":"거기"}],"type":"pronunciation"},{"start_time":"68.74","end_time":"69.44","alternatives":[{"confidence":"1.0","content":"때문에"}],"type":"pronunciation"},{"start_time":"69.84","end_time":"70.25","alternatives":[{"confidence":"1.0","content":"전화로"}],"type":"pronunciation"},{"start_time":"70.25","end_time":"70.67","alternatives":[{"confidence":"1.0","content":"상담을"}],"type":"pronunciation"},{"start_time":"70.67","end_time":"71.39","alternatives":[{"confidence":"0.8798666666666667","content":"해드린다고요"}],"type":"pronunciation"},{"alternatives":[{"confidence":"0.0","content":"."}],"type":"punctuation"},{"start_time":"71.42","end_time":"71.72","alternatives":[{"confidence":"0.9853","content":"그렇게"}],"type":"pronunciation"},{"start_time":"71.72","end_time":"72.23","alternatives":[{"confidence":"0.99935","content":"원하시면"}],"type":"pronunciation"},{"start_time":"72.24","end_time":"72.46","alternatives":[{"confidence":"0.3459","content":"은행"}],"type":"pronunciation"},{"start_time":"72.47","end_time":"73.07","alternatives":[{"confidence":"0.9925999999999999","content":"찾아가시면"}],"type":"pronunciation"},{"start_time":"73.07","end_time":"73.85","alternatives":[{"confidence":"0.92055","content":"된다구요"}],"type":"pronunciation"},{"alternatives":[{"confidence":"0.0","content":"."}],"type":"punctuation"},{"start_time":"76.06","end_time":"76.38","alternatives":[{"confidence":"0.5375000000000001","content":"그거는"}],"type":"pronunciation"},{"start_time":"76.38","end_time":"76.62","alternatives":[{"confidence":"0.9879","content":"저희"}],"type":"pronunciation"},{"start_time":"76.62","end_time":"77.1","alternatives":[{"confidence":"0.4783","content":"정부에"}],"type":"pronunciation"},{"start_time":"77.36","end_time":"77.58","alternatives":[{"confidence":"0.4987","content":"대해서"}],"type":"pronunciation"},{"start_time":"77.58","end_time":"78.43","alternatives":[{"confidence":"0.9964500000000001","content":"알아보시고"}],"type":"pronunciation"},{"start_time":"78.43","end_time":"78.68","alternatives":[{"confidence":"0.8936","content":"그렇게"}],"type":"pronunciation"},{"start_time":"78.69","end_time":"79.85","alternatives":[{"confidence":"0.7578499999999999","content":"찾아가셔야죠"}],"type":"pronunciation"},{"alternatives":[{"confidence":"0.0","content":"."}],"type":"punctuation"}]},"status":"COMPLETED"}