{"jobName":"transcribe_loan85","accountId":"097989105209","results":{"transcripts":[{"transcript":"중앙회에서 취급하는 일반 신용대출담보대출이 아니시고요 한국자산관리공사 네 정부 정책자금 입니다. 한국자산관리공사는 여기서 최종 최종 승인이 나셔야 여기서 심사가 이루어지시는데요 거기서 최종 승인을 받으신 고객님께서는 대출금은 고객님사실 근처 중앙회예방하셔서 대출금실행이 가능하시고요 저는 저랑 접수를 통해서 서민금융통합지원센터로 접수가 미간이 되세요 거기로 배정을 제가 접수를 이간시켜 드리면은 거기 대출 전문 담당자님 이 배정받으실 겁니다 공님께서 정부 정책자금이 정부에서 하는 자금이 시고요 정부 지원하시는 거고 저희가 저 접수처만 높이시고 이러고객님"}],"items":[{"start_time":"0.82","end_time":"1.37","alternatives":[{"confidence":"0.9793499999999999","content":"중앙회에서"}],"type":"pronunciation"},{"start_time":"1.37","end_time":"2.2","alternatives":[{"confidence":"1.0","content":"취급하는"}],"type":"pronunciation"},{"start_time":"2.2","end_time":"2.53","alternatives":[{"confidence":"0.9173","content":"일반"}],"type":"pronunciation"},{"start_time":"2.53","end_time":"4.16","alternatives":[{"confidence":"0.93416","content":"신용대출담보대출이"}],"type":"pronunciation"},{"start_time":"4.16","end_time":"4.95","alternatives":[{"confidence":"0.9871666666666666","content":"아니시고요"}],"type":"pronunciation"},{"start_time":"5.96","end_time":"7.05","alternatives":[{"confidence":"0.9491","content":"한국자산관리공사"}],"type":"pronunciation"},{"start_time":"7.05","end_time":"7.17","alternatives":[{"confidence":"0.7377","content":"네"}],"type":"pronunciation"},{"start_time":"7.17","end_time":"7.54","alternatives":[{"confidence":"0.898","content":"정부"}],"type":"pronunciation"},{"start_time":"7.54","end_time":"8.16","alternatives":[{"confidence":"0.59505","content":"정책자금"}],"type":"pronunciation"},{"start_time":"8.16","end_time":"8.68","alternatives":[{"confidence":"0.9973","content":"입니다"}],"type":"pronunciation"},{"alternatives":[{"confidence":"0.0","content":"."}],"type":"punctuation"},{"start_time":"10.43","end_time":"11.78","alternatives":[{"confidence":"0.915725","content":"한국자산관리공사는"}],"type":"pronunciation"},{"start_time":"11.78","end_time":"12.3","alternatives":[{"confidence":"0.9093","content":"여기서"}],"type":"pronunciation"},{"start_time":"12.75","end_time":"13.88","alternatives":[{"confidence":"0.7892","content":"최종"}],"type":"pronunciation"},{"start_time":"13.88","end_time":"14.3","alternatives":[{"confidence":"0.971","content":"최종"}],"type":"pronunciation"},{"start_time":"14.3","end_time":"14.62","alternatives":[{"confidence":"0.98925","content":"승인이"}],"type":"pronunciation"},{"start_time":"14.62","end_time":"15.51","alternatives":[{"confidence":"0.81235","content":"나셔야"}],"type":"pronunciation"},{"start_time":"15.54","end_time":"15.82","alternatives":[{"confidence":"0.9483","content":"여기서"}],"type":"pronunciation"},{"start_time":"15.82","end_time":"16.19","alternatives":[{"confidence":"0.9701500000000001","content":"심사가"}],"type":"pronunciation"},{"start_time":"16.19","end_time":"17.33","alternatives":[{"confidence":"0.8889333333333335","content":"이루어지시는데요"}],"type":"pronunciation"},{"start_time":"17.55","end_time":"17.91","alternatives":[{"confidence":"0.9995","content":"거기서"}],"type":"pronunciation"},{"start_time":"17.91","end_time":"18.17","alternatives":[{"confidence":"0.9044","content":"최종"}],"type":"pronunciation"},{"start_time":"18.17","end_time":"18.65","alternatives":[{"confidence":"0.9574","content":"승인을"}],"type":"pronunciation"},{"start_time":"18.98","end_time":"19.38","alternatives":[{"confidence":"0.99305","content":"받으신"}],"type":"pronunciation"},{"start_time":"19.38","end_time":"20.19","alternatives":[{"confidence":"0.8969499999999999","content":"고객님께서는"}],"type":"pronunciation"},{"start_time":"20.19","end_time":"20.73","alternatives":[{"confidence":"0.9924999999999999","content":"대출금은"}],"type":"pronunciation"},{"start_time":"20.73","end_time":"21.38","alternatives":[{"confidence":"0.7089","content":"고객님사실"}],"type":"pronunciation"},{"start_time":"21.63","end_time":"21.94","alternatives":[{"confidence":"0.5396","content":"근처"}],"type":"pronunciation"},{"start_time":"22.21","end_time":"23.48","alternatives":[{"confidence":"0.8546999999999999","content":"중앙회예방하셔서"}],"type":"pronunciation"},{"start_time":"23.7","end_time":"24.39","alternatives":[{"confidence":"0.961","content":"대출금실행이"}],"type":"pronunciation"},{"start_time":"24.39","end_time":"25.29","alternatives":[{"confidence":"0.9442666666666666","content":"가능하시고요"}],"type":"pronunciation"},{"start_time":"25.35","end_time":"25.65","alternatives":[{"confidence":"0.9972","content":"저는"}],"type":"pronunciation"},{"start_time":"25.65","end_time":"25.92","alternatives":[{"confidence":"0.9945","content":"저랑"}],"type":"pronunciation"},{"start_time":"25.92","end_time":"26.32","alternatives":[{"confidence":"1.0","content":"접수를"}],"type":"pronunciation"},{"start_time":"26.32","end_time":"27.15","alternatives":[{"confidence":"0.9677","content":"통해서"}],"type":"pronunciation"},{"start_time":"27.72","end_time":"29.77","alternatives":[{"confidence":"0.9987999999999999","content":"서민금융통합지원센터로"}],"type":"pronunciation"},{"start_time":"29.77","end_time":"30.17","alternatives":[{"confidence":"0.9982500000000001","content":"접수가"}],"type":"pronunciation"},{"start_time":"30.17","end_time":"30.59","alternatives":[{"confidence":"0.50575","content":"미간이"}],"type":"pronunciation"},{"start_time":"30.59","end_time":"31.37","alternatives":[{"confidence":"0.9997","content":"되세요"}],"type":"pronunciation"},{"start_time":"32.29","end_time":"32.84","alternatives":[{"confidence":"0.7602","content":"거기로"}],"type":"pronunciation"},{"start_time":"32.87","end_time":"33.39","alternatives":[{"confidence":"0.9995499999999999","content":"배정을"}],"type":"pronunciation"},{"start_time":"33.39","end_time":"33.76","alternatives":[{"confidence":"0.9791","content":"제가"}],"type":"pronunciation"},{"start_time":"34.4","end_time":"34.83","alternatives":[{"confidence":"1.0","content":"접수를"}],"type":"pronunciation"},{"start_time":"34.83","end_time":"35.31","alternatives":[{"confidence":"0.9359666666666667","content":"이간시켜"}],"type":"pronunciation"},{"start_time":"35.31","end_time":"35.87","alternatives":[{"confidence":"0.9855499999999999","content":"드리면은"}],"type":"pronunciation"},{"start_time":"35.9","end_time":"36.15","alternatives":[{"confidence":"0.5046","content":"거기"}],"type":"pronunciation"},{"start_time":"36.15","end_time":"36.5","alternatives":[{"confidence":"0.5505","content":"대출"}],"type":"pronunciation"},{"start_time":"36.5","end_time":"36.9","alternatives":[{"confidence":"0.5664","content":"전문"}],"type":"pronunciation"},{"start_time":"36.9","end_time":"37.8","alternatives":[{"confidence":"0.95305","content":"담당자님"}],"type":"pronunciation"},{"start_time":"38.28","end_time":"38.42","alternatives":[{"confidence":"0.7205","content":"이"}],"type":"pronunciation"},{"start_time":"38.42","end_time":"39.32","alternatives":[{"confidence":"0.9380999999999999","content":"배정받으실"}],"type":"pronunciation"},{"start_time":"39.32","end_time":"39.7","alternatives":[{"confidence":"0.9993","content":"겁니다"}],"type":"pronunciation"},{"start_time":"39.7","end_time":"40.65","alternatives":[{"confidence":"0.82465","content":"공님께서"}],"type":"pronunciation"},{"start_time":"40.81","end_time":"41.13","alternatives":[{"confidence":"0.9307","content":"정부"}],"type":"pronunciation"},{"start_time":"41.13","end_time":"41.89","alternatives":[{"confidence":"0.73","content":"정책자금이"}],"type":"pronunciation"},{"start_time":"41.89","end_time":"42.34","alternatives":[{"confidence":"0.9885","content":"정부에서"}],"type":"pronunciation"},{"start_time":"42.34","end_time":"42.67","alternatives":[{"confidence":"0.9511","content":"하는"}],"type":"pronunciation"},{"start_time":"42.67","end_time":"43.03","alternatives":[{"confidence":"0.4121","content":"자금이"}],"type":"pronunciation"},{"start_time":"43.03","end_time":"43.42","alternatives":[{"confidence":"0.70165","content":"시고요"}],"type":"pronunciation"},{"start_time":"43.45","end_time":"43.74","alternatives":[{"confidence":"0.6495","content":"정부"}],"type":"pronunciation"},{"start_time":"43.74","end_time":"44.39","alternatives":[{"confidence":"0.6815","content":"지원하시는"}],"type":"pronunciation"},{"start_time":"44.39","end_time":"44.87","alternatives":[{"confidence":"1.0","content":"거고"}],"type":"pronunciation"},{"start_time":"45.54","end_time":"45.93","alternatives":[{"confidence":"1.0","content":"저희가"}],"type":"pronunciation"},{"start_time":"45.93","end_time":"46.18","alternatives":[{"confidence":"0.3074","content":"저"}],"type":"pronunciation"},{"start_time":"46.69","end_time":"47.62","alternatives":[{"confidence":"0.915","content":"접수처만"}],"type":"pronunciation"},{"start_time":"47.62","end_time":"48.29","alternatives":[{"confidence":"0.9580500000000001","content":"높이시고"}],"type":"pronunciation"},{"start_time":"48.29","end_time":"49.14","alternatives":[{"confidence":"0.8706499999999999","content":"이러고객님"}],"type":"pronunciation"}]},"status":"COMPLETED"}