{"jobName":"transcribe_loan56","accountId":"097989105209","results":{"transcripts":[{"transcript":"한다 는 이처럼 무조건 삼천얘기하니까 그냥 했는데 그러세요. 이 부분은 먼저 확인을 하고요. 빨리 해야 되는데 그 담당자를 빨리 처리하려고 그러더라고요. 제가 보기에는 그냥 금리는 거죠. 그러면 고객님그거 제가 보기에는 금리도 높으시고 한번도 뭐 그만큼 충분히 가능하시거든요. 근데 그냥 진행을 하세요. 빨랐다가 받으시고 오늘 받으시고 오늘 주무관님 배정받아서 바로 상황이 들어가다고요. 오늘 금요일이잖아요 빨리 진행을 해서 오늘 마무리를 지어드릴 수 있으면 최대한 오늘 마무리를 지어드릴게요 그러면 되는거죠. 고객님께서 직접 하시면 중도상환밖에 안 되시기 때문에 의원님배정받아서. 그리고 상환을 들어가고 주무관님께서 전산처리를 해드려야죠 그거는 아니고요. 맞아서 계좌를 발급을 받을 거예요. 그러니까 상환전용계좌가 발급이 되세요. 고객님앞으로 4 그쪽으로 상황이 들어가시면 되세요. 이 부분은 거기에는 뭐 제가 말씀을 드리는 것은 직접 하시면 중도상황이잖아요. 그러면 저희가 전산처리를 해드릴 수가 없어요. 처음부터 이렇게 말씀드렸던 게 대출을 받으시고 주무관이 발병을 받아서 상환을 들어가고 전산처리를 해드린다고 처음부터 거기 이렇게 말씀을 드렸던 거고요. 그거는 아닌 것 같아 그런 식으로 해가지고 출신도 많잖아. 그래서 그 말씀을 드린 거예요. 이런 부분방법이 있는데 어떻게 전에 알려드리고 원래는 뭐 네 문자도 남겨드리고당하잖아요 그걸 갖다고객님은 이 부분은 제가 말씀을 해드렸는데. 지금 하실거면 하시고요. 안 하셔도 상관없어요. 저는 그렇겠지만 그래도 그건 좀 이 방법 외에는 제가 고객님도와드릴 방법은 없으세요. 알겠습니다."}],"items":[{"start_time":"1.14","end_time":"1.39","alternatives":[{"confidence":"0.4385","content":"한다"}],"type":"pronunciation"},{"start_time":"5.44","end_time":"5.94","alternatives":[{"confidence":"0.0699","content":"는"}],"type":"pronunciation"},{"start_time":"6.53","end_time":"6.86","alternatives":[{"confidence":"0.9159","content":"이처럼"}],"type":"pronunciation"},{"start_time":"6.86","end_time":"7.11","alternatives":[{"confidence":"0.9721","content":"무조건"}],"type":"pronunciation"},{"start_time":"9.32","end_time":"9.97","alternatives":[{"confidence":"0.7812333333333333","content":"삼천얘기하니까"}],"type":"pronunciation"},{"start_time":"9.97","end_time":"10.16","alternatives":[{"confidence":"0.8645","content":"그냥"}],"type":"pronunciation"},{"start_time":"11.29","end_time":"11.73","alternatives":[{"confidence":"0.0972","content":"했는데"}],"type":"pronunciation"},{"start_time":"12.5","end_time":"13.1","alternatives":[{"confidence":"1.0","content":"그러세요"}],"type":"pronunciation"},{"alternatives":[{"confidence":"0.0","content":"."}],"type":"punctuation"},{"start_time":"13.66","end_time":"13.76","alternatives":[{"confidence":"0.8729","content":"이"}],"type":"pronunciation"},{"start_time":"13.76","end_time":"14.12","alternatives":[{"confidence":"0.608","content":"부분은"}],"type":"pronunciation"},{"start_time":"14.12","end_time":"14.34","alternatives":[{"confidence":"0.9949","content":"먼저"}],"type":"pronunciation"},{"start_time":"14.34","end_time":"14.73","alternatives":[{"confidence":"0.9989","content":"확인을"}],"type":"pronunciation"},{"start_time":"14.73","end_time":"15.28","alternatives":[{"confidence":"0.9988","content":"하고요"}],"type":"pronunciation"},{"alternatives":[{"confidence":"0.0","content":"."}],"type":"punctuation"},{"start_time":"15.53","end_time":"15.85","alternatives":[{"confidence":"0.6538","content":"빨리"}],"type":"pronunciation"},{"start_time":"15.85","end_time":"16.02","alternatives":[{"confidence":"0.9973","content":"해야"}],"type":"pronunciation"},{"start_time":"16.02","end_time":"16.26","alternatives":[{"confidence":"0.966","content":"되는데"}],"type":"pronunciation"},{"start_time":"16.26","end_time":"16.49","alternatives":[{"confidence":"0.6881","content":"그"}],"type":"pronunciation"},{"start_time":"16.56","end_time":"16.97","alternatives":[{"confidence":"0.5405","content":"담당자를"}],"type":"pronunciation"},{"start_time":"16.97","end_time":"17.24","alternatives":[{"confidence":"0.6067","content":"빨리"}],"type":"pronunciation"},{"start_time":"17.95","end_time":"18.33","alternatives":[{"confidence":"0.93465","content":"처리하려고"}],"type":"pronunciation"},{"start_time":"18.57","end_time":"19.07","alternatives":[{"confidence":"0.45655","content":"그러더라고요"}],"type":"pronunciation"},{"alternatives":[{"confidence":"0.0","content":"."}],"type":"punctuation"},{"start_time":"20.09","end_time":"20.5","alternatives":[{"confidence":"0.9763","content":"제가"}],"type":"pronunciation"},{"start_time":"20.5","end_time":"21.05","alternatives":[{"confidence":"0.5281","content":"보기에는"}],"type":"pronunciation"},{"start_time":"21.36","end_time":"21.73","alternatives":[{"confidence":"0.3208","content":"그냥"}],"type":"pronunciation"},{"start_time":"21.81","end_time":"22.28","alternatives":[{"confidence":"0.6183","content":"금리는"}],"type":"pronunciation"},{"start_time":"23.82","end_time":"24.09","alternatives":[{"confidence":"0.0097","content":"거죠"}],"type":"pronunciation"},{"alternatives":[{"confidence":"0.0","content":"."}],"type":"punctuation"},{"start_time":"27.85","end_time":"28.17","alternatives":[{"confidence":"0.9996","content":"그러면"}],"type":"pronunciation"},{"start_time":"28.17","end_time":"29.3","alternatives":[{"confidence":"0.836","content":"고객님그거"}],"type":"pronunciation"},{"start_time":"29.3","end_time":"29.54","alternatives":[{"confidence":"0.9878","content":"제가"}],"type":"pronunciation"},{"start_time":"29.54","end_time":"29.96","alternatives":[{"confidence":"0.9941","content":"보기에는"}],"type":"pronunciation"},{"start_time":"29.96","end_time":"30.35","alternatives":[{"confidence":"0.9661","content":"금리도"}],"type":"pronunciation"},{"start_time":"30.35","end_time":"31.15","alternatives":[{"confidence":"0.9963","content":"높으시고"}],"type":"pronunciation"},{"start_time":"31.15","end_time":"31.71","alternatives":[{"confidence":"0.3725","content":"한번도"}],"type":"pronunciation"},{"start_time":"31.71","end_time":"31.84","alternatives":[{"confidence":"0.2752","content":"뭐"}],"type":"pronunciation"},{"start_time":"31.87","end_time":"32.26","alternatives":[{"confidence":"0.8689","content":"그만큼"}],"type":"pronunciation"},{"start_time":"32.44","end_time":"32.89","alternatives":[{"confidence":"1.0","content":"충분히"}],"type":"pronunciation"},{"start_time":"32.89","end_time":"33.88","alternatives":[{"confidence":"0.8688666666666668","content":"가능하시거든요"}],"type":"pronunciation"},{"alternatives":[{"confidence":"0.0","content":"."}],"type":"punctuation"},{"start_time":"34.17","end_time":"34.41","alternatives":[{"confidence":"0.8452","content":"근데"}],"type":"pronunciation"},{"start_time":"34.41","end_time":"34.66","alternatives":[{"confidence":"0.9728","content":"그냥"}],"type":"pronunciation"},{"start_time":"34.69","end_time":"35.1","alternatives":[{"confidence":"0.9722","content":"진행을"}],"type":"pronunciation"},{"start_time":"35.1","end_time":"35.72","alternatives":[{"confidence":"0.9997","content":"하세요"}],"type":"pronunciation"},{"alternatives":[{"confidence":"0.0","content":"."}],"type":"punctuation"},{"start_time":"36.08","end_time":"36.64","alternatives":[{"confidence":"0.13115","content":"빨랐다가"}],"type":"pronunciation"},{"start_time":"37.49","end_time":"38.4","alternatives":[{"confidence":"0.994","content":"받으시고"}],"type":"pronunciation"},{"start_time":"38.61","end_time":"38.93","alternatives":[{"confidence":"0.9382","content":"오늘"}],"type":"pronunciation"},{"start_time":"38.93","end_time":"39.9","alternatives":[{"confidence":"0.9957","content":"받으시고"}],"type":"pronunciation"},{"start_time":"40.05","end_time":"40.4","alternatives":[{"confidence":"0.9576","content":"오늘"}],"type":"pronunciation"},{"start_time":"40.4","end_time":"40.89","alternatives":[{"confidence":"0.9859666666666667","content":"주무관님"}],"type":"pronunciation"},{"start_time":"40.89","end_time":"41.55","alternatives":[{"confidence":"0.99975","content":"배정받아서"}],"type":"pronunciation"},{"start_time":"41.55","end_time":"41.82","alternatives":[{"confidence":"0.9657","content":"바로"}],"type":"pronunciation"},{"start_time":"41.82","end_time":"42.16","alternatives":[{"confidence":"0.5623","content":"상황이"}],"type":"pronunciation"},{"start_time":"42.16","end_time":"42.91","alternatives":[{"confidence":"0.6686000000000001","content":"들어가다고요"}],"type":"pronunciation"},{"alternatives":[{"confidence":"0.0","content":"."}],"type":"punctuation"},{"start_time":"42.94","end_time":"43.17","alternatives":[{"confidence":"0.9824","content":"오늘"}],"type":"pronunciation"},{"start_time":"43.17","end_time":"44.72","alternatives":[{"confidence":"0.8444","content":"금요일이잖아요"}],"type":"pronunciation"},{"start_time":"45.11","end_time":"45.41","alternatives":[{"confidence":"0.9939","content":"빨리"}],"type":"pronunciation"},{"start_time":"45.41","end_time":"45.77","alternatives":[{"confidence":"0.9242","content":"진행을"}],"type":"pronunciation"},{"start_time":"45.77","end_time":"46.51","alternatives":[{"confidence":"0.9954","content":"해서"}],"type":"pronunciation"},{"start_time":"46.58","end_time":"47.08","alternatives":[{"confidence":"0.9927","content":"오늘"}],"type":"pronunciation"},{"start_time":"47.08","end_time":"48.05","alternatives":[{"confidence":"0.9973000000000001","content":"마무리를"}],"type":"pronunciation"},{"start_time":"48.08","end_time":"48.91","alternatives":[{"confidence":"0.9347","content":"지어드릴"}],"type":"pronunciation"},{"start_time":"48.91","end_time":"49.02","alternatives":[{"confidence":"1.0","content":"수"}],"type":"pronunciation"},{"start_time":"49.02","end_time":"49.33","alternatives":[{"confidence":"0.9996","content":"있으면"}],"type":"pronunciation"},{"start_time":"49.33","end_time":"49.71","alternatives":[{"confidence":"1.0","content":"최대한"}],"type":"pronunciation"},{"start_time":"49.71","end_time":"49.93","alternatives":[{"confidence":"0.9873","content":"오늘"}],"type":"pronunciation"},{"start_time":"49.93","end_time":"50.39","alternatives":[{"confidence":"0.99805","content":"마무리를"}],"type":"pronunciation"},{"start_time":"50.42","end_time":"51.22","alternatives":[{"confidence":"0.9337","content":"지어드릴게요"}],"type":"pronunciation"},{"start_time":"51.51","end_time":"51.85","alternatives":[{"confidence":"0.181","content":"그러면"}],"type":"pronunciation"},{"start_time":"53.47","end_time":"53.83","alternatives":[{"confidence":"0.3363","content":"되는거죠"}],"type":"pronunciation"},{"alternatives":[{"confidence":"0.0","content":"."}],"type":"punctuation"},{"start_time":"54.5","end_time":"55.04","alternatives":[{"confidence":"0.731","content":"고객님께서"}],"type":"pronunciation"},{"start_time":"55.04","end_time":"55.4","alternatives":[{"confidence":"0.9975","content":"직접"}],"type":"pronunciation"},{"start_time":"55.4","end_time":"55.69","alternatives":[{"confidence":"0.9999","content":"하시면"}],"type":"pronunciation"},{"start_time":"55.69","end_time":"56.48","alternatives":[{"confidence":"0.9788","content":"중도상환밖에"}],"type":"pronunciation"},{"start_time":"56.48","end_time":"56.61","alternatives":[{"confidence":"0.9039","content":"안"}],"type":"pronunciation"},{"start_time":"56.61","end_time":"56.96","alternatives":[{"confidence":"0.6561","content":"되시기"}],"type":"pronunciation"},{"start_time":"56.96","end_time":"57.7","alternatives":[{"confidence":"0.9972","content":"때문에"}],"type":"pronunciation"},{"start_time":"57.91","end_time":"59.36","alternatives":[{"confidence":"0.8156","content":"의원님배정받아서"}],"type":"pronunciation"},{"alternatives":[{"confidence":"0.0","content":"."}],"type":"punctuation"},{"start_time":"59.76","end_time":"60.02","alternatives":[{"confidence":"0.9894","content":"그리고"}],"type":"pronunciation"},{"start_time":"60.02","end_time":"60.48","alternatives":[{"confidence":"0.9539","content":"상환을"}],"type":"pronunciation"},{"start_time":"60.48","end_time":"61.15","alternatives":[{"confidence":"1.0","content":"들어가고"}],"type":"pronunciation"},{"start_time":"61.15","end_time":"61.77","alternatives":[{"confidence":"0.9049","content":"주무관님께서"}],"type":"pronunciation"},{"start_time":"61.77","end_time":"62.63","alternatives":[{"confidence":"0.9998","content":"전산처리를"}],"type":"pronunciation"},{"start_time":"62.63","end_time":"63.37","alternatives":[{"confidence":"0.8081999999999999","content":"해드려야죠"}],"type":"pronunciation"},{"start_time":"65.78","end_time":"66.31","alternatives":[{"confidence":"0.85605","content":"그거는"}],"type":"pronunciation"},{"start_time":"66.31","end_time":"66.82","alternatives":[{"confidence":"0.98","content":"아니고요"}],"type":"pronunciation"},{"alternatives":[{"confidence":"0.0","content":"."}],"type":"punctuation"},{"start_time":"68.02","end_time":"68.36","alternatives":[{"confidence":"0.4217","content":"맞아서"}],"type":"pronunciation"},{"start_time":"68.65","end_time":"68.96","alternatives":[{"confidence":"0.9902","content":"계좌를"}],"type":"pronunciation"},{"start_time":"68.96","end_time":"69.39","alternatives":[{"confidence":"0.9941","content":"발급을"}],"type":"pronunciation"},{"start_time":"69.39","end_time":"69.71","alternatives":[{"confidence":"0.9911","content":"받을"}],"type":"pronunciation"},{"start_time":"69.71","end_time":"70.25","alternatives":[{"confidence":"0.8884","content":"거예요"}],"type":"pronunciation"},{"alternatives":[{"confidence":"0.0","content":"."}],"type":"punctuation"},{"start_time":"71.59","end_time":"72.14","alternatives":[{"confidence":"0.9994","content":"그러니까"}],"type":"pronunciation"},{"start_time":"72.17","end_time":"75.32","alternatives":[{"confidence":"0.770975","content":"상환전용계좌가"}],"type":"pronunciation"},{"start_time":"75.32","end_time":"75.74","alternatives":[{"confidence":"0.8976999999999999","content":"발급이"}],"type":"pronunciation"},{"start_time":"75.74","end_time":"76.2","alternatives":[{"confidence":"0.9398","content":"되세요"}],"type":"pronunciation"},{"alternatives":[{"confidence":"0.0","content":"."}],"type":"punctuation"},{"start_time":"76.2","end_time":"77.27","alternatives":[{"confidence":"0.9238999999999999","content":"고객님앞으로"}],"type":"pronunciation"},{"start_time":"77.63","end_time":"77.86","alternatives":[{"confidence":"0.1086","content":"4"}],"type":"pronunciation"},{"start_time":"77.86","end_time":"78.28","alternatives":[{"confidence":"0.9575","content":"그쪽으로"}],"type":"pronunciation"},{"start_time":"78.28","end_time":"78.61","alternatives":[{"confidence":"0.7792","content":"상황이"}],"type":"pronunciation"},{"start_time":"78.61","end_time":"79.18","alternatives":[{"confidence":"0.9975499999999999","content":"들어가시면"}],"type":"pronunciation"},{"start_time":"79.18","end_time":"79.72","alternatives":[{"confidence":"1.0","content":"되세요"}],"type":"pronunciation"},{"alternatives":[{"confidence":"0.0","content":"."}],"type":"punctuation"},{"start_time":"83.32","end_time":"83.45","alternatives":[{"confidence":"0.9591","content":"이"}],"type":"pronunciation"},{"start_time":"83.45","end_time":"83.83","alternatives":[{"confidence":"0.9517","content":"부분은"}],"type":"pronunciation"},{"start_time":"83.83","end_time":"84.52","alternatives":[{"confidence":"0.4813","content":"거기에는"}],"type":"pronunciation"},{"start_time":"84.75","end_time":"85.15","alternatives":[{"confidence":"0.97","content":"뭐"}],"type":"pronunciation"},{"start_time":"85.18","end_time":"85.42","alternatives":[{"confidence":"1.0","content":"제가"}],"type":"pronunciation"},{"start_time":"85.42","end_time":"85.91","alternatives":[{"confidence":"1.0","content":"말씀을"}],"type":"pronunciation"},{"start_time":"85.91","end_time":"86.28","alternatives":[{"confidence":"0.9803","content":"드리는"}],"type":"pronunciation"},{"start_time":"86.28","end_time":"86.48","alternatives":[{"confidence":"0.4838","content":"것은"}],"type":"pronunciation"},{"start_time":"86.97","end_time":"87.32","alternatives":[{"confidence":"0.9897","content":"직접"}],"type":"pronunciation"},{"start_time":"87.32","end_time":"87.61","alternatives":[{"confidence":"1.0","content":"하시면"}],"type":"pronunciation"},{"start_time":"87.61","end_time":"89.03","alternatives":[{"confidence":"0.9368333333333334","content":"중도상황이잖아요"}],"type":"pronunciation"},{"alternatives":[{"confidence":"0.0","content":"."}],"type":"punctuation"},{"start_time":"89.59","end_time":"89.89","alternatives":[{"confidence":"0.992","content":"그러면"}],"type":"pronunciation"},{"start_time":"89.89","end_time":"90.22","alternatives":[{"confidence":"0.9997","content":"저희가"}],"type":"pronunciation"},{"start_time":"90.22","end_time":"90.89","alternatives":[{"confidence":"0.9996499999999999","content":"전산처리를"}],"type":"pronunciation"},{"start_time":"90.89","end_time":"91.21","alternatives":[{"confidence":"0.78975","content":"해드릴"}],"type":"pronunciation"},{"start_time":"91.21","end_time":"91.42","alternatives":[{"confidence":"0.9998","content":"수가"}],"type":"pronunciation"},{"start_time":"91.42","end_time":"92.16","alternatives":[{"confidence":"1.0","content":"없어요"}],"type":"pronunciation"},{"alternatives":[{"confidence":"0.0","content":"."}],"type":"punctuation"},{"start_time":"92.85","end_time":"93.24","alternatives":[{"confidence":"1.0","content":"처음부터"}],"type":"pronunciation"},{"start_time":"93.42","end_time":"93.59","alternatives":[{"confidence":"0.7519","content":"이렇게"}],"type":"pronunciation"},{"start_time":"93.59","end_time":"94.35","alternatives":[{"confidence":"0.65765","content":"말씀드렸던"}],"type":"pronunciation"},{"start_time":"94.35","end_time":"94.6","alternatives":[{"confidence":"0.4247","content":"게"}],"type":"pronunciation"},{"start_time":"94.84","end_time":"95.28","alternatives":[{"confidence":"0.9793","content":"대출을"}],"type":"pronunciation"},{"start_time":"95.28","end_time":"95.99","alternatives":[{"confidence":"0.99865","content":"받으시고"}],"type":"pronunciation"},{"start_time":"95.99","end_time":"96.47","alternatives":[{"confidence":"0.753","content":"주무관이"}],"type":"pronunciation"},{"start_time":"96.8","end_time":"97.25","alternatives":[{"confidence":"0.79425","content":"발병을"}],"type":"pronunciation"},{"start_time":"97.25","end_time":"97.91","alternatives":[{"confidence":"1.0","content":"받아서"}],"type":"pronunciation"},{"start_time":"98.16","end_time":"98.61","alternatives":[{"confidence":"0.6891499999999999","content":"상환을"}],"type":"pronunciation"},{"start_time":"98.61","end_time":"99.42","alternatives":[{"confidence":"1.0","content":"들어가고"}],"type":"pronunciation"},{"start_time":"99.48","end_time":"100.14","alternatives":[{"confidence":"0.9994000000000001","content":"전산처리를"}],"type":"pronunciation"},{"start_time":"100.14","end_time":"100.66","alternatives":[{"confidence":"0.9817666666666667","content":"해드린다고"}],"type":"pronunciation"},{"start_time":"100.66","end_time":"101.01","alternatives":[{"confidence":"1.0","content":"처음부터"}],"type":"pronunciation"},{"start_time":"101.01","end_time":"101.19","alternatives":[{"confidence":"0.3313","content":"거기"}],"type":"pronunciation"},{"start_time":"101.19","end_time":"101.38","alternatives":[{"confidence":"0.9855","content":"이렇게"}],"type":"pronunciation"},{"start_time":"101.38","end_time":"101.81","alternatives":[{"confidence":"1.0","content":"말씀을"}],"type":"pronunciation"},{"start_time":"101.81","end_time":"102.2","alternatives":[{"confidence":"0.8265","content":"드렸던"}],"type":"pronunciation"},{"start_time":"102.2","end_time":"102.69","alternatives":[{"confidence":"0.8165","content":"거고요"}],"type":"pronunciation"},{"alternatives":[{"confidence":"0.0","content":"."}],"type":"punctuation"},{"start_time":"103.62","end_time":"104.0","alternatives":[{"confidence":"0.65025","content":"그거는"}],"type":"pronunciation"},{"start_time":"104.0","end_time":"104.14","alternatives":[{"confidence":"0.8839","content":"아닌"}],"type":"pronunciation"},{"start_time":"104.14","end_time":"104.23","alternatives":[{"confidence":"0.7896","content":"것"}],"type":"pronunciation"},{"start_time":"104.23","end_time":"104.68","alternatives":[{"confidence":"0.9122","content":"같아"}],"type":"pronunciation"},{"start_time":"105.0","end_time":"105.21","alternatives":[{"confidence":"0.618","content":"그런"}],"type":"pronunciation"},{"start_time":"105.21","end_time":"105.4","alternatives":[{"confidence":"0.6182","content":"식으로"}],"type":"pronunciation"},{"start_time":"105.4","end_time":"105.65","alternatives":[{"confidence":"0.80725","content":"해가지고"}],"type":"pronunciation"},{"start_time":"105.9","end_time":"106.16","alternatives":[{"confidence":"0.8446","content":"출신도"}],"type":"pronunciation"},{"start_time":"106.16","end_time":"106.57","alternatives":[{"confidence":"0.9968","content":"많잖아"}],"type":"pronunciation"},{"alternatives":[{"confidence":"0.0","content":"."}],"type":"punctuation"},{"start_time":"108.15","end_time":"108.55","alternatives":[{"confidence":"0.9857","content":"그래서"}],"type":"pronunciation"},{"start_time":"108.55","end_time":"108.62","alternatives":[{"confidence":"0.2915","content":"그"}],"type":"pronunciation"},{"start_time":"108.89","end_time":"109.28","alternatives":[{"confidence":"1.0","content":"말씀을"}],"type":"pronunciation"},{"start_time":"109.28","end_time":"109.54","alternatives":[{"confidence":"0.9735","content":"드린"}],"type":"pronunciation"},{"start_time":"109.54","end_time":"110.01","alternatives":[{"confidence":"0.9662","content":"거예요"}],"type":"pronunciation"},{"alternatives":[{"confidence":"0.0","content":"."}],"type":"punctuation"},{"start_time":"110.01","end_time":"110.27","alternatives":[{"confidence":"0.9958","content":"이런"}],"type":"pronunciation"},{"start_time":"110.27","end_time":"111.03","alternatives":[{"confidence":"0.8624","content":"부분방법이"}],"type":"pronunciation"},{"start_time":"111.03","end_time":"111.49","alternatives":[{"confidence":"0.9676","content":"있는데"}],"type":"pronunciation"},{"start_time":"112.12","end_time":"112.34","alternatives":[{"confidence":"0.1697","content":"어떻게"}],"type":"pronunciation"},{"start_time":"114.39","end_time":"114.75","alternatives":[{"confidence":"0.7286","content":"전에"}],"type":"pronunciation"},{"start_time":"116.81","end_time":"117.72","alternatives":[{"confidence":"0.90015","content":"알려드리고"}],"type":"pronunciation"},{"start_time":"117.72","end_time":"118.24","alternatives":[{"confidence":"0.9999","content":"원래는"}],"type":"pronunciation"},{"start_time":"118.73","end_time":"119.14","alternatives":[{"confidence":"0.0574","content":"뭐"}],"type":"pronunciation"},{"start_time":"120.16","end_time":"120.37","alternatives":[{"confidence":"0.9356","content":"네"}],"type":"pronunciation"},{"start_time":"120.37","end_time":"120.89","alternatives":[{"confidence":"0.9337","content":"문자도"}],"type":"pronunciation"},{"start_time":"120.89","end_time":"122.66","alternatives":[{"confidence":"0.5478","content":"남겨드리고당하잖아요"}],"type":"pronunciation"},{"start_time":"124.16","end_time":"124.36","alternatives":[{"confidence":"0.0055","content":"그걸"}],"type":"pronunciation"},{"start_time":"124.51","end_time":"126.16","alternatives":[{"confidence":"0.30993333333333334","content":"갖다고객님은"}],"type":"pronunciation"},{"start_time":"126.28","end_time":"126.52","alternatives":[{"confidence":"0.9567","content":"이"}],"type":"pronunciation"},{"start_time":"126.52","end_time":"126.85","alternatives":[{"confidence":"0.9538","content":"부분은"}],"type":"pronunciation"},{"start_time":"126.85","end_time":"127.04","alternatives":[{"confidence":"1.0","content":"제가"}],"type":"pronunciation"},{"start_time":"127.04","end_time":"127.45","alternatives":[{"confidence":"1.0","content":"말씀을"}],"type":"pronunciation"},{"start_time":"127.45","end_time":"128.19","alternatives":[{"confidence":"0.8891666666666667","content":"해드렸는데"}],"type":"pronunciation"},{"alternatives":[{"confidence":"0.0","content":"."}],"type":"punctuation"},{"start_time":"128.22","end_time":"128.51","alternatives":[{"confidence":"0.9838","content":"지금"}],"type":"pronunciation"},{"start_time":"128.51","end_time":"129.27","alternatives":[{"confidence":"0.8152","content":"하실거면"}],"type":"pronunciation"},{"start_time":"129.27","end_time":"129.87","alternatives":[{"confidence":"0.9988","content":"하시고요"}],"type":"pronunciation"},{"alternatives":[{"confidence":"0.0","content":"."}],"type":"punctuation"},{"start_time":"129.9","end_time":"130.06","alternatives":[{"confidence":"0.5021","content":"안"}],"type":"pronunciation"},{"start_time":"130.06","end_time":"130.35","alternatives":[{"confidence":"1.0","content":"하셔도"}],"type":"pronunciation"},{"start_time":"130.35","end_time":"130.95","alternatives":[{"confidence":"0.9922","content":"상관없어요"}],"type":"pronunciation"},{"alternatives":[{"confidence":"0.0","content":"."}],"type":"punctuation"},{"start_time":"131.13","end_time":"131.43","alternatives":[{"confidence":"0.16","content":"저는"}],"type":"pronunciation"},{"start_time":"131.97","end_time":"132.48","alternatives":[{"confidence":"0.44335","content":"그렇겠지만"}],"type":"pronunciation"},{"start_time":"132.48","end_time":"132.73","alternatives":[{"confidence":"0.8744","content":"그래도"}],"type":"pronunciation"},{"start_time":"134.32","end_time":"134.53","alternatives":[{"confidence":"0.0562","content":"그건"}],"type":"pronunciation"},{"start_time":"134.53","end_time":"134.68","alternatives":[{"confidence":"0.0569","content":"좀"}],"type":"pronunciation"},{"start_time":"135.76","end_time":"135.92","alternatives":[{"confidence":"0.7362","content":"이"}],"type":"pronunciation"},{"start_time":"135.92","end_time":"136.34","alternatives":[{"confidence":"0.9721","content":"방법"}],"type":"pronunciation"},{"start_time":"136.37","end_time":"136.64","alternatives":[{"confidence":"0.9906","content":"외에는"}],"type":"pronunciation"},{"start_time":"136.64","end_time":"136.86","alternatives":[{"confidence":"0.9966","content":"제가"}],"type":"pronunciation"},{"start_time":"136.86","end_time":"137.89","alternatives":[{"confidence":"0.9151000000000001","content":"고객님도와드릴"}],"type":"pronunciation"},{"start_time":"137.89","end_time":"138.39","alternatives":[{"confidence":"0.9999","content":"방법은"}],"type":"pronunciation"},{"start_time":"138.39","end_time":"139.53","alternatives":[{"confidence":"1.0","content":"없으세요"}],"type":"pronunciation"},{"alternatives":[{"confidence":"0.0","content":"."}],"type":"punctuation"},{"start_time":"140.42","end_time":"140.86","alternatives":[{"confidence":"0.9949","content":"알겠습니다"}],"type":"pronunciation"},{"alternatives":[{"confidence":"0.0","content":"."}],"type":"punctuation"}]},"status":"COMPLETED"}