{"jobName":"transcribe_loan67","accountId":"097989105209","results":{"transcripts":[{"transcript":"고요. 한국자산관리공사 농협 주관 농업중앙회에서 취급하는 일반 신용대출담보대출이 아니시고요. 한국자산관리공사 네 정부 정책자금 입니다. 이 상품은 금융권제도의 소외되고 있는 서민계층분들에게 보증 지원을 통해서 하는 거라고 보세요. 네 한국자산관리공사 네 정부 정책자금 이고요 관리공사 한국자산관리공사 캠코 라고 하면은 나오거든요. 고객님여기서 정책자금 이요, 정부 정책자금 나오나오십니다 님 한국자산관리공사는 여기서 최종 최종 승인이 나셔야 여기서 심사가 이루어지시는데요 거기서 최종 승인을 받으신 고객님께서는. 대출금은 고객님사실 근처 농협중앙회예방하셔서 대출금실행이 가능하시고요 저는 저랑 접수를 통해서 서민금융통합지원센터로 접수가 미간이 되세요. 손님 금융통합지원센터거기로 배정을 제가 접수를 이간시켜 드리면은 거기 대출 전문 담당자님이 배정받으실 겁니다. 공님께서 그런 쉽게 얘기하시죠 이거 버린 거예요. 아니면 정말 너무 하는 거예요. 자산관리공사 정부 정책자금이 정부에서 하는 자금이 시고요 정부 지원하시는 거고 저희가 저 접수처만 농협이시고 고객님접수를 제가 고객님의 접수를 해드리면 서민금융통합지원센터로 접수를 제가 이견시켜드릴 거예요. 거기서 고객님의 한도와 금리를 평가 받으신 후에 한국자산관리공사로 심사가 이루어져요 거기서 최종 승인을 받으시면은 고객님이 대출대출금을 수령이 가능하신 것입니다. 고객님 이해하셨습니까. 그렇죠. 그렇죠. 여기는 저희 접수첨한 농협이시고요. 그렇죠. 그렇죠. 거죠. 서민금융통합지원센터로 제가 접수를 이간시켜 드릴 거예요. 하고요. 거기서 대출전문단단히 배정받으시면 한도와 금리를 평가평가를 해드려요 공인님의 한도와 금리를 그리고 한국자산관리공사로 심사가 이루어져요 거기서 최종 승인이 받으셔야 지금 실행이 가능하시고요. 이해하셨습니까 기간은 빠르시면은 삼 일, 사 일 이번 주 내로 받아 보실 수 있으시고요 기간이 좀 걸리시면. 일주일 안에 아마 화요일 정도 안에 처리가 되실 겁니다. 그래서 방문했는데. 예, 맞습니다. 희망하시는 금액이 어느 정도시죠 삼천만원 이천 삼천 만원이요. 그럼 접수를 저희가 삼천만원을 도와드릴게요. 또 제가 접수해 드리면은 서민금융통합지원센터대출 전문 선생님께서 고객님의 정확한 한도를 알려 주시니까. 우선 저희가 삼천만원으로 접수를 해드릴게요. 이 과정에서 개인정보를 제공한 없는거죠. 이 과정에서 예. 마지막으로 신청을 하고 나서 가서 접수하는데 너무 접수전에. 개인정보가 다 제공을 해야 될 건가요? 지금 저랑 접수를 통해서 고객정보를 제가 이간시켜 드리잖아요. 그래서 고객님주소나 직업이나 이런 몇 가지 여쭤볼 거예요. 이점오에서 사 프로대. 근데 대부분 평가를 서로 미만 대로 받으세요. 이점칠 프로이점팔프로 정도 예상되시고요 천만원 정도 받으신다고 하시면은 이자만 월 이만칠천원 정도 예상됩니다. 이 만 칠천 원에서 이 만 팔천 원 정도 네 접속 계속 도와드릴까요? 그리고 정부 정책자금 대출신청은 대리 신청이 안 되기 때문에 본인확인에 대한 정보가 일치한번 접수가 가능하시고요. 저희가 무료 신용정보를 통해서 조회등록을 해드리기 위해 주민번호 13 자리 확인 부탁 드리겠습니다. 한번 맞으십니까 잠시만 냐 성화방호주민번호 제가 확인다시 부탁드릴게요. 사람은 뭐 고객님이 시고 주민번호는 한번 맞으십니까. 잠시만요. 확인 중에 있습니다. 그럼 본인 확인을 위해서 문자로 숫자 여섯 자리 발송해 드릴 건데요. 요즘은 개인정보 유출과 도용 방지를 위해서 임시 발급을 통해 안전하게 본인 확인을 도와드리는 겁니다."}],"items":[{"start_time":"0.73","end_time":"1.14","alternatives":[{"confidence":"0.6384","content":"고요"}],"type":"pronunciation"},{"alternatives":[{"confidence":"0.0","content":"."}],"type":"punctuation"},{"start_time":"1.32","end_time":"2.39","alternatives":[{"confidence":"0.925925","content":"한국자산관리공사"}],"type":"pronunciation"},{"start_time":"2.73","end_time":"3.01","alternatives":[{"confidence":"0.2398","content":"농협"}],"type":"pronunciation"},{"start_time":"3.01","end_time":"3.3","alternatives":[{"confidence":"0.3523","content":"주관"}],"type":"pronunciation"},{"start_time":"5.08","end_time":"5.95","alternatives":[{"confidence":"0.8567","content":"농업중앙회에서"}],"type":"pronunciation"},{"start_time":"5.95","end_time":"6.78","alternatives":[{"confidence":"1.0","content":"취급하는"}],"type":"pronunciation"},{"start_time":"6.78","end_time":"7.11","alternatives":[{"confidence":"0.9173","content":"일반"}],"type":"pronunciation"},{"start_time":"7.11","end_time":"8.74","alternatives":[{"confidence":"0.9342","content":"신용대출담보대출이"}],"type":"pronunciation"},{"start_time":"8.74","end_time":"9.52","alternatives":[{"confidence":"0.9870000000000001","content":"아니시고요"}],"type":"pronunciation"},{"alternatives":[{"confidence":"0.0","content":"."}],"type":"punctuation"},{"start_time":"10.54","end_time":"11.63","alternatives":[{"confidence":"0.952475","content":"한국자산관리공사"}],"type":"pronunciation"},{"start_time":"11.63","end_time":"11.75","alternatives":[{"confidence":"0.7188","content":"네"}],"type":"pronunciation"},{"start_time":"11.75","end_time":"12.11","alternatives":[{"confidence":"0.8986","content":"정부"}],"type":"pronunciation"},{"start_time":"12.11","end_time":"12.74","alternatives":[{"confidence":"0.5950500000000001","content":"정책자금"}],"type":"pronunciation"},{"start_time":"12.74","end_time":"13.27","alternatives":[{"confidence":"0.9977","content":"입니다"}],"type":"pronunciation"},{"alternatives":[{"confidence":"0.0","content":"."}],"type":"punctuation"},{"start_time":"13.98","end_time":"14.1","alternatives":[{"confidence":"0.9675","content":"이"}],"type":"pronunciation"},{"start_time":"14.1","end_time":"14.76","alternatives":[{"confidence":"1.0","content":"상품은"}],"type":"pronunciation"},{"start_time":"14.76","end_time":"15.46","alternatives":[{"confidence":"0.7841","content":"금융권제도의"}],"type":"pronunciation"},{"start_time":"15.46","end_time":"15.87","alternatives":[{"confidence":"0.99875","content":"소외되고"}],"type":"pronunciation"},{"start_time":"15.87","end_time":"16.16","alternatives":[{"confidence":"0.9977","content":"있는"}],"type":"pronunciation"},{"start_time":"16.16","end_time":"17.17","alternatives":[{"confidence":"0.8404333333333334","content":"서민계층분들에게"}],"type":"pronunciation"},{"start_time":"17.17","end_time":"17.46","alternatives":[{"confidence":"0.6069","content":"보증"}],"type":"pronunciation"},{"start_time":"17.46","end_time":"17.78","alternatives":[{"confidence":"0.9999","content":"지원을"}],"type":"pronunciation"},{"start_time":"17.78","end_time":"18.31","alternatives":[{"confidence":"0.9682","content":"통해서"}],"type":"pronunciation"},{"start_time":"19.01","end_time":"19.16","alternatives":[{"confidence":"0.1078","content":"하는"}],"type":"pronunciation"},{"start_time":"19.16","end_time":"19.35","alternatives":[{"confidence":"0.0652","content":"거라고"}],"type":"pronunciation"},{"start_time":"19.62","end_time":"19.89","alternatives":[{"confidence":"0.3375","content":"보세요"}],"type":"pronunciation"},{"alternatives":[{"confidence":"0.0","content":"."}],"type":"punctuation"},{"start_time":"20.72","end_time":"21.07","alternatives":[{"confidence":"0.5082","content":"네"}],"type":"pronunciation"},{"start_time":"21.32","end_time":"22.48","alternatives":[{"confidence":"0.9583250000000001","content":"한국자산관리공사"}],"type":"pronunciation"},{"start_time":"22.48","end_time":"22.65","alternatives":[{"confidence":"0.6847","content":"네"}],"type":"pronunciation"},{"start_time":"22.65","end_time":"23.05","alternatives":[{"confidence":"0.914","content":"정부"}],"type":"pronunciation"},{"start_time":"23.05","end_time":"23.72","alternatives":[{"confidence":"0.84005","content":"정책자금"}],"type":"pronunciation"},{"start_time":"23.72","end_time":"24.27","alternatives":[{"confidence":"0.9985","content":"이고요"}],"type":"pronunciation"},{"start_time":"24.36","end_time":"25.38","alternatives":[{"confidence":"0.6171500000000001","content":"관리공사"}],"type":"pronunciation"},{"start_time":"26.63","end_time":"27.75","alternatives":[{"confidence":"0.9883500000000001","content":"한국자산관리공사"}],"type":"pronunciation"},{"start_time":"27.75","end_time":"28.08","alternatives":[{"confidence":"0.8413","content":"캠코"}],"type":"pronunciation"},{"start_time":"28.08","end_time":"28.3","alternatives":[{"confidence":"0.9943","content":"라고"}],"type":"pronunciation"},{"start_time":"28.3","end_time":"28.67","alternatives":[{"confidence":"0.8478","content":"하면은"}],"type":"pronunciation"},{"start_time":"28.67","end_time":"29.27","alternatives":[{"confidence":"1.0","content":"나오거든요"}],"type":"pronunciation"},{"alternatives":[{"confidence":"0.0","content":"."}],"type":"punctuation"},{"start_time":"29.27","end_time":"30.64","alternatives":[{"confidence":"0.9129","content":"고객님여기서"}],"type":"pronunciation"},{"start_time":"31.02","end_time":"31.76","alternatives":[{"confidence":"0.6415500000000001","content":"정책자금"}],"type":"pronunciation"},{"start_time":"31.76","end_time":"31.96","alternatives":[{"confidence":"0.76","content":"이요"}],"type":"pronunciation"},{"alternatives":[{"confidence":"0.0","content":","}],"type":"punctuation"},{"start_time":"31.99","end_time":"32.35","alternatives":[{"confidence":"0.9298","content":"정부"}],"type":"pronunciation"},{"start_time":"32.35","end_time":"33.02","alternatives":[{"confidence":"0.8423","content":"정책자금"}],"type":"pronunciation"},{"start_time":"37.11","end_time":"38.42","alternatives":[{"confidence":"0.5110666666666667","content":"나오나오십니다"}],"type":"pronunciation"},{"start_time":"41.21","end_time":"41.67","alternatives":[{"confidence":"0.4849","content":"님"}],"type":"pronunciation"},{"start_time":"42.73","end_time":"44.08","alternatives":[{"confidence":"0.9185","content":"한국자산관리공사는"}],"type":"pronunciation"},{"start_time":"44.08","end_time":"44.57","alternatives":[{"confidence":"0.6683","content":"여기서"}],"type":"pronunciation"},{"start_time":"45.59","end_time":"46.72","alternatives":[{"confidence":"0.6777","content":"최종"}],"type":"pronunciation"},{"start_time":"46.72","end_time":"47.14","alternatives":[{"confidence":"0.9712","content":"최종"}],"type":"pronunciation"},{"start_time":"47.14","end_time":"47.45","alternatives":[{"confidence":"0.98255","content":"승인이"}],"type":"pronunciation"},{"start_time":"47.45","end_time":"48.35","alternatives":[{"confidence":"0.80545","content":"나셔야"}],"type":"pronunciation"},{"start_time":"48.38","end_time":"48.66","alternatives":[{"confidence":"0.9483","content":"여기서"}],"type":"pronunciation"},{"start_time":"48.66","end_time":"49.03","alternatives":[{"confidence":"0.9652000000000001","content":"심사가"}],"type":"pronunciation"},{"start_time":"49.03","end_time":"50.17","alternatives":[{"confidence":"0.8384999999999999","content":"이루어지시는데요"}],"type":"pronunciation"},{"start_time":"50.38","end_time":"50.75","alternatives":[{"confidence":"0.9995","content":"거기서"}],"type":"pronunciation"},{"start_time":"50.75","end_time":"51.01","alternatives":[{"confidence":"0.9015","content":"최종"}],"type":"pronunciation"},{"start_time":"51.01","end_time":"51.58","alternatives":[{"confidence":"0.9956","content":"승인을"}],"type":"pronunciation"},{"start_time":"51.82","end_time":"52.22","alternatives":[{"confidence":"0.99305","content":"받으신"}],"type":"pronunciation"},{"start_time":"52.22","end_time":"53.02","alternatives":[{"confidence":"0.91725","content":"고객님께서는"}],"type":"pronunciation"},{"alternatives":[{"confidence":"0.0","content":"."}],"type":"punctuation"},{"start_time":"53.02","end_time":"53.57","alternatives":[{"confidence":"0.9883","content":"대출금은"}],"type":"pronunciation"},{"start_time":"53.57","end_time":"54.21","alternatives":[{"confidence":"0.53875","content":"고객님사실"}],"type":"pronunciation"},{"start_time":"54.48","end_time":"54.75","alternatives":[{"confidence":"0.8845","content":"근처"}],"type":"pronunciation"},{"start_time":"54.75","end_time":"56.32","alternatives":[{"confidence":"0.885575","content":"농협중앙회예방하셔서"}],"type":"pronunciation"},{"start_time":"56.54","end_time":"57.23","alternatives":[{"confidence":"0.9877666666666668","content":"대출금실행이"}],"type":"pronunciation"},{"start_time":"57.23","end_time":"58.13","alternatives":[{"confidence":"0.9353333333333333","content":"가능하시고요"}],"type":"pronunciation"},{"start_time":"58.19","end_time":"58.49","alternatives":[{"confidence":"0.9973","content":"저는"}],"type":"pronunciation"},{"start_time":"58.49","end_time":"58.76","alternatives":[{"confidence":"0.9943","content":"저랑"}],"type":"pronunciation"},{"start_time":"58.76","end_time":"59.16","alternatives":[{"confidence":"1.0","content":"접수를"}],"type":"pronunciation"},{"start_time":"59.16","end_time":"59.98","alternatives":[{"confidence":"0.967","content":"통해서"}],"type":"pronunciation"},{"start_time":"60.56","end_time":"62.61","alternatives":[{"confidence":"0.9987999999999999","content":"서민금융통합지원센터로"}],"type":"pronunciation"},{"start_time":"62.61","end_time":"63.01","alternatives":[{"confidence":"0.9982","content":"접수가"}],"type":"pronunciation"},{"start_time":"63.01","end_time":"63.43","alternatives":[{"confidence":"0.5062","content":"미간이"}],"type":"pronunciation"},{"start_time":"63.43","end_time":"64.21","alternatives":[{"confidence":"0.9996","content":"되세요"}],"type":"pronunciation"},{"alternatives":[{"confidence":"0.0","content":"."}],"type":"punctuation"},{"start_time":"69.8","end_time":"70.15","alternatives":[{"confidence":"0.1092","content":"손님"}],"type":"pronunciation"},{"start_time":"71.17","end_time":"76.56","alternatives":[{"confidence":"0.9143","content":"금융통합지원센터거기로"}],"type":"pronunciation"},{"start_time":"76.56","end_time":"77.11","alternatives":[{"confidence":"0.9986999999999999","content":"배정을"}],"type":"pronunciation"},{"start_time":"77.11","end_time":"77.47","alternatives":[{"confidence":"0.98","content":"제가"}],"type":"pronunciation"},{"start_time":"78.12","end_time":"78.54","alternatives":[{"confidence":"0.97865","content":"접수를"}],"type":"pronunciation"},{"start_time":"78.54","end_time":"79.02","alternatives":[{"confidence":"0.5475","content":"이간시켜"}],"type":"pronunciation"},{"start_time":"79.02","end_time":"79.57","alternatives":[{"confidence":"0.7965500000000001","content":"드리면은"}],"type":"pronunciation"},{"start_time":"79.6","end_time":"79.86","alternatives":[{"confidence":"0.5023","content":"거기"}],"type":"pronunciation"},{"start_time":"79.86","end_time":"80.21","alternatives":[{"confidence":"0.5251","content":"대출"}],"type":"pronunciation"},{"start_time":"80.21","end_time":"80.53","alternatives":[{"confidence":"0.3682","content":"전문"}],"type":"pronunciation"},{"start_time":"80.62","end_time":"82.13","alternatives":[{"confidence":"0.9998","content":"담당자님이"}],"type":"pronunciation"},{"start_time":"82.13","end_time":"83.03","alternatives":[{"confidence":"0.9458500000000001","content":"배정받으실"}],"type":"pronunciation"},{"start_time":"83.03","end_time":"83.41","alternatives":[{"confidence":"0.9855","content":"겁니다"}],"type":"pronunciation"},{"alternatives":[{"confidence":"0.0","content":"."}],"type":"punctuation"},{"start_time":"83.41","end_time":"84.36","alternatives":[{"confidence":"0.6615499999999999","content":"공님께서"}],"type":"pronunciation"},{"start_time":"84.56","end_time":"84.79","alternatives":[{"confidence":"0.5975","content":"그런"}],"type":"pronunciation"},{"start_time":"85.28","end_time":"85.5","alternatives":[{"confidence":"0.8777","content":"쉽게"}],"type":"pronunciation"},{"start_time":"85.5","end_time":"85.91","alternatives":[{"confidence":"0.90225","content":"얘기하시죠"}],"type":"pronunciation"},{"start_time":"85.91","end_time":"86.34","alternatives":[{"confidence":"0.2055","content":"이거"}],"type":"pronunciation"},{"start_time":"87.55","end_time":"87.79","alternatives":[{"confidence":"0.7938","content":"버린"}],"type":"pronunciation"},{"start_time":"87.79","end_time":"88.14","alternatives":[{"confidence":"0.8473","content":"거예요"}],"type":"pronunciation"},{"alternatives":[{"confidence":"0.0","content":"."}],"type":"punctuation"},{"start_time":"88.14","end_time":"88.42","alternatives":[{"confidence":"0.971","content":"아니면"}],"type":"pronunciation"},{"start_time":"88.42","end_time":"88.68","alternatives":[{"confidence":"0.9915","content":"정말"}],"type":"pronunciation"},{"start_time":"88.68","end_time":"88.83","alternatives":[{"confidence":"0.0776","content":"너무"}],"type":"pronunciation"},{"start_time":"89.16","end_time":"89.31","alternatives":[{"confidence":"0.161","content":"하는"}],"type":"pronunciation"},{"start_time":"89.31","end_time":"89.58","alternatives":[{"confidence":"0.2818","content":"거예요"}],"type":"pronunciation"},{"alternatives":[{"confidence":"0.0","content":"."}],"type":"punctuation"},{"start_time":"89.98","end_time":"90.79","alternatives":[{"confidence":"0.6962","content":"자산관리공사"}],"type":"pronunciation"},{"start_time":"90.94","end_time":"91.26","alternatives":[{"confidence":"0.9425","content":"정부"}],"type":"pronunciation"},{"start_time":"91.26","end_time":"92.02","alternatives":[{"confidence":"0.4556","content":"정책자금이"}],"type":"pronunciation"},{"start_time":"92.02","end_time":"92.46","alternatives":[{"confidence":"0.9917","content":"정부에서"}],"type":"pronunciation"},{"start_time":"92.46","end_time":"92.79","alternatives":[{"confidence":"0.9481","content":"하는"}],"type":"pronunciation"},{"start_time":"92.79","end_time":"93.16","alternatives":[{"confidence":"0.4901","content":"자금이"}],"type":"pronunciation"},{"start_time":"93.16","end_time":"93.55","alternatives":[{"confidence":"0.69625","content":"시고요"}],"type":"pronunciation"},{"start_time":"93.58","end_time":"93.87","alternatives":[{"confidence":"0.6389","content":"정부"}],"type":"pronunciation"},{"start_time":"93.87","end_time":"94.52","alternatives":[{"confidence":"0.68485","content":"지원하시는"}],"type":"pronunciation"},{"start_time":"94.52","end_time":"94.97","alternatives":[{"confidence":"0.9998","content":"거고"}],"type":"pronunciation"},{"start_time":"96.53","end_time":"96.94","alternatives":[{"confidence":"1.0","content":"저희가"}],"type":"pronunciation"},{"start_time":"96.94","end_time":"97.18","alternatives":[{"confidence":"0.3712","content":"저"}],"type":"pronunciation"},{"start_time":"97.7","end_time":"98.62","alternatives":[{"confidence":"0.8966333333333333","content":"접수처만"}],"type":"pronunciation"},{"start_time":"98.62","end_time":"99.29","alternatives":[{"confidence":"0.7104333333333334","content":"농협이시고"}],"type":"pronunciation"},{"start_time":"99.47","end_time":"103.04","alternatives":[{"confidence":"0.9998999999999999","content":"고객님접수를"}],"type":"pronunciation"},{"start_time":"103.04","end_time":"103.44","alternatives":[{"confidence":"0.999","content":"제가"}],"type":"pronunciation"},{"start_time":"103.44","end_time":"104.08","alternatives":[{"confidence":"0.9002","content":"고객님의"}],"type":"pronunciation"},{"start_time":"104.14","end_time":"104.5","alternatives":[{"confidence":"0.99995","content":"접수를"}],"type":"pronunciation"},{"start_time":"104.5","end_time":"104.99","alternatives":[{"confidence":"0.74055","content":"해드리면"}],"type":"pronunciation"},{"start_time":"104.99","end_time":"106.55","alternatives":[{"confidence":"0.9987","content":"서민금융통합지원센터로"}],"type":"pronunciation"},{"start_time":"106.55","end_time":"106.91","alternatives":[{"confidence":"0.99985","content":"접수를"}],"type":"pronunciation"},{"start_time":"106.91","end_time":"107.13","alternatives":[{"confidence":"0.9965","content":"제가"}],"type":"pronunciation"},{"start_time":"107.13","end_time":"107.92","alternatives":[{"confidence":"0.8333666666666666","content":"이견시켜드릴"}],"type":"pronunciation"},{"start_time":"107.92","end_time":"108.52","alternatives":[{"confidence":"0.97","content":"거예요"}],"type":"pronunciation"},{"alternatives":[{"confidence":"0.0","content":"."}],"type":"punctuation"},{"start_time":"108.74","end_time":"109.55","alternatives":[{"confidence":"0.9998","content":"거기서"}],"type":"pronunciation"},{"start_time":"109.81","end_time":"110.28","alternatives":[{"confidence":"0.9761500000000001","content":"고객님의"}],"type":"pronunciation"},{"start_time":"110.28","end_time":"110.68","alternatives":[{"confidence":"0.9974","content":"한도와"}],"type":"pronunciation"},{"start_time":"110.68","end_time":"111.18","alternatives":[{"confidence":"1.0","content":"금리를"}],"type":"pronunciation"},{"start_time":"111.18","end_time":"111.49","alternatives":[{"confidence":"0.6343","content":"평가"}],"type":"pronunciation"},{"start_time":"111.49","end_time":"111.91","alternatives":[{"confidence":"0.9975","content":"받으신"}],"type":"pronunciation"},{"start_time":"111.91","end_time":"112.53","alternatives":[{"confidence":"1.0","content":"후에"}],"type":"pronunciation"},{"start_time":"112.56","end_time":"114.05","alternatives":[{"confidence":"0.94016","content":"한국자산관리공사로"}],"type":"pronunciation"},{"start_time":"114.05","end_time":"114.48","alternatives":[{"confidence":"0.8115000000000001","content":"심사가"}],"type":"pronunciation"},{"start_time":"114.48","end_time":"115.24","alternatives":[{"confidence":"0.8226","content":"이루어져요"}],"type":"pronunciation"},{"start_time":"115.27","end_time":"115.58","alternatives":[{"confidence":"0.9974","content":"거기서"}],"type":"pronunciation"},{"start_time":"115.58","end_time":"115.85","alternatives":[{"confidence":"0.9049","content":"최종"}],"type":"pronunciation"},{"start_time":"115.85","end_time":"116.18","alternatives":[{"confidence":"0.9587","content":"승인을"}],"type":"pronunciation"},{"start_time":"116.18","end_time":"116.94","alternatives":[{"confidence":"0.96775","content":"받으시면은"}],"type":"pronunciation"},{"start_time":"116.94","end_time":"117.35","alternatives":[{"confidence":"0.70105","content":"고객님이"}],"type":"pronunciation"},{"start_time":"117.35","end_time":"118.38","alternatives":[{"confidence":"0.8231666666666667","content":"대출대출금을"}],"type":"pronunciation"},{"start_time":"118.38","end_time":"118.84","alternatives":[{"confidence":"0.9916","content":"수령이"}],"type":"pronunciation"},{"start_time":"118.84","end_time":"119.35","alternatives":[{"confidence":"0.9587","content":"가능하신"}],"type":"pronunciation"},{"start_time":"119.35","end_time":"119.79","alternatives":[{"confidence":"0.9546","content":"것입니다"}],"type":"pronunciation"},{"alternatives":[{"confidence":"0.0","content":"."}],"type":"punctuation"},{"start_time":"119.79","end_time":"120.2","alternatives":[{"confidence":"0.6088","content":"고객님"}],"type":"pronunciation"},{"start_time":"121.2","end_time":"122.04","alternatives":[{"confidence":"0.9989","content":"이해하셨습니까"}],"type":"pronunciation"},{"alternatives":[{"confidence":"0.0","content":"."}],"type":"punctuation"},{"start_time":"125.96","end_time":"126.3","alternatives":[{"confidence":"0.8449","content":"그렇죠"}],"type":"pronunciation"},{"alternatives":[{"confidence":"0.0","content":"."}],"type":"punctuation"},{"start_time":"126.92","end_time":"127.42","alternatives":[{"confidence":"0.982","content":"그렇죠"}],"type":"pronunciation"},{"alternatives":[{"confidence":"0.0","content":"."}],"type":"punctuation"},{"start_time":"127.42","end_time":"127.91","alternatives":[{"confidence":"1.0","content":"여기는"}],"type":"pronunciation"},{"start_time":"127.91","end_time":"128.3","alternatives":[{"confidence":"0.7466","content":"저희"}],"type":"pronunciation"},{"start_time":"128.76","end_time":"129.79","alternatives":[{"confidence":"0.7483666666666666","content":"접수첨한"}],"type":"pronunciation"},{"start_time":"129.79","end_time":"130.86","alternatives":[{"confidence":"0.8915333333333333","content":"농협이시고요"}],"type":"pronunciation"},{"alternatives":[{"confidence":"0.0","content":"."}],"type":"punctuation"},{"start_time":"132.41","end_time":"132.77","alternatives":[{"confidence":"0.0","content":"그렇죠"}],"type":"pronunciation"},{"alternatives":[{"confidence":"0.0","content":"."}],"type":"punctuation"},{"start_time":"133.27","end_time":"133.58","alternatives":[{"confidence":"5.0E-4","content":"그렇죠"}],"type":"pronunciation"},{"alternatives":[{"confidence":"0.0","content":"."}],"type":"punctuation"},{"start_time":"133.9","end_time":"134.25","alternatives":[{"confidence":"0.3342","content":"거죠"}],"type":"pronunciation"},{"alternatives":[{"confidence":"0.0","content":"."}],"type":"punctuation"},{"start_time":"134.61","end_time":"136.24","alternatives":[{"confidence":"0.9986","content":"서민금융통합지원센터로"}],"type":"pronunciation"},{"start_time":"136.24","end_time":"136.45","alternatives":[{"confidence":"0.995","content":"제가"}],"type":"pronunciation"},{"start_time":"136.45","end_time":"136.8","alternatives":[{"confidence":"1.0","content":"접수를"}],"type":"pronunciation"},{"start_time":"136.8","end_time":"137.21","alternatives":[{"confidence":"0.8421","content":"이간시켜"}],"type":"pronunciation"},{"start_time":"137.21","end_time":"137.4","alternatives":[{"confidence":"0.9953","content":"드릴"}],"type":"pronunciation"},{"start_time":"137.41","end_time":"137.87","alternatives":[{"confidence":"0.9821","content":"거예요"}],"type":"pronunciation"},{"alternatives":[{"confidence":"0.0","content":"."}],"type":"punctuation"},{"start_time":"138.24","end_time":"138.58","alternatives":[{"confidence":"0.3336","content":"하고요"}],"type":"pronunciation"},{"alternatives":[{"confidence":"0.0","content":"."}],"type":"punctuation"},{"start_time":"139.29","end_time":"139.72","alternatives":[{"confidence":"0.9996","content":"거기서"}],"type":"pronunciation"},{"start_time":"139.72","end_time":"140.71","alternatives":[{"confidence":"0.6841333333333334","content":"대출전문단단히"}],"type":"pronunciation"},{"start_time":"140.74","end_time":"141.7","alternatives":[{"confidence":"0.9022666666666667","content":"배정받으시면"}],"type":"pronunciation"},{"start_time":"142.24","end_time":"142.72","alternatives":[{"confidence":"0.9973000000000001","content":"한도와"}],"type":"pronunciation"},{"start_time":"142.72","end_time":"143.14","alternatives":[{"confidence":"0.9953","content":"금리를"}],"type":"pronunciation"},{"start_time":"143.14","end_time":"144.2","alternatives":[{"confidence":"0.8116","content":"평가평가를"}],"type":"pronunciation"},{"start_time":"144.2","end_time":"144.87","alternatives":[{"confidence":"0.91315","content":"해드려요"}],"type":"pronunciation"},{"start_time":"145.25","end_time":"145.68","alternatives":[{"confidence":"0.47330000000000005","content":"공인님의"}],"type":"pronunciation"},{"start_time":"145.68","end_time":"145.95","alternatives":[{"confidence":"0.30275","content":"한도와"}],"type":"pronunciation"},{"start_time":"145.95","end_time":"146.45","alternatives":[{"confidence":"1.0","content":"금리를"}],"type":"pronunciation"},{"start_time":"146.85","end_time":"147.42","alternatives":[{"confidence":"0.9886","content":"그리고"}],"type":"pronunciation"},{"start_time":"147.57","end_time":"148.9","alternatives":[{"confidence":"0.93896","content":"한국자산관리공사로"}],"type":"pronunciation"},{"start_time":"148.9","end_time":"149.3","alternatives":[{"confidence":"0.98835","content":"심사가"}],"type":"pronunciation"},{"start_time":"149.3","end_time":"149.88","alternatives":[{"confidence":"0.6565000000000001","content":"이루어져요"}],"type":"pronunciation"},{"start_time":"150.88","end_time":"151.21","alternatives":[{"confidence":"0.9999","content":"거기서"}],"type":"pronunciation"},{"start_time":"151.3","end_time":"151.61","alternatives":[{"confidence":"0.9828","content":"최종"}],"type":"pronunciation"},{"start_time":"151.61","end_time":"151.87","alternatives":[{"confidence":"0.95705","content":"승인이"}],"type":"pronunciation"},{"start_time":"151.87","end_time":"152.88","alternatives":[{"confidence":"0.9064","content":"받으셔야"}],"type":"pronunciation"},{"start_time":"153.01","end_time":"153.28","alternatives":[{"confidence":"0.9695","content":"지금"}],"type":"pronunciation"},{"start_time":"153.28","end_time":"153.59","alternatives":[{"confidence":"0.93655","content":"실행이"}],"type":"pronunciation"},{"start_time":"153.59","end_time":"154.66","alternatives":[{"confidence":"0.9434333333333332","content":"가능하시고요"}],"type":"pronunciation"},{"alternatives":[{"confidence":"0.0","content":"."}],"type":"punctuation"},{"start_time":"156.05","end_time":"156.71","alternatives":[{"confidence":"0.9458000000000001","content":"이해하셨습니까"}],"type":"pronunciation"},{"start_time":"158.97","end_time":"159.55","alternatives":[{"confidence":"0.9997","content":"기간은"}],"type":"pronunciation"},{"start_time":"159.55","end_time":"160.28","alternatives":[{"confidence":"0.9769666666666666","content":"빠르시면은"}],"type":"pronunciation"},{"start_time":"160.28","end_time":"160.52","alternatives":[{"confidence":"0.3957","content":"삼"}],"type":"pronunciation"},{"start_time":"160.52","end_time":"160.76","alternatives":[{"confidence":"0.6899","content":"일"}],"type":"pronunciation"},{"alternatives":[{"confidence":"0.0","content":","}],"type":"punctuation"},{"start_time":"160.79","end_time":"161.0","alternatives":[{"confidence":"0.6759","content":"사"}],"type":"pronunciation"},{"start_time":"161.0","end_time":"161.13","alternatives":[{"confidence":"0.8618","content":"일"}],"type":"pronunciation"},{"start_time":"161.13","end_time":"161.36","alternatives":[{"confidence":"0.7094","content":"이번"}],"type":"pronunciation"},{"start_time":"161.36","end_time":"161.47","alternatives":[{"confidence":"0.6342","content":"주"}],"type":"pronunciation"},{"start_time":"161.47","end_time":"161.69","alternatives":[{"confidence":"0.9966","content":"내로"}],"type":"pronunciation"},{"start_time":"161.69","end_time":"161.91","alternatives":[{"confidence":"0.5403","content":"받아"}],"type":"pronunciation"},{"start_time":"161.91","end_time":"162.16","alternatives":[{"confidence":"0.9464","content":"보실"}],"type":"pronunciation"},{"start_time":"162.16","end_time":"162.29","alternatives":[{"confidence":"0.9998","content":"수"}],"type":"pronunciation"},{"start_time":"162.29","end_time":"163.18","alternatives":[{"confidence":"0.9848","content":"있으시고요"}],"type":"pronunciation"},{"start_time":"164.37","end_time":"164.8","alternatives":[{"confidence":"0.9998","content":"기간이"}],"type":"pronunciation"},{"start_time":"165.22","end_time":"165.56","alternatives":[{"confidence":"0.9999","content":"좀"}],"type":"pronunciation"},{"start_time":"165.57","end_time":"166.11","alternatives":[{"confidence":"0.9318","content":"걸리시면"}],"type":"pronunciation"},{"alternatives":[{"confidence":"0.0","content":"."}],"type":"punctuation"},{"start_time":"166.11","end_time":"166.48","alternatives":[{"confidence":"0.9492","content":"일주일"}],"type":"pronunciation"},{"start_time":"166.48","end_time":"166.8","alternatives":[{"confidence":"0.9981","content":"안에"}],"type":"pronunciation"},{"start_time":"166.95","end_time":"167.23","alternatives":[{"confidence":"0.979","content":"아마"}],"type":"pronunciation"},{"start_time":"167.23","end_time":"167.8","alternatives":[{"confidence":"0.3193","content":"화요일"}],"type":"pronunciation"},{"start_time":"168.62","end_time":"168.92","alternatives":[{"confidence":"0.7744","content":"정도"}],"type":"pronunciation"},{"start_time":"168.92","end_time":"169.53","alternatives":[{"confidence":"0.9299","content":"안에"}],"type":"pronunciation"},{"start_time":"169.68","end_time":"169.99","alternatives":[{"confidence":"0.9993","content":"처리가"}],"type":"pronunciation"},{"start_time":"169.99","end_time":"170.28","alternatives":[{"confidence":"0.9508000000000001","content":"되실"}],"type":"pronunciation"},{"start_time":"170.28","end_time":"170.59","alternatives":[{"confidence":"1.0","content":"겁니다"}],"type":"pronunciation"},{"alternatives":[{"confidence":"0.0","content":"."}],"type":"punctuation"},{"start_time":"171.08","end_time":"171.31","alternatives":[{"confidence":"0.9953","content":"그래서"}],"type":"pronunciation"},{"start_time":"172.22","end_time":"172.85","alternatives":[{"confidence":"0.02455","content":"방문했는데"}],"type":"pronunciation"},{"alternatives":[{"confidence":"0.0","content":"."}],"type":"punctuation"},{"start_time":"173.82","end_time":"174.11","alternatives":[{"confidence":"0.3378","content":"예"}],"type":"pronunciation"},{"alternatives":[{"confidence":"0.0","content":","}],"type":"punctuation"},{"start_time":"176.61","end_time":"177.17","alternatives":[{"confidence":"0.9958","content":"맞습니다"}],"type":"pronunciation"},{"alternatives":[{"confidence":"0.0","content":"."}],"type":"punctuation"},{"start_time":"179.88","end_time":"180.44","alternatives":[{"confidence":"0.97445","content":"희망하시는"}],"type":"pronunciation"},{"start_time":"180.44","end_time":"180.75","alternatives":[{"confidence":"0.9998","content":"금액이"}],"type":"pronunciation"},{"start_time":"180.75","end_time":"180.93","alternatives":[{"confidence":"0.8258","content":"어느"}],"type":"pronunciation"},{"start_time":"180.93","end_time":"181.54","alternatives":[{"confidence":"0.6940500000000001","content":"정도시죠"}],"type":"pronunciation"},{"start_time":"183.4","end_time":"184.08","alternatives":[{"confidence":"0.7331000000000001","content":"삼천만원"}],"type":"pronunciation"},{"start_time":"185.64","end_time":"185.96","alternatives":[{"confidence":"0.348","content":"이천"}],"type":"pronunciation"},{"start_time":"186.11","end_time":"186.39","alternatives":[{"confidence":"0.2067","content":"삼천"}],"type":"pronunciation"},{"start_time":"186.39","end_time":"186.88","alternatives":[{"confidence":"0.4869","content":"만원이요"}],"type":"pronunciation"},{"alternatives":[{"confidence":"0.0","content":"."}],"type":"punctuation"},{"start_time":"186.94","end_time":"187.14","alternatives":[{"confidence":"0.9671","content":"그럼"}],"type":"pronunciation"},{"start_time":"187.14","end_time":"187.63","alternatives":[{"confidence":"0.9999","content":"접수를"}],"type":"pronunciation"},{"start_time":"187.63","end_time":"187.92","alternatives":[{"confidence":"1.0","content":"저희가"}],"type":"pronunciation"},{"start_time":"187.92","end_time":"188.54","alternatives":[{"confidence":"0.6143000000000001","content":"삼천만원을"}],"type":"pronunciation"},{"start_time":"188.54","end_time":"189.34","alternatives":[{"confidence":"0.96235","content":"도와드릴게요"}],"type":"pronunciation"},{"alternatives":[{"confidence":"0.0","content":"."}],"type":"punctuation"},{"start_time":"189.98","end_time":"190.22","alternatives":[{"confidence":"0.9838","content":"또"}],"type":"pronunciation"},{"start_time":"190.22","end_time":"190.43","alternatives":[{"confidence":"0.9982","content":"제가"}],"type":"pronunciation"},{"start_time":"190.43","end_time":"190.77","alternatives":[{"confidence":"0.9625","content":"접수해"}],"type":"pronunciation"},{"start_time":"190.77","end_time":"191.38","alternatives":[{"confidence":"0.90845","content":"드리면은"}],"type":"pronunciation"},{"start_time":"191.73","end_time":"193.23","alternatives":[{"confidence":"0.89416","content":"서민금융통합지원센터대출"}],"type":"pronunciation"},{"start_time":"193.23","end_time":"193.48","alternatives":[{"confidence":"0.3127","content":"전문"}],"type":"pronunciation"},{"start_time":"193.57","end_time":"194.05","alternatives":[{"confidence":"0.9603","content":"선생님께서"}],"type":"pronunciation"},{"start_time":"194.05","end_time":"194.47","alternatives":[{"confidence":"0.96875","content":"고객님의"}],"type":"pronunciation"},{"start_time":"194.47","end_time":"194.81","alternatives":[{"confidence":"1.0","content":"정확한"}],"type":"pronunciation"},{"start_time":"194.81","end_time":"195.08","alternatives":[{"confidence":"0.7093","content":"한도를"}],"type":"pronunciation"},{"start_time":"195.08","end_time":"195.27","alternatives":[{"confidence":"0.7081","content":"알려"}],"type":"pronunciation"},{"start_time":"195.27","end_time":"196.09","alternatives":[{"confidence":"0.8686","content":"주시니까"}],"type":"pronunciation"},{"alternatives":[{"confidence":"0.0","content":"."}],"type":"punctuation"},{"start_time":"196.42","end_time":"196.62","alternatives":[{"confidence":"0.5645","content":"우선"}],"type":"pronunciation"},{"start_time":"196.62","end_time":"196.89","alternatives":[{"confidence":"1.0","content":"저희가"}],"type":"pronunciation"},{"start_time":"196.89","end_time":"197.52","alternatives":[{"confidence":"0.74895","content":"삼천만원으로"}],"type":"pronunciation"},{"start_time":"197.52","end_time":"197.87","alternatives":[{"confidence":"0.99905","content":"접수를"}],"type":"pronunciation"},{"start_time":"197.87","end_time":"198.61","alternatives":[{"confidence":"0.87585","content":"해드릴게요"}],"type":"pronunciation"},{"alternatives":[{"confidence":"0.0","content":"."}],"type":"punctuation"},{"start_time":"202.55","end_time":"202.66","alternatives":[{"confidence":"0.9742","content":"이"}],"type":"pronunciation"},{"start_time":"202.66","end_time":"202.96","alternatives":[{"confidence":"0.9862","content":"과정에서"}],"type":"pronunciation"},{"start_time":"202.96","end_time":"203.41","alternatives":[{"confidence":"0.92235","content":"개인정보를"}],"type":"pronunciation"},{"start_time":"204.49","end_time":"204.77","alternatives":[{"confidence":"0.1791","content":"제공한"}],"type":"pronunciation"},{"start_time":"205.04","end_time":"205.68","alternatives":[{"confidence":"0.21295","content":"없는거죠"}],"type":"pronunciation"},{"alternatives":[{"confidence":"0.0","content":"."}],"type":"punctuation"},{"start_time":"207.54","end_time":"207.65","alternatives":[{"confidence":"0.9127","content":"이"}],"type":"pronunciation"},{"start_time":"207.65","end_time":"208.23","alternatives":[{"confidence":"0.9989","content":"과정에서"}],"type":"pronunciation"},{"start_time":"208.73","end_time":"209.21","alternatives":[{"confidence":"0.6319","content":"예"}],"type":"pronunciation"},{"alternatives":[{"confidence":"0.0","content":"."}],"type":"punctuation"},{"start_time":"209.42","end_time":"209.85","alternatives":[{"confidence":"0.4244","content":"마지막으로"}],"type":"pronunciation"},{"start_time":"209.85","end_time":"210.1","alternatives":[{"confidence":"0.2398","content":"신청을"}],"type":"pronunciation"},{"start_time":"210.1","end_time":"210.26","alternatives":[{"confidence":"0.6729","content":"하고"}],"type":"pronunciation"},{"start_time":"210.26","end_time":"210.39","alternatives":[{"confidence":"0.53","content":"나서"}],"type":"pronunciation"},{"start_time":"210.62","end_time":"211.02","alternatives":[{"confidence":"0.9042","content":"가서"}],"type":"pronunciation"},{"start_time":"211.02","end_time":"211.91","alternatives":[{"confidence":"0.54475","content":"접수하는데"}],"type":"pronunciation"},{"start_time":"212.33","end_time":"212.51","alternatives":[{"confidence":"0.9233","content":"너무"}],"type":"pronunciation"},{"start_time":"212.51","end_time":"213.27","alternatives":[{"confidence":"0.95645","content":"접수전에"}],"type":"pronunciation"},{"alternatives":[{"confidence":"0.0","content":"."}],"type":"punctuation"},{"start_time":"214.6","end_time":"215.07","alternatives":[{"confidence":"0.6333","content":"개인정보가"}],"type":"pronunciation"},{"start_time":"215.07","end_time":"215.18","alternatives":[{"confidence":"0.2928","content":"다"}],"type":"pronunciation"},{"start_time":"215.18","end_time":"215.42","alternatives":[{"confidence":"0.1358","content":"제공을"}],"type":"pronunciation"},{"start_time":"215.42","end_time":"215.54","alternatives":[{"confidence":"0.0718","content":"해야"}],"type":"pronunciation"},{"start_time":"215.54","end_time":"215.66","alternatives":[{"confidence":"0.0467","content":"될"}],"type":"pronunciation"},{"start_time":"215.66","end_time":"216.05","alternatives":[{"confidence":"0.4142","content":"건가요"}],"type":"pronunciation"},{"alternatives":[{"confidence":"0.0","content":"?"}],"type":"punctuation"},{"start_time":"216.74","end_time":"217.1","alternatives":[{"confidence":"0.9831","content":"지금"}],"type":"pronunciation"},{"start_time":"217.1","end_time":"217.38","alternatives":[{"confidence":"0.9979","content":"저랑"}],"type":"pronunciation"},{"start_time":"217.38","end_time":"217.72","alternatives":[{"confidence":"1.0","content":"접수를"}],"type":"pronunciation"},{"start_time":"217.72","end_time":"218.17","alternatives":[{"confidence":"0.9962","content":"통해서"}],"type":"pronunciation"},{"start_time":"218.17","end_time":"218.84","alternatives":[{"confidence":"0.8129","content":"고객정보를"}],"type":"pronunciation"},{"start_time":"218.84","end_time":"219.0","alternatives":[{"confidence":"0.7607","content":"제가"}],"type":"pronunciation"},{"start_time":"219.0","end_time":"219.51","alternatives":[{"confidence":"0.5989333333333333","content":"이간시켜"}],"type":"pronunciation"},{"start_time":"219.51","end_time":"220.53","alternatives":[{"confidence":"0.8027500000000001","content":"드리잖아요"}],"type":"pronunciation"},{"alternatives":[{"confidence":"0.0","content":"."}],"type":"punctuation"},{"start_time":"220.83","end_time":"221.13","alternatives":[{"confidence":"0.9999","content":"그래서"}],"type":"pronunciation"},{"start_time":"221.13","end_time":"222.72","alternatives":[{"confidence":"0.9935666666666667","content":"고객님주소나"}],"type":"pronunciation"},{"start_time":"222.72","end_time":"223.5","alternatives":[{"confidence":"0.98895","content":"직업이나"}],"type":"pronunciation"},{"start_time":"223.5","end_time":"223.73","alternatives":[{"confidence":"0.8248","content":"이런"}],"type":"pronunciation"},{"start_time":"223.95","end_time":"224.15","alternatives":[{"confidence":"0.8868","content":"몇"}],"type":"pronunciation"},{"start_time":"224.15","end_time":"224.35","alternatives":[{"confidence":"0.5898","content":"가지"}],"type":"pronunciation"},{"start_time":"224.41","end_time":"224.83","alternatives":[{"confidence":"0.9692000000000001","content":"여쭤볼"}],"type":"pronunciation"},{"start_time":"224.83","end_time":"225.3","alternatives":[{"confidence":"0.9693","content":"거예요"}],"type":"pronunciation"},{"alternatives":[{"confidence":"0.0","content":"."}],"type":"punctuation"},{"start_time":"227.31","end_time":"228.28","alternatives":[{"confidence":"0.8358666666666666","content":"이점오에서"}],"type":"pronunciation"},{"start_time":"228.28","end_time":"228.46","alternatives":[{"confidence":"0.5432","content":"사"}],"type":"pronunciation"},{"start_time":"228.46","end_time":"228.93","alternatives":[{"confidence":"0.68535","content":"프로대"}],"type":"pronunciation"},{"alternatives":[{"confidence":"0.0","content":"."}],"type":"punctuation"},{"start_time":"228.93","end_time":"229.23","alternatives":[{"confidence":"0.6104","content":"근데"}],"type":"pronunciation"},{"start_time":"229.23","end_time":"229.69","alternatives":[{"confidence":"0.9466","content":"대부분"}],"type":"pronunciation"},{"start_time":"229.69","end_time":"230.49","alternatives":[{"confidence":"1.0","content":"평가를"}],"type":"pronunciation"},{"start_time":"230.68","end_time":"230.88","alternatives":[{"confidence":"0.3788","content":"서로"}],"type":"pronunciation"},{"start_time":"230.88","end_time":"231.15","alternatives":[{"confidence":"0.4375","content":"미만"}],"type":"pronunciation"},{"start_time":"231.15","end_time":"231.36","alternatives":[{"confidence":"0.9606","content":"대로"}],"type":"pronunciation"},{"start_time":"231.36","end_time":"232.07","alternatives":[{"confidence":"0.9873","content":"받으세요"}],"type":"pronunciation"},{"alternatives":[{"confidence":"0.0","content":"."}],"type":"punctuation"},{"start_time":"232.16","end_time":"232.69","alternatives":[{"confidence":"0.6354","content":"이점칠"}],"type":"pronunciation"},{"start_time":"232.69","end_time":"233.44","alternatives":[{"confidence":"0.744475","content":"프로이점팔프로"}],"type":"pronunciation"},{"start_time":"233.44","end_time":"233.67","alternatives":[{"confidence":"0.9087","content":"정도"}],"type":"pronunciation"},{"start_time":"233.88","end_time":"234.92","alternatives":[{"confidence":"0.9735666666666667","content":"예상되시고요"}],"type":"pronunciation"},{"start_time":"235.23","end_time":"235.63","alternatives":[{"confidence":"0.8148","content":"천만원"}],"type":"pronunciation"},{"start_time":"235.63","end_time":"236.17","alternatives":[{"confidence":"0.9842","content":"정도"}],"type":"pronunciation"},{"start_time":"236.17","end_time":"236.74","alternatives":[{"confidence":"0.98195","content":"받으신다고"}],"type":"pronunciation"},{"start_time":"236.74","end_time":"237.28","alternatives":[{"confidence":"0.9231","content":"하시면은"}],"type":"pronunciation"},{"start_time":"237.73","end_time":"238.69","alternatives":[{"confidence":"0.958","content":"이자만"}],"type":"pronunciation"},{"start_time":"238.69","end_time":"238.99","alternatives":[{"confidence":"0.9491","content":"월"}],"type":"pronunciation"},{"start_time":"239.02","end_time":"239.81","alternatives":[{"confidence":"0.6132333333333334","content":"이만칠천원"}],"type":"pronunciation"},{"start_time":"239.81","end_time":"240.07","alternatives":[{"confidence":"0.9426","content":"정도"}],"type":"pronunciation"},{"start_time":"240.07","end_time":"240.69","alternatives":[{"confidence":"0.9898","content":"예상됩니다"}],"type":"pronunciation"},{"alternatives":[{"confidence":"0.0","content":"."}],"type":"punctuation"},{"start_time":"240.83","end_time":"240.95","alternatives":[{"confidence":"0.5994","content":"이"}],"type":"pronunciation"},{"start_time":"240.95","end_time":"241.09","alternatives":[{"confidence":"0.7896","content":"만"}],"type":"pronunciation"},{"start_time":"241.09","end_time":"241.37","alternatives":[{"confidence":"0.9462","content":"칠천"}],"type":"pronunciation"},{"start_time":"241.37","end_time":"241.57","alternatives":[{"confidence":"0.9956","content":"원에서"}],"type":"pronunciation"},{"start_time":"241.57","end_time":"241.64","alternatives":[{"confidence":"0.9086","content":"이"}],"type":"pronunciation"},{"start_time":"241.64","end_time":"241.78","alternatives":[{"confidence":"0.9304","content":"만"}],"type":"pronunciation"},{"start_time":"241.78","end_time":"242.07","alternatives":[{"confidence":"0.9016","content":"팔천"}],"type":"pronunciation"},{"start_time":"242.07","end_time":"242.14","alternatives":[{"confidence":"0.9819","content":"원"}],"type":"pronunciation"},{"start_time":"242.14","end_time":"242.43","alternatives":[{"confidence":"0.3653","content":"정도"}],"type":"pronunciation"},{"start_time":"245.96","end_time":"246.19","alternatives":[{"confidence":"0.8511","content":"네"}],"type":"pronunciation"},{"start_time":"246.22","end_time":"246.5","alternatives":[{"confidence":"0.3508","content":"접속"}],"type":"pronunciation"},{"start_time":"246.5","end_time":"246.7","alternatives":[{"confidence":"0.9567","content":"계속"}],"type":"pronunciation"},{"start_time":"246.71","end_time":"247.25","alternatives":[{"confidence":"0.9711000000000001","content":"도와드릴까요"}],"type":"pronunciation"},{"alternatives":[{"confidence":"0.0","content":"?"}],"type":"punctuation"},{"start_time":"249.07","end_time":"249.41","alternatives":[{"confidence":"0.8784","content":"그리고"}],"type":"pronunciation"},{"start_time":"250.78","end_time":"251.1","alternatives":[{"confidence":"0.9122","content":"정부"}],"type":"pronunciation"},{"start_time":"251.1","end_time":"251.61","alternatives":[{"confidence":"0.9017999999999999","content":"정책자금"}],"type":"pronunciation"},{"start_time":"251.61","end_time":"252.21","alternatives":[{"confidence":"0.5851666666666667","content":"대출신청은"}],"type":"pronunciation"},{"start_time":"252.21","end_time":"252.4","alternatives":[{"confidence":"0.618","content":"대리"}],"type":"pronunciation"},{"start_time":"252.4","end_time":"252.7","alternatives":[{"confidence":"0.94875","content":"신청이"}],"type":"pronunciation"},{"start_time":"252.7","end_time":"252.8","alternatives":[{"confidence":"0.7958","content":"안"}],"type":"pronunciation"},{"start_time":"252.8","end_time":"253.1","alternatives":[{"confidence":"0.6545","content":"되기"}],"type":"pronunciation"},{"start_time":"253.1","end_time":"253.58","alternatives":[{"confidence":"0.9999","content":"때문에"}],"type":"pronunciation"},{"start_time":"253.61","end_time":"254.16","alternatives":[{"confidence":"0.8127666666666666","content":"본인확인에"}],"type":"pronunciation"},{"start_time":"254.16","end_time":"254.37","alternatives":[{"confidence":"0.9994","content":"대한"}],"type":"pronunciation"},{"start_time":"254.37","end_time":"254.68","alternatives":[{"confidence":"0.9999","content":"정보가"}],"type":"pronunciation"},{"start_time":"254.68","end_time":"255.17","alternatives":[{"confidence":"0.76385","content":"일치한번"}],"type":"pronunciation"},{"start_time":"255.17","end_time":"255.46","alternatives":[{"confidence":"0.99805","content":"접수가"}],"type":"pronunciation"},{"start_time":"255.46","end_time":"256.29","alternatives":[{"confidence":"0.9426","content":"가능하시고요"}],"type":"pronunciation"},{"alternatives":[{"confidence":"0.0","content":"."}],"type":"punctuation"},{"start_time":"256.38","end_time":"256.66","alternatives":[{"confidence":"1.0","content":"저희가"}],"type":"pronunciation"},{"start_time":"256.66","end_time":"256.93","alternatives":[{"confidence":"0.7401","content":"무료"}],"type":"pronunciation"},{"start_time":"256.93","end_time":"257.57","alternatives":[{"confidence":"0.88595","content":"신용정보를"}],"type":"pronunciation"},{"start_time":"257.57","end_time":"257.99","alternatives":[{"confidence":"0.9899","content":"통해서"}],"type":"pronunciation"},{"start_time":"257.99","end_time":"258.58","alternatives":[{"confidence":"0.8473","content":"조회등록을"}],"type":"pronunciation"},{"start_time":"258.58","end_time":"258.95","alternatives":[{"confidence":"0.7589","content":"해드리기"}],"type":"pronunciation"},{"start_time":"258.95","end_time":"259.44","alternatives":[{"confidence":"0.9843","content":"위해"}],"type":"pronunciation"},{"start_time":"259.59","end_time":"260.07","alternatives":[{"confidence":"0.74895","content":"주민번호"}],"type":"pronunciation"},{"start_time":"260.07","end_time":"260.28","alternatives":[{"confidence":"0.8318","content":"13"}],"type":"pronunciation"},{"start_time":"260.28","end_time":"260.47","alternatives":[{"confidence":"0.6785","content":"자리"}],"type":"pronunciation"},{"start_time":"260.47","end_time":"260.69","alternatives":[{"confidence":"0.9421","content":"확인"}],"type":"pronunciation"},{"start_time":"260.69","end_time":"260.84","alternatives":[{"confidence":"0.59","content":"부탁"}],"type":"pronunciation"},{"start_time":"260.84","end_time":"261.57","alternatives":[{"confidence":"1.0","content":"드리겠습니다"}],"type":"pronunciation"},{"alternatives":[{"confidence":"0.0","content":"."}],"type":"punctuation"},{"start_time":"264.12","end_time":"264.34","alternatives":[{"confidence":"0.8491","content":"한번"}],"type":"pronunciation"},{"start_time":"264.34","end_time":"264.93","alternatives":[{"confidence":"0.9470333333333333","content":"맞으십니까"}],"type":"pronunciation"},{"start_time":"266.15","end_time":"266.58","alternatives":[{"confidence":"0.734","content":"잠시만"}],"type":"pronunciation"},{"start_time":"266.58","end_time":"267.09","alternatives":[{"confidence":"0.5235","content":"냐"}],"type":"pronunciation"},{"start_time":"267.93","end_time":"268.83","alternatives":[{"confidence":"0.5581499999999999","content":"성화방호주민번호"}],"type":"pronunciation"},{"start_time":"268.83","end_time":"269.06","alternatives":[{"confidence":"0.9937","content":"제가"}],"type":"pronunciation"},{"start_time":"269.06","end_time":"269.51","alternatives":[{"confidence":"0.7645500000000001","content":"확인다시"}],"type":"pronunciation"},{"start_time":"269.51","end_time":"270.14","alternatives":[{"confidence":"0.9229","content":"부탁드릴게요"}],"type":"pronunciation"},{"alternatives":[{"confidence":"0.0","content":"."}],"type":"punctuation"},{"start_time":"270.29","end_time":"270.87","alternatives":[{"confidence":"1.0","content":"사람은"}],"type":"pronunciation"},{"start_time":"270.87","end_time":"271.41","alternatives":[{"confidence":"0.6359","content":"뭐"}],"type":"pronunciation"},{"start_time":"271.71","end_time":"272.27","alternatives":[{"confidence":"0.78525","content":"고객님이"}],"type":"pronunciation"},{"start_time":"272.27","end_time":"272.63","alternatives":[{"confidence":"1.0","content":"시고"}],"type":"pronunciation"},{"start_time":"272.63","end_time":"273.35","alternatives":[{"confidence":"0.97055","content":"주민번호는"}],"type":"pronunciation"},{"start_time":"276.5","end_time":"276.77","alternatives":[{"confidence":"0.7669","content":"한번"}],"type":"pronunciation"},{"start_time":"276.77","end_time":"277.42","alternatives":[{"confidence":"0.9716666666666667","content":"맞으십니까"}],"type":"pronunciation"},{"alternatives":[{"confidence":"0.0","content":"."}],"type":"punctuation"},{"start_time":"279.0","end_time":"279.49","alternatives":[{"confidence":"1.0","content":"잠시만요"}],"type":"pronunciation"},{"alternatives":[{"confidence":"0.0","content":"."}],"type":"punctuation"},{"start_time":"279.49","end_time":"279.71","alternatives":[{"confidence":"0.9684","content":"확인"}],"type":"pronunciation"},{"start_time":"279.71","end_time":"279.88","alternatives":[{"confidence":"0.9998","content":"중에"}],"type":"pronunciation"},{"start_time":"279.88","end_time":"280.56","alternatives":[{"confidence":"0.9999","content":"있습니다"}],"type":"pronunciation"},{"alternatives":[{"confidence":"0.0","content":"."}],"type":"punctuation"},{"start_time":"291.43","end_time":"291.75","alternatives":[{"confidence":"0.9839","content":"그럼"}],"type":"pronunciation"},{"start_time":"291.75","end_time":"292.04","alternatives":[{"confidence":"0.7159","content":"본인"}],"type":"pronunciation"},{"start_time":"292.04","end_time":"292.45","alternatives":[{"confidence":"1.0","content":"확인을"}],"type":"pronunciation"},{"start_time":"292.45","end_time":"292.8","alternatives":[{"confidence":"0.9529","content":"위해서"}],"type":"pronunciation"},{"start_time":"292.8","end_time":"293.21","alternatives":[{"confidence":"0.9963","content":"문자로"}],"type":"pronunciation"},{"start_time":"293.21","end_time":"293.52","alternatives":[{"confidence":"0.7776","content":"숫자"}],"type":"pronunciation"},{"start_time":"293.52","end_time":"293.73","alternatives":[{"confidence":"0.4598","content":"여섯"}],"type":"pronunciation"},{"start_time":"293.73","end_time":"293.9","alternatives":[{"confidence":"0.4135","content":"자리"}],"type":"pronunciation"},{"start_time":"293.9","end_time":"294.26","alternatives":[{"confidence":"0.69875","content":"발송해"}],"type":"pronunciation"},{"start_time":"294.26","end_time":"294.44","alternatives":[{"confidence":"0.9429","content":"드릴"}],"type":"pronunciation"},{"start_time":"294.44","end_time":"295.02","alternatives":[{"confidence":"1.0","content":"건데요"}],"type":"pronunciation"},{"alternatives":[{"confidence":"0.0","content":"."}],"type":"punctuation"},{"start_time":"295.32","end_time":"295.82","alternatives":[{"confidence":"0.9986","content":"요즘은"}],"type":"pronunciation"},{"start_time":"295.82","end_time":"296.36","alternatives":[{"confidence":"0.8527","content":"개인정보"}],"type":"pronunciation"},{"start_time":"296.36","end_time":"296.85","alternatives":[{"confidence":"0.9994000000000001","content":"유출과"}],"type":"pronunciation"},{"start_time":"296.85","end_time":"297.1","alternatives":[{"confidence":"0.99365","content":"도용"}],"type":"pronunciation"},{"start_time":"297.1","end_time":"297.49","alternatives":[{"confidence":"0.9999","content":"방지를"}],"type":"pronunciation"},{"start_time":"297.49","end_time":"298.09","alternatives":[{"confidence":"0.8679","content":"위해서"}],"type":"pronunciation"},{"start_time":"298.33","end_time":"298.65","alternatives":[{"confidence":"0.5943","content":"임시"}],"type":"pronunciation"},{"start_time":"298.95","end_time":"299.32","alternatives":[{"confidence":"1.0","content":"발급을"}],"type":"pronunciation"},{"start_time":"299.32","end_time":"299.55","alternatives":[{"confidence":"1.0","content":"통해"}],"type":"pronunciation"},{"start_time":"299.55","end_time":"300.07","alternatives":[{"confidence":"1.0","content":"안전하게"}],"type":"pronunciation"},{"start_time":"300.07","end_time":"300.32","alternatives":[{"confidence":"0.7811","content":"본인"}],"type":"pronunciation"},{"start_time":"300.32","end_time":"300.63","alternatives":[{"confidence":"1.0","content":"확인을"}],"type":"pronunciation"},{"start_time":"300.63","end_time":"301.11","alternatives":[{"confidence":"0.9644999999999999","content":"도와드리는"}],"type":"pronunciation"},{"start_time":"301.11","end_time":"301.46","alternatives":[{"confidence":"0.9923","content":"겁니다"}],"type":"pronunciation"},{"alternatives":[{"confidence":"0.0","content":"."}],"type":"punctuation"}]},"status":"COMPLETED"}