{"jobName":"transcribe_loan34","accountId":"097989105209","results":{"transcripts":[{"transcript":"현재 그 연세나 신용상의. 문제는 없으시죠. 금리는 팔 프로 이용가능하시고요 저축센터입니다 저희는 고객님방문필요 없으시고요 방문없으면 가능 하십니다."}],"items":[{"start_time":"0.0","end_time":"0.29","alternatives":[{"confidence":"0.8665","content":"현재"}],"type":"pronunciation"},{"start_time":"0.29","end_time":"0.5","alternatives":[{"confidence":"0.351","content":"그"}],"type":"pronunciation"},{"start_time":"0.5","end_time":"0.98","alternatives":[{"confidence":"0.18063333333333334","content":"연세나"}],"type":"pronunciation"},{"start_time":"0.98","end_time":"1.42","alternatives":[{"confidence":"0.20955000000000001","content":"신용상의"}],"type":"pronunciation"},{"alternatives":[{"confidence":"0.0","content":"."}],"type":"punctuation"},{"start_time":"1.42","end_time":"1.84","alternatives":[{"confidence":"0.9985","content":"문제는"}],"type":"pronunciation"},{"start_time":"1.84","end_time":"2.76","alternatives":[{"confidence":"1.0","content":"없으시죠"}],"type":"pronunciation"},{"alternatives":[{"confidence":"0.0","content":"."}],"type":"punctuation"},{"start_time":"2.88","end_time":"3.33","alternatives":[{"confidence":"0.8607499999999999","content":"금리는"}],"type":"pronunciation"},{"start_time":"3.93","end_time":"4.14","alternatives":[{"confidence":"0.2675","content":"팔"}],"type":"pronunciation"},{"start_time":"4.14","end_time":"4.35","alternatives":[{"confidence":"0.0746","content":"프로"}],"type":"pronunciation"},{"start_time":"4.48","end_time":"5.52","alternatives":[{"confidence":"0.65265","content":"이용가능하시고요"}],"type":"pronunciation"},{"start_time":"6.18","end_time":"8.05","alternatives":[{"confidence":"0.9295666666666667","content":"저축센터입니다"}],"type":"pronunciation"},{"start_time":"8.88","end_time":"9.37","alternatives":[{"confidence":"1.0","content":"저희는"}],"type":"pronunciation"},{"start_time":"9.37","end_time":"10.5","alternatives":[{"confidence":"0.46059999999999995","content":"고객님방문필요"}],"type":"pronunciation"},{"start_time":"10.5","end_time":"11.68","alternatives":[{"confidence":"0.9803999999999999","content":"없으시고요"}],"type":"pronunciation"},{"start_time":"12.01","end_time":"13.12","alternatives":[{"confidence":"0.65205","content":"방문없으면"}],"type":"pronunciation"},{"start_time":"13.12","end_time":"13.39","alternatives":[{"confidence":"0.7199","content":"가능"}],"type":"pronunciation"},{"start_time":"13.39","end_time":"13.97","alternatives":[{"confidence":"0.9999","content":"하십니다"}],"type":"pronunciation"},{"alternatives":[{"confidence":"0.0","content":"."}],"type":"punctuation"}]},"status":"COMPLETED"}