{"jobName":"transcribe_loan80","accountId":"097989105209","results":{"transcripts":[{"transcript":"안하셔도 되고 신용등급하락이라는 거는 십사 일 이내에 대출 상환을 하시는 거기 때문에 좀 등급 되는 문제가 안 되시니까 얘기해가지고 되는거죠. 봤을 때는 이렇게 얘기하면 안 되죠. 때는 당연히 대출 상환하라고 받는거다 이렇게 얘기하면 안 되는 거고요. 그렇게 되면 고의적으로 편법으로 대출 진행한다는 거에 대해서 그쪽에서 승인을 안내드리거나 저희 쪽에서 승인이 불가능하세요. 그러니까 대출받을 때도 무슨 뭐 정부상품 받기 위해 잠깐 하는 거다 이렇게 말씀하시면 안 됩니다. 제가 돈을 들리면 이걸 가지고 저기 저축은행하고 이쪽에 그냥 하면 되는 거예요. 아까 말씀드렸공문을 하시면 저한테 전화주세요 해주시면 돼요. 그러면 거기서 직접 주는 거예요. 제가 공문 접수를 하면요. 그쪽에서 고기님한테 확인 들어오신다고 하면서 전화가 오고 가가지고 국민의 설명을 드리겠습니다. 네. 네네 일단은 곡의 님께서 그냥 상황을 알아서 하시게 되시면요. 예를 들어서 뭐 자금 융통 하시고 저희 고문 접수도 안하고 바로 상황하시게 되면 신용상황대출입니다. 그렇기 때문에 공인전산이 저희 쪽으로 이관되지 않기 때문에 대출이 불가능하시고요 거기 상황실 때는 저희한테 미리 말씀을 해주셔야지 제가 이쪽 저축을 해야 하는지 캐피탈금융사에다가 공문 접수를 해요. 접수내용은 뭐냐면은 고객님에 대한 신용평점이나 자료 나 이런 조정을 해서 저희 쪽에 넘겨달라는 이런 공무원 내용입니다. 공문 내용을 고기 님께서 동의를 해주시고 전화를 다 받아 주셔야 하지만 전산자료가 저희도 넘어오기 때문에 공문 접수를 하고 하고 나서 그렇게 상원 처리 하시고 나서 그 다음에 저희 쪽에 대출을 나가는 거예요. 그렇게 되면 최종 승인이 나오시면은 원하시는 지점적으로. 제가 그때 연결을 시켜드립니다 그래요. 원하는 지점에 제가 아니 앉아서 동네만 어디 동네가 좀 편하시겠다 말씀하시면 동네 가까운 지점으로 제가 연결을 시켜드리는 거예요. 상환을 하고 그 다음에 이제 그거하는 거구나 은행 해야 되는 거구나 상환처를 하셔야 지만 전쟁자료가 넘어오기 때문에 그 전설자료를 토대로 저희가 대출 그런데 그러면 상환을 내가 직접 적이다 저축하는 거죠, 그렇죠. 고민하시는 거죠. 하는거죠. 중간에 입주하고 그러면 아니고 하시는 거죠. 당연히 그래요. 지금 여의도그걸. 그렇죠. 네네 에도 삼십삼 번지 일단은 지금 얘기를 해놨으니까. 그거에 대해서 한번 알아 볼게요. 알겠습니다. 네, 알겠습니다. 네."}],"items":[{"start_time":"0.27","end_time":"0.76","alternatives":[{"confidence":"0.7603500000000001","content":"안하셔도"}],"type":"pronunciation"},{"start_time":"0.76","end_time":"1.23","alternatives":[{"confidence":"0.9889","content":"되고"}],"type":"pronunciation"},{"start_time":"1.53","end_time":"3.05","alternatives":[{"confidence":"0.7172333333333333","content":"신용등급하락이라는"}],"type":"pronunciation"},{"start_time":"3.05","end_time":"3.3","alternatives":[{"confidence":"0.8537","content":"거는"}],"type":"pronunciation"},{"start_time":"3.33","end_time":"3.66","alternatives":[{"confidence":"0.4749","content":"십사"}],"type":"pronunciation"},{"start_time":"3.66","end_time":"3.79","alternatives":[{"confidence":"0.9844","content":"일"}],"type":"pronunciation"},{"start_time":"3.79","end_time":"4.25","alternatives":[{"confidence":"0.9589","content":"이내에"}],"type":"pronunciation"},{"start_time":"4.28","end_time":"4.55","alternatives":[{"confidence":"0.0084","content":"대출"}],"type":"pronunciation"},{"start_time":"5.58","end_time":"5.96","alternatives":[{"confidence":"0.03215","content":"상환을"}],"type":"pronunciation"},{"start_time":"5.96","end_time":"6.19","alternatives":[{"confidence":"0.7911","content":"하시는"}],"type":"pronunciation"},{"start_time":"6.19","end_time":"6.39","alternatives":[{"confidence":"0.8893","content":"거기"}],"type":"pronunciation"},{"start_time":"6.39","end_time":"6.9","alternatives":[{"confidence":"0.9994","content":"때문에"}],"type":"pronunciation"},{"start_time":"6.93","end_time":"7.11","alternatives":[{"confidence":"0.6505","content":"좀"}],"type":"pronunciation"},{"start_time":"7.11","end_time":"7.34","alternatives":[{"confidence":"0.1682","content":"등급"}],"type":"pronunciation"},{"start_time":"7.34","end_time":"7.56","alternatives":[{"confidence":"0.2453","content":"되는"}],"type":"pronunciation"},{"start_time":"7.56","end_time":"7.89","alternatives":[{"confidence":"1.0","content":"문제가"}],"type":"pronunciation"},{"start_time":"7.89","end_time":"8.02","alternatives":[{"confidence":"0.9609","content":"안"}],"type":"pronunciation"},{"start_time":"8.02","end_time":"8.79","alternatives":[{"confidence":"0.9307000000000001","content":"되시니까"}],"type":"pronunciation"},{"start_time":"9.64","end_time":"10.2","alternatives":[{"confidence":"0.14826666666666666","content":"얘기해가지고"}],"type":"pronunciation"},{"start_time":"10.38","end_time":"10.85","alternatives":[{"confidence":"0.8629","content":"되는거죠"}],"type":"pronunciation"},{"alternatives":[{"confidence":"0.0","content":"."}],"type":"punctuation"},{"start_time":"11.39","end_time":"11.6","alternatives":[{"confidence":"0.3971","content":"봤을"}],"type":"pronunciation"},{"start_time":"11.6","end_time":"11.86","alternatives":[{"confidence":"0.9956","content":"때는"}],"type":"pronunciation"},{"start_time":"11.86","end_time":"12.1","alternatives":[{"confidence":"0.9989","content":"이렇게"}],"type":"pronunciation"},{"start_time":"12.1","end_time":"12.39","alternatives":[{"confidence":"0.9898","content":"얘기하면"}],"type":"pronunciation"},{"start_time":"12.39","end_time":"12.47","alternatives":[{"confidence":"0.7025","content":"안"}],"type":"pronunciation"},{"start_time":"12.47","end_time":"12.72","alternatives":[{"confidence":"0.9986","content":"되죠"}],"type":"pronunciation"},{"alternatives":[{"confidence":"0.0","content":"."}],"type":"punctuation"},{"start_time":"14.14","end_time":"14.3","alternatives":[{"confidence":"0.8364","content":"때는"}],"type":"pronunciation"},{"start_time":"14.3","end_time":"14.58","alternatives":[{"confidence":"1.0","content":"당연히"}],"type":"pronunciation"},{"start_time":"14.82","end_time":"15.04","alternatives":[{"confidence":"0.015","content":"대출"}],"type":"pronunciation"},{"start_time":"15.04","end_time":"15.57","alternatives":[{"confidence":"0.06189999999999999","content":"상환하라고"}],"type":"pronunciation"},{"start_time":"15.57","end_time":"15.91","alternatives":[{"confidence":"0.6137","content":"받는거다"}],"type":"pronunciation"},{"start_time":"15.91","end_time":"16.1","alternatives":[{"confidence":"0.9998","content":"이렇게"}],"type":"pronunciation"},{"start_time":"16.1","end_time":"16.41","alternatives":[{"confidence":"0.9678","content":"얘기하면"}],"type":"pronunciation"},{"start_time":"16.41","end_time":"16.51","alternatives":[{"confidence":"0.9903","content":"안"}],"type":"pronunciation"},{"start_time":"16.51","end_time":"16.71","alternatives":[{"confidence":"0.9847","content":"되는"}],"type":"pronunciation"},{"start_time":"16.71","end_time":"17.57","alternatives":[{"confidence":"0.9879","content":"거고요"}],"type":"pronunciation"},{"alternatives":[{"confidence":"0.0","content":"."}],"type":"punctuation"},{"start_time":"17.87","end_time":"18.11","alternatives":[{"confidence":"0.9902","content":"그렇게"}],"type":"pronunciation"},{"start_time":"18.11","end_time":"18.73","alternatives":[{"confidence":"0.8811","content":"되면"}],"type":"pronunciation"},{"start_time":"18.82","end_time":"19.45","alternatives":[{"confidence":"1.0","content":"고의적으로"}],"type":"pronunciation"},{"start_time":"19.45","end_time":"19.89","alternatives":[{"confidence":"0.9839","content":"편법으로"}],"type":"pronunciation"},{"start_time":"19.89","end_time":"20.13","alternatives":[{"confidence":"0.487","content":"대출"}],"type":"pronunciation"},{"start_time":"20.13","end_time":"20.68","alternatives":[{"confidence":"0.9835499999999999","content":"진행한다는"}],"type":"pronunciation"},{"start_time":"20.68","end_time":"20.86","alternatives":[{"confidence":"0.37885","content":"거에"}],"type":"pronunciation"},{"start_time":"20.86","end_time":"21.05","alternatives":[{"confidence":"0.5433","content":"대해서"}],"type":"pronunciation"},{"start_time":"21.05","end_time":"21.4","alternatives":[{"confidence":"0.5283","content":"그쪽에서"}],"type":"pronunciation"},{"start_time":"21.4","end_time":"21.69","alternatives":[{"confidence":"0.3014","content":"승인을"}],"type":"pronunciation"},{"start_time":"21.69","end_time":"22.36","alternatives":[{"confidence":"0.5911666666666667","content":"안내드리거나"}],"type":"pronunciation"},{"start_time":"22.62","end_time":"22.87","alternatives":[{"confidence":"0.8403","content":"저희"}],"type":"pronunciation"},{"start_time":"22.87","end_time":"23.12","alternatives":[{"confidence":"0.9841","content":"쪽에서"}],"type":"pronunciation"},{"start_time":"23.12","end_time":"23.38","alternatives":[{"confidence":"0.8160499999999999","content":"승인이"}],"type":"pronunciation"},{"start_time":"23.38","end_time":"24.15","alternatives":[{"confidence":"0.9983500000000001","content":"불가능하세요"}],"type":"pronunciation"},{"alternatives":[{"confidence":"0.0","content":"."}],"type":"punctuation"},{"start_time":"24.18","end_time":"24.66","alternatives":[{"confidence":"0.9846","content":"그러니까"}],"type":"pronunciation"},{"start_time":"25.24","end_time":"25.78","alternatives":[{"confidence":"0.9419500000000001","content":"대출받을"}],"type":"pronunciation"},{"start_time":"25.78","end_time":"26.13","alternatives":[{"confidence":"0.9496","content":"때도"}],"type":"pronunciation"},{"start_time":"26.13","end_time":"26.37","alternatives":[{"confidence":"0.9988","content":"무슨"}],"type":"pronunciation"},{"start_time":"26.37","end_time":"26.7","alternatives":[{"confidence":"0.9802","content":"뭐"}],"type":"pronunciation"},{"start_time":"26.9","end_time":"27.44","alternatives":[{"confidence":"0.4637","content":"정부상품"}],"type":"pronunciation"},{"start_time":"27.44","end_time":"27.78","alternatives":[{"confidence":"0.7137","content":"받기"}],"type":"pronunciation"},{"start_time":"27.78","end_time":"27.93","alternatives":[{"confidence":"0.2694","content":"위해"}],"type":"pronunciation"},{"start_time":"27.93","end_time":"28.2","alternatives":[{"confidence":"0.6292","content":"잠깐"}],"type":"pronunciation"},{"start_time":"28.2","end_time":"28.35","alternatives":[{"confidence":"0.0467","content":"하는"}],"type":"pronunciation"},{"start_time":"28.35","end_time":"28.47","alternatives":[{"confidence":"0.0454","content":"거다"}],"type":"pronunciation"},{"start_time":"28.47","end_time":"28.68","alternatives":[{"confidence":"0.9814","content":"이렇게"}],"type":"pronunciation"},{"start_time":"28.68","end_time":"29.12","alternatives":[{"confidence":"1.0","content":"말씀하시면"}],"type":"pronunciation"},{"start_time":"29.12","end_time":"29.22","alternatives":[{"confidence":"0.2385","content":"안"}],"type":"pronunciation"},{"start_time":"29.22","end_time":"29.53","alternatives":[{"confidence":"0.2335","content":"됩니다"}],"type":"pronunciation"},{"alternatives":[{"confidence":"0.0","content":"."}],"type":"punctuation"},{"start_time":"30.2","end_time":"30.35","alternatives":[{"confidence":"0.1326","content":"제가"}],"type":"pronunciation"},{"start_time":"30.35","end_time":"30.54","alternatives":[{"confidence":"0.511","content":"돈을"}],"type":"pronunciation"},{"start_time":"30.54","end_time":"31.0","alternatives":[{"confidence":"0.8715999999999999","content":"들리면"}],"type":"pronunciation"},{"start_time":"31.0","end_time":"31.2","alternatives":[{"confidence":"0.6083","content":"이걸"}],"type":"pronunciation"},{"start_time":"31.2","end_time":"31.62","alternatives":[{"confidence":"0.9071","content":"가지고"}],"type":"pronunciation"},{"start_time":"32.58","end_time":"32.81","alternatives":[{"confidence":"0.0176","content":"저기"}],"type":"pronunciation"},{"start_time":"33.27","end_time":"33.78","alternatives":[{"confidence":"0.92065","content":"저축은행하고"}],"type":"pronunciation"},{"start_time":"33.78","end_time":"34.02","alternatives":[{"confidence":"0.5768","content":"이쪽에"}],"type":"pronunciation"},{"start_time":"34.02","end_time":"34.24","alternatives":[{"confidence":"0.7738","content":"그냥"}],"type":"pronunciation"},{"start_time":"34.54","end_time":"34.7","alternatives":[{"confidence":"0.9961","content":"하면"}],"type":"pronunciation"},{"start_time":"34.7","end_time":"34.88","alternatives":[{"confidence":"0.8138","content":"되는"}],"type":"pronunciation"},{"start_time":"34.88","end_time":"35.1","alternatives":[{"confidence":"0.8163","content":"거예요"}],"type":"pronunciation"},{"alternatives":[{"confidence":"0.0","content":"."}],"type":"punctuation"},{"start_time":"35.77","end_time":"35.93","alternatives":[{"confidence":"0.9957","content":"아까"}],"type":"pronunciation"},{"start_time":"35.93","end_time":"37.66","alternatives":[{"confidence":"0.9279666666666667","content":"말씀드렸공문을"}],"type":"pronunciation"},{"start_time":"38.15","end_time":"38.39","alternatives":[{"confidence":"0.1795","content":"하시면"}],"type":"pronunciation"},{"start_time":"38.39","end_time":"38.69","alternatives":[{"confidence":"1.0","content":"저한테"}],"type":"pronunciation"},{"start_time":"38.69","end_time":"39.09","alternatives":[{"confidence":"0.97285","content":"전화주세요"}],"type":"pronunciation"},{"start_time":"39.09","end_time":"39.47","alternatives":[{"confidence":"0.8684","content":"해주시면"}],"type":"pronunciation"},{"start_time":"39.47","end_time":"40.43","alternatives":[{"confidence":"0.9915","content":"돼요"}],"type":"pronunciation"},{"alternatives":[{"confidence":"0.0","content":"."}],"type":"punctuation"},{"start_time":"40.52","end_time":"40.8","alternatives":[{"confidence":"0.9894","content":"그러면"}],"type":"pronunciation"},{"start_time":"40.99","end_time":"41.21","alternatives":[{"confidence":"0.9991","content":"거기서"}],"type":"pronunciation"},{"start_time":"41.21","end_time":"41.43","alternatives":[{"confidence":"0.9314","content":"직접"}],"type":"pronunciation"},{"start_time":"41.56","end_time":"41.72","alternatives":[{"confidence":"0.2971","content":"주는"}],"type":"pronunciation"},{"start_time":"41.72","end_time":"41.99","alternatives":[{"confidence":"0.315","content":"거예요"}],"type":"pronunciation"},{"alternatives":[{"confidence":"0.0","content":"."}],"type":"punctuation"},{"start_time":"42.32","end_time":"42.62","alternatives":[{"confidence":"0.9996","content":"제가"}],"type":"pronunciation"},{"start_time":"42.71","end_time":"43.09","alternatives":[{"confidence":"0.98595","content":"공문"}],"type":"pronunciation"},{"start_time":"43.09","end_time":"43.39","alternatives":[{"confidence":"1.0","content":"접수를"}],"type":"pronunciation"},{"start_time":"43.39","end_time":"44.07","alternatives":[{"confidence":"0.9952000000000001","content":"하면요"}],"type":"pronunciation"},{"alternatives":[{"confidence":"0.0","content":"."}],"type":"punctuation"},{"start_time":"44.19","end_time":"44.57","alternatives":[{"confidence":"0.45695","content":"그쪽에서"}],"type":"pronunciation"},{"start_time":"44.57","end_time":"44.99","alternatives":[{"confidence":"0.092","content":"고기님한테"}],"type":"pronunciation"},{"start_time":"44.99","end_time":"45.23","alternatives":[{"confidence":"0.0848","content":"확인"}],"type":"pronunciation"},{"start_time":"45.43","end_time":"46.0","alternatives":[{"confidence":"0.81255","content":"들어오신다고"}],"type":"pronunciation"},{"start_time":"46.76","end_time":"46.98","alternatives":[{"confidence":"0.0112","content":"하면서"}],"type":"pronunciation"},{"start_time":"46.98","end_time":"47.24","alternatives":[{"confidence":"0.9147","content":"전화가"}],"type":"pronunciation"},{"start_time":"47.24","end_time":"47.39","alternatives":[{"confidence":"0.3769","content":"오고"}],"type":"pronunciation"},{"start_time":"47.99","end_time":"48.42","alternatives":[{"confidence":"0.6579","content":"가가지고"}],"type":"pronunciation"},{"start_time":"48.98","end_time":"49.34","alternatives":[{"confidence":"0.277","content":"국민의"}],"type":"pronunciation"},{"start_time":"50.09","end_time":"50.35","alternatives":[{"confidence":"0.8276","content":"설명을"}],"type":"pronunciation"},{"start_time":"50.35","end_time":"50.87","alternatives":[{"confidence":"1.0","content":"드리겠습니다"}],"type":"pronunciation"},{"alternatives":[{"confidence":"0.0","content":"."}],"type":"punctuation"},{"start_time":"50.93","end_time":"51.05","alternatives":[{"confidence":"0.8067","content":"네"}],"type":"pronunciation"},{"alternatives":[{"confidence":"0.0","content":"."}],"type":"punctuation"},{"start_time":"51.14","end_time":"51.46","alternatives":[{"confidence":"0.4724","content":"네네"}],"type":"pronunciation"},{"start_time":"53.06","end_time":"53.53","alternatives":[{"confidence":"0.993","content":"일단은"}],"type":"pronunciation"},{"start_time":"53.53","end_time":"53.77","alternatives":[{"confidence":"0.3468","content":"곡의"}],"type":"pronunciation"},{"start_time":"53.77","end_time":"54.12","alternatives":[{"confidence":"0.9923","content":"님께서"}],"type":"pronunciation"},{"start_time":"54.24","end_time":"54.57","alternatives":[{"confidence":"0.9922","content":"그냥"}],"type":"pronunciation"},{"start_time":"54.57","end_time":"55.66","alternatives":[{"confidence":"0.9953","content":"상황을"}],"type":"pronunciation"},{"start_time":"55.66","end_time":"56.1","alternatives":[{"confidence":"0.9693","content":"알아서"}],"type":"pronunciation"},{"start_time":"56.1","end_time":"56.43","alternatives":[{"confidence":"0.99995","content":"하시게"}],"type":"pronunciation"},{"start_time":"56.43","end_time":"57.07","alternatives":[{"confidence":"0.0274","content":"되시면요"}],"type":"pronunciation"},{"alternatives":[{"confidence":"0.0","content":"."}],"type":"punctuation"},{"start_time":"58.17","end_time":"58.4","alternatives":[{"confidence":"0.9966","content":"예를"}],"type":"pronunciation"},{"start_time":"58.4","end_time":"58.93","alternatives":[{"confidence":"0.9991","content":"들어서"}],"type":"pronunciation"},{"start_time":"58.96","end_time":"59.07","alternatives":[{"confidence":"0.845","content":"뭐"}],"type":"pronunciation"},{"start_time":"59.1","end_time":"59.32","alternatives":[{"confidence":"0.765","content":"자금"}],"type":"pronunciation"},{"start_time":"59.32","end_time":"59.56","alternatives":[{"confidence":"0.42769999999999997","content":"융통"}],"type":"pronunciation"},{"start_time":"59.56","end_time":"60.13","alternatives":[{"confidence":"1.0","content":"하시고"}],"type":"pronunciation"},{"start_time":"60.13","end_time":"60.34","alternatives":[{"confidence":"0.9613","content":"저희"}],"type":"pronunciation"},{"start_time":"60.34","end_time":"60.62","alternatives":[{"confidence":"0.7047","content":"고문"}],"type":"pronunciation"},{"start_time":"60.62","end_time":"60.92","alternatives":[{"confidence":"0.91425","content":"접수도"}],"type":"pronunciation"},{"start_time":"60.92","end_time":"61.67","alternatives":[{"confidence":"0.7679","content":"안하고"}],"type":"pronunciation"},{"start_time":"61.76","end_time":"62.08","alternatives":[{"confidence":"0.9424","content":"바로"}],"type":"pronunciation"},{"start_time":"62.08","end_time":"62.77","alternatives":[{"confidence":"0.8363333333333333","content":"상황하시게"}],"type":"pronunciation"},{"start_time":"62.77","end_time":"63.56","alternatives":[{"confidence":"0.5317","content":"되면"}],"type":"pronunciation"},{"start_time":"63.59","end_time":"64.97","alternatives":[{"confidence":"0.705325","content":"신용상황대출입니다"}],"type":"pronunciation"},{"alternatives":[{"confidence":"0.0","content":"."}],"type":"punctuation"},{"start_time":"65.23","end_time":"65.5","alternatives":[{"confidence":"0.9732","content":"그렇기"}],"type":"pronunciation"},{"start_time":"65.5","end_time":"65.91","alternatives":[{"confidence":"0.9963","content":"때문에"}],"type":"pronunciation"},{"start_time":"66.27","end_time":"66.92","alternatives":[{"confidence":"0.8580333333333333","content":"공인전산이"}],"type":"pronunciation"},{"start_time":"66.92","end_time":"67.13","alternatives":[{"confidence":"0.9567","content":"저희"}],"type":"pronunciation"},{"start_time":"67.13","end_time":"67.36","alternatives":[{"confidence":"0.9994","content":"쪽으로"}],"type":"pronunciation"},{"start_time":"67.36","end_time":"67.76","alternatives":[{"confidence":"0.9978","content":"이관되지"}],"type":"pronunciation"},{"start_time":"67.76","end_time":"68.05","alternatives":[{"confidence":"1.0","content":"않기"}],"type":"pronunciation"},{"start_time":"68.05","end_time":"68.34","alternatives":[{"confidence":"1.0","content":"때문에"}],"type":"pronunciation"},{"start_time":"68.34","end_time":"68.65","alternatives":[{"confidence":"0.9912000000000001","content":"대출이"}],"type":"pronunciation"},{"start_time":"68.65","end_time":"69.98","alternatives":[{"confidence":"0.9896333333333334","content":"불가능하시고요"}],"type":"pronunciation"},{"start_time":"70.28","end_time":"70.58","alternatives":[{"confidence":"0.0385","content":"거기"}],"type":"pronunciation"},{"start_time":"70.58","end_time":"71.12","alternatives":[{"confidence":"0.12484999999999999","content":"상황실"}],"type":"pronunciation"},{"start_time":"71.12","end_time":"71.3","alternatives":[{"confidence":"0.9983","content":"때는"}],"type":"pronunciation"},{"start_time":"71.3","end_time":"71.63","alternatives":[{"confidence":"0.9881","content":"저희한테"}],"type":"pronunciation"},{"start_time":"71.63","end_time":"71.83","alternatives":[{"confidence":"0.9949","content":"미리"}],"type":"pronunciation"},{"start_time":"71.83","end_time":"72.24","alternatives":[{"confidence":"0.9941","content":"말씀을"}],"type":"pronunciation"},{"start_time":"72.24","end_time":"73.07","alternatives":[{"confidence":"0.9758666666666667","content":"해주셔야지"}],"type":"pronunciation"},{"start_time":"73.1","end_time":"73.33","alternatives":[{"confidence":"0.9958","content":"제가"}],"type":"pronunciation"},{"start_time":"73.33","end_time":"73.7","alternatives":[{"confidence":"0.2992","content":"이쪽"}],"type":"pronunciation"},{"start_time":"73.93","end_time":"74.32","alternatives":[{"confidence":"0.42405000000000004","content":"저축을"}],"type":"pronunciation"},{"start_time":"74.32","end_time":"74.45","alternatives":[{"confidence":"0.3499","content":"해야"}],"type":"pronunciation"},{"start_time":"74.45","end_time":"74.71","alternatives":[{"confidence":"0.2391","content":"하는지"}],"type":"pronunciation"},{"start_time":"74.71","end_time":"76.52","alternatives":[{"confidence":"0.5651","content":"캐피탈금융사에다가"}],"type":"pronunciation"},{"start_time":"76.565","end_time":"76.935","alternatives":[{"confidence":"0.9777","content":"공문"}],"type":"pronunciation"},{"start_time":"76.935","end_time":"77.255","alternatives":[{"confidence":"0.99975","content":"접수를"}],"type":"pronunciation"},{"start_time":"77.255","end_time":"77.705","alternatives":[{"confidence":"0.9715","content":"해요"}],"type":"pronunciation"},{"alternatives":[{"confidence":"0.0","content":"."}],"type":"punctuation"},{"start_time":"77.975","end_time":"78.715","alternatives":[{"confidence":"0.9991","content":"접수내용은"}],"type":"pronunciation"},{"start_time":"78.715","end_time":"79.455","alternatives":[{"confidence":"0.81475","content":"뭐냐면은"}],"type":"pronunciation"},{"start_time":"79.835","end_time":"80.215","alternatives":[{"confidence":"0.9305","content":"고객님에"}],"type":"pronunciation"},{"start_time":"80.215","end_time":"80.415","alternatives":[{"confidence":"0.9908","content":"대한"}],"type":"pronunciation"},{"start_time":"80.415","end_time":"81.145","alternatives":[{"confidence":"0.89705","content":"신용평점이나"}],"type":"pronunciation"},{"start_time":"81.145","end_time":"81.465","alternatives":[{"confidence":"0.6269","content":"자료"}],"type":"pronunciation"},{"start_time":"81.465","end_time":"81.785","alternatives":[{"confidence":"0.9918","content":"나"}],"type":"pronunciation"},{"start_time":"81.785","end_time":"82.045","alternatives":[{"confidence":"0.477","content":"이런"}],"type":"pronunciation"},{"start_time":"82.405","end_time":"82.815","alternatives":[{"confidence":"0.992","content":"조정을"}],"type":"pronunciation"},{"start_time":"82.815","end_time":"82.995","alternatives":[{"confidence":"0.9966","content":"해서"}],"type":"pronunciation"},{"start_time":"82.995","end_time":"83.215","alternatives":[{"confidence":"0.9152","content":"저희"}],"type":"pronunciation"},{"start_time":"83.215","end_time":"83.405","alternatives":[{"confidence":"0.9183","content":"쪽에"}],"type":"pronunciation"},{"start_time":"83.405","end_time":"84.015","alternatives":[{"confidence":"0.83415","content":"넘겨달라는"}],"type":"pronunciation"},{"start_time":"84.015","end_time":"84.165","alternatives":[{"confidence":"0.9593","content":"이런"}],"type":"pronunciation"},{"start_time":"84.165","end_time":"84.465","alternatives":[{"confidence":"0.4731","content":"공무원"}],"type":"pronunciation"},{"start_time":"84.465","end_time":"85.145","alternatives":[{"confidence":"1.0","content":"내용입니다"}],"type":"pronunciation"},{"alternatives":[{"confidence":"0.0","content":"."}],"type":"punctuation"},{"start_time":"86.005","end_time":"86.355","alternatives":[{"confidence":"0.80055","content":"공문"}],"type":"pronunciation"},{"start_time":"86.355","end_time":"86.675","alternatives":[{"confidence":"0.9979","content":"내용을"}],"type":"pronunciation"},{"start_time":"86.675","end_time":"86.875","alternatives":[{"confidence":"0.378","content":"고기"}],"type":"pronunciation"},{"start_time":"86.875","end_time":"87.135","alternatives":[{"confidence":"0.9838","content":"님께서"}],"type":"pronunciation"},{"start_time":"87.145","end_time":"87.535","alternatives":[{"confidence":"0.9944","content":"동의를"}],"type":"pronunciation"},{"start_time":"87.535","end_time":"88.285","alternatives":[{"confidence":"0.9566","content":"해주시고"}],"type":"pronunciation"},{"start_time":"89.395","end_time":"89.695","alternatives":[{"confidence":"0.9867","content":"전화를"}],"type":"pronunciation"},{"start_time":"89.695","end_time":"89.765","alternatives":[{"confidence":"0.5392","content":"다"}],"type":"pronunciation"},{"start_time":"89.765","end_time":"90.045","alternatives":[{"confidence":"0.6464","content":"받아"}],"type":"pronunciation"},{"start_time":"90.045","end_time":"90.315","alternatives":[{"confidence":"0.93205","content":"주셔야"}],"type":"pronunciation"},{"start_time":"90.315","end_time":"90.915","alternatives":[{"confidence":"0.9829","content":"하지만"}],"type":"pronunciation"},{"start_time":"91.295","end_time":"91.925","alternatives":[{"confidence":"0.99685","content":"전산자료가"}],"type":"pronunciation"},{"start_time":"91.925","end_time":"92.185","alternatives":[{"confidence":"0.8593","content":"저희도"}],"type":"pronunciation"},{"start_time":"92.185","end_time":"92.565","alternatives":[{"confidence":"0.9968","content":"넘어오기"}],"type":"pronunciation"},{"start_time":"92.565","end_time":"93.165","alternatives":[{"confidence":"0.9859","content":"때문에"}],"type":"pronunciation"},{"start_time":"93.615","end_time":"93.875","alternatives":[{"confidence":"0.9139","content":"공문"}],"type":"pronunciation"},{"start_time":"93.875","end_time":"94.195","alternatives":[{"confidence":"0.9999","content":"접수를"}],"type":"pronunciation"},{"start_time":"94.195","end_time":"94.745","alternatives":[{"confidence":"0.9669","content":"하고"}],"type":"pronunciation"},{"start_time":"95.46","end_time":"95.77","alternatives":[{"confidence":"0.8409","content":"하고"}],"type":"pronunciation"},{"start_time":"95.77","end_time":"96.08","alternatives":[{"confidence":"0.9683","content":"나서"}],"type":"pronunciation"},{"start_time":"96.08","end_time":"96.31","alternatives":[{"confidence":"0.5041","content":"그렇게"}],"type":"pronunciation"},{"start_time":"96.34","end_time":"96.57","alternatives":[{"confidence":"0.3491","content":"상원"}],"type":"pronunciation"},{"start_time":"96.57","end_time":"96.7","alternatives":[{"confidence":"0.3866","content":"처리"}],"type":"pronunciation"},{"start_time":"96.7","end_time":"96.98","alternatives":[{"confidence":"1.0","content":"하시고"}],"type":"pronunciation"},{"start_time":"96.98","end_time":"97.33","alternatives":[{"confidence":"0.987","content":"나서"}],"type":"pronunciation"},{"start_time":"97.33","end_time":"97.48","alternatives":[{"confidence":"0.757","content":"그"}],"type":"pronunciation"},{"start_time":"97.48","end_time":"97.8","alternatives":[{"confidence":"0.9989","content":"다음에"}],"type":"pronunciation"},{"start_time":"97.83","end_time":"98.02","alternatives":[{"confidence":"0.9532","content":"저희"}],"type":"pronunciation"},{"start_time":"98.02","end_time":"98.18","alternatives":[{"confidence":"0.9314","content":"쪽에"}],"type":"pronunciation"},{"start_time":"98.18","end_time":"98.44","alternatives":[{"confidence":"0.5401","content":"대출을"}],"type":"pronunciation"},{"start_time":"98.44","end_time":"98.75","alternatives":[{"confidence":"0.9602","content":"나가는"}],"type":"pronunciation"},{"start_time":"98.75","end_time":"99.18","alternatives":[{"confidence":"0.847","content":"거예요"}],"type":"pronunciation"},{"alternatives":[{"confidence":"0.0","content":"."}],"type":"punctuation"},{"start_time":"99.54","end_time":"99.75","alternatives":[{"confidence":"0.9806","content":"그렇게"}],"type":"pronunciation"},{"start_time":"99.75","end_time":"99.94","alternatives":[{"confidence":"0.9996","content":"되면"}],"type":"pronunciation"},{"start_time":"99.94","end_time":"100.16","alternatives":[{"confidence":"0.9833","content":"최종"}],"type":"pronunciation"},{"start_time":"100.16","end_time":"100.41","alternatives":[{"confidence":"0.7728","content":"승인이"}],"type":"pronunciation"},{"start_time":"100.41","end_time":"101.21","alternatives":[{"confidence":"0.7986666666666666","content":"나오시면은"}],"type":"pronunciation"},{"start_time":"101.66","end_time":"102.02","alternatives":[{"confidence":"0.9259","content":"원하시는"}],"type":"pronunciation"},{"start_time":"102.02","end_time":"102.54","alternatives":[{"confidence":"0.70035","content":"지점적으로"}],"type":"pronunciation"},{"alternatives":[{"confidence":"0.0","content":"."}],"type":"punctuation"},{"start_time":"102.54","end_time":"102.72","alternatives":[{"confidence":"0.9951","content":"제가"}],"type":"pronunciation"},{"start_time":"102.72","end_time":"103.04","alternatives":[{"confidence":"0.9103","content":"그때"}],"type":"pronunciation"},{"start_time":"103.04","end_time":"103.33","alternatives":[{"confidence":"0.4673","content":"연결을"}],"type":"pronunciation"},{"start_time":"103.33","end_time":"103.99","alternatives":[{"confidence":"0.8158","content":"시켜드립니다"}],"type":"pronunciation"},{"start_time":"104.92","end_time":"105.2","alternatives":[{"confidence":"0.6586","content":"그래요"}],"type":"pronunciation"},{"alternatives":[{"confidence":"0.0","content":"."}],"type":"punctuation"},{"start_time":"105.23","end_time":"105.63","alternatives":[{"confidence":"0.9587","content":"원하는"}],"type":"pronunciation"},{"start_time":"105.63","end_time":"105.89","alternatives":[{"confidence":"0.2754","content":"지점에"}],"type":"pronunciation"},{"start_time":"105.89","end_time":"106.07","alternatives":[{"confidence":"0.5382","content":"제가"}],"type":"pronunciation"},{"start_time":"106.07","end_time":"106.2","alternatives":[{"confidence":"0.089","content":"아니"}],"type":"pronunciation"},{"start_time":"106.2","end_time":"106.53","alternatives":[{"confidence":"0.49","content":"앉아서"}],"type":"pronunciation"},{"start_time":"107.55","end_time":"108.24","alternatives":[{"confidence":"0.7605","content":"동네만"}],"type":"pronunciation"},{"start_time":"108.24","end_time":"108.62","alternatives":[{"confidence":"0.5754","content":"어디"}],"type":"pronunciation"},{"start_time":"108.62","end_time":"109.0","alternatives":[{"confidence":"0.9689","content":"동네가"}],"type":"pronunciation"},{"start_time":"109.0","end_time":"109.1","alternatives":[{"confidence":"0.9598","content":"좀"}],"type":"pronunciation"},{"start_time":"109.1","end_time":"109.6","alternatives":[{"confidence":"0.8686666666666666","content":"편하시겠다"}],"type":"pronunciation"},{"start_time":"109.6","end_time":"110.15","alternatives":[{"confidence":"0.9963500000000001","content":"말씀하시면"}],"type":"pronunciation"},{"start_time":"110.15","end_time":"110.39","alternatives":[{"confidence":"0.7344","content":"동네"}],"type":"pronunciation"},{"start_time":"110.39","end_time":"110.77","alternatives":[{"confidence":"0.9698","content":"가까운"}],"type":"pronunciation"},{"start_time":"110.77","end_time":"111.15","alternatives":[{"confidence":"0.9256","content":"지점으로"}],"type":"pronunciation"},{"start_time":"111.15","end_time":"111.3","alternatives":[{"confidence":"0.6932","content":"제가"}],"type":"pronunciation"},{"start_time":"111.3","end_time":"111.56","alternatives":[{"confidence":"0.7166","content":"연결을"}],"type":"pronunciation"},{"start_time":"111.56","end_time":"111.99","alternatives":[{"confidence":"0.883","content":"시켜드리는"}],"type":"pronunciation"},{"start_time":"111.99","end_time":"112.47","alternatives":[{"confidence":"0.9799","content":"거예요"}],"type":"pronunciation"},{"alternatives":[{"confidence":"0.0","content":"."}],"type":"punctuation"},{"start_time":"112.74","end_time":"113.04","alternatives":[{"confidence":"0.0898","content":"상환을"}],"type":"pronunciation"},{"start_time":"113.43","end_time":"113.69","alternatives":[{"confidence":"0.9997","content":"하고"}],"type":"pronunciation"},{"start_time":"113.69","end_time":"113.77","alternatives":[{"confidence":"0.7908","content":"그"}],"type":"pronunciation"},{"start_time":"113.77","end_time":"114.0","alternatives":[{"confidence":"0.9996","content":"다음에"}],"type":"pronunciation"},{"start_time":"114.0","end_time":"114.24","alternatives":[{"confidence":"0.9984","content":"이제"}],"type":"pronunciation"},{"start_time":"114.57","end_time":"114.95","alternatives":[{"confidence":"0.6436","content":"그거하는"}],"type":"pronunciation"},{"start_time":"114.95","end_time":"115.21","alternatives":[{"confidence":"0.738","content":"거구나"}],"type":"pronunciation"},{"start_time":"115.21","end_time":"115.39","alternatives":[{"confidence":"0.4728","content":"은행"}],"type":"pronunciation"},{"start_time":"115.55","end_time":"115.64","alternatives":[{"confidence":"0.2198","content":"해야"}],"type":"pronunciation"},{"start_time":"115.64","end_time":"115.81","alternatives":[{"confidence":"0.8548","content":"되는"}],"type":"pronunciation"},{"start_time":"115.81","end_time":"116.04","alternatives":[{"confidence":"0.6803","content":"거구나"}],"type":"pronunciation"},{"start_time":"117.02","end_time":"117.47","alternatives":[{"confidence":"0.3885","content":"상환처를"}],"type":"pronunciation"},{"start_time":"117.47","end_time":"117.8","alternatives":[{"confidence":"0.5096","content":"하셔야"}],"type":"pronunciation"},{"start_time":"117.8","end_time":"118.29","alternatives":[{"confidence":"0.9445","content":"지만"}],"type":"pronunciation"},{"start_time":"118.32","end_time":"118.85","alternatives":[{"confidence":"0.69965","content":"전쟁자료가"}],"type":"pronunciation"},{"start_time":"118.85","end_time":"119.25","alternatives":[{"confidence":"0.8462000000000001","content":"넘어오기"}],"type":"pronunciation"},{"start_time":"119.25","end_time":"119.95","alternatives":[{"confidence":"0.9988","content":"때문에"}],"type":"pronunciation"},{"start_time":"120.15","end_time":"120.39","alternatives":[{"confidence":"0.8142","content":"그"}],"type":"pronunciation"},{"start_time":"120.39","end_time":"120.92","alternatives":[{"confidence":"0.7646999999999999","content":"전설자료를"}],"type":"pronunciation"},{"start_time":"120.92","end_time":"121.26","alternatives":[{"confidence":"1.0","content":"토대로"}],"type":"pronunciation"},{"start_time":"121.26","end_time":"121.51","alternatives":[{"confidence":"1.0","content":"저희가"}],"type":"pronunciation"},{"start_time":"121.51","end_time":"121.83","alternatives":[{"confidence":"0.5842","content":"대출"}],"type":"pronunciation"},{"start_time":"122.945","end_time":"123.275","alternatives":[{"confidence":"0.1238","content":"그런데"}],"type":"pronunciation"},{"start_time":"123.275","end_time":"123.515","alternatives":[{"confidence":"0.7452","content":"그러면"}],"type":"pronunciation"},{"start_time":"123.515","end_time":"124.055","alternatives":[{"confidence":"0.286","content":"상환을"}],"type":"pronunciation"},{"start_time":"124.415","end_time":"124.625","alternatives":[{"confidence":"0.7172","content":"내가"}],"type":"pronunciation"},{"start_time":"124.625","end_time":"124.895","alternatives":[{"confidence":"0.8718","content":"직접"}],"type":"pronunciation"},{"start_time":"125.105","end_time":"125.365","alternatives":[{"confidence":"0.2355","content":"적이다"}],"type":"pronunciation"},{"start_time":"125.365","end_time":"125.905","alternatives":[{"confidence":"0.14625","content":"저축하는"}],"type":"pronunciation"},{"start_time":"125.905","end_time":"126.245","alternatives":[{"confidence":"0.0814","content":"거죠"}],"type":"pronunciation"},{"alternatives":[{"confidence":"0.0","content":","}],"type":"punctuation"},{"start_time":"126.475","end_time":"126.715","alternatives":[{"confidence":"0.0671","content":"그렇죠"}],"type":"pronunciation"},{"alternatives":[{"confidence":"0.0","content":"."}],"type":"punctuation"},{"start_time":"126.715","end_time":"127.415","alternatives":[{"confidence":"0.0159","content":"고민하시는"}],"type":"pronunciation"},{"start_time":"127.415","end_time":"127.715","alternatives":[{"confidence":"0.0354","content":"거죠"}],"type":"pronunciation"},{"alternatives":[{"confidence":"0.0","content":"."}],"type":"punctuation"},{"start_time":"128.195","end_time":"128.895","alternatives":[{"confidence":"0.9002","content":"하는거죠"}],"type":"pronunciation"},{"alternatives":[{"confidence":"0.0","content":"."}],"type":"punctuation"},{"start_time":"129.575","end_time":"129.835","alternatives":[{"confidence":"0.8576","content":"중간에"}],"type":"pronunciation"},{"start_time":"130.195","end_time":"130.595","alternatives":[{"confidence":"0.20575","content":"입주하고"}],"type":"pronunciation"},{"start_time":"130.865","end_time":"131.085","alternatives":[{"confidence":"0.0833","content":"그러면"}],"type":"pronunciation"},{"start_time":"131.085","end_time":"131.415","alternatives":[{"confidence":"0.0813","content":"아니고"}],"type":"pronunciation"},{"start_time":"132.085","end_time":"132.315","alternatives":[{"confidence":"0.5375","content":"하시는"}],"type":"pronunciation"},{"start_time":"132.315","end_time":"132.465","alternatives":[{"confidence":"0.6576","content":"거죠"}],"type":"pronunciation"},{"alternatives":[{"confidence":"0.0","content":"."}],"type":"punctuation"},{"start_time":"132.465","end_time":"133.125","alternatives":[{"confidence":"0.9328","content":"당연히"}],"type":"pronunciation"},{"start_time":"133.285","end_time":"133.585","alternatives":[{"confidence":"0.9744","content":"그래요"}],"type":"pronunciation"},{"alternatives":[{"confidence":"0.0","content":"."}],"type":"punctuation"},{"start_time":"133.865","end_time":"134.065","alternatives":[{"confidence":"0.9703","content":"지금"}],"type":"pronunciation"},{"start_time":"134.285","end_time":"135.095","alternatives":[{"confidence":"0.46845000000000003","content":"여의도그걸"}],"type":"pronunciation"},{"alternatives":[{"confidence":"0.0","content":"."}],"type":"punctuation"},{"start_time":"135.095","end_time":"135.405","alternatives":[{"confidence":"0.0274","content":"그렇죠"}],"type":"pronunciation"},{"alternatives":[{"confidence":"0.0","content":"."}],"type":"punctuation"},{"start_time":"135.715","end_time":"136.055","alternatives":[{"confidence":"0.0015","content":"네네"}],"type":"pronunciation"},{"start_time":"137.655","end_time":"137.825","alternatives":[{"confidence":"0.1311","content":"에도"}],"type":"pronunciation"},{"start_time":"137.825","end_time":"138.255","alternatives":[{"confidence":"0.7262","content":"삼십삼"}],"type":"pronunciation"},{"start_time":"138.255","end_time":"138.735","alternatives":[{"confidence":"0.6552","content":"번지"}],"type":"pronunciation"},{"start_time":"140.515","end_time":"140.775","alternatives":[{"confidence":"0.9328","content":"일단은"}],"type":"pronunciation"},{"start_time":"140.775","end_time":"140.985","alternatives":[{"confidence":"0.9775","content":"지금"}],"type":"pronunciation"},{"start_time":"141.285","end_time":"141.525","alternatives":[{"confidence":"0.8712","content":"얘기를"}],"type":"pronunciation"},{"start_time":"141.525","end_time":"142.385","alternatives":[{"confidence":"0.83125","content":"해놨으니까"}],"type":"pronunciation"},{"alternatives":[{"confidence":"0.0","content":"."}],"type":"punctuation"},{"start_time":"142.885","end_time":"143.145","alternatives":[{"confidence":"0.8927499999999999","content":"그거에"}],"type":"pronunciation"},{"start_time":"143.145","end_time":"143.415","alternatives":[{"confidence":"0.985","content":"대해서"}],"type":"pronunciation"},{"start_time":"145.655","end_time":"145.835","alternatives":[{"confidence":"0.801","content":"한번"}],"type":"pronunciation"},{"start_time":"145.835","end_time":"145.945","alternatives":[{"confidence":"0.1669","content":"알아"}],"type":"pronunciation"},{"start_time":"145.945","end_time":"146.245","alternatives":[{"confidence":"0.9623","content":"볼게요"}],"type":"pronunciation"},{"alternatives":[{"confidence":"0.0","content":"."}],"type":"punctuation"},{"start_time":"146.685","end_time":"147.245","alternatives":[{"confidence":"0.9995","content":"알겠습니다"}],"type":"pronunciation"},{"alternatives":[{"confidence":"0.0","content":"."}],"type":"punctuation"},{"start_time":"147.405","end_time":"147.555","alternatives":[{"confidence":"0.8604","content":"네"}],"type":"pronunciation"},{"alternatives":[{"confidence":"0.0","content":","}],"type":"punctuation"},{"start_time":"147.675","end_time":"148.195","alternatives":[{"confidence":"0.9998","content":"알겠습니다"}],"type":"pronunciation"},{"alternatives":[{"confidence":"0.0","content":"."}],"type":"punctuation"},{"start_time":"148.195","end_time":"148.355","alternatives":[{"confidence":"0.0946","content":"네"}],"type":"pronunciation"},{"alternatives":[{"confidence":"0.0","content":"."}],"type":"punctuation"}]},"status":"COMPLETED"}