{"jobName":"transcribe_loan18","accountId":"097989105209","results":{"transcripts":[{"transcript":"저희가 정확히 없는 내용을 다시 기록을 해놓지는 않았는데 그래서 급여를 많이 드리는 이유가 저희가 하시는 일은 이제 대포통장개설 하신 일이에요. 통장을 개설하셔서 시키는 건 아니고 저희가 아침마다 이제 사업자소리를 매일 드려요. 그러면 그 소리를 들고 가서 은행에서 통장을 개설해 오신 일이거든요. 여기서 있는 것처럼 한 장 방문하고 관리 사업하는 그런 거 아니에요. 그건 아니고요. 그것도 그 통장회사라는 걸 왜 다른 사람을 시키나요 그거는 저희 불법적으로 사용하니까 불법적으로 사용한 다고요 서초쪽에 저희가 소박사이트 쪽에 사용하는 적으로 이제 불법 하라고 그거 말씀하시는 거예요. 그게 가장 하시면 지원을 하시는 거고요. 그게 어려우신 다 그러면 제가 뭐 자세하게 설명을 따로 안 되겠죠. 저도 불법을 하라고 말씀하시는 거 아니에요? 돈을 버는 것도 중요하죠. 저희는 불법 일을 하면 해서 불법을 하면 있어요. 대포통장개설하는 저희가 통장을 했었거든요. 일단은 뭐 지금 얘기하시는 부분에서 별로 지금 들으시는 부분이 없으신것 같으니까 생각해요 많았어요."}],"items":[{"start_time":"0.51","end_time":"0.86","alternatives":[{"confidence":"0.9973","content":"저희가"}],"type":"pronunciation"},{"start_time":"1.17","end_time":"1.73","alternatives":[{"confidence":"1.0","content":"정확히"}],"type":"pronunciation"},{"start_time":"1.73","end_time":"2.03","alternatives":[{"confidence":"0.6619","content":"없는"}],"type":"pronunciation"},{"start_time":"2.03","end_time":"2.47","alternatives":[{"confidence":"0.9855","content":"내용을"}],"type":"pronunciation"},{"start_time":"2.59","end_time":"2.84","alternatives":[{"confidence":"0.7802","content":"다시"}],"type":"pronunciation"},{"start_time":"3.09","end_time":"3.46","alternatives":[{"confidence":"0.9258","content":"기록을"}],"type":"pronunciation"},{"start_time":"3.46","end_time":"3.83","alternatives":[{"confidence":"0.7465999999999999","content":"해놓지는"}],"type":"pronunciation"},{"start_time":"3.83","end_time":"4.74","alternatives":[{"confidence":"1.0","content":"않았는데"}],"type":"pronunciation"},{"start_time":"5.65","end_time":"5.95","alternatives":[{"confidence":"0.9677","content":"그래서"}],"type":"pronunciation"},{"start_time":"5.95","end_time":"6.46","alternatives":[{"confidence":"0.94835","content":"급여를"}],"type":"pronunciation"},{"start_time":"6.49","end_time":"6.87","alternatives":[{"confidence":"0.9803","content":"많이"}],"type":"pronunciation"},{"start_time":"6.88","end_time":"7.35","alternatives":[{"confidence":"0.858","content":"드리는"}],"type":"pronunciation"},{"start_time":"7.35","end_time":"7.99","alternatives":[{"confidence":"1.0","content":"이유가"}],"type":"pronunciation"},{"start_time":"8.88","end_time":"9.29","alternatives":[{"confidence":"1.0","content":"저희가"}],"type":"pronunciation"},{"start_time":"9.42","end_time":"9.9","alternatives":[{"confidence":"0.9492","content":"하시는"}],"type":"pronunciation"},{"start_time":"9.9","end_time":"10.18","alternatives":[{"confidence":"0.9851","content":"일은"}],"type":"pronunciation"},{"start_time":"10.18","end_time":"10.32","alternatives":[{"confidence":"0.6254","content":"이제"}],"type":"pronunciation"},{"start_time":"10.35","end_time":"11.27","alternatives":[{"confidence":"0.8908","content":"대포통장개설"}],"type":"pronunciation"},{"start_time":"11.27","end_time":"11.59","alternatives":[{"confidence":"0.6241","content":"하신"}],"type":"pronunciation"},{"start_time":"11.59","end_time":"12.34","alternatives":[{"confidence":"0.9966","content":"일이에요"}],"type":"pronunciation"},{"alternatives":[{"confidence":"0.0","content":"."}],"type":"punctuation"},{"start_time":"14.77","end_time":"15.4","alternatives":[{"confidence":"0.99995","content":"통장을"}],"type":"pronunciation"},{"start_time":"15.49","end_time":"16.23","alternatives":[{"confidence":"0.9563999999999999","content":"개설하셔서"}],"type":"pronunciation"},{"start_time":"16.83","end_time":"17.13","alternatives":[{"confidence":"0.8993","content":"시키는"}],"type":"pronunciation"},{"start_time":"17.13","end_time":"17.25","alternatives":[{"confidence":"0.9612","content":"건"}],"type":"pronunciation"},{"start_time":"17.25","end_time":"17.98","alternatives":[{"confidence":"1.0","content":"아니고"}],"type":"pronunciation"},{"start_time":"19.13","end_time":"19.39","alternatives":[{"confidence":"1.0","content":"저희가"}],"type":"pronunciation"},{"start_time":"19.39","end_time":"20.05","alternatives":[{"confidence":"0.9634","content":"아침마다"}],"type":"pronunciation"},{"start_time":"20.05","end_time":"20.26","alternatives":[{"confidence":"0.9899","content":"이제"}],"type":"pronunciation"},{"start_time":"20.6","end_time":"21.39","alternatives":[{"confidence":"0.80355","content":"사업자소리를"}],"type":"pronunciation"},{"start_time":"21.39","end_time":"21.63","alternatives":[{"confidence":"0.9238","content":"매일"}],"type":"pronunciation"},{"start_time":"21.63","end_time":"22.23","alternatives":[{"confidence":"0.8809","content":"드려요"}],"type":"pronunciation"},{"alternatives":[{"confidence":"0.0","content":"."}],"type":"punctuation"},{"start_time":"23.82","end_time":"24.16","alternatives":[{"confidence":"0.8396","content":"그러면"}],"type":"pronunciation"},{"start_time":"24.22","end_time":"24.6","alternatives":[{"confidence":"0.9806","content":"그"}],"type":"pronunciation"},{"start_time":"24.63","end_time":"25.0","alternatives":[{"confidence":"0.9934","content":"소리를"}],"type":"pronunciation"},{"start_time":"25.0","end_time":"25.3","alternatives":[{"confidence":"0.8001","content":"들고"}],"type":"pronunciation"},{"start_time":"25.3","end_time":"25.65","alternatives":[{"confidence":"1.0","content":"가서"}],"type":"pronunciation"},{"start_time":"25.86","end_time":"26.38","alternatives":[{"confidence":"0.9983","content":"은행에서"}],"type":"pronunciation"},{"start_time":"26.38","end_time":"26.8","alternatives":[{"confidence":"1.0","content":"통장을"}],"type":"pronunciation"},{"start_time":"26.8","end_time":"27.19","alternatives":[{"confidence":"0.9569000000000001","content":"개설해"}],"type":"pronunciation"},{"start_time":"27.19","end_time":"27.55","alternatives":[{"confidence":"0.6978","content":"오신"}],"type":"pronunciation"},{"start_time":"27.55","end_time":"27.96","alternatives":[{"confidence":"0.8943","content":"일이거든요"}],"type":"pronunciation"},{"alternatives":[{"confidence":"0.0","content":"."}],"type":"punctuation"},{"start_time":"29.55","end_time":"29.87","alternatives":[{"confidence":"0.9683","content":"여기서"}],"type":"pronunciation"},{"start_time":"29.87","end_time":"30.02","alternatives":[{"confidence":"0.9205","content":"있는"}],"type":"pronunciation"},{"start_time":"30.02","end_time":"30.34","alternatives":[{"confidence":"0.937","content":"것처럼"}],"type":"pronunciation"},{"start_time":"30.37","end_time":"30.57","alternatives":[{"confidence":"0.7605","content":"한"}],"type":"pronunciation"},{"start_time":"30.57","end_time":"30.73","alternatives":[{"confidence":"0.5627","content":"장"}],"type":"pronunciation"},{"start_time":"30.73","end_time":"31.22","alternatives":[{"confidence":"0.9492","content":"방문하고"}],"type":"pronunciation"},{"start_time":"31.22","end_time":"31.47","alternatives":[{"confidence":"0.9404","content":"관리"}],"type":"pronunciation"},{"start_time":"31.47","end_time":"31.83","alternatives":[{"confidence":"0.9679","content":"사업하는"}],"type":"pronunciation"},{"start_time":"31.83","end_time":"32.0","alternatives":[{"confidence":"0.9755","content":"그런"}],"type":"pronunciation"},{"start_time":"32.0","end_time":"32.09","alternatives":[{"confidence":"0.9649","content":"거"}],"type":"pronunciation"},{"start_time":"32.09","end_time":"32.58","alternatives":[{"confidence":"1.0","content":"아니에요"}],"type":"pronunciation"},{"alternatives":[{"confidence":"0.0","content":"."}],"type":"punctuation"},{"start_time":"33.28","end_time":"33.55","alternatives":[{"confidence":"0.9986","content":"그건"}],"type":"pronunciation"},{"start_time":"33.55","end_time":"33.97","alternatives":[{"confidence":"0.9527","content":"아니고요"}],"type":"pronunciation"},{"alternatives":[{"confidence":"0.0","content":"."}],"type":"punctuation"},{"start_time":"35.45","end_time":"35.7","alternatives":[{"confidence":"0.9305","content":"그것도"}],"type":"pronunciation"},{"start_time":"35.7","end_time":"36.0","alternatives":[{"confidence":"0.1303","content":"그"}],"type":"pronunciation"},{"start_time":"36.21","end_time":"36.94","alternatives":[{"confidence":"0.4965333333333333","content":"통장회사라는"}],"type":"pronunciation"},{"start_time":"36.94","end_time":"37.1","alternatives":[{"confidence":"0.6884","content":"걸"}],"type":"pronunciation"},{"start_time":"37.13","end_time":"37.25","alternatives":[{"confidence":"0.3336","content":"왜"}],"type":"pronunciation"},{"start_time":"37.25","end_time":"37.46","alternatives":[{"confidence":"0.9992","content":"다른"}],"type":"pronunciation"},{"start_time":"37.46","end_time":"37.69","alternatives":[{"confidence":"0.918","content":"사람을"}],"type":"pronunciation"},{"start_time":"37.69","end_time":"38.14","alternatives":[{"confidence":"0.90355","content":"시키나요"}],"type":"pronunciation"},{"start_time":"39.91","end_time":"40.33","alternatives":[{"confidence":"0.86285","content":"그거는"}],"type":"pronunciation"},{"start_time":"40.33","end_time":"40.57","alternatives":[{"confidence":"0.5863","content":"저희"}],"type":"pronunciation"},{"start_time":"41.34","end_time":"41.89","alternatives":[{"confidence":"0.99935","content":"불법적으로"}],"type":"pronunciation"},{"start_time":"41.89","end_time":"42.41","alternatives":[{"confidence":"0.94755","content":"사용하니까"}],"type":"pronunciation"},{"start_time":"44.63","end_time":"45.26","alternatives":[{"confidence":"0.99945","content":"불법적으로"}],"type":"pronunciation"},{"start_time":"45.26","end_time":"45.56","alternatives":[{"confidence":"0.5546","content":"사용한"}],"type":"pronunciation"},{"start_time":"45.56","end_time":"45.97","alternatives":[{"confidence":"0.5487","content":"다고요"}],"type":"pronunciation"},{"start_time":"46.75","end_time":"47.31","alternatives":[{"confidence":"0.60595","content":"서초쪽에"}],"type":"pronunciation"},{"start_time":"47.31","end_time":"47.54","alternatives":[{"confidence":"0.9999","content":"저희가"}],"type":"pronunciation"},{"start_time":"47.54","end_time":"48.12","alternatives":[{"confidence":"0.52345","content":"소박사이트"}],"type":"pronunciation"},{"start_time":"48.12","end_time":"48.35","alternatives":[{"confidence":"0.7063","content":"쪽에"}],"type":"pronunciation"},{"start_time":"48.35","end_time":"48.78","alternatives":[{"confidence":"0.8599","content":"사용하는"}],"type":"pronunciation"},{"start_time":"51.15","end_time":"51.64","alternatives":[{"confidence":"0.3821","content":"적으로"}],"type":"pronunciation"},{"start_time":"51.67","end_time":"51.81","alternatives":[{"confidence":"0.9199","content":"이제"}],"type":"pronunciation"},{"start_time":"51.84","end_time":"52.13","alternatives":[{"confidence":"0.5405","content":"불법"}],"type":"pronunciation"},{"start_time":"52.13","end_time":"52.44","alternatives":[{"confidence":"0.9675","content":"하라고"}],"type":"pronunciation"},{"start_time":"52.44","end_time":"52.6","alternatives":[{"confidence":"0.1841","content":"그거"}],"type":"pronunciation"},{"start_time":"52.6","end_time":"53.11","alternatives":[{"confidence":"0.9806","content":"말씀하시는"}],"type":"pronunciation"},{"start_time":"53.11","end_time":"53.43","alternatives":[{"confidence":"0.8303","content":"거예요"}],"type":"pronunciation"},{"alternatives":[{"confidence":"0.0","content":"."}],"type":"punctuation"},{"start_time":"54.41","end_time":"54.64","alternatives":[{"confidence":"0.9833","content":"그게"}],"type":"pronunciation"},{"start_time":"54.64","end_time":"54.97","alternatives":[{"confidence":"0.9217","content":"가장"}],"type":"pronunciation"},{"start_time":"54.97","end_time":"55.45","alternatives":[{"confidence":"0.9997","content":"하시면"}],"type":"pronunciation"},{"start_time":"55.48","end_time":"55.87","alternatives":[{"confidence":"0.9988","content":"지원을"}],"type":"pronunciation"},{"start_time":"55.87","end_time":"56.2","alternatives":[{"confidence":"0.7609","content":"하시는"}],"type":"pronunciation"},{"start_time":"56.2","end_time":"56.65","alternatives":[{"confidence":"0.95345","content":"거고요"}],"type":"pronunciation"},{"alternatives":[{"confidence":"0.0","content":"."}],"type":"punctuation"},{"start_time":"57.18","end_time":"57.4","alternatives":[{"confidence":"0.9583","content":"그게"}],"type":"pronunciation"},{"start_time":"57.53","end_time":"58.12","alternatives":[{"confidence":"0.77315","content":"어려우신"}],"type":"pronunciation"},{"start_time":"58.12","end_time":"58.2","alternatives":[{"confidence":"0.5788","content":"다"}],"type":"pronunciation"},{"start_time":"58.2","end_time":"58.56","alternatives":[{"confidence":"0.973","content":"그러면"}],"type":"pronunciation"},{"start_time":"58.56","end_time":"58.8","alternatives":[{"confidence":"0.9979","content":"제가"}],"type":"pronunciation"},{"start_time":"58.8","end_time":"58.94","alternatives":[{"confidence":"0.3809","content":"뭐"}],"type":"pronunciation"},{"start_time":"58.97","end_time":"59.4","alternatives":[{"confidence":"0.7744","content":"자세하게"}],"type":"pronunciation"},{"start_time":"59.4","end_time":"59.76","alternatives":[{"confidence":"0.8338","content":"설명을"}],"type":"pronunciation"},{"start_time":"59.76","end_time":"59.98","alternatives":[{"confidence":"0.9607","content":"따로"}],"type":"pronunciation"},{"start_time":"59.98","end_time":"60.11","alternatives":[{"confidence":"0.7024","content":"안"}],"type":"pronunciation"},{"start_time":"60.11","end_time":"60.47","alternatives":[{"confidence":"0.9793","content":"되겠죠"}],"type":"pronunciation"},{"alternatives":[{"confidence":"0.0","content":"."}],"type":"punctuation"},{"start_time":"63.56","end_time":"63.83","alternatives":[{"confidence":"0.9751","content":"저도"}],"type":"pronunciation"},{"start_time":"63.83","end_time":"64.48","alternatives":[{"confidence":"0.96235","content":"불법을"}],"type":"pronunciation"},{"start_time":"64.48","end_time":"65.18","alternatives":[{"confidence":"0.9979","content":"하라고"}],"type":"pronunciation"},{"start_time":"65.18","end_time":"65.72","alternatives":[{"confidence":"0.91455","content":"말씀하시는"}],"type":"pronunciation"},{"start_time":"65.72","end_time":"65.8","alternatives":[{"confidence":"0.541","content":"거"}],"type":"pronunciation"},{"start_time":"65.8","end_time":"66.25","alternatives":[{"confidence":"1.0","content":"아니에요"}],"type":"pronunciation"},{"alternatives":[{"confidence":"0.0","content":"?"}],"type":"punctuation"},{"start_time":"66.54","end_time":"66.81","alternatives":[{"confidence":"0.9998","content":"돈을"}],"type":"pronunciation"},{"start_time":"66.81","end_time":"67.0","alternatives":[{"confidence":"0.9762","content":"버는"}],"type":"pronunciation"},{"start_time":"67.0","end_time":"67.19","alternatives":[{"confidence":"0.4069","content":"것도"}],"type":"pronunciation"},{"start_time":"67.19","end_time":"67.72","alternatives":[{"confidence":"0.1602","content":"중요하죠"}],"type":"pronunciation"},{"alternatives":[{"confidence":"0.0","content":"."}],"type":"punctuation"},{"start_time":"69.06","end_time":"69.39","alternatives":[{"confidence":"0.9726","content":"저희는"}],"type":"pronunciation"},{"start_time":"69.39","end_time":"69.72","alternatives":[{"confidence":"0.4319","content":"불법"}],"type":"pronunciation"},{"start_time":"69.72","end_time":"69.96","alternatives":[{"confidence":"0.7495","content":"일을"}],"type":"pronunciation"},{"start_time":"69.96","end_time":"70.19","alternatives":[{"confidence":"0.7979","content":"하면"}],"type":"pronunciation"},{"start_time":"70.19","end_time":"70.44","alternatives":[{"confidence":"0.5672","content":"해서"}],"type":"pronunciation"},{"start_time":"71.34","end_time":"71.85","alternatives":[{"confidence":"0.0269","content":"불법을"}],"type":"pronunciation"},{"start_time":"71.85","end_time":"72.06","alternatives":[{"confidence":"0.0156","content":"하면"}],"type":"pronunciation"},{"start_time":"72.06","end_time":"72.51","alternatives":[{"confidence":"0.0808","content":"있어요"}],"type":"pronunciation"},{"alternatives":[{"confidence":"0.0","content":"."}],"type":"punctuation"},{"start_time":"73.86","end_time":"75.06","alternatives":[{"confidence":"0.54545","content":"대포통장개설하는"}],"type":"pronunciation"},{"start_time":"75.61","end_time":"75.89","alternatives":[{"confidence":"0.6934","content":"저희가"}],"type":"pronunciation"},{"start_time":"76.14","end_time":"76.89","alternatives":[{"confidence":"0.0441","content":"통장을"}],"type":"pronunciation"},{"start_time":"76.89","end_time":"77.41","alternatives":[{"confidence":"0.4116","content":"했었거든요"}],"type":"pronunciation"},{"alternatives":[{"confidence":"0.0","content":"."}],"type":"punctuation"},{"start_time":"79.17","end_time":"80.03","alternatives":[{"confidence":"1.0","content":"일단은"}],"type":"pronunciation"},{"start_time":"80.09","end_time":"80.32","alternatives":[{"confidence":"0.5532","content":"뭐"}],"type":"pronunciation"},{"start_time":"80.44","end_time":"80.88","alternatives":[{"confidence":"0.9997","content":"지금"}],"type":"pronunciation"},{"start_time":"80.96","end_time":"81.67","alternatives":[{"confidence":"0.9963500000000001","content":"얘기하시는"}],"type":"pronunciation"},{"start_time":"81.67","end_time":"82.08","alternatives":[{"confidence":"0.9873","content":"부분에서"}],"type":"pronunciation"},{"start_time":"82.45","end_time":"82.83","alternatives":[{"confidence":"0.9532","content":"별로"}],"type":"pronunciation"},{"start_time":"83.01","end_time":"83.37","alternatives":[{"confidence":"0.9306","content":"지금"}],"type":"pronunciation"},{"start_time":"84.09","end_time":"84.6","alternatives":[{"confidence":"0.45505","content":"들으시는"}],"type":"pronunciation"},{"start_time":"85.05","end_time":"85.37","alternatives":[{"confidence":"1.0","content":"부분이"}],"type":"pronunciation"},{"start_time":"85.37","end_time":"85.81","alternatives":[{"confidence":"0.9893000000000001","content":"없으신것"}],"type":"pronunciation"},{"start_time":"85.81","end_time":"86.7","alternatives":[{"confidence":"0.9995","content":"같으니까"}],"type":"pronunciation"},{"start_time":"87.32","end_time":"87.72","alternatives":[{"confidence":"0.1845","content":"생각해요"}],"type":"pronunciation"},{"start_time":"88.98","end_time":"89.63","alternatives":[{"confidence":"0.8772","content":"많았어요"}],"type":"pronunciation"},{"alternatives":[{"confidence":"0.0","content":"."}],"type":"punctuation"}]},"status":"COMPLETED"}