{"jobName":"transcribe_loan75","accountId":"097989105209","results":{"transcripts":[{"transcript":"이 달라고 그러니까 이 동생이 마지막으로 엄마 목소리 한번 듣고 싶다 해가지고 전화했다 하는게 잘못됐네요 시발로 막 그래서 저희한테 제가 어떻게 됩니까? 그러니까 저희 엄마랑 어떻게 됩니까? 엄마랑 동생살리고 싶으면 아저씨가 원하는 걸 해주든가 아니네요 원하는 게 돈이야 돈 오백 된다 이지만 지만 일단 건들지만 칼되지만 몸에 칼되지만 돈 그래서 어떻게 할까요? 어떻게 하셨는데요? 일단 바꿔봐라 쓰러졌어 잘 됐네 그러면 아저씨가 칼 들고 지금부터 손가락 하나하나 달릴 테니까 눈깔파버리고 동영상찍어가지고 너한테 넣어 줄게 내가 한번 똑똑히 쳐다봐 봐, 죽이는지 내가 해줄 수 있나? 쪽으로 전화했더니 엄마 아빠가 받고 형도 받더라고 그쪽에서는 나한테 돈 오백 을 바로 모바일 뱅킹으로 바로 우리들한테 넣어주더라고 그래서 태워가지고 보내주기로 했는데 내가 걸 보더니 우리 엄마 아빠 형도 그렇게 해줄 수 있다는 거야 그래서 지 않았다 이동식 때리지 않고 일단은 해줄 수 있죠 계좌문화불러줄까 잠시만요 엄마 보고 메모하라? 그래 들어주세요 은행 기업은행 대가리라고 대 새끼야 씨발움직임을 죽는다 있죠 어떤 식으로 보낼 건데? 해주는데 모바일 인터넷 뱅킹으로 보낼 거냐고 새끼야 네요 가서 보내야 되요 네가 보내는 거야? 엄마가 보내는 거야 누가 보내제가 보네요 네가 보낼 수 있나? 너 나한테 보내줄 돈이 있나? 약속하는 것이다 네 제가 으로 가지고 은행가가지고 현금인출기로 나한테 계좌해야 된다고 했잖아 시간이 얼마 걸리는데 저희 집 근처있으니까 그래서 한 번 정도 엄마, 지금 뭐라고? 뭐 하고 있는데 계신데요? 울고 계시면은 옆에 가만히 앉아있더라. 그래 지금 만에 하나 너 이런 뭔데? 아저씨가 아저씨한테 네 남자들이 남자로서 약속 하나 좀 하나만 지켜줄 수 있나목소리 한번 늘려주는데 아저씨한테 먼저 약속을 하라고 라도 안 걸리겠지만 다는 얘기누구한테도 하지 않고 내가 남자들남자로서 차분하게 나한테 아저씨한테 처리를 해달라는 거예요. 나도 한테 약속지키고 내 동생 여보세요, 미얀마 바꿔보라고 싫어요? 와 근데 목소리가 말투가"}],"items":[{"start_time":"0.29","end_time":"0.37","alternatives":[{"confidence":"0.6032","content":"이"}],"type":"pronunciation"},{"start_time":"0.37","end_time":"0.8","alternatives":[{"confidence":"0.5022","content":"달라고"}],"type":"pronunciation"},{"start_time":"0.8","end_time":"1.59","alternatives":[{"confidence":"0.942","content":"그러니까"}],"type":"pronunciation"},{"start_time":"2.35","end_time":"2.44","alternatives":[{"confidence":"0.6268","content":"이"}],"type":"pronunciation"},{"start_time":"2.44","end_time":"2.8","alternatives":[{"confidence":"0.9972","content":"동생이"}],"type":"pronunciation"},{"start_time":"2.8","end_time":"3.32","alternatives":[{"confidence":"1.0","content":"마지막으로"}],"type":"pronunciation"},{"start_time":"3.32","end_time":"3.53","alternatives":[{"confidence":"0.9257","content":"엄마"}],"type":"pronunciation"},{"start_time":"3.53","end_time":"3.85","alternatives":[{"confidence":"0.9808","content":"목소리"}],"type":"pronunciation"},{"start_time":"3.85","end_time":"4.1","alternatives":[{"confidence":"0.993","content":"한번"}],"type":"pronunciation"},{"start_time":"4.1","end_time":"4.32","alternatives":[{"confidence":"0.9992","content":"듣고"}],"type":"pronunciation"},{"start_time":"4.32","end_time":"4.52","alternatives":[{"confidence":"0.8562","content":"싶다"}],"type":"pronunciation"},{"start_time":"4.52","end_time":"4.82","alternatives":[{"confidence":"0.91355","content":"해가지고"}],"type":"pronunciation"},{"start_time":"4.82","end_time":"5.36","alternatives":[{"confidence":"0.7558","content":"전화했다"}],"type":"pronunciation"},{"start_time":"5.36","end_time":"5.68","alternatives":[{"confidence":"0.2423","content":"하는게"}],"type":"pronunciation"},{"start_time":"5.68","end_time":"6.24","alternatives":[{"confidence":"0.3179","content":"잘못됐네요"}],"type":"pronunciation"},{"start_time":"6.27","end_time":"6.76","alternatives":[{"confidence":"0.5777999999999999","content":"시발로"}],"type":"pronunciation"},{"start_time":"6.76","end_time":"7.02","alternatives":[{"confidence":"0.4721","content":"막"}],"type":"pronunciation"},{"start_time":"8.32","end_time":"8.64","alternatives":[{"confidence":"0.9479","content":"그래서"}],"type":"pronunciation"},{"start_time":"8.64","end_time":"9.02","alternatives":[{"confidence":"0.6666000000000001","content":"저희한테"}],"type":"pronunciation"},{"start_time":"9.05","end_time":"9.23","alternatives":[{"confidence":"0.9968","content":"제가"}],"type":"pronunciation"},{"start_time":"9.23","end_time":"9.43","alternatives":[{"confidence":"0.9994","content":"어떻게"}],"type":"pronunciation"},{"start_time":"9.49","end_time":"9.78","alternatives":[{"confidence":"0.9656","content":"됩니까"}],"type":"pronunciation"},{"alternatives":[{"confidence":"0.0","content":"?"}],"type":"punctuation"},{"start_time":"11.96","end_time":"12.29","alternatives":[{"confidence":"0.7625","content":"그러니까"}],"type":"pronunciation"},{"start_time":"12.29","end_time":"12.48","alternatives":[{"confidence":"0.9417","content":"저희"}],"type":"pronunciation"},{"start_time":"12.48","end_time":"12.77","alternatives":[{"confidence":"0.9268","content":"엄마랑"}],"type":"pronunciation"},{"start_time":"12.92","end_time":"13.19","alternatives":[{"confidence":"0.9916","content":"어떻게"}],"type":"pronunciation"},{"start_time":"13.22","end_time":"13.51","alternatives":[{"confidence":"0.995","content":"됩니까"}],"type":"pronunciation"},{"alternatives":[{"confidence":"0.0","content":"?"}],"type":"punctuation"},{"start_time":"15.24","end_time":"15.98","alternatives":[{"confidence":"0.9981","content":"엄마랑"}],"type":"pronunciation"},{"start_time":"16.97","end_time":"17.62","alternatives":[{"confidence":"0.7714000000000001","content":"동생살리고"}],"type":"pronunciation"},{"start_time":"17.62","end_time":"18.44","alternatives":[{"confidence":"1.0","content":"싶으면"}],"type":"pronunciation"},{"start_time":"18.5","end_time":"19.33","alternatives":[{"confidence":"1.0","content":"아저씨가"}],"type":"pronunciation"},{"start_time":"19.36","end_time":"19.83","alternatives":[{"confidence":"0.9753","content":"원하는"}],"type":"pronunciation"},{"start_time":"19.83","end_time":"19.97","alternatives":[{"confidence":"0.9211","content":"걸"}],"type":"pronunciation"},{"start_time":"19.97","end_time":"20.51","alternatives":[{"confidence":"0.63285","content":"해주든가"}],"type":"pronunciation"},{"start_time":"20.51","end_time":"21.54","alternatives":[{"confidence":"0.23665","content":"아니네요"}],"type":"pronunciation"},{"start_time":"23.2","end_time":"23.64","alternatives":[{"confidence":"0.9804","content":"원하는"}],"type":"pronunciation"},{"start_time":"23.64","end_time":"23.74","alternatives":[{"confidence":"0.9609","content":"게"}],"type":"pronunciation"},{"start_time":"23.74","end_time":"24.37","alternatives":[{"confidence":"0.9913000000000001","content":"돈이야"}],"type":"pronunciation"},{"start_time":"25.85","end_time":"26.11","alternatives":[{"confidence":"0.9422","content":"돈"}],"type":"pronunciation"},{"start_time":"26.11","end_time":"26.41","alternatives":[{"confidence":"0.3416","content":"오백"}],"type":"pronunciation"},{"start_time":"26.68","end_time":"27.07","alternatives":[{"confidence":"0.8744","content":"된다"}],"type":"pronunciation"},{"start_time":"28.44","end_time":"28.77","alternatives":[{"confidence":"0.1206","content":"이지만"}],"type":"pronunciation"},{"start_time":"29.73","end_time":"29.98","alternatives":[{"confidence":"0.7398","content":"지만"}],"type":"pronunciation"},{"start_time":"29.98","end_time":"30.28","alternatives":[{"confidence":"1.0","content":"일단"}],"type":"pronunciation"},{"start_time":"30.28","end_time":"30.8","alternatives":[{"confidence":"0.5468999999999999","content":"건들지만"}],"type":"pronunciation"},{"start_time":"30.86","end_time":"31.4","alternatives":[{"confidence":"0.625","content":"칼되지만"}],"type":"pronunciation"},{"start_time":"31.4","end_time":"31.61","alternatives":[{"confidence":"0.2493","content":"몸에"}],"type":"pronunciation"},{"start_time":"31.61","end_time":"32.1","alternatives":[{"confidence":"0.21289999999999998","content":"칼되지만"}],"type":"pronunciation"},{"start_time":"32.8","end_time":"33.02","alternatives":[{"confidence":"0.2815","content":"돈"}],"type":"pronunciation"},{"start_time":"33.02","end_time":"33.3","alternatives":[{"confidence":"0.984","content":"그래서"}],"type":"pronunciation"},{"start_time":"33.81","end_time":"34.05","alternatives":[{"confidence":"0.9986","content":"어떻게"}],"type":"pronunciation"},{"start_time":"34.05","end_time":"34.33","alternatives":[{"confidence":"0.9834","content":"할까요"}],"type":"pronunciation"},{"alternatives":[{"confidence":"0.0","content":"?"}],"type":"punctuation"},{"start_time":"34.7","end_time":"34.95","alternatives":[{"confidence":"0.6164","content":"어떻게"}],"type":"pronunciation"},{"start_time":"34.95","end_time":"35.44","alternatives":[{"confidence":"0.07295","content":"하셨는데요"}],"type":"pronunciation"},{"alternatives":[{"confidence":"0.0","content":"?"}],"type":"punctuation"},{"start_time":"36.64","end_time":"36.88","alternatives":[{"confidence":"1.0","content":"일단"}],"type":"pronunciation"},{"start_time":"36.88","end_time":"37.5","alternatives":[{"confidence":"0.997","content":"바꿔봐라"}],"type":"pronunciation"},{"start_time":"39.46","end_time":"40.17","alternatives":[{"confidence":"0.21744999999999998","content":"쓰러졌어"}],"type":"pronunciation"},{"start_time":"41.09","end_time":"41.29","alternatives":[{"confidence":"0.9432","content":"잘"}],"type":"pronunciation"},{"start_time":"41.29","end_time":"41.68","alternatives":[{"confidence":"0.9439","content":"됐네"}],"type":"pronunciation"},{"start_time":"42.04","end_time":"42.64","alternatives":[{"confidence":"0.9993","content":"그러면"}],"type":"pronunciation"},{"start_time":"42.64","end_time":"43.08","alternatives":[{"confidence":"1.0","content":"아저씨가"}],"type":"pronunciation"},{"start_time":"43.08","end_time":"43.28","alternatives":[{"confidence":"0.929","content":"칼"}],"type":"pronunciation"},{"start_time":"43.28","end_time":"43.58","alternatives":[{"confidence":"0.9928","content":"들고"}],"type":"pronunciation"},{"start_time":"43.58","end_time":"44.34","alternatives":[{"confidence":"0.9769","content":"지금부터"}],"type":"pronunciation"},{"start_time":"44.92","end_time":"45.33","alternatives":[{"confidence":"0.958","content":"손가락"}],"type":"pronunciation"},{"start_time":"45.33","end_time":"45.71","alternatives":[{"confidence":"0.5142","content":"하나하나"}],"type":"pronunciation"},{"start_time":"45.71","end_time":"46.0","alternatives":[{"confidence":"0.998","content":"달릴"}],"type":"pronunciation"},{"start_time":"46.0","end_time":"46.84","alternatives":[{"confidence":"1.0","content":"테니까"}],"type":"pronunciation"},{"start_time":"47.44","end_time":"49.06","alternatives":[{"confidence":"0.9205333333333333","content":"눈깔파버리고"}],"type":"pronunciation"},{"start_time":"49.51","end_time":"51.11","alternatives":[{"confidence":"0.6259333333333333","content":"동영상찍어가지고"}],"type":"pronunciation"},{"start_time":"51.52","end_time":"51.92","alternatives":[{"confidence":"0.9347","content":"너한테"}],"type":"pronunciation"},{"start_time":"51.92","end_time":"52.15","alternatives":[{"confidence":"0.4933","content":"넣어"}],"type":"pronunciation"},{"start_time":"52.15","end_time":"52.47","alternatives":[{"confidence":"0.9671","content":"줄게"}],"type":"pronunciation"},{"start_time":"52.47","end_time":"52.69","alternatives":[{"confidence":"0.4779","content":"내가"}],"type":"pronunciation"},{"start_time":"52.69","end_time":"52.91","alternatives":[{"confidence":"0.937","content":"한번"}],"type":"pronunciation"},{"start_time":"52.91","end_time":"53.25","alternatives":[{"confidence":"0.9831","content":"똑똑히"}],"type":"pronunciation"},{"start_time":"53.25","end_time":"53.59","alternatives":[{"confidence":"0.03715","content":"쳐다봐"}],"type":"pronunciation"},{"start_time":"53.59","end_time":"53.88","alternatives":[{"confidence":"0.0313","content":"봐"}],"type":"pronunciation"},{"alternatives":[{"confidence":"0.0","content":","}],"type":"punctuation"},{"start_time":"54.75","end_time":"55.4","alternatives":[{"confidence":"0.9133","content":"죽이는지"}],"type":"pronunciation"},{"start_time":"58.1","end_time":"58.37","alternatives":[{"confidence":"0.4776","content":"내가"}],"type":"pronunciation"},{"start_time":"58.37","end_time":"58.62","alternatives":[{"confidence":"0.9457","content":"해줄"}],"type":"pronunciation"},{"start_time":"58.62","end_time":"58.73","alternatives":[{"confidence":"1.0","content":"수"}],"type":"pronunciation"},{"start_time":"58.73","end_time":"59.15","alternatives":[{"confidence":"0.5873","content":"있나"}],"type":"pronunciation"},{"alternatives":[{"confidence":"0.0","content":"?"}],"type":"punctuation"},{"start_time":"61.27","end_time":"61.58","alternatives":[{"confidence":"0.8949","content":"쪽으로"}],"type":"pronunciation"},{"start_time":"61.58","end_time":"62.4","alternatives":[{"confidence":"0.9883500000000001","content":"전화했더니"}],"type":"pronunciation"},{"start_time":"62.67","end_time":"62.96","alternatives":[{"confidence":"0.8657","content":"엄마"}],"type":"pronunciation"},{"start_time":"62.96","end_time":"63.28","alternatives":[{"confidence":"1.0","content":"아빠가"}],"type":"pronunciation"},{"start_time":"63.28","end_time":"63.61","alternatives":[{"confidence":"0.902","content":"받고"}],"type":"pronunciation"},{"start_time":"63.83","end_time":"64.14","alternatives":[{"confidence":"0.81765","content":"형도"}],"type":"pronunciation"},{"start_time":"64.14","end_time":"65.02","alternatives":[{"confidence":"0.97385","content":"받더라고"}],"type":"pronunciation"},{"start_time":"66.4","end_time":"67.28","alternatives":[{"confidence":"0.9539500000000001","content":"그쪽에서는"}],"type":"pronunciation"},{"start_time":"67.47","end_time":"67.8","alternatives":[{"confidence":"0.7529","content":"나한테"}],"type":"pronunciation"},{"start_time":"67.8","end_time":"68.02","alternatives":[{"confidence":"0.9867","content":"돈"}],"type":"pronunciation"},{"start_time":"68.02","end_time":"68.32","alternatives":[{"confidence":"0.5185","content":"오백"}],"type":"pronunciation"},{"start_time":"68.32","end_time":"68.4","alternatives":[{"confidence":"0.8522","content":"을"}],"type":"pronunciation"},{"start_time":"68.4","end_time":"68.75","alternatives":[{"confidence":"0.9319","content":"바로"}],"type":"pronunciation"},{"start_time":"68.75","end_time":"69.22","alternatives":[{"confidence":"0.8112","content":"모바일"}],"type":"pronunciation"},{"start_time":"69.22","end_time":"69.71","alternatives":[{"confidence":"0.9836","content":"뱅킹으로"}],"type":"pronunciation"},{"start_time":"69.71","end_time":"69.97","alternatives":[{"confidence":"0.9825","content":"바로"}],"type":"pronunciation"},{"start_time":"69.97","end_time":"70.59","alternatives":[{"confidence":"0.59555","content":"우리들한테"}],"type":"pronunciation"},{"start_time":"70.59","end_time":"71.26","alternatives":[{"confidence":"0.95765","content":"넣어주더라고"}],"type":"pronunciation"},{"start_time":"71.26","end_time":"71.58","alternatives":[{"confidence":"0.9538","content":"그래서"}],"type":"pronunciation"},{"start_time":"72.49","end_time":"72.98","alternatives":[{"confidence":"0.52715","content":"태워가지고"}],"type":"pronunciation"},{"start_time":"72.98","end_time":"73.43","alternatives":[{"confidence":"0.99475","content":"보내주기로"}],"type":"pronunciation"},{"start_time":"73.43","end_time":"74.37","alternatives":[{"confidence":"1.0","content":"했는데"}],"type":"pronunciation"},{"start_time":"75.25","end_time":"75.5","alternatives":[{"confidence":"0.097","content":"내가"}],"type":"pronunciation"},{"start_time":"75.5","end_time":"75.7","alternatives":[{"confidence":"0.2318","content":"걸"}],"type":"pronunciation"},{"start_time":"75.7","end_time":"76.5","alternatives":[{"confidence":"0.9793","content":"보더니"}],"type":"pronunciation"},{"start_time":"77.09","end_time":"77.36","alternatives":[{"confidence":"0.9633","content":"우리"}],"type":"pronunciation"},{"start_time":"77.36","end_time":"77.69","alternatives":[{"confidence":"0.9886","content":"엄마"}],"type":"pronunciation"},{"start_time":"77.69","end_time":"78.19","alternatives":[{"confidence":"0.9246","content":"아빠"}],"type":"pronunciation"},{"start_time":"78.19","end_time":"78.5","alternatives":[{"confidence":"0.9871","content":"형도"}],"type":"pronunciation"},{"start_time":"78.5","end_time":"78.79","alternatives":[{"confidence":"0.9971","content":"그렇게"}],"type":"pronunciation"},{"start_time":"78.79","end_time":"79.0","alternatives":[{"confidence":"0.8642","content":"해줄"}],"type":"pronunciation"},{"start_time":"79.0","end_time":"79.11","alternatives":[{"confidence":"0.9987","content":"수"}],"type":"pronunciation"},{"start_time":"79.11","end_time":"79.44","alternatives":[{"confidence":"0.9646","content":"있다는"}],"type":"pronunciation"},{"start_time":"79.44","end_time":"79.79","alternatives":[{"confidence":"0.9836","content":"거야"}],"type":"pronunciation"},{"start_time":"79.93","end_time":"80.3","alternatives":[{"confidence":"0.9873","content":"그래서"}],"type":"pronunciation"},{"start_time":"81.22","end_time":"81.32","alternatives":[{"confidence":"0.866","content":"지"}],"type":"pronunciation"},{"start_time":"81.32","end_time":"81.79","alternatives":[{"confidence":"0.8789","content":"않았다"}],"type":"pronunciation"},{"start_time":"81.91","end_time":"82.24","alternatives":[{"confidence":"0.3442","content":"이동식"}],"type":"pronunciation"},{"start_time":"82.24","end_time":"82.55","alternatives":[{"confidence":"0.45875","content":"때리지"}],"type":"pronunciation"},{"start_time":"82.55","end_time":"82.88","alternatives":[{"confidence":"0.9974","content":"않고"}],"type":"pronunciation"},{"start_time":"82.88","end_time":"83.29","alternatives":[{"confidence":"0.991","content":"일단은"}],"type":"pronunciation"},{"start_time":"84.9","end_time":"85.17","alternatives":[{"confidence":"0.9041","content":"해줄"}],"type":"pronunciation"},{"start_time":"85.17","end_time":"85.28","alternatives":[{"confidence":"1.0","content":"수"}],"type":"pronunciation"},{"start_time":"85.28","end_time":"85.7","alternatives":[{"confidence":"0.5251","content":"있죠"}],"type":"pronunciation"},{"start_time":"88.4","end_time":"89.58","alternatives":[{"confidence":"0.7423500000000001","content":"계좌문화불러줄까"}],"type":"pronunciation"},{"start_time":"90.48","end_time":"90.87","alternatives":[{"confidence":"0.0813","content":"잠시만요"}],"type":"pronunciation"},{"start_time":"93.48","end_time":"93.85","alternatives":[{"confidence":"0.8507","content":"엄마"}],"type":"pronunciation"},{"start_time":"93.85","end_time":"94.12","alternatives":[{"confidence":"0.5651","content":"보고"}],"type":"pronunciation"},{"start_time":"94.12","end_time":"94.62","alternatives":[{"confidence":"0.47750000000000004","content":"메모하라"}],"type":"pronunciation"},{"alternatives":[{"confidence":"0.0","content":"?"}],"type":"punctuation"},{"start_time":"94.62","end_time":"95.3","alternatives":[{"confidence":"0.431","content":"그래"}],"type":"pronunciation"},{"start_time":"96.01","end_time":"96.47","alternatives":[{"confidence":"0.5237499999999999","content":"들어주세요"}],"type":"pronunciation"},{"start_time":"97.91","end_time":"98.27","alternatives":[{"confidence":"0.4031","content":"은행"}],"type":"pronunciation"},{"start_time":"100.32","end_time":"100.75","alternatives":[{"confidence":"0.8697","content":"기업은행"}],"type":"pronunciation"},{"start_time":"102.55","end_time":"103.54","alternatives":[{"confidence":"0.68195","content":"대가리라고"}],"type":"pronunciation"},{"start_time":"103.6","end_time":"103.8","alternatives":[{"confidence":"0.2126","content":"대"}],"type":"pronunciation"},{"start_time":"103.8","end_time":"104.18","alternatives":[{"confidence":"0.9972","content":"새끼야"}],"type":"pronunciation"},{"start_time":"104.27","end_time":"105.53","alternatives":[{"confidence":"0.72445","content":"씨발움직임을"}],"type":"pronunciation"},{"start_time":"105.54","end_time":"105.92","alternatives":[{"confidence":"0.5436","content":"죽는다"}],"type":"pronunciation"},{"start_time":"105.92","end_time":"106.15","alternatives":[{"confidence":"0.0413","content":"있죠"}],"type":"pronunciation"},{"start_time":"111.57","end_time":"112.09","alternatives":[{"confidence":"0.8722","content":"어떤"}],"type":"pronunciation"},{"start_time":"112.09","end_time":"112.34","alternatives":[{"confidence":"1.0","content":"식으로"}],"type":"pronunciation"},{"start_time":"112.34","end_time":"112.56","alternatives":[{"confidence":"0.961","content":"보낼"}],"type":"pronunciation"},{"start_time":"112.56","end_time":"112.97","alternatives":[{"confidence":"0.7448","content":"건데"}],"type":"pronunciation"},{"alternatives":[{"confidence":"0.0","content":"?"}],"type":"punctuation"},{"start_time":"116.03","end_time":"116.42","alternatives":[{"confidence":"0.00885","content":"해주는데"}],"type":"pronunciation"},{"start_time":"116.42","end_time":"116.79","alternatives":[{"confidence":"0.0047","content":"모바일"}],"type":"pronunciation"},{"start_time":"117.62","end_time":"117.96","alternatives":[{"confidence":"0.4869","content":"인터넷"}],"type":"pronunciation"},{"start_time":"117.96","end_time":"118.4","alternatives":[{"confidence":"0.8118000000000001","content":"뱅킹으로"}],"type":"pronunciation"},{"start_time":"118.4","end_time":"118.65","alternatives":[{"confidence":"0.9868","content":"보낼"}],"type":"pronunciation"},{"start_time":"118.65","end_time":"119.2","alternatives":[{"confidence":"0.6849","content":"거냐고"}],"type":"pronunciation"},{"start_time":"119.2","end_time":"120.03","alternatives":[{"confidence":"0.9674","content":"새끼야"}],"type":"pronunciation"},{"start_time":"121.29","end_time":"121.5","alternatives":[{"confidence":"0.0341","content":"네요"}],"type":"pronunciation"},{"start_time":"123.6","end_time":"123.75","alternatives":[{"confidence":"0.9159","content":"가서"}],"type":"pronunciation"},{"start_time":"123.75","end_time":"123.97","alternatives":[{"confidence":"0.8303","content":"보내야"}],"type":"pronunciation"},{"start_time":"123.97","end_time":"124.19","alternatives":[{"confidence":"0.5091","content":"되요"}],"type":"pronunciation"},{"start_time":"125.26","end_time":"125.63","alternatives":[{"confidence":"0.6133","content":"네가"}],"type":"pronunciation"},{"start_time":"125.63","end_time":"126.02","alternatives":[{"confidence":"0.5081","content":"보내는"}],"type":"pronunciation"},{"start_time":"126.02","end_time":"126.29","alternatives":[{"confidence":"0.4819","content":"거야"}],"type":"pronunciation"},{"alternatives":[{"confidence":"0.0","content":"?"}],"type":"punctuation"},{"start_time":"126.44","end_time":"126.78","alternatives":[{"confidence":"0.9997","content":"엄마가"}],"type":"pronunciation"},{"start_time":"126.78","end_time":"127.14","alternatives":[{"confidence":"0.5955","content":"보내는"}],"type":"pronunciation"},{"start_time":"127.14","end_time":"127.3","alternatives":[{"confidence":"0.2933","content":"거야"}],"type":"pronunciation"},{"start_time":"127.3","end_time":"127.58","alternatives":[{"confidence":"0.7877","content":"누가"}],"type":"pronunciation"},{"start_time":"127.58","end_time":"128.03","alternatives":[{"confidence":"0.37405","content":"보내제가"}],"type":"pronunciation"},{"start_time":"128.03","end_time":"128.35","alternatives":[{"confidence":"0.4681","content":"보네요"}],"type":"pronunciation"},{"start_time":"129.5","end_time":"129.77","alternatives":[{"confidence":"0.5666","content":"네가"}],"type":"pronunciation"},{"start_time":"129.77","end_time":"130.09","alternatives":[{"confidence":"0.9473","content":"보낼"}],"type":"pronunciation"},{"start_time":"130.09","end_time":"130.25","alternatives":[{"confidence":"0.9171","content":"수"}],"type":"pronunciation"},{"start_time":"130.28","end_time":"130.68","alternatives":[{"confidence":"0.6116","content":"있나"}],"type":"pronunciation"},{"alternatives":[{"confidence":"0.0","content":"?"}],"type":"punctuation"},{"start_time":"131.83","end_time":"132.06","alternatives":[{"confidence":"0.8964","content":"너"}],"type":"pronunciation"},{"start_time":"132.06","end_time":"132.42","alternatives":[{"confidence":"0.995","content":"나한테"}],"type":"pronunciation"},{"start_time":"132.42","end_time":"132.79","alternatives":[{"confidence":"0.81335","content":"보내줄"}],"type":"pronunciation"},{"start_time":"132.79","end_time":"133.06","alternatives":[{"confidence":"1.0","content":"돈이"}],"type":"pronunciation"},{"start_time":"133.06","end_time":"133.5","alternatives":[{"confidence":"0.8867","content":"있나"}],"type":"pronunciation"},{"alternatives":[{"confidence":"0.0","content":"?"}],"type":"punctuation"},{"start_time":"135.62","end_time":"136.22","alternatives":[{"confidence":"0.9852000000000001","content":"약속하는"}],"type":"pronunciation"},{"start_time":"136.22","end_time":"136.57","alternatives":[{"confidence":"0.2664","content":"것이다"}],"type":"pronunciation"},{"start_time":"140.44","end_time":"140.99","alternatives":[{"confidence":"0.5614","content":"네"}],"type":"pronunciation"},{"start_time":"141.08","end_time":"141.69","alternatives":[{"confidence":"0.0866","content":"제가"}],"type":"pronunciation"},{"start_time":"142.47","end_time":"142.62","alternatives":[{"confidence":"0.8487","content":"으로"}],"type":"pronunciation"},{"start_time":"142.62","end_time":"142.88","alternatives":[{"confidence":"0.9754","content":"가지고"}],"type":"pronunciation"},{"start_time":"142.88","end_time":"143.75","alternatives":[{"confidence":"0.7682333333333333","content":"은행가가지고"}],"type":"pronunciation"},{"start_time":"143.81","end_time":"144.66","alternatives":[{"confidence":"0.8852333333333333","content":"현금인출기로"}],"type":"pronunciation"},{"start_time":"144.66","end_time":"144.95","alternatives":[{"confidence":"0.9596","content":"나한테"}],"type":"pronunciation"},{"start_time":"144.95","end_time":"145.47","alternatives":[{"confidence":"0.72505","content":"계좌해야"}],"type":"pronunciation"},{"start_time":"145.47","end_time":"145.79","alternatives":[{"confidence":"0.9723","content":"된다고"}],"type":"pronunciation"},{"start_time":"145.79","end_time":"146.29","alternatives":[{"confidence":"0.9998","content":"했잖아"}],"type":"pronunciation"},{"start_time":"147.52","end_time":"147.91","alternatives":[{"confidence":"0.8573","content":"시간이"}],"type":"pronunciation"},{"start_time":"147.91","end_time":"148.16","alternatives":[{"confidence":"0.9531","content":"얼마"}],"type":"pronunciation"},{"start_time":"148.16","end_time":"148.75","alternatives":[{"confidence":"0.9317","content":"걸리는데"}],"type":"pronunciation"},{"start_time":"149.43","end_time":"149.6","alternatives":[{"confidence":"0.883","content":"저희"}],"type":"pronunciation"},{"start_time":"149.6","end_time":"149.76","alternatives":[{"confidence":"0.8697","content":"집"}],"type":"pronunciation"},{"start_time":"149.76","end_time":"150.64","alternatives":[{"confidence":"0.5204","content":"근처있으니까"}],"type":"pronunciation"},{"start_time":"150.7","end_time":"150.98","alternatives":[{"confidence":"0.747","content":"그래서"}],"type":"pronunciation"},{"start_time":"150.98","end_time":"151.2","alternatives":[{"confidence":"0.3114","content":"한"}],"type":"pronunciation"},{"start_time":"151.85","end_time":"151.95","alternatives":[{"confidence":"0.0066","content":"번"}],"type":"pronunciation"},{"start_time":"151.95","end_time":"152.12","alternatives":[{"confidence":"0.0094","content":"정도"}],"type":"pronunciation"},{"start_time":"152.18","end_time":"152.42","alternatives":[{"confidence":"0.5347","content":"엄마"}],"type":"pronunciation"},{"alternatives":[{"confidence":"0.0","content":","}],"type":"punctuation"},{"start_time":"152.42","end_time":"152.63","alternatives":[{"confidence":"0.9866","content":"지금"}],"type":"pronunciation"},{"start_time":"152.63","end_time":"153.05","alternatives":[{"confidence":"0.9192","content":"뭐라고"}],"type":"pronunciation"},{"alternatives":[{"confidence":"0.0","content":"?"}],"type":"punctuation"},{"start_time":"153.11","end_time":"153.34","alternatives":[{"confidence":"0.9251","content":"뭐"}],"type":"pronunciation"},{"start_time":"153.34","end_time":"153.55","alternatives":[{"confidence":"0.9424","content":"하고"}],"type":"pronunciation"},{"start_time":"153.55","end_time":"153.96","alternatives":[{"confidence":"0.822","content":"있는데"}],"type":"pronunciation"},{"start_time":"154.74","end_time":"155.16","alternatives":[{"confidence":"0.37334999999999996","content":"계신데요"}],"type":"pronunciation"},{"alternatives":[{"confidence":"0.0","content":"?"}],"type":"punctuation"},{"start_time":"156.49","end_time":"156.85","alternatives":[{"confidence":"1.0","content":"울고"}],"type":"pronunciation"},{"start_time":"156.85","end_time":"157.49","alternatives":[{"confidence":"0.7515499999999999","content":"계시면은"}],"type":"pronunciation"},{"start_time":"157.49","end_time":"157.7","alternatives":[{"confidence":"0.9768","content":"옆에"}],"type":"pronunciation"},{"start_time":"157.7","end_time":"158.09","alternatives":[{"confidence":"1.0","content":"가만히"}],"type":"pronunciation"},{"start_time":"158.09","end_time":"158.55","alternatives":[{"confidence":"0.6779000000000001","content":"앉아있더라"}],"type":"pronunciation"},{"alternatives":[{"confidence":"0.0","content":"."}],"type":"punctuation"},{"start_time":"158.55","end_time":"159.12","alternatives":[{"confidence":"0.1095","content":"그래"}],"type":"pronunciation"},{"start_time":"159.82","end_time":"160.04","alternatives":[{"confidence":"0.15","content":"지금"}],"type":"pronunciation"},{"start_time":"160.99","end_time":"161.38","alternatives":[{"confidence":"0.9248","content":"만에"}],"type":"pronunciation"},{"start_time":"161.38","end_time":"161.96","alternatives":[{"confidence":"0.9848","content":"하나"}],"type":"pronunciation"},{"start_time":"163.24","end_time":"163.46","alternatives":[{"confidence":"0.5994","content":"너"}],"type":"pronunciation"},{"start_time":"163.46","end_time":"163.62","alternatives":[{"confidence":"0.9346","content":"이런"}],"type":"pronunciation"},{"start_time":"163.62","end_time":"164.0","alternatives":[{"confidence":"0.9216","content":"뭔데"}],"type":"pronunciation"},{"alternatives":[{"confidence":"0.0","content":"?"}],"type":"punctuation"},{"start_time":"167.21","end_time":"167.84","alternatives":[{"confidence":"1.0","content":"아저씨가"}],"type":"pronunciation"},{"start_time":"167.84","end_time":"168.39","alternatives":[{"confidence":"0.9904999999999999","content":"아저씨한테"}],"type":"pronunciation"},{"start_time":"168.39","end_time":"168.53","alternatives":[{"confidence":"0.3459","content":"네"}],"type":"pronunciation"},{"start_time":"168.53","end_time":"168.97","alternatives":[{"confidence":"0.5591","content":"남자들이"}],"type":"pronunciation"},{"start_time":"168.97","end_time":"169.45","alternatives":[{"confidence":"0.9837","content":"남자로서"}],"type":"pronunciation"},{"start_time":"169.45","end_time":"169.75","alternatives":[{"confidence":"0.8135","content":"약속"}],"type":"pronunciation"},{"start_time":"169.75","end_time":"169.96","alternatives":[{"confidence":"0.9717","content":"하나"}],"type":"pronunciation"},{"start_time":"169.96","end_time":"170.1","alternatives":[{"confidence":"0.6999","content":"좀"}],"type":"pronunciation"},{"start_time":"170.1","end_time":"170.45","alternatives":[{"confidence":"0.9094","content":"하나만"}],"type":"pronunciation"},{"start_time":"170.45","end_time":"170.82","alternatives":[{"confidence":"0.9650000000000001","content":"지켜줄"}],"type":"pronunciation"},{"start_time":"170.82","end_time":"170.97","alternatives":[{"confidence":"1.0","content":"수"}],"type":"pronunciation"},{"start_time":"170.97","end_time":"174.16","alternatives":[{"confidence":"0.7439","content":"있나목소리"}],"type":"pronunciation"},{"start_time":"174.16","end_time":"174.43","alternatives":[{"confidence":"0.9665","content":"한번"}],"type":"pronunciation"},{"start_time":"174.43","end_time":"175.72","alternatives":[{"confidence":"0.8667","content":"늘려주는데"}],"type":"pronunciation"},{"start_time":"176.55","end_time":"177.02","alternatives":[{"confidence":"0.9907","content":"아저씨한테"}],"type":"pronunciation"},{"start_time":"177.02","end_time":"177.28","alternatives":[{"confidence":"0.995","content":"먼저"}],"type":"pronunciation"},{"start_time":"177.28","end_time":"177.71","alternatives":[{"confidence":"0.9751","content":"약속을"}],"type":"pronunciation"},{"start_time":"177.71","end_time":"178.22","alternatives":[{"confidence":"0.9996","content":"하라고"}],"type":"pronunciation"},{"start_time":"180.33","end_time":"180.5","alternatives":[{"confidence":"0.2725","content":"라도"}],"type":"pronunciation"},{"start_time":"180.5","end_time":"180.59","alternatives":[{"confidence":"0.8431","content":"안"}],"type":"pronunciation"},{"start_time":"180.59","end_time":"181.33","alternatives":[{"confidence":"0.902","content":"걸리겠지만"}],"type":"pronunciation"},{"start_time":"181.97","end_time":"182.18","alternatives":[{"confidence":"0.6805","content":"다는"}],"type":"pronunciation"},{"start_time":"182.18","end_time":"182.96","alternatives":[{"confidence":"0.8615666666666666","content":"얘기누구한테도"}],"type":"pronunciation"},{"start_time":"182.96","end_time":"183.16","alternatives":[{"confidence":"0.9797","content":"하지"}],"type":"pronunciation"},{"start_time":"183.16","end_time":"183.36","alternatives":[{"confidence":"0.9904","content":"않고"}],"type":"pronunciation"},{"start_time":"183.36","end_time":"183.7","alternatives":[{"confidence":"0.1956","content":"내가"}],"type":"pronunciation"},{"start_time":"184.34","end_time":"185.2","alternatives":[{"confidence":"0.7559333333333335","content":"남자들남자로서"}],"type":"pronunciation"},{"start_time":"185.23","end_time":"185.68","alternatives":[{"confidence":"0.9997","content":"차분하게"}],"type":"pronunciation"},{"start_time":"185.68","end_time":"186.1","alternatives":[{"confidence":"0.9605","content":"나한테"}],"type":"pronunciation"},{"start_time":"186.1","end_time":"186.63","alternatives":[{"confidence":"0.99205","content":"아저씨한테"}],"type":"pronunciation"},{"start_time":"186.66","end_time":"186.99","alternatives":[{"confidence":"0.995","content":"처리를"}],"type":"pronunciation"},{"start_time":"186.99","end_time":"187.44","alternatives":[{"confidence":"0.6817","content":"해달라는"}],"type":"pronunciation"},{"start_time":"187.44","end_time":"187.7","alternatives":[{"confidence":"0.4466","content":"거예요"}],"type":"pronunciation"},{"alternatives":[{"confidence":"0.0","content":"."}],"type":"punctuation"},{"start_time":"189.55","end_time":"189.96","alternatives":[{"confidence":"0.9486","content":"나도"}],"type":"pronunciation"},{"start_time":"190.17","end_time":"190.38","alternatives":[{"confidence":"0.7667","content":"한테"}],"type":"pronunciation"},{"start_time":"190.38","end_time":"191.07","alternatives":[{"confidence":"0.9561999999999999","content":"약속지키고"}],"type":"pronunciation"},{"start_time":"191.07","end_time":"191.19","alternatives":[{"confidence":"0.1177","content":"내"}],"type":"pronunciation"},{"start_time":"191.19","end_time":"191.48","alternatives":[{"confidence":"0.7709","content":"동생"}],"type":"pronunciation"},{"start_time":"198.38","end_time":"198.73","alternatives":[{"confidence":"0.824","content":"여보세요"}],"type":"pronunciation"},{"alternatives":[{"confidence":"0.0","content":","}],"type":"punctuation"},{"start_time":"199.95","end_time":"200.33","alternatives":[{"confidence":"0.4883","content":"미얀마"}],"type":"pronunciation"},{"start_time":"200.33","end_time":"201.02","alternatives":[{"confidence":"0.55705","content":"바꿔보라고"}],"type":"pronunciation"},{"start_time":"201.95","end_time":"202.39","alternatives":[{"confidence":"0.9977","content":"싫어요"}],"type":"pronunciation"},{"alternatives":[{"confidence":"0.0","content":"?"}],"type":"punctuation"},{"start_time":"203.74","end_time":"204.32","alternatives":[{"confidence":"0.7477","content":"와"}],"type":"pronunciation"},{"start_time":"205.29","end_time":"205.61","alternatives":[{"confidence":"0.8828","content":"근데"}],"type":"pronunciation"},{"start_time":"205.61","end_time":"206.24","alternatives":[{"confidence":"1.0","content":"목소리가"}],"type":"pronunciation"},{"start_time":"207.18","end_time":"207.52","alternatives":[{"confidence":"0.9234","content":"말투가"}],"type":"pronunciation"}]},"status":"COMPLETED"}