{"jobName":"transcribe_loan52","accountId":"097989105209","results":{"transcripts":[{"transcript":"아니 그러니까 어디 지점인 냐고요 그걸 알아야 될 거 아니에요. 이번 지점 저희가 을 갖고 하는 법인 수탁업체 요 밑에 있는 거. 아니아니 거기 지금 이라면서 그게 스타급 그거는 틀리잖아요 입니까? 이 갖고 있잖아요. 분인데요 알려줘야 돼요. 그걸 알려주면 알려주는 게 더 큰 일을 하는 거지 그래요. 아니고 알려줘야 돼요. 일단 그쪽지금 문제를 갖다가 저한테 연락을 주셨잖아요. 그쵸? 연락을 주셨고 직원이라고 저축은행직원이라고 분명히 얘기하셨고 맞죠? 라고 말씀드렸죠? 담당자라고 말씀드렸고요 지금 다면서요 아니, 고객님그래서 저희는 뭐 걸릴 게 없어요. 없어요? 네. 예. 알았습니다. 그러면 나중에 어차피 사진 신고를 같다. 내가 할 거니까 없는데 어떻게 신고하시게요 봤잖아요. 고객님이 보내주신 거잖아요. 했잖아요. 보내주신 거잖아요. 아니 사층을 했잖아요. 직원이라면 했는데요. 직원이라고 했어요. 일단은 신고를 할 테니까요. 그쪽에서 불려가 가지고 하든 말든 알았어요."}],"items":[{"start_time":"0.97","end_time":"1.17","alternatives":[{"confidence":"0.885","content":"아니"}],"type":"pronunciation"},{"start_time":"1.17","end_time":"1.64","alternatives":[{"confidence":"0.4845","content":"그러니까"}],"type":"pronunciation"},{"start_time":"1.64","end_time":"1.96","alternatives":[{"confidence":"0.7246","content":"어디"}],"type":"pronunciation"},{"start_time":"1.96","end_time":"2.23","alternatives":[{"confidence":"0.65145","content":"지점인"}],"type":"pronunciation"},{"start_time":"2.23","end_time":"2.49","alternatives":[{"confidence":"0.9197","content":"냐고요"}],"type":"pronunciation"},{"start_time":"2.49","end_time":"2.69","alternatives":[{"confidence":"1.0","content":"그걸"}],"type":"pronunciation"},{"start_time":"2.69","end_time":"2.94","alternatives":[{"confidence":"0.732","content":"알아야"}],"type":"pronunciation"},{"start_time":"2.94","end_time":"3.05","alternatives":[{"confidence":"0.982","content":"될"}],"type":"pronunciation"},{"start_time":"3.05","end_time":"3.14","alternatives":[{"confidence":"0.9865","content":"거"}],"type":"pronunciation"},{"start_time":"3.14","end_time":"3.76","alternatives":[{"confidence":"1.0","content":"아니에요"}],"type":"pronunciation"},{"alternatives":[{"confidence":"0.0","content":"."}],"type":"punctuation"},{"start_time":"4.43","end_time":"4.61","alternatives":[{"confidence":"0.1555","content":"이번"}],"type":"pronunciation"},{"start_time":"4.61","end_time":"4.88","alternatives":[{"confidence":"0.527","content":"지점"}],"type":"pronunciation"},{"start_time":"6.71","end_time":"7.09","alternatives":[{"confidence":"0.9959","content":"저희가"}],"type":"pronunciation"},{"start_time":"7.52","end_time":"7.63","alternatives":[{"confidence":"0.9686","content":"을"}],"type":"pronunciation"},{"start_time":"7.63","end_time":"7.91","alternatives":[{"confidence":"0.9522","content":"갖고"}],"type":"pronunciation"},{"start_time":"7.91","end_time":"8.1","alternatives":[{"confidence":"0.8754","content":"하는"}],"type":"pronunciation"},{"start_time":"8.1","end_time":"8.43","alternatives":[{"confidence":"0.1187","content":"법인"}],"type":"pronunciation"},{"start_time":"8.43","end_time":"8.99","alternatives":[{"confidence":"0.058499999999999996","content":"수탁업체"}],"type":"pronunciation"},{"start_time":"9.2","end_time":"9.57","alternatives":[{"confidence":"0.3685","content":"요"}],"type":"pronunciation"},{"start_time":"10.07","end_time":"10.4","alternatives":[{"confidence":"0.6183","content":"밑에"}],"type":"pronunciation"},{"start_time":"10.4","end_time":"10.69","alternatives":[{"confidence":"0.1763","content":"있는"}],"type":"pronunciation"},{"start_time":"10.69","end_time":"11.11","alternatives":[{"confidence":"0.0342","content":"거"}],"type":"pronunciation"},{"alternatives":[{"confidence":"0.0","content":"."}],"type":"punctuation"},{"start_time":"12.2","end_time":"14.24","alternatives":[{"confidence":"0.0207","content":"아니아니"}],"type":"pronunciation"},{"start_time":"15.1","end_time":"15.36","alternatives":[{"confidence":"0.2958","content":"거기"}],"type":"pronunciation"},{"start_time":"15.36","end_time":"15.59","alternatives":[{"confidence":"0.3795","content":"지금"}],"type":"pronunciation"},{"start_time":"15.59","end_time":"16.01","alternatives":[{"confidence":"0.9499","content":"이라면서"}],"type":"pronunciation"},{"start_time":"16.01","end_time":"16.42","alternatives":[{"confidence":"0.9593","content":"그게"}],"type":"pronunciation"},{"start_time":"16.42","end_time":"16.75","alternatives":[{"confidence":"0.01645","content":"스타급"}],"type":"pronunciation"},{"start_time":"17.06","end_time":"17.37","alternatives":[{"confidence":"0.49895","content":"그거는"}],"type":"pronunciation"},{"start_time":"17.37","end_time":"18.11","alternatives":[{"confidence":"0.96825","content":"틀리잖아요"}],"type":"pronunciation"},{"start_time":"18.8","end_time":"19.12","alternatives":[{"confidence":"0.4521","content":"입니까"}],"type":"pronunciation"},{"alternatives":[{"confidence":"0.0","content":"?"}],"type":"punctuation"},{"start_time":"20.6","end_time":"20.69","alternatives":[{"confidence":"0.8921","content":"이"}],"type":"pronunciation"},{"start_time":"20.69","end_time":"21.04","alternatives":[{"confidence":"0.9584","content":"갖고"}],"type":"pronunciation"},{"start_time":"21.04","end_time":"21.66","alternatives":[{"confidence":"0.9999","content":"있잖아요"}],"type":"pronunciation"},{"alternatives":[{"confidence":"0.0","content":"."}],"type":"punctuation"},{"start_time":"22.22","end_time":"22.71","alternatives":[{"confidence":"0.8571","content":"분인데요"}],"type":"pronunciation"},{"start_time":"24.01","end_time":"24.5","alternatives":[{"confidence":"0.911","content":"알려줘야"}],"type":"pronunciation"},{"start_time":"24.5","end_time":"24.68","alternatives":[{"confidence":"0.9838","content":"돼요"}],"type":"pronunciation"},{"alternatives":[{"confidence":"0.0","content":"."}],"type":"punctuation"},{"start_time":"24.68","end_time":"25.09","alternatives":[{"confidence":"0.9453","content":"그걸"}],"type":"pronunciation"},{"start_time":"25.09","end_time":"25.63","alternatives":[{"confidence":"0.99725","content":"알려주면"}],"type":"pronunciation"},{"start_time":"25.85","end_time":"26.38","alternatives":[{"confidence":"0.643","content":"알려주는"}],"type":"pronunciation"},{"start_time":"26.38","end_time":"26.46","alternatives":[{"confidence":"0.6464","content":"게"}],"type":"pronunciation"},{"start_time":"26.46","end_time":"26.58","alternatives":[{"confidence":"0.9962","content":"더"}],"type":"pronunciation"},{"start_time":"26.58","end_time":"26.78","alternatives":[{"confidence":"0.9071","content":"큰"}],"type":"pronunciation"},{"start_time":"26.78","end_time":"26.91","alternatives":[{"confidence":"0.6962","content":"일을"}],"type":"pronunciation"},{"start_time":"26.91","end_time":"27.09","alternatives":[{"confidence":"0.632","content":"하는"}],"type":"pronunciation"},{"start_time":"27.09","end_time":"27.64","alternatives":[{"confidence":"0.6263","content":"거지"}],"type":"pronunciation"},{"start_time":"27.87","end_time":"28.2","alternatives":[{"confidence":"0.8044","content":"그래요"}],"type":"pronunciation"},{"alternatives":[{"confidence":"0.0","content":"."}],"type":"punctuation"},{"start_time":"30.1","end_time":"30.43","alternatives":[{"confidence":"0.14","content":"아니고"}],"type":"pronunciation"},{"start_time":"33.63","end_time":"34.06","alternatives":[{"confidence":"0.0223","content":"알려줘야"}],"type":"pronunciation"},{"start_time":"34.06","end_time":"34.4","alternatives":[{"confidence":"0.0216","content":"돼요"}],"type":"pronunciation"},{"alternatives":[{"confidence":"0.0","content":"."}],"type":"punctuation"},{"start_time":"34.43","end_time":"34.68","alternatives":[{"confidence":"0.7326","content":"일단"}],"type":"pronunciation"},{"start_time":"36.15","end_time":"37.46","alternatives":[{"confidence":"0.81375","content":"그쪽지금"}],"type":"pronunciation"},{"start_time":"37.46","end_time":"37.74","alternatives":[{"confidence":"0.9809","content":"문제를"}],"type":"pronunciation"},{"start_time":"37.74","end_time":"38.01","alternatives":[{"confidence":"0.6876","content":"갖다가"}],"type":"pronunciation"},{"start_time":"38.01","end_time":"38.27","alternatives":[{"confidence":"0.9968","content":"저한테"}],"type":"pronunciation"},{"start_time":"38.49","end_time":"38.74","alternatives":[{"confidence":"0.9999","content":"연락을"}],"type":"pronunciation"},{"start_time":"38.74","end_time":"39.39","alternatives":[{"confidence":"0.9434","content":"주셨잖아요"}],"type":"pronunciation"},{"alternatives":[{"confidence":"0.0","content":"."}],"type":"punctuation"},{"start_time":"39.42","end_time":"39.69","alternatives":[{"confidence":"0.6602","content":"그쵸"}],"type":"pronunciation"},{"alternatives":[{"confidence":"0.0","content":"?"}],"type":"punctuation"},{"start_time":"40.38","end_time":"40.66","alternatives":[{"confidence":"0.9965","content":"연락을"}],"type":"pronunciation"},{"start_time":"40.66","end_time":"41.25","alternatives":[{"confidence":"0.8011","content":"주셨고"}],"type":"pronunciation"},{"start_time":"41.6","end_time":"42.07","alternatives":[{"confidence":"0.7790999999999999","content":"직원이라고"}],"type":"pronunciation"},{"start_time":"42.34","end_time":"43.32","alternatives":[{"confidence":"0.7285666666666666","content":"저축은행직원이라고"}],"type":"pronunciation"},{"start_time":"43.44","end_time":"43.74","alternatives":[{"confidence":"0.9656","content":"분명히"}],"type":"pronunciation"},{"start_time":"44.14","end_time":"44.86","alternatives":[{"confidence":"0.7136666666666667","content":"얘기하셨고"}],"type":"pronunciation"},{"start_time":"46.24","end_time":"46.6","alternatives":[{"confidence":"0.9992","content":"맞죠"}],"type":"pronunciation"},{"alternatives":[{"confidence":"0.0","content":"?"}],"type":"punctuation"},{"start_time":"47.73","end_time":"47.88","alternatives":[{"confidence":"0.9032","content":"라고"}],"type":"pronunciation"},{"start_time":"47.88","end_time":"49.21","alternatives":[{"confidence":"0.89255","content":"말씀드렸죠"}],"type":"pronunciation"},{"alternatives":[{"confidence":"0.0","content":"?"}],"type":"punctuation"},{"start_time":"49.7","end_time":"50.38","alternatives":[{"confidence":"0.99975","content":"담당자라고"}],"type":"pronunciation"},{"start_time":"50.38","end_time":"51.45","alternatives":[{"confidence":"0.8494","content":"말씀드렸고요"}],"type":"pronunciation"},{"start_time":"51.54","end_time":"51.77","alternatives":[{"confidence":"0.5327","content":"지금"}],"type":"pronunciation"},{"start_time":"51.83","end_time":"52.35","alternatives":[{"confidence":"0.4258","content":"다면서요"}],"type":"pronunciation"},{"start_time":"53.11","end_time":"53.33","alternatives":[{"confidence":"0.2205","content":"아니"}],"type":"pronunciation"},{"alternatives":[{"confidence":"0.0","content":","}],"type":"punctuation"},{"start_time":"53.33","end_time":"54.31","alternatives":[{"confidence":"0.75","content":"고객님그래서"}],"type":"pronunciation"},{"start_time":"55.26","end_time":"55.59","alternatives":[{"confidence":"0.9999","content":"저희는"}],"type":"pronunciation"},{"start_time":"55.59","end_time":"55.83","alternatives":[{"confidence":"0.9738","content":"뭐"}],"type":"pronunciation"},{"start_time":"56.05","end_time":"56.53","alternatives":[{"confidence":"0.9507","content":"걸릴"}],"type":"pronunciation"},{"start_time":"56.53","end_time":"56.63","alternatives":[{"confidence":"0.9932","content":"게"}],"type":"pronunciation"},{"start_time":"56.63","end_time":"57.3","alternatives":[{"confidence":"1.0","content":"없어요"}],"type":"pronunciation"},{"alternatives":[{"confidence":"0.0","content":"."}],"type":"punctuation"},{"start_time":"57.73","end_time":"58.04","alternatives":[{"confidence":"0.7619","content":"없어요"}],"type":"pronunciation"},{"alternatives":[{"confidence":"0.0","content":"?"}],"type":"punctuation"},{"start_time":"58.39","end_time":"58.72","alternatives":[{"confidence":"0.3189","content":"네"}],"type":"pronunciation"},{"alternatives":[{"confidence":"0.0","content":"."}],"type":"punctuation"},{"start_time":"59.33","end_time":"59.53","alternatives":[{"confidence":"0.8819","content":"예"}],"type":"pronunciation"},{"alternatives":[{"confidence":"0.0","content":"."}],"type":"punctuation"},{"start_time":"59.56","end_time":"60.16","alternatives":[{"confidence":"0.9862","content":"알았습니다"}],"type":"pronunciation"},{"alternatives":[{"confidence":"0.0","content":"."}],"type":"punctuation"},{"start_time":"60.43","end_time":"60.75","alternatives":[{"confidence":"0.9074","content":"그러면"}],"type":"pronunciation"},{"start_time":"60.97","end_time":"61.91","alternatives":[{"confidence":"0.9935","content":"나중에"}],"type":"pronunciation"},{"start_time":"62.24","end_time":"62.55","alternatives":[{"confidence":"0.9848","content":"어차피"}],"type":"pronunciation"},{"start_time":"62.55","end_time":"62.75","alternatives":[{"confidence":"0.309","content":"사진"}],"type":"pronunciation"},{"start_time":"62.75","end_time":"62.99","alternatives":[{"confidence":"0.8994","content":"신고를"}],"type":"pronunciation"},{"start_time":"62.99","end_time":"63.16","alternatives":[{"confidence":"0.4897","content":"같다"}],"type":"pronunciation"},{"alternatives":[{"confidence":"0.0","content":"."}],"type":"punctuation"},{"start_time":"63.16","end_time":"63.33","alternatives":[{"confidence":"0.9783","content":"내가"}],"type":"pronunciation"},{"start_time":"63.33","end_time":"63.47","alternatives":[{"confidence":"0.8883","content":"할"}],"type":"pronunciation"},{"start_time":"63.47","end_time":"64.04","alternatives":[{"confidence":"0.8833","content":"거니까"}],"type":"pronunciation"},{"start_time":"65.1","end_time":"65.39","alternatives":[{"confidence":"0.9344","content":"없는데"}],"type":"pronunciation"},{"start_time":"65.39","end_time":"65.66","alternatives":[{"confidence":"0.9973","content":"어떻게"}],"type":"pronunciation"},{"start_time":"65.66","end_time":"66.46","alternatives":[{"confidence":"0.5774333333333334","content":"신고하시게요"}],"type":"pronunciation"},{"start_time":"67.54","end_time":"68.05","alternatives":[{"confidence":"0.5145","content":"봤잖아요"}],"type":"pronunciation"},{"alternatives":[{"confidence":"0.0","content":"."}],"type":"punctuation"},{"start_time":"68.66","end_time":"69.1","alternatives":[{"confidence":"0.78715","content":"고객님이"}],"type":"pronunciation"},{"start_time":"69.1","end_time":"69.58","alternatives":[{"confidence":"0.82115","content":"보내주신"}],"type":"pronunciation"},{"start_time":"69.58","end_time":"69.89","alternatives":[{"confidence":"0.9446","content":"거잖아요"}],"type":"pronunciation"},{"alternatives":[{"confidence":"0.0","content":"."}],"type":"punctuation"},{"start_time":"69.92","end_time":"70.34","alternatives":[{"confidence":"0.6871","content":"했잖아요"}],"type":"pronunciation"},{"alternatives":[{"confidence":"0.0","content":"."}],"type":"punctuation"},{"start_time":"70.77","end_time":"71.26","alternatives":[{"confidence":"0.8372999999999999","content":"보내주신"}],"type":"pronunciation"},{"start_time":"71.26","end_time":"71.64","alternatives":[{"confidence":"0.9953","content":"거잖아요"}],"type":"pronunciation"},{"alternatives":[{"confidence":"0.0","content":"."}],"type":"punctuation"},{"start_time":"71.93","end_time":"72.16","alternatives":[{"confidence":"0.0021","content":"아니"}],"type":"pronunciation"},{"start_time":"72.16","end_time":"72.53","alternatives":[{"confidence":"0.10985","content":"사층을"}],"type":"pronunciation"},{"start_time":"72.53","end_time":"72.95","alternatives":[{"confidence":"0.9754","content":"했잖아요"}],"type":"pronunciation"},{"alternatives":[{"confidence":"0.0","content":"."}],"type":"punctuation"},{"start_time":"73.04","end_time":"73.49","alternatives":[{"confidence":"0.09095","content":"직원이라면"}],"type":"pronunciation"},{"start_time":"73.68","end_time":"74.19","alternatives":[{"confidence":"0.0575","content":"했는데요"}],"type":"pronunciation"},{"alternatives":[{"confidence":"0.0","content":"."}],"type":"punctuation"},{"start_time":"74.76","end_time":"75.2","alternatives":[{"confidence":"0.16505","content":"직원이라고"}],"type":"pronunciation"},{"start_time":"75.2","end_time":"75.49","alternatives":[{"confidence":"0.0844","content":"했어요"}],"type":"pronunciation"},{"alternatives":[{"confidence":"0.0","content":"."}],"type":"punctuation"},{"start_time":"75.52","end_time":"75.86","alternatives":[{"confidence":"0.9901","content":"일단은"}],"type":"pronunciation"},{"start_time":"76.2","end_time":"76.51","alternatives":[{"confidence":"0.4137","content":"신고를"}],"type":"pronunciation"},{"start_time":"76.51","end_time":"76.6","alternatives":[{"confidence":"0.4611","content":"할"}],"type":"pronunciation"},{"start_time":"76.6","end_time":"76.99","alternatives":[{"confidence":"0.7146","content":"테니까요"}],"type":"pronunciation"},{"alternatives":[{"confidence":"0.0","content":"."}],"type":"punctuation"},{"start_time":"77.02","end_time":"78.07","alternatives":[{"confidence":"0.44275","content":"그쪽에서"}],"type":"pronunciation"},{"start_time":"78.24","end_time":"78.55","alternatives":[{"confidence":"0.6594","content":"불려가"}],"type":"pronunciation"},{"start_time":"78.55","end_time":"78.79","alternatives":[{"confidence":"0.9798","content":"가지고"}],"type":"pronunciation"},{"start_time":"78.79","end_time":"79.01","alternatives":[{"confidence":"0.7695","content":"하든"}],"type":"pronunciation"},{"start_time":"79.01","end_time":"79.54","alternatives":[{"confidence":"0.89325","content":"말든"}],"type":"pronunciation"},{"start_time":"80.71","end_time":"81.21","alternatives":[{"confidence":"0.9955","content":"알았어요"}],"type":"pronunciation"},{"alternatives":[{"confidence":"0.0","content":"."}],"type":"punctuation"}]},"status":"COMPLETED"}