{"jobName":"transcribe_loan42","accountId":"097989105209","results":{"transcripts":[{"transcript":"안녕하세요. 괜히 저희 서민지원 나눔이 대출들인데요 필요하신 자금 얼마 정도 되시나요? 네. 네. 서민지원 나눔이 대출해요 괜히 네네 필요하신 자금 있으시면 저희가 저희 기로 남는거 아니있으니 간단하게 몇 가지만 여쭤보고 진행 여부 드려도 괜찮을까요? 여기서 니까 저희는 중계는 아니시고요. 저희 자체나가시는 거기 때문에 자체에서 받으시는 거예요. 네. 네. 은행 은 아니시고요 저희 자체 내에서 받으시는 거예요."}],"items":[{"start_time":"0.09","end_time":"0.5","alternatives":[{"confidence":"0.9995","content":"안녕하세요"}],"type":"pronunciation"},{"alternatives":[{"confidence":"0.0","content":"."}],"type":"punctuation"},{"start_time":"0.5","end_time":"0.87","alternatives":[{"confidence":"1.0","content":"괜히"}],"type":"pronunciation"},{"start_time":"0.87","end_time":"1.1","alternatives":[{"confidence":"0.873","content":"저희"}],"type":"pronunciation"},{"start_time":"1.1","end_time":"1.59","alternatives":[{"confidence":"0.8714","content":"서민지원"}],"type":"pronunciation"},{"start_time":"1.59","end_time":"1.93","alternatives":[{"confidence":"0.91445","content":"나눔이"}],"type":"pronunciation"},{"start_time":"1.93","end_time":"2.61","alternatives":[{"confidence":"0.7677","content":"대출들인데요"}],"type":"pronunciation"},{"start_time":"2.61","end_time":"3.0","alternatives":[{"confidence":"0.95905","content":"필요하신"}],"type":"pronunciation"},{"start_time":"3.0","end_time":"3.5","alternatives":[{"confidence":"0.5478","content":"자금"}],"type":"pronunciation"},{"start_time":"3.5","end_time":"3.74","alternatives":[{"confidence":"0.6335","content":"얼마"}],"type":"pronunciation"},{"start_time":"3.74","end_time":"3.96","alternatives":[{"confidence":"0.983","content":"정도"}],"type":"pronunciation"},{"start_time":"3.96","end_time":"5.04","alternatives":[{"confidence":"0.9996","content":"되시나요"}],"type":"pronunciation"},{"alternatives":[{"confidence":"0.0","content":"?"}],"type":"punctuation"},{"start_time":"6.11","end_time":"6.29","alternatives":[{"confidence":"0.3674","content":"네"}],"type":"pronunciation"},{"alternatives":[{"confidence":"0.0","content":"."}],"type":"punctuation"},{"start_time":"6.29","end_time":"6.47","alternatives":[{"confidence":"0.3562","content":"네"}],"type":"pronunciation"},{"alternatives":[{"confidence":"0.0","content":"."}],"type":"punctuation"},{"start_time":"6.5","end_time":"7.27","alternatives":[{"confidence":"0.8713500000000001","content":"서민지원"}],"type":"pronunciation"},{"start_time":"7.27","end_time":"7.66","alternatives":[{"confidence":"0.9407","content":"나눔이"}],"type":"pronunciation"},{"start_time":"7.66","end_time":"8.16","alternatives":[{"confidence":"0.5339500000000001","content":"대출해요"}],"type":"pronunciation"},{"start_time":"8.16","end_time":"8.62","alternatives":[{"confidence":"0.4034","content":"괜히"}],"type":"pronunciation"},{"start_time":"9.96","end_time":"10.63","alternatives":[{"confidence":"0.5844","content":"네네"}],"type":"pronunciation"},{"start_time":"10.92","end_time":"11.33","alternatives":[{"confidence":"0.9535","content":"필요하신"}],"type":"pronunciation"},{"start_time":"11.33","end_time":"11.72","alternatives":[{"confidence":"0.5492","content":"자금"}],"type":"pronunciation"},{"start_time":"11.72","end_time":"12.37","alternatives":[{"confidence":"0.999","content":"있으시면"}],"type":"pronunciation"},{"start_time":"12.37","end_time":"12.62","alternatives":[{"confidence":"1.0","content":"저희가"}],"type":"pronunciation"},{"start_time":"12.62","end_time":"12.82","alternatives":[{"confidence":"0.5901","content":"저희"}],"type":"pronunciation"},{"start_time":"12.82","end_time":"13.0","alternatives":[{"confidence":"0.8982","content":"기로"}],"type":"pronunciation"},{"start_time":"13.0","end_time":"13.36","alternatives":[{"confidence":"0.5589","content":"남는거"}],"type":"pronunciation"},{"start_time":"13.36","end_time":"13.77","alternatives":[{"confidence":"0.70685","content":"아니있으니"}],"type":"pronunciation"},{"start_time":"13.77","end_time":"14.19","alternatives":[{"confidence":"0.9996","content":"간단하게"}],"type":"pronunciation"},{"start_time":"14.19","end_time":"14.35","alternatives":[{"confidence":"0.9911","content":"몇"}],"type":"pronunciation"},{"start_time":"14.35","end_time":"14.69","alternatives":[{"confidence":"1.0","content":"가지만"}],"type":"pronunciation"},{"start_time":"14.69","end_time":"15.41","alternatives":[{"confidence":"0.97995","content":"여쭤보고"}],"type":"pronunciation"},{"start_time":"15.69","end_time":"16.0","alternatives":[{"confidence":"0.8246","content":"진행"}],"type":"pronunciation"},{"start_time":"16.0","end_time":"16.17","alternatives":[{"confidence":"0.6964","content":"여부"}],"type":"pronunciation"},{"start_time":"16.51","end_time":"16.74","alternatives":[{"confidence":"0.85905","content":"드려도"}],"type":"pronunciation"},{"start_time":"16.74","end_time":"17.61","alternatives":[{"confidence":"0.99975","content":"괜찮을까요"}],"type":"pronunciation"},{"alternatives":[{"confidence":"0.0","content":"?"}],"type":"punctuation"},{"start_time":"18.15","end_time":"18.43","alternatives":[{"confidence":"0.0279","content":"여기서"}],"type":"pronunciation"},{"start_time":"19.18","end_time":"19.53","alternatives":[{"confidence":"0.1022","content":"니까"}],"type":"pronunciation"},{"start_time":"20.58","end_time":"20.92","alternatives":[{"confidence":"0.9997","content":"저희는"}],"type":"pronunciation"},{"start_time":"20.92","end_time":"21.41","alternatives":[{"confidence":"0.95645","content":"중계는"}],"type":"pronunciation"},{"start_time":"21.41","end_time":"22.23","alternatives":[{"confidence":"0.9724","content":"아니시고요"}],"type":"pronunciation"},{"alternatives":[{"confidence":"0.0","content":"."}],"type":"punctuation"},{"start_time":"22.29","end_time":"22.48","alternatives":[{"confidence":"0.9739","content":"저희"}],"type":"pronunciation"},{"start_time":"22.48","end_time":"23.71","alternatives":[{"confidence":"0.9103333333333333","content":"자체나가시는"}],"type":"pronunciation"},{"start_time":"23.71","end_time":"23.92","alternatives":[{"confidence":"0.8491","content":"거기"}],"type":"pronunciation"},{"start_time":"23.92","end_time":"24.43","alternatives":[{"confidence":"1.0","content":"때문에"}],"type":"pronunciation"},{"start_time":"25.49","end_time":"25.88","alternatives":[{"confidence":"0.7178","content":"자체에서"}],"type":"pronunciation"},{"start_time":"25.88","end_time":"26.37","alternatives":[{"confidence":"0.97095","content":"받으시는"}],"type":"pronunciation"},{"start_time":"26.37","end_time":"26.89","alternatives":[{"confidence":"0.9833","content":"거예요"}],"type":"pronunciation"},{"alternatives":[{"confidence":"0.0","content":"."}],"type":"punctuation"},{"start_time":"28.04","end_time":"28.27","alternatives":[{"confidence":"0.0173","content":"네"}],"type":"pronunciation"},{"alternatives":[{"confidence":"0.0","content":"."}],"type":"punctuation"},{"start_time":"28.3","end_time":"28.51","alternatives":[{"confidence":"0.0359","content":"네"}],"type":"pronunciation"},{"alternatives":[{"confidence":"0.0","content":"."}],"type":"punctuation"},{"start_time":"28.95","end_time":"29.44","alternatives":[{"confidence":"0.4609","content":"은행"}],"type":"pronunciation"},{"start_time":"29.62","end_time":"29.74","alternatives":[{"confidence":"0.1742","content":"은"}],"type":"pronunciation"},{"start_time":"29.74","end_time":"30.64","alternatives":[{"confidence":"0.6157666666666667","content":"아니시고요"}],"type":"pronunciation"},{"start_time":"30.88","end_time":"31.08","alternatives":[{"confidence":"0.9764","content":"저희"}],"type":"pronunciation"},{"start_time":"31.08","end_time":"31.36","alternatives":[{"confidence":"0.3135","content":"자체"}],"type":"pronunciation"},{"start_time":"31.36","end_time":"31.55","alternatives":[{"confidence":"0.4114","content":"내에서"}],"type":"pronunciation"},{"start_time":"31.55","end_time":"32.05","alternatives":[{"confidence":"0.9792000000000001","content":"받으시는"}],"type":"pronunciation"},{"start_time":"32.05","end_time":"32.59","alternatives":[{"confidence":"0.9903","content":"거예요"}],"type":"pronunciation"},{"alternatives":[{"confidence":"0.0","content":"."}],"type":"punctuation"}]},"status":"COMPLETED"}