{"jobName":"transcribe_loan51","accountId":"097989105209","results":{"transcripts":[{"transcript":"제가 질문 알아들어가지고. 그거 지금 전화하셔가지고 이제 반환신청하시면 여섯시 전까지 하시면 되시거든요 다시 처음 도와드릴게요. 그리고 저희가 지금 온라인으로 안 돼 있으신데 혹시 신한캐피탈삭제 하셨나요? 그거를 그러면 데이터를 끊으셨나요 온라인으로 이제 베이스 줘야지 저희가 실시간으로 이제 도와드릴 수 있는 부분인데 지금 오프라인으로 되어 있으세요? 네. 이거 다시 한 연결을 한번 해주셔야 되거든요. 그러면 그쪽에서도 에다가 지금 저도 하나에다가 일부를 납부를 하는 건가요? 일단은 일단은 늦기 전에 산업 쪽에 먼저 하시는 게 일단은 일 순위 좀 되게 급한 문제거든요. 그게 같은 거 밖에 안 돼 가지고 저희도 상환을 해야 되는데 혼자 다 납부를 하셨잖아요. 그래서 생기는 건데 지금 저희 통화를 해봤자 지금 바뀌는 게 없어요. 그래서 지금 반환신청을 하셨하신 다음에 저랑 다시 얘기하는게 저희는 아까 말씀드렸조금이라도 금액이 들어가야 돼요. 저희 쪽은 저희 측에서도 이제 납부를 같이 하는 조건으로 하는 거거든요. 하는 거예요. 쪽으로 납부하는 거예요. 산화쪽으로 납부를 하시고요. 저희 쪽도 나머지 금액을 같이 납부를 해야죠. 그게 인정이 되시는 부분이라서. 일단 일단 반환신청을 먼저 하시고 받으시면 다시 공무협조를 보낼게요. 그 다음에 같이 진행이렇게 해야 돼요. 저희도 이제 얼마 됐고 그쪽측에서도 고객님도 이제 일단 반환처리하시고 연락을 주세요."}],"items":[{"start_time":"0.18","end_time":"0.39","alternatives":[{"confidence":"0.9734","content":"제가"}],"type":"pronunciation"},{"start_time":"0.39","end_time":"0.72","alternatives":[{"confidence":"0.4644","content":"질문"}],"type":"pronunciation"},{"start_time":"0.72","end_time":"1.61","alternatives":[{"confidence":"0.7231","content":"알아들어가지고"}],"type":"pronunciation"},{"alternatives":[{"confidence":"0.0","content":"."}],"type":"punctuation"},{"start_time":"1.67","end_time":"1.99","alternatives":[{"confidence":"0.8333","content":"그거"}],"type":"pronunciation"},{"start_time":"1.99","end_time":"2.31","alternatives":[{"confidence":"0.9832","content":"지금"}],"type":"pronunciation"},{"start_time":"2.31","end_time":"3.6","alternatives":[{"confidence":"0.8490500000000001","content":"전화하셔가지고"}],"type":"pronunciation"},{"start_time":"4.66","end_time":"4.83","alternatives":[{"confidence":"0.3725","content":"이제"}],"type":"pronunciation"},{"start_time":"5.47","end_time":"6.7","alternatives":[{"confidence":"0.5169333333333334","content":"반환신청하시면"}],"type":"pronunciation"},{"start_time":"6.7","end_time":"6.97","alternatives":[{"confidence":"0.33385","content":"여섯시"}],"type":"pronunciation"},{"start_time":"6.97","end_time":"7.29","alternatives":[{"confidence":"0.9403","content":"전까지"}],"type":"pronunciation"},{"start_time":"7.29","end_time":"7.76","alternatives":[{"confidence":"0.9837","content":"하시면"}],"type":"pronunciation"},{"start_time":"7.76","end_time":"8.72","alternatives":[{"confidence":"0.9894000000000001","content":"되시거든요"}],"type":"pronunciation"},{"start_time":"12.93","end_time":"13.19","alternatives":[{"confidence":"0.3614","content":"다시"}],"type":"pronunciation"},{"start_time":"13.43","end_time":"13.65","alternatives":[{"confidence":"0.2346","content":"처음"}],"type":"pronunciation"},{"start_time":"13.85","end_time":"14.6","alternatives":[{"confidence":"0.96235","content":"도와드릴게요"}],"type":"pronunciation"},{"alternatives":[{"confidence":"0.0","content":"."}],"type":"punctuation"},{"start_time":"21.125","end_time":"21.515","alternatives":[{"confidence":"0.998","content":"그리고"}],"type":"pronunciation"},{"start_time":"21.515","end_time":"21.855","alternatives":[{"confidence":"1.0","content":"저희가"}],"type":"pronunciation"},{"start_time":"21.855","end_time":"22.285","alternatives":[{"confidence":"0.9346","content":"지금"}],"type":"pronunciation"},{"start_time":"23.425","end_time":"24.565","alternatives":[{"confidence":"0.7878","content":"온라인으로"}],"type":"pronunciation"},{"start_time":"24.565","end_time":"24.695","alternatives":[{"confidence":"0.5553","content":"안"}],"type":"pronunciation"},{"start_time":"24.695","end_time":"24.805","alternatives":[{"confidence":"0.5404","content":"돼"}],"type":"pronunciation"},{"start_time":"24.805","end_time":"25.345","alternatives":[{"confidence":"0.999","content":"있으신데"}],"type":"pronunciation"},{"start_time":"25.345","end_time":"26.025","alternatives":[{"confidence":"1.0","content":"혹시"}],"type":"pronunciation"},{"start_time":"26.175","end_time":"29.515","alternatives":[{"confidence":"0.3715","content":"신한캐피탈삭제"}],"type":"pronunciation"},{"start_time":"29.515","end_time":"29.945","alternatives":[{"confidence":"0.9993","content":"하셨나요"}],"type":"pronunciation"},{"alternatives":[{"confidence":"0.0","content":"?"}],"type":"punctuation"},{"start_time":"29.945","end_time":"30.365","alternatives":[{"confidence":"0.93615","content":"그거를"}],"type":"pronunciation"},{"start_time":"32.295","end_time":"32.605","alternatives":[{"confidence":"0.8848","content":"그러면"}],"type":"pronunciation"},{"start_time":"32.605","end_time":"33.035","alternatives":[{"confidence":"0.9986","content":"데이터를"}],"type":"pronunciation"},{"start_time":"33.035","end_time":"33.715","alternatives":[{"confidence":"0.9367000000000001","content":"끊으셨나요"}],"type":"pronunciation"},{"start_time":"35.71","end_time":"36.25","alternatives":[{"confidence":"0.9999","content":"온라인으로"}],"type":"pronunciation"},{"start_time":"36.25","end_time":"36.4","alternatives":[{"confidence":"0.8627","content":"이제"}],"type":"pronunciation"},{"start_time":"36.43","end_time":"36.8","alternatives":[{"confidence":"0.5669","content":"베이스"}],"type":"pronunciation"},{"start_time":"36.8","end_time":"37.31","alternatives":[{"confidence":"0.9945","content":"줘야지"}],"type":"pronunciation"},{"start_time":"37.31","end_time":"37.68","alternatives":[{"confidence":"1.0","content":"저희가"}],"type":"pronunciation"},{"start_time":"37.71","end_time":"38.36","alternatives":[{"confidence":"1.0","content":"실시간으로"}],"type":"pronunciation"},{"start_time":"38.36","end_time":"38.81","alternatives":[{"confidence":"0.9916","content":"이제"}],"type":"pronunciation"},{"start_time":"38.82","end_time":"39.21","alternatives":[{"confidence":"0.9294","content":"도와드릴"}],"type":"pronunciation"},{"start_time":"39.21","end_time":"39.3","alternatives":[{"confidence":"1.0","content":"수"}],"type":"pronunciation"},{"start_time":"39.3","end_time":"39.47","alternatives":[{"confidence":"0.9999","content":"있는"}],"type":"pronunciation"},{"start_time":"39.47","end_time":"40.12","alternatives":[{"confidence":"0.998","content":"부분인데"}],"type":"pronunciation"},{"start_time":"40.15","end_time":"40.35","alternatives":[{"confidence":"0.9148","content":"지금"}],"type":"pronunciation"},{"start_time":"40.35","end_time":"40.85","alternatives":[{"confidence":"0.9795499999999999","content":"오프라인으로"}],"type":"pronunciation"},{"start_time":"40.85","end_time":"40.97","alternatives":[{"confidence":"0.8408","content":"되어"}],"type":"pronunciation"},{"start_time":"40.97","end_time":"41.75","alternatives":[{"confidence":"1.0","content":"있으세요"}],"type":"pronunciation"},{"alternatives":[{"confidence":"0.0","content":"?"}],"type":"punctuation"},{"start_time":"43.19","end_time":"43.56","alternatives":[{"confidence":"0.9199","content":"네"}],"type":"pronunciation"},{"alternatives":[{"confidence":"0.0","content":"."}],"type":"punctuation"},{"start_time":"43.56","end_time":"43.81","alternatives":[{"confidence":"0.9006","content":"이거"}],"type":"pronunciation"},{"start_time":"43.87","end_time":"44.11","alternatives":[{"confidence":"0.9776","content":"다시"}],"type":"pronunciation"},{"start_time":"44.11","end_time":"44.35","alternatives":[{"confidence":"0.5034","content":"한"}],"type":"pronunciation"},{"start_time":"44.35","end_time":"44.75","alternatives":[{"confidence":"0.9989","content":"연결을"}],"type":"pronunciation"},{"start_time":"44.75","end_time":"44.98","alternatives":[{"confidence":"0.8741","content":"한번"}],"type":"pronunciation"},{"start_time":"44.98","end_time":"45.3","alternatives":[{"confidence":"0.9098999999999999","content":"해주셔야"}],"type":"pronunciation"},{"start_time":"45.3","end_time":"45.99","alternatives":[{"confidence":"0.99945","content":"되거든요"}],"type":"pronunciation"},{"alternatives":[{"confidence":"0.0","content":"."}],"type":"punctuation"},{"start_time":"49.85","end_time":"50.19","alternatives":[{"confidence":"0.9986","content":"그러면"}],"type":"pronunciation"},{"start_time":"50.8","end_time":"51.37","alternatives":[{"confidence":"0.9885999999999999","content":"그쪽에서도"}],"type":"pronunciation"},{"start_time":"51.67","end_time":"52.16","alternatives":[{"confidence":"0.9842","content":"에다가"}],"type":"pronunciation"},{"start_time":"52.8","end_time":"53.02","alternatives":[{"confidence":"0.0225","content":"지금"}],"type":"pronunciation"},{"start_time":"53.48","end_time":"53.71","alternatives":[{"confidence":"0.3456","content":"저도"}],"type":"pronunciation"},{"start_time":"53.71","end_time":"54.16","alternatives":[{"confidence":"0.16044999999999998","content":"하나에다가"}],"type":"pronunciation"},{"start_time":"54.16","end_time":"54.44","alternatives":[{"confidence":"0.0053","content":"일부를"}],"type":"pronunciation"},{"start_time":"54.44","end_time":"54.71","alternatives":[{"confidence":"0.11585000000000001","content":"납부를"}],"type":"pronunciation"},{"start_time":"54.71","end_time":"54.87","alternatives":[{"confidence":"0.5102","content":"하는"}],"type":"pronunciation"},{"start_time":"54.87","end_time":"55.18","alternatives":[{"confidence":"0.9788","content":"건가요"}],"type":"pronunciation"},{"alternatives":[{"confidence":"0.0","content":"?"}],"type":"punctuation"},{"start_time":"55.98","end_time":"56.29","alternatives":[{"confidence":"0.3496","content":"일단은"}],"type":"pronunciation"},{"start_time":"56.52","end_time":"56.91","alternatives":[{"confidence":"0.9854","content":"일단은"}],"type":"pronunciation"},{"start_time":"57.0","end_time":"57.41","alternatives":[{"confidence":"0.95055","content":"늦기"}],"type":"pronunciation"},{"start_time":"57.41","end_time":"58.05","alternatives":[{"confidence":"0.9314","content":"전에"}],"type":"pronunciation"},{"start_time":"58.11","end_time":"58.39","alternatives":[{"confidence":"0.1714","content":"산업"}],"type":"pronunciation"},{"start_time":"58.39","end_time":"58.91","alternatives":[{"confidence":"0.5938","content":"쪽에"}],"type":"pronunciation"},{"start_time":"59.71","end_time":"59.96","alternatives":[{"confidence":"0.9733","content":"먼저"}],"type":"pronunciation"},{"start_time":"59.96","end_time":"60.38","alternatives":[{"confidence":"0.5936","content":"하시는"}],"type":"pronunciation"},{"start_time":"60.38","end_time":"60.63","alternatives":[{"confidence":"0.9579","content":"게"}],"type":"pronunciation"},{"start_time":"60.63","end_time":"61.02","alternatives":[{"confidence":"0.9515","content":"일단은"}],"type":"pronunciation"},{"start_time":"61.11","end_time":"61.25","alternatives":[{"confidence":"0.5126","content":"일"}],"type":"pronunciation"},{"start_time":"61.25","end_time":"61.69","alternatives":[{"confidence":"0.5484","content":"순위"}],"type":"pronunciation"},{"start_time":"61.8","end_time":"61.99","alternatives":[{"confidence":"0.8617","content":"좀"}],"type":"pronunciation"},{"start_time":"62.0","end_time":"62.16","alternatives":[{"confidence":"0.7927","content":"되게"}],"type":"pronunciation"},{"start_time":"62.16","end_time":"62.58","alternatives":[{"confidence":"1.0","content":"급한"}],"type":"pronunciation"},{"start_time":"62.58","end_time":"63.12","alternatives":[{"confidence":"0.99205","content":"문제거든요"}],"type":"pronunciation"},{"alternatives":[{"confidence":"0.0","content":"."}],"type":"punctuation"},{"start_time":"63.12","end_time":"63.36","alternatives":[{"confidence":"0.6299","content":"그게"}],"type":"pronunciation"},{"start_time":"65.05","end_time":"65.37","alternatives":[{"confidence":"0.7174","content":"같은"}],"type":"pronunciation"},{"start_time":"65.37","end_time":"65.44","alternatives":[{"confidence":"0.3295","content":"거"}],"type":"pronunciation"},{"start_time":"65.44","end_time":"65.65","alternatives":[{"confidence":"0.9338","content":"밖에"}],"type":"pronunciation"},{"start_time":"65.65","end_time":"65.77","alternatives":[{"confidence":"0.7586","content":"안"}],"type":"pronunciation"},{"start_time":"65.77","end_time":"65.87","alternatives":[{"confidence":"0.4773","content":"돼"}],"type":"pronunciation"},{"start_time":"65.87","end_time":"66.4","alternatives":[{"confidence":"0.8219","content":"가지고"}],"type":"pronunciation"},{"start_time":"69.58","end_time":"69.86","alternatives":[{"confidence":"0.0662","content":"저희도"}],"type":"pronunciation"},{"start_time":"70.24","end_time":"70.59","alternatives":[{"confidence":"0.5453","content":"상환을"}],"type":"pronunciation"},{"start_time":"70.59","end_time":"70.74","alternatives":[{"confidence":"0.9991","content":"해야"}],"type":"pronunciation"},{"start_time":"70.74","end_time":"71.14","alternatives":[{"confidence":"0.9968","content":"되는데"}],"type":"pronunciation"},{"start_time":"71.14","end_time":"71.36","alternatives":[{"confidence":"0.9348","content":"혼자"}],"type":"pronunciation"},{"start_time":"71.36","end_time":"71.49","alternatives":[{"confidence":"0.8424","content":"다"}],"type":"pronunciation"},{"start_time":"71.49","end_time":"71.85","alternatives":[{"confidence":"0.8970499999999999","content":"납부를"}],"type":"pronunciation"},{"start_time":"73.04","end_time":"73.83","alternatives":[{"confidence":"0.9973","content":"하셨잖아요"}],"type":"pronunciation"},{"alternatives":[{"confidence":"0.0","content":"."}],"type":"punctuation"},{"start_time":"73.86","end_time":"74.12","alternatives":[{"confidence":"0.4119","content":"그래서"}],"type":"pronunciation"},{"start_time":"74.55","end_time":"74.84","alternatives":[{"confidence":"0.351","content":"생기는"}],"type":"pronunciation"},{"start_time":"74.84","end_time":"75.34","alternatives":[{"confidence":"0.4136","content":"건데"}],"type":"pronunciation"},{"start_time":"75.49","end_time":"76.08","alternatives":[{"confidence":"0.8978","content":"지금"}],"type":"pronunciation"},{"start_time":"77.11","end_time":"77.51","alternatives":[{"confidence":"0.8111","content":"저희"}],"type":"pronunciation"},{"start_time":"77.54","end_time":"78.02","alternatives":[{"confidence":"0.9966","content":"통화를"}],"type":"pronunciation"},{"start_time":"78.02","end_time":"78.64","alternatives":[{"confidence":"0.7152","content":"해봤자"}],"type":"pronunciation"},{"start_time":"78.64","end_time":"78.82","alternatives":[{"confidence":"0.687","content":"지금"}],"type":"pronunciation"},{"start_time":"78.82","end_time":"79.21","alternatives":[{"confidence":"0.9603","content":"바뀌는"}],"type":"pronunciation"},{"start_time":"79.21","end_time":"79.31","alternatives":[{"confidence":"0.9681","content":"게"}],"type":"pronunciation"},{"start_time":"79.31","end_time":"79.71","alternatives":[{"confidence":"0.9998","content":"없어요"}],"type":"pronunciation"},{"alternatives":[{"confidence":"0.0","content":"."}],"type":"punctuation"},{"start_time":"79.71","end_time":"79.94","alternatives":[{"confidence":"1.0","content":"그래서"}],"type":"pronunciation"},{"start_time":"79.94","end_time":"80.13","alternatives":[{"confidence":"0.9619","content":"지금"}],"type":"pronunciation"},{"start_time":"80.13","end_time":"80.76","alternatives":[{"confidence":"0.5667499999999999","content":"반환신청을"}],"type":"pronunciation"},{"start_time":"80.85","end_time":"81.63","alternatives":[{"confidence":"0.6486999999999998","content":"하셨하신"}],"type":"pronunciation"},{"start_time":"81.69","end_time":"82.14","alternatives":[{"confidence":"0.9958","content":"다음에"}],"type":"pronunciation"},{"start_time":"82.14","end_time":"82.48","alternatives":[{"confidence":"0.9967","content":"저랑"}],"type":"pronunciation"},{"start_time":"82.73","end_time":"83.01","alternatives":[{"confidence":"0.9774","content":"다시"}],"type":"pronunciation"},{"start_time":"83.01","end_time":"83.89","alternatives":[{"confidence":"0.92025","content":"얘기하는게"}],"type":"pronunciation"},{"start_time":"86.53","end_time":"87.01","alternatives":[{"confidence":"1.0","content":"저희는"}],"type":"pronunciation"},{"start_time":"87.01","end_time":"87.19","alternatives":[{"confidence":"0.997","content":"아까"}],"type":"pronunciation"},{"start_time":"87.19","end_time":"88.23","alternatives":[{"confidence":"0.93025","content":"말씀드렸조금이라도"}],"type":"pronunciation"},{"start_time":"88.23","end_time":"88.52","alternatives":[{"confidence":"0.9119","content":"금액이"}],"type":"pronunciation"},{"start_time":"88.52","end_time":"89.04","alternatives":[{"confidence":"0.9924","content":"들어가야"}],"type":"pronunciation"},{"start_time":"89.04","end_time":"89.45","alternatives":[{"confidence":"0.9891","content":"돼요"}],"type":"pronunciation"},{"alternatives":[{"confidence":"0.0","content":"."}],"type":"punctuation"},{"start_time":"91.15","end_time":"91.46","alternatives":[{"confidence":"0.9557","content":"저희"}],"type":"pronunciation"},{"start_time":"91.46","end_time":"91.83","alternatives":[{"confidence":"0.7617","content":"쪽은"}],"type":"pronunciation"},{"start_time":"92.13","end_time":"93.02","alternatives":[{"confidence":"0.8364","content":"저희"}],"type":"pronunciation"},{"start_time":"93.11","end_time":"93.57","alternatives":[{"confidence":"0.96825","content":"측에서도"}],"type":"pronunciation"},{"start_time":"93.57","end_time":"93.71","alternatives":[{"confidence":"0.4289","content":"이제"}],"type":"pronunciation"},{"start_time":"93.72","end_time":"94.22","alternatives":[{"confidence":"0.99395","content":"납부를"}],"type":"pronunciation"},{"start_time":"94.28","end_time":"94.64","alternatives":[{"confidence":"0.7946","content":"같이"}],"type":"pronunciation"},{"start_time":"94.64","end_time":"95.05","alternatives":[{"confidence":"0.9998","content":"하는"}],"type":"pronunciation"},{"start_time":"95.08","end_time":"95.61","alternatives":[{"confidence":"1.0","content":"조건으로"}],"type":"pronunciation"},{"start_time":"95.61","end_time":"95.84","alternatives":[{"confidence":"0.7392","content":"하는"}],"type":"pronunciation"},{"start_time":"95.84","end_time":"96.44","alternatives":[{"confidence":"0.8608","content":"거거든요"}],"type":"pronunciation"},{"alternatives":[{"confidence":"0.0","content":"."}],"type":"punctuation"},{"start_time":"97.82","end_time":"98.0","alternatives":[{"confidence":"0.0918","content":"하는"}],"type":"pronunciation"},{"start_time":"98.0","end_time":"98.39","alternatives":[{"confidence":"0.1266","content":"거예요"}],"type":"pronunciation"},{"alternatives":[{"confidence":"0.0","content":"."}],"type":"punctuation"},{"start_time":"98.77","end_time":"98.97","alternatives":[{"confidence":"0.052","content":"쪽으로"}],"type":"pronunciation"},{"start_time":"98.97","end_time":"99.44","alternatives":[{"confidence":"0.0411","content":"납부하는"}],"type":"pronunciation"},{"start_time":"99.44","end_time":"99.74","alternatives":[{"confidence":"0.2233","content":"거예요"}],"type":"pronunciation"},{"alternatives":[{"confidence":"0.0","content":"."}],"type":"punctuation"},{"start_time":"100.16","end_time":"100.74","alternatives":[{"confidence":"0.6242","content":"산화쪽으로"}],"type":"pronunciation"},{"start_time":"100.74","end_time":"101.12","alternatives":[{"confidence":"0.98705","content":"납부를"}],"type":"pronunciation"},{"start_time":"101.12","end_time":"101.85","alternatives":[{"confidence":"0.9979","content":"하시고요"}],"type":"pronunciation"},{"alternatives":[{"confidence":"0.0","content":"."}],"type":"punctuation"},{"start_time":"101.91","end_time":"102.24","alternatives":[{"confidence":"0.9726","content":"저희"}],"type":"pronunciation"},{"start_time":"102.24","end_time":"102.51","alternatives":[{"confidence":"0.9001","content":"쪽도"}],"type":"pronunciation"},{"start_time":"102.51","end_time":"102.89","alternatives":[{"confidence":"0.9987","content":"나머지"}],"type":"pronunciation"},{"start_time":"102.89","end_time":"103.25","alternatives":[{"confidence":"0.9979","content":"금액을"}],"type":"pronunciation"},{"start_time":"103.25","end_time":"103.58","alternatives":[{"confidence":"0.8654","content":"같이"}],"type":"pronunciation"},{"start_time":"103.58","end_time":"103.96","alternatives":[{"confidence":"0.99735","content":"납부를"}],"type":"pronunciation"},{"start_time":"103.96","end_time":"104.24","alternatives":[{"confidence":"0.5065","content":"해야죠"}],"type":"pronunciation"},{"alternatives":[{"confidence":"0.0","content":"."}],"type":"punctuation"},{"start_time":"104.24","end_time":"104.45","alternatives":[{"confidence":"0.9997","content":"그게"}],"type":"pronunciation"},{"start_time":"104.45","end_time":"104.8","alternatives":[{"confidence":"0.9905999999999999","content":"인정이"}],"type":"pronunciation"},{"start_time":"104.8","end_time":"105.14","alternatives":[{"confidence":"0.9691","content":"되시는"}],"type":"pronunciation"},{"start_time":"105.14","end_time":"106.0","alternatives":[{"confidence":"0.9972","content":"부분이라서"}],"type":"pronunciation"},{"alternatives":[{"confidence":"0.0","content":"."}],"type":"punctuation"},{"start_time":"111.3","end_time":"111.55","alternatives":[{"confidence":"0.7949","content":"일단"}],"type":"pronunciation"},{"start_time":"111.55","end_time":"111.88","alternatives":[{"confidence":"1.0","content":"일단"}],"type":"pronunciation"},{"start_time":"111.99","end_time":"112.69","alternatives":[{"confidence":"0.84425","content":"반환신청을"}],"type":"pronunciation"},{"start_time":"112.69","end_time":"112.93","alternatives":[{"confidence":"0.9691","content":"먼저"}],"type":"pronunciation"},{"start_time":"112.93","end_time":"113.66","alternatives":[{"confidence":"1.0","content":"하시고"}],"type":"pronunciation"},{"start_time":"114.33","end_time":"115.11","alternatives":[{"confidence":"0.82745","content":"받으시면"}],"type":"pronunciation"},{"start_time":"115.69","end_time":"116.07","alternatives":[{"confidence":"0.9621","content":"다시"}],"type":"pronunciation"},{"start_time":"116.07","end_time":"116.67","alternatives":[{"confidence":"0.6379","content":"공무협조를"}],"type":"pronunciation"},{"start_time":"116.67","end_time":"117.97","alternatives":[{"confidence":"0.9923500000000001","content":"보낼게요"}],"type":"pronunciation"},{"alternatives":[{"confidence":"0.0","content":"."}],"type":"punctuation"},{"start_time":"118.34","end_time":"118.53","alternatives":[{"confidence":"0.588","content":"그"}],"type":"pronunciation"},{"start_time":"118.53","end_time":"118.97","alternatives":[{"confidence":"0.9966","content":"다음에"}],"type":"pronunciation"},{"start_time":"119.0","end_time":"119.44","alternatives":[{"confidence":"0.9628","content":"같이"}],"type":"pronunciation"},{"start_time":"119.44","end_time":"119.99","alternatives":[{"confidence":"0.6635500000000001","content":"진행이렇게"}],"type":"pronunciation"},{"start_time":"119.99","end_time":"120.19","alternatives":[{"confidence":"0.8829","content":"해야"}],"type":"pronunciation"},{"start_time":"120.19","end_time":"120.34","alternatives":[{"confidence":"0.9374","content":"돼요"}],"type":"pronunciation"},{"alternatives":[{"confidence":"0.0","content":"."}],"type":"punctuation"},{"start_time":"120.34","end_time":"120.84","alternatives":[{"confidence":"1.0","content":"저희도"}],"type":"pronunciation"},{"start_time":"120.84","end_time":"120.98","alternatives":[{"confidence":"0.9152","content":"이제"}],"type":"pronunciation"},{"start_time":"120.98","end_time":"121.25","alternatives":[{"confidence":"0.7766","content":"얼마"}],"type":"pronunciation"},{"start_time":"121.25","end_time":"121.56","alternatives":[{"confidence":"0.4057","content":"됐고"}],"type":"pronunciation"},{"start_time":"121.56","end_time":"122.48","alternatives":[{"confidence":"0.8254","content":"그쪽측에서도"}],"type":"pronunciation"},{"start_time":"122.82","end_time":"123.41","alternatives":[{"confidence":"0.9883","content":"고객님도"}],"type":"pronunciation"},{"start_time":"123.41","end_time":"123.81","alternatives":[{"confidence":"0.9706","content":"이제"}],"type":"pronunciation"},{"start_time":"126.35","end_time":"126.58","alternatives":[{"confidence":"0.8282","content":"일단"}],"type":"pronunciation"},{"start_time":"126.58","end_time":"127.85","alternatives":[{"confidence":"0.7484000000000001","content":"반환처리하시고"}],"type":"pronunciation"},{"start_time":"128.3","end_time":"128.59","alternatives":[{"confidence":"0.976","content":"연락을"}],"type":"pronunciation"},{"start_time":"128.77","end_time":"129.66","alternatives":[{"confidence":"0.9783","content":"주세요"}],"type":"pronunciation"},{"alternatives":[{"confidence":"0.0","content":"."}],"type":"punctuation"}]},"status":"COMPLETED"}