{"jobName":"transcribe_loan40","accountId":"097989105209","results":{"transcripts":[{"transcript":"예. 안녕하십니까? 저 은행이라고 합니다. 금요일 저희 좀 으로 음성 안내 메시지 들으시고 마이너스 통장상담 문의 하시는 분이 많으십니까. 한 가지만 좀 여쭤볼게요. 쪽에서 지금 자금받으신 게 금리 으로 나오셨나요 굉장히 카드를 이용하시니까 카드로 이용하시면 좀 낫지 않으시겠어요 일단 지금 지금 자금 계획 있으신게 어떤 용도로 사용하시라고 생각을 하시는 그럼 자금그런 대화는 말고 신규 작업을 한 오백 가량 정도만 더 있으시면 되는 거고요. 알겠습니다. 저희 한번 조회를 해보고 결과를 해 드려볼거고요. 마지막으로 본인하기 위해서 우리 고객님성함이랑 생년월일만한 여섯자리 확인한 부탁드리겠습니다. 예. 소중한 정보 감사드리고요. 저희가 조회를 해보고 결과가 나온데 연락을 드릴텐데. 아무래도 가족의 때 소요되는 시간은 한 시간 에서 지금 수요가 계십니다."}],"items":[{"start_time":"0.06","end_time":"0.26","alternatives":[{"confidence":"0.9575","content":"예"}],"type":"pronunciation"},{"alternatives":[{"confidence":"0.0","content":"."}],"type":"punctuation"},{"start_time":"0.26","end_time":"1.01","alternatives":[{"confidence":"1.0","content":"안녕하십니까"}],"type":"pronunciation"},{"alternatives":[{"confidence":"0.0","content":"?"}],"type":"punctuation"},{"start_time":"1.01","end_time":"1.22","alternatives":[{"confidence":"0.261","content":"저"}],"type":"pronunciation"},{"start_time":"1.41","end_time":"2.31","alternatives":[{"confidence":"0.60635","content":"은행이라고"}],"type":"pronunciation"},{"start_time":"2.31","end_time":"2.93","alternatives":[{"confidence":"0.99","content":"합니다"}],"type":"pronunciation"},{"alternatives":[{"confidence":"0.0","content":"."}],"type":"punctuation"},{"start_time":"3.57","end_time":"3.84","alternatives":[{"confidence":"0.5399","content":"금요일"}],"type":"pronunciation"},{"start_time":"3.84","end_time":"4.04","alternatives":[{"confidence":"0.8147","content":"저희"}],"type":"pronunciation"},{"start_time":"4.04","end_time":"4.16","alternatives":[{"confidence":"0.3122","content":"좀"}],"type":"pronunciation"},{"start_time":"4.16","end_time":"4.3","alternatives":[{"confidence":"0.5801","content":"으로"}],"type":"pronunciation"},{"start_time":"4.3","end_time":"4.56","alternatives":[{"confidence":"0.7784","content":"음성"}],"type":"pronunciation"},{"start_time":"4.56","end_time":"4.77","alternatives":[{"confidence":"0.401","content":"안내"}],"type":"pronunciation"},{"start_time":"4.77","end_time":"5.05","alternatives":[{"confidence":"0.0707","content":"메시지"}],"type":"pronunciation"},{"start_time":"5.05","end_time":"5.78","alternatives":[{"confidence":"0.9902500000000001","content":"들으시고"}],"type":"pronunciation"},{"start_time":"6.05","end_time":"6.55","alternatives":[{"confidence":"0.774","content":"마이너스"}],"type":"pronunciation"},{"start_time":"6.55","end_time":"7.25","alternatives":[{"confidence":"0.8228500000000001","content":"통장상담"}],"type":"pronunciation"},{"start_time":"7.25","end_time":"7.41","alternatives":[{"confidence":"0.4263","content":"문의"}],"type":"pronunciation"},{"start_time":"7.41","end_time":"7.67","alternatives":[{"confidence":"0.7548","content":"하시는"}],"type":"pronunciation"},{"start_time":"7.67","end_time":"7.8","alternatives":[{"confidence":"0.8568","content":"분이"}],"type":"pronunciation"},{"start_time":"7.8","end_time":"8.59","alternatives":[{"confidence":"0.9407","content":"많으십니까"}],"type":"pronunciation"},{"alternatives":[{"confidence":"0.0","content":"."}],"type":"punctuation"},{"start_time":"9.24","end_time":"9.38","alternatives":[{"confidence":"0.5797","content":"한"}],"type":"pronunciation"},{"start_time":"9.38","end_time":"9.81","alternatives":[{"confidence":"1.0","content":"가지만"}],"type":"pronunciation"},{"start_time":"9.84","end_time":"10.09","alternatives":[{"confidence":"0.9997","content":"좀"}],"type":"pronunciation"},{"start_time":"10.12","end_time":"10.68","alternatives":[{"confidence":"0.9932000000000001","content":"여쭤볼게요"}],"type":"pronunciation"},{"alternatives":[{"confidence":"0.0","content":"."}],"type":"punctuation"},{"start_time":"11.61","end_time":"12.0","alternatives":[{"confidence":"0.9982","content":"쪽에서"}],"type":"pronunciation"},{"start_time":"12.0","end_time":"12.41","alternatives":[{"confidence":"0.9461","content":"지금"}],"type":"pronunciation"},{"start_time":"12.41","end_time":"13.03","alternatives":[{"confidence":"0.7538666666666667","content":"자금받으신"}],"type":"pronunciation"},{"start_time":"13.03","end_time":"13.41","alternatives":[{"confidence":"0.9538","content":"게"}],"type":"pronunciation"},{"start_time":"13.41","end_time":"13.72","alternatives":[{"confidence":"0.1279","content":"금리"}],"type":"pronunciation"},{"start_time":"13.96","end_time":"14.09","alternatives":[{"confidence":"0.8769","content":"으로"}],"type":"pronunciation"},{"start_time":"14.09","end_time":"14.85","alternatives":[{"confidence":"0.99925","content":"나오셨나요"}],"type":"pronunciation"},{"start_time":"17.95","end_time":"18.47","alternatives":[{"confidence":"1.0","content":"굉장히"}],"type":"pronunciation"},{"start_time":"18.83","end_time":"19.48","alternatives":[{"confidence":"0.4514","content":"카드를"}],"type":"pronunciation"},{"start_time":"19.48","end_time":"20.12","alternatives":[{"confidence":"0.9864","content":"이용하시니까"}],"type":"pronunciation"},{"start_time":"20.12","end_time":"20.71","alternatives":[{"confidence":"0.7377","content":"카드로"}],"type":"pronunciation"},{"start_time":"20.71","end_time":"21.13","alternatives":[{"confidence":"0.97515","content":"이용하시면"}],"type":"pronunciation"},{"start_time":"21.13","end_time":"21.29","alternatives":[{"confidence":"0.9338","content":"좀"}],"type":"pronunciation"},{"start_time":"21.29","end_time":"21.59","alternatives":[{"confidence":"0.814","content":"낫지"}],"type":"pronunciation"},{"start_time":"21.59","end_time":"22.29","alternatives":[{"confidence":"0.7193499999999999","content":"않으시겠어요"}],"type":"pronunciation"},{"start_time":"22.47","end_time":"22.99","alternatives":[{"confidence":"1.0","content":"일단"}],"type":"pronunciation"},{"start_time":"22.99","end_time":"23.19","alternatives":[{"confidence":"0.9876","content":"지금"}],"type":"pronunciation"},{"start_time":"23.19","end_time":"23.43","alternatives":[{"confidence":"0.9731","content":"지금"}],"type":"pronunciation"},{"start_time":"23.43","end_time":"23.77","alternatives":[{"confidence":"0.6545","content":"자금"}],"type":"pronunciation"},{"start_time":"23.77","end_time":"24.02","alternatives":[{"confidence":"0.8677","content":"계획"}],"type":"pronunciation"},{"start_time":"24.02","end_time":"24.46","alternatives":[{"confidence":"0.8855500000000001","content":"있으신게"}],"type":"pronunciation"},{"start_time":"24.46","end_time":"24.87","alternatives":[{"confidence":"0.5757","content":"어떤"}],"type":"pronunciation"},{"start_time":"24.87","end_time":"25.13","alternatives":[{"confidence":"0.8146","content":"용도로"}],"type":"pronunciation"},{"start_time":"25.13","end_time":"25.64","alternatives":[{"confidence":"0.9944666666666667","content":"사용하시라고"}],"type":"pronunciation"},{"start_time":"25.77","end_time":"26.05","alternatives":[{"confidence":"0.8547","content":"생각을"}],"type":"pronunciation"},{"start_time":"26.05","end_time":"26.28","alternatives":[{"confidence":"0.3946","content":"하시는"}],"type":"pronunciation"},{"start_time":"30.89","end_time":"31.22","alternatives":[{"confidence":"0.8827","content":"그럼"}],"type":"pronunciation"},{"start_time":"31.32","end_time":"32.07","alternatives":[{"confidence":"0.41004999999999997","content":"자금그런"}],"type":"pronunciation"},{"start_time":"32.07","end_time":"32.41","alternatives":[{"confidence":"0.0708","content":"대화는"}],"type":"pronunciation"},{"start_time":"32.41","end_time":"32.66","alternatives":[{"confidence":"0.9565","content":"말고"}],"type":"pronunciation"},{"start_time":"32.66","end_time":"32.9","alternatives":[{"confidence":"0.5058","content":"신규"}],"type":"pronunciation"},{"start_time":"32.9","end_time":"33.13","alternatives":[{"confidence":"0.6136","content":"작업을"}],"type":"pronunciation"},{"start_time":"33.13","end_time":"33.22","alternatives":[{"confidence":"0.8658","content":"한"}],"type":"pronunciation"},{"start_time":"33.22","end_time":"33.45","alternatives":[{"confidence":"0.5039","content":"오백"}],"type":"pronunciation"},{"start_time":"33.45","end_time":"33.66","alternatives":[{"confidence":"0.4251","content":"가량"}],"type":"pronunciation"},{"start_time":"33.66","end_time":"33.99","alternatives":[{"confidence":"0.9939","content":"정도만"}],"type":"pronunciation"},{"start_time":"33.99","end_time":"34.08","alternatives":[{"confidence":"0.3403","content":"더"}],"type":"pronunciation"},{"start_time":"34.08","end_time":"34.4","alternatives":[{"confidence":"0.9944","content":"있으시면"}],"type":"pronunciation"},{"start_time":"34.4","end_time":"34.57","alternatives":[{"confidence":"0.8994","content":"되는"}],"type":"pronunciation"},{"start_time":"34.57","end_time":"35.4","alternatives":[{"confidence":"0.9319999999999999","content":"거고요"}],"type":"pronunciation"},{"alternatives":[{"confidence":"0.0","content":"."}],"type":"punctuation"},{"start_time":"35.78","end_time":"36.24","alternatives":[{"confidence":"0.8928","content":"알겠습니다"}],"type":"pronunciation"},{"alternatives":[{"confidence":"0.0","content":"."}],"type":"punctuation"},{"start_time":"36.24","end_time":"36.37","alternatives":[{"confidence":"0.3775","content":"저희"}],"type":"pronunciation"},{"start_time":"36.37","end_time":"36.56","alternatives":[{"confidence":"0.8225","content":"한번"}],"type":"pronunciation"},{"start_time":"36.56","end_time":"36.82","alternatives":[{"confidence":"0.9907","content":"조회를"}],"type":"pronunciation"},{"start_time":"36.82","end_time":"37.06","alternatives":[{"confidence":"0.985","content":"해보고"}],"type":"pronunciation"},{"start_time":"37.06","end_time":"37.45","alternatives":[{"confidence":"0.9142","content":"결과를"}],"type":"pronunciation"},{"start_time":"37.45","end_time":"37.56","alternatives":[{"confidence":"0.6568","content":"해"}],"type":"pronunciation"},{"start_time":"37.56","end_time":"38.51","alternatives":[{"confidence":"0.802575","content":"드려볼거고요"}],"type":"pronunciation"},{"alternatives":[{"confidence":"0.0","content":"."}],"type":"punctuation"},{"start_time":"38.57","end_time":"39.19","alternatives":[{"confidence":"1.0","content":"마지막으로"}],"type":"pronunciation"},{"start_time":"39.19","end_time":"39.62","alternatives":[{"confidence":"0.74985","content":"본인하기"}],"type":"pronunciation"},{"start_time":"39.62","end_time":"39.83","alternatives":[{"confidence":"0.9758","content":"위해서"}],"type":"pronunciation"},{"start_time":"39.83","end_time":"39.95","alternatives":[{"confidence":"0.9799","content":"우리"}],"type":"pronunciation"},{"start_time":"39.95","end_time":"40.96","alternatives":[{"confidence":"0.7601249999999999","content":"고객님성함이랑"}],"type":"pronunciation"},{"start_time":"40.99","end_time":"41.91","alternatives":[{"confidence":"0.7009","content":"생년월일만한"}],"type":"pronunciation"},{"start_time":"41.91","end_time":"42.3","alternatives":[{"confidence":"0.3544","content":"여섯자리"}],"type":"pronunciation"},{"start_time":"42.3","end_time":"42.57","alternatives":[{"confidence":"0.92","content":"확인한"}],"type":"pronunciation"},{"start_time":"42.57","end_time":"43.5","alternatives":[{"confidence":"0.9176500000000001","content":"부탁드리겠습니다"}],"type":"pronunciation"},{"alternatives":[{"confidence":"0.0","content":"."}],"type":"punctuation"},{"start_time":"43.66","end_time":"43.93","alternatives":[{"confidence":"0.2876","content":"예"}],"type":"pronunciation"},{"alternatives":[{"confidence":"0.0","content":"."}],"type":"punctuation"},{"start_time":"43.96","end_time":"44.29","alternatives":[{"confidence":"0.9965","content":"소중한"}],"type":"pronunciation"},{"start_time":"44.29","end_time":"44.45","alternatives":[{"confidence":"0.969","content":"정보"}],"type":"pronunciation"},{"start_time":"44.45","end_time":"45.32","alternatives":[{"confidence":"0.9984","content":"감사드리고요"}],"type":"pronunciation"},{"alternatives":[{"confidence":"0.0","content":"."}],"type":"punctuation"},{"start_time":"45.8","end_time":"46.06","alternatives":[{"confidence":"1.0","content":"저희가"}],"type":"pronunciation"},{"start_time":"46.19","end_time":"46.57","alternatives":[{"confidence":"0.9907","content":"조회를"}],"type":"pronunciation"},{"start_time":"46.57","end_time":"47.05","alternatives":[{"confidence":"0.9933","content":"해보고"}],"type":"pronunciation"},{"start_time":"47.05","end_time":"47.4","alternatives":[{"confidence":"0.6187","content":"결과가"}],"type":"pronunciation"},{"start_time":"47.4","end_time":"47.75","alternatives":[{"confidence":"0.6654","content":"나온데"}],"type":"pronunciation"},{"start_time":"47.75","end_time":"48.06","alternatives":[{"confidence":"1.0","content":"연락을"}],"type":"pronunciation"},{"start_time":"48.06","end_time":"48.84","alternatives":[{"confidence":"0.89845","content":"드릴텐데"}],"type":"pronunciation"},{"alternatives":[{"confidence":"0.0","content":"."}],"type":"punctuation"},{"start_time":"48.87","end_time":"49.37","alternatives":[{"confidence":"1.0","content":"아무래도"}],"type":"pronunciation"},{"start_time":"49.37","end_time":"49.74","alternatives":[{"confidence":"0.2747","content":"가족의"}],"type":"pronunciation"},{"start_time":"49.74","end_time":"49.95","alternatives":[{"confidence":"0.615","content":"때"}],"type":"pronunciation"},{"start_time":"49.95","end_time":"50.35","alternatives":[{"confidence":"0.9994","content":"소요되는"}],"type":"pronunciation"},{"start_time":"50.35","end_time":"50.76","alternatives":[{"confidence":"0.9975","content":"시간은"}],"type":"pronunciation"},{"start_time":"50.76","end_time":"50.9","alternatives":[{"confidence":"0.6103","content":"한"}],"type":"pronunciation"},{"start_time":"50.9","end_time":"51.2","alternatives":[{"confidence":"0.5359","content":"시간"}],"type":"pronunciation"},{"start_time":"51.2","end_time":"51.35","alternatives":[{"confidence":"0.9865","content":"에서"}],"type":"pronunciation"},{"start_time":"51.35","end_time":"51.59","alternatives":[{"confidence":"0.9142","content":"지금"}],"type":"pronunciation"},{"start_time":"51.75","end_time":"51.97","alternatives":[{"confidence":"0.9715","content":"수요가"}],"type":"pronunciation"},{"start_time":"51.97","end_time":"52.56","alternatives":[{"confidence":"0.7285","content":"계십니다"}],"type":"pronunciation"},{"alternatives":[{"confidence":"0.0","content":"."}],"type":"punctuation"}]},"status":"COMPLETED"}