{"jobName":"transcribe_loan25","accountId":"097989105209","results":{"transcripts":[{"transcript":"이제 신용평지역이라는 게 어떤 방법으로도 당일날 바로 사용시키는 건 불가능정상적인 방법으로는 불가능하거든요. 그렇기 때문에 저희 쪽에서는 이제 우회적인 방법을 통해서 당일 상향을 도와드릴 거거든요. 그렇기 때문에 고기님께서 정확하게 인지를 하셔야 되고요. 일단은 본인이 쉽게 생각하시면 되거든요. 제가 어렵게 뭐 딱딱하게 말해서 뭐 어렵게 생각할 수도 있지만 이제 뭐 정상적으로 어떻게 올라가는지 알고 있으면 우회적인 방법으로 어떻게 올라가는지 이 금방 계시니까요 제가 말씀 한번 드리겠습니다. 일단은 정상적으로 이십육 이 올라갈 수 있는 방법은 고객님께서. 이제 예를 들어 가지고 어떤 금융사에서 대출을 받으셨을 때에 계약기간이 대출은 설정이 되기 때문에 삼 년이라고 만약에 설정이 된다면 이 삼 년에 계약기간 동안 연체없이 상환을 하고 나서 정상적으로 계약만료가 돼서 나쁘고 다시 끝났을 경우에 신용 평점이 올라가세요. 그런데 국민의 하루 만에 점을 보완해야 되지 않습니까? 그래서 우회적인 방법이 필요한 거고 우회적인 방법으로 가장 가장 확실한 방법이 강제상황방식이라는 게 있습니다. 강제상황방식이 이제 정상적인 사용 방법은 어떻게 되냐면? 고인이 이미 이제 금융 사랑마찰이 빚어졌거나 또는 대출 받고 나서 문제가 생겼을 때 의 고인께서 이제 금융사에다가 문제 해결을 해달라고 클레임을 될 경우 걸 경우에는 그런 문제 해결을 해달라고 했을 경우에 금융사에서 무시하는 경우가 허다해요. 근데 이제 그런 부분에 대해서 고객들이 피해를 보면 안 되지 않습니까? 그렇기 때문에 은행연합회 금융사위에서 은행들관리하는 은행연합쪽에서 클레이불편사항들을 접수를 해줍니다. 불편상에 접속해서 공인님께서 불편상이 해결이 되면 경제상환대출사에서 대출자금을 받았었는데 받았으니까 내가 잘못된 부분이 있을 시간입니다. 맞죠? 그러면 이 관계 상황이라는 방식을 통해서 이자나 중도상환수수료또는 고객이 뭐 신용상의 불이익안 받고 강상환처리를 할 수 있는 방법이거든요 이 부분을 적용을 해서 저희가 도와드릴 수가 있어요. 정부 지원상품이라서 제가 이제 조금 월권 행사를 할 수 있는 부분인데 고기 님께서 이제 저희 그러니까 이제 고객님적용을 해드리는 이 방법을 고객님께서 가장 빠르게 받으실 수 있는 금융사에서 대출을 받으신 다음에 해당대출금액을 이용을 하시는 게 아니라 당일날 바로 은행연합회 전산에다가 저희가 올려드릴 거예요. 농협고객인데 저희 쪽에서 이 대출받아가려고 하고 있는데 다른 쪽에서 자금이 너무 급해 가지고 개헌이 너무 급해서 다른 쪽에서 대출을 잘못 받았다, 그러니까 강제상황에서 이제 할 수 있게 허가승인을 내려달라고 할 거예요. 그러면 허가성이 떨어지면 담당자가 배정이 될 수 있거든요. 그러면 이제 그 담당자를 통해서 강제상환처리를 하시고 그 담당자가 강제상황처리한다고 편중이 올라가는 건 아니고요. 경제 상황 처리하실 때 이제 전산상으로 고객님오늘 빌려서 오늘 갚으시는 거지만 전산상으로는 평점이 올라갈 수 있게 정상적인 대출이용계약기간 삼 년이면 삼 년 전부 다 이용을 하고 완납처리하신 것처럼 서류를 작성해서 전산에다가 등록을 해드릴 겁니다. 그러면 평점이 올라가시거든요. 그렇게 해서 저희 쪽에서 보증서 발급이 가능하면 대출 지급을 해드릴 수가 있어요. 제가 말씀드린 부분에 대해서 이제 안 되시는 부분 혹시 있으십니까? 해야 하죠. 절차는 복잡해요. 근데 간단하게 딱 포인트만 찍어드리면요 지금 평점이 부족하기 때문에 다른 데서 대출받아가지고 당일날 그쪽으로 같이 갚으시면 되는데 평점 상향을 위해서 중간에 하나만 걸치면 된단 말입니다. 은행연합회를 그런데 그러면 돈을 그래 저 천만원 정도 있어야 되잖아요. 제가 지금 고객님께서 가지고 계신 대출을 갚으라는 게 아니고요. 다른 데도 대출을 하나 발생을 시켜가지고 그 돈을 갚으시면 자금에 대한 부담이 없으시지 않습니까? 예. 그렇게 진행을 담당자가 할 수 있게 도와줄 겁니다. 알겠습니다. 일단 만약에 단계에서 대출이 안 나온다면 고기 말씀하신 대로 지금 뭐 기존의 하셔야 될 수도 있는데 고객님같은 경우에는 지금 보시면 신용상이 큰 문제없고 저희 농협에서도 대출해 나가실 수 있는 부분이 있으시니깐요. 그러니까 지금 이 대출지금 좀 뭐가 모자라서 보완을 해야 되지만 일단 뭐 대출을 받으실 수 있는 크게 문제가 없지장이 없으시기 때문에 나이도 오십 사년생 이는 딱 턱거리시거든요 그러시기 때문에 대출은 무조건 나오실 수가 있으세요? 그러니까 진행하시면 됩니다. 한번 얘기해가지고. 알겠습니다. 그러면 담당자한테 내용이나 공부내려 드릴테니까요 전화하시면 받아보시고요. 감사합니다. 농협심사부의 조희민 과정이었습니다. 고맙습니다. 네, 감사합니다."}],"items":[{"start_time":"0.4","end_time":"0.62","alternatives":[{"confidence":"0.9731","content":"이제"}],"type":"pronunciation"},{"start_time":"0.65","end_time":"1.5","alternatives":[{"confidence":"0.726925","content":"신용평지역이라는"}],"type":"pronunciation"},{"start_time":"1.5","end_time":"1.58","alternatives":[{"confidence":"0.7394","content":"게"}],"type":"pronunciation"},{"start_time":"1.58","end_time":"1.87","alternatives":[{"confidence":"0.9083","content":"어떤"}],"type":"pronunciation"},{"start_time":"1.87","end_time":"2.42","alternatives":[{"confidence":"0.79625","content":"방법으로도"}],"type":"pronunciation"},{"start_time":"2.42","end_time":"2.89","alternatives":[{"confidence":"0.6717666666666666","content":"당일날"}],"type":"pronunciation"},{"start_time":"2.89","end_time":"3.1","alternatives":[{"confidence":"0.9938","content":"바로"}],"type":"pronunciation"},{"start_time":"3.1","end_time":"3.66","alternatives":[{"confidence":"0.655","content":"사용시키는"}],"type":"pronunciation"},{"start_time":"3.66","end_time":"3.76","alternatives":[{"confidence":"0.9491","content":"건"}],"type":"pronunciation"},{"start_time":"3.76","end_time":"6.44","alternatives":[{"confidence":"0.9293","content":"불가능정상적인"}],"type":"pronunciation"},{"start_time":"6.44","end_time":"7.0","alternatives":[{"confidence":"0.9956","content":"방법으로는"}],"type":"pronunciation"},{"start_time":"7.0","end_time":"7.81","alternatives":[{"confidence":"0.9994000000000001","content":"불가능하거든요"}],"type":"pronunciation"},{"alternatives":[{"confidence":"0.0","content":"."}],"type":"punctuation"},{"start_time":"7.81","end_time":"8.11","alternatives":[{"confidence":"1.0","content":"그렇기"}],"type":"pronunciation"},{"start_time":"8.11","end_time":"8.33","alternatives":[{"confidence":"0.9996","content":"때문에"}],"type":"pronunciation"},{"start_time":"8.33","end_time":"8.47","alternatives":[{"confidence":"0.9919","content":"저희"}],"type":"pronunciation"},{"start_time":"8.47","end_time":"8.98","alternatives":[{"confidence":"0.9998","content":"쪽에서는"}],"type":"pronunciation"},{"start_time":"9.25","end_time":"9.4","alternatives":[{"confidence":"0.7414","content":"이제"}],"type":"pronunciation"},{"start_time":"9.43","end_time":"9.95","alternatives":[{"confidence":"1.0","content":"우회적인"}],"type":"pronunciation"},{"start_time":"9.95","end_time":"10.31","alternatives":[{"confidence":"1.0","content":"방법을"}],"type":"pronunciation"},{"start_time":"10.31","end_time":"11.05","alternatives":[{"confidence":"0.9666","content":"통해서"}],"type":"pronunciation"},{"start_time":"11.25","end_time":"11.55","alternatives":[{"confidence":"0.9887","content":"당일"}],"type":"pronunciation"},{"start_time":"11.55","end_time":"11.91","alternatives":[{"confidence":"0.71795","content":"상향을"}],"type":"pronunciation"},{"start_time":"11.91","end_time":"12.26","alternatives":[{"confidence":"0.79695","content":"도와드릴"}],"type":"pronunciation"},{"start_time":"12.26","end_time":"13.05","alternatives":[{"confidence":"0.996","content":"거거든요"}],"type":"pronunciation"},{"alternatives":[{"confidence":"0.0","content":"."}],"type":"punctuation"},{"start_time":"13.08","end_time":"13.32","alternatives":[{"confidence":"0.8461","content":"그렇기"}],"type":"pronunciation"},{"start_time":"13.32","end_time":"13.66","alternatives":[{"confidence":"0.9975","content":"때문에"}],"type":"pronunciation"},{"start_time":"13.66","end_time":"14.12","alternatives":[{"confidence":"0.46934999999999993","content":"고기님께서"}],"type":"pronunciation"},{"start_time":"14.12","end_time":"14.54","alternatives":[{"confidence":"1.0","content":"정확하게"}],"type":"pronunciation"},{"start_time":"14.54","end_time":"14.81","alternatives":[{"confidence":"0.9634","content":"인지를"}],"type":"pronunciation"},{"start_time":"14.81","end_time":"15.03","alternatives":[{"confidence":"0.9821","content":"하셔야"}],"type":"pronunciation"},{"start_time":"15.03","end_time":"15.73","alternatives":[{"confidence":"0.99885","content":"되고요"}],"type":"pronunciation"},{"alternatives":[{"confidence":"0.0","content":"."}],"type":"punctuation"},{"start_time":"15.82","end_time":"16.43","alternatives":[{"confidence":"0.999","content":"일단은"}],"type":"pronunciation"},{"start_time":"16.43","end_time":"16.77","alternatives":[{"confidence":"0.5052","content":"본인이"}],"type":"pronunciation"},{"start_time":"16.83","end_time":"17.11","alternatives":[{"confidence":"1.0","content":"쉽게"}],"type":"pronunciation"},{"start_time":"17.11","end_time":"17.58","alternatives":[{"confidence":"1.0","content":"생각하시면"}],"type":"pronunciation"},{"start_time":"17.58","end_time":"17.84","alternatives":[{"confidence":"0.72215","content":"되거든요"}],"type":"pronunciation"},{"alternatives":[{"confidence":"0.0","content":"."}],"type":"punctuation"},{"start_time":"17.99","end_time":"18.2","alternatives":[{"confidence":"0.9988","content":"제가"}],"type":"pronunciation"},{"start_time":"18.2","end_time":"18.56","alternatives":[{"confidence":"1.0","content":"어렵게"}],"type":"pronunciation"},{"start_time":"18.59","end_time":"18.73","alternatives":[{"confidence":"0.3927","content":"뭐"}],"type":"pronunciation"},{"start_time":"18.76","end_time":"19.21","alternatives":[{"confidence":"0.9982","content":"딱딱하게"}],"type":"pronunciation"},{"start_time":"19.21","end_time":"19.77","alternatives":[{"confidence":"1.0","content":"말해서"}],"type":"pronunciation"},{"start_time":"20.01","end_time":"20.24","alternatives":[{"confidence":"0.9166","content":"뭐"}],"type":"pronunciation"},{"start_time":"20.27","end_time":"20.6","alternatives":[{"confidence":"1.0","content":"어렵게"}],"type":"pronunciation"},{"start_time":"20.6","end_time":"20.94","alternatives":[{"confidence":"0.9922","content":"생각할"}],"type":"pronunciation"},{"start_time":"20.94","end_time":"21.1","alternatives":[{"confidence":"1.0","content":"수도"}],"type":"pronunciation"},{"start_time":"21.1","end_time":"21.68","alternatives":[{"confidence":"1.0","content":"있지만"}],"type":"pronunciation"},{"start_time":"22.45","end_time":"22.76","alternatives":[{"confidence":"0.9957","content":"이제"}],"type":"pronunciation"},{"start_time":"22.77","end_time":"22.91","alternatives":[{"confidence":"0.7692","content":"뭐"}],"type":"pronunciation"},{"start_time":"22.92","end_time":"23.49","alternatives":[{"confidence":"1.0","content":"정상적으로"}],"type":"pronunciation"},{"start_time":"23.49","end_time":"23.73","alternatives":[{"confidence":"0.993","content":"어떻게"}],"type":"pronunciation"},{"start_time":"23.73","end_time":"24.14","alternatives":[{"confidence":"0.99595","content":"올라가는지"}],"type":"pronunciation"},{"start_time":"24.14","end_time":"24.33","alternatives":[{"confidence":"0.9308","content":"알고"}],"type":"pronunciation"},{"start_time":"24.33","end_time":"24.71","alternatives":[{"confidence":"0.9455","content":"있으면"}],"type":"pronunciation"},{"start_time":"24.89","end_time":"25.33","alternatives":[{"confidence":"0.988","content":"우회적인"}],"type":"pronunciation"},{"start_time":"25.33","end_time":"25.76","alternatives":[{"confidence":"1.0","content":"방법으로"}],"type":"pronunciation"},{"start_time":"25.76","end_time":"26.03","alternatives":[{"confidence":"0.9962","content":"어떻게"}],"type":"pronunciation"},{"start_time":"26.03","end_time":"26.48","alternatives":[{"confidence":"0.9967999999999999","content":"올라가는지"}],"type":"pronunciation"},{"start_time":"26.48","end_time":"26.61","alternatives":[{"confidence":"0.7059","content":"이"}],"type":"pronunciation"},{"start_time":"26.61","end_time":"26.86","alternatives":[{"confidence":"0.9772","content":"금방"}],"type":"pronunciation"},{"start_time":"26.86","end_time":"27.57","alternatives":[{"confidence":"0.46765","content":"계시니까요"}],"type":"pronunciation"},{"start_time":"27.6","end_time":"27.75","alternatives":[{"confidence":"0.9855","content":"제가"}],"type":"pronunciation"},{"start_time":"27.75","end_time":"28.0","alternatives":[{"confidence":"0.9047","content":"말씀"}],"type":"pronunciation"},{"start_time":"28.0","end_time":"28.19","alternatives":[{"confidence":"0.8387","content":"한번"}],"type":"pronunciation"},{"start_time":"28.19","end_time":"28.81","alternatives":[{"confidence":"1.0","content":"드리겠습니다"}],"type":"pronunciation"},{"alternatives":[{"confidence":"0.0","content":"."}],"type":"punctuation"},{"start_time":"29.61","end_time":"29.94","alternatives":[{"confidence":"0.9992","content":"일단은"}],"type":"pronunciation"},{"start_time":"29.94","end_time":"30.55","alternatives":[{"confidence":"1.0","content":"정상적으로"}],"type":"pronunciation"},{"start_time":"30.55","end_time":"30.94","alternatives":[{"confidence":"0.6457","content":"이십육"}],"type":"pronunciation"},{"start_time":"31.18","end_time":"31.25","alternatives":[{"confidence":"0.5739","content":"이"}],"type":"pronunciation"},{"start_time":"31.25","end_time":"31.52","alternatives":[{"confidence":"0.9503","content":"올라갈"}],"type":"pronunciation"},{"start_time":"31.52","end_time":"31.6","alternatives":[{"confidence":"1.0","content":"수"}],"type":"pronunciation"},{"start_time":"31.6","end_time":"31.75","alternatives":[{"confidence":"1.0","content":"있는"}],"type":"pronunciation"},{"start_time":"31.75","end_time":"32.35","alternatives":[{"confidence":"0.9999","content":"방법은"}],"type":"pronunciation"},{"start_time":"32.7","end_time":"33.34","alternatives":[{"confidence":"0.7565","content":"고객님께서"}],"type":"pronunciation"},{"alternatives":[{"confidence":"0.0","content":"."}],"type":"punctuation"},{"start_time":"33.34","end_time":"33.5","alternatives":[{"confidence":"0.9523","content":"이제"}],"type":"pronunciation"},{"start_time":"33.5","end_time":"33.79","alternatives":[{"confidence":"0.9999","content":"예를"}],"type":"pronunciation"},{"start_time":"33.79","end_time":"33.95","alternatives":[{"confidence":"0.573","content":"들어"}],"type":"pronunciation"},{"start_time":"33.95","end_time":"34.23","alternatives":[{"confidence":"0.9881","content":"가지고"}],"type":"pronunciation"},{"start_time":"34.23","end_time":"34.43","alternatives":[{"confidence":"0.9805","content":"어떤"}],"type":"pronunciation"},{"start_time":"34.43","end_time":"34.94","alternatives":[{"confidence":"0.99995","content":"금융사에서"}],"type":"pronunciation"},{"start_time":"34.94","end_time":"35.61","alternatives":[{"confidence":"1.0","content":"대출을"}],"type":"pronunciation"},{"start_time":"35.64","end_time":"36.14","alternatives":[{"confidence":"0.9373","content":"받으셨을"}],"type":"pronunciation"},{"start_time":"36.14","end_time":"36.64","alternatives":[{"confidence":"0.7965","content":"때에"}],"type":"pronunciation"},{"start_time":"37.21","end_time":"37.94","alternatives":[{"confidence":"0.78025","content":"계약기간이"}],"type":"pronunciation"},{"start_time":"37.94","end_time":"38.35","alternatives":[{"confidence":"0.94525","content":"대출은"}],"type":"pronunciation"},{"start_time":"38.41","end_time":"38.74","alternatives":[{"confidence":"0.7341","content":"설정이"}],"type":"pronunciation"},{"start_time":"38.74","end_time":"38.91","alternatives":[{"confidence":"0.9852","content":"되기"}],"type":"pronunciation"},{"start_time":"38.91","end_time":"39.26","alternatives":[{"confidence":"1.0","content":"때문에"}],"type":"pronunciation"},{"start_time":"39.29","end_time":"39.46","alternatives":[{"confidence":"0.5805","content":"삼"}],"type":"pronunciation"},{"start_time":"39.46","end_time":"39.88","alternatives":[{"confidence":"0.88195","content":"년이라고"}],"type":"pronunciation"},{"start_time":"39.88","end_time":"40.11","alternatives":[{"confidence":"0.9853","content":"만약에"}],"type":"pronunciation"},{"start_time":"40.11","end_time":"40.41","alternatives":[{"confidence":"0.6858","content":"설정이"}],"type":"pronunciation"},{"start_time":"40.41","end_time":"40.93","alternatives":[{"confidence":"0.5472","content":"된다면"}],"type":"pronunciation"},{"start_time":"41.18","end_time":"41.36","alternatives":[{"confidence":"0.7924","content":"이"}],"type":"pronunciation"},{"start_time":"41.36","end_time":"41.52","alternatives":[{"confidence":"0.614","content":"삼"}],"type":"pronunciation"},{"start_time":"41.52","end_time":"41.72","alternatives":[{"confidence":"0.5245","content":"년에"}],"type":"pronunciation"},{"start_time":"41.72","end_time":"42.16","alternatives":[{"confidence":"0.87905","content":"계약기간"}],"type":"pronunciation"},{"start_time":"42.16","end_time":"42.43","alternatives":[{"confidence":"0.9549","content":"동안"}],"type":"pronunciation"},{"start_time":"42.43","end_time":"42.89","alternatives":[{"confidence":"0.9889","content":"연체없이"}],"type":"pronunciation"},{"start_time":"42.89","end_time":"43.22","alternatives":[{"confidence":"0.8618","content":"상환을"}],"type":"pronunciation"},{"start_time":"43.22","end_time":"43.39","alternatives":[{"confidence":"0.9066","content":"하고"}],"type":"pronunciation"},{"start_time":"43.39","end_time":"43.7","alternatives":[{"confidence":"0.9836","content":"나서"}],"type":"pronunciation"},{"start_time":"43.7","end_time":"44.26","alternatives":[{"confidence":"1.0","content":"정상적으로"}],"type":"pronunciation"},{"start_time":"44.26","end_time":"44.85","alternatives":[{"confidence":"0.9307666666666666","content":"계약만료가"}],"type":"pronunciation"},{"start_time":"44.85","end_time":"45.27","alternatives":[{"confidence":"0.9968","content":"돼서"}],"type":"pronunciation"},{"start_time":"45.42","end_time":"45.77","alternatives":[{"confidence":"0.56925","content":"나쁘고"}],"type":"pronunciation"},{"start_time":"45.77","end_time":"45.99","alternatives":[{"confidence":"0.983","content":"다시"}],"type":"pronunciation"},{"start_time":"45.99","end_time":"46.38","alternatives":[{"confidence":"0.9977","content":"끝났을"}],"type":"pronunciation"},{"start_time":"46.38","end_time":"46.86","alternatives":[{"confidence":"0.9426","content":"경우에"}],"type":"pronunciation"},{"start_time":"47.2","end_time":"47.5","alternatives":[{"confidence":"0.6379","content":"신용"}],"type":"pronunciation"},{"start_time":"47.5","end_time":"47.87","alternatives":[{"confidence":"0.9942","content":"평점이"}],"type":"pronunciation"},{"start_time":"47.87","end_time":"48.58","alternatives":[{"confidence":"0.9797","content":"올라가세요"}],"type":"pronunciation"},{"alternatives":[{"confidence":"0.0","content":"."}],"type":"punctuation"},{"start_time":"50.0","end_time":"50.23","alternatives":[{"confidence":"0.6767","content":"그런데"}],"type":"pronunciation"},{"start_time":"50.23","end_time":"50.53","alternatives":[{"confidence":"0.5816","content":"국민의"}],"type":"pronunciation"},{"start_time":"50.53","end_time":"50.81","alternatives":[{"confidence":"0.2605","content":"하루"}],"type":"pronunciation"},{"start_time":"50.81","end_time":"51.2","alternatives":[{"confidence":"0.2572","content":"만에"}],"type":"pronunciation"},{"start_time":"51.56","end_time":"51.79","alternatives":[{"confidence":"0.8331","content":"점을"}],"type":"pronunciation"},{"start_time":"51.79","end_time":"52.14","alternatives":[{"confidence":"0.96995","content":"보완해야"}],"type":"pronunciation"},{"start_time":"52.14","end_time":"52.34","alternatives":[{"confidence":"0.998","content":"되지"}],"type":"pronunciation"},{"start_time":"52.34","end_time":"52.89","alternatives":[{"confidence":"0.9999","content":"않습니까"}],"type":"pronunciation"},{"alternatives":[{"confidence":"0.0","content":"?"}],"type":"punctuation"},{"start_time":"54.34","end_time":"54.77","alternatives":[{"confidence":"0.9998","content":"그래서"}],"type":"pronunciation"},{"start_time":"54.77","end_time":"55.19","alternatives":[{"confidence":"1.0","content":"우회적인"}],"type":"pronunciation"},{"start_time":"55.19","end_time":"55.53","alternatives":[{"confidence":"0.9997","content":"방법이"}],"type":"pronunciation"},{"start_time":"55.53","end_time":"55.82","alternatives":[{"confidence":"0.7155","content":"필요한"}],"type":"pronunciation"},{"start_time":"55.82","end_time":"56.42","alternatives":[{"confidence":"1.0","content":"거고"}],"type":"pronunciation"},{"start_time":"57.0","end_time":"57.56","alternatives":[{"confidence":"1.0","content":"우회적인"}],"type":"pronunciation"},{"start_time":"57.56","end_time":"57.96","alternatives":[{"confidence":"0.9994","content":"방법으로"}],"type":"pronunciation"},{"start_time":"57.96","end_time":"58.47","alternatives":[{"confidence":"0.9864","content":"가장"}],"type":"pronunciation"},{"start_time":"58.47","end_time":"58.82","alternatives":[{"confidence":"0.9998","content":"가장"}],"type":"pronunciation"},{"start_time":"58.82","end_time":"59.2","alternatives":[{"confidence":"1.0","content":"확실한"}],"type":"pronunciation"},{"start_time":"59.2","end_time":"59.78","alternatives":[{"confidence":"1.0","content":"방법이"}],"type":"pronunciation"},{"start_time":"60.05","end_time":"61.41","alternatives":[{"confidence":"0.734025","content":"강제상황방식이라는"}],"type":"pronunciation"},{"start_time":"61.41","end_time":"61.48","alternatives":[{"confidence":"0.9459","content":"게"}],"type":"pronunciation"},{"start_time":"61.48","end_time":"61.99","alternatives":[{"confidence":"0.9961","content":"있습니다"}],"type":"pronunciation"},{"alternatives":[{"confidence":"0.0","content":"."}],"type":"punctuation"},{"start_time":"63.2","end_time":"64.32","alternatives":[{"confidence":"0.7160666666666667","content":"강제상황방식이"}],"type":"pronunciation"},{"start_time":"64.35","end_time":"64.56","alternatives":[{"confidence":"0.9945","content":"이제"}],"type":"pronunciation"},{"start_time":"64.59","end_time":"65.35","alternatives":[{"confidence":"1.0","content":"정상적인"}],"type":"pronunciation"},{"start_time":"65.35","end_time":"65.64","alternatives":[{"confidence":"0.9656","content":"사용"}],"type":"pronunciation"},{"start_time":"65.64","end_time":"66.0","alternatives":[{"confidence":"0.8995","content":"방법은"}],"type":"pronunciation"},{"start_time":"66.0","end_time":"66.25","alternatives":[{"confidence":"1.0","content":"어떻게"}],"type":"pronunciation"},{"start_time":"66.25","end_time":"66.75","alternatives":[{"confidence":"0.9982","content":"되냐면"}],"type":"pronunciation"},{"alternatives":[{"confidence":"0.0","content":"?"}],"type":"punctuation"},{"start_time":"67.21","end_time":"67.52","alternatives":[{"confidence":"0.7147","content":"고인이"}],"type":"pronunciation"},{"start_time":"67.52","end_time":"67.75","alternatives":[{"confidence":"0.6301","content":"이미"}],"type":"pronunciation"},{"start_time":"67.75","end_time":"67.91","alternatives":[{"confidence":"0.9074","content":"이제"}],"type":"pronunciation"},{"start_time":"67.94","end_time":"68.26","alternatives":[{"confidence":"0.6146","content":"금융"}],"type":"pronunciation"},{"start_time":"68.26","end_time":"68.88","alternatives":[{"confidence":"0.8640333333333333","content":"사랑마찰이"}],"type":"pronunciation"},{"start_time":"68.88","end_time":"69.68","alternatives":[{"confidence":"0.9992666666666666","content":"빚어졌거나"}],"type":"pronunciation"},{"start_time":"69.89","end_time":"70.12","alternatives":[{"confidence":"1.0","content":"또는"}],"type":"pronunciation"},{"start_time":"70.12","end_time":"70.4","alternatives":[{"confidence":"0.9251","content":"대출"}],"type":"pronunciation"},{"start_time":"70.4","end_time":"70.65","alternatives":[{"confidence":"0.9427","content":"받고"}],"type":"pronunciation"},{"start_time":"70.65","end_time":"70.86","alternatives":[{"confidence":"0.9645","content":"나서"}],"type":"pronunciation"},{"start_time":"70.86","end_time":"71.23","alternatives":[{"confidence":"1.0","content":"문제가"}],"type":"pronunciation"},{"start_time":"71.23","end_time":"71.62","alternatives":[{"confidence":"0.9898","content":"생겼을"}],"type":"pronunciation"},{"start_time":"71.62","end_time":"71.81","alternatives":[{"confidence":"0.272","content":"때"}],"type":"pronunciation"},{"start_time":"71.81","end_time":"72.25","alternatives":[{"confidence":"0.1331","content":"의"}],"type":"pronunciation"},{"start_time":"72.74","end_time":"73.38","alternatives":[{"confidence":"0.9122666666666667","content":"고인께서"}],"type":"pronunciation"},{"start_time":"73.41","end_time":"73.55","alternatives":[{"confidence":"0.9728","content":"이제"}],"type":"pronunciation"},{"start_time":"73.56","end_time":"74.47","alternatives":[{"confidence":"0.8244333333333334","content":"금융사에다가"}],"type":"pronunciation"},{"start_time":"74.59","end_time":"75.07","alternatives":[{"confidence":"0.9872","content":"문제"}],"type":"pronunciation"},{"start_time":"75.07","end_time":"75.34","alternatives":[{"confidence":"0.9829","content":"해결을"}],"type":"pronunciation"},{"start_time":"75.34","end_time":"75.9","alternatives":[{"confidence":"0.9897","content":"해달라고"}],"type":"pronunciation"},{"start_time":"75.9","end_time":"76.35","alternatives":[{"confidence":"0.90575","content":"클레임을"}],"type":"pronunciation"},{"start_time":"76.35","end_time":"76.5","alternatives":[{"confidence":"0.9927","content":"될"}],"type":"pronunciation"},{"start_time":"76.5","end_time":"76.77","alternatives":[{"confidence":"0.9886","content":"경우"}],"type":"pronunciation"},{"start_time":"76.8","end_time":"77.06","alternatives":[{"confidence":"0.6548","content":"걸"}],"type":"pronunciation"},{"start_time":"77.06","end_time":"77.78","alternatives":[{"confidence":"1.0","content":"경우에는"}],"type":"pronunciation"},{"start_time":"78.33","end_time":"78.58","alternatives":[{"confidence":"0.9695","content":"그런"}],"type":"pronunciation"},{"start_time":"78.58","end_time":"78.88","alternatives":[{"confidence":"0.8809","content":"문제"}],"type":"pronunciation"},{"start_time":"78.88","end_time":"79.2","alternatives":[{"confidence":"0.9934","content":"해결을"}],"type":"pronunciation"},{"start_time":"79.2","end_time":"79.54","alternatives":[{"confidence":"0.9968","content":"해달라고"}],"type":"pronunciation"},{"start_time":"79.54","end_time":"79.71","alternatives":[{"confidence":"0.9998","content":"했을"}],"type":"pronunciation"},{"start_time":"79.71","end_time":"80.08","alternatives":[{"confidence":"0.7686","content":"경우에"}],"type":"pronunciation"},{"start_time":"80.08","end_time":"80.67","alternatives":[{"confidence":"0.91645","content":"금융사에서"}],"type":"pronunciation"},{"start_time":"80.67","end_time":"81.06","alternatives":[{"confidence":"1.0","content":"무시하는"}],"type":"pronunciation"},{"start_time":"81.06","end_time":"81.35","alternatives":[{"confidence":"0.9992","content":"경우가"}],"type":"pronunciation"},{"start_time":"81.35","end_time":"81.97","alternatives":[{"confidence":"0.9998666666666667","content":"허다해요"}],"type":"pronunciation"},{"alternatives":[{"confidence":"0.0","content":"."}],"type":"punctuation"},{"start_time":"83.23","end_time":"83.67","alternatives":[{"confidence":"0.8499","content":"근데"}],"type":"pronunciation"},{"start_time":"83.7","end_time":"83.89","alternatives":[{"confidence":"0.9994","content":"이제"}],"type":"pronunciation"},{"start_time":"84.07","end_time":"84.25","alternatives":[{"confidence":"0.6976","content":"그런"}],"type":"pronunciation"},{"start_time":"84.25","end_time":"84.58","alternatives":[{"confidence":"1.0","content":"부분에"}],"type":"pronunciation"},{"start_time":"84.58","end_time":"84.83","alternatives":[{"confidence":"0.9945","content":"대해서"}],"type":"pronunciation"},{"start_time":"84.83","end_time":"85.29","alternatives":[{"confidence":"0.9991","content":"고객들이"}],"type":"pronunciation"},{"start_time":"85.29","end_time":"85.64","alternatives":[{"confidence":"0.9991","content":"피해를"}],"type":"pronunciation"},{"start_time":"85.64","end_time":"85.84","alternatives":[{"confidence":"0.9982","content":"보면"}],"type":"pronunciation"},{"start_time":"85.84","end_time":"85.9","alternatives":[{"confidence":"0.6813","content":"안"}],"type":"pronunciation"},{"start_time":"85.9","end_time":"86.06","alternatives":[{"confidence":"1.0","content":"되지"}],"type":"pronunciation"},{"start_time":"86.06","end_time":"86.64","alternatives":[{"confidence":"1.0","content":"않습니까"}],"type":"pronunciation"},{"alternatives":[{"confidence":"0.0","content":"?"}],"type":"punctuation"},{"start_time":"87.52","end_time":"87.83","alternatives":[{"confidence":"1.0","content":"그렇기"}],"type":"pronunciation"},{"start_time":"87.83","end_time":"88.34","alternatives":[{"confidence":"0.9974","content":"때문에"}],"type":"pronunciation"},{"start_time":"88.37","end_time":"89.42","alternatives":[{"confidence":"0.78005","content":"은행연합회"}],"type":"pronunciation"},{"start_time":"89.63","end_time":"90.42","alternatives":[{"confidence":"0.8599333333333333","content":"금융사위에서"}],"type":"pronunciation"},{"start_time":"90.42","end_time":"91.32","alternatives":[{"confidence":"0.999","content":"은행들관리하는"}],"type":"pronunciation"},{"start_time":"91.35","end_time":"92.8","alternatives":[{"confidence":"0.9580666666666667","content":"은행연합쪽에서"}],"type":"pronunciation"},{"start_time":"93.65","end_time":"94.86","alternatives":[{"confidence":"0.95985","content":"클레이불편사항들을"}],"type":"pronunciation"},{"start_time":"94.86","end_time":"95.21","alternatives":[{"confidence":"0.9016","content":"접수를"}],"type":"pronunciation"},{"start_time":"95.21","end_time":"95.72","alternatives":[{"confidence":"0.8002","content":"해줍니다"}],"type":"pronunciation"},{"alternatives":[{"confidence":"0.0","content":"."}],"type":"punctuation"},{"start_time":"97.03","end_time":"97.56","alternatives":[{"confidence":"0.8390500000000001","content":"불편상에"}],"type":"pronunciation"},{"start_time":"97.56","end_time":"98.49","alternatives":[{"confidence":"0.97065","content":"접속해서"}],"type":"pronunciation"},{"start_time":"98.86","end_time":"99.54","alternatives":[{"confidence":"0.6883","content":"공인님께서"}],"type":"pronunciation"},{"start_time":"99.66","end_time":"100.13","alternatives":[{"confidence":"0.91585","content":"불편상이"}],"type":"pronunciation"},{"start_time":"100.13","end_time":"100.45","alternatives":[{"confidence":"0.9855499999999999","content":"해결이"}],"type":"pronunciation"},{"start_time":"100.45","end_time":"100.93","alternatives":[{"confidence":"0.9745","content":"되면"}],"type":"pronunciation"},{"start_time":"101.44","end_time":"103.24","alternatives":[{"confidence":"0.582425","content":"경제상환대출사에서"}],"type":"pronunciation"},{"start_time":"103.24","end_time":"103.77","alternatives":[{"confidence":"0.9279","content":"대출자금을"}],"type":"pronunciation"},{"start_time":"103.77","end_time":"104.33","alternatives":[{"confidence":"0.99905","content":"받았었는데"}],"type":"pronunciation"},{"start_time":"104.33","end_time":"104.92","alternatives":[{"confidence":"1.0","content":"받았으니까"}],"type":"pronunciation"},{"start_time":"104.92","end_time":"105.11","alternatives":[{"confidence":"0.9993","content":"내가"}],"type":"pronunciation"},{"start_time":"105.11","end_time":"105.71","alternatives":[{"confidence":"0.9724","content":"잘못된"}],"type":"pronunciation"},{"start_time":"105.71","end_time":"105.97","alternatives":[{"confidence":"0.9994","content":"부분이"}],"type":"pronunciation"},{"start_time":"105.97","end_time":"106.14","alternatives":[{"confidence":"0.9838","content":"있을"}],"type":"pronunciation"},{"start_time":"106.14","end_time":"106.61","alternatives":[{"confidence":"0.9989","content":"시간입니다"}],"type":"pronunciation"},{"alternatives":[{"confidence":"0.0","content":"."}],"type":"punctuation"},{"start_time":"106.61","end_time":"107.38","alternatives":[{"confidence":"1.0","content":"맞죠"}],"type":"pronunciation"},{"alternatives":[{"confidence":"0.0","content":"?"}],"type":"punctuation"},{"start_time":"108.23","end_time":"108.68","alternatives":[{"confidence":"1.0","content":"그러면"}],"type":"pronunciation"},{"start_time":"108.72","end_time":"108.86","alternatives":[{"confidence":"0.917","content":"이"}],"type":"pronunciation"},{"start_time":"108.86","end_time":"109.18","alternatives":[{"confidence":"0.3001","content":"관계"}],"type":"pronunciation"},{"start_time":"109.18","end_time":"109.7","alternatives":[{"confidence":"0.95795","content":"상황이라는"}],"type":"pronunciation"},{"start_time":"109.7","end_time":"110.07","alternatives":[{"confidence":"1.0","content":"방식을"}],"type":"pronunciation"},{"start_time":"110.07","end_time":"110.77","alternatives":[{"confidence":"0.9699","content":"통해서"}],"type":"pronunciation"},{"start_time":"111.1","end_time":"111.76","alternatives":[{"confidence":"0.9455","content":"이자나"}],"type":"pronunciation"},{"start_time":"111.79","end_time":"113.47","alternatives":[{"confidence":"1.0","content":"중도상환수수료또는"}],"type":"pronunciation"},{"start_time":"113.72","end_time":"114.15","alternatives":[{"confidence":"0.5799999999999998","content":"고객이"}],"type":"pronunciation"},{"start_time":"114.15","end_time":"114.41","alternatives":[{"confidence":"0.8566","content":"뭐"}],"type":"pronunciation"},{"start_time":"114.56","end_time":"115.07","alternatives":[{"confidence":"0.8652500000000001","content":"신용상의"}],"type":"pronunciation"},{"start_time":"115.07","end_time":"115.58","alternatives":[{"confidence":"0.97945","content":"불이익안"}],"type":"pronunciation"},{"start_time":"115.58","end_time":"115.89","alternatives":[{"confidence":"0.9973","content":"받고"}],"type":"pronunciation"},{"start_time":"115.89","end_time":"116.97","alternatives":[{"confidence":"0.9870333333333333","content":"강상환처리를"}],"type":"pronunciation"},{"start_time":"116.97","end_time":"117.06","alternatives":[{"confidence":"0.9994","content":"할"}],"type":"pronunciation"},{"start_time":"117.06","end_time":"117.13","alternatives":[{"confidence":"0.9995","content":"수"}],"type":"pronunciation"},{"start_time":"117.13","end_time":"117.28","alternatives":[{"confidence":"0.9993","content":"있는"}],"type":"pronunciation"},{"start_time":"117.28","end_time":"118.37","alternatives":[{"confidence":"0.84925","content":"방법이거든요"}],"type":"pronunciation"},{"start_time":"118.95","end_time":"119.07","alternatives":[{"confidence":"0.7913","content":"이"}],"type":"pronunciation"},{"start_time":"119.07","end_time":"119.51","alternatives":[{"confidence":"1.0","content":"부분을"}],"type":"pronunciation"},{"start_time":"119.51","end_time":"119.94","alternatives":[{"confidence":"0.9908","content":"적용을"}],"type":"pronunciation"},{"start_time":"119.94","end_time":"120.3","alternatives":[{"confidence":"0.9999","content":"해서"}],"type":"pronunciation"},{"start_time":"120.3","end_time":"120.57","alternatives":[{"confidence":"1.0","content":"저희가"}],"type":"pronunciation"},{"start_time":"120.57","end_time":"120.95","alternatives":[{"confidence":"0.9915","content":"도와드릴"}],"type":"pronunciation"},{"start_time":"120.95","end_time":"121.15","alternatives":[{"confidence":"0.9995","content":"수가"}],"type":"pronunciation"},{"start_time":"121.15","end_time":"121.62","alternatives":[{"confidence":"0.9966","content":"있어요"}],"type":"pronunciation"},{"alternatives":[{"confidence":"0.0","content":"."}],"type":"punctuation"},{"start_time":"121.74","end_time":"122.01","alternatives":[{"confidence":"0.5942","content":"정부"}],"type":"pronunciation"},{"start_time":"122.01","end_time":"122.88","alternatives":[{"confidence":"0.8382999999999999","content":"지원상품이라서"}],"type":"pronunciation"},{"start_time":"123.11","end_time":"123.43","alternatives":[{"confidence":"0.9987","content":"제가"}],"type":"pronunciation"},{"start_time":"123.46","end_time":"123.73","alternatives":[{"confidence":"0.9993","content":"이제"}],"type":"pronunciation"},{"start_time":"123.76","end_time":"124.22","alternatives":[{"confidence":"0.9797","content":"조금"}],"type":"pronunciation"},{"start_time":"124.25","end_time":"124.56","alternatives":[{"confidence":"0.9412499999999999","content":"월권"}],"type":"pronunciation"},{"start_time":"124.56","end_time":"124.82","alternatives":[{"confidence":"0.9974","content":"행사를"}],"type":"pronunciation"},{"start_time":"124.82","end_time":"124.92","alternatives":[{"confidence":"0.9999","content":"할"}],"type":"pronunciation"},{"start_time":"124.92","end_time":"125.0","alternatives":[{"confidence":"0.9999","content":"수"}],"type":"pronunciation"},{"start_time":"125.0","end_time":"125.16","alternatives":[{"confidence":"0.9999","content":"있는"}],"type":"pronunciation"},{"start_time":"125.16","end_time":"126.14","alternatives":[{"confidence":"0.9996499999999999","content":"부분인데"}],"type":"pronunciation"},{"start_time":"126.28","end_time":"126.53","alternatives":[{"confidence":"0.3142","content":"고기"}],"type":"pronunciation"},{"start_time":"126.53","end_time":"126.89","alternatives":[{"confidence":"0.9943","content":"님께서"}],"type":"pronunciation"},{"start_time":"126.89","end_time":"127.11","alternatives":[{"confidence":"0.999","content":"이제"}],"type":"pronunciation"},{"start_time":"127.14","end_time":"127.37","alternatives":[{"confidence":"0.5382","content":"저희"}],"type":"pronunciation"},{"start_time":"127.395","end_time":"127.665","alternatives":[{"confidence":"0.8552","content":"그러니까"}],"type":"pronunciation"},{"start_time":"127.695","end_time":"127.895","alternatives":[{"confidence":"0.9984","content":"이제"}],"type":"pronunciation"},{"start_time":"128.125","end_time":"129.285","alternatives":[{"confidence":"0.7385999999999999","content":"고객님적용을"}],"type":"pronunciation"},{"start_time":"129.285","end_time":"129.615","alternatives":[{"confidence":"0.46715000000000007","content":"해드리는"}],"type":"pronunciation"},{"start_time":"129.615","end_time":"129.695","alternatives":[{"confidence":"0.7659","content":"이"}],"type":"pronunciation"},{"start_time":"129.695","end_time":"130.235","alternatives":[{"confidence":"0.9992","content":"방법을"}],"type":"pronunciation"},{"start_time":"130.595","end_time":"131.205","alternatives":[{"confidence":"0.94035","content":"고객님께서"}],"type":"pronunciation"},{"start_time":"131.205","end_time":"131.515","alternatives":[{"confidence":"0.9995","content":"가장"}],"type":"pronunciation"},{"start_time":"131.515","end_time":"131.895","alternatives":[{"confidence":"1.0","content":"빠르게"}],"type":"pronunciation"},{"start_time":"131.895","end_time":"132.305","alternatives":[{"confidence":"1.0","content":"받으실"}],"type":"pronunciation"},{"start_time":"132.305","end_time":"132.455","alternatives":[{"confidence":"0.9999","content":"수"}],"type":"pronunciation"},{"start_time":"132.455","end_time":"132.685","alternatives":[{"confidence":"0.9922","content":"있는"}],"type":"pronunciation"},{"start_time":"132.685","end_time":"133.415","alternatives":[{"confidence":"1.0","content":"금융사에서"}],"type":"pronunciation"},{"start_time":"133.415","end_time":"133.875","alternatives":[{"confidence":"1.0","content":"대출을"}],"type":"pronunciation"},{"start_time":"133.875","end_time":"134.235","alternatives":[{"confidence":"0.9976499999999999","content":"받으신"}],"type":"pronunciation"},{"start_time":"134.235","end_time":"134.755","alternatives":[{"confidence":"0.9752","content":"다음에"}],"type":"pronunciation"},{"start_time":"135.275","end_time":"136.255","alternatives":[{"confidence":"0.6085666666666666","content":"해당대출금액을"}],"type":"pronunciation"},{"start_time":"136.255","end_time":"136.615","alternatives":[{"confidence":"0.96375","content":"이용을"}],"type":"pronunciation"},{"start_time":"136.615","end_time":"136.915","alternatives":[{"confidence":"0.7707","content":"하시는"}],"type":"pronunciation"},{"start_time":"136.915","end_time":"137.005","alternatives":[{"confidence":"0.9997","content":"게"}],"type":"pronunciation"},{"start_time":"137.005","end_time":"137.555","alternatives":[{"confidence":"0.9465","content":"아니라"}],"type":"pronunciation"},{"start_time":"137.845","end_time":"138.575","alternatives":[{"confidence":"0.6427666666666666","content":"당일날"}],"type":"pronunciation"},{"start_time":"138.605","end_time":"138.845","alternatives":[{"confidence":"0.9971","content":"바로"}],"type":"pronunciation"},{"start_time":"138.845","end_time":"139.375","alternatives":[{"confidence":"0.7532","content":"은행연합회"}],"type":"pronunciation"},{"start_time":"139.375","end_time":"140.105","alternatives":[{"confidence":"0.97895","content":"전산에다가"}],"type":"pronunciation"},{"start_time":"140.165","end_time":"140.425","alternatives":[{"confidence":"1.0","content":"저희가"}],"type":"pronunciation"},{"start_time":"140.425","end_time":"140.915","alternatives":[{"confidence":"0.83735","content":"올려드릴"}],"type":"pronunciation"},{"start_time":"140.915","end_time":"141.615","alternatives":[{"confidence":"0.9753","content":"거예요"}],"type":"pronunciation"},{"alternatives":[{"confidence":"0.0","content":"."}],"type":"punctuation"},{"start_time":"142.935","end_time":"144.135","alternatives":[{"confidence":"0.7793","content":"농협고객인데"}],"type":"pronunciation"},{"start_time":"144.465","end_time":"144.645","alternatives":[{"confidence":"0.8564","content":"저희"}],"type":"pronunciation"},{"start_time":"144.645","end_time":"144.915","alternatives":[{"confidence":"0.9988","content":"쪽에서"}],"type":"pronunciation"},{"start_time":"144.915","end_time":"145.135","alternatives":[{"confidence":"0.7319","content":"이"}],"type":"pronunciation"},{"start_time":"145.135","end_time":"145.965","alternatives":[{"confidence":"0.8944000000000001","content":"대출받아가려고"}],"type":"pronunciation"},{"start_time":"145.965","end_time":"146.155","alternatives":[{"confidence":"0.9926","content":"하고"}],"type":"pronunciation"},{"start_time":"146.155","end_time":"146.655","alternatives":[{"confidence":"0.9948","content":"있는데"}],"type":"pronunciation"},{"start_time":"147.1","end_time":"147.37","alternatives":[{"confidence":"0.9341","content":"다른"}],"type":"pronunciation"},{"start_time":"147.37","end_time":"147.63","alternatives":[{"confidence":"0.9995","content":"쪽에서"}],"type":"pronunciation"},{"start_time":"147.63","end_time":"148.2","alternatives":[{"confidence":"0.9831","content":"자금이"}],"type":"pronunciation"},{"start_time":"148.2","end_time":"148.45","alternatives":[{"confidence":"0.9984","content":"너무"}],"type":"pronunciation"},{"start_time":"148.45","end_time":"148.74","alternatives":[{"confidence":"0.73875","content":"급해"}],"type":"pronunciation"},{"start_time":"148.74","end_time":"149.5","alternatives":[{"confidence":"0.9631","content":"가지고"}],"type":"pronunciation"},{"start_time":"149.6","end_time":"149.84","alternatives":[{"confidence":"0.673","content":"개헌이"}],"type":"pronunciation"},{"start_time":"149.84","end_time":"150.05","alternatives":[{"confidence":"0.9999","content":"너무"}],"type":"pronunciation"},{"start_time":"150.05","end_time":"150.34","alternatives":[{"confidence":"0.99715","content":"급해서"}],"type":"pronunciation"},{"start_time":"150.34","end_time":"150.55","alternatives":[{"confidence":"0.9986","content":"다른"}],"type":"pronunciation"},{"start_time":"150.55","end_time":"150.83","alternatives":[{"confidence":"1.0","content":"쪽에서"}],"type":"pronunciation"},{"start_time":"150.83","end_time":"151.19","alternatives":[{"confidence":"0.9857","content":"대출을"}],"type":"pronunciation"},{"start_time":"151.19","end_time":"151.4","alternatives":[{"confidence":"0.5521","content":"잘못"}],"type":"pronunciation"},{"start_time":"151.4","end_time":"152.09","alternatives":[{"confidence":"0.7796","content":"받았다"}],"type":"pronunciation"},{"alternatives":[{"confidence":"0.0","content":","}],"type":"punctuation"},{"start_time":"152.54","end_time":"153.14","alternatives":[{"confidence":"0.9883","content":"그러니까"}],"type":"pronunciation"},{"start_time":"153.39","end_time":"154.22","alternatives":[{"confidence":"0.47945000000000004","content":"강제상황에서"}],"type":"pronunciation"},{"start_time":"154.44","end_time":"154.62","alternatives":[{"confidence":"0.9869","content":"이제"}],"type":"pronunciation"},{"start_time":"154.62","end_time":"154.82","alternatives":[{"confidence":"0.9989","content":"할"}],"type":"pronunciation"},{"start_time":"154.82","end_time":"154.93","alternatives":[{"confidence":"0.9988","content":"수"}],"type":"pronunciation"},{"start_time":"154.93","end_time":"155.18","alternatives":[{"confidence":"0.9976","content":"있게"}],"type":"pronunciation"},{"start_time":"155.18","end_time":"155.71","alternatives":[{"confidence":"0.9263","content":"허가승인을"}],"type":"pronunciation"},{"start_time":"155.71","end_time":"156.2","alternatives":[{"confidence":"0.92065","content":"내려달라고"}],"type":"pronunciation"},{"start_time":"156.2","end_time":"156.3","alternatives":[{"confidence":"0.9437","content":"할"}],"type":"pronunciation"},{"start_time":"156.3","end_time":"157.13","alternatives":[{"confidence":"1.0","content":"거예요"}],"type":"pronunciation"},{"alternatives":[{"confidence":"0.0","content":"."}],"type":"punctuation"},{"start_time":"157.54","end_time":"157.83","alternatives":[{"confidence":"0.9905","content":"그러면"}],"type":"pronunciation"},{"start_time":"157.83","end_time":"158.24","alternatives":[{"confidence":"0.8014","content":"허가성이"}],"type":"pronunciation"},{"start_time":"158.24","end_time":"158.79","alternatives":[{"confidence":"0.5846","content":"떨어지면"}],"type":"pronunciation"},{"start_time":"158.79","end_time":"159.39","alternatives":[{"confidence":"0.9978","content":"담당자가"}],"type":"pronunciation"},{"start_time":"159.39","end_time":"159.71","alternatives":[{"confidence":"0.9861","content":"배정이"}],"type":"pronunciation"},{"start_time":"159.71","end_time":"159.82","alternatives":[{"confidence":"0.9989","content":"될"}],"type":"pronunciation"},{"start_time":"159.82","end_time":"159.92","alternatives":[{"confidence":"1.0","content":"수"}],"type":"pronunciation"},{"start_time":"159.92","end_time":"160.81","alternatives":[{"confidence":"0.9999","content":"있거든요"}],"type":"pronunciation"},{"alternatives":[{"confidence":"0.0","content":"."}],"type":"punctuation"},{"start_time":"161.25","end_time":"161.88","alternatives":[{"confidence":"1.0","content":"그러면"}],"type":"pronunciation"},{"start_time":"161.89","end_time":"162.05","alternatives":[{"confidence":"0.9997","content":"이제"}],"type":"pronunciation"},{"start_time":"162.08","end_time":"162.28","alternatives":[{"confidence":"0.9743","content":"그"}],"type":"pronunciation"},{"start_time":"162.28","end_time":"163.03","alternatives":[{"confidence":"1.0","content":"담당자를"}],"type":"pronunciation"},{"start_time":"163.03","end_time":"163.5","alternatives":[{"confidence":"0.9879","content":"통해서"}],"type":"pronunciation"},{"start_time":"163.5","end_time":"164.33","alternatives":[{"confidence":"0.7590333333333333","content":"강제상환처리를"}],"type":"pronunciation"},{"start_time":"164.33","end_time":"165.05","alternatives":[{"confidence":"1.0","content":"하시고"}],"type":"pronunciation"},{"start_time":"165.47","end_time":"165.66","alternatives":[{"confidence":"0.8933","content":"그"}],"type":"pronunciation"},{"start_time":"165.66","end_time":"166.3","alternatives":[{"confidence":"0.997","content":"담당자가"}],"type":"pronunciation"},{"start_time":"166.3","end_time":"167.25","alternatives":[{"confidence":"0.711375","content":"강제상황처리한다고"}],"type":"pronunciation"},{"start_time":"167.25","end_time":"167.59","alternatives":[{"confidence":"0.51935","content":"편중이"}],"type":"pronunciation"},{"start_time":"167.59","end_time":"167.92","alternatives":[{"confidence":"0.9657","content":"올라가는"}],"type":"pronunciation"},{"start_time":"167.92","end_time":"168.05","alternatives":[{"confidence":"0.7359","content":"건"}],"type":"pronunciation"},{"start_time":"168.05","end_time":"168.86","alternatives":[{"confidence":"0.9915","content":"아니고요"}],"type":"pronunciation"},{"alternatives":[{"confidence":"0.0","content":"."}],"type":"punctuation"},{"start_time":"169.44","end_time":"169.7","alternatives":[{"confidence":"0.5824","content":"경제"}],"type":"pronunciation"},{"start_time":"169.7","end_time":"169.9","alternatives":[{"confidence":"0.7183","content":"상황"}],"type":"pronunciation"},{"start_time":"169.9","end_time":"170.34","alternatives":[{"confidence":"0.87435","content":"처리하실"}],"type":"pronunciation"},{"start_time":"170.34","end_time":"170.65","alternatives":[{"confidence":"0.9949","content":"때"}],"type":"pronunciation"},{"start_time":"170.68","end_time":"171.02","alternatives":[{"confidence":"0.9746","content":"이제"}],"type":"pronunciation"},{"start_time":"171.05","end_time":"171.95","alternatives":[{"confidence":"1.0","content":"전산상으로"}],"type":"pronunciation"},{"start_time":"172.6","end_time":"174.0","alternatives":[{"confidence":"0.90865","content":"고객님오늘"}],"type":"pronunciation"},{"start_time":"174.03","end_time":"174.51","alternatives":[{"confidence":"0.9856","content":"빌려서"}],"type":"pronunciation"},{"start_time":"174.51","end_time":"174.78","alternatives":[{"confidence":"0.9259","content":"오늘"}],"type":"pronunciation"},{"start_time":"174.78","end_time":"175.26","alternatives":[{"confidence":"0.9960333333333334","content":"갚으시는"}],"type":"pronunciation"},{"start_time":"175.26","end_time":"175.76","alternatives":[{"confidence":"1.0","content":"거지만"}],"type":"pronunciation"},{"start_time":"176.33","end_time":"177.31","alternatives":[{"confidence":"0.9945999999999999","content":"전산상으로는"}],"type":"pronunciation"},{"start_time":"177.31","end_time":"177.7","alternatives":[{"confidence":"0.98385","content":"평점이"}],"type":"pronunciation"},{"start_time":"177.7","end_time":"178.08","alternatives":[{"confidence":"0.9892","content":"올라갈"}],"type":"pronunciation"},{"start_time":"178.08","end_time":"178.2","alternatives":[{"confidence":"1.0","content":"수"}],"type":"pronunciation"},{"start_time":"178.2","end_time":"178.69","alternatives":[{"confidence":"0.974","content":"있게"}],"type":"pronunciation"},{"start_time":"178.94","end_time":"179.62","alternatives":[{"confidence":"1.0","content":"정상적인"}],"type":"pronunciation"},{"start_time":"179.62","end_time":"181.26","alternatives":[{"confidence":"0.7658499999999999","content":"대출이용계약기간"}],"type":"pronunciation"},{"start_time":"181.26","end_time":"181.43","alternatives":[{"confidence":"0.9451","content":"삼"}],"type":"pronunciation"},{"start_time":"181.43","end_time":"181.74","alternatives":[{"confidence":"0.8602","content":"년이면"}],"type":"pronunciation"},{"start_time":"181.74","end_time":"181.91","alternatives":[{"confidence":"0.6482","content":"삼"}],"type":"pronunciation"},{"start_time":"181.91","end_time":"182.24","alternatives":[{"confidence":"0.8495","content":"년"}],"type":"pronunciation"},{"start_time":"182.24","end_time":"182.53","alternatives":[{"confidence":"0.7579","content":"전부"}],"type":"pronunciation"},{"start_time":"182.53","end_time":"182.7","alternatives":[{"confidence":"0.9971","content":"다"}],"type":"pronunciation"},{"start_time":"182.7","end_time":"183.08","alternatives":[{"confidence":"0.9938","content":"이용을"}],"type":"pronunciation"},{"start_time":"183.08","end_time":"183.45","alternatives":[{"confidence":"0.9884","content":"하고"}],"type":"pronunciation"},{"start_time":"183.45","end_time":"184.17","alternatives":[{"confidence":"0.767325","content":"완납처리하신"}],"type":"pronunciation"},{"start_time":"184.17","end_time":"184.67","alternatives":[{"confidence":"0.9957","content":"것처럼"}],"type":"pronunciation"},{"start_time":"184.96","end_time":"185.57","alternatives":[{"confidence":"1.0","content":"서류를"}],"type":"pronunciation"},{"start_time":"185.75","end_time":"186.24","alternatives":[{"confidence":"0.99755","content":"작성해서"}],"type":"pronunciation"},{"start_time":"186.24","end_time":"186.76","alternatives":[{"confidence":"0.7435499999999999","content":"전산에다가"}],"type":"pronunciation"},{"start_time":"186.76","end_time":"187.12","alternatives":[{"confidence":"0.9923","content":"등록을"}],"type":"pronunciation"},{"start_time":"187.12","end_time":"187.36","alternatives":[{"confidence":"0.7984","content":"해드릴"}],"type":"pronunciation"},{"start_time":"187.36","end_time":"187.88","alternatives":[{"confidence":"0.9749","content":"겁니다"}],"type":"pronunciation"},{"alternatives":[{"confidence":"0.0","content":"."}],"type":"punctuation"},{"start_time":"188.48","end_time":"189.0","alternatives":[{"confidence":"0.9999","content":"그러면"}],"type":"pronunciation"},{"start_time":"189.0","end_time":"189.81","alternatives":[{"confidence":"0.99115","content":"평점이"}],"type":"pronunciation"},{"start_time":"190.14","end_time":"191.64","alternatives":[{"confidence":"0.9702999999999999","content":"올라가시거든요"}],"type":"pronunciation"},{"alternatives":[{"confidence":"0.0","content":"."}],"type":"punctuation"},{"start_time":"192.11","end_time":"192.5","alternatives":[{"confidence":"0.9585","content":"그렇게"}],"type":"pronunciation"},{"start_time":"192.5","end_time":"192.74","alternatives":[{"confidence":"0.9996","content":"해서"}],"type":"pronunciation"},{"start_time":"192.74","end_time":"192.96","alternatives":[{"confidence":"0.8505","content":"저희"}],"type":"pronunciation"},{"start_time":"192.96","end_time":"193.34","alternatives":[{"confidence":"1.0","content":"쪽에서"}],"type":"pronunciation"},{"start_time":"193.34","end_time":"193.75","alternatives":[{"confidence":"0.96785","content":"보증서"}],"type":"pronunciation"},{"start_time":"193.75","end_time":"194.12","alternatives":[{"confidence":"0.9782500000000001","content":"발급이"}],"type":"pronunciation"},{"start_time":"194.12","end_time":"194.67","alternatives":[{"confidence":"0.8928","content":"가능하면"}],"type":"pronunciation"},{"start_time":"194.7","end_time":"195.09","alternatives":[{"confidence":"0.6195","content":"대출"}],"type":"pronunciation"},{"start_time":"195.09","end_time":"195.44","alternatives":[{"confidence":"0.9608","content":"지급을"}],"type":"pronunciation"},{"start_time":"195.44","end_time":"195.71","alternatives":[{"confidence":"0.93665","content":"해드릴"}],"type":"pronunciation"},{"start_time":"195.71","end_time":"195.9","alternatives":[{"confidence":"0.9977","content":"수가"}],"type":"pronunciation"},{"start_time":"195.9","end_time":"196.8","alternatives":[{"confidence":"0.9992","content":"있어요"}],"type":"pronunciation"},{"alternatives":[{"confidence":"0.0","content":"."}],"type":"punctuation"},{"start_time":"197.49","end_time":"197.75","alternatives":[{"confidence":"1.0","content":"제가"}],"type":"pronunciation"},{"start_time":"197.75","end_time":"198.16","alternatives":[{"confidence":"0.8564","content":"말씀드린"}],"type":"pronunciation"},{"start_time":"198.16","end_time":"198.43","alternatives":[{"confidence":"0.998","content":"부분에"}],"type":"pronunciation"},{"start_time":"198.43","end_time":"198.63","alternatives":[{"confidence":"0.9721","content":"대해서"}],"type":"pronunciation"},{"start_time":"198.63","end_time":"198.82","alternatives":[{"confidence":"0.8699","content":"이제"}],"type":"pronunciation"},{"start_time":"198.82","end_time":"198.91","alternatives":[{"confidence":"0.8142","content":"안"}],"type":"pronunciation"},{"start_time":"198.91","end_time":"199.17","alternatives":[{"confidence":"0.81595","content":"되시는"}],"type":"pronunciation"},{"start_time":"199.17","end_time":"199.34","alternatives":[{"confidence":"0.6714","content":"부분"}],"type":"pronunciation"},{"start_time":"199.34","end_time":"199.55","alternatives":[{"confidence":"0.9991","content":"혹시"}],"type":"pronunciation"},{"start_time":"199.55","end_time":"200.18","alternatives":[{"confidence":"1.0","content":"있으십니까"}],"type":"pronunciation"},{"alternatives":[{"confidence":"0.0","content":"?"}],"type":"punctuation"},{"start_time":"201.79","end_time":"202.0","alternatives":[{"confidence":"0.5621","content":"해야"}],"type":"pronunciation"},{"start_time":"202.0","end_time":"202.31","alternatives":[{"confidence":"0.7107","content":"하죠"}],"type":"pronunciation"},{"alternatives":[{"confidence":"0.0","content":"."}],"type":"punctuation"},{"start_time":"202.57","end_time":"202.93","alternatives":[{"confidence":"0.9274","content":"절차는"}],"type":"pronunciation"},{"start_time":"202.93","end_time":"203.3","alternatives":[{"confidence":"0.9997","content":"복잡해요"}],"type":"pronunciation"},{"alternatives":[{"confidence":"0.0","content":"."}],"type":"punctuation"},{"start_time":"203.3","end_time":"203.52","alternatives":[{"confidence":"0.7389","content":"근데"}],"type":"pronunciation"},{"start_time":"203.52","end_time":"204.42","alternatives":[{"confidence":"1.0","content":"간단하게"}],"type":"pronunciation"},{"start_time":"204.78","end_time":"205.12","alternatives":[{"confidence":"0.9297","content":"딱"}],"type":"pronunciation"},{"start_time":"205.17","end_time":"205.69","alternatives":[{"confidence":"0.7443500000000001","content":"포인트만"}],"type":"pronunciation"},{"start_time":"205.69","end_time":"206.55","alternatives":[{"confidence":"0.806","content":"찍어드리면요"}],"type":"pronunciation"},{"start_time":"206.85","end_time":"207.08","alternatives":[{"confidence":"0.9672","content":"지금"}],"type":"pronunciation"},{"start_time":"207.08","end_time":"207.48","alternatives":[{"confidence":"0.88425","content":"평점이"}],"type":"pronunciation"},{"start_time":"207.48","end_time":"207.92","alternatives":[{"confidence":"0.9974000000000001","content":"부족하기"}],"type":"pronunciation"},{"start_time":"207.92","end_time":"208.26","alternatives":[{"confidence":"0.9999","content":"때문에"}],"type":"pronunciation"},{"start_time":"208.29","end_time":"208.5","alternatives":[{"confidence":"0.8469","content":"다른"}],"type":"pronunciation"},{"start_time":"208.5","end_time":"208.72","alternatives":[{"confidence":"0.9978","content":"데서"}],"type":"pronunciation"},{"start_time":"208.72","end_time":"209.6","alternatives":[{"confidence":"0.8449333333333334","content":"대출받아가지고"}],"type":"pronunciation"},{"start_time":"209.97","end_time":"210.54","alternatives":[{"confidence":"0.7681333333333334","content":"당일날"}],"type":"pronunciation"},{"start_time":"210.54","end_time":"210.91","alternatives":[{"confidence":"0.8074","content":"그쪽으로"}],"type":"pronunciation"},{"start_time":"210.91","end_time":"211.12","alternatives":[{"confidence":"0.9553","content":"같이"}],"type":"pronunciation"},{"start_time":"211.12","end_time":"211.62","alternatives":[{"confidence":"0.9954","content":"갚으시면"}],"type":"pronunciation"},{"start_time":"211.62","end_time":"212.04","alternatives":[{"confidence":"0.9809","content":"되는데"}],"type":"pronunciation"},{"start_time":"212.6","end_time":"212.97","alternatives":[{"confidence":"0.97755","content":"평점"}],"type":"pronunciation"},{"start_time":"212.97","end_time":"213.35","alternatives":[{"confidence":"0.7097","content":"상향을"}],"type":"pronunciation"},{"start_time":"213.35","end_time":"213.6","alternatives":[{"confidence":"0.9444","content":"위해서"}],"type":"pronunciation"},{"start_time":"213.6","end_time":"213.95","alternatives":[{"confidence":"0.9996","content":"중간에"}],"type":"pronunciation"},{"start_time":"213.95","end_time":"214.27","alternatives":[{"confidence":"0.9793","content":"하나만"}],"type":"pronunciation"},{"start_time":"214.27","end_time":"214.62","alternatives":[{"confidence":"0.6962999999999999","content":"걸치면"}],"type":"pronunciation"},{"start_time":"214.62","end_time":"214.87","alternatives":[{"confidence":"0.9994","content":"된단"}],"type":"pronunciation"},{"start_time":"214.87","end_time":"215.38","alternatives":[{"confidence":"0.9993","content":"말입니다"}],"type":"pronunciation"},{"alternatives":[{"confidence":"0.0","content":"."}],"type":"punctuation"},{"start_time":"215.47","end_time":"216.15","alternatives":[{"confidence":"0.7985333333333333","content":"은행연합회를"}],"type":"pronunciation"},{"start_time":"217.22","end_time":"217.45","alternatives":[{"confidence":"0.9449","content":"그런데"}],"type":"pronunciation"},{"start_time":"217.45","end_time":"217.69","alternatives":[{"confidence":"0.3108","content":"그러면"}],"type":"pronunciation"},{"start_time":"218.38","end_time":"218.64","alternatives":[{"confidence":"0.6773","content":"돈을"}],"type":"pronunciation"},{"start_time":"218.64","end_time":"218.92","alternatives":[{"confidence":"0.1888","content":"그래"}],"type":"pronunciation"},{"start_time":"219.17","end_time":"219.52","alternatives":[{"confidence":"0.1173","content":"저"}],"type":"pronunciation"},{"start_time":"220.33","end_time":"220.66","alternatives":[{"confidence":"0.8068","content":"천만원"}],"type":"pronunciation"},{"start_time":"220.66","end_time":"220.83","alternatives":[{"confidence":"0.9845","content":"정도"}],"type":"pronunciation"},{"start_time":"220.83","end_time":"221.01","alternatives":[{"confidence":"0.9869","content":"있어야"}],"type":"pronunciation"},{"start_time":"221.01","end_time":"221.36","alternatives":[{"confidence":"0.909","content":"되잖아요"}],"type":"pronunciation"},{"alternatives":[{"confidence":"0.0","content":"."}],"type":"punctuation"},{"start_time":"221.36","end_time":"221.6","alternatives":[{"confidence":"0.9916","content":"제가"}],"type":"pronunciation"},{"start_time":"221.76","end_time":"222.05","alternatives":[{"confidence":"0.9622","content":"지금"}],"type":"pronunciation"},{"start_time":"222.08","end_time":"222.96","alternatives":[{"confidence":"0.9039","content":"고객님께서"}],"type":"pronunciation"},{"start_time":"222.99","end_time":"223.43","alternatives":[{"confidence":"0.9683","content":"가지고"}],"type":"pronunciation"},{"start_time":"223.43","end_time":"223.68","alternatives":[{"confidence":"0.6418","content":"계신"}],"type":"pronunciation"},{"start_time":"223.68","end_time":"224.06","alternatives":[{"confidence":"0.8158","content":"대출을"}],"type":"pronunciation"},{"start_time":"224.09","end_time":"224.67","alternatives":[{"confidence":"0.6664333333333333","content":"갚으라는"}],"type":"pronunciation"},{"start_time":"224.67","end_time":"224.75","alternatives":[{"confidence":"0.9719","content":"게"}],"type":"pronunciation"},{"start_time":"224.75","end_time":"225.44","alternatives":[{"confidence":"0.9955","content":"아니고요"}],"type":"pronunciation"},{"alternatives":[{"confidence":"0.0","content":"."}],"type":"punctuation"},{"start_time":"225.47","end_time":"225.76","alternatives":[{"confidence":"0.7509","content":"다른"}],"type":"pronunciation"},{"start_time":"225.76","end_time":"226.05","alternatives":[{"confidence":"0.8449","content":"데도"}],"type":"pronunciation"},{"start_time":"226.05","end_time":"226.46","alternatives":[{"confidence":"0.7723","content":"대출을"}],"type":"pronunciation"},{"start_time":"226.46","end_time":"226.65","alternatives":[{"confidence":"0.7542","content":"하나"}],"type":"pronunciation"},{"start_time":"226.65","end_time":"227.11","alternatives":[{"confidence":"0.9929","content":"발생을"}],"type":"pronunciation"},{"start_time":"227.11","end_time":"227.76","alternatives":[{"confidence":"0.9410499999999999","content":"시켜가지고"}],"type":"pronunciation"},{"start_time":"228.02","end_time":"228.14","alternatives":[{"confidence":"0.6391","content":"그"}],"type":"pronunciation"},{"start_time":"228.14","end_time":"228.39","alternatives":[{"confidence":"0.9986","content":"돈을"}],"type":"pronunciation"},{"start_time":"228.39","end_time":"228.99","alternatives":[{"confidence":"0.6934","content":"갚으시면"}],"type":"pronunciation"},{"start_time":"228.99","end_time":"229.39","alternatives":[{"confidence":"0.99655","content":"자금에"}],"type":"pronunciation"},{"start_time":"229.39","end_time":"229.63","alternatives":[{"confidence":"1.0","content":"대한"}],"type":"pronunciation"},{"start_time":"229.63","end_time":"230.0","alternatives":[{"confidence":"1.0","content":"부담이"}],"type":"pronunciation"},{"start_time":"230.0","end_time":"230.4","alternatives":[{"confidence":"0.98035","content":"없으시지"}],"type":"pronunciation"},{"start_time":"230.4","end_time":"230.97","alternatives":[{"confidence":"0.9936","content":"않습니까"}],"type":"pronunciation"},{"alternatives":[{"confidence":"0.0","content":"?"}],"type":"punctuation"},{"start_time":"231.9","end_time":"232.06","alternatives":[{"confidence":"0.9535","content":"예"}],"type":"pronunciation"},{"alternatives":[{"confidence":"0.0","content":"."}],"type":"punctuation"},{"start_time":"232.09","end_time":"232.46","alternatives":[{"confidence":"0.9972","content":"그렇게"}],"type":"pronunciation"},{"start_time":"232.46","end_time":"232.95","alternatives":[{"confidence":"0.9942","content":"진행을"}],"type":"pronunciation"},{"start_time":"232.95","end_time":"233.39","alternatives":[{"confidence":"0.8359","content":"담당자가"}],"type":"pronunciation"},{"start_time":"233.39","end_time":"233.52","alternatives":[{"confidence":"0.9983","content":"할"}],"type":"pronunciation"},{"start_time":"233.52","end_time":"233.64","alternatives":[{"confidence":"0.998","content":"수"}],"type":"pronunciation"},{"start_time":"233.64","end_time":"233.8","alternatives":[{"confidence":"0.9984","content":"있게"}],"type":"pronunciation"},{"start_time":"233.8","end_time":"234.17","alternatives":[{"confidence":"0.8833","content":"도와줄"}],"type":"pronunciation"},{"start_time":"234.17","end_time":"234.6","alternatives":[{"confidence":"0.9994","content":"겁니다"}],"type":"pronunciation"},{"alternatives":[{"confidence":"0.0","content":"."}],"type":"punctuation"},{"start_time":"235.3","end_time":"235.73","alternatives":[{"confidence":"0.9949","content":"알겠습니다"}],"type":"pronunciation"},{"alternatives":[{"confidence":"0.0","content":"."}],"type":"punctuation"},{"start_time":"237.16","end_time":"237.46","alternatives":[{"confidence":"0.8168","content":"일단"}],"type":"pronunciation"},{"start_time":"237.46","end_time":"237.77","alternatives":[{"confidence":"0.9919","content":"만약에"}],"type":"pronunciation"},{"start_time":"237.8","end_time":"238.12","alternatives":[{"confidence":"0.3374","content":"단계에서"}],"type":"pronunciation"},{"start_time":"238.12","end_time":"238.46","alternatives":[{"confidence":"0.9864999999999999","content":"대출이"}],"type":"pronunciation"},{"start_time":"238.46","end_time":"238.56","alternatives":[{"confidence":"0.9779","content":"안"}],"type":"pronunciation"},{"start_time":"238.56","end_time":"239.24","alternatives":[{"confidence":"0.8619","content":"나온다면"}],"type":"pronunciation"},{"start_time":"239.24","end_time":"239.49","alternatives":[{"confidence":"0.212","content":"고기"}],"type":"pronunciation"},{"start_time":"239.49","end_time":"239.97","alternatives":[{"confidence":"0.8564","content":"말씀하신"}],"type":"pronunciation"},{"start_time":"239.97","end_time":"240.22","alternatives":[{"confidence":"0.9979","content":"대로"}],"type":"pronunciation"},{"start_time":"240.22","end_time":"240.54","alternatives":[{"confidence":"0.9985","content":"지금"}],"type":"pronunciation"},{"start_time":"240.54","end_time":"240.72","alternatives":[{"confidence":"0.8257","content":"뭐"}],"type":"pronunciation"},{"start_time":"240.78","end_time":"241.06","alternatives":[{"confidence":"0.0817","content":"기존의"}],"type":"pronunciation"},{"start_time":"241.54","end_time":"242.1","alternatives":[{"confidence":"0.9553","content":"하셔야"}],"type":"pronunciation"},{"start_time":"242.1","end_time":"242.23","alternatives":[{"confidence":"0.9229","content":"될"}],"type":"pronunciation"},{"start_time":"242.23","end_time":"242.39","alternatives":[{"confidence":"0.9991","content":"수도"}],"type":"pronunciation"},{"start_time":"242.39","end_time":"243.01","alternatives":[{"confidence":"0.9892","content":"있는데"}],"type":"pronunciation"},{"start_time":"243.19","end_time":"243.93","alternatives":[{"confidence":"0.99785","content":"고객님같은"}],"type":"pronunciation"},{"start_time":"243.93","end_time":"244.68","alternatives":[{"confidence":"1.0","content":"경우에는"}],"type":"pronunciation"},{"start_time":"244.98","end_time":"245.44","alternatives":[{"confidence":"0.9913","content":"지금"}],"type":"pronunciation"},{"start_time":"245.44","end_time":"246.29","alternatives":[{"confidence":"1.0","content":"보시면"}],"type":"pronunciation"},{"start_time":"246.35","end_time":"246.87","alternatives":[{"confidence":"0.60275","content":"신용상이"}],"type":"pronunciation"},{"start_time":"246.87","end_time":"247.03","alternatives":[{"confidence":"0.9921","content":"큰"}],"type":"pronunciation"},{"start_time":"247.03","end_time":"247.79","alternatives":[{"confidence":"0.7764","content":"문제없고"}],"type":"pronunciation"},{"start_time":"248.59","end_time":"248.93","alternatives":[{"confidence":"0.957","content":"저희"}],"type":"pronunciation"},{"start_time":"248.96","end_time":"249.51","alternatives":[{"confidence":"0.69165","content":"농협에서도"}],"type":"pronunciation"},{"start_time":"249.51","end_time":"249.82","alternatives":[{"confidence":"0.6725","content":"대출해"}],"type":"pronunciation"},{"start_time":"249.82","end_time":"250.14","alternatives":[{"confidence":"0.99585","content":"나가실"}],"type":"pronunciation"},{"start_time":"250.14","end_time":"250.22","alternatives":[{"confidence":"0.9991","content":"수"}],"type":"pronunciation"},{"start_time":"250.22","end_time":"250.37","alternatives":[{"confidence":"0.9988","content":"있는"}],"type":"pronunciation"},{"start_time":"250.37","end_time":"250.63","alternatives":[{"confidence":"0.9997","content":"부분이"}],"type":"pronunciation"},{"start_time":"250.63","end_time":"251.46","alternatives":[{"confidence":"0.9167000000000001","content":"있으시니깐요"}],"type":"pronunciation"},{"alternatives":[{"confidence":"0.0","content":"."}],"type":"punctuation"},{"start_time":"251.49","end_time":"251.95","alternatives":[{"confidence":"0.974","content":"그러니까"}],"type":"pronunciation"},{"start_time":"252.08","end_time":"252.34","alternatives":[{"confidence":"0.996","content":"지금"}],"type":"pronunciation"},{"start_time":"252.34","end_time":"252.49","alternatives":[{"confidence":"0.929","content":"이"}],"type":"pronunciation"},{"start_time":"252.49","end_time":"253.32","alternatives":[{"confidence":"0.83735","content":"대출지금"}],"type":"pronunciation"},{"start_time":"253.32","end_time":"253.49","alternatives":[{"confidence":"0.2853","content":"좀"}],"type":"pronunciation"},{"start_time":"253.49","end_time":"253.91","alternatives":[{"confidence":"0.9393","content":"뭐가"}],"type":"pronunciation"},{"start_time":"253.91","end_time":"254.37","alternatives":[{"confidence":"0.9847","content":"모자라서"}],"type":"pronunciation"},{"start_time":"254.37","end_time":"254.75","alternatives":[{"confidence":"0.9898","content":"보완을"}],"type":"pronunciation"},{"start_time":"254.75","end_time":"254.88","alternatives":[{"confidence":"0.9945","content":"해야"}],"type":"pronunciation"},{"start_time":"254.88","end_time":"255.37","alternatives":[{"confidence":"0.9931","content":"되지만"}],"type":"pronunciation"},{"start_time":"255.87","end_time":"256.18","alternatives":[{"confidence":"1.0","content":"일단"}],"type":"pronunciation"},{"start_time":"256.18","end_time":"256.3","alternatives":[{"confidence":"0.8039","content":"뭐"}],"type":"pronunciation"},{"start_time":"256.31","end_time":"256.62","alternatives":[{"confidence":"0.9995","content":"대출을"}],"type":"pronunciation"},{"start_time":"256.62","end_time":"256.95","alternatives":[{"confidence":"0.9945","content":"받으실"}],"type":"pronunciation"},{"start_time":"256.95","end_time":"257.05","alternatives":[{"confidence":"0.9944","content":"수"}],"type":"pronunciation"},{"start_time":"257.05","end_time":"257.22","alternatives":[{"confidence":"0.6798","content":"있는"}],"type":"pronunciation"},{"start_time":"257.22","end_time":"257.43","alternatives":[{"confidence":"0.7985","content":"크게"}],"type":"pronunciation"},{"start_time":"257.43","end_time":"257.76","alternatives":[{"confidence":"0.9991","content":"문제가"}],"type":"pronunciation"},{"start_time":"257.76","end_time":"258.17","alternatives":[{"confidence":"0.68975","content":"없지장이"}],"type":"pronunciation"},{"start_time":"258.17","end_time":"258.55","alternatives":[{"confidence":"1.0","content":"없으시기"}],"type":"pronunciation"},{"start_time":"258.55","end_time":"259.1","alternatives":[{"confidence":"0.9946","content":"때문에"}],"type":"pronunciation"},{"start_time":"259.32","end_time":"259.69","alternatives":[{"confidence":"0.98915","content":"나이도"}],"type":"pronunciation"},{"start_time":"259.69","end_time":"259.91","alternatives":[{"confidence":"0.6965","content":"오십"}],"type":"pronunciation"},{"start_time":"259.91","end_time":"260.29","alternatives":[{"confidence":"0.8377","content":"사년생"}],"type":"pronunciation"},{"start_time":"260.29","end_time":"260.46","alternatives":[{"confidence":"0.5132","content":"이는"}],"type":"pronunciation"},{"start_time":"260.46","end_time":"260.64","alternatives":[{"confidence":"0.937","content":"딱"}],"type":"pronunciation"},{"start_time":"260.64","end_time":"262.05","alternatives":[{"confidence":"0.703625","content":"턱거리시거든요"}],"type":"pronunciation"},{"start_time":"262.27","end_time":"262.7","alternatives":[{"confidence":"0.7968500000000001","content":"그러시기"}],"type":"pronunciation"},{"start_time":"262.7","end_time":"263.27","alternatives":[{"confidence":"0.9365","content":"때문에"}],"type":"pronunciation"},{"start_time":"263.63","end_time":"263.96","alternatives":[{"confidence":"0.48485","content":"대출은"}],"type":"pronunciation"},{"start_time":"263.96","end_time":"264.2","alternatives":[{"confidence":"0.9997","content":"무조건"}],"type":"pronunciation"},{"start_time":"264.2","end_time":"264.52","alternatives":[{"confidence":"0.98675","content":"나오실"}],"type":"pronunciation"},{"start_time":"264.52","end_time":"264.72","alternatives":[{"confidence":"0.6845","content":"수가"}],"type":"pronunciation"},{"start_time":"264.72","end_time":"265.02","alternatives":[{"confidence":"0.9999","content":"있으세요"}],"type":"pronunciation"},{"alternatives":[{"confidence":"0.0","content":"?"}],"type":"punctuation"},{"start_time":"265.02","end_time":"265.3","alternatives":[{"confidence":"0.9965","content":"그러니까"}],"type":"pronunciation"},{"start_time":"265.3","end_time":"265.82","alternatives":[{"confidence":"0.9898","content":"진행하시면"}],"type":"pronunciation"},{"start_time":"265.82","end_time":"266.15","alternatives":[{"confidence":"1.0","content":"됩니다"}],"type":"pronunciation"},{"alternatives":[{"confidence":"0.0","content":"."}],"type":"punctuation"},{"start_time":"266.33","end_time":"266.55","alternatives":[{"confidence":"0.1918","content":"한번"}],"type":"pronunciation"},{"start_time":"266.7","end_time":"267.37","alternatives":[{"confidence":"0.7950333333333334","content":"얘기해가지고"}],"type":"pronunciation"},{"alternatives":[{"confidence":"0.0","content":"."}],"type":"punctuation"},{"start_time":"269.11","end_time":"269.52","alternatives":[{"confidence":"1.0","content":"알겠습니다"}],"type":"pronunciation"},{"alternatives":[{"confidence":"0.0","content":"."}],"type":"punctuation"},{"start_time":"269.52","end_time":"270.04","alternatives":[{"confidence":"1.0","content":"그러면"}],"type":"pronunciation"},{"start_time":"270.1","end_time":"270.59","alternatives":[{"confidence":"0.9995","content":"담당자한테"}],"type":"pronunciation"},{"start_time":"270.59","end_time":"270.93","alternatives":[{"confidence":"0.9741500000000001","content":"내용이나"}],"type":"pronunciation"},{"start_time":"270.93","end_time":"271.37","alternatives":[{"confidence":"0.5468","content":"공부내려"}],"type":"pronunciation"},{"start_time":"271.37","end_time":"271.95","alternatives":[{"confidence":"0.88075","content":"드릴테니까요"}],"type":"pronunciation"},{"start_time":"271.95","end_time":"272.44","alternatives":[{"confidence":"0.7981","content":"전화하시면"}],"type":"pronunciation"},{"start_time":"272.44","end_time":"273.71","alternatives":[{"confidence":"0.8913333333333333","content":"받아보시고요"}],"type":"pronunciation"},{"alternatives":[{"confidence":"0.0","content":"."}],"type":"punctuation"},{"start_time":"274.26","end_time":"274.69","alternatives":[{"confidence":"0.9759","content":"감사합니다"}],"type":"pronunciation"},{"alternatives":[{"confidence":"0.0","content":"."}],"type":"punctuation"},{"start_time":"275.23","end_time":"276.2","alternatives":[{"confidence":"0.6324","content":"농협심사부의"}],"type":"pronunciation"},{"start_time":"276.2","end_time":"276.63","alternatives":[{"confidence":"0.4638","content":"조희민"}],"type":"pronunciation"},{"start_time":"276.63","end_time":"277.38","alternatives":[{"confidence":"0.8745","content":"과정이었습니다"}],"type":"pronunciation"},{"alternatives":[{"confidence":"0.0","content":"."}],"type":"punctuation"},{"start_time":"277.81","end_time":"278.34","alternatives":[{"confidence":"0.0088","content":"고맙습니다"}],"type":"pronunciation"},{"alternatives":[{"confidence":"0.0","content":"."}],"type":"punctuation"},{"start_time":"278.82","end_time":"279.29","alternatives":[{"confidence":"0.9959","content":"네"}],"type":"pronunciation"},{"alternatives":[{"confidence":"0.0","content":","}],"type":"punctuation"},{"start_time":"279.29","end_time":"279.8","alternatives":[{"confidence":"1.0","content":"감사합니다"}],"type":"pronunciation"},{"alternatives":[{"confidence":"0.0","content":"."}],"type":"punctuation"}]},"status":"COMPLETED"}