{"jobName":"transcribe_loan77","accountId":"097989105209","results":{"transcripts":[{"transcript":"되실 것 같고요. 대출금수령받으실 계좌는 어느 은행계좌로 넣어드릴까요 기업은행 이시고요 네, 알겠습니다. 평생 계좌하신 거고요 네, 알겠습니다. 잠시만요 예 우선 그러시면은 그 이제 고객님하고 저희 농협에서 대출진행이 정상적으로 완료되었다는 걸 높겠는데요 통화 괜찮으십니까? 그리고 또한 대출금받은 힘과 동시에 저희가 이제 등교편을 보내드릴 건데요 고객자택이 편하세요 아니면 어디가 편하신가요 직장인편하세요 직장 주소지 좀 부탁드리겠습니다. 이제 저기 몇 개 걸리겠죠? 아니요. 고객님내일이면 바로 발생이 되세요. 을 해주세요 사무실 삼 층 사무실이지만 이제 알겠습니다 그러시면 혹시 모르기 때문에 자택주소지도 한번 부탁드릴게요. 알겠습니다. 그러시면 지금 녹취 진행 할 거고요. 지금 유통하는 가능 하신건가요 네, 알겠습니다. 그럼 녹기 시작하겠습니다. 고객님상황과 주민번호 13 자리 확인 부탁 드리겠습니다. 확인 감사드리고요. 상황방식과 매달 상환하실 상환금액에 대해서 설명해 드리겠습니다 상환방식은 원리금 균등분할상환방식으로 적용되시고요 금리는 연 십이 점 칠 프로로 유명하신 겁니다. 그리고 상환기간은 육십 개월이시고요 매달 납부하시게 될 상환금액은 사십오 만 천구백구십육 원 이시며 매달 결제일은 이십오 일 이시고요 결제일 이틀 전에 상환안내 문자발생되실 겁니다. 혹시라도 고기 님께서 이제 상환중면 7 하시게 되면 납기를 이후에 매일 상황금액영점삼 프로가산세가 부과될 수가 있기 때문에요. 정확히 상환날짜를 넘기지 않도록 미리 상환안내 문자를 발송해 드리는 거고요 이점이유에서연체없이 잘 상환해주시면 됩니다. 납입중 중도상환은 육 개월 이후부터 가능 하신거고요 중도상환하실 경우에는 별도의 스스로는 발생하지 않습니다. 이해되셨나요 그러시면 대출금받아 보실 계좌번호제가 다시 한번 확인하겠습니다. 기업은행 이시고요 평생 계좌맞으시고요 대출금받으신 후에는 저희 쪽에서 등기우편을 보내드릴 건데요. 등기우편대출약정서 가시는거 거든요. 대출약정서 이제 꼼꼼히 읽어보시고. 이제 자필 서명해주셔야 되는데 자필 서명누락되거나 위조가 되시면 자동 계약 해지됨을 알려드립니다. 방문시간이랑 장소는 고객님께서 우선적으로 이제 자택자택아니면 회사그쪽으로 발생이 되실 거고요. 지금까지 녹취 내용에 모두 동의를 하시나요? 이천십칠 년 십이 월 이십칠 일 고객께서 동의하였기 때문에 법적 효력이 발생되고요. 혹시라도 위내용으로 인해서 고객님께서 피해를 본다거나. 또한 유출 문제가 생기시면은 금감원측에 손해배상청구 소송할 수 있음을 알려드리고요 그런 녹이 마치겠습니다."}],"items":[{"start_time":"0.06","end_time":"0.27","alternatives":[{"confidence":"0.6547000000000001","content":"되실"}],"type":"pronunciation"},{"start_time":"0.27","end_time":"0.38","alternatives":[{"confidence":"0.9984","content":"것"}],"type":"pronunciation"},{"start_time":"0.38","end_time":"0.83","alternatives":[{"confidence":"0.99795","content":"같고요"}],"type":"pronunciation"},{"alternatives":[{"confidence":"0.0","content":"."}],"type":"punctuation"},{"start_time":"1.32","end_time":"2.29","alternatives":[{"confidence":"0.8896333333333333","content":"대출금수령받으실"}],"type":"pronunciation"},{"start_time":"2.29","end_time":"2.74","alternatives":[{"confidence":"0.9997","content":"계좌는"}],"type":"pronunciation"},{"start_time":"2.74","end_time":"2.97","alternatives":[{"confidence":"0.9882","content":"어느"}],"type":"pronunciation"},{"start_time":"2.97","end_time":"3.41","alternatives":[{"confidence":"0.8975333333333334","content":"은행계좌로"}],"type":"pronunciation"},{"start_time":"3.41","end_time":"4.46","alternatives":[{"confidence":"0.9276","content":"넣어드릴까요"}],"type":"pronunciation"},{"start_time":"5.38","end_time":"5.89","alternatives":[{"confidence":"0.80185","content":"기업은행"}],"type":"pronunciation"},{"start_time":"5.89","end_time":"6.54","alternatives":[{"confidence":"0.9009499999999999","content":"이시고요"}],"type":"pronunciation"},{"start_time":"9.5","end_time":"9.62","alternatives":[{"confidence":"0.3124","content":"네"}],"type":"pronunciation"},{"alternatives":[{"confidence":"0.0","content":","}],"type":"punctuation"},{"start_time":"9.62","end_time":"10.06","alternatives":[{"confidence":"0.9987","content":"알겠습니다"}],"type":"pronunciation"},{"alternatives":[{"confidence":"0.0","content":"."}],"type":"punctuation"},{"start_time":"10.27","end_time":"10.61","alternatives":[{"confidence":"0.807","content":"평생"}],"type":"pronunciation"},{"start_time":"10.61","end_time":"11.07","alternatives":[{"confidence":"0.7338","content":"계좌하신"}],"type":"pronunciation"},{"start_time":"11.07","end_time":"11.82","alternatives":[{"confidence":"0.307","content":"거고요"}],"type":"pronunciation"},{"start_time":"12.57","end_time":"12.67","alternatives":[{"confidence":"0.0191","content":"네"}],"type":"pronunciation"},{"alternatives":[{"confidence":"0.0","content":","}],"type":"punctuation"},{"start_time":"12.67","end_time":"13.26","alternatives":[{"confidence":"0.9996","content":"알겠습니다"}],"type":"pronunciation"},{"alternatives":[{"confidence":"0.0","content":"."}],"type":"punctuation"},{"start_time":"13.26","end_time":"14.23","alternatives":[{"confidence":"1.0","content":"잠시만요"}],"type":"pronunciation"},{"start_time":"15.35","end_time":"15.52","alternatives":[{"confidence":"0.757","content":"예"}],"type":"pronunciation"},{"start_time":"16.08","end_time":"16.3","alternatives":[{"confidence":"0.7021","content":"우선"}],"type":"pronunciation"},{"start_time":"16.3","end_time":"17.14","alternatives":[{"confidence":"0.9977499999999999","content":"그러시면은"}],"type":"pronunciation"},{"start_time":"17.2","end_time":"17.53","alternatives":[{"confidence":"0.9704","content":"그"}],"type":"pronunciation"},{"start_time":"17.56","end_time":"17.71","alternatives":[{"confidence":"0.9995","content":"이제"}],"type":"pronunciation"},{"start_time":"17.71","end_time":"18.22","alternatives":[{"confidence":"0.99535","content":"고객님하고"}],"type":"pronunciation"},{"start_time":"18.22","end_time":"18.56","alternatives":[{"confidence":"0.9124","content":"저희"}],"type":"pronunciation"},{"start_time":"18.67","end_time":"19.71","alternatives":[{"confidence":"0.86875","content":"농협에서"}],"type":"pronunciation"},{"start_time":"19.74","end_time":"20.41","alternatives":[{"confidence":"0.9457333333333334","content":"대출진행이"}],"type":"pronunciation"},{"start_time":"20.41","end_time":"20.92","alternatives":[{"confidence":"1.0","content":"정상적으로"}],"type":"pronunciation"},{"start_time":"20.92","end_time":"21.54","alternatives":[{"confidence":"0.98075","content":"완료되었다는"}],"type":"pronunciation"},{"start_time":"21.54","end_time":"21.89","alternatives":[{"confidence":"0.9703","content":"걸"}],"type":"pronunciation"},{"start_time":"21.92","end_time":"22.73","alternatives":[{"confidence":"0.67075","content":"높겠는데요"}],"type":"pronunciation"},{"start_time":"22.88","end_time":"23.09","alternatives":[{"confidence":"0.9989","content":"통화"}],"type":"pronunciation"},{"start_time":"23.09","end_time":"23.69","alternatives":[{"confidence":"0.9805","content":"괜찮으십니까"}],"type":"pronunciation"},{"alternatives":[{"confidence":"0.0","content":"?"}],"type":"punctuation"},{"start_time":"24.62","end_time":"24.92","alternatives":[{"confidence":"0.9994","content":"그리고"}],"type":"pronunciation"},{"start_time":"24.92","end_time":"25.28","alternatives":[{"confidence":"1.0","content":"또한"}],"type":"pronunciation"},{"start_time":"25.77","end_time":"26.65","alternatives":[{"confidence":"0.80535","content":"대출금받은"}],"type":"pronunciation"},{"start_time":"26.65","end_time":"26.83","alternatives":[{"confidence":"0.3733","content":"힘과"}],"type":"pronunciation"},{"start_time":"26.83","end_time":"27.27","alternatives":[{"confidence":"1.0","content":"동시에"}],"type":"pronunciation"},{"start_time":"27.27","end_time":"27.55","alternatives":[{"confidence":"1.0","content":"저희가"}],"type":"pronunciation"},{"start_time":"27.55","end_time":"27.66","alternatives":[{"confidence":"0.6763","content":"이제"}],"type":"pronunciation"},{"start_time":"27.67","end_time":"28.22","alternatives":[{"confidence":"0.98285","content":"등교편을"}],"type":"pronunciation"},{"start_time":"28.22","end_time":"28.58","alternatives":[{"confidence":"0.85785","content":"보내드릴"}],"type":"pronunciation"},{"start_time":"28.58","end_time":"29.55","alternatives":[{"confidence":"1.0","content":"건데요"}],"type":"pronunciation"},{"start_time":"29.9","end_time":"30.83","alternatives":[{"confidence":"0.6787333333333333","content":"고객자택이"}],"type":"pronunciation"},{"start_time":"30.83","end_time":"31.38","alternatives":[{"confidence":"0.96995","content":"편하세요"}],"type":"pronunciation"},{"start_time":"31.38","end_time":"31.81","alternatives":[{"confidence":"1.0","content":"아니면"}],"type":"pronunciation"},{"start_time":"31.81","end_time":"32.14","alternatives":[{"confidence":"0.9138","content":"어디가"}],"type":"pronunciation"},{"start_time":"32.14","end_time":"32.96","alternatives":[{"confidence":"0.8574666666666667","content":"편하신가요"}],"type":"pronunciation"},{"start_time":"35.31","end_time":"36.11","alternatives":[{"confidence":"0.5747","content":"직장인편하세요"}],"type":"pronunciation"},{"start_time":"36.17","end_time":"36.48","alternatives":[{"confidence":"0.5518","content":"직장"}],"type":"pronunciation"},{"start_time":"36.48","end_time":"36.86","alternatives":[{"confidence":"0.9722500000000001","content":"주소지"}],"type":"pronunciation"},{"start_time":"36.86","end_time":"37.11","alternatives":[{"confidence":"0.9998","content":"좀"}],"type":"pronunciation"},{"start_time":"37.17","end_time":"37.91","alternatives":[{"confidence":"0.96265","content":"부탁드리겠습니다"}],"type":"pronunciation"},{"alternatives":[{"confidence":"0.0","content":"."}],"type":"punctuation"},{"start_time":"40.96","end_time":"41.38","alternatives":[{"confidence":"0.8917","content":"이제"}],"type":"pronunciation"},{"start_time":"41.41","end_time":"41.78","alternatives":[{"confidence":"0.4794","content":"저기"}],"type":"pronunciation"},{"start_time":"41.87","end_time":"42.01","alternatives":[{"confidence":"0.634","content":"몇"}],"type":"pronunciation"},{"start_time":"42.01","end_time":"42.09","alternatives":[{"confidence":"0.3428","content":"개"}],"type":"pronunciation"},{"start_time":"42.09","end_time":"42.73","alternatives":[{"confidence":"1.0","content":"걸리겠죠"}],"type":"pronunciation"},{"alternatives":[{"confidence":"0.0","content":"?"}],"type":"punctuation"},{"start_time":"43.6","end_time":"43.87","alternatives":[{"confidence":"0.9835","content":"아니요"}],"type":"pronunciation"},{"alternatives":[{"confidence":"0.0","content":"."}],"type":"punctuation"},{"start_time":"43.87","end_time":"45.15","alternatives":[{"confidence":"0.98305","content":"고객님내일이면"}],"type":"pronunciation"},{"start_time":"45.15","end_time":"45.36","alternatives":[{"confidence":"0.9189","content":"바로"}],"type":"pronunciation"},{"start_time":"45.36","end_time":"45.66","alternatives":[{"confidence":"0.8086","content":"발생이"}],"type":"pronunciation"},{"start_time":"45.66","end_time":"46.4","alternatives":[{"confidence":"0.9951","content":"되세요"}],"type":"pronunciation"},{"alternatives":[{"confidence":"0.0","content":"."}],"type":"punctuation"},{"start_time":"48.37","end_time":"48.44","alternatives":[{"confidence":"0.3885","content":"을"}],"type":"pronunciation"},{"start_time":"48.44","end_time":"48.79","alternatives":[{"confidence":"0.448","content":"해주세요"}],"type":"pronunciation"},{"start_time":"51.82","end_time":"52.21","alternatives":[{"confidence":"0.6866","content":"사무실"}],"type":"pronunciation"},{"start_time":"53.32","end_time":"53.53","alternatives":[{"confidence":"0.5314","content":"삼"}],"type":"pronunciation"},{"start_time":"53.53","end_time":"53.73","alternatives":[{"confidence":"0.9765","content":"층"}],"type":"pronunciation"},{"start_time":"53.73","end_time":"54.69","alternatives":[{"confidence":"0.8388500000000001","content":"사무실이지만"}],"type":"pronunciation"},{"start_time":"54.7","end_time":"54.97","alternatives":[{"confidence":"0.2898","content":"이제"}],"type":"pronunciation"},{"start_time":"56.44","end_time":"57.05","alternatives":[{"confidence":"0.9949","content":"알겠습니다"}],"type":"pronunciation"},{"start_time":"57.24","end_time":"57.83","alternatives":[{"confidence":"0.99385","content":"그러시면"}],"type":"pronunciation"},{"start_time":"57.83","end_time":"58.11","alternatives":[{"confidence":"1.0","content":"혹시"}],"type":"pronunciation"},{"start_time":"58.11","end_time":"58.4","alternatives":[{"confidence":"0.9996","content":"모르기"}],"type":"pronunciation"},{"start_time":"58.4","end_time":"58.85","alternatives":[{"confidence":"0.9989","content":"때문에"}],"type":"pronunciation"},{"start_time":"58.88","end_time":"59.63","alternatives":[{"confidence":"0.9365","content":"자택주소지도"}],"type":"pronunciation"},{"start_time":"59.63","end_time":"59.95","alternatives":[{"confidence":"0.9361","content":"한번"}],"type":"pronunciation"},{"start_time":"59.95","end_time":"60.97","alternatives":[{"confidence":"0.91235","content":"부탁드릴게요"}],"type":"pronunciation"},{"alternatives":[{"confidence":"0.0","content":"."}],"type":"punctuation"},{"start_time":"66.79","end_time":"67.46","alternatives":[{"confidence":"0.9958","content":"알겠습니다"}],"type":"pronunciation"},{"alternatives":[{"confidence":"0.0","content":"."}],"type":"punctuation"},{"start_time":"67.6","end_time":"68.12","alternatives":[{"confidence":"0.9205","content":"그러시면"}],"type":"pronunciation"},{"start_time":"68.12","end_time":"68.28","alternatives":[{"confidence":"0.9878","content":"지금"}],"type":"pronunciation"},{"start_time":"68.28","end_time":"68.59","alternatives":[{"confidence":"0.85085","content":"녹취"}],"type":"pronunciation"},{"start_time":"68.59","end_time":"68.83","alternatives":[{"confidence":"0.6081","content":"진행"}],"type":"pronunciation"},{"start_time":"68.83","end_time":"68.94","alternatives":[{"confidence":"0.535","content":"할"}],"type":"pronunciation"},{"start_time":"68.94","end_time":"69.42","alternatives":[{"confidence":"0.85175","content":"거고요"}],"type":"pronunciation"},{"alternatives":[{"confidence":"0.0","content":"."}],"type":"punctuation"},{"start_time":"69.54","end_time":"69.94","alternatives":[{"confidence":"0.9951","content":"지금"}],"type":"pronunciation"},{"start_time":"69.94","end_time":"70.32","alternatives":[{"confidence":"0.9705","content":"유통하는"}],"type":"pronunciation"},{"start_time":"70.32","end_time":"70.54","alternatives":[{"confidence":"0.8661","content":"가능"}],"type":"pronunciation"},{"start_time":"70.54","end_time":"71.37","alternatives":[{"confidence":"0.9214","content":"하신건가요"}],"type":"pronunciation"},{"start_time":"72.32","end_time":"72.43","alternatives":[{"confidence":"9.0E-4","content":"네"}],"type":"pronunciation"},{"alternatives":[{"confidence":"0.0","content":","}],"type":"punctuation"},{"start_time":"72.43","end_time":"72.98","alternatives":[{"confidence":"0.9989","content":"알겠습니다"}],"type":"pronunciation"},{"alternatives":[{"confidence":"0.0","content":"."}],"type":"punctuation"},{"start_time":"73.49","end_time":"73.72","alternatives":[{"confidence":"0.9666","content":"그럼"}],"type":"pronunciation"},{"start_time":"73.72","end_time":"73.94","alternatives":[{"confidence":"0.37939999999999996","content":"녹기"}],"type":"pronunciation"},{"start_time":"73.94","end_time":"74.79","alternatives":[{"confidence":"0.98315","content":"시작하겠습니다"}],"type":"pronunciation"},{"alternatives":[{"confidence":"0.0","content":"."}],"type":"punctuation"},{"start_time":"78.79","end_time":"79.65","alternatives":[{"confidence":"0.9156","content":"고객님상황과"}],"type":"pronunciation"},{"start_time":"79.65","end_time":"80.2","alternatives":[{"confidence":"0.7162999999999999","content":"주민번호"}],"type":"pronunciation"},{"start_time":"80.2","end_time":"80.45","alternatives":[{"confidence":"0.9193","content":"13"}],"type":"pronunciation"},{"start_time":"80.45","end_time":"80.65","alternatives":[{"confidence":"0.8612","content":"자리"}],"type":"pronunciation"},{"start_time":"80.65","end_time":"80.86","alternatives":[{"confidence":"0.9445","content":"확인"}],"type":"pronunciation"},{"start_time":"80.86","end_time":"81.08","alternatives":[{"confidence":"0.5815","content":"부탁"}],"type":"pronunciation"},{"start_time":"81.08","end_time":"81.85","alternatives":[{"confidence":"1.0","content":"드리겠습니다"}],"type":"pronunciation"},{"alternatives":[{"confidence":"0.0","content":"."}],"type":"punctuation"},{"start_time":"88.53","end_time":"88.88","alternatives":[{"confidence":"0.5348","content":"확인"}],"type":"pronunciation"},{"start_time":"88.88","end_time":"89.76","alternatives":[{"confidence":"0.99585","content":"감사드리고요"}],"type":"pronunciation"},{"alternatives":[{"confidence":"0.0","content":"."}],"type":"punctuation"},{"start_time":"90.24","end_time":"91.21","alternatives":[{"confidence":"0.7717499999999999","content":"상황방식과"}],"type":"pronunciation"},{"start_time":"91.21","end_time":"91.5","alternatives":[{"confidence":"0.9921","content":"매달"}],"type":"pronunciation"},{"start_time":"91.5","end_time":"92.06","alternatives":[{"confidence":"0.86575","content":"상환하실"}],"type":"pronunciation"},{"start_time":"92.06","end_time":"92.64","alternatives":[{"confidence":"0.9874999999999999","content":"상환금액에"}],"type":"pronunciation"},{"start_time":"92.64","end_time":"93.14","alternatives":[{"confidence":"0.9987","content":"대해서"}],"type":"pronunciation"},{"start_time":"93.14","end_time":"93.45","alternatives":[{"confidence":"0.7715","content":"설명해"}],"type":"pronunciation"},{"start_time":"93.45","end_time":"94.11","alternatives":[{"confidence":"1.0","content":"드리겠습니다"}],"type":"pronunciation"},{"start_time":"94.21","end_time":"95.18","alternatives":[{"confidence":"0.99095","content":"상환방식은"}],"type":"pronunciation"},{"start_time":"95.18","end_time":"95.55","alternatives":[{"confidence":"0.7818","content":"원리금"}],"type":"pronunciation"},{"start_time":"95.55","end_time":"96.84","alternatives":[{"confidence":"0.9380999999999999","content":"균등분할상환방식으로"}],"type":"pronunciation"},{"start_time":"96.84","end_time":"97.67","alternatives":[{"confidence":"0.8542666666666667","content":"적용되시고요"}],"type":"pronunciation"},{"start_time":"97.7","end_time":"98.14","alternatives":[{"confidence":"0.9963500000000001","content":"금리는"}],"type":"pronunciation"},{"start_time":"98.14","end_time":"98.35","alternatives":[{"confidence":"0.9983","content":"연"}],"type":"pronunciation"},{"start_time":"98.35","end_time":"98.59","alternatives":[{"confidence":"0.7406","content":"십이"}],"type":"pronunciation"},{"start_time":"98.59","end_time":"98.8","alternatives":[{"confidence":"0.6629","content":"점"}],"type":"pronunciation"},{"start_time":"98.8","end_time":"98.95","alternatives":[{"confidence":"0.6246","content":"칠"}],"type":"pronunciation"},{"start_time":"98.95","end_time":"99.25","alternatives":[{"confidence":"0.90995","content":"프로로"}],"type":"pronunciation"},{"start_time":"99.25","end_time":"99.61","alternatives":[{"confidence":"0.85635","content":"유명하신"}],"type":"pronunciation"},{"start_time":"99.61","end_time":"100.08","alternatives":[{"confidence":"1.0","content":"겁니다"}],"type":"pronunciation"},{"alternatives":[{"confidence":"0.0","content":"."}],"type":"punctuation"},{"start_time":"100.71","end_time":"100.98","alternatives":[{"confidence":"0.9968","content":"그리고"}],"type":"pronunciation"},{"start_time":"100.98","end_time":"101.77","alternatives":[{"confidence":"0.9998","content":"상환기간은"}],"type":"pronunciation"},{"start_time":"101.77","end_time":"102.04","alternatives":[{"confidence":"0.9292","content":"육십"}],"type":"pronunciation"},{"start_time":"102.04","end_time":"102.76","alternatives":[{"confidence":"0.9695","content":"개월이시고요"}],"type":"pronunciation"},{"start_time":"102.79","end_time":"103.0","alternatives":[{"confidence":"0.8487","content":"매달"}],"type":"pronunciation"},{"start_time":"103.0","end_time":"103.55","alternatives":[{"confidence":"0.9803333333333333","content":"납부하시게"}],"type":"pronunciation"},{"start_time":"103.55","end_time":"103.79","alternatives":[{"confidence":"0.9532","content":"될"}],"type":"pronunciation"},{"start_time":"103.79","end_time":"104.7","alternatives":[{"confidence":"0.97305","content":"상환금액은"}],"type":"pronunciation"},{"start_time":"105.3","end_time":"105.76","alternatives":[{"confidence":"0.0815","content":"사십오"}],"type":"pronunciation"},{"start_time":"105.76","end_time":"106.0","alternatives":[{"confidence":"0.9546","content":"만"}],"type":"pronunciation"},{"start_time":"106.0","end_time":"107.09","alternatives":[{"confidence":"0.9999","content":"천구백구십육"}],"type":"pronunciation"},{"start_time":"107.09","end_time":"107.23","alternatives":[{"confidence":"0.9675","content":"원"}],"type":"pronunciation"},{"start_time":"107.23","end_time":"107.7","alternatives":[{"confidence":"0.9866","content":"이시며"}],"type":"pronunciation"},{"start_time":"107.79","end_time":"108.11","alternatives":[{"confidence":"0.9645","content":"매달"}],"type":"pronunciation"},{"start_time":"108.11","end_time":"108.73","alternatives":[{"confidence":"0.9722999999999999","content":"결제일은"}],"type":"pronunciation"},{"start_time":"108.73","end_time":"109.11","alternatives":[{"confidence":"0.6498","content":"이십오"}],"type":"pronunciation"},{"start_time":"109.11","end_time":"109.2","alternatives":[{"confidence":"0.7991","content":"일"}],"type":"pronunciation"},{"start_time":"109.2","end_time":"109.86","alternatives":[{"confidence":"0.987","content":"이시고요"}],"type":"pronunciation"},{"start_time":"110.67","end_time":"111.18","alternatives":[{"confidence":"0.97905","content":"결제일"}],"type":"pronunciation"},{"start_time":"111.18","end_time":"111.44","alternatives":[{"confidence":"0.7538","content":"이틀"}],"type":"pronunciation"},{"start_time":"111.44","end_time":"111.89","alternatives":[{"confidence":"1.0","content":"전에"}],"type":"pronunciation"},{"start_time":"111.92","end_time":"112.41","alternatives":[{"confidence":"0.91265","content":"상환안내"}],"type":"pronunciation"},{"start_time":"112.41","end_time":"113.21","alternatives":[{"confidence":"0.7495499999999999","content":"문자발생되실"}],"type":"pronunciation"},{"start_time":"113.21","end_time":"113.76","alternatives":[{"confidence":"1.0","content":"겁니다"}],"type":"pronunciation"},{"alternatives":[{"confidence":"0.0","content":"."}],"type":"punctuation"},{"start_time":"114.95","end_time":"115.43","alternatives":[{"confidence":"0.9999","content":"혹시라도"}],"type":"pronunciation"},{"start_time":"115.43","end_time":"115.67","alternatives":[{"confidence":"0.3087","content":"고기"}],"type":"pronunciation"},{"start_time":"115.67","end_time":"116.12","alternatives":[{"confidence":"0.9941","content":"님께서"}],"type":"pronunciation"},{"start_time":"116.12","end_time":"116.26","alternatives":[{"confidence":"0.9638","content":"이제"}],"type":"pronunciation"},{"start_time":"116.26","end_time":"117.24","alternatives":[{"confidence":"0.7817333333333334","content":"상환중면"}],"type":"pronunciation"},{"start_time":"117.24","end_time":"117.57","alternatives":[{"confidence":"0.3036","content":"7"}],"type":"pronunciation"},{"start_time":"117.57","end_time":"117.89","alternatives":[{"confidence":"0.99995","content":"하시게"}],"type":"pronunciation"},{"start_time":"117.89","end_time":"118.37","alternatives":[{"confidence":"0.9102","content":"되면"}],"type":"pronunciation"},{"start_time":"118.66","end_time":"119.13","alternatives":[{"confidence":"0.39895","content":"납기를"}],"type":"pronunciation"},{"start_time":"119.13","end_time":"119.64","alternatives":[{"confidence":"0.9989","content":"이후에"}],"type":"pronunciation"},{"start_time":"119.64","end_time":"120.05","alternatives":[{"confidence":"0.9273","content":"매일"}],"type":"pronunciation"},{"start_time":"120.05","end_time":"121.47","alternatives":[{"confidence":"0.7307400000000001","content":"상황금액영점삼"}],"type":"pronunciation"},{"start_time":"121.47","end_time":"122.32","alternatives":[{"confidence":"0.8265333333333333","content":"프로가산세가"}],"type":"pronunciation"},{"start_time":"122.32","end_time":"122.72","alternatives":[{"confidence":"0.9996499999999999","content":"부과될"}],"type":"pronunciation"},{"start_time":"122.72","end_time":"122.91","alternatives":[{"confidence":"0.9964","content":"수가"}],"type":"pronunciation"},{"start_time":"122.91","end_time":"123.11","alternatives":[{"confidence":"1.0","content":"있기"}],"type":"pronunciation"},{"start_time":"123.11","end_time":"123.66","alternatives":[{"confidence":"0.998","content":"때문에요"}],"type":"pronunciation"},{"alternatives":[{"confidence":"0.0","content":"."}],"type":"punctuation"},{"start_time":"124.13","end_time":"124.48","alternatives":[{"confidence":"1.0","content":"정확히"}],"type":"pronunciation"},{"start_time":"124.48","end_time":"125.12","alternatives":[{"confidence":"0.9866999999999999","content":"상환날짜를"}],"type":"pronunciation"},{"start_time":"125.12","end_time":"125.48","alternatives":[{"confidence":"1.0","content":"넘기지"}],"type":"pronunciation"},{"start_time":"125.48","end_time":"126.09","alternatives":[{"confidence":"1.0","content":"않도록"}],"type":"pronunciation"},{"start_time":"126.12","end_time":"126.43","alternatives":[{"confidence":"0.9999","content":"미리"}],"type":"pronunciation"},{"start_time":"126.43","end_time":"126.87","alternatives":[{"confidence":"0.8707","content":"상환안내"}],"type":"pronunciation"},{"start_time":"126.87","end_time":"127.24","alternatives":[{"confidence":"1.0","content":"문자를"}],"type":"pronunciation"},{"start_time":"127.24","end_time":"127.57","alternatives":[{"confidence":"0.9923","content":"발송해"}],"type":"pronunciation"},{"start_time":"127.57","end_time":"127.88","alternatives":[{"confidence":"0.9612","content":"드리는"}],"type":"pronunciation"},{"start_time":"127.88","end_time":"128.43","alternatives":[{"confidence":"0.9821500000000001","content":"거고요"}],"type":"pronunciation"},{"start_time":"129.01","end_time":"130.6","alternatives":[{"confidence":"0.7692749999999999","content":"이점이유에서연체없이"}],"type":"pronunciation"},{"start_time":"130.6","end_time":"130.81","alternatives":[{"confidence":"0.6428","content":"잘"}],"type":"pronunciation"},{"start_time":"130.81","end_time":"131.36","alternatives":[{"confidence":"0.7973","content":"상환해주시면"}],"type":"pronunciation"},{"start_time":"131.36","end_time":"131.85","alternatives":[{"confidence":"0.9998","content":"됩니다"}],"type":"pronunciation"},{"alternatives":[{"confidence":"0.0","content":"."}],"type":"punctuation"},{"start_time":"132.76","end_time":"133.44","alternatives":[{"confidence":"0.8350500000000001","content":"납입중"}],"type":"pronunciation"},{"start_time":"133.44","end_time":"134.33","alternatives":[{"confidence":"0.9799333333333333","content":"중도상환은"}],"type":"pronunciation"},{"start_time":"134.33","end_time":"134.47","alternatives":[{"confidence":"0.9435","content":"육"}],"type":"pronunciation"},{"start_time":"134.47","end_time":"134.75","alternatives":[{"confidence":"0.9846","content":"개월"}],"type":"pronunciation"},{"start_time":"134.75","end_time":"135.08","alternatives":[{"confidence":"0.9963","content":"이후부터"}],"type":"pronunciation"},{"start_time":"135.08","end_time":"135.34","alternatives":[{"confidence":"0.5843","content":"가능"}],"type":"pronunciation"},{"start_time":"135.34","end_time":"135.96","alternatives":[{"confidence":"0.8254666666666667","content":"하신거고요"}],"type":"pronunciation"},{"start_time":"135.99","end_time":"136.75","alternatives":[{"confidence":"0.9548","content":"중도상환하실"}],"type":"pronunciation"},{"start_time":"136.75","end_time":"137.32","alternatives":[{"confidence":"0.9998","content":"경우에는"}],"type":"pronunciation"},{"start_time":"137.32","end_time":"137.71","alternatives":[{"confidence":"1.0","content":"별도의"}],"type":"pronunciation"},{"start_time":"137.71","end_time":"138.28","alternatives":[{"confidence":"0.868","content":"스스로는"}],"type":"pronunciation"},{"start_time":"138.28","end_time":"138.66","alternatives":[{"confidence":"0.9904","content":"발생하지"}],"type":"pronunciation"},{"start_time":"138.66","end_time":"139.22","alternatives":[{"confidence":"0.9958","content":"않습니다"}],"type":"pronunciation"},{"alternatives":[{"confidence":"0.0","content":"."}],"type":"punctuation"},{"start_time":"140.1","end_time":"141.33","alternatives":[{"confidence":"0.9271666666666666","content":"이해되셨나요"}],"type":"pronunciation"},{"start_time":"142.0","end_time":"142.68","alternatives":[{"confidence":"0.9680500000000001","content":"그러시면"}],"type":"pronunciation"},{"start_time":"142.68","end_time":"143.31","alternatives":[{"confidence":"0.81555","content":"대출금받아"}],"type":"pronunciation"},{"start_time":"143.31","end_time":"143.68","alternatives":[{"confidence":"0.9985","content":"보실"}],"type":"pronunciation"},{"start_time":"143.68","end_time":"144.5","alternatives":[{"confidence":"0.8678666666666667","content":"계좌번호제가"}],"type":"pronunciation"},{"start_time":"144.5","end_time":"144.69","alternatives":[{"confidence":"0.9456","content":"다시"}],"type":"pronunciation"},{"start_time":"144.69","end_time":"144.9","alternatives":[{"confidence":"0.7948","content":"한번"}],"type":"pronunciation"},{"start_time":"144.9","end_time":"145.58","alternatives":[{"confidence":"0.98845","content":"확인하겠습니다"}],"type":"pronunciation"},{"alternatives":[{"confidence":"0.0","content":"."}],"type":"punctuation"},{"start_time":"146.07","end_time":"146.7","alternatives":[{"confidence":"0.8208","content":"기업은행"}],"type":"pronunciation"},{"start_time":"146.7","end_time":"147.51","alternatives":[{"confidence":"0.9223","content":"이시고요"}],"type":"pronunciation"},{"start_time":"148.91","end_time":"149.22","alternatives":[{"confidence":"0.8485","content":"평생"}],"type":"pronunciation"},{"start_time":"149.22","end_time":"150.56","alternatives":[{"confidence":"0.9529","content":"계좌맞으시고요"}],"type":"pronunciation"},{"start_time":"151.93","end_time":"152.69","alternatives":[{"confidence":"0.9986","content":"대출금받으신"}],"type":"pronunciation"},{"start_time":"152.69","end_time":"153.23","alternatives":[{"confidence":"1.0","content":"후에는"}],"type":"pronunciation"},{"start_time":"153.23","end_time":"153.45","alternatives":[{"confidence":"0.7901","content":"저희"}],"type":"pronunciation"},{"start_time":"153.45","end_time":"154.0","alternatives":[{"confidence":"1.0","content":"쪽에서"}],"type":"pronunciation"},{"start_time":"154.06","end_time":"154.97","alternatives":[{"confidence":"0.9956999999999999","content":"등기우편을"}],"type":"pronunciation"},{"start_time":"155.0","end_time":"155.45","alternatives":[{"confidence":"0.94565","content":"보내드릴"}],"type":"pronunciation"},{"start_time":"155.45","end_time":"155.89","alternatives":[{"confidence":"1.0","content":"건데요"}],"type":"pronunciation"},{"alternatives":[{"confidence":"0.0","content":"."}],"type":"punctuation"},{"start_time":"155.92","end_time":"157.36","alternatives":[{"confidence":"0.84174","content":"등기우편대출약정서"}],"type":"pronunciation"},{"start_time":"157.36","end_time":"157.8","alternatives":[{"confidence":"0.5874999999999999","content":"가시는거"}],"type":"pronunciation"},{"start_time":"157.8","end_time":"158.54","alternatives":[{"confidence":"1.0","content":"거든요"}],"type":"pronunciation"},{"alternatives":[{"confidence":"0.0","content":"."}],"type":"punctuation"},{"start_time":"159.41","end_time":"160.25","alternatives":[{"confidence":"0.8995000000000001","content":"대출약정서"}],"type":"pronunciation"},{"start_time":"160.28","end_time":"160.42","alternatives":[{"confidence":"0.9456","content":"이제"}],"type":"pronunciation"},{"start_time":"160.43","end_time":"160.85","alternatives":[{"confidence":"1.0","content":"꼼꼼히"}],"type":"pronunciation"},{"start_time":"160.85","end_time":"161.76","alternatives":[{"confidence":"0.9577","content":"읽어보시고"}],"type":"pronunciation"},{"alternatives":[{"confidence":"0.0","content":"."}],"type":"punctuation"},{"start_time":"161.79","end_time":"162.04","alternatives":[{"confidence":"0.9947","content":"이제"}],"type":"pronunciation"},{"start_time":"162.05","end_time":"162.37","alternatives":[{"confidence":"0.89715","content":"자필"}],"type":"pronunciation"},{"start_time":"162.37","end_time":"162.94","alternatives":[{"confidence":"0.7947666666666667","content":"서명해주셔야"}],"type":"pronunciation"},{"start_time":"162.94","end_time":"163.45","alternatives":[{"confidence":"0.9999","content":"되는데"}],"type":"pronunciation"},{"start_time":"163.48","end_time":"163.76","alternatives":[{"confidence":"0.87695","content":"자필"}],"type":"pronunciation"},{"start_time":"163.76","end_time":"164.76","alternatives":[{"confidence":"0.9301","content":"서명누락되거나"}],"type":"pronunciation"},{"start_time":"164.76","end_time":"165.06","alternatives":[{"confidence":"0.7905","content":"위조가"}],"type":"pronunciation"},{"start_time":"165.06","end_time":"165.64","alternatives":[{"confidence":"0.9997","content":"되시면"}],"type":"pronunciation"},{"start_time":"165.68","end_time":"165.95","alternatives":[{"confidence":"0.7985","content":"자동"}],"type":"pronunciation"},{"start_time":"165.95","end_time":"166.13","alternatives":[{"confidence":"0.5002","content":"계약"}],"type":"pronunciation"},{"start_time":"166.13","end_time":"166.58","alternatives":[{"confidence":"0.7742","content":"해지됨을"}],"type":"pronunciation"},{"start_time":"166.58","end_time":"167.21","alternatives":[{"confidence":"0.9838","content":"알려드립니다"}],"type":"pronunciation"},{"alternatives":[{"confidence":"0.0","content":"."}],"type":"punctuation"},{"start_time":"168.14","end_time":"169.1","alternatives":[{"confidence":"0.7432666666666666","content":"방문시간이랑"}],"type":"pronunciation"},{"start_time":"169.1","end_time":"169.72","alternatives":[{"confidence":"0.9996","content":"장소는"}],"type":"pronunciation"},{"start_time":"169.72","end_time":"170.67","alternatives":[{"confidence":"0.99585","content":"고객님께서"}],"type":"pronunciation"},{"start_time":"172.25","end_time":"172.78","alternatives":[{"confidence":"0.9958","content":"우선적으로"}],"type":"pronunciation"},{"start_time":"172.81","end_time":"172.96","alternatives":[{"confidence":"0.7462","content":"이제"}],"type":"pronunciation"},{"start_time":"173.045","end_time":"174.515","alternatives":[{"confidence":"0.9996666666666667","content":"자택자택아니면"}],"type":"pronunciation"},{"start_time":"174.605","end_time":"175.415","alternatives":[{"confidence":"0.739","content":"회사그쪽으로"}],"type":"pronunciation"},{"start_time":"175.445","end_time":"175.755","alternatives":[{"confidence":"0.8774500000000001","content":"발생이"}],"type":"pronunciation"},{"start_time":"175.755","end_time":"175.955","alternatives":[{"confidence":"0.9901500000000001","content":"되실"}],"type":"pronunciation"},{"start_time":"175.955","end_time":"176.615","alternatives":[{"confidence":"0.97675","content":"거고요"}],"type":"pronunciation"},{"alternatives":[{"confidence":"0.0","content":"."}],"type":"punctuation"},{"start_time":"177.085","end_time":"177.585","alternatives":[{"confidence":"0.9997","content":"지금까지"}],"type":"pronunciation"},{"start_time":"177.585","end_time":"177.825","alternatives":[{"confidence":"0.7428","content":"녹취"}],"type":"pronunciation"},{"start_time":"177.825","end_time":"178.365","alternatives":[{"confidence":"0.8353","content":"내용에"}],"type":"pronunciation"},{"start_time":"178.365","end_time":"178.615","alternatives":[{"confidence":"0.9874","content":"모두"}],"type":"pronunciation"},{"start_time":"178.615","end_time":"178.915","alternatives":[{"confidence":"0.9855","content":"동의를"}],"type":"pronunciation"},{"start_time":"178.915","end_time":"179.765","alternatives":[{"confidence":"0.9951","content":"하시나요"}],"type":"pronunciation"},{"alternatives":[{"confidence":"0.0","content":"?"}],"type":"punctuation"},{"start_time":"180.555","end_time":"181.125","alternatives":[{"confidence":"0.69065","content":"이천십칠"}],"type":"pronunciation"},{"start_time":"181.125","end_time":"181.395","alternatives":[{"confidence":"0.9999","content":"년"}],"type":"pronunciation"},{"start_time":"181.395","end_time":"181.645","alternatives":[{"confidence":"0.4956","content":"십이"}],"type":"pronunciation"},{"start_time":"181.645","end_time":"181.765","alternatives":[{"confidence":"0.9993","content":"월"}],"type":"pronunciation"},{"start_time":"181.765","end_time":"182.095","alternatives":[{"confidence":"0.7531","content":"이십칠"}],"type":"pronunciation"},{"start_time":"182.095","end_time":"182.305","alternatives":[{"confidence":"0.9398","content":"일"}],"type":"pronunciation"},{"start_time":"182.305","end_time":"182.885","alternatives":[{"confidence":"0.79335","content":"고객께서"}],"type":"pronunciation"},{"start_time":"182.885","end_time":"183.445","alternatives":[{"confidence":"0.8520000000000001","content":"동의하였기"}],"type":"pronunciation"},{"start_time":"183.445","end_time":"183.895","alternatives":[{"confidence":"0.9999","content":"때문에"}],"type":"pronunciation"},{"start_time":"183.925","end_time":"184.215","alternatives":[{"confidence":"0.9937","content":"법적"}],"type":"pronunciation"},{"start_time":"184.215","end_time":"184.495","alternatives":[{"confidence":"1.0","content":"효력이"}],"type":"pronunciation"},{"start_time":"184.495","end_time":"185.155","alternatives":[{"confidence":"0.9974999999999999","content":"발생되고요"}],"type":"pronunciation"},{"alternatives":[{"confidence":"0.0","content":"."}],"type":"punctuation"},{"start_time":"185.185","end_time":"185.805","alternatives":[{"confidence":"0.9999","content":"혹시라도"}],"type":"pronunciation"},{"start_time":"185.805","end_time":"186.375","alternatives":[{"confidence":"0.7471","content":"위내용으로"}],"type":"pronunciation"},{"start_time":"186.375","end_time":"186.895","alternatives":[{"confidence":"1.0","content":"인해서"}],"type":"pronunciation"},{"start_time":"186.925","end_time":"187.725","alternatives":[{"confidence":"0.9754","content":"고객님께서"}],"type":"pronunciation"},{"start_time":"187.725","end_time":"188.035","alternatives":[{"confidence":"1.0","content":"피해를"}],"type":"pronunciation"},{"start_time":"188.035","end_time":"188.805","alternatives":[{"confidence":"0.99315","content":"본다거나"}],"type":"pronunciation"},{"alternatives":[{"confidence":"0.0","content":"."}],"type":"punctuation"},{"start_time":"189.065","end_time":"189.415","alternatives":[{"confidence":"1.0","content":"또한"}],"type":"pronunciation"},{"start_time":"189.415","end_time":"189.695","alternatives":[{"confidence":"0.6767","content":"유출"}],"type":"pronunciation"},{"start_time":"189.695","end_time":"190.185","alternatives":[{"confidence":"1.0","content":"문제가"}],"type":"pronunciation"},{"start_time":"190.185","end_time":"190.925","alternatives":[{"confidence":"0.9977666666666667","content":"생기시면은"}],"type":"pronunciation"},{"start_time":"191.315","end_time":"192.035","alternatives":[{"confidence":"0.7505","content":"금감원측에"}],"type":"pronunciation"},{"start_time":"192.035","end_time":"192.855","alternatives":[{"confidence":"0.86285","content":"손해배상청구"}],"type":"pronunciation"},{"start_time":"192.855","end_time":"193.585","alternatives":[{"confidence":"0.8256","content":"소송할"}],"type":"pronunciation"},{"start_time":"193.585","end_time":"193.685","alternatives":[{"confidence":"0.9984","content":"수"}],"type":"pronunciation"},{"start_time":"193.685","end_time":"193.955","alternatives":[{"confidence":"0.9679","content":"있음을"}],"type":"pronunciation"},{"start_time":"193.955","end_time":"194.765","alternatives":[{"confidence":"0.97","content":"알려드리고요"}],"type":"pronunciation"},{"start_time":"195.335","end_time":"195.555","alternatives":[{"confidence":"0.502","content":"그런"}],"type":"pronunciation"},{"start_time":"195.555","end_time":"195.825","alternatives":[{"confidence":"0.85425","content":"녹이"}],"type":"pronunciation"},{"start_time":"195.825","end_time":"196.555","alternatives":[{"confidence":"1.0","content":"마치겠습니다"}],"type":"pronunciation"},{"alternatives":[{"confidence":"0.0","content":"."}],"type":"punctuation"}]},"status":"COMPLETED"}