{"jobName":"transcribe_loan68","accountId":"097989105209","results":{"transcripts":[{"transcript":"숫자 여섯 살의 발송해 드릴 건데요. 요즘은 개인정보 유출과 도용 방지를 위해서 윤 씨 발급을 통해 안전하게 본인 확인을 도와드리는 겁니다. 통화 중에 메시지 확인 가능하신가요 보면. 네, 지금 보내드리겠습니다. 네. 보내드렸습니다 고객님 2953 번 맡으신 분들 확인 중에 있습니다. 본인 확인되셨고요 님 소득활동은 직장생활 하시나요? 아니면 개인 사 개인 사업이시고요 개인 사업이시고 어떤 업무보실까요 어떤 거예요? 처음 맞으시죠 식물사업이시고 본인명이 사업자등록증 있으신건가요 본인 명이 시고 기간은 얼마나 되셨죠? 이천십이 년도 십이월달에. 그니까 보시면 육 년 정도 되셨육 년 되셨네요 주거래은행은 어디시죠 우리은행이셨고요 매출은 어떻게 되세요? 지금은 떨어져 연매출 줄이 정도 시고요 정도 시고 신용카드아니죠 말고 연매출 그러니까는 거죠. 맞습니다. 편하신 말씀해주시면 되시고요 신용카드 사용중에 있으신가요? 신용 카드는 우리은행은 신용카드 있고요. 삼성카드 있고요. 삼성과 도 있으시고 카드론이나 현금서비스 받으신 내역도 있으시겠습니다 그런건 없으시고 사금융 이나 대부업체 사용 중인 것도 있으신그런 것도 없으시고요 것입니다. 국민살고 계시는 거주지시구 돈 까지만 확인 부탁 드리겠습니다. 봉맞으시죠 사시는 곧 거주 형태가 자가 있으세요. 있는데 자가 신데 부모님 배우자배우자명이 시고 아파트 주택 이세요 아파트 아파트 아파트 아파트 시고요 아파트 시고 등본상 가족관계는 있으신가요? 제가 제가 부모님 있고요. 가족관계증명서당에서 어떤 말씀잖아요? 지금 살고 계시는 거주지네 가족 관계 말씀하셨죠. 맞습니다. 이렇게 으로 등록돼 있으신가요? 있으시고 기온이 시고 잠시만요 저희 쪽하셨습니다 마지막으로 서민금융통합지원센터로 접수미관을 위해서 일간 번호 다시 한번 발송도와드릴 건데요. 요즘은 불법적인 업체에서 인증을 요구하는 경우가 많기 때문에 주의하시라고 공인님의 숫자 6 자료와 타인요구 방지문구와 함께 다시 다시 발송해 드릴 겁니다. 다시 한번 확인 가능하시죠 지금 보내드리겠습니다. 생각을 안 있고. 네. 보내드렸습니다 의원님 잠시만요. 잠시만요. 죄송합니다. 를 통해서 하면 박근혜 내리고. 네, 지금 보내드렸습니다 우리는 굉장히 하면서 4438 3438 33 4438 33 번 맞으십니까 잠시만요. 확인 중에 있습니다. 정부기관확인 되셨고요 조건에 따른 한도와 금리는 본인 조건평가후에 확인 가능 하시고 두 시간 안에 내일 오전에 오전 열시 이후에 서민금융통합지원센터대출 전문 님께 연락이 갈 겁니다. 무죄없이 전화상담나눠보시고 상담을 통해 좋은 결과 주시길 바라겠습니다. 접수상담사이기 현이었습니다 감사합니다. 예. 맞습니다. 드릴게요. 이게 어떤 식으로 행사를 하는건가요? 고객님문자 날라날라가셨잖아요 님 신용카드나 보험 만드실 때 약간 동의하실 때 정보 활용 동의를 하셔서 정부 정책 받으시라고 문자를 맞습니다. 인터넷 검색해보셔도 나옵니다. 한국자산관리공사 자산관리어떤 자산관리공사 정책자금으로 정식 정책정책 이라면서 정부 정책자금 한국자산관리공사 네 공사 한국자산관리공사 정부에서 주도적으로 이렇게 선생님 금융지원 맞습니다. 신차를 거기서 받으시고요. 내일 오전에 부지없이 상담잘 바라보"}],"items":[{"start_time":"0.7","end_time":"0.98","alternatives":[{"confidence":"0.7927","content":"숫자"}],"type":"pronunciation"},{"start_time":"0.98","end_time":"1.17","alternatives":[{"confidence":"0.435","content":"여섯"}],"type":"pronunciation"},{"start_time":"1.17","end_time":"1.31","alternatives":[{"confidence":"0.2236","content":"살의"}],"type":"pronunciation"},{"start_time":"1.31","end_time":"1.67","alternatives":[{"confidence":"0.8515","content":"발송해"}],"type":"pronunciation"},{"start_time":"1.67","end_time":"1.84","alternatives":[{"confidence":"0.9428","content":"드릴"}],"type":"pronunciation"},{"start_time":"1.84","end_time":"2.47","alternatives":[{"confidence":"1.0","content":"건데요"}],"type":"pronunciation"},{"alternatives":[{"confidence":"0.0","content":"."}],"type":"punctuation"},{"start_time":"2.65","end_time":"3.06","alternatives":[{"confidence":"0.9992","content":"요즘은"}],"type":"pronunciation"},{"start_time":"3.06","end_time":"3.55","alternatives":[{"confidence":"0.8366","content":"개인정보"}],"type":"pronunciation"},{"start_time":"3.55","end_time":"3.98","alternatives":[{"confidence":"0.9995","content":"유출과"}],"type":"pronunciation"},{"start_time":"3.98","end_time":"4.23","alternatives":[{"confidence":"0.99465","content":"도용"}],"type":"pronunciation"},{"start_time":"4.23","end_time":"4.62","alternatives":[{"confidence":"0.9997","content":"방지를"}],"type":"pronunciation"},{"start_time":"4.62","end_time":"4.92","alternatives":[{"confidence":"0.9278","content":"위해서"}],"type":"pronunciation"},{"start_time":"4.92","end_time":"5.08","alternatives":[{"confidence":"0.4291","content":"윤"}],"type":"pronunciation"},{"start_time":"5.08","end_time":"5.21","alternatives":[{"confidence":"0.0276","content":"씨"}],"type":"pronunciation"},{"start_time":"5.53","end_time":"5.9","alternatives":[{"confidence":"1.0","content":"발급을"}],"type":"pronunciation"},{"start_time":"5.9","end_time":"6.31","alternatives":[{"confidence":"1.0","content":"통해"}],"type":"pronunciation"},{"start_time":"6.5","end_time":"6.99","alternatives":[{"confidence":"1.0","content":"안전하게"}],"type":"pronunciation"},{"start_time":"6.99","end_time":"7.31","alternatives":[{"confidence":"0.7921","content":"본인"}],"type":"pronunciation"},{"start_time":"7.31","end_time":"7.64","alternatives":[{"confidence":"1.0","content":"확인을"}],"type":"pronunciation"},{"start_time":"7.64","end_time":"8.15","alternatives":[{"confidence":"0.96485","content":"도와드리는"}],"type":"pronunciation"},{"start_time":"8.15","end_time":"8.64","alternatives":[{"confidence":"0.9963","content":"겁니다"}],"type":"pronunciation"},{"alternatives":[{"confidence":"0.0","content":"."}],"type":"punctuation"},{"start_time":"8.7","end_time":"8.93","alternatives":[{"confidence":"0.768","content":"통화"}],"type":"pronunciation"},{"start_time":"8.93","end_time":"9.11","alternatives":[{"confidence":"0.9853","content":"중에"}],"type":"pronunciation"},{"start_time":"9.11","end_time":"9.46","alternatives":[{"confidence":"0.7668","content":"메시지"}],"type":"pronunciation"},{"start_time":"9.46","end_time":"9.71","alternatives":[{"confidence":"0.8686","content":"확인"}],"type":"pronunciation"},{"start_time":"9.71","end_time":"10.33","alternatives":[{"confidence":"0.9683","content":"가능하신가요"}],"type":"pronunciation"},{"start_time":"10.33","end_time":"10.69","alternatives":[{"confidence":"0.6222","content":"보면"}],"type":"pronunciation"},{"alternatives":[{"confidence":"0.0","content":"."}],"type":"punctuation"},{"start_time":"11.55","end_time":"11.7","alternatives":[{"confidence":"0.9295","content":"네"}],"type":"pronunciation"},{"alternatives":[{"confidence":"0.0","content":","}],"type":"punctuation"},{"start_time":"11.7","end_time":"11.92","alternatives":[{"confidence":"0.9851","content":"지금"}],"type":"pronunciation"},{"start_time":"11.92","end_time":"12.86","alternatives":[{"confidence":"0.9520500000000001","content":"보내드리겠습니다"}],"type":"pronunciation"},{"alternatives":[{"confidence":"0.0","content":"."}],"type":"punctuation"},{"start_time":"15.84","end_time":"16.03","alternatives":[{"confidence":"0.8364","content":"네"}],"type":"pronunciation"},{"alternatives":[{"confidence":"0.0","content":"."}],"type":"punctuation"},{"start_time":"16.06","end_time":"16.83","alternatives":[{"confidence":"0.8771","content":"보내드렸습니다"}],"type":"pronunciation"},{"start_time":"16.83","end_time":"17.43","alternatives":[{"confidence":"0.9311","content":"고객님"}],"type":"pronunciation"},{"start_time":"21.96","end_time":"24.95","alternatives":[{"confidence":"0.076275","content":"2953"}],"type":"pronunciation"},{"start_time":"24.95","end_time":"25.09","alternatives":[{"confidence":"0.0691","content":"번"}],"type":"pronunciation"},{"start_time":"25.09","end_time":"25.45","alternatives":[{"confidence":"0.025599999999999998","content":"맡으신"}],"type":"pronunciation"},{"start_time":"27.01","end_time":"27.2","alternatives":[{"confidence":"0.004","content":"분들"}],"type":"pronunciation"},{"start_time":"27.2","end_time":"27.4","alternatives":[{"confidence":"0.1141","content":"확인"}],"type":"pronunciation"},{"start_time":"27.4","end_time":"27.56","alternatives":[{"confidence":"0.0957","content":"중에"}],"type":"pronunciation"},{"start_time":"27.56","end_time":"28.13","alternatives":[{"confidence":"0.4311","content":"있습니다"}],"type":"pronunciation"},{"alternatives":[{"confidence":"0.0","content":"."}],"type":"punctuation"},{"start_time":"34.0","end_time":"34.29","alternatives":[{"confidence":"0.6387","content":"본인"}],"type":"pronunciation"},{"start_time":"34.29","end_time":"35.04","alternatives":[{"confidence":"0.6083333333333333","content":"확인되셨고요"}],"type":"pronunciation"},{"start_time":"35.28","end_time":"35.68","alternatives":[{"confidence":"0.5468","content":"님"}],"type":"pronunciation"},{"start_time":"36.34","end_time":"37.19","alternatives":[{"confidence":"0.64815","content":"소득활동은"}],"type":"pronunciation"},{"start_time":"37.19","end_time":"37.71","alternatives":[{"confidence":"0.7827","content":"직장생활"}],"type":"pronunciation"},{"start_time":"37.71","end_time":"38.07","alternatives":[{"confidence":"0.9974","content":"하시나요"}],"type":"pronunciation"},{"alternatives":[{"confidence":"0.0","content":"?"}],"type":"punctuation"},{"start_time":"38.07","end_time":"38.32","alternatives":[{"confidence":"1.0","content":"아니면"}],"type":"pronunciation"},{"start_time":"38.32","end_time":"38.64","alternatives":[{"confidence":"0.6128","content":"개인"}],"type":"pronunciation"},{"start_time":"38.64","end_time":"38.75","alternatives":[{"confidence":"0.5746","content":"사"}],"type":"pronunciation"},{"start_time":"40.55","end_time":"40.86","alternatives":[{"confidence":"0.7082","content":"개인"}],"type":"pronunciation"},{"start_time":"40.86","end_time":"41.86","alternatives":[{"confidence":"0.9042","content":"사업이시고요"}],"type":"pronunciation"},{"start_time":"42.42","end_time":"42.74","alternatives":[{"confidence":"0.842","content":"개인"}],"type":"pronunciation"},{"start_time":"42.74","end_time":"43.67","alternatives":[{"confidence":"0.8664","content":"사업이시고"}],"type":"pronunciation"},{"start_time":"43.67","end_time":"43.93","alternatives":[{"confidence":"0.88","content":"어떤"}],"type":"pronunciation"},{"start_time":"43.93","end_time":"44.82","alternatives":[{"confidence":"0.8649333333333334","content":"업무보실까요"}],"type":"pronunciation"},{"start_time":"47.63","end_time":"47.91","alternatives":[{"confidence":"0.149","content":"어떤"}],"type":"pronunciation"},{"start_time":"47.91","end_time":"48.2","alternatives":[{"confidence":"0.0821","content":"거예요"}],"type":"pronunciation"},{"alternatives":[{"confidence":"0.0","content":"?"}],"type":"punctuation"},{"start_time":"52.22","end_time":"52.56","alternatives":[{"confidence":"0.8898","content":"처음"}],"type":"pronunciation"},{"start_time":"52.56","end_time":"53.38","alternatives":[{"confidence":"0.9603","content":"맞으시죠"}],"type":"pronunciation"},{"start_time":"53.68","end_time":"54.82","alternatives":[{"confidence":"0.663425","content":"식물사업이시고"}],"type":"pronunciation"},{"start_time":"55.0","end_time":"55.57","alternatives":[{"confidence":"0.7072","content":"본인명이"}],"type":"pronunciation"},{"start_time":"56.25","end_time":"57.09","alternatives":[{"confidence":"0.7883","content":"사업자등록증"}],"type":"pronunciation"},{"start_time":"57.09","end_time":"57.68","alternatives":[{"confidence":"0.82335","content":"있으신건가요"}],"type":"pronunciation"},{"start_time":"58.67","end_time":"59.03","alternatives":[{"confidence":"0.4647","content":"본인"}],"type":"pronunciation"},{"start_time":"59.03","end_time":"59.33","alternatives":[{"confidence":"0.9152","content":"명이"}],"type":"pronunciation"},{"start_time":"59.33","end_time":"60.16","alternatives":[{"confidence":"1.0","content":"시고"}],"type":"pronunciation"},{"start_time":"64.13","end_time":"64.63","alternatives":[{"confidence":"0.9995","content":"기간은"}],"type":"pronunciation"},{"start_time":"64.63","end_time":"64.97","alternatives":[{"confidence":"1.0","content":"얼마나"}],"type":"pronunciation"},{"start_time":"64.97","end_time":"65.52","alternatives":[{"confidence":"1.0","content":"되셨죠"}],"type":"pronunciation"},{"alternatives":[{"confidence":"0.0","content":"?"}],"type":"punctuation"},{"start_time":"66.41","end_time":"66.77","alternatives":[{"confidence":"0.859","content":"이천십이"}],"type":"pronunciation"},{"start_time":"66.77","end_time":"67.01","alternatives":[{"confidence":"0.7767","content":"년도"}],"type":"pronunciation"},{"start_time":"67.01","end_time":"67.65","alternatives":[{"confidence":"0.6163666666666666","content":"십이월달에"}],"type":"pronunciation"},{"alternatives":[{"confidence":"0.0","content":"."}],"type":"punctuation"},{"start_time":"67.8","end_time":"68.14","alternatives":[{"confidence":"0.0794","content":"그니까"}],"type":"pronunciation"},{"start_time":"68.43","end_time":"69.42","alternatives":[{"confidence":"0.0045","content":"보시면"}],"type":"pronunciation"},{"start_time":"70.12","end_time":"70.33","alternatives":[{"confidence":"0.517","content":"육"}],"type":"pronunciation"},{"start_time":"70.33","end_time":"70.52","alternatives":[{"confidence":"0.8307","content":"년"}],"type":"pronunciation"},{"start_time":"70.52","end_time":"70.77","alternatives":[{"confidence":"0.8714","content":"정도"}],"type":"pronunciation"},{"start_time":"70.77","end_time":"72.28","alternatives":[{"confidence":"0.31379999999999997","content":"되셨육"}],"type":"pronunciation"},{"start_time":"72.28","end_time":"72.44","alternatives":[{"confidence":"0.8961","content":"년"}],"type":"pronunciation"},{"start_time":"72.44","end_time":"73.08","alternatives":[{"confidence":"0.9815","content":"되셨네요"}],"type":"pronunciation"},{"start_time":"73.57","end_time":"74.22","alternatives":[{"confidence":"0.7308333333333333","content":"주거래은행은"}],"type":"pronunciation"},{"start_time":"74.22","end_time":"74.74","alternatives":[{"confidence":"0.7472000000000001","content":"어디시죠"}],"type":"pronunciation"},{"start_time":"76.0","end_time":"77.23","alternatives":[{"confidence":"0.905825","content":"우리은행이셨고요"}],"type":"pronunciation"},{"start_time":"79.37","end_time":"79.79","alternatives":[{"confidence":"0.2369","content":"매출은"}],"type":"pronunciation"},{"start_time":"79.79","end_time":"80.05","alternatives":[{"confidence":"1.0","content":"어떻게"}],"type":"pronunciation"},{"start_time":"80.05","end_time":"80.56","alternatives":[{"confidence":"1.0","content":"되세요"}],"type":"pronunciation"},{"alternatives":[{"confidence":"0.0","content":"?"}],"type":"punctuation"},{"start_time":"81.64","end_time":"81.89","alternatives":[{"confidence":"0.4552","content":"지금은"}],"type":"pronunciation"},{"start_time":"81.89","end_time":"82.1","alternatives":[{"confidence":"0.1833","content":"떨어져"}],"type":"pronunciation"},{"start_time":"83.73","end_time":"84.9","alternatives":[{"confidence":"0.85275","content":"연매출"}],"type":"pronunciation"},{"start_time":"86.23","end_time":"87.07","alternatives":[{"confidence":"0.6854","content":"줄이"}],"type":"pronunciation"},{"start_time":"88.38","end_time":"88.74","alternatives":[{"confidence":"0.8243","content":"정도"}],"type":"pronunciation"},{"start_time":"88.74","end_time":"89.4","alternatives":[{"confidence":"0.9414","content":"시고요"}],"type":"pronunciation"},{"start_time":"89.71","end_time":"89.99","alternatives":[{"confidence":"0.6968","content":"정도"}],"type":"pronunciation"},{"start_time":"89.99","end_time":"90.42","alternatives":[{"confidence":"0.9605","content":"시고"}],"type":"pronunciation"},{"start_time":"90.73","end_time":"92.52","alternatives":[{"confidence":"0.4439","content":"신용카드아니죠"}],"type":"pronunciation"},{"start_time":"93.63","end_time":"93.93","alternatives":[{"confidence":"0.6756","content":"말고"}],"type":"pronunciation"},{"start_time":"93.93","end_time":"94.55","alternatives":[{"confidence":"0.019549999999999998","content":"연매출"}],"type":"pronunciation"},{"start_time":"96.1","end_time":"99.33","alternatives":[{"confidence":"0.016","content":"그러니까는"}],"type":"pronunciation"},{"start_time":"99.33","end_time":"99.52","alternatives":[{"confidence":"0.0821","content":"거죠"}],"type":"pronunciation"},{"alternatives":[{"confidence":"0.0","content":"."}],"type":"punctuation"},{"start_time":"100.18","end_time":"100.79","alternatives":[{"confidence":"0.9955","content":"맞습니다"}],"type":"pronunciation"},{"alternatives":[{"confidence":"0.0","content":"."}],"type":"punctuation"},{"start_time":"101.35","end_time":"101.74","alternatives":[{"confidence":"0.0448","content":"편하신"}],"type":"pronunciation"},{"start_time":"102.43","end_time":"103.23","alternatives":[{"confidence":"0.6859999999999999","content":"말씀해주시면"}],"type":"pronunciation"},{"start_time":"103.23","end_time":"103.89","alternatives":[{"confidence":"0.9497500000000001","content":"되시고요"}],"type":"pronunciation"},{"start_time":"104.87","end_time":"105.33","alternatives":[{"confidence":"0.5878","content":"신용카드"}],"type":"pronunciation"},{"start_time":"105.61","end_time":"105.97","alternatives":[{"confidence":"0.42625","content":"사용중에"}],"type":"pronunciation"},{"start_time":"105.97","end_time":"106.77","alternatives":[{"confidence":"1.0","content":"있으신가요"}],"type":"pronunciation"},{"alternatives":[{"confidence":"0.0","content":"?"}],"type":"punctuation"},{"start_time":"106.86","end_time":"107.06","alternatives":[{"confidence":"0.3347","content":"신용"}],"type":"pronunciation"},{"start_time":"107.06","end_time":"107.38","alternatives":[{"confidence":"0.3764","content":"카드는"}],"type":"pronunciation"},{"start_time":"107.47","end_time":"108.41","alternatives":[{"confidence":"0.50505","content":"우리은행은"}],"type":"pronunciation"},{"start_time":"108.41","end_time":"108.74","alternatives":[{"confidence":"0.1674","content":"신용카드"}],"type":"pronunciation"},{"start_time":"108.74","end_time":"108.93","alternatives":[{"confidence":"0.1907","content":"있고요"}],"type":"pronunciation"},{"alternatives":[{"confidence":"0.0","content":"."}],"type":"punctuation"},{"start_time":"108.93","end_time":"109.33","alternatives":[{"confidence":"0.88815","content":"삼성카드"}],"type":"pronunciation"},{"start_time":"109.33","end_time":"109.63","alternatives":[{"confidence":"0.4398","content":"있고요"}],"type":"pronunciation"},{"alternatives":[{"confidence":"0.0","content":"."}],"type":"punctuation"},{"start_time":"110.86","end_time":"111.27","alternatives":[{"confidence":"0.7362500000000001","content":"삼성과"}],"type":"pronunciation"},{"start_time":"111.27","end_time":"111.38","alternatives":[{"confidence":"0.8167","content":"도"}],"type":"pronunciation"},{"start_time":"111.38","end_time":"111.92","alternatives":[{"confidence":"0.9933000000000001","content":"있으시고"}],"type":"pronunciation"},{"start_time":"112.14","end_time":"112.7","alternatives":[{"confidence":"0.9989333333333333","content":"카드론이나"}],"type":"pronunciation"},{"start_time":"112.7","end_time":"113.22","alternatives":[{"confidence":"0.9792000000000001","content":"현금서비스"}],"type":"pronunciation"},{"start_time":"113.22","end_time":"113.55","alternatives":[{"confidence":"0.4453","content":"받으신"}],"type":"pronunciation"},{"start_time":"113.55","end_time":"113.85","alternatives":[{"confidence":"0.15445","content":"내역도"}],"type":"pronunciation"},{"start_time":"113.85","end_time":"114.72","alternatives":[{"confidence":"0.1414","content":"있으시겠습니다"}],"type":"pronunciation"},{"start_time":"115.39","end_time":"115.75","alternatives":[{"confidence":"0.4124","content":"그런건"}],"type":"pronunciation"},{"start_time":"115.75","end_time":"116.27","alternatives":[{"confidence":"0.9815","content":"없으시고"}],"type":"pronunciation"},{"start_time":"116.7","end_time":"117.15","alternatives":[{"confidence":"0.7454000000000001","content":"사금융"}],"type":"pronunciation"},{"start_time":"117.15","end_time":"117.39","alternatives":[{"confidence":"0.9973","content":"이나"}],"type":"pronunciation"},{"start_time":"117.51","end_time":"118.01","alternatives":[{"confidence":"0.6283","content":"대부업체"}],"type":"pronunciation"},{"start_time":"118.01","end_time":"118.23","alternatives":[{"confidence":"0.8783","content":"사용"}],"type":"pronunciation"},{"start_time":"118.23","end_time":"118.44","alternatives":[{"confidence":"0.9032","content":"중인"}],"type":"pronunciation"},{"start_time":"118.5","end_time":"118.68","alternatives":[{"confidence":"0.8724","content":"것도"}],"type":"pronunciation"},{"start_time":"118.68","end_time":"120.35","alternatives":[{"confidence":"0.7073","content":"있으신그런"}],"type":"pronunciation"},{"start_time":"120.35","end_time":"120.55","alternatives":[{"confidence":"0.9999","content":"것도"}],"type":"pronunciation"},{"start_time":"120.55","end_time":"121.25","alternatives":[{"confidence":"0.99695","content":"없으시고요"}],"type":"pronunciation"},{"start_time":"122.3","end_time":"122.9","alternatives":[{"confidence":"0.9552","content":"것입니다"}],"type":"pronunciation"},{"alternatives":[{"confidence":"0.0","content":"."}],"type":"punctuation"},{"start_time":"125.21","end_time":"125.78","alternatives":[{"confidence":"0.6646","content":"국민살고"}],"type":"pronunciation"},{"start_time":"125.78","end_time":"126.11","alternatives":[{"confidence":"0.9981","content":"계시는"}],"type":"pronunciation"},{"start_time":"126.11","end_time":"127.18","alternatives":[{"confidence":"0.6289666666666667","content":"거주지시구"}],"type":"pronunciation"},{"start_time":"127.18","end_time":"127.36","alternatives":[{"confidence":"0.5059","content":"돈"}],"type":"pronunciation"},{"start_time":"127.36","end_time":"127.77","alternatives":[{"confidence":"0.997","content":"까지만"}],"type":"pronunciation"},{"start_time":"127.77","end_time":"127.99","alternatives":[{"confidence":"0.6789","content":"확인"}],"type":"pronunciation"},{"start_time":"127.99","end_time":"128.18","alternatives":[{"confidence":"0.4495","content":"부탁"}],"type":"pronunciation"},{"start_time":"128.18","end_time":"128.72","alternatives":[{"confidence":"1.0","content":"드리겠습니다"}],"type":"pronunciation"},{"alternatives":[{"confidence":"0.0","content":"."}],"type":"punctuation"},{"start_time":"130.71","end_time":"131.63","alternatives":[{"confidence":"0.822525","content":"봉맞으시죠"}],"type":"pronunciation"},{"start_time":"133.84","end_time":"134.24","alternatives":[{"confidence":"0.6434","content":"사시는"}],"type":"pronunciation"},{"start_time":"134.24","end_time":"134.37","alternatives":[{"confidence":"0.2522","content":"곧"}],"type":"pronunciation"},{"start_time":"134.37","end_time":"134.64","alternatives":[{"confidence":"0.6784","content":"거주"}],"type":"pronunciation"},{"start_time":"134.64","end_time":"135.43","alternatives":[{"confidence":"0.9989","content":"형태가"}],"type":"pronunciation"},{"start_time":"135.82","end_time":"136.12","alternatives":[{"confidence":"0.0885","content":"자가"}],"type":"pronunciation"},{"start_time":"136.97","end_time":"137.47","alternatives":[{"confidence":"0.2077","content":"있으세요"}],"type":"pronunciation"},{"alternatives":[{"confidence":"0.0","content":"."}],"type":"punctuation"},{"start_time":"138.37","end_time":"138.67","alternatives":[{"confidence":"0.752","content":"있는데"}],"type":"pronunciation"},{"start_time":"139.93","end_time":"140.24","alternatives":[{"confidence":"0.4811","content":"자가"}],"type":"pronunciation"},{"start_time":"140.24","end_time":"140.58","alternatives":[{"confidence":"0.021249999999999998","content":"신데"}],"type":"pronunciation"},{"start_time":"142.69","end_time":"143.23","alternatives":[{"confidence":"0.4775","content":"부모님"}],"type":"pronunciation"},{"start_time":"143.35","end_time":"146.16","alternatives":[{"confidence":"0.18556666666666666","content":"배우자배우자명이"}],"type":"pronunciation"},{"start_time":"146.16","end_time":"146.66","alternatives":[{"confidence":"0.1058","content":"시고"}],"type":"pronunciation"},{"start_time":"146.97","end_time":"147.44","alternatives":[{"confidence":"0.5985","content":"아파트"}],"type":"pronunciation"},{"start_time":"148.29","end_time":"148.59","alternatives":[{"confidence":"0.4521","content":"주택"}],"type":"pronunciation"},{"start_time":"148.59","end_time":"149.04","alternatives":[{"confidence":"0.8585","content":"이세요"}],"type":"pronunciation"},{"start_time":"149.57","end_time":"149.87","alternatives":[{"confidence":"0.7576","content":"아파트"}],"type":"pronunciation"},{"start_time":"149.87","end_time":"150.13","alternatives":[{"confidence":"0.7053","content":"아파트"}],"type":"pronunciation"},{"start_time":"150.19","end_time":"150.45","alternatives":[{"confidence":"0.4984","content":"아파트"}],"type":"pronunciation"},{"start_time":"153.23","end_time":"153.7","alternatives":[{"confidence":"0.8981","content":"아파트"}],"type":"pronunciation"},{"start_time":"153.7","end_time":"154.36","alternatives":[{"confidence":"0.9761","content":"시고요"}],"type":"pronunciation"},{"start_time":"154.9","end_time":"155.37","alternatives":[{"confidence":"0.6325","content":"아파트"}],"type":"pronunciation"},{"start_time":"155.37","end_time":"156.01","alternatives":[{"confidence":"0.223","content":"시고"}],"type":"pronunciation"},{"start_time":"157.28","end_time":"157.96","alternatives":[{"confidence":"0.7452","content":"등본상"}],"type":"pronunciation"},{"start_time":"157.96","end_time":"158.57","alternatives":[{"confidence":"0.89575","content":"가족관계는"}],"type":"pronunciation"},{"start_time":"159.28","end_time":"160.05","alternatives":[{"confidence":"1.0","content":"있으신가요"}],"type":"pronunciation"},{"alternatives":[{"confidence":"0.0","content":"?"}],"type":"punctuation"},{"start_time":"161.07","end_time":"161.63","alternatives":[{"confidence":"0.8952","content":"제가"}],"type":"pronunciation"},{"start_time":"162.57","end_time":"162.72","alternatives":[{"confidence":"0.6083","content":"제가"}],"type":"pronunciation"},{"start_time":"162.72","end_time":"162.99","alternatives":[{"confidence":"0.3922","content":"부모님"}],"type":"pronunciation"},{"start_time":"163.52","end_time":"163.75","alternatives":[{"confidence":"0.2429","content":"있고요"}],"type":"pronunciation"},{"alternatives":[{"confidence":"0.0","content":"."}],"type":"punctuation"},{"start_time":"163.75","end_time":"164.7","alternatives":[{"confidence":"0.0522","content":"가족관계증명서당에서"}],"type":"pronunciation"},{"start_time":"164.96","end_time":"165.16","alternatives":[{"confidence":"0.0323","content":"어떤"}],"type":"pronunciation"},{"start_time":"165.21","end_time":"165.8","alternatives":[{"confidence":"0.10535","content":"말씀잖아요"}],"type":"pronunciation"},{"alternatives":[{"confidence":"0.0","content":"?"}],"type":"punctuation"},{"start_time":"167.07","end_time":"167.33","alternatives":[{"confidence":"0.984","content":"지금"}],"type":"pronunciation"},{"start_time":"167.33","end_time":"167.66","alternatives":[{"confidence":"1.0","content":"살고"}],"type":"pronunciation"},{"start_time":"167.66","end_time":"168.36","alternatives":[{"confidence":"0.9877","content":"계시는"}],"type":"pronunciation"},{"start_time":"168.66","end_time":"169.51","alternatives":[{"confidence":"0.73365","content":"거주지네"}],"type":"pronunciation"},{"start_time":"169.54","end_time":"169.8","alternatives":[{"confidence":"0.1732","content":"가족"}],"type":"pronunciation"},{"start_time":"169.8","end_time":"170.04","alternatives":[{"confidence":"0.0641","content":"관계"}],"type":"pronunciation"},{"start_time":"170.67","end_time":"171.28","alternatives":[{"confidence":"0.08380000000000001","content":"말씀하셨죠"}],"type":"pronunciation"},{"alternatives":[{"confidence":"0.0","content":"."}],"type":"punctuation"},{"start_time":"172.06","end_time":"172.59","alternatives":[{"confidence":"0.9951","content":"맞습니다"}],"type":"pronunciation"},{"alternatives":[{"confidence":"0.0","content":"."}],"type":"punctuation"},{"start_time":"175.01","end_time":"175.26","alternatives":[{"confidence":"0.063","content":"이렇게"}],"type":"pronunciation"},{"start_time":"175.68","end_time":"175.96","alternatives":[{"confidence":"0.7839","content":"으로"}],"type":"pronunciation"},{"start_time":"175.96","end_time":"176.4","alternatives":[{"confidence":"0.74435","content":"등록돼"}],"type":"pronunciation"},{"start_time":"176.4","end_time":"177.46","alternatives":[{"confidence":"0.9985","content":"있으신가요"}],"type":"pronunciation"},{"alternatives":[{"confidence":"0.0","content":"?"}],"type":"punctuation"},{"start_time":"178.87","end_time":"179.6","alternatives":[{"confidence":"0.00885","content":"있으시고"}],"type":"pronunciation"},{"start_time":"180.71","end_time":"181.22","alternatives":[{"confidence":"0.8886","content":"기온이"}],"type":"pronunciation"},{"start_time":"181.22","end_time":"181.94","alternatives":[{"confidence":"0.9998","content":"시고"}],"type":"pronunciation"},{"start_time":"185.62","end_time":"186.05","alternatives":[{"confidence":"0.5892","content":"잠시만요"}],"type":"pronunciation"},{"start_time":"186.32","end_time":"186.54","alternatives":[{"confidence":"0.4776","content":"저희"}],"type":"pronunciation"},{"start_time":"186.54","end_time":"188.35","alternatives":[{"confidence":"0.4487","content":"쪽하셨습니다"}],"type":"pronunciation"},{"start_time":"188.42","end_time":"189.48","alternatives":[{"confidence":"1.0","content":"마지막으로"}],"type":"pronunciation"},{"start_time":"191.28","end_time":"192.85","alternatives":[{"confidence":"0.9997999999999999","content":"서민금융통합지원센터로"}],"type":"pronunciation"},{"start_time":"192.85","end_time":"193.46","alternatives":[{"confidence":"0.8487666666666667","content":"접수미관을"}],"type":"pronunciation"},{"start_time":"193.46","end_time":"194.1","alternatives":[{"confidence":"0.8926","content":"위해서"}],"type":"pronunciation"},{"start_time":"194.37","end_time":"194.59","alternatives":[{"confidence":"0.3258","content":"일간"}],"type":"pronunciation"},{"start_time":"194.59","end_time":"194.79","alternatives":[{"confidence":"0.6544","content":"번호"}],"type":"pronunciation"},{"start_time":"194.79","end_time":"195.01","alternatives":[{"confidence":"0.9786","content":"다시"}],"type":"pronunciation"},{"start_time":"195.01","end_time":"195.22","alternatives":[{"confidence":"0.8589","content":"한번"}],"type":"pronunciation"},{"start_time":"195.22","end_time":"195.86","alternatives":[{"confidence":"0.9032","content":"발송도와드릴"}],"type":"pronunciation"},{"start_time":"195.86","end_time":"196.35","alternatives":[{"confidence":"1.0","content":"건데요"}],"type":"pronunciation"},{"alternatives":[{"confidence":"0.0","content":"."}],"type":"punctuation"},{"start_time":"196.38","end_time":"196.84","alternatives":[{"confidence":"0.9914","content":"요즘은"}],"type":"pronunciation"},{"start_time":"196.84","end_time":"197.34","alternatives":[{"confidence":"0.9999","content":"불법적인"}],"type":"pronunciation"},{"start_time":"197.34","end_time":"197.72","alternatives":[{"confidence":"0.9933000000000001","content":"업체에서"}],"type":"pronunciation"},{"start_time":"197.72","end_time":"198.17","alternatives":[{"confidence":"0.9473","content":"인증을"}],"type":"pronunciation"},{"start_time":"198.17","end_time":"198.55","alternatives":[{"confidence":"0.9991","content":"요구하는"}],"type":"pronunciation"},{"start_time":"198.55","end_time":"198.82","alternatives":[{"confidence":"1.0","content":"경우가"}],"type":"pronunciation"},{"start_time":"198.82","end_time":"199.09","alternatives":[{"confidence":"1.0","content":"많기"}],"type":"pronunciation"},{"start_time":"199.09","end_time":"199.35","alternatives":[{"confidence":"1.0","content":"때문에"}],"type":"pronunciation"},{"start_time":"199.36","end_time":"200.39","alternatives":[{"confidence":"0.8950999999999999","content":"주의하시라고"}],"type":"pronunciation"},{"start_time":"200.78","end_time":"201.17","alternatives":[{"confidence":"0.7596499999999999","content":"공인님의"}],"type":"pronunciation"},{"start_time":"201.17","end_time":"201.45","alternatives":[{"confidence":"0.708","content":"숫자"}],"type":"pronunciation"},{"start_time":"201.45","end_time":"201.66","alternatives":[{"confidence":"0.7151","content":"6"}],"type":"pronunciation"},{"start_time":"201.66","end_time":"201.97","alternatives":[{"confidence":"0.9755","content":"자료와"}],"type":"pronunciation"},{"start_time":"201.97","end_time":"202.43","alternatives":[{"confidence":"0.4912","content":"타인요구"}],"type":"pronunciation"},{"start_time":"202.43","end_time":"202.93","alternatives":[{"confidence":"0.6297","content":"방지문구와"}],"type":"pronunciation"},{"start_time":"202.93","end_time":"203.15","alternatives":[{"confidence":"0.9828","content":"함께"}],"type":"pronunciation"},{"start_time":"203.15","end_time":"203.4","alternatives":[{"confidence":"0.8934","content":"다시"}],"type":"pronunciation"},{"start_time":"203.55","end_time":"203.79","alternatives":[{"confidence":"0.9869","content":"다시"}],"type":"pronunciation"},{"start_time":"203.79","end_time":"204.13","alternatives":[{"confidence":"0.82605","content":"발송해"}],"type":"pronunciation"},{"start_time":"204.13","end_time":"204.3","alternatives":[{"confidence":"0.8741","content":"드릴"}],"type":"pronunciation"},{"start_time":"204.3","end_time":"204.89","alternatives":[{"confidence":"0.8663","content":"겁니다"}],"type":"pronunciation"},{"alternatives":[{"confidence":"0.0","content":"."}],"type":"punctuation"},{"start_time":"206.67","end_time":"206.88","alternatives":[{"confidence":"0.987","content":"다시"}],"type":"pronunciation"},{"start_time":"206.88","end_time":"207.11","alternatives":[{"confidence":"0.8885","content":"한번"}],"type":"pronunciation"},{"start_time":"207.11","end_time":"207.36","alternatives":[{"confidence":"0.4885","content":"확인"}],"type":"pronunciation"},{"start_time":"207.36","end_time":"208.0","alternatives":[{"confidence":"0.96035","content":"가능하시죠"}],"type":"pronunciation"},{"start_time":"208.96","end_time":"209.16","alternatives":[{"confidence":"0.9615","content":"지금"}],"type":"pronunciation"},{"start_time":"209.16","end_time":"210.27","alternatives":[{"confidence":"0.94865","content":"보내드리겠습니다"}],"type":"pronunciation"},{"alternatives":[{"confidence":"0.0","content":"."}],"type":"punctuation"},{"start_time":"213.01","end_time":"213.32","alternatives":[{"confidence":"0.0957","content":"생각을"}],"type":"pronunciation"},{"start_time":"213.32","end_time":"213.42","alternatives":[{"confidence":"0.039","content":"안"}],"type":"pronunciation"},{"start_time":"213.6","end_time":"214.03","alternatives":[{"confidence":"0.4065","content":"있고"}],"type":"pronunciation"},{"alternatives":[{"confidence":"0.0","content":"."}],"type":"punctuation"},{"start_time":"217.73","end_time":"217.89","alternatives":[{"confidence":"0.0191","content":"네"}],"type":"pronunciation"},{"alternatives":[{"confidence":"0.0","content":"."}],"type":"punctuation"},{"start_time":"217.92","end_time":"218.7","alternatives":[{"confidence":"0.8871","content":"보내드렸습니다"}],"type":"pronunciation"},{"start_time":"218.7","end_time":"219.33","alternatives":[{"confidence":"0.4103","content":"의원님"}],"type":"pronunciation"},{"start_time":"221.03","end_time":"221.57","alternatives":[{"confidence":"1.0","content":"잠시만요"}],"type":"pronunciation"},{"alternatives":[{"confidence":"0.0","content":"."}],"type":"punctuation"},{"start_time":"223.55","end_time":"224.1","alternatives":[{"confidence":"1.0","content":"잠시만요"}],"type":"pronunciation"},{"alternatives":[{"confidence":"0.0","content":"."}],"type":"punctuation"},{"start_time":"224.13","end_time":"224.7","alternatives":[{"confidence":"0.9974","content":"죄송합니다"}],"type":"pronunciation"},{"alternatives":[{"confidence":"0.0","content":"."}],"type":"punctuation"},{"start_time":"226.05","end_time":"226.18","alternatives":[{"confidence":"0.0749","content":"를"}],"type":"pronunciation"},{"start_time":"226.18","end_time":"226.6","alternatives":[{"confidence":"0.6866","content":"통해서"}],"type":"pronunciation"},{"start_time":"231.17","end_time":"231.5","alternatives":[{"confidence":"0.0291","content":"하면"}],"type":"pronunciation"},{"start_time":"232.55","end_time":"232.94","alternatives":[{"confidence":"0.1934","content":"박근혜"}],"type":"pronunciation"},{"start_time":"233.03","end_time":"233.57","alternatives":[{"confidence":"0.9535","content":"내리고"}],"type":"pronunciation"},{"alternatives":[{"confidence":"0.0","content":"."}],"type":"punctuation"},{"start_time":"235.2","end_time":"235.33","alternatives":[{"confidence":"0.7014","content":"네"}],"type":"pronunciation"},{"alternatives":[{"confidence":"0.0","content":","}],"type":"punctuation"},{"start_time":"235.36","end_time":"235.61","alternatives":[{"confidence":"0.9819","content":"지금"}],"type":"pronunciation"},{"start_time":"235.61","end_time":"236.65","alternatives":[{"confidence":"0.8844","content":"보내드렸습니다"}],"type":"pronunciation"},{"start_time":"237.92","end_time":"238.22","alternatives":[{"confidence":"0.471","content":"우리는"}],"type":"pronunciation"},{"start_time":"240.76","end_time":"241.12","alternatives":[{"confidence":"1.0","content":"굉장히"}],"type":"pronunciation"},{"start_time":"246.35","end_time":"246.72","alternatives":[{"confidence":"0.102","content":"하면서"}],"type":"pronunciation"},{"start_time":"248.04","end_time":"248.69","alternatives":[{"confidence":"0.0335","content":"4438"}],"type":"pronunciation"},{"start_time":"248.69","end_time":"252.66","alternatives":[{"confidence":"0.3981","content":"3438"}],"type":"pronunciation"},{"start_time":"252.66","end_time":"252.96","alternatives":[{"confidence":"0.6286499999999999","content":"33"}],"type":"pronunciation"},{"start_time":"254.15","end_time":"255.02","alternatives":[{"confidence":"0.67655","content":"4438"}],"type":"pronunciation"},{"start_time":"255.02","end_time":"255.46","alternatives":[{"confidence":"0.81465","content":"33"}],"type":"pronunciation"},{"start_time":"255.46","end_time":"255.61","alternatives":[{"confidence":"0.9752","content":"번"}],"type":"pronunciation"},{"start_time":"255.61","end_time":"256.21","alternatives":[{"confidence":"0.9743","content":"맞으십니까"}],"type":"pronunciation"},{"start_time":"257.34","end_time":"257.85","alternatives":[{"confidence":"1.0","content":"잠시만요"}],"type":"pronunciation"},{"alternatives":[{"confidence":"0.0","content":"."}],"type":"punctuation"},{"start_time":"257.85","end_time":"258.07","alternatives":[{"confidence":"0.9684","content":"확인"}],"type":"pronunciation"},{"start_time":"258.07","end_time":"258.25","alternatives":[{"confidence":"1.0","content":"중에"}],"type":"pronunciation"},{"start_time":"258.25","end_time":"258.87","alternatives":[{"confidence":"1.0","content":"있습니다"}],"type":"pronunciation"},{"alternatives":[{"confidence":"0.0","content":"."}],"type":"punctuation"},{"start_time":"261.5","end_time":"262.21","alternatives":[{"confidence":"0.51685","content":"정부기관확인"}],"type":"pronunciation"},{"start_time":"262.21","end_time":"263.08","alternatives":[{"confidence":"0.95865","content":"되셨고요"}],"type":"pronunciation"},{"start_time":"263.14","end_time":"263.54","alternatives":[{"confidence":"0.9922","content":"조건에"}],"type":"pronunciation"},{"start_time":"263.54","end_time":"263.99","alternatives":[{"confidence":"0.9974","content":"따른"}],"type":"pronunciation"},{"start_time":"263.99","end_time":"264.39","alternatives":[{"confidence":"0.9886","content":"한도와"}],"type":"pronunciation"},{"start_time":"264.39","end_time":"265.03","alternatives":[{"confidence":"0.97445","content":"금리는"}],"type":"pronunciation"},{"start_time":"265.39","end_time":"265.64","alternatives":[{"confidence":"0.6952","content":"본인"}],"type":"pronunciation"},{"start_time":"265.64","end_time":"266.35","alternatives":[{"confidence":"0.5693666666666667","content":"조건평가후에"}],"type":"pronunciation"},{"start_time":"266.35","end_time":"266.57","alternatives":[{"confidence":"0.5843","content":"확인"}],"type":"pronunciation"},{"start_time":"266.57","end_time":"266.84","alternatives":[{"confidence":"0.5687","content":"가능"}],"type":"pronunciation"},{"start_time":"266.84","end_time":"267.12","alternatives":[{"confidence":"0.9946","content":"하시고"}],"type":"pronunciation"},{"start_time":"267.12","end_time":"267.25","alternatives":[{"confidence":"0.5664","content":"두"}],"type":"pronunciation"},{"start_time":"267.25","end_time":"267.51","alternatives":[{"confidence":"0.9848","content":"시간"}],"type":"pronunciation"},{"start_time":"267.51","end_time":"268.02","alternatives":[{"confidence":"0.9992","content":"안에"}],"type":"pronunciation"},{"start_time":"268.48","end_time":"268.77","alternatives":[{"confidence":"0.9994","content":"내일"}],"type":"pronunciation"},{"start_time":"268.77","end_time":"269.55","alternatives":[{"confidence":"1.0","content":"오전에"}],"type":"pronunciation"},{"start_time":"269.8","end_time":"270.1","alternatives":[{"confidence":"1.0","content":"오전"}],"type":"pronunciation"},{"start_time":"270.1","end_time":"270.83","alternatives":[{"confidence":"0.86915","content":"열시"}],"type":"pronunciation"},{"start_time":"270.83","end_time":"271.45","alternatives":[{"confidence":"1.0","content":"이후에"}],"type":"pronunciation"},{"start_time":"272.74","end_time":"274.61","alternatives":[{"confidence":"0.8742599999999999","content":"서민금융통합지원센터대출"}],"type":"pronunciation"},{"start_time":"274.61","end_time":"274.87","alternatives":[{"confidence":"0.0948","content":"전문"}],"type":"pronunciation"},{"start_time":"275.08","end_time":"275.29","alternatives":[{"confidence":"0.1553","content":"님께"}],"type":"pronunciation"},{"start_time":"275.29","end_time":"275.62","alternatives":[{"confidence":"0.9998","content":"연락이"}],"type":"pronunciation"},{"start_time":"275.62","end_time":"275.77","alternatives":[{"confidence":"0.5891","content":"갈"}],"type":"pronunciation"},{"start_time":"275.77","end_time":"276.38","alternatives":[{"confidence":"0.9771","content":"겁니다"}],"type":"pronunciation"},{"alternatives":[{"confidence":"0.0","content":"."}],"type":"punctuation"},{"start_time":"276.58","end_time":"277.19","alternatives":[{"confidence":"0.80585","content":"무죄없이"}],"type":"pronunciation"},{"start_time":"277.19","end_time":"278.8","alternatives":[{"confidence":"0.6754249999999999","content":"전화상담나눠보시고"}],"type":"pronunciation"},{"start_time":"278.8","end_time":"279.13","alternatives":[{"confidence":"0.9949","content":"상담을"}],"type":"pronunciation"},{"start_time":"279.13","end_time":"279.31","alternatives":[{"confidence":"1.0","content":"통해"}],"type":"pronunciation"},{"start_time":"279.31","end_time":"279.53","alternatives":[{"confidence":"0.9586","content":"좋은"}],"type":"pronunciation"},{"start_time":"279.53","end_time":"279.78","alternatives":[{"confidence":"0.6336","content":"결과"}],"type":"pronunciation"},{"start_time":"279.78","end_time":"280.08","alternatives":[{"confidence":"0.9614","content":"주시길"}],"type":"pronunciation"},{"start_time":"280.08","end_time":"280.73","alternatives":[{"confidence":"0.99995","content":"바라겠습니다"}],"type":"pronunciation"},{"alternatives":[{"confidence":"0.0","content":"."}],"type":"punctuation"},{"start_time":"281.09","end_time":"282.09","alternatives":[{"confidence":"0.280325","content":"접수상담사이기"}],"type":"pronunciation"},{"start_time":"282.09","end_time":"282.67","alternatives":[{"confidence":"0.50615","content":"현이었습니다"}],"type":"pronunciation"},{"start_time":"282.67","end_time":"283.16","alternatives":[{"confidence":"0.9956","content":"감사합니다"}],"type":"pronunciation"},{"alternatives":[{"confidence":"0.0","content":"."}],"type":"punctuation"},{"start_time":"284.28","end_time":"284.43","alternatives":[{"confidence":"0.086","content":"예"}],"type":"pronunciation"},{"alternatives":[{"confidence":"0.0","content":"."}],"type":"punctuation"},{"start_time":"284.43","end_time":"284.87","alternatives":[{"confidence":"0.9973","content":"맞습니다"}],"type":"pronunciation"},{"alternatives":[{"confidence":"0.0","content":"."}],"type":"punctuation"},{"start_time":"285.56","end_time":"285.91","alternatives":[{"confidence":"0.8515","content":"드릴게요"}],"type":"pronunciation"},{"alternatives":[{"confidence":"0.0","content":"."}],"type":"punctuation"},{"start_time":"285.91","end_time":"286.07","alternatives":[{"confidence":"0.6888","content":"이게"}],"type":"pronunciation"},{"start_time":"286.07","end_time":"286.29","alternatives":[{"confidence":"0.5977","content":"어떤"}],"type":"pronunciation"},{"start_time":"286.29","end_time":"286.59","alternatives":[{"confidence":"0.0382","content":"식으로"}],"type":"pronunciation"},{"start_time":"289.14","end_time":"289.53","alternatives":[{"confidence":"0.9875","content":"행사를"}],"type":"pronunciation"},{"start_time":"289.53","end_time":"290.22","alternatives":[{"confidence":"0.7515499999999999","content":"하는건가요"}],"type":"pronunciation"},{"alternatives":[{"confidence":"0.0","content":"?"}],"type":"punctuation"},{"start_time":"291.2","end_time":"292.63","alternatives":[{"confidence":"0.42655","content":"고객님문자"}],"type":"pronunciation"},{"start_time":"292.63","end_time":"294.23","alternatives":[{"confidence":"0.9077999999999999","content":"날라날라가셨잖아요"}],"type":"pronunciation"},{"start_time":"294.62","end_time":"294.92","alternatives":[{"confidence":"0.2136","content":"님"}],"type":"pronunciation"},{"start_time":"294.92","end_time":"295.43","alternatives":[{"confidence":"0.31035","content":"신용카드나"}],"type":"pronunciation"},{"start_time":"295.43","end_time":"295.68","alternatives":[{"confidence":"0.4852","content":"보험"}],"type":"pronunciation"},{"start_time":"295.68","end_time":"296.09","alternatives":[{"confidence":"0.9311","content":"만드실"}],"type":"pronunciation"},{"start_time":"296.09","end_time":"296.27","alternatives":[{"confidence":"0.9828","content":"때"}],"type":"pronunciation"},{"start_time":"296.27","end_time":"296.55","alternatives":[{"confidence":"0.9605","content":"약간"}],"type":"pronunciation"},{"start_time":"296.55","end_time":"297.14","alternatives":[{"confidence":"0.90305","content":"동의하실"}],"type":"pronunciation"},{"start_time":"297.14","end_time":"297.39","alternatives":[{"confidence":"0.9751","content":"때"}],"type":"pronunciation"},{"start_time":"297.42","end_time":"297.69","alternatives":[{"confidence":"0.9487","content":"정보"}],"type":"pronunciation"},{"start_time":"297.69","end_time":"297.92","alternatives":[{"confidence":"0.9568","content":"활용"}],"type":"pronunciation"},{"start_time":"297.92","end_time":"298.2","alternatives":[{"confidence":"0.9077","content":"동의를"}],"type":"pronunciation"},{"start_time":"298.2","end_time":"298.85","alternatives":[{"confidence":"1.0","content":"하셔서"}],"type":"pronunciation"},{"start_time":"298.91","end_time":"299.19","alternatives":[{"confidence":"0.9039","content":"정부"}],"type":"pronunciation"},{"start_time":"299.19","end_time":"299.47","alternatives":[{"confidence":"0.0911","content":"정책"}],"type":"pronunciation"},{"start_time":"300.34","end_time":"301.02","alternatives":[{"confidence":"0.99525","content":"받으시라고"}],"type":"pronunciation"},{"start_time":"301.02","end_time":"301.39","alternatives":[{"confidence":"0.982","content":"문자를"}],"type":"pronunciation"},{"start_time":"303.32","end_time":"303.83","alternatives":[{"confidence":"0.9929","content":"맞습니다"}],"type":"pronunciation"},{"alternatives":[{"confidence":"0.0","content":"."}],"type":"punctuation"},{"start_time":"304.63","end_time":"304.97","alternatives":[{"confidence":"0.9708","content":"인터넷"}],"type":"pronunciation"},{"start_time":"304.97","end_time":"305.6","alternatives":[{"confidence":"0.9613999999999999","content":"검색해보셔도"}],"type":"pronunciation"},{"start_time":"305.6","end_time":"306.07","alternatives":[{"confidence":"1.0","content":"나옵니다"}],"type":"pronunciation"},{"alternatives":[{"confidence":"0.0","content":"."}],"type":"punctuation"},{"start_time":"307.63","end_time":"308.81","alternatives":[{"confidence":"0.957975","content":"한국자산관리공사"}],"type":"pronunciation"},{"start_time":"309.98","end_time":"311.09","alternatives":[{"confidence":"0.4712","content":"자산관리어떤"}],"type":"pronunciation"},{"start_time":"311.15","end_time":"311.71","alternatives":[{"confidence":"0.9786","content":"자산관리공사"}],"type":"pronunciation"},{"start_time":"311.71","end_time":"312.21","alternatives":[{"confidence":"0.69825","content":"정책자금으로"}],"type":"pronunciation"},{"start_time":"312.51","end_time":"312.77","alternatives":[{"confidence":"0.0066","content":"정식"}],"type":"pronunciation"},{"start_time":"315.92","end_time":"316.64","alternatives":[{"confidence":"0.46075","content":"정책정책"}],"type":"pronunciation"},{"start_time":"316.64","end_time":"316.98","alternatives":[{"confidence":"0.5112","content":"이라면서"}],"type":"pronunciation"},{"start_time":"318.1","end_time":"318.4","alternatives":[{"confidence":"0.9303","content":"정부"}],"type":"pronunciation"},{"start_time":"318.4","end_time":"319.02","alternatives":[{"confidence":"0.8391","content":"정책자금"}],"type":"pronunciation"},{"start_time":"319.47","end_time":"320.52","alternatives":[{"confidence":"0.959925","content":"한국자산관리공사"}],"type":"pronunciation"},{"start_time":"320.52","end_time":"320.68","alternatives":[{"confidence":"0.181","content":"네"}],"type":"pronunciation"},{"start_time":"321.35","end_time":"321.75","alternatives":[{"confidence":"0.4171","content":"공사"}],"type":"pronunciation"},{"start_time":"323.07","end_time":"324.33","alternatives":[{"confidence":"0.95825","content":"한국자산관리공사"}],"type":"pronunciation"},{"start_time":"326.96","end_time":"327.31","alternatives":[{"confidence":"0.9524","content":"정부에서"}],"type":"pronunciation"},{"start_time":"327.31","end_time":"327.7","alternatives":[{"confidence":"0.5829","content":"주도적으로"}],"type":"pronunciation"},{"start_time":"327.7","end_time":"327.85","alternatives":[{"confidence":"0.1377","content":"이렇게"}],"type":"pronunciation"},{"start_time":"328.15","end_time":"328.83","alternatives":[{"confidence":"0.6023","content":"선생님"}],"type":"pronunciation"},{"start_time":"328.83","end_time":"329.37","alternatives":[{"confidence":"0.42445","content":"금융지원"}],"type":"pronunciation"},{"start_time":"331.04","end_time":"331.56","alternatives":[{"confidence":"0.9632","content":"맞습니다"}],"type":"pronunciation"},{"alternatives":[{"confidence":"0.0","content":"."}],"type":"punctuation"},{"start_time":"332.65","end_time":"333.1","alternatives":[{"confidence":"0.03355","content":"신차를"}],"type":"pronunciation"},{"start_time":"333.1","end_time":"333.39","alternatives":[{"confidence":"0.9999","content":"거기서"}],"type":"pronunciation"},{"start_time":"333.39","end_time":"334.16","alternatives":[{"confidence":"0.98045","content":"받으시고요"}],"type":"pronunciation"},{"alternatives":[{"confidence":"0.0","content":"."}],"type":"punctuation"},{"start_time":"336.09","end_time":"336.35","alternatives":[{"confidence":"0.9994","content":"내일"}],"type":"pronunciation"},{"start_time":"336.35","end_time":"336.78","alternatives":[{"confidence":"0.9992","content":"오전에"}],"type":"pronunciation"},{"start_time":"336.78","end_time":"337.43","alternatives":[{"confidence":"0.4327999999999999","content":"부지없이"}],"type":"pronunciation"},{"start_time":"337.43","end_time":"337.91","alternatives":[{"confidence":"0.34045","content":"상담잘"}],"type":"pronunciation"},{"start_time":"337.91","end_time":"338.19","alternatives":[{"confidence":"0.221","content":"바라보"}],"type":"pronunciation"}]},"status":"COMPLETED"}