{"jobName":"transcribe_loan24","accountId":"097989105209","results":{"transcripts":[{"transcript":"네. 네. 못했어요. 일단 보이시잖아요. 이거 이거 이거 나눠줘야 돼요? 오십만원 한번 오십오만원. 한 번 이렇게 두 번 일단 거래를 만들 거고, 일단 어를 나면 먼저 사금융 부터 대한 처리하는 방향으로 해서 할 거니까. 참 빨리 궁리낮은 걸로 대한 빨리 하셔야죠. 밖에 많이 생기죠. 관계 조직들이 저는 너무 심한 걸려가지고. 거기서 무통장누르시고 입금누르시면 나오시던가 아마 그러실 거에요. 활용하기 위해 어떻게 누르시면 주민 보시죠. 거죠? 네. 입금하실 하나의 팔 하나 탕하나 뭐야? 전화하시는 분은 이어 네 나오실 텐데. 국립대를 원할 때 야 되시면 생략을 눌러 주십시오. 누르시면 이제 먼저 오십 오십만원부터 드릴게요. 오늘은 11 시까지 업무를 하시는 거예요. 하세요. 너무 대한 대학 쪽의 주시겠어요? 식사도 아주 못하신 거죠. 이렇게 할 수 있냐고 걱정을 너무 하지 마세요. 도와드릴 거니까 이렇게 하나다 강화하는 돼가지고. 들으시고 번호가 삼십년 바로 중국 천천히 합의해 주십시오. 최근 자동 하기 위해 원하시는 거래에 버스는 주민등록보통. 그만큼 하나은행것들을 늘려주는 국민들눌러. 네. 네. 네. 네 하나가 입금하시는 분의 생략을 눌러 주십시오. 혹시 좀 더 한 낮부터 정도 이제 바빠지죠 지금 월요일로 진행할 것은 저희가 신한저축은행진행을 할 거고 그러시고 일단은 간단히 통화만 하실 걸로 이거는 좀 기간이 좀 걸릴 수 있으세요? 어쨌든 필요 서류는 기본적으로 발급하셨으니까 그거를 진행하시면 계시고 일단 그리고 지금 이동하시는 이용하시는 대학교에서 진행할 거에요. 그 다음에 이제 십이월달부터는 천천히 진행된다고 생각하시면 되고요. 그니까 일단 공연제일 중요한 게 정말 잘 보내시고 강주시면 안 드시고 라던가 것이고요. 아까도 제가 이제 이제 대출하는데 쓰나 봐요. 전에도 유엔 면에서 사람들이 추가로 받으셨는데 왜 자기네 대출을 안다고 하고 아까도 전화하는 것 같더라고요. 제가 올 일이 없거든요. 근데 이제 다 나갔고 해서 생각을 안 받았죠. 맞아요. 고기 걱정그런 전화를 받지 마시고요. 제가 월요일에는 일단은 어떤 뭔지 아시죠? 그거전해도 제가 했을 때 안 된다. 그래서 사죄하면 안 되고 안 된다고 더라고요. 제가 먼저 할 거니까 따라 지금처럼 진행하시면 안 되는 것도 제가 있어서 그런거니까. 걱정하지 마세요. 그렇게 해야죠. 뭐 일단은 나중에 저 같은 경우는 자사고는 대한 처리 되셨지만 영어 올라가는 거고요. 거기에서 금융사자체내에서 전화오시면 그런 전화를 받지 마시고 내가 월요일부터 일단 확인하고 진행을 해볼 시간이 좀 걸리니까 그러니까 미리 전화드릴게요 월요일 오전에 한 열 시 반 정도 전 한번 드릴게요. 네, 알겠습니다. 항상 괜찮아요. 진행가져야 하는가 이런 설명해 드렸는데요. 내일 내일 오늘은 에도 전화를 안 받 알겠습니다. 월요일날 오전에 전화드릴게요 아닙니다."}],"items":[{"start_time":"1.89","end_time":"2.02","alternatives":[{"confidence":"6.0E-4","content":"네"}],"type":"pronunciation"},{"alternatives":[{"confidence":"0.0","content":"."}],"type":"punctuation"},{"start_time":"2.08","end_time":"2.23","alternatives":[{"confidence":"4.0E-4","content":"네"}],"type":"pronunciation"},{"alternatives":[{"confidence":"0.0","content":"."}],"type":"punctuation"},{"start_time":"4.21","end_time":"5.25","alternatives":[{"confidence":"0.5443","content":"못했어요"}],"type":"pronunciation"},{"alternatives":[{"confidence":"0.0","content":"."}],"type":"punctuation"},{"start_time":"5.75","end_time":"6.08","alternatives":[{"confidence":"0.9791","content":"일단"}],"type":"pronunciation"},{"start_time":"7.04","end_time":"7.99","alternatives":[{"confidence":"0.5352","content":"보이시잖아요"}],"type":"pronunciation"},{"alternatives":[{"confidence":"0.0","content":"."}],"type":"punctuation"},{"start_time":"8.05","end_time":"8.2","alternatives":[{"confidence":"0.0211","content":"이거"}],"type":"pronunciation"},{"start_time":"9.94","end_time":"10.12","alternatives":[{"confidence":"0.0306","content":"이거"}],"type":"pronunciation"},{"start_time":"10.64","end_time":"11.03","alternatives":[{"confidence":"0.6472","content":"이거"}],"type":"pronunciation"},{"start_time":"11.31","end_time":"11.89","alternatives":[{"confidence":"0.8872","content":"나눠줘야"}],"type":"pronunciation"},{"start_time":"11.89","end_time":"12.29","alternatives":[{"confidence":"0.9474","content":"돼요"}],"type":"pronunciation"},{"alternatives":[{"confidence":"0.0","content":"?"}],"type":"punctuation"},{"start_time":"13.76","end_time":"14.22","alternatives":[{"confidence":"0.54825","content":"오십만원"}],"type":"pronunciation"},{"start_time":"14.22","end_time":"14.65","alternatives":[{"confidence":"0.916","content":"한번"}],"type":"pronunciation"},{"start_time":"14.65","end_time":"15.27","alternatives":[{"confidence":"0.5914","content":"오십오만원"}],"type":"pronunciation"},{"alternatives":[{"confidence":"0.0","content":"."}],"type":"punctuation"},{"start_time":"15.27","end_time":"15.42","alternatives":[{"confidence":"0.7176","content":"한"}],"type":"pronunciation"},{"start_time":"15.42","end_time":"15.62","alternatives":[{"confidence":"0.7177","content":"번"}],"type":"pronunciation"},{"start_time":"15.62","end_time":"15.83","alternatives":[{"confidence":"0.9951","content":"이렇게"}],"type":"pronunciation"},{"start_time":"15.83","end_time":"15.96","alternatives":[{"confidence":"0.8704","content":"두"}],"type":"pronunciation"},{"start_time":"15.96","end_time":"16.16","alternatives":[{"confidence":"0.522","content":"번"}],"type":"pronunciation"},{"start_time":"19.53","end_time":"19.77","alternatives":[{"confidence":"1.0","content":"일단"}],"type":"pronunciation"},{"start_time":"19.78","end_time":"20.12","alternatives":[{"confidence":"0.6873","content":"거래를"}],"type":"pronunciation"},{"start_time":"20.12","end_time":"20.4","alternatives":[{"confidence":"0.6914","content":"만들"}],"type":"pronunciation"},{"start_time":"20.4","end_time":"20.93","alternatives":[{"confidence":"0.9999","content":"거고"}],"type":"pronunciation"},{"alternatives":[{"confidence":"0.0","content":","}],"type":"punctuation"},{"start_time":"21.31","end_time":"21.57","alternatives":[{"confidence":"1.0","content":"일단"}],"type":"pronunciation"},{"start_time":"21.57","end_time":"21.85","alternatives":[{"confidence":"0.3582","content":"어를"}],"type":"pronunciation"},{"start_time":"21.85","end_time":"22.23","alternatives":[{"confidence":"0.4971","content":"나면"}],"type":"pronunciation"},{"start_time":"22.23","end_time":"22.45","alternatives":[{"confidence":"0.9213","content":"먼저"}],"type":"pronunciation"},{"start_time":"22.45","end_time":"22.82","alternatives":[{"confidence":"0.16","content":"사금융"}],"type":"pronunciation"},{"start_time":"22.82","end_time":"22.99","alternatives":[{"confidence":"0.5074","content":"부터"}],"type":"pronunciation"},{"start_time":"22.99","end_time":"23.24","alternatives":[{"confidence":"0.8804","content":"대한"}],"type":"pronunciation"},{"start_time":"23.24","end_time":"23.59","alternatives":[{"confidence":"0.9877","content":"처리하는"}],"type":"pronunciation"},{"start_time":"23.59","end_time":"24.04","alternatives":[{"confidence":"0.9978","content":"방향으로"}],"type":"pronunciation"},{"start_time":"24.04","end_time":"24.71","alternatives":[{"confidence":"0.8712","content":"해서"}],"type":"pronunciation"},{"start_time":"25.14","end_time":"25.31","alternatives":[{"confidence":"0.9751","content":"할"}],"type":"pronunciation"},{"start_time":"25.31","end_time":"25.93","alternatives":[{"confidence":"0.985","content":"거니까"}],"type":"pronunciation"},{"alternatives":[{"confidence":"0.0","content":"."}],"type":"punctuation"},{"start_time":"25.96","end_time":"26.25","alternatives":[{"confidence":"0.2191","content":"참"}],"type":"pronunciation"},{"start_time":"27.54","end_time":"27.97","alternatives":[{"confidence":"0.9619","content":"빨리"}],"type":"pronunciation"},{"start_time":"28.03","end_time":"28.51","alternatives":[{"confidence":"0.6210499999999999","content":"궁리낮은"}],"type":"pronunciation"},{"start_time":"28.51","end_time":"28.68","alternatives":[{"confidence":"0.9645","content":"걸로"}],"type":"pronunciation"},{"start_time":"28.68","end_time":"28.87","alternatives":[{"confidence":"0.9082","content":"대한"}],"type":"pronunciation"},{"start_time":"28.87","end_time":"29.08","alternatives":[{"confidence":"0.9251","content":"빨리"}],"type":"pronunciation"},{"start_time":"29.08","end_time":"29.99","alternatives":[{"confidence":"0.9973","content":"하셔야죠"}],"type":"pronunciation"},{"alternatives":[{"confidence":"0.0","content":"."}],"type":"punctuation"},{"start_time":"35.52","end_time":"35.75","alternatives":[{"confidence":"0.7785","content":"밖에"}],"type":"pronunciation"},{"start_time":"35.75","end_time":"35.93","alternatives":[{"confidence":"0.9766","content":"많이"}],"type":"pronunciation"},{"start_time":"35.93","end_time":"36.83","alternatives":[{"confidence":"0.897","content":"생기죠"}],"type":"pronunciation"},{"alternatives":[{"confidence":"0.0","content":"."}],"type":"punctuation"},{"start_time":"38.8","end_time":"39.08","alternatives":[{"confidence":"0.5128","content":"관계"}],"type":"pronunciation"},{"start_time":"39.08","end_time":"39.54","alternatives":[{"confidence":"0.25615","content":"조직들이"}],"type":"pronunciation"},{"start_time":"39.54","end_time":"39.77","alternatives":[{"confidence":"0.0833","content":"저는"}],"type":"pronunciation"},{"start_time":"39.98","end_time":"40.22","alternatives":[{"confidence":"0.9954","content":"너무"}],"type":"pronunciation"},{"start_time":"40.22","end_time":"40.46","alternatives":[{"confidence":"0.6448","content":"심한"}],"type":"pronunciation"},{"start_time":"40.46","end_time":"41.1","alternatives":[{"confidence":"0.4259","content":"걸려가지고"}],"type":"pronunciation"},{"alternatives":[{"confidence":"0.0","content":"."}],"type":"punctuation"},{"start_time":"53.84","end_time":"54.54","alternatives":[{"confidence":"0.6015","content":"거기서"}],"type":"pronunciation"},{"start_time":"55.07","end_time":"56.79","alternatives":[{"confidence":"0.97715","content":"무통장누르시고"}],"type":"pronunciation"},{"start_time":"57.25","end_time":"57.98","alternatives":[{"confidence":"0.9761333333333333","content":"입금누르시면"}],"type":"pronunciation"},{"start_time":"57.98","end_time":"58.52","alternatives":[{"confidence":"0.3206333333333333","content":"나오시던가"}],"type":"pronunciation"},{"start_time":"58.52","end_time":"58.66","alternatives":[{"confidence":"0.2192","content":"아마"}],"type":"pronunciation"},{"start_time":"58.66","end_time":"58.97","alternatives":[{"confidence":"0.9269000000000001","content":"그러실"}],"type":"pronunciation"},{"start_time":"58.97","end_time":"60.28","alternatives":[{"confidence":"0.9105","content":"거에요"}],"type":"pronunciation"},{"alternatives":[{"confidence":"0.0","content":"."}],"type":"punctuation"},{"start_time":"64.21","end_time":"64.71","alternatives":[{"confidence":"0.0172","content":"활용하기"}],"type":"pronunciation"},{"start_time":"64.71","end_time":"65.02","alternatives":[{"confidence":"0.0023","content":"위해"}],"type":"pronunciation"},{"start_time":"67.09","end_time":"67.43","alternatives":[{"confidence":"0.7503","content":"어떻게"}],"type":"pronunciation"},{"start_time":"68.39","end_time":"69.19","alternatives":[{"confidence":"0.99875","content":"누르시면"}],"type":"pronunciation"},{"start_time":"69.53","end_time":"69.79","alternatives":[{"confidence":"0.1289","content":"주민"}],"type":"pronunciation"},{"start_time":"70.43","end_time":"71.25","alternatives":[{"confidence":"0.525","content":"보시죠"}],"type":"pronunciation"},{"alternatives":[{"confidence":"0.0","content":"."}],"type":"punctuation"},{"start_time":"71.77","end_time":"72.33","alternatives":[{"confidence":"0.8427","content":"거죠"}],"type":"pronunciation"},{"alternatives":[{"confidence":"0.0","content":"?"}],"type":"punctuation"},{"start_time":"88.73","end_time":"89.25","alternatives":[{"confidence":"0.3412","content":"네"}],"type":"pronunciation"},{"alternatives":[{"confidence":"0.0","content":"."}],"type":"punctuation"},{"start_time":"89.85","end_time":"90.69","alternatives":[{"confidence":"0.5246000000000001","content":"입금하실"}],"type":"pronunciation"},{"start_time":"90.69","end_time":"91.14","alternatives":[{"confidence":"0.0338","content":"하나의"}],"type":"pronunciation"},{"start_time":"95.71","end_time":"96.04","alternatives":[{"confidence":"0.5673","content":"팔"}],"type":"pronunciation"},{"start_time":"96.04","end_time":"96.34","alternatives":[{"confidence":"0.8441","content":"하나"}],"type":"pronunciation"},{"start_time":"97.21","end_time":"98.33","alternatives":[{"confidence":"0.58785","content":"탕하나"}],"type":"pronunciation"},{"start_time":"104.41","end_time":"105.07","alternatives":[{"confidence":"0.674","content":"뭐야"}],"type":"pronunciation"},{"alternatives":[{"confidence":"0.0","content":"?"}],"type":"punctuation"},{"start_time":"108.33","end_time":"108.91","alternatives":[{"confidence":"0.7584500000000001","content":"전화하시는"}],"type":"pronunciation"},{"start_time":"108.91","end_time":"109.19","alternatives":[{"confidence":"0.7544","content":"분은"}],"type":"pronunciation"},{"start_time":"117.52","end_time":"118.0","alternatives":[{"confidence":"0.4074","content":"이어"}],"type":"pronunciation"},{"start_time":"120.52","end_time":"120.79","alternatives":[{"confidence":"0.1008","content":"네"}],"type":"pronunciation"},{"start_time":"121.97","end_time":"122.3","alternatives":[{"confidence":"0.8994","content":"나오실"}],"type":"pronunciation"},{"start_time":"122.3","end_time":"122.85","alternatives":[{"confidence":"0.9893","content":"텐데"}],"type":"pronunciation"},{"alternatives":[{"confidence":"0.0","content":"."}],"type":"punctuation"},{"start_time":"126.32","end_time":"127.59","alternatives":[{"confidence":"0.02445","content":"국립대를"}],"type":"pronunciation"},{"start_time":"127.59","end_time":"127.95","alternatives":[{"confidence":"0.9607","content":"원할"}],"type":"pronunciation"},{"start_time":"127.95","end_time":"128.05","alternatives":[{"confidence":"0.6381","content":"때"}],"type":"pronunciation"},{"start_time":"128.05","end_time":"128.13","alternatives":[{"confidence":"0.7672","content":"야"}],"type":"pronunciation"},{"start_time":"128.13","end_time":"128.69","alternatives":[{"confidence":"0.9345","content":"되시면"}],"type":"pronunciation"},{"start_time":"129.19","end_time":"129.76","alternatives":[{"confidence":"0.9967","content":"생략을"}],"type":"pronunciation"},{"start_time":"129.76","end_time":"130.06","alternatives":[{"confidence":"0.7727","content":"눌러"}],"type":"pronunciation"},{"start_time":"130.06","end_time":"130.46","alternatives":[{"confidence":"0.9907","content":"주십시오"}],"type":"pronunciation"},{"alternatives":[{"confidence":"0.0","content":"."}],"type":"punctuation"},{"start_time":"133.36","end_time":"133.87","alternatives":[{"confidence":"0.97675","content":"누르시면"}],"type":"pronunciation"},{"start_time":"133.87","end_time":"134.1","alternatives":[{"confidence":"0.8912","content":"이제"}],"type":"pronunciation"},{"start_time":"135.14","end_time":"135.47","alternatives":[{"confidence":"0.899","content":"먼저"}],"type":"pronunciation"},{"start_time":"135.71","end_time":"136.06","alternatives":[{"confidence":"0.6104","content":"오십"}],"type":"pronunciation"},{"start_time":"136.09","end_time":"136.68","alternatives":[{"confidence":"0.3267","content":"오십만원부터"}],"type":"pronunciation"},{"start_time":"136.89","end_time":"137.3","alternatives":[{"confidence":"0.8871","content":"드릴게요"}],"type":"pronunciation"},{"alternatives":[{"confidence":"0.0","content":"."}],"type":"punctuation"},{"start_time":"145.96","end_time":"146.33","alternatives":[{"confidence":"0.9492","content":"오늘은"}],"type":"pronunciation"},{"start_time":"146.45","end_time":"146.74","alternatives":[{"confidence":"0.7719","content":"11"}],"type":"pronunciation"},{"start_time":"146.74","end_time":"147.05","alternatives":[{"confidence":"0.9941","content":"시까지"}],"type":"pronunciation"},{"start_time":"147.05","end_time":"147.33","alternatives":[{"confidence":"0.9841","content":"업무를"}],"type":"pronunciation"},{"start_time":"147.33","end_time":"147.59","alternatives":[{"confidence":"0.9508","content":"하시는"}],"type":"pronunciation"},{"start_time":"147.59","end_time":"147.97","alternatives":[{"confidence":"0.8096","content":"거예요"}],"type":"pronunciation"},{"alternatives":[{"confidence":"0.0","content":"."}],"type":"punctuation"},{"start_time":"151.28","end_time":"152.0","alternatives":[{"confidence":"0.9757","content":"하세요"}],"type":"pronunciation"},{"alternatives":[{"confidence":"0.0","content":"."}],"type":"punctuation"},{"start_time":"153.98","end_time":"154.21","alternatives":[{"confidence":"0.0616","content":"너무"}],"type":"pronunciation"},{"start_time":"155.36","end_time":"155.63","alternatives":[{"confidence":"0.0285","content":"대한"}],"type":"pronunciation"},{"start_time":"155.87","end_time":"156.1","alternatives":[{"confidence":"0.1113","content":"대학"}],"type":"pronunciation"},{"start_time":"156.19","end_time":"156.39","alternatives":[{"confidence":"0.0094","content":"쪽의"}],"type":"pronunciation"},{"start_time":"159.7","end_time":"160.23","alternatives":[{"confidence":"0.2704","content":"주시겠어요"}],"type":"pronunciation"},{"alternatives":[{"confidence":"0.0","content":"?"}],"type":"punctuation"},{"start_time":"160.53","end_time":"160.91","alternatives":[{"confidence":"0.6516","content":"식사도"}],"type":"pronunciation"},{"start_time":"160.91","end_time":"161.05","alternatives":[{"confidence":"0.312","content":"아주"}],"type":"pronunciation"},{"start_time":"161.05","end_time":"161.43","alternatives":[{"confidence":"0.39775","content":"못하신"}],"type":"pronunciation"},{"start_time":"161.43","end_time":"161.86","alternatives":[{"confidence":"0.9016","content":"거죠"}],"type":"pronunciation"},{"alternatives":[{"confidence":"0.0","content":"."}],"type":"punctuation"},{"start_time":"162.97","end_time":"163.22","alternatives":[{"confidence":"0.1315","content":"이렇게"}],"type":"pronunciation"},{"start_time":"166.65","end_time":"166.74","alternatives":[{"confidence":"0.0","content":"할"}],"type":"pronunciation"},{"start_time":"166.74","end_time":"166.82","alternatives":[{"confidence":"0.9077","content":"수"}],"type":"pronunciation"},{"start_time":"166.82","end_time":"167.15","alternatives":[{"confidence":"0.9424","content":"있냐고"}],"type":"pronunciation"},{"start_time":"169.27","end_time":"169.73","alternatives":[{"confidence":"0.9864","content":"걱정을"}],"type":"pronunciation"},{"start_time":"169.73","end_time":"169.93","alternatives":[{"confidence":"0.7787","content":"너무"}],"type":"pronunciation"},{"start_time":"169.93","end_time":"170.13","alternatives":[{"confidence":"0.9209","content":"하지"}],"type":"pronunciation"},{"start_time":"170.13","end_time":"170.73","alternatives":[{"confidence":"0.9814","content":"마세요"}],"type":"pronunciation"},{"alternatives":[{"confidence":"0.0","content":"."}],"type":"punctuation"},{"start_time":"171.07","end_time":"171.47","alternatives":[{"confidence":"0.8761","content":"도와드릴"}],"type":"pronunciation"},{"start_time":"171.47","end_time":"172.09","alternatives":[{"confidence":"0.8769","content":"거니까"}],"type":"pronunciation"},{"start_time":"176.14","end_time":"176.37","alternatives":[{"confidence":"0.7509","content":"이렇게"}],"type":"pronunciation"},{"start_time":"176.37","end_time":"176.85","alternatives":[{"confidence":"0.9034","content":"하나다"}],"type":"pronunciation"},{"start_time":"176.85","end_time":"177.39","alternatives":[{"confidence":"0.5545","content":"강화하는"}],"type":"pronunciation"},{"start_time":"177.39","end_time":"177.89","alternatives":[{"confidence":"0.44825000000000004","content":"돼가지고"}],"type":"pronunciation"},{"alternatives":[{"confidence":"0.0","content":"."}],"type":"punctuation"},{"start_time":"192.7","end_time":"193.43","alternatives":[{"confidence":"0.00445","content":"들으시고"}],"type":"pronunciation"},{"start_time":"195.57","end_time":"196.26","alternatives":[{"confidence":"1.0","content":"번호가"}],"type":"pronunciation"},{"start_time":"197.98","end_time":"198.73","alternatives":[{"confidence":"0.4881999999999999","content":"삼십년"}],"type":"pronunciation"},{"start_time":"208.46","end_time":"208.91","alternatives":[{"confidence":"0.8302","content":"바로"}],"type":"pronunciation"},{"start_time":"209.86","end_time":"210.23","alternatives":[{"confidence":"0.7167","content":"중국"}],"type":"pronunciation"},{"start_time":"213.76","end_time":"214.15","alternatives":[{"confidence":"0.7192","content":"천천히"}],"type":"pronunciation"},{"start_time":"216.61","end_time":"217.0","alternatives":[{"confidence":"0.12519999999999998","content":"합의해"}],"type":"pronunciation"},{"start_time":"217.0","end_time":"217.67","alternatives":[{"confidence":"0.5831","content":"주십시오"}],"type":"pronunciation"},{"alternatives":[{"confidence":"0.0","content":"."}],"type":"punctuation"},{"start_time":"226.79","end_time":"227.21","alternatives":[{"confidence":"0.9413","content":"최근"}],"type":"pronunciation"},{"start_time":"227.33","end_time":"227.64","alternatives":[{"confidence":"0.8353","content":"자동"}],"type":"pronunciation"},{"start_time":"227.64","end_time":"227.9","alternatives":[{"confidence":"0.9851","content":"하기"}],"type":"pronunciation"},{"start_time":"227.9","end_time":"228.35","alternatives":[{"confidence":"0.9539","content":"위해"}],"type":"pronunciation"},{"start_time":"228.38","end_time":"228.99","alternatives":[{"confidence":"0.5753","content":"원하시는"}],"type":"pronunciation"},{"start_time":"229.05","end_time":"229.52","alternatives":[{"confidence":"0.4376","content":"거래에"}],"type":"pronunciation"},{"start_time":"229.52","end_time":"230.07","alternatives":[{"confidence":"0.8126","content":"버스는"}],"type":"pronunciation"},{"start_time":"231.61","end_time":"232.76","alternatives":[{"confidence":"0.5193","content":"주민등록보통"}],"type":"pronunciation"},{"alternatives":[{"confidence":"0.0","content":"."}],"type":"punctuation"},{"start_time":"245.88","end_time":"246.33","alternatives":[{"confidence":"0.9147","content":"그만큼"}],"type":"pronunciation"},{"start_time":"246.54","end_time":"247.94","alternatives":[{"confidence":"0.57485","content":"하나은행것들을"}],"type":"pronunciation"},{"start_time":"247.94","end_time":"248.54","alternatives":[{"confidence":"0.16169999999999998","content":"늘려주는"}],"type":"pronunciation"},{"start_time":"267.69","end_time":"268.58","alternatives":[{"confidence":"0.03960000000000001","content":"국민들눌러"}],"type":"pronunciation"},{"alternatives":[{"confidence":"0.0","content":"."}],"type":"punctuation"},{"start_time":"272.02","end_time":"272.39","alternatives":[{"confidence":"0.7599","content":"네"}],"type":"pronunciation"},{"alternatives":[{"confidence":"0.0","content":"."}],"type":"punctuation"},{"start_time":"274.24","end_time":"274.6","alternatives":[{"confidence":"0.3626","content":"네"}],"type":"pronunciation"},{"alternatives":[{"confidence":"0.0","content":"."}],"type":"punctuation"},{"start_time":"274.6","end_time":"274.83","alternatives":[{"confidence":"0.3438","content":"네"}],"type":"pronunciation"},{"alternatives":[{"confidence":"0.0","content":"."}],"type":"punctuation"},{"start_time":"274.83","end_time":"275.09","alternatives":[{"confidence":"0.328","content":"네"}],"type":"pronunciation"},{"start_time":"275.42","end_time":"275.98","alternatives":[{"confidence":"0.1109","content":"하나가"}],"type":"pronunciation"},{"start_time":"283.08","end_time":"283.82","alternatives":[{"confidence":"0.9922500000000001","content":"입금하시는"}],"type":"pronunciation"},{"start_time":"283.82","end_time":"284.11","alternatives":[{"confidence":"0.8747","content":"분의"}],"type":"pronunciation"},{"start_time":"290.66","end_time":"291.24","alternatives":[{"confidence":"0.976","content":"생략을"}],"type":"pronunciation"},{"start_time":"291.24","end_time":"291.53","alternatives":[{"confidence":"0.4168","content":"눌러"}],"type":"pronunciation"},{"start_time":"291.53","end_time":"291.95","alternatives":[{"confidence":"0.8618","content":"주십시오"}],"type":"pronunciation"},{"alternatives":[{"confidence":"0.0","content":"."}],"type":"punctuation"},{"start_time":"293.52","end_time":"293.85","alternatives":[{"confidence":"0.7295","content":"혹시"}],"type":"pronunciation"},{"start_time":"298.13","end_time":"298.34","alternatives":[{"confidence":"0.5413","content":"좀"}],"type":"pronunciation"},{"start_time":"298.34","end_time":"298.47","alternatives":[{"confidence":"0.2875","content":"더"}],"type":"pronunciation"},{"start_time":"298.47","end_time":"298.69","alternatives":[{"confidence":"0.2247","content":"한"}],"type":"pronunciation"},{"start_time":"298.69","end_time":"299.68","alternatives":[{"confidence":"0.5368000000000002","content":"낮부터"}],"type":"pronunciation"},{"start_time":"304.67","end_time":"305.03","alternatives":[{"confidence":"0.1481","content":"정도"}],"type":"pronunciation"},{"start_time":"307.9","end_time":"308.09","alternatives":[{"confidence":"0.4967","content":"이제"}],"type":"pronunciation"},{"start_time":"308.22","end_time":"309.54","alternatives":[{"confidence":"0.7207666666666667","content":"바빠지죠"}],"type":"pronunciation"},{"start_time":"312.33","end_time":"312.67","alternatives":[{"confidence":"0.873","content":"지금"}],"type":"pronunciation"},{"start_time":"312.83","end_time":"313.33","alternatives":[{"confidence":"0.7476499999999999","content":"월요일로"}],"type":"pronunciation"},{"start_time":"313.33","end_time":"313.67","alternatives":[{"confidence":"0.7827","content":"진행할"}],"type":"pronunciation"},{"start_time":"313.67","end_time":"314.13","alternatives":[{"confidence":"0.9251","content":"것은"}],"type":"pronunciation"},{"start_time":"314.13","end_time":"314.36","alternatives":[{"confidence":"0.4666","content":"저희가"}],"type":"pronunciation"},{"start_time":"315.08","end_time":"316.38","alternatives":[{"confidence":"0.3430666666666668","content":"신한저축은행진행을"}],"type":"pronunciation"},{"start_time":"316.38","end_time":"316.5","alternatives":[{"confidence":"0.9491","content":"할"}],"type":"pronunciation"},{"start_time":"316.5","end_time":"317.13","alternatives":[{"confidence":"0.9535","content":"거고"}],"type":"pronunciation"},{"start_time":"318.5","end_time":"319.19","alternatives":[{"confidence":"0.8446","content":"그러시고"}],"type":"pronunciation"},{"start_time":"319.54","end_time":"320.66","alternatives":[{"confidence":"1.0","content":"일단은"}],"type":"pronunciation"},{"start_time":"321.49","end_time":"321.95","alternatives":[{"confidence":"0.9975","content":"간단히"}],"type":"pronunciation"},{"start_time":"321.95","end_time":"322.33","alternatives":[{"confidence":"0.95575","content":"통화만"}],"type":"pronunciation"},{"start_time":"322.33","end_time":"322.53","alternatives":[{"confidence":"0.8957","content":"하실"}],"type":"pronunciation"},{"start_time":"322.53","end_time":"322.78","alternatives":[{"confidence":"0.8092","content":"걸로"}],"type":"pronunciation"},{"start_time":"322.78","end_time":"323.08","alternatives":[{"confidence":"0.9902","content":"이거는"}],"type":"pronunciation"},{"start_time":"323.08","end_time":"323.27","alternatives":[{"confidence":"0.9763","content":"좀"}],"type":"pronunciation"},{"start_time":"323.73","end_time":"324.09","alternatives":[{"confidence":"0.9991","content":"기간이"}],"type":"pronunciation"},{"start_time":"324.09","end_time":"324.21","alternatives":[{"confidence":"0.8213","content":"좀"}],"type":"pronunciation"},{"start_time":"324.22","end_time":"324.48","alternatives":[{"confidence":"0.9842","content":"걸릴"}],"type":"pronunciation"},{"start_time":"324.48","end_time":"324.58","alternatives":[{"confidence":"1.0","content":"수"}],"type":"pronunciation"},{"start_time":"324.58","end_time":"326.21","alternatives":[{"confidence":"0.9998","content":"있으세요"}],"type":"pronunciation"},{"alternatives":[{"confidence":"0.0","content":"?"}],"type":"punctuation"},{"start_time":"326.43","end_time":"326.72","alternatives":[{"confidence":"0.0981","content":"어쨌든"}],"type":"pronunciation"},{"start_time":"326.99","end_time":"327.23","alternatives":[{"confidence":"0.5478","content":"필요"}],"type":"pronunciation"},{"start_time":"327.23","end_time":"327.67","alternatives":[{"confidence":"0.4891999999999999","content":"서류는"}],"type":"pronunciation"},{"start_time":"327.67","end_time":"328.17","alternatives":[{"confidence":"0.9954","content":"기본적으로"}],"type":"pronunciation"},{"start_time":"328.26","end_time":"329.51","alternatives":[{"confidence":"1.0","content":"발급하셨으니까"}],"type":"pronunciation"},{"start_time":"330.25","end_time":"330.64","alternatives":[{"confidence":"0.94125","content":"그거를"}],"type":"pronunciation"},{"start_time":"330.64","end_time":"331.11","alternatives":[{"confidence":"0.9914499999999999","content":"진행하시면"}],"type":"pronunciation"},{"start_time":"331.11","end_time":"331.68","alternatives":[{"confidence":"0.75455","content":"계시고"}],"type":"pronunciation"},{"start_time":"332.0","end_time":"332.28","alternatives":[{"confidence":"1.0","content":"일단"}],"type":"pronunciation"},{"start_time":"332.28","end_time":"332.61","alternatives":[{"confidence":"0.9986","content":"그리고"}],"type":"pronunciation"},{"start_time":"332.61","end_time":"333.0","alternatives":[{"confidence":"0.9878","content":"지금"}],"type":"pronunciation"},{"start_time":"333.0","end_time":"333.43","alternatives":[{"confidence":"0.54735","content":"이동하시는"}],"type":"pronunciation"},{"start_time":"334.72","end_time":"335.23","alternatives":[{"confidence":"0.48869999999999997","content":"이용하시는"}],"type":"pronunciation"},{"start_time":"335.54","end_time":"335.95","alternatives":[{"confidence":"0.0105","content":"대학교에서"}],"type":"pronunciation"},{"start_time":"336.07","end_time":"336.47","alternatives":[{"confidence":"0.36769999999999997","content":"진행할"}],"type":"pronunciation"},{"start_time":"336.47","end_time":"337.55","alternatives":[{"confidence":"0.9161","content":"거에요"}],"type":"pronunciation"},{"alternatives":[{"confidence":"0.0","content":"."}],"type":"punctuation"},{"start_time":"338.44","end_time":"338.52","alternatives":[{"confidence":"0.0198","content":"그"}],"type":"pronunciation"},{"start_time":"341.56","end_time":"341.82","alternatives":[{"confidence":"0.1897","content":"다음에"}],"type":"pronunciation"},{"start_time":"341.83","end_time":"341.96","alternatives":[{"confidence":"0.3549","content":"이제"}],"type":"pronunciation"},{"start_time":"341.99","end_time":"342.94","alternatives":[{"confidence":"0.7758333333333333","content":"십이월달부터는"}],"type":"pronunciation"},{"start_time":"343.02","end_time":"343.39","alternatives":[{"confidence":"0.9951","content":"천천히"}],"type":"pronunciation"},{"start_time":"343.39","end_time":"343.91","alternatives":[{"confidence":"0.9945999999999999","content":"진행된다고"}],"type":"pronunciation"},{"start_time":"343.91","end_time":"344.44","alternatives":[{"confidence":"0.9781","content":"생각하시면"}],"type":"pronunciation"},{"start_time":"344.44","end_time":"345.25","alternatives":[{"confidence":"0.1114","content":"되고요"}],"type":"pronunciation"},{"alternatives":[{"confidence":"0.0","content":"."}],"type":"punctuation"},{"start_time":"349.84","end_time":"350.2","alternatives":[{"confidence":"0.1431","content":"그니까"}],"type":"pronunciation"},{"start_time":"350.84","end_time":"351.13","alternatives":[{"confidence":"0.9942","content":"일단"}],"type":"pronunciation"},{"start_time":"351.13","end_time":"351.55","alternatives":[{"confidence":"0.26045","content":"공연제일"}],"type":"pronunciation"},{"start_time":"351.55","end_time":"351.85","alternatives":[{"confidence":"0.7081","content":"중요한"}],"type":"pronunciation"},{"start_time":"351.85","end_time":"351.98","alternatives":[{"confidence":"0.9957","content":"게"}],"type":"pronunciation"},{"start_time":"351.98","end_time":"352.25","alternatives":[{"confidence":"0.908","content":"정말"}],"type":"pronunciation"},{"start_time":"352.25","end_time":"352.41","alternatives":[{"confidence":"0.9954","content":"잘"}],"type":"pronunciation"},{"start_time":"352.41","end_time":"353.1","alternatives":[{"confidence":"0.99995","content":"보내시고"}],"type":"pronunciation"},{"start_time":"353.1","end_time":"353.79","alternatives":[{"confidence":"0.86905","content":"강주시면"}],"type":"pronunciation"},{"start_time":"353.79","end_time":"353.9","alternatives":[{"confidence":"0.7413","content":"안"}],"type":"pronunciation"},{"start_time":"353.9","end_time":"354.58","alternatives":[{"confidence":"0.846","content":"드시고"}],"type":"pronunciation"},{"start_time":"356.14","end_time":"356.82","alternatives":[{"confidence":"0.4296","content":"라던가"}],"type":"pronunciation"},{"start_time":"360.08","end_time":"361.33","alternatives":[{"confidence":"0.47395","content":"것이고요"}],"type":"pronunciation"},{"alternatives":[{"confidence":"0.0","content":"."}],"type":"punctuation"},{"start_time":"363.913","end_time":"364.833","alternatives":[{"confidence":"0.9882","content":"아까도"}],"type":"pronunciation"},{"start_time":"365.193","end_time":"365.473","alternatives":[{"confidence":"1.0","content":"제가"}],"type":"pronunciation"},{"start_time":"365.473","end_time":"365.663","alternatives":[{"confidence":"0.8567","content":"이제"}],"type":"pronunciation"},{"start_time":"365.693","end_time":"366.353","alternatives":[{"confidence":"0.9892","content":"이제"}],"type":"pronunciation"},{"start_time":"366.553","end_time":"367.293","alternatives":[{"confidence":"0.71045","content":"대출하는데"}],"type":"pronunciation"},{"start_time":"367.293","end_time":"367.573","alternatives":[{"confidence":"0.24080000000000001","content":"쓰나"}],"type":"pronunciation"},{"start_time":"367.573","end_time":"367.823","alternatives":[{"confidence":"0.1989","content":"봐요"}],"type":"pronunciation"},{"alternatives":[{"confidence":"0.0","content":"."}],"type":"punctuation"},{"start_time":"367.853","end_time":"368.513","alternatives":[{"confidence":"1.0","content":"전에도"}],"type":"pronunciation"},{"start_time":"368.513","end_time":"368.863","alternatives":[{"confidence":"0.495","content":"유엔"}],"type":"pronunciation"},{"start_time":"368.863","end_time":"369.733","alternatives":[{"confidence":"0.2781","content":"면에서"}],"type":"pronunciation"},{"start_time":"370.103","end_time":"370.683","alternatives":[{"confidence":"0.9846","content":"사람들이"}],"type":"pronunciation"},{"start_time":"370.713","end_time":"371.123","alternatives":[{"confidence":"0.9524","content":"추가로"}],"type":"pronunciation"},{"start_time":"371.303","end_time":"372.213","alternatives":[{"confidence":"1.0","content":"받으셨는데"}],"type":"pronunciation"},{"start_time":"372.213","end_time":"372.463","alternatives":[{"confidence":"0.993","content":"왜"}],"type":"pronunciation"},{"start_time":"372.493","end_time":"373.173","alternatives":[{"confidence":"0.9815","content":"자기네"}],"type":"pronunciation"},{"start_time":"373.533","end_time":"374.043","alternatives":[{"confidence":"0.9915","content":"대출을"}],"type":"pronunciation"},{"start_time":"374.583","end_time":"375.263","alternatives":[{"confidence":"0.2709","content":"안다고"}],"type":"pronunciation"},{"start_time":"375.263","end_time":"375.543","alternatives":[{"confidence":"0.4909","content":"하고"}],"type":"pronunciation"},{"start_time":"376.253","end_time":"376.663","alternatives":[{"confidence":"0.90815","content":"아까도"}],"type":"pronunciation"},{"start_time":"376.663","end_time":"377.173","alternatives":[{"confidence":"0.94035","content":"전화하는"}],"type":"pronunciation"},{"start_time":"377.173","end_time":"377.293","alternatives":[{"confidence":"0.9889","content":"것"}],"type":"pronunciation"},{"start_time":"377.293","end_time":"378.273","alternatives":[{"confidence":"1.0","content":"같더라고요"}],"type":"pronunciation"},{"alternatives":[{"confidence":"0.0","content":"."}],"type":"punctuation"},{"start_time":"378.823","end_time":"379.443","alternatives":[{"confidence":"0.0688","content":"제가"}],"type":"pronunciation"},{"start_time":"379.443","end_time":"379.823","alternatives":[{"confidence":"0.6409","content":"올"}],"type":"pronunciation"},{"start_time":"379.823","end_time":"380.003","alternatives":[{"confidence":"0.987","content":"일이"}],"type":"pronunciation"},{"start_time":"380.003","end_time":"380.783","alternatives":[{"confidence":"1.0","content":"없거든요"}],"type":"pronunciation"},{"alternatives":[{"confidence":"0.0","content":"."}],"type":"punctuation"},{"start_time":"381.756","end_time":"382.046","alternatives":[{"confidence":"0.0666","content":"근데"}],"type":"pronunciation"},{"start_time":"382.136","end_time":"382.336","alternatives":[{"confidence":"0.0355","content":"이제"}],"type":"pronunciation"},{"start_time":"382.336","end_time":"382.526","alternatives":[{"confidence":"0.3557","content":"다"}],"type":"pronunciation"},{"start_time":"382.526","end_time":"382.976","alternatives":[{"confidence":"0.6074999999999999","content":"나갔고"}],"type":"pronunciation"},{"start_time":"382.976","end_time":"383.176","alternatives":[{"confidence":"0.209","content":"해서"}],"type":"pronunciation"},{"start_time":"383.176","end_time":"383.486","alternatives":[{"confidence":"0.0521","content":"생각을"}],"type":"pronunciation"},{"start_time":"383.486","end_time":"383.626","alternatives":[{"confidence":"0.6993","content":"안"}],"type":"pronunciation"},{"start_time":"383.626","end_time":"384.626","alternatives":[{"confidence":"0.675","content":"받았죠"}],"type":"pronunciation"},{"alternatives":[{"confidence":"0.0","content":"."}],"type":"punctuation"},{"start_time":"384.686","end_time":"385.196","alternatives":[{"confidence":"0.7128","content":"맞아요"}],"type":"pronunciation"},{"alternatives":[{"confidence":"0.0","content":"."}],"type":"punctuation"},{"start_time":"385.196","end_time":"385.446","alternatives":[{"confidence":"0.1353","content":"고기"}],"type":"pronunciation"},{"start_time":"385.446","end_time":"386.096","alternatives":[{"confidence":"0.5221","content":"걱정그런"}],"type":"pronunciation"},{"start_time":"386.096","end_time":"386.376","alternatives":[{"confidence":"0.0711","content":"전화를"}],"type":"pronunciation"},{"start_time":"386.536","end_time":"386.766","alternatives":[{"confidence":"0.0984","content":"받지"}],"type":"pronunciation"},{"start_time":"386.766","end_time":"387.786","alternatives":[{"confidence":"0.9901","content":"마시고요"}],"type":"pronunciation"},{"alternatives":[{"confidence":"0.0","content":"."}],"type":"punctuation"},{"start_time":"387.876","end_time":"388.286","alternatives":[{"confidence":"0.9974","content":"제가"}],"type":"pronunciation"},{"start_time":"388.286","end_time":"388.916","alternatives":[{"confidence":"0.5770500000000001","content":"월요일에는"}],"type":"pronunciation"},{"start_time":"388.916","end_time":"389.286","alternatives":[{"confidence":"0.8977","content":"일단은"}],"type":"pronunciation"},{"start_time":"389.796","end_time":"390.046","alternatives":[{"confidence":"0.0061","content":"어떤"}],"type":"pronunciation"},{"start_time":"390.446","end_time":"390.656","alternatives":[{"confidence":"0.9996","content":"뭔지"}],"type":"pronunciation"},{"start_time":"390.656","end_time":"391.496","alternatives":[{"confidence":"1.0","content":"아시죠"}],"type":"pronunciation"},{"alternatives":[{"confidence":"0.0","content":"?"}],"type":"punctuation"},{"start_time":"392.356","end_time":"393.586","alternatives":[{"confidence":"0.38933333333333336","content":"그거전해도"}],"type":"pronunciation"},{"start_time":"393.586","end_time":"394.386","alternatives":[{"confidence":"0.9667","content":"제가"}],"type":"pronunciation"},{"start_time":"395.816","end_time":"396.216","alternatives":[{"confidence":"0.1272","content":"했을"}],"type":"pronunciation"},{"start_time":"396.216","end_time":"396.726","alternatives":[{"confidence":"0.7936","content":"때"}],"type":"pronunciation"},{"start_time":"396.756","end_time":"397.086","alternatives":[{"confidence":"0.8499","content":"안"}],"type":"pronunciation"},{"start_time":"397.086","end_time":"397.406","alternatives":[{"confidence":"0.7723","content":"된다"}],"type":"pronunciation"},{"alternatives":[{"confidence":"0.0","content":"."}],"type":"punctuation"},{"start_time":"397.406","end_time":"397.876","alternatives":[{"confidence":"0.9756","content":"그래서"}],"type":"pronunciation"},{"start_time":"397.906","end_time":"398.726","alternatives":[{"confidence":"0.39790000000000003","content":"사죄하면"}],"type":"pronunciation"},{"start_time":"398.726","end_time":"398.926","alternatives":[{"confidence":"0.0641","content":"안"}],"type":"pronunciation"},{"start_time":"398.926","end_time":"399.536","alternatives":[{"confidence":"0.0592","content":"되고"}],"type":"pronunciation"},{"start_time":"400.576","end_time":"400.706","alternatives":[{"confidence":"0.0188","content":"안"}],"type":"pronunciation"},{"start_time":"400.706","end_time":"401.106","alternatives":[{"confidence":"0.0322","content":"된다고"}],"type":"pronunciation"},{"start_time":"401.106","end_time":"401.606","alternatives":[{"confidence":"0.8561","content":"더라고요"}],"type":"pronunciation"},{"alternatives":[{"confidence":"0.0","content":"."}],"type":"punctuation"},{"start_time":"402.55","end_time":"402.79","alternatives":[{"confidence":"0.8275","content":"제가"}],"type":"pronunciation"},{"start_time":"402.79","end_time":"403.04","alternatives":[{"confidence":"0.799","content":"먼저"}],"type":"pronunciation"},{"start_time":"404.12","end_time":"404.27","alternatives":[{"confidence":"0.7451","content":"할"}],"type":"pronunciation"},{"start_time":"404.27","end_time":"404.67","alternatives":[{"confidence":"0.9896","content":"거니까"}],"type":"pronunciation"},{"start_time":"405.22","end_time":"405.57","alternatives":[{"confidence":"0.5209","content":"따라"}],"type":"pronunciation"},{"start_time":"405.77","end_time":"406.35","alternatives":[{"confidence":"0.9906","content":"지금처럼"}],"type":"pronunciation"},{"start_time":"407.38","end_time":"408.29","alternatives":[{"confidence":"0.9899","content":"진행하시면"}],"type":"pronunciation"},{"start_time":"408.29","end_time":"408.45","alternatives":[{"confidence":"0.6921","content":"안"}],"type":"pronunciation"},{"start_time":"408.45","end_time":"408.67","alternatives":[{"confidence":"0.6242","content":"되는"}],"type":"pronunciation"},{"start_time":"408.67","end_time":"408.86","alternatives":[{"confidence":"0.5731","content":"것도"}],"type":"pronunciation"},{"start_time":"409.3","end_time":"409.54","alternatives":[{"confidence":"0.9316","content":"제가"}],"type":"pronunciation"},{"start_time":"409.54","end_time":"409.78","alternatives":[{"confidence":"0.9944","content":"있어서"}],"type":"pronunciation"},{"start_time":"409.78","end_time":"410.27","alternatives":[{"confidence":"0.7196499999999999","content":"그런거니까"}],"type":"pronunciation"},{"alternatives":[{"confidence":"0.0","content":"."}],"type":"punctuation"},{"start_time":"410.27","end_time":"410.61","alternatives":[{"confidence":"0.9963","content":"걱정하지"}],"type":"pronunciation"},{"start_time":"410.61","end_time":"411.1","alternatives":[{"confidence":"1.0","content":"마세요"}],"type":"pronunciation"},{"alternatives":[{"confidence":"0.0","content":"."}],"type":"punctuation"},{"start_time":"414.79","end_time":"415.08","alternatives":[{"confidence":"0.9752","content":"그렇게"}],"type":"pronunciation"},{"start_time":"415.08","end_time":"415.47","alternatives":[{"confidence":"0.9988","content":"해야죠"}],"type":"pronunciation"},{"alternatives":[{"confidence":"0.0","content":"."}],"type":"punctuation"},{"start_time":"415.48","end_time":"415.73","alternatives":[{"confidence":"0.7123","content":"뭐"}],"type":"pronunciation"},{"start_time":"415.76","end_time":"416.22","alternatives":[{"confidence":"0.998","content":"일단은"}],"type":"pronunciation"},{"start_time":"416.53","end_time":"416.98","alternatives":[{"confidence":"0.9803","content":"나중에"}],"type":"pronunciation"},{"start_time":"417.19","end_time":"417.31","alternatives":[{"confidence":"0.7381","content":"저"}],"type":"pronunciation"},{"start_time":"417.31","end_time":"417.58","alternatives":[{"confidence":"1.0","content":"같은"}],"type":"pronunciation"},{"start_time":"417.58","end_time":"417.95","alternatives":[{"confidence":"0.9455","content":"경우는"}],"type":"pronunciation"},{"start_time":"418.08","end_time":"418.59","alternatives":[{"confidence":"0.43424999999999997","content":"자사고는"}],"type":"pronunciation"},{"start_time":"418.59","end_time":"418.84","alternatives":[{"confidence":"0.9786","content":"대한"}],"type":"pronunciation"},{"start_time":"418.84","end_time":"419.04","alternatives":[{"confidence":"0.4119","content":"처리"}],"type":"pronunciation"},{"start_time":"419.04","end_time":"419.69","alternatives":[{"confidence":"0.881","content":"되셨지만"}],"type":"pronunciation"},{"start_time":"419.69","end_time":"419.88","alternatives":[{"confidence":"0.5752","content":"영어"}],"type":"pronunciation"},{"start_time":"420.225","end_time":"420.555","alternatives":[{"confidence":"0.973","content":"올라가는"}],"type":"pronunciation"},{"start_time":"420.555","end_time":"421.935","alternatives":[{"confidence":"0.9813000000000001","content":"거고요"}],"type":"pronunciation"},{"alternatives":[{"confidence":"0.0","content":"."}],"type":"punctuation"},{"start_time":"422.365","end_time":"422.815","alternatives":[{"confidence":"0.5447","content":"거기에서"}],"type":"pronunciation"},{"start_time":"422.815","end_time":"423.975","alternatives":[{"confidence":"0.7337","content":"금융사자체내에서"}],"type":"pronunciation"},{"start_time":"423.975","end_time":"424.485","alternatives":[{"confidence":"0.97575","content":"전화오시면"}],"type":"pronunciation"},{"start_time":"424.485","end_time":"424.685","alternatives":[{"confidence":"0.9955","content":"그런"}],"type":"pronunciation"},{"start_time":"424.685","end_time":"424.965","alternatives":[{"confidence":"0.9913","content":"전화를"}],"type":"pronunciation"},{"start_time":"424.965","end_time":"425.225","alternatives":[{"confidence":"0.9998","content":"받지"}],"type":"pronunciation"},{"start_time":"425.225","end_time":"425.805","alternatives":[{"confidence":"1.0","content":"마시고"}],"type":"pronunciation"},{"start_time":"426.065","end_time":"426.745","alternatives":[{"confidence":"0.9837","content":"내가"}],"type":"pronunciation"},{"start_time":"426.745","end_time":"427.295","alternatives":[{"confidence":"0.9876499999999999","content":"월요일부터"}],"type":"pronunciation"},{"start_time":"427.655","end_time":"427.935","alternatives":[{"confidence":"1.0","content":"일단"}],"type":"pronunciation"},{"start_time":"427.935","end_time":"428.365","alternatives":[{"confidence":"0.9988","content":"확인하고"}],"type":"pronunciation"},{"start_time":"428.425","end_time":"428.755","alternatives":[{"confidence":"0.9966","content":"진행을"}],"type":"pronunciation"},{"start_time":"428.755","end_time":"429.015","alternatives":[{"confidence":"0.1876","content":"해볼"}],"type":"pronunciation"},{"start_time":"429.015","end_time":"429.325","alternatives":[{"confidence":"0.9885","content":"시간이"}],"type":"pronunciation"},{"start_time":"429.325","end_time":"429.435","alternatives":[{"confidence":"0.8672","content":"좀"}],"type":"pronunciation"},{"start_time":"429.465","end_time":"430.385","alternatives":[{"confidence":"0.9549000000000001","content":"걸리니까"}],"type":"pronunciation"},{"start_time":"431.315","end_time":"431.705","alternatives":[{"confidence":"0.647","content":"그러니까"}],"type":"pronunciation"},{"start_time":"431.705","end_time":"431.965","alternatives":[{"confidence":"0.9022","content":"미리"}],"type":"pronunciation"},{"start_time":"431.965","end_time":"432.655","alternatives":[{"confidence":"0.71515","content":"전화드릴게요"}],"type":"pronunciation"},{"start_time":"432.655","end_time":"432.925","alternatives":[{"confidence":"0.9833","content":"월요일"}],"type":"pronunciation"},{"start_time":"432.925","end_time":"433.515","alternatives":[{"confidence":"0.9998","content":"오전에"}],"type":"pronunciation"},{"start_time":"433.515","end_time":"433.695","alternatives":[{"confidence":"0.9808","content":"한"}],"type":"pronunciation"},{"start_time":"433.695","end_time":"433.825","alternatives":[{"confidence":"0.4348","content":"열"}],"type":"pronunciation"},{"start_time":"433.825","end_time":"433.935","alternatives":[{"confidence":"0.8831","content":"시"}],"type":"pronunciation"},{"start_time":"433.935","end_time":"434.095","alternatives":[{"confidence":"0.898","content":"반"}],"type":"pronunciation"},{"start_time":"434.095","end_time":"434.285","alternatives":[{"confidence":"0.7409","content":"정도"}],"type":"pronunciation"},{"start_time":"434.285","end_time":"434.415","alternatives":[{"confidence":"0.5294","content":"전"}],"type":"pronunciation"},{"start_time":"434.415","end_time":"434.605","alternatives":[{"confidence":"0.9546","content":"한번"}],"type":"pronunciation"},{"start_time":"434.605","end_time":"435.015","alternatives":[{"confidence":"0.9334","content":"드릴게요"}],"type":"pronunciation"},{"alternatives":[{"confidence":"0.0","content":"."}],"type":"punctuation"},{"start_time":"435.165","end_time":"435.285","alternatives":[{"confidence":"0.0011","content":"네"}],"type":"pronunciation"},{"alternatives":[{"confidence":"0.0","content":","}],"type":"punctuation"},{"start_time":"438.565","end_time":"439.025","alternatives":[{"confidence":"0.0077","content":"알겠습니다"}],"type":"pronunciation"},{"alternatives":[{"confidence":"0.0","content":"."}],"type":"punctuation"},{"start_time":"440.195","end_time":"440.565","alternatives":[{"confidence":"0.1693","content":"항상"}],"type":"pronunciation"},{"start_time":"440.565","end_time":"441.215","alternatives":[{"confidence":"0.0127","content":"괜찮아요"}],"type":"pronunciation"},{"alternatives":[{"confidence":"0.0","content":"."}],"type":"punctuation"},{"start_time":"441.845","end_time":"442.455","alternatives":[{"confidence":"0.8525","content":"진행가져야"}],"type":"pronunciation"},{"start_time":"442.455","end_time":"442.715","alternatives":[{"confidence":"0.3651","content":"하는가"}],"type":"pronunciation"},{"start_time":"442.715","end_time":"442.915","alternatives":[{"confidence":"0.8247","content":"이런"}],"type":"pronunciation"},{"start_time":"443.155","end_time":"443.475","alternatives":[{"confidence":"0.5983","content":"설명해"}],"type":"pronunciation"},{"start_time":"443.475","end_time":"443.895","alternatives":[{"confidence":"0.16510000000000002","content":"드렸는데요"}],"type":"pronunciation"},{"alternatives":[{"confidence":"0.0","content":"."}],"type":"punctuation"},{"start_time":"444.765","end_time":"445.195","alternatives":[{"confidence":"0.7572","content":"내일"}],"type":"pronunciation"},{"start_time":"445.345","end_time":"445.545","alternatives":[{"confidence":"0.6275","content":"내일"}],"type":"pronunciation"},{"start_time":"445.605","end_time":"445.885","alternatives":[{"confidence":"0.2298","content":"오늘은"}],"type":"pronunciation"},{"start_time":"446.245","end_time":"446.365","alternatives":[{"confidence":"0.4315","content":"에도"}],"type":"pronunciation"},{"start_time":"446.365","end_time":"446.685","alternatives":[{"confidence":"0.9997","content":"전화를"}],"type":"pronunciation"},{"start_time":"446.685","end_time":"446.785","alternatives":[{"confidence":"0.9225","content":"안"}],"type":"pronunciation"},{"start_time":"446.785","end_time":"446.925","alternatives":[{"confidence":"0.8001","content":"받"}],"type":"pronunciation"},{"start_time":"448.65","end_time":"449.1","alternatives":[{"confidence":"0.9999","content":"알겠습니다"}],"type":"pronunciation"},{"alternatives":[{"confidence":"0.0","content":"."}],"type":"punctuation"},{"start_time":"449.13","end_time":"449.52","alternatives":[{"confidence":"0.9968","content":"월요일날"}],"type":"pronunciation"},{"start_time":"449.65","end_time":"449.92","alternatives":[{"confidence":"0.9992","content":"오전에"}],"type":"pronunciation"},{"start_time":"450.07","end_time":"451.72","alternatives":[{"confidence":"0.5792000000000002","content":"전화드릴게요"}],"type":"pronunciation"},{"start_time":"453.76","end_time":"454.19","alternatives":[{"confidence":"0.1387","content":"아닙니다"}],"type":"pronunciation"},{"alternatives":[{"confidence":"0.0","content":"."}],"type":"punctuation"}]},"status":"COMPLETED"}