{"jobName":"transcribe_loan131","accountId":"097989105209","results":{"transcripts":[{"transcript":"일단 가슴 한 돈은 사천팔백 만원의 삼점사 퍼센트가 나오셨어요. 저희가 상환방식이 원금이자 같이 납부하시는 거랑 이자만 납부하시는 방법이 있는데요. 중도상환수준 없기 때문에 언제든지 일부터 전에 자유롭게 상황이 가능 하십니다. 그렇기 때문에 지금 금액이 소액이면 상관 없는데 지금 고액이라면 고액이기 때문에 이자만 상환방식이 좀 편하실 텐데 어떤 방식이 편하세요 이자만 상환하시면서 원금은 여기 되실 때 마다 약간씩 상환하시면 많기 되셨을 때 상환하는 게 부담이 덜 하실 거고요. 그리고 처음에 기간 정하실 때는 오년에 최대 지만 삼 년 단위로 세번까지 연장이 가능하세요 없으시면 일단 사천삼백사천팔백만원계산을 한번 해 드리자면 이자는 13 만 육천 원 나오실 거예요. 13 만 6 천원이에요 나중에 최종 심사 결과 나오시면은 같은 경우는 공인신용에. 따라서 결정되는 거기 때문에 변동이 없으신데 한 도 같은 경우는 올라갈 수도 있고 좀 줄어들 수도 있습니다. 그리고 이 상품의 접수과정에서 서류들어가신 게 없으세요. 그 다음에 저희가 전화상으로도 상담이 가능한 거고요. 대신 제출하신 게 없다 보니까 나중에 수령하실 때는 께서 무조건 은행 방문할 수령하시는 방법 일단은 지금 자산관련해서 보증서 발행 조건으로 수락한 거기 때문에 이 서류는 안 들어가지만 자산관리소 홈페이지 회원 가입은 따로 해주셔야 됩니다. 고객이 혹시 공인인증서 라고 사용하시는 거 있으세요? 그러시면 제가 문자로 제 이름하고 전화번호 같이 해서 회원방법을 안내해 드릴 거예요. 이 부분 지금 해주셔도 되고 아니면 퇴근후에 집에 가셔서 하셔도 상관없고요 주말중으로만 회원감만 완료해주시고 연락주시면 되세요. 그리고 저희가 상담업무는 오후 6 시까지 니깐요 혹시 궁금하신 거 있으면 언제든지 전화주시고요. 핸드폰 번호는 공개를 못 해드려요. 고래고기 거래하시는 은행에 한번 뭐 가까운데 아무데나 방문하셔서 대출쪽 가셔서 한번 보시면 아시겠지만 명함에 핸드폰 번호 같은 건 공개를 못 해드리게 되어 있어요. 왜냐하면 특히 이 상품 같은 경우 정부 지원금상품 같은 경우 홍보같은 걸 안 하기 때문에 고객님들이 잘 모르세요. 정확하게. 그래서 특히 이 상품 같은 경우는 보증서 발행 되실 때 사실 수수료가 발생되거든요. 이게 고객님이 직접 자산관련해서 직접 진행하시면 고객님부담이신데 은행 통해서 하실 경우에는 고개인 부담이 아니시거든요. 근데 이런 부분을 잘 모르시니까 공인들은 예전에 그 상담사 분 중에서 한 분이 그런 걸 잘 모르시니까 좀 악용을 해서 최순승인 나셨는데 이제 보증수수료계좌로 보내주셔야지 수령이 가능하십니다 이렇게 해서 받으신 적이 있어요. 그래서 좀 이게 좀 감사권에 걸리는 경우도 많이 있어서 핸드폰 번호는 따로 저희가 공개를 해줄 수 없어요. 하게 진행끝난 다음에 그때는 공개가 가능하거든요 그러면 고객님핸드폰 번호 가지고 계시했다가 나중에 혹시 뭐 대출적으로 뭐 진행하실 있거나 먹고 하신 거 있으면 연락주시면. 그러니까 상담으로 도와줄 수도 있죠. 저는 오종태 상담사고요 또 같이 안내해 드릴 거고요. 예. 지금 제가 말말했던 대로 상담저는 대출상담사 기 때문에 현재는 농협의 있지만 나중에는 신한능이 있을 수도 있고 아니면 있을 수도 있거든요. 그렇기 때문에 뭐 대출쪽이나 뭐 이런 부분알아볼 때 먼저 알아보시지 말고 먼저 저한테 말씀해주시면 제가 고객님조건에 맞는 상품이 있는지 먼저 확인을 해드릴 수가 있죠. 일단 제가 문자 바로 안내해드리겠습니다 중앙 중앙로만. 가난한 농협중앙회는 일 금융권이고 이 금융권이기 때문에요. 에서는 이 상품에 대해서 모르세요? 나중에 저희가 거기 가까운 확인하고 다음 주 저랑 전화번호 하고 담당자안내해 드릴 거예요 제가"}],"items":[{"start_time":"0.5","end_time":"0.72","alternatives":[{"confidence":"1.0","content":"일단"}],"type":"pronunciation"},{"start_time":"0.72","end_time":"0.96","alternatives":[{"confidence":"0.3036","content":"가슴"}],"type":"pronunciation"},{"start_time":"1.03","end_time":"1.14","alternatives":[{"confidence":"0.3437","content":"한"}],"type":"pronunciation"},{"start_time":"1.14","end_time":"1.35","alternatives":[{"confidence":"0.5205","content":"돈은"}],"type":"pronunciation"},{"start_time":"1.35","end_time":"1.95","alternatives":[{"confidence":"0.51785","content":"사천팔백"}],"type":"pronunciation"},{"start_time":"1.95","end_time":"2.33","alternatives":[{"confidence":"0.6862","content":"만원의"}],"type":"pronunciation"},{"start_time":"2.34","end_time":"2.92","alternatives":[{"confidence":"0.8305","content":"삼점사"}],"type":"pronunciation"},{"start_time":"2.92","end_time":"3.37","alternatives":[{"confidence":"0.9218","content":"퍼센트가"}],"type":"pronunciation"},{"start_time":"3.37","end_time":"4.07","alternatives":[{"confidence":"0.997","content":"나오셨어요"}],"type":"pronunciation"},{"alternatives":[{"confidence":"0.0","content":"."}],"type":"punctuation"},{"start_time":"5.83","end_time":"6.19","alternatives":[{"confidence":"1.0","content":"저희가"}],"type":"pronunciation"},{"start_time":"6.19","end_time":"7.12","alternatives":[{"confidence":"0.64415","content":"상환방식이"}],"type":"pronunciation"},{"start_time":"7.12","end_time":"7.67","alternatives":[{"confidence":"0.79225","content":"원금이자"}],"type":"pronunciation"},{"start_time":"7.67","end_time":"7.9","alternatives":[{"confidence":"0.8413","content":"같이"}],"type":"pronunciation"},{"start_time":"7.9","end_time":"8.33","alternatives":[{"confidence":"0.98495","content":"납부하시는"}],"type":"pronunciation"},{"start_time":"8.33","end_time":"8.8","alternatives":[{"confidence":"0.9983","content":"거랑"}],"type":"pronunciation"},{"start_time":"9.14","end_time":"9.6","alternatives":[{"confidence":"0.997","content":"이자만"}],"type":"pronunciation"},{"start_time":"9.6","end_time":"10.09","alternatives":[{"confidence":"0.9985999999999999","content":"납부하시는"}],"type":"pronunciation"},{"start_time":"10.09","end_time":"10.41","alternatives":[{"confidence":"0.9991","content":"방법이"}],"type":"pronunciation"},{"start_time":"10.41","end_time":"11.39","alternatives":[{"confidence":"1.0","content":"있는데요"}],"type":"pronunciation"},{"alternatives":[{"confidence":"0.0","content":"."}],"type":"punctuation"},{"start_time":"11.65","end_time":"12.54","alternatives":[{"confidence":"0.7552666666666666","content":"중도상환수준"}],"type":"pronunciation"},{"start_time":"12.54","end_time":"12.81","alternatives":[{"confidence":"0.9994","content":"없기"}],"type":"pronunciation"},{"start_time":"12.81","end_time":"13.3","alternatives":[{"confidence":"0.9996","content":"때문에"}],"type":"pronunciation"},{"start_time":"13.3","end_time":"13.87","alternatives":[{"confidence":"0.9999","content":"언제든지"}],"type":"pronunciation"},{"start_time":"13.87","end_time":"14.29","alternatives":[{"confidence":"0.9748","content":"일부터"}],"type":"pronunciation"},{"start_time":"14.41","end_time":"14.63","alternatives":[{"confidence":"0.2086","content":"전에"}],"type":"pronunciation"},{"start_time":"14.66","end_time":"15.06","alternatives":[{"confidence":"0.9991","content":"자유롭게"}],"type":"pronunciation"},{"start_time":"15.06","end_time":"15.31","alternatives":[{"confidence":"0.8134","content":"상황이"}],"type":"pronunciation"},{"start_time":"15.31","end_time":"15.52","alternatives":[{"confidence":"0.6086","content":"가능"}],"type":"pronunciation"},{"start_time":"15.52","end_time":"15.97","alternatives":[{"confidence":"0.9985","content":"하십니다"}],"type":"pronunciation"},{"alternatives":[{"confidence":"0.0","content":"."}],"type":"punctuation"},{"start_time":"16.41","end_time":"16.61","alternatives":[{"confidence":"0.9114","content":"그렇기"}],"type":"pronunciation"},{"start_time":"16.61","end_time":"16.86","alternatives":[{"confidence":"0.9993","content":"때문에"}],"type":"pronunciation"},{"start_time":"16.86","end_time":"17.05","alternatives":[{"confidence":"0.9929","content":"지금"}],"type":"pronunciation"},{"start_time":"17.05","end_time":"17.47","alternatives":[{"confidence":"0.9992","content":"금액이"}],"type":"pronunciation"},{"start_time":"17.56","end_time":"18.03","alternatives":[{"confidence":"0.94345","content":"소액이면"}],"type":"pronunciation"},{"start_time":"18.03","end_time":"18.25","alternatives":[{"confidence":"0.3323","content":"상관"}],"type":"pronunciation"},{"start_time":"18.25","end_time":"19.08","alternatives":[{"confidence":"0.9266","content":"없는데"}],"type":"pronunciation"},{"start_time":"19.2","end_time":"19.43","alternatives":[{"confidence":"0.9646","content":"지금"}],"type":"pronunciation"},{"start_time":"19.49","end_time":"20.19","alternatives":[{"confidence":"0.95985","content":"고액이라면"}],"type":"pronunciation"},{"start_time":"20.19","end_time":"20.61","alternatives":[{"confidence":"0.9837","content":"고액이기"}],"type":"pronunciation"},{"start_time":"20.61","end_time":"21.25","alternatives":[{"confidence":"0.9976","content":"때문에"}],"type":"pronunciation"},{"start_time":"21.47","end_time":"21.85","alternatives":[{"confidence":"0.99935","content":"이자만"}],"type":"pronunciation"},{"start_time":"21.85","end_time":"22.36","alternatives":[{"confidence":"0.9028499999999999","content":"상환방식이"}],"type":"pronunciation"},{"start_time":"22.36","end_time":"22.52","alternatives":[{"confidence":"1.0","content":"좀"}],"type":"pronunciation"},{"start_time":"22.52","end_time":"22.88","alternatives":[{"confidence":"0.8876","content":"편하실"}],"type":"pronunciation"},{"start_time":"22.88","end_time":"23.2","alternatives":[{"confidence":"0.9925","content":"텐데"}],"type":"pronunciation"},{"start_time":"23.2","end_time":"23.47","alternatives":[{"confidence":"0.9981","content":"어떤"}],"type":"pronunciation"},{"start_time":"23.47","end_time":"23.73","alternatives":[{"confidence":"0.917","content":"방식이"}],"type":"pronunciation"},{"start_time":"23.73","end_time":"24.29","alternatives":[{"confidence":"0.8247500000000001","content":"편하세요"}],"type":"pronunciation"},{"start_time":"26.71","end_time":"27.06","alternatives":[{"confidence":"0.03305","content":"이자만"}],"type":"pronunciation"},{"start_time":"27.06","end_time":"27.72","alternatives":[{"confidence":"0.6183","content":"상환하시면서"}],"type":"pronunciation"},{"start_time":"27.72","end_time":"28.32","alternatives":[{"confidence":"0.98915","content":"원금은"}],"type":"pronunciation"},{"start_time":"28.32","end_time":"28.48","alternatives":[{"confidence":"0.4899","content":"여기"}],"type":"pronunciation"},{"start_time":"28.48","end_time":"28.78","alternatives":[{"confidence":"0.6346","content":"되실"}],"type":"pronunciation"},{"start_time":"28.78","end_time":"28.89","alternatives":[{"confidence":"0.8879","content":"때"}],"type":"pronunciation"},{"start_time":"28.89","end_time":"29.11","alternatives":[{"confidence":"0.8904","content":"마다"}],"type":"pronunciation"},{"start_time":"29.11","end_time":"29.6","alternatives":[{"confidence":"0.9924","content":"약간씩"}],"type":"pronunciation"},{"start_time":"29.6","end_time":"30.28","alternatives":[{"confidence":"0.9341999999999999","content":"상환하시면"}],"type":"pronunciation"},{"start_time":"30.28","end_time":"30.54","alternatives":[{"confidence":"0.4381","content":"많기"}],"type":"pronunciation"},{"start_time":"30.54","end_time":"30.96","alternatives":[{"confidence":"0.9353","content":"되셨을"}],"type":"pronunciation"},{"start_time":"30.96","end_time":"31.18","alternatives":[{"confidence":"0.9726","content":"때"}],"type":"pronunciation"},{"start_time":"31.18","end_time":"31.55","alternatives":[{"confidence":"0.8927499999999999","content":"상환하는"}],"type":"pronunciation"},{"start_time":"31.55","end_time":"31.65","alternatives":[{"confidence":"0.8683","content":"게"}],"type":"pronunciation"},{"start_time":"31.65","end_time":"31.94","alternatives":[{"confidence":"0.5163","content":"부담이"}],"type":"pronunciation"},{"start_time":"31.94","end_time":"32.1","alternatives":[{"confidence":"0.2972","content":"덜"}],"type":"pronunciation"},{"start_time":"32.1","end_time":"32.3","alternatives":[{"confidence":"0.5083","content":"하실"}],"type":"pronunciation"},{"start_time":"32.3","end_time":"33.15","alternatives":[{"confidence":"0.9423999999999999","content":"거고요"}],"type":"pronunciation"},{"alternatives":[{"confidence":"0.0","content":"."}],"type":"punctuation"},{"start_time":"33.24","end_time":"33.57","alternatives":[{"confidence":"0.9979","content":"그리고"}],"type":"pronunciation"},{"start_time":"33.66","end_time":"34.37","alternatives":[{"confidence":"0.0795","content":"처음에"}],"type":"pronunciation"},{"start_time":"34.37","end_time":"34.7","alternatives":[{"confidence":"0.8377","content":"기간"}],"type":"pronunciation"},{"start_time":"34.7","end_time":"35.05","alternatives":[{"confidence":"0.9802500000000001","content":"정하실"}],"type":"pronunciation"},{"start_time":"35.05","end_time":"35.26","alternatives":[{"confidence":"0.9859","content":"때는"}],"type":"pronunciation"},{"start_time":"35.26","end_time":"35.57","alternatives":[{"confidence":"0.51515","content":"오년에"}],"type":"pronunciation"},{"start_time":"35.57","end_time":"35.83","alternatives":[{"confidence":"0.6182","content":"최대"}],"type":"pronunciation"},{"start_time":"35.83","end_time":"36.34","alternatives":[{"confidence":"0.6766","content":"지만"}],"type":"pronunciation"},{"start_time":"36.61","end_time":"36.82","alternatives":[{"confidence":"0.676","content":"삼"}],"type":"pronunciation"},{"start_time":"36.82","end_time":"36.98","alternatives":[{"confidence":"0.8744","content":"년"}],"type":"pronunciation"},{"start_time":"36.98","end_time":"37.29","alternatives":[{"confidence":"0.9999","content":"단위로"}],"type":"pronunciation"},{"start_time":"37.29","end_time":"37.78","alternatives":[{"confidence":"0.8073666666666667","content":"세번까지"}],"type":"pronunciation"},{"start_time":"37.78","end_time":"38.2","alternatives":[{"confidence":"0.6379","content":"연장이"}],"type":"pronunciation"},{"start_time":"38.48","end_time":"39.0","alternatives":[{"confidence":"0.7987","content":"가능하세요"}],"type":"pronunciation"},{"start_time":"39.37","end_time":"40.01","alternatives":[{"confidence":"0.99185","content":"없으시면"}],"type":"pronunciation"},{"start_time":"40.9","end_time":"41.4","alternatives":[{"confidence":"0.7841","content":"일단"}],"type":"pronunciation"},{"start_time":"41.4","end_time":"43.58","alternatives":[{"confidence":"0.6990833333333333","content":"사천삼백사천팔백만원계산을"}],"type":"pronunciation"},{"start_time":"43.58","end_time":"43.83","alternatives":[{"confidence":"0.9827","content":"한번"}],"type":"pronunciation"},{"start_time":"43.83","end_time":"43.91","alternatives":[{"confidence":"0.6717","content":"해"}],"type":"pronunciation"},{"start_time":"43.91","end_time":"44.47","alternatives":[{"confidence":"0.8484","content":"드리자면"}],"type":"pronunciation"},{"start_time":"45.03","end_time":"45.34","alternatives":[{"confidence":"0.6032","content":"이자는"}],"type":"pronunciation"},{"start_time":"45.34","end_time":"45.67","alternatives":[{"confidence":"0.7609","content":"13"}],"type":"pronunciation"},{"start_time":"45.67","end_time":"45.85","alternatives":[{"confidence":"0.9757","content":"만"}],"type":"pronunciation"},{"start_time":"45.85","end_time":"46.11","alternatives":[{"confidence":"0.5553","content":"육천"}],"type":"pronunciation"},{"start_time":"46.11","end_time":"46.19","alternatives":[{"confidence":"0.6411","content":"원"}],"type":"pronunciation"},{"start_time":"46.19","end_time":"46.48","alternatives":[{"confidence":"0.9809","content":"나오실"}],"type":"pronunciation"},{"start_time":"46.48","end_time":"47.16","alternatives":[{"confidence":"0.9897","content":"거예요"}],"type":"pronunciation"},{"alternatives":[{"confidence":"0.0","content":"."}],"type":"punctuation"},{"start_time":"48.08","end_time":"48.56","alternatives":[{"confidence":"0.4056","content":"13"}],"type":"pronunciation"},{"start_time":"48.56","end_time":"48.75","alternatives":[{"confidence":"0.733","content":"만"}],"type":"pronunciation"},{"start_time":"48.75","end_time":"48.9","alternatives":[{"confidence":"0.2388","content":"6"}],"type":"pronunciation"},{"start_time":"48.9","end_time":"49.65","alternatives":[{"confidence":"0.54345","content":"천원이에요"}],"type":"pronunciation"},{"start_time":"51.38","end_time":"51.9","alternatives":[{"confidence":"0.9929","content":"나중에"}],"type":"pronunciation"},{"start_time":"51.9","end_time":"52.2","alternatives":[{"confidence":"0.9765","content":"최종"}],"type":"pronunciation"},{"start_time":"52.2","end_time":"52.95","alternatives":[{"confidence":"0.6426","content":"심사"}],"type":"pronunciation"},{"start_time":"52.95","end_time":"53.23","alternatives":[{"confidence":"0.9824","content":"결과"}],"type":"pronunciation"},{"start_time":"53.23","end_time":"53.91","alternatives":[{"confidence":"0.4723333333333333","content":"나오시면은"}],"type":"pronunciation"},{"start_time":"54.24","end_time":"54.49","alternatives":[{"confidence":"0.995","content":"같은"}],"type":"pronunciation"},{"start_time":"54.49","end_time":"54.87","alternatives":[{"confidence":"0.9443","content":"경우는"}],"type":"pronunciation"},{"start_time":"54.87","end_time":"55.74","alternatives":[{"confidence":"0.36850000000000005","content":"공인신용에"}],"type":"pronunciation"},{"alternatives":[{"confidence":"0.0","content":"."}],"type":"punctuation"},{"start_time":"55.74","end_time":"56.1","alternatives":[{"confidence":"1.0","content":"따라서"}],"type":"pronunciation"},{"start_time":"56.34","end_time":"56.87","alternatives":[{"confidence":"0.9925","content":"결정되는"}],"type":"pronunciation"},{"start_time":"56.87","end_time":"57.02","alternatives":[{"confidence":"0.9902","content":"거기"}],"type":"pronunciation"},{"start_time":"57.02","end_time":"57.26","alternatives":[{"confidence":"1.0","content":"때문에"}],"type":"pronunciation"},{"start_time":"57.26","end_time":"57.6","alternatives":[{"confidence":"0.99405","content":"변동이"}],"type":"pronunciation"},{"start_time":"57.6","end_time":"58.36","alternatives":[{"confidence":"0.99705","content":"없으신데"}],"type":"pronunciation"},{"start_time":"58.51","end_time":"58.67","alternatives":[{"confidence":"0.3547","content":"한"}],"type":"pronunciation"},{"start_time":"58.67","end_time":"58.78","alternatives":[{"confidence":"0.5103","content":"도"}],"type":"pronunciation"},{"start_time":"58.78","end_time":"59.02","alternatives":[{"confidence":"0.9964","content":"같은"}],"type":"pronunciation"},{"start_time":"59.02","end_time":"59.26","alternatives":[{"confidence":"0.9943","content":"경우는"}],"type":"pronunciation"},{"start_time":"59.26","end_time":"59.6","alternatives":[{"confidence":"0.9622","content":"올라갈"}],"type":"pronunciation"},{"start_time":"59.6","end_time":"59.79","alternatives":[{"confidence":"0.9993","content":"수도"}],"type":"pronunciation"},{"start_time":"59.79","end_time":"60.05","alternatives":[{"confidence":"0.9981","content":"있고"}],"type":"pronunciation"},{"start_time":"60.05","end_time":"60.22","alternatives":[{"confidence":"0.9798","content":"좀"}],"type":"pronunciation"},{"start_time":"60.22","end_time":"60.52","alternatives":[{"confidence":"0.9042","content":"줄어들"}],"type":"pronunciation"},{"start_time":"60.52","end_time":"60.69","alternatives":[{"confidence":"0.988","content":"수도"}],"type":"pronunciation"},{"start_time":"60.69","end_time":"61.12","alternatives":[{"confidence":"0.9889","content":"있습니다"}],"type":"pronunciation"},{"alternatives":[{"confidence":"0.0","content":"."}],"type":"punctuation"},{"start_time":"62.28","end_time":"62.74","alternatives":[{"confidence":"0.9996","content":"그리고"}],"type":"pronunciation"},{"start_time":"62.8","end_time":"62.95","alternatives":[{"confidence":"0.8123","content":"이"}],"type":"pronunciation"},{"start_time":"62.95","end_time":"63.67","alternatives":[{"confidence":"0.4514","content":"상품의"}],"type":"pronunciation"},{"start_time":"63.85","end_time":"64.69","alternatives":[{"confidence":"0.9999","content":"접수과정에서"}],"type":"pronunciation"},{"start_time":"64.69","end_time":"65.28","alternatives":[{"confidence":"0.8806333333333333","content":"서류들어가신"}],"type":"pronunciation"},{"start_time":"65.28","end_time":"65.35","alternatives":[{"confidence":"0.9614","content":"게"}],"type":"pronunciation"},{"start_time":"65.35","end_time":"66.01","alternatives":[{"confidence":"0.993","content":"없으세요"}],"type":"pronunciation"},{"alternatives":[{"confidence":"0.0","content":"."}],"type":"punctuation"},{"start_time":"66.29","end_time":"66.39","alternatives":[{"confidence":"0.6394","content":"그"}],"type":"pronunciation"},{"start_time":"66.39","end_time":"66.57","alternatives":[{"confidence":"0.9773","content":"다음에"}],"type":"pronunciation"},{"start_time":"66.57","end_time":"66.97","alternatives":[{"confidence":"1.0","content":"저희가"}],"type":"pronunciation"},{"start_time":"66.97","end_time":"67.55","alternatives":[{"confidence":"0.6152666666666666","content":"전화상으로도"}],"type":"pronunciation"},{"start_time":"67.55","end_time":"67.87","alternatives":[{"confidence":"0.9861","content":"상담이"}],"type":"pronunciation"},{"start_time":"67.87","end_time":"68.21","alternatives":[{"confidence":"0.9928","content":"가능한"}],"type":"pronunciation"},{"start_time":"68.21","end_time":"68.85","alternatives":[{"confidence":"0.99655","content":"거고요"}],"type":"pronunciation"},{"alternatives":[{"confidence":"0.0","content":"."}],"type":"punctuation"},{"start_time":"69.12","end_time":"69.54","alternatives":[{"confidence":"0.9541","content":"대신"}],"type":"pronunciation"},{"start_time":"69.54","end_time":"69.99","alternatives":[{"confidence":"0.9439","content":"제출하신"}],"type":"pronunciation"},{"start_time":"69.99","end_time":"70.08","alternatives":[{"confidence":"0.9994","content":"게"}],"type":"pronunciation"},{"start_time":"70.08","end_time":"70.31","alternatives":[{"confidence":"0.8919","content":"없다"}],"type":"pronunciation"},{"start_time":"70.31","end_time":"70.63","alternatives":[{"confidence":"1.0","content":"보니까"}],"type":"pronunciation"},{"start_time":"70.63","end_time":"70.92","alternatives":[{"confidence":"0.9845","content":"나중에"}],"type":"pronunciation"},{"start_time":"70.92","end_time":"71.36","alternatives":[{"confidence":"0.99015","content":"수령하실"}],"type":"pronunciation"},{"start_time":"71.36","end_time":"71.85","alternatives":[{"confidence":"0.9874","content":"때는"}],"type":"pronunciation"},{"start_time":"72.13","end_time":"72.54","alternatives":[{"confidence":"0.584","content":"께서"}],"type":"pronunciation"},{"start_time":"72.54","end_time":"72.97","alternatives":[{"confidence":"0.9989","content":"무조건"}],"type":"pronunciation"},{"start_time":"73.0","end_time":"73.35","alternatives":[{"confidence":"0.6313","content":"은행"}],"type":"pronunciation"},{"start_time":"73.35","end_time":"73.71","alternatives":[{"confidence":"0.295","content":"방문할"}],"type":"pronunciation"},{"start_time":"73.96","end_time":"74.42","alternatives":[{"confidence":"0.74945","content":"수령하시는"}],"type":"pronunciation"},{"start_time":"74.42","end_time":"74.69","alternatives":[{"confidence":"0.4141","content":"방법"}],"type":"pronunciation"},{"start_time":"76.35","end_time":"76.88","alternatives":[{"confidence":"1.0","content":"일단은"}],"type":"pronunciation"},{"start_time":"76.91","end_time":"77.12","alternatives":[{"confidence":"0.9928","content":"지금"}],"type":"pronunciation"},{"start_time":"77.12","end_time":"77.77","alternatives":[{"confidence":"0.7181500000000001","content":"자산관련해서"}],"type":"pronunciation"},{"start_time":"77.8","end_time":"78.4","alternatives":[{"confidence":"0.9981","content":"보증서"}],"type":"pronunciation"},{"start_time":"78.4","end_time":"78.64","alternatives":[{"confidence":"0.9773","content":"발행"}],"type":"pronunciation"},{"start_time":"78.64","end_time":"79.08","alternatives":[{"confidence":"0.9989","content":"조건으로"}],"type":"pronunciation"},{"start_time":"79.08","end_time":"79.42","alternatives":[{"confidence":"0.7438","content":"수락한"}],"type":"pronunciation"},{"start_time":"79.42","end_time":"79.6","alternatives":[{"confidence":"0.9936","content":"거기"}],"type":"pronunciation"},{"start_time":"79.6","end_time":"80.24","alternatives":[{"confidence":"1.0","content":"때문에"}],"type":"pronunciation"},{"start_time":"80.51","end_time":"80.61","alternatives":[{"confidence":"0.1997","content":"이"}],"type":"pronunciation"},{"start_time":"80.89","end_time":"81.68","alternatives":[{"confidence":"0.9883","content":"서류는"}],"type":"pronunciation"},{"start_time":"81.68","end_time":"81.8","alternatives":[{"confidence":"0.5738","content":"안"}],"type":"pronunciation"},{"start_time":"81.8","end_time":"82.43","alternatives":[{"confidence":"0.37429999999999997","content":"들어가지만"}],"type":"pronunciation"},{"start_time":"82.52","end_time":"83.11","alternatives":[{"confidence":"0.7845333333333334","content":"자산관리소"}],"type":"pronunciation"},{"start_time":"83.11","end_time":"83.52","alternatives":[{"confidence":"0.9547","content":"홈페이지"}],"type":"pronunciation"},{"start_time":"83.52","end_time":"83.74","alternatives":[{"confidence":"0.6134","content":"회원"}],"type":"pronunciation"},{"start_time":"83.74","end_time":"84.02","alternatives":[{"confidence":"0.81515","content":"가입은"}],"type":"pronunciation"},{"start_time":"84.02","end_time":"84.22","alternatives":[{"confidence":"0.9895","content":"따로"}],"type":"pronunciation"},{"start_time":"84.22","end_time":"84.59","alternatives":[{"confidence":"0.8729","content":"해주셔야"}],"type":"pronunciation"},{"start_time":"84.59","end_time":"84.89","alternatives":[{"confidence":"0.9291","content":"됩니다"}],"type":"pronunciation"},{"alternatives":[{"confidence":"0.0","content":"."}],"type":"punctuation"},{"start_time":"86.26","end_time":"86.56","alternatives":[{"confidence":"0.8165","content":"고객이"}],"type":"pronunciation"},{"start_time":"86.56","end_time":"86.75","alternatives":[{"confidence":"0.9981","content":"혹시"}],"type":"pronunciation"},{"start_time":"86.75","end_time":"87.43","alternatives":[{"confidence":"0.93435","content":"공인인증서"}],"type":"pronunciation"},{"start_time":"87.43","end_time":"87.78","alternatives":[{"confidence":"0.9737","content":"라고"}],"type":"pronunciation"},{"start_time":"87.78","end_time":"88.21","alternatives":[{"confidence":"0.95275","content":"사용하시는"}],"type":"pronunciation"},{"start_time":"88.21","end_time":"88.28","alternatives":[{"confidence":"0.9779","content":"거"}],"type":"pronunciation"},{"start_time":"88.28","end_time":"88.84","alternatives":[{"confidence":"1.0","content":"있으세요"}],"type":"pronunciation"},{"alternatives":[{"confidence":"0.0","content":"?"}],"type":"punctuation"},{"start_time":"90.04","end_time":"90.4","alternatives":[{"confidence":"0.9842","content":"그러시면"}],"type":"pronunciation"},{"start_time":"90.4","end_time":"90.56","alternatives":[{"confidence":"0.9967","content":"제가"}],"type":"pronunciation"},{"start_time":"90.56","end_time":"91.26","alternatives":[{"confidence":"1.0","content":"문자로"}],"type":"pronunciation"},{"start_time":"91.29","end_time":"91.47","alternatives":[{"confidence":"0.9049","content":"제"}],"type":"pronunciation"},{"start_time":"91.47","end_time":"92.11","alternatives":[{"confidence":"0.7785500000000001","content":"이름하고"}],"type":"pronunciation"},{"start_time":"92.11","end_time":"92.51","alternatives":[{"confidence":"0.7738","content":"전화번호"}],"type":"pronunciation"},{"start_time":"92.51","end_time":"92.75","alternatives":[{"confidence":"0.762","content":"같이"}],"type":"pronunciation"},{"start_time":"92.75","end_time":"93.19","alternatives":[{"confidence":"0.963","content":"해서"}],"type":"pronunciation"},{"start_time":"93.37","end_time":"94.54","alternatives":[{"confidence":"0.8069500000000001","content":"회원방법을"}],"type":"pronunciation"},{"start_time":"94.54","end_time":"94.83","alternatives":[{"confidence":"0.98805","content":"안내해"}],"type":"pronunciation"},{"start_time":"94.83","end_time":"95.0","alternatives":[{"confidence":"0.9935","content":"드릴"}],"type":"pronunciation"},{"start_time":"95.0","end_time":"95.47","alternatives":[{"confidence":"0.9558","content":"거예요"}],"type":"pronunciation"},{"alternatives":[{"confidence":"0.0","content":"."}],"type":"punctuation"},{"start_time":"95.94","end_time":"96.06","alternatives":[{"confidence":"0.9073","content":"이"}],"type":"pronunciation"},{"start_time":"96.06","end_time":"96.58","alternatives":[{"confidence":"0.6583","content":"부분"}],"type":"pronunciation"},{"start_time":"96.58","end_time":"97.07","alternatives":[{"confidence":"0.9724","content":"지금"}],"type":"pronunciation"},{"start_time":"97.07","end_time":"97.49","alternatives":[{"confidence":"0.9895499999999999","content":"해주셔도"}],"type":"pronunciation"},{"start_time":"97.49","end_time":"97.84","alternatives":[{"confidence":"0.9994","content":"되고"}],"type":"pronunciation"},{"start_time":"97.84","end_time":"98.14","alternatives":[{"confidence":"1.0","content":"아니면"}],"type":"pronunciation"},{"start_time":"98.14","end_time":"98.79","alternatives":[{"confidence":"0.9964","content":"퇴근후에"}],"type":"pronunciation"},{"start_time":"98.82","end_time":"99.38","alternatives":[{"confidence":"0.9959","content":"집에"}],"type":"pronunciation"},{"start_time":"99.38","end_time":"99.85","alternatives":[{"confidence":"0.9998","content":"가셔서"}],"type":"pronunciation"},{"start_time":"99.88","end_time":"100.12","alternatives":[{"confidence":"0.8441","content":"하셔도"}],"type":"pronunciation"},{"start_time":"100.12","end_time":"100.84","alternatives":[{"confidence":"0.26644999999999996","content":"상관없고요"}],"type":"pronunciation"},{"start_time":"101.26","end_time":"102.29","alternatives":[{"confidence":"0.6593","content":"주말중으로만"}],"type":"pronunciation"},{"start_time":"102.29","end_time":"102.76","alternatives":[{"confidence":"0.2962666666666667","content":"회원감만"}],"type":"pronunciation"},{"start_time":"102.76","end_time":"103.48","alternatives":[{"confidence":"0.58605","content":"완료해주시고"}],"type":"pronunciation"},{"start_time":"103.48","end_time":"104.0","alternatives":[{"confidence":"0.8098000000000001","content":"연락주시면"}],"type":"pronunciation"},{"start_time":"104.0","end_time":"104.54","alternatives":[{"confidence":"1.0","content":"되세요"}],"type":"pronunciation"},{"alternatives":[{"confidence":"0.0","content":"."}],"type":"punctuation"},{"start_time":"105.76","end_time":"106.04","alternatives":[{"confidence":"0.996","content":"그리고"}],"type":"pronunciation"},{"start_time":"106.04","end_time":"106.42","alternatives":[{"confidence":"1.0","content":"저희가"}],"type":"pronunciation"},{"start_time":"106.42","end_time":"107.13","alternatives":[{"confidence":"0.8189","content":"상담업무는"}],"type":"pronunciation"},{"start_time":"107.13","end_time":"107.36","alternatives":[{"confidence":"1.0","content":"오후"}],"type":"pronunciation"},{"start_time":"107.36","end_time":"107.6","alternatives":[{"confidence":"0.8634","content":"6"}],"type":"pronunciation"},{"start_time":"107.6","end_time":"107.93","alternatives":[{"confidence":"0.9419","content":"시까지"}],"type":"pronunciation"},{"start_time":"107.93","end_time":"108.31","alternatives":[{"confidence":"0.3703","content":"니깐요"}],"type":"pronunciation"},{"start_time":"108.31","end_time":"108.62","alternatives":[{"confidence":"0.9979","content":"혹시"}],"type":"pronunciation"},{"start_time":"108.83","end_time":"109.31","alternatives":[{"confidence":"0.94845","content":"궁금하신"}],"type":"pronunciation"},{"start_time":"109.31","end_time":"109.39","alternatives":[{"confidence":"0.8951","content":"거"}],"type":"pronunciation"},{"start_time":"109.39","end_time":"109.64","alternatives":[{"confidence":"1.0","content":"있으면"}],"type":"pronunciation"},{"start_time":"109.64","end_time":"110.0","alternatives":[{"confidence":"1.0","content":"언제든지"}],"type":"pronunciation"},{"start_time":"110.0","end_time":"110.72","alternatives":[{"confidence":"0.9386666666666666","content":"전화주시고요"}],"type":"pronunciation"},{"alternatives":[{"confidence":"0.0","content":"."}],"type":"punctuation"},{"start_time":"112.71","end_time":"113.14","alternatives":[{"confidence":"0.8293","content":"핸드폰"}],"type":"pronunciation"},{"start_time":"113.14","end_time":"113.67","alternatives":[{"confidence":"0.994","content":"번호는"}],"type":"pronunciation"},{"start_time":"113.67","end_time":"113.96","alternatives":[{"confidence":"0.9739","content":"공개를"}],"type":"pronunciation"},{"start_time":"113.96","end_time":"114.11","alternatives":[{"confidence":"0.9531","content":"못"}],"type":"pronunciation"},{"start_time":"114.12","end_time":"114.67","alternatives":[{"confidence":"0.8738","content":"해드려요"}],"type":"pronunciation"},{"alternatives":[{"confidence":"0.0","content":"."}],"type":"punctuation"},{"start_time":"115.33","end_time":"115.87","alternatives":[{"confidence":"0.22039999999999998","content":"고래고기"}],"type":"pronunciation"},{"start_time":"116.05","end_time":"116.56","alternatives":[{"confidence":"0.9983","content":"거래하시는"}],"type":"pronunciation"},{"start_time":"116.59","end_time":"116.87","alternatives":[{"confidence":"0.6435","content":"은행에"}],"type":"pronunciation"},{"start_time":"117.46","end_time":"117.79","alternatives":[{"confidence":"0.7187","content":"한번"}],"type":"pronunciation"},{"start_time":"118.33","end_time":"118.54","alternatives":[{"confidence":"0.3997","content":"뭐"}],"type":"pronunciation"},{"start_time":"118.74","end_time":"119.27","alternatives":[{"confidence":"0.88585","content":"가까운데"}],"type":"pronunciation"},{"start_time":"119.27","end_time":"119.67","alternatives":[{"confidence":"0.9628","content":"아무데나"}],"type":"pronunciation"},{"start_time":"119.67","end_time":"120.42","alternatives":[{"confidence":"0.99265","content":"방문하셔서"}],"type":"pronunciation"},{"start_time":"120.42","end_time":"120.99","alternatives":[{"confidence":"0.62765","content":"대출쪽"}],"type":"pronunciation"},{"start_time":"120.99","end_time":"121.33","alternatives":[{"confidence":"0.97725","content":"가셔서"}],"type":"pronunciation"},{"start_time":"121.33","end_time":"121.52","alternatives":[{"confidence":"0.8742","content":"한번"}],"type":"pronunciation"},{"start_time":"121.52","end_time":"121.82","alternatives":[{"confidence":"1.0","content":"보시면"}],"type":"pronunciation"},{"start_time":"121.82","end_time":"122.44","alternatives":[{"confidence":"1.0","content":"아시겠지만"}],"type":"pronunciation"},{"start_time":"122.68","end_time":"123.41","alternatives":[{"confidence":"0.9335","content":"명함에"}],"type":"pronunciation"},{"start_time":"123.41","end_time":"123.78","alternatives":[{"confidence":"0.9704","content":"핸드폰"}],"type":"pronunciation"},{"start_time":"123.78","end_time":"124.02","alternatives":[{"confidence":"0.7809","content":"번호"}],"type":"pronunciation"},{"start_time":"124.02","end_time":"124.23","alternatives":[{"confidence":"0.68","content":"같은"}],"type":"pronunciation"},{"start_time":"124.23","end_time":"124.34","alternatives":[{"confidence":"0.4544","content":"건"}],"type":"pronunciation"},{"start_time":"124.34","end_time":"124.65","alternatives":[{"confidence":"0.99395","content":"공개를"}],"type":"pronunciation"},{"start_time":"124.65","end_time":"124.79","alternatives":[{"confidence":"0.9627","content":"못"}],"type":"pronunciation"},{"start_time":"124.79","end_time":"125.21","alternatives":[{"confidence":"0.5659999999999998","content":"해드리게"}],"type":"pronunciation"},{"start_time":"125.21","end_time":"125.33","alternatives":[{"confidence":"0.5832","content":"되어"}],"type":"pronunciation"},{"start_time":"125.33","end_time":"125.85","alternatives":[{"confidence":"0.9115","content":"있어요"}],"type":"pronunciation"},{"alternatives":[{"confidence":"0.0","content":"."}],"type":"punctuation"},{"start_time":"126.48","end_time":"126.92","alternatives":[{"confidence":"0.9997","content":"왜냐하면"}],"type":"pronunciation"},{"start_time":"126.92","end_time":"127.16","alternatives":[{"confidence":"1.0","content":"특히"}],"type":"pronunciation"},{"start_time":"127.16","end_time":"127.23","alternatives":[{"confidence":"0.7155","content":"이"}],"type":"pronunciation"},{"start_time":"127.23","end_time":"127.52","alternatives":[{"confidence":"0.7327","content":"상품"}],"type":"pronunciation"},{"start_time":"127.52","end_time":"127.75","alternatives":[{"confidence":"0.9708","content":"같은"}],"type":"pronunciation"},{"start_time":"127.75","end_time":"127.94","alternatives":[{"confidence":"0.9254","content":"경우"}],"type":"pronunciation"},{"start_time":"127.94","end_time":"128.23","alternatives":[{"confidence":"0.8152","content":"정부"}],"type":"pronunciation"},{"start_time":"128.23","end_time":"129.53","alternatives":[{"confidence":"0.94225","content":"지원금상품"}],"type":"pronunciation"},{"start_time":"129.53","end_time":"129.78","alternatives":[{"confidence":"0.9689","content":"같은"}],"type":"pronunciation"},{"start_time":"129.78","end_time":"130.1","alternatives":[{"confidence":"0.8359","content":"경우"}],"type":"pronunciation"},{"start_time":"130.13","end_time":"130.69","alternatives":[{"confidence":"0.7128","content":"홍보같은"}],"type":"pronunciation"},{"start_time":"130.69","end_time":"130.8","alternatives":[{"confidence":"0.8584","content":"걸"}],"type":"pronunciation"},{"start_time":"130.8","end_time":"130.9","alternatives":[{"confidence":"0.8106","content":"안"}],"type":"pronunciation"},{"start_time":"130.9","end_time":"131.08","alternatives":[{"confidence":"0.9861","content":"하기"}],"type":"pronunciation"},{"start_time":"131.08","end_time":"131.68","alternatives":[{"confidence":"0.9987","content":"때문에"}],"type":"pronunciation"},{"start_time":"131.89","end_time":"132.37","alternatives":[{"confidence":"0.9698","content":"고객님들이"}],"type":"pronunciation"},{"start_time":"132.37","end_time":"132.55","alternatives":[{"confidence":"0.9965","content":"잘"}],"type":"pronunciation"},{"start_time":"132.55","end_time":"132.97","alternatives":[{"confidence":"0.99985","content":"모르세요"}],"type":"pronunciation"},{"alternatives":[{"confidence":"0.0","content":"."}],"type":"punctuation"},{"start_time":"132.97","end_time":"133.7","alternatives":[{"confidence":"1.0","content":"정확하게"}],"type":"pronunciation"},{"alternatives":[{"confidence":"0.0","content":"."}],"type":"punctuation"},{"start_time":"134.05","end_time":"134.36","alternatives":[{"confidence":"0.9812","content":"그래서"}],"type":"pronunciation"},{"start_time":"134.73","end_time":"135.18","alternatives":[{"confidence":"1.0","content":"특히"}],"type":"pronunciation"},{"start_time":"135.18","end_time":"135.28","alternatives":[{"confidence":"0.8105","content":"이"}],"type":"pronunciation"},{"start_time":"135.28","end_time":"135.57","alternatives":[{"confidence":"0.7145","content":"상품"}],"type":"pronunciation"},{"start_time":"135.57","end_time":"135.8","alternatives":[{"confidence":"0.9698","content":"같은"}],"type":"pronunciation"},{"start_time":"135.8","end_time":"136.15","alternatives":[{"confidence":"0.9851","content":"경우는"}],"type":"pronunciation"},{"start_time":"136.15","end_time":"136.66","alternatives":[{"confidence":"0.9979","content":"보증서"}],"type":"pronunciation"},{"start_time":"136.66","end_time":"136.91","alternatives":[{"confidence":"0.9662","content":"발행"}],"type":"pronunciation"},{"start_time":"136.91","end_time":"137.17","alternatives":[{"confidence":"0.8610500000000001","content":"되실"}],"type":"pronunciation"},{"start_time":"137.17","end_time":"137.65","alternatives":[{"confidence":"0.9465","content":"때"}],"type":"pronunciation"},{"start_time":"137.68","end_time":"137.87","alternatives":[{"confidence":"0.4692","content":"사실"}],"type":"pronunciation"},{"start_time":"137.87","end_time":"138.23","alternatives":[{"confidence":"0.9999","content":"수수료가"}],"type":"pronunciation"},{"start_time":"138.23","end_time":"139.38","alternatives":[{"confidence":"0.9920333333333334","content":"발생되거든요"}],"type":"pronunciation"},{"alternatives":[{"confidence":"0.0","content":"."}],"type":"punctuation"},{"start_time":"139.62","end_time":"140.08","alternatives":[{"confidence":"0.9971","content":"이게"}],"type":"pronunciation"},{"start_time":"140.4","end_time":"141.09","alternatives":[{"confidence":"0.99615","content":"고객님이"}],"type":"pronunciation"},{"start_time":"141.09","end_time":"141.57","alternatives":[{"confidence":"0.97","content":"직접"}],"type":"pronunciation"},{"start_time":"141.77","end_time":"142.4","alternatives":[{"confidence":"0.85325","content":"자산관련해서"}],"type":"pronunciation"},{"start_time":"142.4","end_time":"142.68","alternatives":[{"confidence":"0.9887","content":"직접"}],"type":"pronunciation"},{"start_time":"142.68","end_time":"143.13","alternatives":[{"confidence":"0.99535","content":"진행하시면"}],"type":"pronunciation"},{"start_time":"143.13","end_time":"144.18","alternatives":[{"confidence":"0.8592","content":"고객님부담이신데"}],"type":"pronunciation"},{"start_time":"144.24","end_time":"144.62","alternatives":[{"confidence":"0.8229","content":"은행"}],"type":"pronunciation"},{"start_time":"144.62","end_time":"144.92","alternatives":[{"confidence":"0.9901","content":"통해서"}],"type":"pronunciation"},{"start_time":"144.92","end_time":"145.17","alternatives":[{"confidence":"0.8352","content":"하실"}],"type":"pronunciation"},{"start_time":"145.17","end_time":"145.53","alternatives":[{"confidence":"0.9488","content":"경우에는"}],"type":"pronunciation"},{"start_time":"145.53","end_time":"145.82","alternatives":[{"confidence":"0.71475","content":"고개인"}],"type":"pronunciation"},{"start_time":"145.82","end_time":"146.12","alternatives":[{"confidence":"0.9983","content":"부담이"}],"type":"pronunciation"},{"start_time":"146.12","end_time":"147.06","alternatives":[{"confidence":"0.9773666666666667","content":"아니시거든요"}],"type":"pronunciation"},{"alternatives":[{"confidence":"0.0","content":"."}],"type":"punctuation"},{"start_time":"147.24","end_time":"147.43","alternatives":[{"confidence":"0.635","content":"근데"}],"type":"pronunciation"},{"start_time":"147.43","end_time":"147.63","alternatives":[{"confidence":"0.9998","content":"이런"}],"type":"pronunciation"},{"start_time":"147.63","end_time":"147.94","alternatives":[{"confidence":"0.9999","content":"부분을"}],"type":"pronunciation"},{"start_time":"147.94","end_time":"148.1","alternatives":[{"confidence":"0.9999","content":"잘"}],"type":"pronunciation"},{"start_time":"148.1","end_time":"148.6","alternatives":[{"confidence":"0.9996","content":"모르시니까"}],"type":"pronunciation"},{"start_time":"148.6","end_time":"149.37","alternatives":[{"confidence":"0.47514999999999996","content":"공인들은"}],"type":"pronunciation"},{"start_time":"149.64","end_time":"150.66","alternatives":[{"confidence":"1.0","content":"예전에"}],"type":"pronunciation"},{"start_time":"150.69","end_time":"150.98","alternatives":[{"confidence":"0.7801","content":"그"}],"type":"pronunciation"},{"start_time":"151.13","end_time":"151.61","alternatives":[{"confidence":"0.7301","content":"상담사"}],"type":"pronunciation"},{"start_time":"151.61","end_time":"151.78","alternatives":[{"confidence":"0.9586","content":"분"}],"type":"pronunciation"},{"start_time":"151.78","end_time":"152.04","alternatives":[{"confidence":"0.9999","content":"중에서"}],"type":"pronunciation"},{"start_time":"152.04","end_time":"152.18","alternatives":[{"confidence":"0.8788","content":"한"}],"type":"pronunciation"},{"start_time":"152.18","end_time":"152.81","alternatives":[{"confidence":"1.0","content":"분이"}],"type":"pronunciation"},{"start_time":"153.0","end_time":"153.21","alternatives":[{"confidence":"0.6765","content":"그런"}],"type":"pronunciation"},{"start_time":"153.21","end_time":"153.36","alternatives":[{"confidence":"0.675","content":"걸"}],"type":"pronunciation"},{"start_time":"153.36","end_time":"153.52","alternatives":[{"confidence":"0.9977","content":"잘"}],"type":"pronunciation"},{"start_time":"153.52","end_time":"154.11","alternatives":[{"confidence":"0.9997","content":"모르시니까"}],"type":"pronunciation"},{"start_time":"154.11","end_time":"154.27","alternatives":[{"confidence":"0.9977","content":"좀"}],"type":"pronunciation"},{"start_time":"154.27","end_time":"154.7","alternatives":[{"confidence":"0.99055","content":"악용을"}],"type":"pronunciation"},{"start_time":"154.7","end_time":"155.25","alternatives":[{"confidence":"0.9979","content":"해서"}],"type":"pronunciation"},{"start_time":"156.137","end_time":"156.627","alternatives":[{"confidence":"0.6497","content":"최순승인"}],"type":"pronunciation"},{"start_time":"156.627","end_time":"157.057","alternatives":[{"confidence":"0.60825","content":"나셨는데"}],"type":"pronunciation"},{"start_time":"157.057","end_time":"157.247","alternatives":[{"confidence":"0.9205","content":"이제"}],"type":"pronunciation"},{"start_time":"157.397","end_time":"159.077","alternatives":[{"confidence":"0.6847","content":"보증수수료계좌로"}],"type":"pronunciation"},{"start_time":"159.077","end_time":"159.977","alternatives":[{"confidence":"0.6843333333333333","content":"보내주셔야지"}],"type":"pronunciation"},{"start_time":"160.257","end_time":"160.607","alternatives":[{"confidence":"0.96115","content":"수령이"}],"type":"pronunciation"},{"start_time":"160.607","end_time":"161.207","alternatives":[{"confidence":"0.9453","content":"가능하십니다"}],"type":"pronunciation"},{"start_time":"161.207","end_time":"161.587","alternatives":[{"confidence":"0.9816","content":"이렇게"}],"type":"pronunciation"},{"start_time":"161.587","end_time":"161.967","alternatives":[{"confidence":"0.9817","content":"해서"}],"type":"pronunciation"},{"start_time":"162.177","end_time":"163.177","alternatives":[{"confidence":"0.9915499999999999","content":"받으신"}],"type":"pronunciation"},{"start_time":"163.417","end_time":"163.597","alternatives":[{"confidence":"0.9926","content":"적이"}],"type":"pronunciation"},{"start_time":"163.597","end_time":"164.317","alternatives":[{"confidence":"0.9962","content":"있어요"}],"type":"pronunciation"},{"alternatives":[{"confidence":"0.0","content":"."}],"type":"punctuation"},{"start_time":"164.407","end_time":"164.687","alternatives":[{"confidence":"1.0","content":"그래서"}],"type":"pronunciation"},{"start_time":"164.687","end_time":"164.887","alternatives":[{"confidence":"0.5346","content":"좀"}],"type":"pronunciation"},{"start_time":"164.887","end_time":"165.167","alternatives":[{"confidence":"0.9935","content":"이게"}],"type":"pronunciation"},{"start_time":"165.607","end_time":"165.797","alternatives":[{"confidence":"0.9984","content":"좀"}],"type":"pronunciation"},{"start_time":"165.797","end_time":"167.017","alternatives":[{"confidence":"0.57425","content":"감사권에"}],"type":"pronunciation"},{"start_time":"167.047","end_time":"167.587","alternatives":[{"confidence":"0.9996","content":"걸리는"}],"type":"pronunciation"},{"start_time":"167.587","end_time":"167.897","alternatives":[{"confidence":"1.0","content":"경우도"}],"type":"pronunciation"},{"start_time":"167.897","end_time":"168.187","alternatives":[{"confidence":"0.9934","content":"많이"}],"type":"pronunciation"},{"start_time":"168.187","end_time":"168.577","alternatives":[{"confidence":"0.9929","content":"있어서"}],"type":"pronunciation"},{"start_time":"168.577","end_time":"168.937","alternatives":[{"confidence":"0.7975","content":"핸드폰"}],"type":"pronunciation"},{"start_time":"168.937","end_time":"169.357","alternatives":[{"confidence":"0.9832","content":"번호는"}],"type":"pronunciation"},{"start_time":"169.657","end_time":"169.867","alternatives":[{"confidence":"0.9748","content":"따로"}],"type":"pronunciation"},{"start_time":"169.867","end_time":"170.107","alternatives":[{"confidence":"1.0","content":"저희가"}],"type":"pronunciation"},{"start_time":"170.107","end_time":"170.417","alternatives":[{"confidence":"0.9779500000000001","content":"공개를"}],"type":"pronunciation"},{"start_time":"170.417","end_time":"170.627","alternatives":[{"confidence":"0.7768","content":"해줄"}],"type":"pronunciation"},{"start_time":"170.627","end_time":"170.767","alternatives":[{"confidence":"0.8102","content":"수"}],"type":"pronunciation"},{"start_time":"170.767","end_time":"171.147","alternatives":[{"confidence":"0.9999","content":"없어요"}],"type":"pronunciation"},{"alternatives":[{"confidence":"0.0","content":"."}],"type":"punctuation"},{"start_time":"171.567","end_time":"172.007","alternatives":[{"confidence":"0.1012","content":"하게"}],"type":"pronunciation"},{"start_time":"172.307","end_time":"173.047","alternatives":[{"confidence":"0.87755","content":"진행끝난"}],"type":"pronunciation"},{"start_time":"173.047","end_time":"173.747","alternatives":[{"confidence":"0.9988","content":"다음에"}],"type":"pronunciation"},{"start_time":"174.187","end_time":"174.567","alternatives":[{"confidence":"0.928","content":"그때는"}],"type":"pronunciation"},{"start_time":"174.567","end_time":"174.927","alternatives":[{"confidence":"0.99505","content":"공개가"}],"type":"pronunciation"},{"start_time":"174.927","end_time":"175.767","alternatives":[{"confidence":"0.9995","content":"가능하거든요"}],"type":"pronunciation"},{"start_time":"175.887","end_time":"176.297","alternatives":[{"confidence":"0.989","content":"그러면"}],"type":"pronunciation"},{"start_time":"176.297","end_time":"177.237","alternatives":[{"confidence":"0.9134","content":"고객님핸드폰"}],"type":"pronunciation"},{"start_time":"177.237","end_time":"177.807","alternatives":[{"confidence":"0.7308","content":"번호"}],"type":"pronunciation"},{"start_time":"178.207","end_time":"178.497","alternatives":[{"confidence":"0.9914","content":"가지고"}],"type":"pronunciation"},{"start_time":"178.497","end_time":"179.117","alternatives":[{"confidence":"0.55455","content":"계시했다가"}],"type":"pronunciation"},{"start_time":"179.117","end_time":"179.407","alternatives":[{"confidence":"0.9999","content":"나중에"}],"type":"pronunciation"},{"start_time":"179.407","end_time":"179.617","alternatives":[{"confidence":"1.0","content":"혹시"}],"type":"pronunciation"},{"start_time":"179.617","end_time":"179.817","alternatives":[{"confidence":"0.9912","content":"뭐"}],"type":"pronunciation"},{"start_time":"179.847","end_time":"180.527","alternatives":[{"confidence":"0.7658499999999999","content":"대출적으로"}],"type":"pronunciation"},{"start_time":"180.527","end_time":"180.677","alternatives":[{"confidence":"0.7564","content":"뭐"}],"type":"pronunciation"},{"start_time":"181.067","end_time":"181.557","alternatives":[{"confidence":"0.97235","content":"진행하실"}],"type":"pronunciation"},{"start_time":"181.557","end_time":"182.187","alternatives":[{"confidence":"1.0","content":"있거나"}],"type":"pronunciation"},{"start_time":"182.187","end_time":"182.457","alternatives":[{"confidence":"0.4439","content":"먹고"}],"type":"pronunciation"},{"start_time":"182.457","end_time":"182.657","alternatives":[{"confidence":"0.6202","content":"하신"}],"type":"pronunciation"},{"start_time":"182.657","end_time":"182.727","alternatives":[{"confidence":"0.9033","content":"거"}],"type":"pronunciation"},{"start_time":"182.727","end_time":"183.217","alternatives":[{"confidence":"1.0","content":"있으면"}],"type":"pronunciation"},{"start_time":"183.217","end_time":"184.027","alternatives":[{"confidence":"0.83945","content":"연락주시면"}],"type":"pronunciation"},{"alternatives":[{"confidence":"0.0","content":"."}],"type":"punctuation"},{"start_time":"184.154","end_time":"184.394","alternatives":[{"confidence":"0.4162","content":"그러니까"}],"type":"pronunciation"},{"start_time":"184.924","end_time":"185.354","alternatives":[{"confidence":"0.7955000000000001","content":"상담으로"}],"type":"pronunciation"},{"start_time":"185.354","end_time":"185.654","alternatives":[{"confidence":"0.9594","content":"도와줄"}],"type":"pronunciation"},{"start_time":"185.654","end_time":"185.824","alternatives":[{"confidence":"0.4251","content":"수도"}],"type":"pronunciation"},{"start_time":"185.824","end_time":"186.164","alternatives":[{"confidence":"1.0","content":"있죠"}],"type":"pronunciation"},{"alternatives":[{"confidence":"0.0","content":"."}],"type":"punctuation"},{"start_time":"187.364","end_time":"187.714","alternatives":[{"confidence":"0.9818","content":"저는"}],"type":"pronunciation"},{"start_time":"187.714","end_time":"188.354","alternatives":[{"confidence":"0.7778","content":"오종태"}],"type":"pronunciation"},{"start_time":"188.354","end_time":"189.194","alternatives":[{"confidence":"0.7789","content":"상담사고요"}],"type":"pronunciation"},{"start_time":"189.624","end_time":"189.714","alternatives":[{"confidence":"0.1107","content":"또"}],"type":"pronunciation"},{"start_time":"189.714","end_time":"190.164","alternatives":[{"confidence":"0.5507","content":"같이"}],"type":"pronunciation"},{"start_time":"190.164","end_time":"190.464","alternatives":[{"confidence":"0.97715","content":"안내해"}],"type":"pronunciation"},{"start_time":"190.464","end_time":"190.624","alternatives":[{"confidence":"0.9222","content":"드릴"}],"type":"pronunciation"},{"start_time":"190.624","end_time":"191.144","alternatives":[{"confidence":"0.9730000000000001","content":"거고요"}],"type":"pronunciation"},{"alternatives":[{"confidence":"0.0","content":"."}],"type":"punctuation"},{"start_time":"192.594","end_time":"192.934","alternatives":[{"confidence":"0.8772","content":"예"}],"type":"pronunciation"},{"alternatives":[{"confidence":"0.0","content":"."}],"type":"punctuation"},{"start_time":"193.044","end_time":"193.364","alternatives":[{"confidence":"0.9808","content":"지금"}],"type":"pronunciation"},{"start_time":"193.364","end_time":"193.684","alternatives":[{"confidence":"0.9926","content":"제가"}],"type":"pronunciation"},{"start_time":"193.724","end_time":"194.884","alternatives":[{"confidence":"0.92005","content":"말말했던"}],"type":"pronunciation"},{"start_time":"194.884","end_time":"195.074","alternatives":[{"confidence":"0.9894","content":"대로"}],"type":"pronunciation"},{"start_time":"195.074","end_time":"196.004","alternatives":[{"confidence":"0.79295","content":"상담저는"}],"type":"pronunciation"},{"start_time":"196.004","end_time":"196.724","alternatives":[{"confidence":"0.8377","content":"대출상담사"}],"type":"pronunciation"},{"start_time":"196.724","end_time":"196.844","alternatives":[{"confidence":"0.7804","content":"기"}],"type":"pronunciation"},{"start_time":"196.844","end_time":"197.334","alternatives":[{"confidence":"0.9974","content":"때문에"}],"type":"pronunciation"},{"start_time":"197.544","end_time":"198.174","alternatives":[{"confidence":"1.0","content":"현재는"}],"type":"pronunciation"},{"start_time":"198.174","end_time":"198.554","alternatives":[{"confidence":"0.79765","content":"농협의"}],"type":"pronunciation"},{"start_time":"198.554","end_time":"198.984","alternatives":[{"confidence":"1.0","content":"있지만"}],"type":"pronunciation"},{"start_time":"198.984","end_time":"199.474","alternatives":[{"confidence":"1.0","content":"나중에는"}],"type":"pronunciation"},{"start_time":"199.534","end_time":"200.114","alternatives":[{"confidence":"0.4365333333333334","content":"신한능이"}],"type":"pronunciation"},{"start_time":"200.114","end_time":"200.324","alternatives":[{"confidence":"0.9848","content":"있을"}],"type":"pronunciation"},{"start_time":"200.324","end_time":"200.484","alternatives":[{"confidence":"0.9999","content":"수도"}],"type":"pronunciation"},{"start_time":"200.484","end_time":"200.924","alternatives":[{"confidence":"0.9999","content":"있고"}],"type":"pronunciation"},{"start_time":"200.924","end_time":"201.134","alternatives":[{"confidence":"0.1015","content":"아니면"}],"type":"pronunciation"},{"start_time":"201.574","end_time":"201.774","alternatives":[{"confidence":"0.9416","content":"있을"}],"type":"pronunciation"},{"start_time":"201.774","end_time":"201.934","alternatives":[{"confidence":"0.9994","content":"수도"}],"type":"pronunciation"},{"start_time":"201.934","end_time":"203.204","alternatives":[{"confidence":"1.0","content":"있거든요"}],"type":"pronunciation"},{"alternatives":[{"confidence":"0.0","content":"."}],"type":"punctuation"},{"start_time":"203.414","end_time":"203.644","alternatives":[{"confidence":"0.9942","content":"그렇기"}],"type":"pronunciation"},{"start_time":"203.644","end_time":"204.224","alternatives":[{"confidence":"0.9998","content":"때문에"}],"type":"pronunciation"},{"start_time":"204.254","end_time":"204.554","alternatives":[{"confidence":"0.9661","content":"뭐"}],"type":"pronunciation"},{"start_time":"204.994","end_time":"205.954","alternatives":[{"confidence":"0.8405","content":"대출쪽이나"}],"type":"pronunciation"},{"start_time":"205.954","end_time":"206.084","alternatives":[{"confidence":"0.6835","content":"뭐"}],"type":"pronunciation"},{"start_time":"206.094","end_time":"206.284","alternatives":[{"confidence":"0.9932","content":"이런"}],"type":"pronunciation"},{"start_time":"206.284","end_time":"207.414","alternatives":[{"confidence":"0.64635","content":"부분알아볼"}],"type":"pronunciation"},{"start_time":"207.414","end_time":"207.904","alternatives":[{"confidence":"0.9849","content":"때"}],"type":"pronunciation"},{"start_time":"207.904","end_time":"208.184","alternatives":[{"confidence":"0.9898","content":"먼저"}],"type":"pronunciation"},{"start_time":"208.184","end_time":"208.684","alternatives":[{"confidence":"0.6671","content":"알아보시지"}],"type":"pronunciation"},{"start_time":"208.684","end_time":"209.084","alternatives":[{"confidence":"0.9981","content":"말고"}],"type":"pronunciation"},{"start_time":"209.084","end_time":"209.334","alternatives":[{"confidence":"0.996","content":"먼저"}],"type":"pronunciation"},{"start_time":"209.334","end_time":"209.614","alternatives":[{"confidence":"0.9997","content":"저한테"}],"type":"pronunciation"},{"start_time":"209.614","end_time":"210.424","alternatives":[{"confidence":"0.6557","content":"말씀해주시면"}],"type":"pronunciation"},{"start_time":"210.564","end_time":"210.764","alternatives":[{"confidence":"0.9989","content":"제가"}],"type":"pronunciation"},{"start_time":"210.764","end_time":"212.004","alternatives":[{"confidence":"0.9995","content":"고객님조건에"}],"type":"pronunciation"},{"start_time":"212.004","end_time":"212.344","alternatives":[{"confidence":"0.9985","content":"맞는"}],"type":"pronunciation"},{"start_time":"212.344","end_time":"212.674","alternatives":[{"confidence":"0.8883","content":"상품이"}],"type":"pronunciation"},{"start_time":"212.674","end_time":"213.01","alternatives":[{"confidence":"0.8363","content":"있는지"}],"type":"pronunciation"},{"start_time":"213.081","end_time":"213.341","alternatives":[{"confidence":"0.9927","content":"먼저"}],"type":"pronunciation"},{"start_time":"213.341","end_time":"213.681","alternatives":[{"confidence":"0.9957","content":"확인을"}],"type":"pronunciation"},{"start_time":"213.681","end_time":"213.931","alternatives":[{"confidence":"0.84795","content":"해드릴"}],"type":"pronunciation"},{"start_time":"213.931","end_time":"214.111","alternatives":[{"confidence":"0.8878","content":"수가"}],"type":"pronunciation"},{"start_time":"214.111","end_time":"214.471","alternatives":[{"confidence":"1.0","content":"있죠"}],"type":"pronunciation"},{"alternatives":[{"confidence":"0.0","content":"."}],"type":"punctuation"},{"start_time":"215.471","end_time":"215.711","alternatives":[{"confidence":"1.0","content":"일단"}],"type":"pronunciation"},{"start_time":"215.711","end_time":"215.851","alternatives":[{"confidence":"0.9498","content":"제가"}],"type":"pronunciation"},{"start_time":"215.851","end_time":"216.091","alternatives":[{"confidence":"0.5728","content":"문자"}],"type":"pronunciation"},{"start_time":"216.091","end_time":"216.291","alternatives":[{"confidence":"0.9237","content":"바로"}],"type":"pronunciation"},{"start_time":"216.291","end_time":"217.001","alternatives":[{"confidence":"0.7044","content":"안내해드리겠습니다"}],"type":"pronunciation"},{"start_time":"217.761","end_time":"217.991","alternatives":[{"confidence":"0.1729","content":"중앙"}],"type":"pronunciation"},{"start_time":"219.061","end_time":"220.031","alternatives":[{"confidence":"0.76285","content":"중앙로만"}],"type":"pronunciation"},{"alternatives":[{"confidence":"0.0","content":"."}],"type":"punctuation"},{"start_time":"220.031","end_time":"220.361","alternatives":[{"confidence":"0.8472","content":"가난한"}],"type":"pronunciation"},{"start_time":"221.781","end_time":"223.401","alternatives":[{"confidence":"0.39703333333333335","content":"농협중앙회는"}],"type":"pronunciation"},{"start_time":"223.401","end_time":"223.551","alternatives":[{"confidence":"0.0289","content":"일"}],"type":"pronunciation"},{"start_time":"223.551","end_time":"224.471","alternatives":[{"confidence":"0.1688","content":"금융권이고"}],"type":"pronunciation"},{"start_time":"224.991","end_time":"225.121","alternatives":[{"confidence":"0.325","content":"이"}],"type":"pronunciation"},{"start_time":"225.121","end_time":"225.751","alternatives":[{"confidence":"0.51725","content":"금융권이기"}],"type":"pronunciation"},{"start_time":"225.751","end_time":"226.551","alternatives":[{"confidence":"0.9988","content":"때문에요"}],"type":"pronunciation"},{"alternatives":[{"confidence":"0.0","content":"."}],"type":"punctuation"},{"start_time":"227.181","end_time":"227.551","alternatives":[{"confidence":"0.9627","content":"에서는"}],"type":"pronunciation"},{"start_time":"227.551","end_time":"227.641","alternatives":[{"confidence":"0.7422","content":"이"}],"type":"pronunciation"},{"start_time":"227.641","end_time":"227.941","alternatives":[{"confidence":"0.9262","content":"상품에"}],"type":"pronunciation"},{"start_time":"227.941","end_time":"228.121","alternatives":[{"confidence":"0.8892","content":"대해서"}],"type":"pronunciation"},{"start_time":"228.121","end_time":"228.881","alternatives":[{"confidence":"0.7758499999999999","content":"모르세요"}],"type":"pronunciation"},{"alternatives":[{"confidence":"0.0","content":"?"}],"type":"punctuation"},{"start_time":"230.941","end_time":"231.211","alternatives":[{"confidence":"0.6467","content":"나중에"}],"type":"pronunciation"},{"start_time":"231.511","end_time":"231.861","alternatives":[{"confidence":"0.9334","content":"저희가"}],"type":"pronunciation"},{"start_time":"231.861","end_time":"232.071","alternatives":[{"confidence":"0.1744","content":"거기"}],"type":"pronunciation"},{"start_time":"232.221","end_time":"232.531","alternatives":[{"confidence":"0.9197","content":"가까운"}],"type":"pronunciation"},{"start_time":"232.891","end_time":"233.821","alternatives":[{"confidence":"0.9988","content":"확인하고"}],"type":"pronunciation"},{"start_time":"234.071","end_time":"234.291","alternatives":[{"confidence":"0.0532","content":"다음"}],"type":"pronunciation"},{"start_time":"234.781","end_time":"234.901","alternatives":[{"confidence":"0.0187","content":"주"}],"type":"pronunciation"},{"start_time":"234.901","end_time":"235.171","alternatives":[{"confidence":"0.2171","content":"저랑"}],"type":"pronunciation"},{"start_time":"235.171","end_time":"235.601","alternatives":[{"confidence":"0.5573","content":"전화번호"}],"type":"pronunciation"},{"start_time":"235.601","end_time":"235.751","alternatives":[{"confidence":"0.4857","content":"하고"}],"type":"pronunciation"},{"start_time":"235.751","end_time":"237.081","alternatives":[{"confidence":"0.9586","content":"담당자안내해"}],"type":"pronunciation"},{"start_time":"237.081","end_time":"237.241","alternatives":[{"confidence":"0.945","content":"드릴"}],"type":"pronunciation"},{"start_time":"237.241","end_time":"237.471","alternatives":[{"confidence":"0.8503","content":"거예요"}],"type":"pronunciation"},{"start_time":"237.471","end_time":"237.691","alternatives":[{"confidence":"0.8492","content":"제가"}],"type":"pronunciation"}]},"status":"COMPLETED"}