{"jobName":"transcribe_loan133","accountId":"097989105209","results":{"transcripts":[{"transcript":"이에요. 지금 계속 제가 말씀드리는 거잖아요. 아무 문제 없으시고요 지금 다 이제 거의 완료가 되시고요 자금 나가시는게 오늘 아무래도 다 보니까 월요일 오전에 나가신다고 하세요. 아니요. 아니요. 그게 아니시나요. 여보세요. 네. 그러니까 지금 오늘 고객님께서 지금 아까 상을 처리하신 게 세 시 정도가 되셨잖아요. 그러니까 근데 제가 그래서 그거를 그 부분에 대해서 다시 한번 좀 설명을 드려야 되는데요. 고객님께서 그냥 원래 납부하시던 그 가상 계좌가 아니고 이제 고객님께서 발급받으셨던 계좌를 납부하게 되시면요. 고객님께서는 그냥 중도상환처리가 되시는 거예요. 네. 그렇게 되시면은 고객님께서 계약기간 동안 여보세요 전화가 그리고 제가 지금 한 가지 말씀드리고 싶은 건 요. 님께서 지금 너무 걱정을 하고 계시는데요. 저희가 아까 세시쯤에 이제 상환처리되셨고. 네. 시쯤에 이제 상환처리하신 거 완료됐다고 말씀드렸잖아요. 네. 은행협회 측으로부터 아까 전화 받으셨죠 그게 있냐 이광명과장그분이 잖아요. 그리고 또 다른 사람이 받아가지고 그래 내가 항상 많이 완전히 일단 내가 돈을 지금 하다 보니까 그래서 그래가지고 확실한 그걸 내가 지금 마음이 자꾸 내가 지금 우리가 여기서 이 안 잡힌다고. 제가 지금 처리는 관리 되셨고요. 근데 제가 제가 말씀드리고 싶은 거는 이제 오늘 시간이 납부처럼 시간이 조금 늦어지다 보니까 제가 저희 쪽에서 자금 내어드리는데 있어서 이제 월요일 오전에 저 출근하자마자 고객님자금 송금해드릴 거고요. 계약서책을 월요일 하실 거고요. 농협고객관리 부서에요 고객관리 부서 고객님지금 뭐 자금 저희쪽 작은 받아가실 때 계좌로 받아 가실거에요 일단 계좌계좌설정 좀 도와드릴게요. 어디 어디 은행 사용하고 계세요? 농협 계좌번호 한 번만 말씀해 주시겠어요? 지금 저희가 자금 송금해드리려고 계좌확인 드리는 거예요. 부인이 네 거래 내역서에. 그래서 개인정보보호법 때문에 개인정보보호법 때문에 이제 고객님계좌번호가 거래내역서에 다 안 지켜서. 들어오세요. 블라인드 처리가 돼서 들어오신다고요. 잠시만요. 그게 너무 걱정 안 하셔도 돼요. 내가 지금 막 안 그래도 지금 좁아져 가지고 가지고 지금 하고 있는 그런 입장에서는 끌고 있는데. 님 지금 계좌번호 이거 맞으시죠? 네. 저희한테 보내주셨던 이 계좌로 이제 저희쪽 자금 삼천 만원을 궁금해드리면 되는 거고요. 뉴욕 기간 계좌계약서체결하실 때 그 선택하실 건데요. 이제 최장기간이 5 년까지 설정이 가능하세요. 그렇죠. 일부 면제도 가능하시고 이제 3 개월 이상 납부 을 때 중도상환수수료발생이 안 되시거든요. 삼 개월 정도 사용하시다가. 요 자금 융통 되시면은 이제 바로 전부 완납처리 하셔도 되시는 거고요. 그렇죠. 근데 뭐 그 그부분에 대해서도 고객님께서 뭐 매달 이자만 납부하시는 방식으로 선택을 하시겠어요, 아니면 원금이자 같이 납부하시겠어요? 네. 일단은 그러시면은. 오 년 거치하시고 원금만기 일시 상환이라고 해서 이지만 매달 납부하시는 거에요. 네. 이자만 매달 구 만 오천 원 정도 근데 이자만 발생하시면. 네네. 네오 년 오 년으로 약점을 잡으셔서. 아마 좀 이자가 좀 하시는 것 같은데 어차피 이자만 납부하실 거라고 하신다면 3 년도 괜찮으신 것 같아요. 제가 봤을 때는 넉넉네네 그렇죠. 그러니까 그러시면 일단 5 년으로 저희가 이제 최장기간이 5 년이신데요 이제 고객님께서 한 일 년 정도 연체없이 납부잘하게 되시면은 이제 대출기간 연장 신청 가능 하시거든요 네 이제 췌장십 년 까지도 연장가능 하시니깐요 이 부분은 고객님께서 여유롭게 생각을 하셔도 되시고요 원금상환은 이제 맡으신 거죠? 납부하시니까 마음 좀 더 나아신거죠 네네 이제 만 납부하시는 걸로 제가 계약도 체결해 드릴게요 일단은 이제 계좌설정 완료 되셨고요 월요일 날 자금 나가실 때 확인 해주신 번호로 확인 해주신 계좌번호로 자금 나가실 거고요. 일단은 체계를 갖춰야 하는 거예요. 그렇죠? 고인님께서 자필로 작성하셔서 보내주셔야 돼요. 그건 지금이라도 네 그러시면 팩스 번호한번 알려주시겠어요 네 이쪽으로 이제 계약서한 장 보내드릴게요. 내가 쪽으로 내가 오늘 중으로 다섯시 이전까지 처리가 다 가능하셔야 되는데 가능하시겠어요 지금 십오 분 정도 나무심걱정하지 마세요. 제가 지금 다 작은 반응을 고객님께서 잘못 되시면 저도 큰일 날 분이 제가 근데 다 이제 매뉴얼대로 진행도와드리고 제가 이제 고객님문제가 안 생기시도록 제가 계속 이렇게 계속 해드리는 거잖아요 걱정 안 하셔도 되세요 네 갈게요 네 계약서보내드리고 다시 한번 좀 전화를 드릴게요 네 알겠습니다. 감사합니다"}],"items":[{"start_time":"2.1","end_time":"2.8","alternatives":[{"confidence":"1.0","content":"이에요"}],"type":"pronunciation"},{"alternatives":[{"confidence":"0.0","content":"."}],"type":"punctuation"},{"start_time":"7.13","end_time":"7.31","alternatives":[{"confidence":"0.1658","content":"지금"}],"type":"pronunciation"},{"start_time":"7.34","end_time":"7.64","alternatives":[{"confidence":"0.9433","content":"계속"}],"type":"pronunciation"},{"start_time":"7.64","end_time":"7.87","alternatives":[{"confidence":"0.9992","content":"제가"}],"type":"pronunciation"},{"start_time":"7.87","end_time":"8.51","alternatives":[{"confidence":"0.97005","content":"말씀드리는"}],"type":"pronunciation"},{"start_time":"8.51","end_time":"9.08","alternatives":[{"confidence":"0.972","content":"거잖아요"}],"type":"pronunciation"},{"alternatives":[{"confidence":"0.0","content":"."}],"type":"punctuation"},{"start_time":"9.46","end_time":"9.63","alternatives":[{"confidence":"0.9672","content":"아무"}],"type":"pronunciation"},{"start_time":"9.63","end_time":"9.89","alternatives":[{"confidence":"0.9404","content":"문제"}],"type":"pronunciation"},{"start_time":"9.89","end_time":"10.53","alternatives":[{"confidence":"0.9978","content":"없으시고요"}],"type":"pronunciation"},{"start_time":"10.59","end_time":"11.23","alternatives":[{"confidence":"0.9128","content":"지금"}],"type":"pronunciation"},{"start_time":"12.02","end_time":"12.22","alternatives":[{"confidence":"0.1332","content":"다"}],"type":"pronunciation"},{"start_time":"12.22","end_time":"12.43","alternatives":[{"confidence":"0.4257","content":"이제"}],"type":"pronunciation"},{"start_time":"12.92","end_time":"13.32","alternatives":[{"confidence":"0.9996","content":"거의"}],"type":"pronunciation"},{"start_time":"13.32","end_time":"13.66","alternatives":[{"confidence":"0.98895","content":"완료가"}],"type":"pronunciation"},{"start_time":"13.66","end_time":"14.48","alternatives":[{"confidence":"0.9513499999999999","content":"되시고요"}],"type":"pronunciation"},{"start_time":"14.67","end_time":"15.01","alternatives":[{"confidence":"0.5401","content":"자금"}],"type":"pronunciation"},{"start_time":"15.01","end_time":"15.99","alternatives":[{"confidence":"0.9067000000000001","content":"나가시는게"}],"type":"pronunciation"},{"start_time":"15.99","end_time":"16.27","alternatives":[{"confidence":"0.9595","content":"오늘"}],"type":"pronunciation"},{"start_time":"16.27","end_time":"16.59","alternatives":[{"confidence":"1.0","content":"아무래도"}],"type":"pronunciation"},{"start_time":"17.18","end_time":"17.26","alternatives":[{"confidence":"0.4268","content":"다"}],"type":"pronunciation"},{"start_time":"17.26","end_time":"17.6","alternatives":[{"confidence":"0.7209","content":"보니까"}],"type":"pronunciation"},{"start_time":"17.6","end_time":"18.08","alternatives":[{"confidence":"0.9675","content":"월요일"}],"type":"pronunciation"},{"start_time":"18.08","end_time":"18.46","alternatives":[{"confidence":"0.9999","content":"오전에"}],"type":"pronunciation"},{"start_time":"18.46","end_time":"19.06","alternatives":[{"confidence":"0.84905","content":"나가신다고"}],"type":"pronunciation"},{"start_time":"19.06","end_time":"19.79","alternatives":[{"confidence":"0.999","content":"하세요"}],"type":"pronunciation"},{"alternatives":[{"confidence":"0.0","content":"."}],"type":"punctuation"},{"start_time":"21.22","end_time":"21.38","alternatives":[{"confidence":"0.0817","content":"아니요"}],"type":"pronunciation"},{"alternatives":[{"confidence":"0.0","content":"."}],"type":"punctuation"},{"start_time":"21.38","end_time":"21.63","alternatives":[{"confidence":"0.2003","content":"아니요"}],"type":"pronunciation"},{"alternatives":[{"confidence":"0.0","content":"."}],"type":"punctuation"},{"start_time":"23.34","end_time":"23.55","alternatives":[{"confidence":"0.0043","content":"그게"}],"type":"pronunciation"},{"start_time":"23.55","end_time":"24.38","alternatives":[{"confidence":"0.00265","content":"아니시나요"}],"type":"pronunciation"},{"alternatives":[{"confidence":"0.0","content":"."}],"type":"punctuation"},{"start_time":"24.66","end_time":"25.43","alternatives":[{"confidence":"0.8221","content":"여보세요"}],"type":"pronunciation"},{"alternatives":[{"confidence":"0.0","content":"."}],"type":"punctuation"},{"start_time":"25.77","end_time":"25.98","alternatives":[{"confidence":"0.0256","content":"네"}],"type":"pronunciation"},{"alternatives":[{"confidence":"0.0","content":"."}],"type":"punctuation"},{"start_time":"26.72","end_time":"27.0","alternatives":[{"confidence":"0.7119","content":"그러니까"}],"type":"pronunciation"},{"start_time":"27.0","end_time":"27.23","alternatives":[{"confidence":"0.9962","content":"지금"}],"type":"pronunciation"},{"start_time":"27.23","end_time":"27.86","alternatives":[{"confidence":"0.9496","content":"오늘"}],"type":"pronunciation"},{"start_time":"27.86","end_time":"28.49","alternatives":[{"confidence":"0.9604999999999999","content":"고객님께서"}],"type":"pronunciation"},{"start_time":"28.49","end_time":"28.79","alternatives":[{"confidence":"0.9963","content":"지금"}],"type":"pronunciation"},{"start_time":"28.79","end_time":"29.02","alternatives":[{"confidence":"0.9867","content":"아까"}],"type":"pronunciation"},{"start_time":"29.02","end_time":"29.25","alternatives":[{"confidence":"0.4273","content":"상을"}],"type":"pronunciation"},{"start_time":"29.25","end_time":"29.64","alternatives":[{"confidence":"0.61395","content":"처리하신"}],"type":"pronunciation"},{"start_time":"29.64","end_time":"29.74","alternatives":[{"confidence":"0.9303","content":"게"}],"type":"pronunciation"},{"start_time":"29.77","end_time":"29.92","alternatives":[{"confidence":"0.3757","content":"세"}],"type":"pronunciation"},{"start_time":"29.92","end_time":"30.03","alternatives":[{"confidence":"0.9483","content":"시"}],"type":"pronunciation"},{"start_time":"30.03","end_time":"30.36","alternatives":[{"confidence":"1.0","content":"정도가"}],"type":"pronunciation"},{"start_time":"30.36","end_time":"31.41","alternatives":[{"confidence":"0.9975499999999999","content":"되셨잖아요"}],"type":"pronunciation"},{"alternatives":[{"confidence":"0.0","content":"."}],"type":"punctuation"},{"start_time":"37.14","end_time":"37.5","alternatives":[{"confidence":"0.6502","content":"그러니까"}],"type":"pronunciation"},{"start_time":"37.68","end_time":"38.04","alternatives":[{"confidence":"0.9853","content":"근데"}],"type":"pronunciation"},{"start_time":"38.39","end_time":"38.62","alternatives":[{"confidence":"0.9999","content":"제가"}],"type":"pronunciation"},{"start_time":"38.62","end_time":"38.9","alternatives":[{"confidence":"0.9998","content":"그래서"}],"type":"pronunciation"},{"start_time":"38.9","end_time":"39.3","alternatives":[{"confidence":"0.8953","content":"그거를"}],"type":"pronunciation"},{"start_time":"39.3","end_time":"39.48","alternatives":[{"confidence":"0.9781","content":"그"}],"type":"pronunciation"},{"start_time":"39.48","end_time":"39.75","alternatives":[{"confidence":"1.0","content":"부분에"}],"type":"pronunciation"},{"start_time":"39.75","end_time":"39.97","alternatives":[{"confidence":"0.9999","content":"대해서"}],"type":"pronunciation"},{"start_time":"39.97","end_time":"40.18","alternatives":[{"confidence":"0.9988","content":"다시"}],"type":"pronunciation"},{"start_time":"40.18","end_time":"40.38","alternatives":[{"confidence":"0.9522","content":"한번"}],"type":"pronunciation"},{"start_time":"40.38","end_time":"40.49","alternatives":[{"confidence":"1.0","content":"좀"}],"type":"pronunciation"},{"start_time":"40.49","end_time":"40.84","alternatives":[{"confidence":"1.0","content":"설명을"}],"type":"pronunciation"},{"start_time":"40.84","end_time":"41.05","alternatives":[{"confidence":"0.9971","content":"드려야"}],"type":"pronunciation"},{"start_time":"41.05","end_time":"41.58","alternatives":[{"confidence":"0.8271","content":"되는데요"}],"type":"pronunciation"},{"alternatives":[{"confidence":"0.0","content":"."}],"type":"punctuation"},{"start_time":"41.83","end_time":"42.69","alternatives":[{"confidence":"0.9418","content":"고객님께서"}],"type":"pronunciation"},{"start_time":"42.69","end_time":"42.96","alternatives":[{"confidence":"0.996","content":"그냥"}],"type":"pronunciation"},{"start_time":"42.96","end_time":"43.21","alternatives":[{"confidence":"0.9885","content":"원래"}],"type":"pronunciation"},{"start_time":"43.21","end_time":"43.78","alternatives":[{"confidence":"0.9972","content":"납부하시던"}],"type":"pronunciation"},{"start_time":"43.78","end_time":"43.89","alternatives":[{"confidence":"0.945","content":"그"}],"type":"pronunciation"},{"start_time":"43.89","end_time":"44.2","alternatives":[{"confidence":"0.5438","content":"가상"}],"type":"pronunciation"},{"start_time":"44.2","end_time":"44.57","alternatives":[{"confidence":"0.9994000000000001","content":"계좌가"}],"type":"pronunciation"},{"start_time":"44.57","end_time":"44.92","alternatives":[{"confidence":"1.0","content":"아니고"}],"type":"pronunciation"},{"start_time":"44.95","end_time":"45.1","alternatives":[{"confidence":"0.9908","content":"이제"}],"type":"pronunciation"},{"start_time":"45.11","end_time":"45.66","alternatives":[{"confidence":"0.9236","content":"고객님께서"}],"type":"pronunciation"},{"start_time":"45.72","end_time":"46.56","alternatives":[{"confidence":"0.9962666666666666","content":"발급받으셨던"}],"type":"pronunciation"},{"start_time":"46.56","end_time":"46.93","alternatives":[{"confidence":"0.9752","content":"계좌를"}],"type":"pronunciation"},{"start_time":"46.93","end_time":"47.35","alternatives":[{"confidence":"0.9996","content":"납부하게"}],"type":"pronunciation"},{"start_time":"47.35","end_time":"47.98","alternatives":[{"confidence":"0.98925","content":"되시면요"}],"type":"pronunciation"},{"alternatives":[{"confidence":"0.0","content":"."}],"type":"punctuation"},{"start_time":"48.16","end_time":"48.77","alternatives":[{"confidence":"0.6656","content":"고객님께서는"}],"type":"pronunciation"},{"start_time":"48.77","end_time":"48.94","alternatives":[{"confidence":"0.9866","content":"그냥"}],"type":"pronunciation"},{"start_time":"48.95","end_time":"49.73","alternatives":[{"confidence":"0.9549666666666666","content":"중도상환처리가"}],"type":"pronunciation"},{"start_time":"49.73","end_time":"50.12","alternatives":[{"confidence":"0.97235","content":"되시는"}],"type":"pronunciation"},{"start_time":"50.12","end_time":"51.0","alternatives":[{"confidence":"1.0","content":"거예요"}],"type":"pronunciation"},{"alternatives":[{"confidence":"0.0","content":"."}],"type":"punctuation"},{"start_time":"51.42","end_time":"51.66","alternatives":[{"confidence":"0.8399","content":"네"}],"type":"pronunciation"},{"alternatives":[{"confidence":"0.0","content":"."}],"type":"punctuation"},{"start_time":"51.82","end_time":"52.06","alternatives":[{"confidence":"0.9807","content":"그렇게"}],"type":"pronunciation"},{"start_time":"52.06","end_time":"52.48","alternatives":[{"confidence":"0.8949","content":"되시면은"}],"type":"pronunciation"},{"start_time":"52.48","end_time":"53.07","alternatives":[{"confidence":"0.9679500000000001","content":"고객님께서"}],"type":"pronunciation"},{"start_time":"53.07","end_time":"53.73","alternatives":[{"confidence":"0.8210500000000001","content":"계약기간"}],"type":"pronunciation"},{"start_time":"53.73","end_time":"54.24","alternatives":[{"confidence":"0.8734","content":"동안"}],"type":"pronunciation"},{"start_time":"56.76","end_time":"57.14","alternatives":[{"confidence":"0.6099","content":"여보세요"}],"type":"pronunciation"},{"start_time":"61.12","end_time":"61.4","alternatives":[{"confidence":"0.8749","content":"전화가"}],"type":"pronunciation"},{"start_time":"64.32","end_time":"64.6","alternatives":[{"confidence":"0.9998","content":"그리고"}],"type":"pronunciation"},{"start_time":"64.6","end_time":"64.86","alternatives":[{"confidence":"0.9997","content":"제가"}],"type":"pronunciation"},{"start_time":"64.86","end_time":"65.06","alternatives":[{"confidence":"0.9992","content":"지금"}],"type":"pronunciation"},{"start_time":"65.06","end_time":"65.16","alternatives":[{"confidence":"0.9842","content":"한"}],"type":"pronunciation"},{"start_time":"65.16","end_time":"65.31","alternatives":[{"confidence":"0.9842","content":"가지"}],"type":"pronunciation"},{"start_time":"65.31","end_time":"65.79","alternatives":[{"confidence":"0.985","content":"말씀드리고"}],"type":"pronunciation"},{"start_time":"65.79","end_time":"66.03","alternatives":[{"confidence":"0.905","content":"싶은"}],"type":"pronunciation"},{"start_time":"66.03","end_time":"66.21","alternatives":[{"confidence":"0.8617","content":"건"}],"type":"pronunciation"},{"start_time":"66.21","end_time":"66.36","alternatives":[{"confidence":"0.285","content":"요"}],"type":"pronunciation"},{"alternatives":[{"confidence":"0.0","content":"."}],"type":"punctuation"},{"start_time":"66.57","end_time":"66.82","alternatives":[{"confidence":"0.9922","content":"님께서"}],"type":"pronunciation"},{"start_time":"66.82","end_time":"66.98","alternatives":[{"confidence":"0.6113","content":"지금"}],"type":"pronunciation"},{"start_time":"66.98","end_time":"67.31","alternatives":[{"confidence":"0.9718","content":"너무"}],"type":"pronunciation"},{"start_time":"67.37","end_time":"67.96","alternatives":[{"confidence":"0.9924","content":"걱정을"}],"type":"pronunciation"},{"start_time":"67.96","end_time":"68.16","alternatives":[{"confidence":"1.0","content":"하고"}],"type":"pronunciation"},{"start_time":"68.16","end_time":"69.01","alternatives":[{"confidence":"1.0","content":"계시는데요"}],"type":"pronunciation"},{"alternatives":[{"confidence":"0.0","content":"."}],"type":"punctuation"},{"start_time":"69.05","end_time":"69.47","alternatives":[{"confidence":"1.0","content":"저희가"}],"type":"pronunciation"},{"start_time":"69.47","end_time":"69.83","alternatives":[{"confidence":"0.9396","content":"아까"}],"type":"pronunciation"},{"start_time":"69.86","end_time":"70.44","alternatives":[{"confidence":"0.6926666666666667","content":"세시쯤에"}],"type":"pronunciation"},{"start_time":"70.44","end_time":"70.75","alternatives":[{"confidence":"0.9879","content":"이제"}],"type":"pronunciation"},{"start_time":"70.78","end_time":"71.71","alternatives":[{"confidence":"0.748725","content":"상환처리되셨고"}],"type":"pronunciation"},{"alternatives":[{"confidence":"0.0","content":"."}],"type":"punctuation"},{"start_time":"71.77","end_time":"72.03","alternatives":[{"confidence":"0.6001","content":"네"}],"type":"pronunciation"},{"alternatives":[{"confidence":"0.0","content":"."}],"type":"punctuation"},{"start_time":"72.03","end_time":"72.48","alternatives":[{"confidence":"0.9097999999999999","content":"시쯤에"}],"type":"pronunciation"},{"start_time":"72.48","end_time":"72.63","alternatives":[{"confidence":"0.935","content":"이제"}],"type":"pronunciation"},{"start_time":"72.63","end_time":"73.87","alternatives":[{"confidence":"0.6167666666666667","content":"상환처리하신"}],"type":"pronunciation"},{"start_time":"73.87","end_time":"73.99","alternatives":[{"confidence":"0.7865","content":"거"}],"type":"pronunciation"},{"start_time":"74.05","end_time":"74.7","alternatives":[{"confidence":"0.97705","content":"완료됐다고"}],"type":"pronunciation"},{"start_time":"74.7","end_time":"75.85","alternatives":[{"confidence":"0.96835","content":"말씀드렸잖아요"}],"type":"pronunciation"},{"alternatives":[{"confidence":"0.0","content":"."}],"type":"punctuation"},{"start_time":"76.33","end_time":"76.56","alternatives":[{"confidence":"0.4775","content":"네"}],"type":"pronunciation"},{"alternatives":[{"confidence":"0.0","content":"."}],"type":"punctuation"},{"start_time":"76.56","end_time":"77.02","alternatives":[{"confidence":"0.9056500000000001","content":"은행협회"}],"type":"pronunciation"},{"start_time":"77.02","end_time":"77.43","alternatives":[{"confidence":"0.98045","content":"측으로부터"}],"type":"pronunciation"},{"start_time":"77.43","end_time":"77.61","alternatives":[{"confidence":"0.9807","content":"아까"}],"type":"pronunciation"},{"start_time":"77.61","end_time":"77.81","alternatives":[{"confidence":"0.9147","content":"전화"}],"type":"pronunciation"},{"start_time":"77.81","end_time":"78.43","alternatives":[{"confidence":"0.9996499999999999","content":"받으셨죠"}],"type":"pronunciation"},{"start_time":"81.31","end_time":"81.52","alternatives":[{"confidence":"0.8516","content":"그게"}],"type":"pronunciation"},{"start_time":"81.52","end_time":"81.72","alternatives":[{"confidence":"0.4096","content":"있냐"}],"type":"pronunciation"},{"start_time":"82.34","end_time":"83.85","alternatives":[{"confidence":"0.5275000000000001","content":"이광명과장그분이"}],"type":"pronunciation"},{"start_time":"83.85","end_time":"84.03","alternatives":[{"confidence":"0.9149","content":"잖아요"}],"type":"pronunciation"},{"alternatives":[{"confidence":"0.0","content":"."}],"type":"punctuation"},{"start_time":"84.03","end_time":"84.36","alternatives":[{"confidence":"0.8648","content":"그리고"}],"type":"pronunciation"},{"start_time":"84.36","end_time":"84.49","alternatives":[{"confidence":"0.9793","content":"또"}],"type":"pronunciation"},{"start_time":"84.49","end_time":"84.67","alternatives":[{"confidence":"0.9998","content":"다른"}],"type":"pronunciation"},{"start_time":"84.67","end_time":"84.88","alternatives":[{"confidence":"0.5222","content":"사람이"}],"type":"pronunciation"},{"start_time":"85.33","end_time":"85.71","alternatives":[{"confidence":"0.84275","content":"받아가지고"}],"type":"pronunciation"},{"start_time":"85.71","end_time":"85.85","alternatives":[{"confidence":"0.2025","content":"그래"}],"type":"pronunciation"},{"start_time":"85.85","end_time":"85.99","alternatives":[{"confidence":"0.5275","content":"내가"}],"type":"pronunciation"},{"start_time":"85.99","end_time":"86.19","alternatives":[{"confidence":"0.9965","content":"항상"}],"type":"pronunciation"},{"start_time":"86.19","end_time":"86.41","alternatives":[{"confidence":"0.8727","content":"많이"}],"type":"pronunciation"},{"start_time":"86.53","end_time":"86.78","alternatives":[{"confidence":"0.6923","content":"완전히"}],"type":"pronunciation"},{"start_time":"86.96","end_time":"87.18","alternatives":[{"confidence":"1.0","content":"일단"}],"type":"pronunciation"},{"start_time":"87.18","end_time":"87.32","alternatives":[{"confidence":"0.9951","content":"내가"}],"type":"pronunciation"},{"start_time":"87.32","end_time":"87.52","alternatives":[{"confidence":"0.981","content":"돈을"}],"type":"pronunciation"},{"start_time":"87.52","end_time":"87.7","alternatives":[{"confidence":"0.6805","content":"지금"}],"type":"pronunciation"},{"start_time":"87.7","end_time":"87.87","alternatives":[{"confidence":"0.7292","content":"하다"}],"type":"pronunciation"},{"start_time":"87.87","end_time":"88.27","alternatives":[{"confidence":"0.7294","content":"보니까"}],"type":"pronunciation"},{"start_time":"88.27","end_time":"88.56","alternatives":[{"confidence":"0.9798","content":"그래서"}],"type":"pronunciation"},{"start_time":"88.56","end_time":"89.06","alternatives":[{"confidence":"0.08130000000000001","content":"그래가지고"}],"type":"pronunciation"},{"start_time":"89.32","end_time":"89.71","alternatives":[{"confidence":"0.9993","content":"확실한"}],"type":"pronunciation"},{"start_time":"89.71","end_time":"89.93","alternatives":[{"confidence":"0.8131","content":"그걸"}],"type":"pronunciation"},{"start_time":"89.93","end_time":"90.12","alternatives":[{"confidence":"0.9169","content":"내가"}],"type":"pronunciation"},{"start_time":"90.12","end_time":"90.34","alternatives":[{"confidence":"0.6113","content":"지금"}],"type":"pronunciation"},{"start_time":"90.34","end_time":"90.55","alternatives":[{"confidence":"0.884","content":"마음이"}],"type":"pronunciation"},{"start_time":"90.55","end_time":"90.88","alternatives":[{"confidence":"1.0","content":"자꾸"}],"type":"pronunciation"},{"start_time":"90.88","end_time":"91.06","alternatives":[{"confidence":"0.9349","content":"내가"}],"type":"pronunciation"},{"start_time":"91.55","end_time":"91.77","alternatives":[{"confidence":"0.7103","content":"지금"}],"type":"pronunciation"},{"start_time":"92.58","end_time":"92.78","alternatives":[{"confidence":"0.3767","content":"우리가"}],"type":"pronunciation"},{"start_time":"92.97","end_time":"93.18","alternatives":[{"confidence":"0.3223","content":"여기서"}],"type":"pronunciation"},{"start_time":"93.18","end_time":"93.26","alternatives":[{"confidence":"0.1805","content":"이"}],"type":"pronunciation"},{"start_time":"93.26","end_time":"93.32","alternatives":[{"confidence":"0.6322","content":"안"}],"type":"pronunciation"},{"start_time":"93.32","end_time":"93.64","alternatives":[{"confidence":"0.6190666666666667","content":"잡힌다고"}],"type":"pronunciation"},{"alternatives":[{"confidence":"0.0","content":"."}],"type":"punctuation"},{"start_time":"93.64","end_time":"93.84","alternatives":[{"confidence":"0.3895","content":"제가"}],"type":"pronunciation"},{"start_time":"94.71","end_time":"95.04","alternatives":[{"confidence":"0.9633","content":"지금"}],"type":"pronunciation"},{"start_time":"95.04","end_time":"95.47","alternatives":[{"confidence":"0.9419500000000001","content":"처리는"}],"type":"pronunciation"},{"start_time":"95.65","end_time":"95.96","alternatives":[{"confidence":"0.7064","content":"관리"}],"type":"pronunciation"},{"start_time":"95.96","end_time":"97.07","alternatives":[{"confidence":"0.99115","content":"되셨고요"}],"type":"pronunciation"},{"alternatives":[{"confidence":"0.0","content":"."}],"type":"punctuation"},{"start_time":"97.46","end_time":"97.69","alternatives":[{"confidence":"0.914","content":"근데"}],"type":"pronunciation"},{"start_time":"97.72","end_time":"98.13","alternatives":[{"confidence":"0.9994","content":"제가"}],"type":"pronunciation"},{"start_time":"98.21","end_time":"98.48","alternatives":[{"confidence":"1.0","content":"제가"}],"type":"pronunciation"},{"start_time":"98.48","end_time":"99.02","alternatives":[{"confidence":"0.9721","content":"말씀드리고"}],"type":"pronunciation"},{"start_time":"99.02","end_time":"99.26","alternatives":[{"confidence":"0.882","content":"싶은"}],"type":"pronunciation"},{"start_time":"99.26","end_time":"99.45","alternatives":[{"confidence":"0.5622","content":"거는"}],"type":"pronunciation"},{"start_time":"99.45","end_time":"99.57","alternatives":[{"confidence":"0.9829","content":"이제"}],"type":"pronunciation"},{"start_time":"99.6","end_time":"99.99","alternatives":[{"confidence":"0.9536","content":"오늘"}],"type":"pronunciation"},{"start_time":"100.0","end_time":"100.55","alternatives":[{"confidence":"1.0","content":"시간이"}],"type":"pronunciation"},{"start_time":"100.55","end_time":"101.15","alternatives":[{"confidence":"0.59085","content":"납부처럼"}],"type":"pronunciation"},{"start_time":"101.24","end_time":"101.57","alternatives":[{"confidence":"1.0","content":"시간이"}],"type":"pronunciation"},{"start_time":"101.57","end_time":"101.82","alternatives":[{"confidence":"1.0","content":"조금"}],"type":"pronunciation"},{"start_time":"101.82","end_time":"102.48","alternatives":[{"confidence":"0.7323","content":"늦어지다"}],"type":"pronunciation"},{"start_time":"102.48","end_time":"103.36","alternatives":[{"confidence":"0.4649","content":"보니까"}],"type":"pronunciation"},{"start_time":"103.56","end_time":"103.73","alternatives":[{"confidence":"0.5223","content":"제가"}],"type":"pronunciation"},{"start_time":"103.74","end_time":"104.06","alternatives":[{"confidence":"0.8337","content":"저희"}],"type":"pronunciation"},{"start_time":"104.06","end_time":"104.37","alternatives":[{"confidence":"1.0","content":"쪽에서"}],"type":"pronunciation"},{"start_time":"104.37","end_time":"104.76","alternatives":[{"confidence":"0.5501","content":"자금"}],"type":"pronunciation"},{"start_time":"104.76","end_time":"105.48","alternatives":[{"confidence":"0.7432666666666666","content":"내어드리는데"}],"type":"pronunciation"},{"start_time":"105.48","end_time":"105.78","alternatives":[{"confidence":"1.0","content":"있어서"}],"type":"pronunciation"},{"start_time":"105.78","end_time":"105.93","alternatives":[{"confidence":"0.9999","content":"이제"}],"type":"pronunciation"},{"start_time":"105.96","end_time":"106.43","alternatives":[{"confidence":"0.9999","content":"월요일"}],"type":"pronunciation"},{"start_time":"106.43","end_time":"106.97","alternatives":[{"confidence":"1.0","content":"오전에"}],"type":"pronunciation"},{"start_time":"106.97","end_time":"107.13","alternatives":[{"confidence":"0.712","content":"저"}],"type":"pronunciation"},{"start_time":"107.13","end_time":"108.25","alternatives":[{"confidence":"1.0","content":"출근하자마자"}],"type":"pronunciation"},{"start_time":"108.53","end_time":"109.22","alternatives":[{"confidence":"0.9274","content":"고객님자금"}],"type":"pronunciation"},{"start_time":"109.22","end_time":"109.8","alternatives":[{"confidence":"0.7471666666666668","content":"송금해드릴"}],"type":"pronunciation"},{"start_time":"109.8","end_time":"110.09","alternatives":[{"confidence":"0.72305","content":"거고요"}],"type":"pronunciation"},{"alternatives":[{"confidence":"0.0","content":"."}],"type":"punctuation"},{"start_time":"110.09","end_time":"110.75","alternatives":[{"confidence":"0.99795","content":"계약서책을"}],"type":"pronunciation"},{"start_time":"110.75","end_time":"111.13","alternatives":[{"confidence":"0.5268","content":"월요일"}],"type":"pronunciation"},{"start_time":"111.13","end_time":"111.42","alternatives":[{"confidence":"0.6209","content":"하실"}],"type":"pronunciation"},{"start_time":"111.42","end_time":"111.74","alternatives":[{"confidence":"0.7905500000000001","content":"거고요"}],"type":"pronunciation"},{"alternatives":[{"confidence":"0.0","content":"."}],"type":"punctuation"},{"start_time":"116.65","end_time":"117.5","alternatives":[{"confidence":"0.8389666666666667","content":"농협고객관리"}],"type":"pronunciation"},{"start_time":"117.5","end_time":"118.1","alternatives":[{"confidence":"0.4572","content":"부서에요"}],"type":"pronunciation"},{"start_time":"120.77","end_time":"121.49","alternatives":[{"confidence":"0.91325","content":"고객관리"}],"type":"pronunciation"},{"start_time":"121.49","end_time":"121.78","alternatives":[{"confidence":"0.7391","content":"부서"}],"type":"pronunciation"},{"start_time":"122.87","end_time":"123.64","alternatives":[{"confidence":"0.99535","content":"고객님지금"}],"type":"pronunciation"},{"start_time":"123.64","end_time":"124.07","alternatives":[{"confidence":"0.8696","content":"뭐"}],"type":"pronunciation"},{"start_time":"124.23","end_time":"124.63","alternatives":[{"confidence":"0.535","content":"자금"}],"type":"pronunciation"},{"start_time":"124.63","end_time":"124.98","alternatives":[{"confidence":"0.51515","content":"저희쪽"}],"type":"pronunciation"},{"start_time":"124.98","end_time":"125.22","alternatives":[{"confidence":"0.6637","content":"작은"}],"type":"pronunciation"},{"start_time":"125.22","end_time":"125.77","alternatives":[{"confidence":"0.48419999999999996","content":"받아가실"}],"type":"pronunciation"},{"start_time":"125.77","end_time":"125.87","alternatives":[{"confidence":"0.9728","content":"때"}],"type":"pronunciation"},{"start_time":"125.9","end_time":"126.32","alternatives":[{"confidence":"0.99985","content":"계좌로"}],"type":"pronunciation"},{"start_time":"126.32","end_time":"126.54","alternatives":[{"confidence":"0.5876","content":"받아"}],"type":"pronunciation"},{"start_time":"126.54","end_time":"127.22","alternatives":[{"confidence":"0.8228333333333334","content":"가실거에요"}],"type":"pronunciation"},{"start_time":"128.9","end_time":"129.18","alternatives":[{"confidence":"1.0","content":"일단"}],"type":"pronunciation"},{"start_time":"129.18","end_time":"130.22","alternatives":[{"confidence":"0.9426333333333333","content":"계좌계좌설정"}],"type":"pronunciation"},{"start_time":"130.22","end_time":"130.37","alternatives":[{"confidence":"0.9981","content":"좀"}],"type":"pronunciation"},{"start_time":"130.37","end_time":"130.94","alternatives":[{"confidence":"0.95935","content":"도와드릴게요"}],"type":"pronunciation"},{"alternatives":[{"confidence":"0.0","content":"."}],"type":"punctuation"},{"start_time":"130.94","end_time":"131.36","alternatives":[{"confidence":"0.7987","content":"어디"}],"type":"pronunciation"},{"start_time":"131.39","end_time":"131.67","alternatives":[{"confidence":"0.9009","content":"어디"}],"type":"pronunciation"},{"start_time":"131.67","end_time":"132.01","alternatives":[{"confidence":"0.7463","content":"은행"}],"type":"pronunciation"},{"start_time":"132.01","end_time":"132.38","alternatives":[{"confidence":"0.975","content":"사용하고"}],"type":"pronunciation"},{"start_time":"132.38","end_time":"133.31","alternatives":[{"confidence":"1.0","content":"계세요"}],"type":"pronunciation"},{"alternatives":[{"confidence":"0.0","content":"?"}],"type":"punctuation"},{"start_time":"134.2","end_time":"134.72","alternatives":[{"confidence":"0.6787","content":"농협"}],"type":"pronunciation"},{"start_time":"134.78","end_time":"135.35","alternatives":[{"confidence":"0.6517","content":"계좌번호"}],"type":"pronunciation"},{"start_time":"135.35","end_time":"135.45","alternatives":[{"confidence":"0.5796","content":"한"}],"type":"pronunciation"},{"start_time":"135.45","end_time":"135.7","alternatives":[{"confidence":"0.5785","content":"번만"}],"type":"pronunciation"},{"start_time":"135.7","end_time":"136.05","alternatives":[{"confidence":"0.9471","content":"말씀해"}],"type":"pronunciation"},{"start_time":"136.05","end_time":"136.67","alternatives":[{"confidence":"1.0","content":"주시겠어요"}],"type":"pronunciation"},{"alternatives":[{"confidence":"0.0","content":"?"}],"type":"punctuation"},{"start_time":"143.18","end_time":"143.35","alternatives":[{"confidence":"0.9936","content":"지금"}],"type":"pronunciation"},{"start_time":"143.35","end_time":"143.61","alternatives":[{"confidence":"1.0","content":"저희가"}],"type":"pronunciation"},{"start_time":"143.61","end_time":"143.9","alternatives":[{"confidence":"0.8287","content":"자금"}],"type":"pronunciation"},{"start_time":"143.9","end_time":"144.71","alternatives":[{"confidence":"0.9332666666666668","content":"송금해드리려고"}],"type":"pronunciation"},{"start_time":"144.71","end_time":"145.32","alternatives":[{"confidence":"0.8305","content":"계좌확인"}],"type":"pronunciation"},{"start_time":"145.32","end_time":"145.76","alternatives":[{"confidence":"0.5789","content":"드리는"}],"type":"pronunciation"},{"start_time":"145.76","end_time":"146.04","alternatives":[{"confidence":"0.6899","content":"거예요"}],"type":"pronunciation"},{"alternatives":[{"confidence":"0.0","content":"."}],"type":"punctuation"},{"start_time":"146.04","end_time":"146.44","alternatives":[{"confidence":"0.6804","content":"부인이"}],"type":"pronunciation"},{"start_time":"151.64","end_time":"151.82","alternatives":[{"confidence":"0.0131","content":"네"}],"type":"pronunciation"},{"start_time":"151.82","end_time":"152.15","alternatives":[{"confidence":"0.3604","content":"거래"}],"type":"pronunciation"},{"start_time":"152.15","end_time":"152.66","alternatives":[{"confidence":"0.33449999999999996","content":"내역서에"}],"type":"pronunciation"},{"alternatives":[{"confidence":"0.0","content":"."}],"type":"punctuation"},{"start_time":"153.47","end_time":"153.68","alternatives":[{"confidence":"0.244","content":"그래서"}],"type":"pronunciation"},{"start_time":"153.68","end_time":"154.81","alternatives":[{"confidence":"0.9941666666666666","content":"개인정보보호법"}],"type":"pronunciation"},{"start_time":"154.81","end_time":"155.44","alternatives":[{"confidence":"0.9991","content":"때문에"}],"type":"pronunciation"},{"start_time":"155.81","end_time":"157.0","alternatives":[{"confidence":"0.9929","content":"개인정보보호법"}],"type":"pronunciation"},{"start_time":"157.0","end_time":"157.34","alternatives":[{"confidence":"0.9997","content":"때문에"}],"type":"pronunciation"},{"start_time":"157.37","end_time":"157.49","alternatives":[{"confidence":"0.6595","content":"이제"}],"type":"pronunciation"},{"start_time":"157.49","end_time":"158.57","alternatives":[{"confidence":"0.9404","content":"고객님계좌번호가"}],"type":"pronunciation"},{"start_time":"158.57","end_time":"159.23","alternatives":[{"confidence":"0.5831","content":"거래내역서에"}],"type":"pronunciation"},{"start_time":"159.23","end_time":"159.42","alternatives":[{"confidence":"0.8978","content":"다"}],"type":"pronunciation"},{"start_time":"159.42","end_time":"159.57","alternatives":[{"confidence":"0.8534","content":"안"}],"type":"pronunciation"},{"start_time":"159.57","end_time":"159.94","alternatives":[{"confidence":"0.9514","content":"지켜서"}],"type":"pronunciation"},{"alternatives":[{"confidence":"0.0","content":"."}],"type":"punctuation"},{"start_time":"159.94","end_time":"160.86","alternatives":[{"confidence":"0.65055","content":"들어오세요"}],"type":"pronunciation"},{"alternatives":[{"confidence":"0.0","content":"."}],"type":"punctuation"},{"start_time":"163.13","end_time":"163.63","alternatives":[{"confidence":"1.0","content":"블라인드"}],"type":"pronunciation"},{"start_time":"163.63","end_time":"163.96","alternatives":[{"confidence":"1.0","content":"처리가"}],"type":"pronunciation"},{"start_time":"163.96","end_time":"164.23","alternatives":[{"confidence":"0.9955","content":"돼서"}],"type":"pronunciation"},{"start_time":"164.23","end_time":"164.93","alternatives":[{"confidence":"0.8587000000000001","content":"들어오신다고요"}],"type":"pronunciation"},{"alternatives":[{"confidence":"0.0","content":"."}],"type":"punctuation"},{"start_time":"164.96","end_time":"165.86","alternatives":[{"confidence":"1.0","content":"잠시만요"}],"type":"pronunciation"},{"alternatives":[{"confidence":"0.0","content":"."}],"type":"punctuation"},{"start_time":"170.14","end_time":"170.28","alternatives":[{"confidence":"0.5248","content":"그게"}],"type":"pronunciation"},{"start_time":"170.28","end_time":"170.57","alternatives":[{"confidence":"0.997","content":"너무"}],"type":"pronunciation"},{"start_time":"170.57","end_time":"170.91","alternatives":[{"confidence":"0.9997","content":"걱정"}],"type":"pronunciation"},{"start_time":"170.91","end_time":"171.02","alternatives":[{"confidence":"0.7836","content":"안"}],"type":"pronunciation"},{"start_time":"171.02","end_time":"171.34","alternatives":[{"confidence":"1.0","content":"하셔도"}],"type":"pronunciation"},{"start_time":"171.34","end_time":"171.98","alternatives":[{"confidence":"0.8511","content":"돼요"}],"type":"pronunciation"},{"alternatives":[{"confidence":"0.0","content":"."}],"type":"punctuation"},{"start_time":"172.52","end_time":"172.73","alternatives":[{"confidence":"0.5144","content":"내가"}],"type":"pronunciation"},{"start_time":"174.47","end_time":"174.68","alternatives":[{"confidence":"0.4643","content":"지금"}],"type":"pronunciation"},{"start_time":"174.68","end_time":"174.86","alternatives":[{"confidence":"0.1218","content":"막"}],"type":"pronunciation"},{"start_time":"175.29","end_time":"175.38","alternatives":[{"confidence":"0.0738","content":"안"}],"type":"pronunciation"},{"start_time":"175.38","end_time":"175.62","alternatives":[{"confidence":"0.6008","content":"그래도"}],"type":"pronunciation"},{"start_time":"175.62","end_time":"175.79","alternatives":[{"confidence":"0.4124","content":"지금"}],"type":"pronunciation"},{"start_time":"176.32","end_time":"176.6","alternatives":[{"confidence":"0.23004999999999998","content":"좁아져"}],"type":"pronunciation"},{"start_time":"176.6","end_time":"176.82","alternatives":[{"confidence":"0.8731","content":"가지고"}],"type":"pronunciation"},{"start_time":"177.03","end_time":"177.24","alternatives":[{"confidence":"0.9928","content":"가지고"}],"type":"pronunciation"},{"start_time":"177.24","end_time":"177.39","alternatives":[{"confidence":"0.992","content":"지금"}],"type":"pronunciation"},{"start_time":"177.39","end_time":"177.56","alternatives":[{"confidence":"0.9984","content":"하고"}],"type":"pronunciation"},{"start_time":"177.56","end_time":"177.73","alternatives":[{"confidence":"0.9986","content":"있는"}],"type":"pronunciation"},{"start_time":"177.73","end_time":"177.9","alternatives":[{"confidence":"0.9955","content":"그런"}],"type":"pronunciation"},{"start_time":"177.9","end_time":"178.41","alternatives":[{"confidence":"0.9904","content":"입장에서는"}],"type":"pronunciation"},{"start_time":"180.49","end_time":"180.71","alternatives":[{"confidence":"0.3266","content":"끌고"}],"type":"pronunciation"},{"start_time":"180.71","end_time":"181.12","alternatives":[{"confidence":"0.8614","content":"있는데"}],"type":"pronunciation"},{"alternatives":[{"confidence":"0.0","content":"."}],"type":"punctuation"},{"start_time":"183.13","end_time":"183.39","alternatives":[{"confidence":"0.4302","content":"님"}],"type":"pronunciation"},{"start_time":"183.78","end_time":"183.98","alternatives":[{"confidence":"0.9614","content":"지금"}],"type":"pronunciation"},{"start_time":"183.98","end_time":"184.53","alternatives":[{"confidence":"0.80365","content":"계좌번호"}],"type":"pronunciation"},{"start_time":"194.85","end_time":"195.07","alternatives":[{"confidence":"0.9","content":"이거"}],"type":"pronunciation"},{"start_time":"195.07","end_time":"196.11","alternatives":[{"confidence":"0.9712","content":"맞으시죠"}],"type":"pronunciation"},{"alternatives":[{"confidence":"0.0","content":"?"}],"type":"punctuation"},{"start_time":"196.2","end_time":"196.43","alternatives":[{"confidence":"0.955","content":"네"}],"type":"pronunciation"},{"alternatives":[{"confidence":"0.0","content":"."}],"type":"punctuation"},{"start_time":"196.46","end_time":"196.92","alternatives":[{"confidence":"0.9999","content":"저희한테"}],"type":"pronunciation"},{"start_time":"196.92","end_time":"197.51","alternatives":[{"confidence":"0.9997","content":"보내주셨던"}],"type":"pronunciation"},{"start_time":"197.54","end_time":"197.67","alternatives":[{"confidence":"0.3263","content":"이"}],"type":"pronunciation"},{"start_time":"197.67","end_time":"198.12","alternatives":[{"confidence":"0.99975","content":"계좌로"}],"type":"pronunciation"},{"start_time":"198.12","end_time":"198.32","alternatives":[{"confidence":"0.999","content":"이제"}],"type":"pronunciation"},{"start_time":"198.35","end_time":"198.78","alternatives":[{"confidence":"0.5287","content":"저희쪽"}],"type":"pronunciation"},{"start_time":"198.78","end_time":"199.1","alternatives":[{"confidence":"0.7308","content":"자금"}],"type":"pronunciation"},{"start_time":"199.1","end_time":"199.41","alternatives":[{"confidence":"0.3497","content":"삼천"}],"type":"pronunciation"},{"start_time":"199.41","end_time":"199.71","alternatives":[{"confidence":"0.1673","content":"만원을"}],"type":"pronunciation"},{"start_time":"199.71","end_time":"200.32","alternatives":[{"confidence":"0.8173666666666667","content":"궁금해드리면"}],"type":"pronunciation"},{"start_time":"200.32","end_time":"200.55","alternatives":[{"confidence":"0.8616","content":"되는"}],"type":"pronunciation"},{"start_time":"200.55","end_time":"200.99","alternatives":[{"confidence":"0.9134","content":"거고요"}],"type":"pronunciation"},{"alternatives":[{"confidence":"0.0","content":"."}],"type":"punctuation"},{"start_time":"204.13","end_time":"204.54","alternatives":[{"confidence":"0.5403","content":"뉴욕"}],"type":"pronunciation"},{"start_time":"204.54","end_time":"204.81","alternatives":[{"confidence":"0.5758","content":"기간"}],"type":"pronunciation"},{"start_time":"204.84","end_time":"206.81","alternatives":[{"confidence":"0.942125","content":"계좌계약서체결하실"}],"type":"pronunciation"},{"start_time":"206.81","end_time":"206.91","alternatives":[{"confidence":"0.9761","content":"때"}],"type":"pronunciation"},{"start_time":"206.91","end_time":"207.03","alternatives":[{"confidence":"0.7337","content":"그"}],"type":"pronunciation"},{"start_time":"207.03","end_time":"207.58","alternatives":[{"confidence":"0.9111","content":"선택하실"}],"type":"pronunciation"},{"start_time":"207.58","end_time":"208.11","alternatives":[{"confidence":"1.0","content":"건데요"}],"type":"pronunciation"},{"alternatives":[{"confidence":"0.0","content":"."}],"type":"punctuation"},{"start_time":"208.35","end_time":"208.5","alternatives":[{"confidence":"0.9055","content":"이제"}],"type":"pronunciation"},{"start_time":"208.51","end_time":"209.26","alternatives":[{"confidence":"0.94965","content":"최장기간이"}],"type":"pronunciation"},{"start_time":"209.26","end_time":"209.4","alternatives":[{"confidence":"0.7913","content":"5"}],"type":"pronunciation"},{"start_time":"209.4","end_time":"209.75","alternatives":[{"confidence":"0.863","content":"년까지"}],"type":"pronunciation"},{"start_time":"209.75","end_time":"210.08","alternatives":[{"confidence":"0.9997","content":"설정이"}],"type":"pronunciation"},{"start_time":"210.08","end_time":"211.21","alternatives":[{"confidence":"1.0","content":"가능하세요"}],"type":"pronunciation"},{"alternatives":[{"confidence":"0.0","content":"."}],"type":"punctuation"},{"start_time":"214.71","end_time":"215.21","alternatives":[{"confidence":"0.9998","content":"그렇죠"}],"type":"pronunciation"},{"alternatives":[{"confidence":"0.0","content":"."}],"type":"punctuation"},{"start_time":"215.24","end_time":"215.53","alternatives":[{"confidence":"0.9112","content":"일부"}],"type":"pronunciation"},{"start_time":"215.53","end_time":"215.91","alternatives":[{"confidence":"0.96585","content":"면제도"}],"type":"pronunciation"},{"start_time":"215.91","end_time":"216.74","alternatives":[{"confidence":"0.8675","content":"가능하시고"}],"type":"pronunciation"},{"start_time":"217.02","end_time":"217.17","alternatives":[{"confidence":"0.9878","content":"이제"}],"type":"pronunciation"},{"start_time":"217.18","end_time":"217.4","alternatives":[{"confidence":"0.4211","content":"3"}],"type":"pronunciation"},{"start_time":"217.4","end_time":"217.68","alternatives":[{"confidence":"0.9975","content":"개월"}],"type":"pronunciation"},{"start_time":"217.68","end_time":"217.89","alternatives":[{"confidence":"0.998","content":"이상"}],"type":"pronunciation"},{"start_time":"217.89","end_time":"218.16","alternatives":[{"confidence":"0.9932","content":"납부"}],"type":"pronunciation"},{"start_time":"218.446","end_time":"218.596","alternatives":[{"confidence":"0.7039","content":"을"}],"type":"pronunciation"},{"start_time":"218.596","end_time":"219.156","alternatives":[{"confidence":"0.9554","content":"때"}],"type":"pronunciation"},{"start_time":"219.186","end_time":"220.576","alternatives":[{"confidence":"0.9805400000000001","content":"중도상환수수료발생이"}],"type":"pronunciation"},{"start_time":"220.576","end_time":"220.676","alternatives":[{"confidence":"0.8811","content":"안"}],"type":"pronunciation"},{"start_time":"220.676","end_time":"221.596","alternatives":[{"confidence":"0.9431","content":"되시거든요"}],"type":"pronunciation"},{"alternatives":[{"confidence":"0.0","content":"."}],"type":"punctuation"},{"start_time":"221.996","end_time":"222.216","alternatives":[{"confidence":"0.5329","content":"삼"}],"type":"pronunciation"},{"start_time":"222.216","end_time":"222.446","alternatives":[{"confidence":"0.912","content":"개월"}],"type":"pronunciation"},{"start_time":"222.446","end_time":"222.716","alternatives":[{"confidence":"0.9749","content":"정도"}],"type":"pronunciation"},{"start_time":"222.716","end_time":"223.546","alternatives":[{"confidence":"0.9757333333333333","content":"사용하시다가"}],"type":"pronunciation"},{"alternatives":[{"confidence":"0.0","content":"."}],"type":"punctuation"},{"start_time":"223.546","end_time":"223.696","alternatives":[{"confidence":"0.422","content":"요"}],"type":"pronunciation"},{"start_time":"223.726","end_time":"224.136","alternatives":[{"confidence":"0.9835","content":"자금"}],"type":"pronunciation"},{"start_time":"224.136","end_time":"224.426","alternatives":[{"confidence":"0.83745","content":"융통"}],"type":"pronunciation"},{"start_time":"224.426","end_time":"225.196","alternatives":[{"confidence":"0.9973000000000001","content":"되시면은"}],"type":"pronunciation"},{"start_time":"225.426","end_time":"225.596","alternatives":[{"confidence":"0.9348","content":"이제"}],"type":"pronunciation"},{"start_time":"225.606","end_time":"226.206","alternatives":[{"confidence":"0.8059","content":"바로"}],"type":"pronunciation"},{"start_time":"226.266","end_time":"226.616","alternatives":[{"confidence":"0.7961","content":"전부"}],"type":"pronunciation"},{"start_time":"226.616","end_time":"227.086","alternatives":[{"confidence":"0.7804333333333333","content":"완납처리"}],"type":"pronunciation"},{"start_time":"227.086","end_time":"227.376","alternatives":[{"confidence":"1.0","content":"하셔도"}],"type":"pronunciation"},{"start_time":"227.376","end_time":"227.766","alternatives":[{"confidence":"0.9847","content":"되시는"}],"type":"pronunciation"},{"start_time":"227.766","end_time":"228.156","alternatives":[{"confidence":"0.9443999999999999","content":"거고요"}],"type":"pronunciation"},{"alternatives":[{"confidence":"0.0","content":"."}],"type":"punctuation"},{"start_time":"230.236","end_time":"230.596","alternatives":[{"confidence":"0.094","content":"그렇죠"}],"type":"pronunciation"},{"alternatives":[{"confidence":"0.0","content":"."}],"type":"punctuation"},{"start_time":"230.926","end_time":"231.316","alternatives":[{"confidence":"0.877","content":"근데"}],"type":"pronunciation"},{"start_time":"231.346","end_time":"231.606","alternatives":[{"confidence":"0.994","content":"뭐"}],"type":"pronunciation"},{"start_time":"231.636","end_time":"232.016","alternatives":[{"confidence":"0.9786","content":"그"}],"type":"pronunciation"},{"start_time":"232.026","end_time":"232.406","alternatives":[{"confidence":"0.7677499999999999","content":"그부분에"}],"type":"pronunciation"},{"start_time":"232.406","end_time":"232.786","alternatives":[{"confidence":"1.0","content":"대해서도"}],"type":"pronunciation"},{"start_time":"232.786","end_time":"233.356","alternatives":[{"confidence":"0.93235","content":"고객님께서"}],"type":"pronunciation"},{"start_time":"233.356","end_time":"233.466","alternatives":[{"confidence":"0.8399","content":"뭐"}],"type":"pronunciation"},{"start_time":"233.496","end_time":"233.836","alternatives":[{"confidence":"0.9997","content":"매달"}],"type":"pronunciation"},{"start_time":"233.836","end_time":"234.286","alternatives":[{"confidence":"0.99995","content":"이자만"}],"type":"pronunciation"},{"start_time":"234.286","end_time":"234.836","alternatives":[{"confidence":"0.9931","content":"납부하시는"}],"type":"pronunciation"},{"start_time":"234.836","end_time":"235.246","alternatives":[{"confidence":"0.9999","content":"방식으로"}],"type":"pronunciation"},{"start_time":"235.246","end_time":"235.596","alternatives":[{"confidence":"0.9998","content":"선택을"}],"type":"pronunciation"},{"start_time":"235.596","end_time":"236.066","alternatives":[{"confidence":"0.9065","content":"하시겠어요"}],"type":"pronunciation"},{"alternatives":[{"confidence":"0.0","content":","}],"type":"punctuation"},{"start_time":"236.066","end_time":"236.346","alternatives":[{"confidence":"0.9997","content":"아니면"}],"type":"pronunciation"},{"start_time":"236.346","end_time":"236.856","alternatives":[{"confidence":"0.79645","content":"원금이자"}],"type":"pronunciation"},{"start_time":"236.856","end_time":"237.146","alternatives":[{"confidence":"0.8247","content":"같이"}],"type":"pronunciation"},{"start_time":"237.146","end_time":"237.876","alternatives":[{"confidence":"0.8640333333333333","content":"납부하시겠어요"}],"type":"pronunciation"},{"alternatives":[{"confidence":"0.0","content":"?"}],"type":"punctuation"},{"start_time":"243.422","end_time":"243.702","alternatives":[{"confidence":"0.2007","content":"네"}],"type":"pronunciation"},{"alternatives":[{"confidence":"0.0","content":"."}],"type":"punctuation"},{"start_time":"243.802","end_time":"244.422","alternatives":[{"confidence":"1.0","content":"일단은"}],"type":"pronunciation"},{"start_time":"244.422","end_time":"245.252","alternatives":[{"confidence":"0.99275","content":"그러시면은"}],"type":"pronunciation"},{"alternatives":[{"confidence":"0.0","content":"."}],"type":"punctuation"},{"start_time":"245.252","end_time":"245.492","alternatives":[{"confidence":"0.5861","content":"오"}],"type":"pronunciation"},{"start_time":"245.492","end_time":"245.712","alternatives":[{"confidence":"0.7252","content":"년"}],"type":"pronunciation"},{"start_time":"245.712","end_time":"246.882","alternatives":[{"confidence":"0.99465","content":"거치하시고"}],"type":"pronunciation"},{"start_time":"246.882","end_time":"247.762","alternatives":[{"confidence":"0.9868","content":"원금만기"}],"type":"pronunciation"},{"start_time":"247.762","end_time":"248.012","alternatives":[{"confidence":"0.9224","content":"일시"}],"type":"pronunciation"},{"start_time":"248.012","end_time":"248.592","alternatives":[{"confidence":"0.8859","content":"상환이라고"}],"type":"pronunciation"},{"start_time":"248.592","end_time":"248.792","alternatives":[{"confidence":"0.9994","content":"해서"}],"type":"pronunciation"},{"start_time":"248.792","end_time":"249.212","alternatives":[{"confidence":"0.8339","content":"이지만"}],"type":"pronunciation"},{"start_time":"249.212","end_time":"249.502","alternatives":[{"confidence":"0.9985","content":"매달"}],"type":"pronunciation"},{"start_time":"249.502","end_time":"250.072","alternatives":[{"confidence":"0.9741","content":"납부하시는"}],"type":"pronunciation"},{"start_time":"250.072","end_time":"251.042","alternatives":[{"confidence":"0.9941","content":"거에요"}],"type":"pronunciation"},{"alternatives":[{"confidence":"0.0","content":"."}],"type":"punctuation"},{"start_time":"251.132","end_time":"251.272","alternatives":[{"confidence":"0.7055","content":"네"}],"type":"pronunciation"},{"alternatives":[{"confidence":"0.0","content":"."}],"type":"punctuation"},{"start_time":"251.272","end_time":"251.772","alternatives":[{"confidence":"0.9117500000000001","content":"이자만"}],"type":"pronunciation"},{"start_time":"251.772","end_time":"252.242","alternatives":[{"confidence":"0.0107","content":"매달"}],"type":"pronunciation"},{"start_time":"252.242","end_time":"252.312","alternatives":[{"confidence":"0.0365","content":"구"}],"type":"pronunciation"},{"start_time":"252.312","end_time":"252.492","alternatives":[{"confidence":"0.7965","content":"만"}],"type":"pronunciation"},{"start_time":"252.492","end_time":"252.832","alternatives":[{"confidence":"0.878","content":"오천"}],"type":"pronunciation"},{"start_time":"252.832","end_time":"252.932","alternatives":[{"confidence":"0.8582","content":"원"}],"type":"pronunciation"},{"start_time":"252.932","end_time":"253.432","alternatives":[{"confidence":"0.2712","content":"정도"}],"type":"pronunciation"},{"start_time":"256.462","end_time":"256.782","alternatives":[{"confidence":"0.5343","content":"근데"}],"type":"pronunciation"},{"start_time":"256.782","end_time":"257.252","alternatives":[{"confidence":"0.9013","content":"이자만"}],"type":"pronunciation"},{"start_time":"257.252","end_time":"257.882","alternatives":[{"confidence":"0.28445","content":"발생하시면"}],"type":"pronunciation"},{"alternatives":[{"confidence":"0.0","content":"."}],"type":"punctuation"},{"start_time":"258.872","end_time":"259.172","alternatives":[{"confidence":"0.0091","content":"네네"}],"type":"pronunciation"},{"alternatives":[{"confidence":"0.0","content":"."}],"type":"punctuation"},{"start_time":"260.872","end_time":"261.302","alternatives":[{"confidence":"0.1471","content":"네오"}],"type":"pronunciation"},{"start_time":"261.302","end_time":"261.562","alternatives":[{"confidence":"0.9917","content":"년"}],"type":"pronunciation"},{"start_time":"261.562","end_time":"261.752","alternatives":[{"confidence":"0.4438","content":"오"}],"type":"pronunciation"},{"start_time":"261.752","end_time":"262.182","alternatives":[{"confidence":"1.0","content":"년으로"}],"type":"pronunciation"},{"start_time":"262.182","end_time":"262.542","alternatives":[{"confidence":"0.9761","content":"약점을"}],"type":"pronunciation"},{"start_time":"262.542","end_time":"262.992","alternatives":[{"confidence":"0.9995333333333334","content":"잡으셔서"}],"type":"pronunciation"},{"alternatives":[{"confidence":"0.0","content":"."}],"type":"punctuation"},{"start_time":"262.992","end_time":"263.422","alternatives":[{"confidence":"0.9964","content":"아마"}],"type":"pronunciation"},{"start_time":"263.452","end_time":"263.592","alternatives":[{"confidence":"0.672","content":"좀"}],"type":"pronunciation"},{"start_time":"263.592","end_time":"263.882","alternatives":[{"confidence":"0.9151","content":"이자가"}],"type":"pronunciation"},{"start_time":"263.882","end_time":"264.072","alternatives":[{"confidence":"0.7865","content":"좀"}],"type":"pronunciation"},{"start_time":"264.402","end_time":"264.672","alternatives":[{"confidence":"0.8509","content":"하시는"}],"type":"pronunciation"},{"start_time":"264.672","end_time":"264.762","alternatives":[{"confidence":"0.9853","content":"것"}],"type":"pronunciation"},{"start_time":"264.762","end_time":"265.412","alternatives":[{"confidence":"0.9943","content":"같은데"}],"type":"pronunciation"},{"start_time":"265.9","end_time":"266.55","alternatives":[{"confidence":"1.0","content":"어차피"}],"type":"pronunciation"},{"start_time":"267.39","end_time":"267.85","alternatives":[{"confidence":"0.99705","content":"이자만"}],"type":"pronunciation"},{"start_time":"267.85","end_time":"268.37","alternatives":[{"confidence":"0.97315","content":"납부하실"}],"type":"pronunciation"},{"start_time":"268.37","end_time":"268.71","alternatives":[{"confidence":"0.9961","content":"거라고"}],"type":"pronunciation"},{"start_time":"268.71","end_time":"269.6","alternatives":[{"confidence":"0.9845","content":"하신다면"}],"type":"pronunciation"},{"start_time":"269.92","end_time":"270.15","alternatives":[{"confidence":"0.3517","content":"3"}],"type":"pronunciation"},{"start_time":"270.15","end_time":"270.44","alternatives":[{"confidence":"0.5989","content":"년도"}],"type":"pronunciation"},{"start_time":"270.44","end_time":"270.95","alternatives":[{"confidence":"0.975","content":"괜찮으신"}],"type":"pronunciation"},{"start_time":"270.95","end_time":"271.06","alternatives":[{"confidence":"0.9758","content":"것"}],"type":"pronunciation"},{"start_time":"271.06","end_time":"271.36","alternatives":[{"confidence":"0.9991","content":"같아요"}],"type":"pronunciation"},{"alternatives":[{"confidence":"0.0","content":"."}],"type":"punctuation"},{"start_time":"271.36","end_time":"271.57","alternatives":[{"confidence":"1.0","content":"제가"}],"type":"pronunciation"},{"start_time":"271.57","end_time":"271.87","alternatives":[{"confidence":"1.0","content":"봤을"}],"type":"pronunciation"},{"start_time":"271.87","end_time":"272.12","alternatives":[{"confidence":"0.9963","content":"때는"}],"type":"pronunciation"},{"start_time":"274.18","end_time":"278.99","alternatives":[{"confidence":"0.5453","content":"넉넉네네"}],"type":"pronunciation"},{"start_time":"278.99","end_time":"279.64","alternatives":[{"confidence":"0.9999","content":"그렇죠"}],"type":"pronunciation"},{"alternatives":[{"confidence":"0.0","content":"."}],"type":"punctuation"},{"start_time":"279.67","end_time":"280.02","alternatives":[{"confidence":"0.9707","content":"그러니까"}],"type":"pronunciation"},{"start_time":"280.14","end_time":"280.53","alternatives":[{"confidence":"0.9744999999999999","content":"그러시면"}],"type":"pronunciation"},{"start_time":"280.53","end_time":"280.76","alternatives":[{"confidence":"1.0","content":"일단"}],"type":"pronunciation"},{"start_time":"280.76","end_time":"280.9","alternatives":[{"confidence":"0.4273","content":"5"}],"type":"pronunciation"},{"start_time":"280.9","end_time":"281.63","alternatives":[{"confidence":"1.0","content":"년으로"}],"type":"pronunciation"},{"start_time":"281.69","end_time":"282.09","alternatives":[{"confidence":"1.0","content":"저희가"}],"type":"pronunciation"},{"start_time":"282.09","end_time":"282.22","alternatives":[{"confidence":"0.709","content":"이제"}],"type":"pronunciation"},{"start_time":"282.25","end_time":"282.9","alternatives":[{"confidence":"0.6776500000000001","content":"최장기간이"}],"type":"pronunciation"},{"start_time":"282.9","end_time":"283.04","alternatives":[{"confidence":"0.6596","content":"5"}],"type":"pronunciation"},{"start_time":"283.04","end_time":"284.34","alternatives":[{"confidence":"0.45013333333333333","content":"년이신데요"}],"type":"pronunciation"},{"start_time":"284.37","end_time":"284.49","alternatives":[{"confidence":"0.4927","content":"이제"}],"type":"pronunciation"},{"start_time":"284.5","end_time":"285.05","alternatives":[{"confidence":"0.95105","content":"고객님께서"}],"type":"pronunciation"},{"start_time":"285.05","end_time":"285.19","alternatives":[{"confidence":"0.9935","content":"한"}],"type":"pronunciation"},{"start_time":"285.19","end_time":"285.32","alternatives":[{"confidence":"0.5596","content":"일"}],"type":"pronunciation"},{"start_time":"285.32","end_time":"285.5","alternatives":[{"confidence":"0.927","content":"년"}],"type":"pronunciation"},{"start_time":"285.5","end_time":"285.93","alternatives":[{"confidence":"0.9658","content":"정도"}],"type":"pronunciation"},{"start_time":"285.93","end_time":"286.34","alternatives":[{"confidence":"0.7044","content":"연체없이"}],"type":"pronunciation"},{"start_time":"286.34","end_time":"287.04","alternatives":[{"confidence":"0.8573333333333334","content":"납부잘하게"}],"type":"pronunciation"},{"start_time":"287.04","end_time":"287.82","alternatives":[{"confidence":"0.39155","content":"되시면은"}],"type":"pronunciation"},{"start_time":"288.0","end_time":"288.15","alternatives":[{"confidence":"0.6011","content":"이제"}],"type":"pronunciation"},{"start_time":"288.16","end_time":"288.93","alternatives":[{"confidence":"0.69885","content":"대출기간"}],"type":"pronunciation"},{"start_time":"288.93","end_time":"289.26","alternatives":[{"confidence":"0.6521","content":"연장"}],"type":"pronunciation"},{"start_time":"289.26","end_time":"289.57","alternatives":[{"confidence":"0.883","content":"신청"}],"type":"pronunciation"},{"start_time":"289.57","end_time":"289.84","alternatives":[{"confidence":"0.9703","content":"가능"}],"type":"pronunciation"},{"start_time":"289.84","end_time":"290.64","alternatives":[{"confidence":"0.99925","content":"하시거든요"}],"type":"pronunciation"},{"start_time":"291.05","end_time":"291.26","alternatives":[{"confidence":"0.6654","content":"네"}],"type":"pronunciation"},{"start_time":"291.68","end_time":"291.83","alternatives":[{"confidence":"0.8294","content":"이제"}],"type":"pronunciation"},{"start_time":"291.86","end_time":"292.43","alternatives":[{"confidence":"0.56875","content":"췌장십"}],"type":"pronunciation"},{"start_time":"292.43","end_time":"292.59","alternatives":[{"confidence":"0.7492","content":"년"}],"type":"pronunciation"},{"start_time":"292.59","end_time":"293.02","alternatives":[{"confidence":"0.9906","content":"까지도"}],"type":"pronunciation"},{"start_time":"293.02","end_time":"293.53","alternatives":[{"confidence":"0.72245","content":"연장가능"}],"type":"pronunciation"},{"start_time":"293.53","end_time":"294.21","alternatives":[{"confidence":"0.72435","content":"하시니깐요"}],"type":"pronunciation"},{"start_time":"294.24","end_time":"294.33","alternatives":[{"confidence":"0.2871","content":"이"}],"type":"pronunciation"},{"start_time":"294.33","end_time":"294.83","alternatives":[{"confidence":"0.7708","content":"부분은"}],"type":"pronunciation"},{"start_time":"294.92","end_time":"295.56","alternatives":[{"confidence":"0.9179999999999999","content":"고객님께서"}],"type":"pronunciation"},{"start_time":"295.56","end_time":"295.96","alternatives":[{"confidence":"0.9999","content":"여유롭게"}],"type":"pronunciation"},{"start_time":"295.96","end_time":"296.3","alternatives":[{"confidence":"0.9926","content":"생각을"}],"type":"pronunciation"},{"start_time":"296.3","end_time":"296.58","alternatives":[{"confidence":"1.0","content":"하셔도"}],"type":"pronunciation"},{"start_time":"296.58","end_time":"297.35","alternatives":[{"confidence":"0.9474","content":"되시고요"}],"type":"pronunciation"},{"start_time":"297.47","end_time":"298.78","alternatives":[{"confidence":"0.7679333333333332","content":"원금상환은"}],"type":"pronunciation"},{"start_time":"298.78","end_time":"298.94","alternatives":[{"confidence":"0.7897","content":"이제"}],"type":"pronunciation"},{"start_time":"298.95","end_time":"299.38","alternatives":[{"confidence":"0.91335","content":"맡으신"}],"type":"pronunciation"},{"start_time":"299.38","end_time":"299.74","alternatives":[{"confidence":"0.996","content":"거죠"}],"type":"pronunciation"},{"alternatives":[{"confidence":"0.0","content":"?"}],"type":"punctuation"},{"start_time":"300.52","end_time":"301.08","alternatives":[{"confidence":"0.7457333333333334","content":"납부하시니까"}],"type":"pronunciation"},{"start_time":"301.14","end_time":"301.51","alternatives":[{"confidence":"0.6418","content":"마음"}],"type":"pronunciation"},{"start_time":"301.54","end_time":"301.78","alternatives":[{"confidence":"1.0","content":"좀"}],"type":"pronunciation"},{"start_time":"302.12","end_time":"302.31","alternatives":[{"confidence":"1.0","content":"더"}],"type":"pronunciation"},{"start_time":"302.31","end_time":"303.5","alternatives":[{"confidence":"0.7110666666666666","content":"나아신거죠"}],"type":"pronunciation"},{"start_time":"303.65","end_time":"303.96","alternatives":[{"confidence":"0.603","content":"네네"}],"type":"pronunciation"},{"start_time":"303.96","end_time":"304.23","alternatives":[{"confidence":"0.8281","content":"이제"}],"type":"pronunciation"},{"start_time":"304.23","end_time":"304.35","alternatives":[{"confidence":"0.9321","content":"만"}],"type":"pronunciation"},{"start_time":"304.35","end_time":"304.92","alternatives":[{"confidence":"0.9857","content":"납부하시는"}],"type":"pronunciation"},{"start_time":"304.92","end_time":"305.14","alternatives":[{"confidence":"0.974","content":"걸로"}],"type":"pronunciation"},{"start_time":"305.14","end_time":"305.38","alternatives":[{"confidence":"0.9993","content":"제가"}],"type":"pronunciation"},{"start_time":"305.38","end_time":"305.73","alternatives":[{"confidence":"0.44179999999999997","content":"계약도"}],"type":"pronunciation"},{"start_time":"305.73","end_time":"306.09","alternatives":[{"confidence":"0.82185","content":"체결해"}],"type":"pronunciation"},{"start_time":"306.09","end_time":"306.76","alternatives":[{"confidence":"0.9514","content":"드릴게요"}],"type":"pronunciation"},{"start_time":"306.82","end_time":"307.34","alternatives":[{"confidence":"1.0","content":"일단은"}],"type":"pronunciation"},{"start_time":"307.4","end_time":"307.54","alternatives":[{"confidence":"0.402","content":"이제"}],"type":"pronunciation"},{"start_time":"307.55","end_time":"308.25","alternatives":[{"confidence":"0.97265","content":"계좌설정"}],"type":"pronunciation"},{"start_time":"308.25","end_time":"308.45","alternatives":[{"confidence":"0.809","content":"완료"}],"type":"pronunciation"},{"start_time":"308.45","end_time":"309.16","alternatives":[{"confidence":"0.9946999999999999","content":"되셨고요"}],"type":"pronunciation"},{"start_time":"309.22","end_time":"309.51","alternatives":[{"confidence":"0.818","content":"월요일"}],"type":"pronunciation"},{"start_time":"309.51","end_time":"309.66","alternatives":[{"confidence":"0.9965","content":"날"}],"type":"pronunciation"},{"start_time":"309.66","end_time":"309.94","alternatives":[{"confidence":"0.5471","content":"자금"}],"type":"pronunciation"},{"start_time":"309.94","end_time":"310.37","alternatives":[{"confidence":"0.97375","content":"나가실"}],"type":"pronunciation"},{"start_time":"310.37","end_time":"310.48","alternatives":[{"confidence":"0.7709","content":"때"}],"type":"pronunciation"},{"start_time":"310.895","end_time":"311.125","alternatives":[{"confidence":"0.3804","content":"확인"}],"type":"pronunciation"},{"start_time":"311.125","end_time":"311.475","alternatives":[{"confidence":"0.4979","content":"해주신"}],"type":"pronunciation"},{"start_time":"311.475","end_time":"312.205","alternatives":[{"confidence":"0.9966","content":"번호로"}],"type":"pronunciation"},{"start_time":"312.565","end_time":"313.055","alternatives":[{"confidence":"0.5382","content":"확인"}],"type":"pronunciation"},{"start_time":"313.055","end_time":"313.355","alternatives":[{"confidence":"0.54","content":"해주신"}],"type":"pronunciation"},{"start_time":"313.355","end_time":"313.975","alternatives":[{"confidence":"0.97445","content":"계좌번호로"}],"type":"pronunciation"},{"start_time":"313.975","end_time":"314.255","alternatives":[{"confidence":"0.5339","content":"자금"}],"type":"pronunciation"},{"start_time":"314.255","end_time":"314.705","alternatives":[{"confidence":"0.9266","content":"나가실"}],"type":"pronunciation"},{"start_time":"314.705","end_time":"315.485","alternatives":[{"confidence":"0.9640500000000001","content":"거고요"}],"type":"pronunciation"},{"alternatives":[{"confidence":"0.0","content":"."}],"type":"punctuation"},{"start_time":"315.775","end_time":"316.595","alternatives":[{"confidence":"1.0","content":"일단은"}],"type":"pronunciation"},{"start_time":"317.025","end_time":"317.335","alternatives":[{"confidence":"0.0683","content":"체계를"}],"type":"pronunciation"},{"start_time":"317.335","end_time":"317.535","alternatives":[{"confidence":"0.0031","content":"갖춰야"}],"type":"pronunciation"},{"start_time":"317.565","end_time":"317.725","alternatives":[{"confidence":"0.0147","content":"하는"}],"type":"pronunciation"},{"start_time":"317.725","end_time":"317.885","alternatives":[{"confidence":"0.0014","content":"거예요"}],"type":"pronunciation"},{"alternatives":[{"confidence":"0.0","content":"."}],"type":"punctuation"},{"start_time":"321.625","end_time":"322.035","alternatives":[{"confidence":"0.9989","content":"그렇죠"}],"type":"pronunciation"},{"alternatives":[{"confidence":"0.0","content":"?"}],"type":"punctuation"},{"start_time":"322.035","end_time":"322.535","alternatives":[{"confidence":"0.6634","content":"고인님께서"}],"type":"pronunciation"},{"start_time":"322.535","end_time":"322.985","alternatives":[{"confidence":"0.9987666666666666","content":"자필로"}],"type":"pronunciation"},{"start_time":"322.985","end_time":"323.675","alternatives":[{"confidence":"0.9694","content":"작성하셔서"}],"type":"pronunciation"},{"start_time":"323.675","end_time":"324.215","alternatives":[{"confidence":"0.6392","content":"보내주셔야"}],"type":"pronunciation"},{"start_time":"324.215","end_time":"324.575","alternatives":[{"confidence":"0.4109","content":"돼요"}],"type":"pronunciation"},{"alternatives":[{"confidence":"0.0","content":"."}],"type":"punctuation"},{"start_time":"324.935","end_time":"325.145","alternatives":[{"confidence":"0.1818","content":"그건"}],"type":"pronunciation"},{"start_time":"325.355","end_time":"325.795","alternatives":[{"confidence":"0.9861","content":"지금이라도"}],"type":"pronunciation"},{"start_time":"328.325","end_time":"328.485","alternatives":[{"confidence":"0.8186","content":"네"}],"type":"pronunciation"},{"start_time":"328.485","end_time":"328.945","alternatives":[{"confidence":"0.9894499999999999","content":"그러시면"}],"type":"pronunciation"},{"start_time":"328.945","end_time":"329.215","alternatives":[{"confidence":"0.8577","content":"팩스"}],"type":"pronunciation"},{"start_time":"329.215","end_time":"329.685","alternatives":[{"confidence":"0.73395","content":"번호한번"}],"type":"pronunciation"},{"start_time":"329.685","end_time":"330.545","alternatives":[{"confidence":"0.9280999999999999","content":"알려주시겠어요"}],"type":"pronunciation"},{"start_time":"340.01","end_time":"340.2","alternatives":[{"confidence":"0.973","content":"네"}],"type":"pronunciation"},{"start_time":"340.2","end_time":"340.71","alternatives":[{"confidence":"1.0","content":"이쪽으로"}],"type":"pronunciation"},{"start_time":"340.74","end_time":"340.87","alternatives":[{"confidence":"0.3767","content":"이제"}],"type":"pronunciation"},{"start_time":"340.88","end_time":"341.39","alternatives":[{"confidence":"0.92275","content":"계약서한"}],"type":"pronunciation"},{"start_time":"341.39","end_time":"341.55","alternatives":[{"confidence":"0.8911","content":"장"}],"type":"pronunciation"},{"start_time":"341.55","end_time":"342.54","alternatives":[{"confidence":"0.99325","content":"보내드릴게요"}],"type":"pronunciation"},{"alternatives":[{"confidence":"0.0","content":"."}],"type":"punctuation"},{"start_time":"342.98","end_time":"343.17","alternatives":[{"confidence":"0.0577","content":"내가"}],"type":"pronunciation"},{"start_time":"343.71","end_time":"343.91","alternatives":[{"confidence":"0.2487","content":"쪽으로"}],"type":"pronunciation"},{"start_time":"343.91","end_time":"344.07","alternatives":[{"confidence":"0.0366","content":"내가"}],"type":"pronunciation"},{"start_time":"346.16","end_time":"346.65","alternatives":[{"confidence":"0.9635","content":"오늘"}],"type":"pronunciation"},{"start_time":"346.65","end_time":"347.13","alternatives":[{"confidence":"1.0","content":"중으로"}],"type":"pronunciation"},{"start_time":"347.13","end_time":"347.67","alternatives":[{"confidence":"0.7355","content":"다섯시"}],"type":"pronunciation"},{"start_time":"347.67","end_time":"348.49","alternatives":[{"confidence":"0.9998","content":"이전까지"}],"type":"pronunciation"},{"start_time":"348.52","end_time":"348.85","alternatives":[{"confidence":"0.9999","content":"처리가"}],"type":"pronunciation"},{"start_time":"348.85","end_time":"348.98","alternatives":[{"confidence":"0.9325","content":"다"}],"type":"pronunciation"},{"start_time":"348.98","end_time":"349.73","alternatives":[{"confidence":"0.7482500000000001","content":"가능하셔야"}],"type":"pronunciation"},{"start_time":"349.73","end_time":"350.52","alternatives":[{"confidence":"0.9982","content":"되는데"}],"type":"pronunciation"},{"start_time":"351.68","end_time":"352.66","alternatives":[{"confidence":"0.9795499999999999","content":"가능하시겠어요"}],"type":"pronunciation"},{"start_time":"352.72","end_time":"352.88","alternatives":[{"confidence":"0.4988","content":"지금"}],"type":"pronunciation"},{"start_time":"352.89","end_time":"353.15","alternatives":[{"confidence":"0.6356","content":"십오"}],"type":"pronunciation"},{"start_time":"353.15","end_time":"353.3","alternatives":[{"confidence":"0.8807","content":"분"}],"type":"pronunciation"},{"start_time":"353.3","end_time":"353.73","alternatives":[{"confidence":"0.9536","content":"정도"}],"type":"pronunciation"},{"start_time":"353.73","end_time":"358.94","alternatives":[{"confidence":"0.49239999999999995","content":"나무심걱정하지"}],"type":"pronunciation"},{"start_time":"358.94","end_time":"359.28","alternatives":[{"confidence":"1.0","content":"마세요"}],"type":"pronunciation"},{"alternatives":[{"confidence":"0.0","content":"."}],"type":"punctuation"},{"start_time":"359.4","end_time":"359.7","alternatives":[{"confidence":"0.9992","content":"제가"}],"type":"pronunciation"},{"start_time":"359.7","end_time":"359.96","alternatives":[{"confidence":"0.9972","content":"지금"}],"type":"pronunciation"},{"start_time":"359.96","end_time":"360.09","alternatives":[{"confidence":"0.9416","content":"다"}],"type":"pronunciation"},{"start_time":"360.09","end_time":"360.36","alternatives":[{"confidence":"0.9321","content":"작은"}],"type":"pronunciation"},{"start_time":"360.36","end_time":"360.7","alternatives":[{"confidence":"0.8559","content":"반응을"}],"type":"pronunciation"},{"start_time":"361.11","end_time":"361.67","alternatives":[{"confidence":"0.9762","content":"고객님께서"}],"type":"pronunciation"},{"start_time":"361.67","end_time":"361.92","alternatives":[{"confidence":"0.7116","content":"잘못"}],"type":"pronunciation"},{"start_time":"361.92","end_time":"362.16","alternatives":[{"confidence":"0.9175","content":"되시면"}],"type":"pronunciation"},{"start_time":"362.16","end_time":"362.42","alternatives":[{"confidence":"0.9928","content":"저도"}],"type":"pronunciation"},{"start_time":"362.42","end_time":"362.71","alternatives":[{"confidence":"0.9441999999999999","content":"큰일"}],"type":"pronunciation"},{"start_time":"362.71","end_time":"362.86","alternatives":[{"confidence":"0.8212","content":"날"}],"type":"pronunciation"},{"start_time":"363.17","end_time":"363.44","alternatives":[{"confidence":"0.5364","content":"분이"}],"type":"pronunciation"},{"start_time":"365.37","end_time":"365.63","alternatives":[{"confidence":"0.9982","content":"제가"}],"type":"pronunciation"},{"start_time":"365.63","end_time":"365.85","alternatives":[{"confidence":"0.9966","content":"근데"}],"type":"pronunciation"},{"start_time":"365.85","end_time":"366.18","alternatives":[{"confidence":"0.9377","content":"다"}],"type":"pronunciation"},{"start_time":"366.18","end_time":"366.35","alternatives":[{"confidence":"0.9956","content":"이제"}],"type":"pronunciation"},{"start_time":"366.35","end_time":"366.91","alternatives":[{"confidence":"0.99785","content":"매뉴얼대로"}],"type":"pronunciation"},{"start_time":"366.91","end_time":"368.44","alternatives":[{"confidence":"0.9521000000000001","content":"진행도와드리고"}],"type":"pronunciation"},{"start_time":"368.44","end_time":"368.7","alternatives":[{"confidence":"0.9984","content":"제가"}],"type":"pronunciation"},{"start_time":"368.97","end_time":"369.1","alternatives":[{"confidence":"0.9092","content":"이제"}],"type":"pronunciation"},{"start_time":"369.11","end_time":"369.81","alternatives":[{"confidence":"0.90395","content":"고객님문제가"}],"type":"pronunciation"},{"start_time":"369.9","end_time":"370.1","alternatives":[{"confidence":"0.9719","content":"안"}],"type":"pronunciation"},{"start_time":"370.1","end_time":"370.79","alternatives":[{"confidence":"0.8946999999999999","content":"생기시도록"}],"type":"pronunciation"},{"start_time":"370.79","end_time":"371.01","alternatives":[{"confidence":"0.9983","content":"제가"}],"type":"pronunciation"},{"start_time":"371.01","end_time":"371.28","alternatives":[{"confidence":"0.9947","content":"계속"}],"type":"pronunciation"},{"start_time":"371.28","end_time":"371.55","alternatives":[{"confidence":"0.9951","content":"이렇게"}],"type":"pronunciation"},{"start_time":"371.87","end_time":"372.15","alternatives":[{"confidence":"0.8786","content":"계속"}],"type":"pronunciation"},{"start_time":"372.34","end_time":"372.81","alternatives":[{"confidence":"0.9319","content":"해드리는"}],"type":"pronunciation"},{"start_time":"372.81","end_time":"373.41","alternatives":[{"confidence":"0.9918","content":"거잖아요"}],"type":"pronunciation"},{"start_time":"373.84","end_time":"374.2","alternatives":[{"confidence":"0.9996","content":"걱정"}],"type":"pronunciation"},{"start_time":"374.2","end_time":"374.31","alternatives":[{"confidence":"0.8278","content":"안"}],"type":"pronunciation"},{"start_time":"374.31","end_time":"374.62","alternatives":[{"confidence":"1.0","content":"하셔도"}],"type":"pronunciation"},{"start_time":"374.62","end_time":"375.03","alternatives":[{"confidence":"0.985","content":"되세요"}],"type":"pronunciation"},{"start_time":"377.03","end_time":"377.23","alternatives":[{"confidence":"0.0049","content":"네"}],"type":"pronunciation"},{"start_time":"377.69","end_time":"378.14","alternatives":[{"confidence":"0.1275","content":"갈게요"}],"type":"pronunciation"},{"start_time":"378.45","end_time":"378.72","alternatives":[{"confidence":"0.3953","content":"네"}],"type":"pronunciation"},{"start_time":"379.07","end_time":"379.91","alternatives":[{"confidence":"0.9718333333333332","content":"계약서보내드리고"}],"type":"pronunciation"},{"start_time":"379.91","end_time":"380.18","alternatives":[{"confidence":"0.9992","content":"다시"}],"type":"pronunciation"},{"start_time":"380.18","end_time":"380.38","alternatives":[{"confidence":"0.9422","content":"한번"}],"type":"pronunciation"},{"start_time":"380.38","end_time":"380.52","alternatives":[{"confidence":"0.9926","content":"좀"}],"type":"pronunciation"},{"start_time":"380.52","end_time":"380.86","alternatives":[{"confidence":"0.9982","content":"전화를"}],"type":"pronunciation"},{"start_time":"380.86","end_time":"381.78","alternatives":[{"confidence":"0.974","content":"드릴게요"}],"type":"pronunciation"},{"start_time":"382.12","end_time":"382.33","alternatives":[{"confidence":"0.9993","content":"네"}],"type":"pronunciation"},{"start_time":"382.33","end_time":"382.89","alternatives":[{"confidence":"1.0","content":"알겠습니다"}],"type":"pronunciation"},{"alternatives":[{"confidence":"0.0","content":"."}],"type":"punctuation"},{"start_time":"382.89","end_time":"383.79","alternatives":[{"confidence":"0.9997","content":"감사합니다"}],"type":"pronunciation"}]},"status":"COMPLETED"}