{"jobName":"transcribe_loan107","accountId":"097989105209","results":{"transcripts":[{"transcript":"예 고 기님 담당자김상도 드립니다. 지금 법무사님이 두 분 배정되셨어요? 네 지금 뭐 이 책은 되십니까? 그러세요. 지금 일단 먼저 님 한번 안내 좀 해 드리겠습니다. 메모안녕하십니까 주세요 이거 잠시만요 일단 국민은행으로 배정되셨고요 불러 볼게요. 통과하면 어떻게 돼요? 제가 법무사님이십니다 지금 바로 보내보세요 전화드릴게요 님은 먼저 구십팔만원 이세요 구십팔 나머지 이제 차에 백오십이만원을 다른 법무사님 배정받으셔야 됩니다 선생님 오늘 이제 금요일 정치 퇴근이 셔서 네 일단 변호사님이 구십팔만원 이십니다 제가 배정받아야 저도 우선은 이 수사님 구십팔만원 상한철이 하신 다음에 전화바로 좀 부탁드릴께요 저도 법무사님 빠르게 지금 배정요청 중에 있으니까요 제가 지금 빠르게 해서 금요일여섯시까지 영수증확인돼 가지고 여섯시 반에는 자금 수령 제가 문제없도록 도움드리겠습니다 저 그 차이 부분"}],"items":[{"start_time":"0.54","end_time":"0.75","alternatives":[{"confidence":"0.4541","content":"예"}],"type":"pronunciation"},{"start_time":"0.75","end_time":"0.89","alternatives":[{"confidence":"0.2975","content":"고"}],"type":"pronunciation"},{"start_time":"0.89","end_time":"1.18","alternatives":[{"confidence":"0.5015000000000001","content":"기님"}],"type":"pronunciation"},{"start_time":"1.18","end_time":"1.97","alternatives":[{"confidence":"0.9141333333333334","content":"담당자김상도"}],"type":"pronunciation"},{"start_time":"1.97","end_time":"2.33","alternatives":[{"confidence":"0.4974","content":"드립니다"}],"type":"pronunciation"},{"alternatives":[{"confidence":"0.0","content":"."}],"type":"punctuation"},{"start_time":"3.07","end_time":"3.32","alternatives":[{"confidence":"0.9535","content":"지금"}],"type":"pronunciation"},{"start_time":"3.32","end_time":"3.96","alternatives":[{"confidence":"0.8241666666666667","content":"법무사님이"}],"type":"pronunciation"},{"start_time":"3.96","end_time":"4.13","alternatives":[{"confidence":"0.6439","content":"두"}],"type":"pronunciation"},{"start_time":"4.13","end_time":"4.27","alternatives":[{"confidence":"0.5909","content":"분"}],"type":"pronunciation"},{"start_time":"4.27","end_time":"5.54","alternatives":[{"confidence":"0.9592666666666667","content":"배정되셨어요"}],"type":"pronunciation"},{"alternatives":[{"confidence":"0.0","content":"?"}],"type":"punctuation"},{"start_time":"5.89","end_time":"6.02","alternatives":[{"confidence":"0.2325","content":"네"}],"type":"pronunciation"},{"start_time":"6.14","end_time":"6.5","alternatives":[{"confidence":"0.9912","content":"지금"}],"type":"pronunciation"},{"start_time":"6.5","end_time":"6.86","alternatives":[{"confidence":"0.9269","content":"뭐"}],"type":"pronunciation"},{"start_time":"7.26","end_time":"7.38","alternatives":[{"confidence":"0.5917","content":"이"}],"type":"pronunciation"},{"start_time":"7.38","end_time":"7.61","alternatives":[{"confidence":"0.3774","content":"책은"}],"type":"pronunciation"},{"start_time":"7.61","end_time":"8.22","alternatives":[{"confidence":"0.99885","content":"되십니까"}],"type":"pronunciation"},{"alternatives":[{"confidence":"0.0","content":"?"}],"type":"punctuation"},{"start_time":"10.11","end_time":"10.62","alternatives":[{"confidence":"1.0","content":"그러세요"}],"type":"pronunciation"},{"alternatives":[{"confidence":"0.0","content":"."}],"type":"punctuation"},{"start_time":"12.68","end_time":"12.91","alternatives":[{"confidence":"0.9971","content":"지금"}],"type":"pronunciation"},{"start_time":"12.91","end_time":"13.33","alternatives":[{"confidence":"1.0","content":"일단"}],"type":"pronunciation"},{"start_time":"13.33","end_time":"14.11","alternatives":[{"confidence":"0.9611","content":"먼저"}],"type":"pronunciation"},{"start_time":"14.44","end_time":"14.61","alternatives":[{"confidence":"0.5879","content":"님"}],"type":"pronunciation"},{"start_time":"14.61","end_time":"14.84","alternatives":[{"confidence":"0.9336","content":"한번"}],"type":"pronunciation"},{"start_time":"14.84","end_time":"15.05","alternatives":[{"confidence":"0.605","content":"안내"}],"type":"pronunciation"},{"start_time":"15.05","end_time":"15.14","alternatives":[{"confidence":"0.7065","content":"좀"}],"type":"pronunciation"},{"start_time":"15.14","end_time":"15.21","alternatives":[{"confidence":"0.4774","content":"해"}],"type":"pronunciation"},{"start_time":"15.21","end_time":"15.9","alternatives":[{"confidence":"1.0","content":"드리겠습니다"}],"type":"pronunciation"},{"alternatives":[{"confidence":"0.0","content":"."}],"type":"punctuation"},{"start_time":"16.33","end_time":"17.27","alternatives":[{"confidence":"0.863","content":"메모안녕하십니까"}],"type":"pronunciation"},{"start_time":"17.94","end_time":"18.29","alternatives":[{"confidence":"0.9061","content":"주세요"}],"type":"pronunciation"},{"start_time":"19.14","end_time":"19.7","alternatives":[{"confidence":"0.2381","content":"이거"}],"type":"pronunciation"},{"start_time":"22.73","end_time":"23.51","alternatives":[{"confidence":"1.0","content":"잠시만요"}],"type":"pronunciation"},{"start_time":"31.21","end_time":"31.45","alternatives":[{"confidence":"1.0","content":"일단"}],"type":"pronunciation"},{"start_time":"31.45","end_time":"32.13","alternatives":[{"confidence":"0.98255","content":"국민은행으로"}],"type":"pronunciation"},{"start_time":"32.13","end_time":"33.02","alternatives":[{"confidence":"0.8018000000000001","content":"배정되셨고요"}],"type":"pronunciation"},{"start_time":"37.14","end_time":"37.29","alternatives":[{"confidence":"0.0467","content":"불러"}],"type":"pronunciation"},{"start_time":"37.29","end_time":"37.68","alternatives":[{"confidence":"0.8925","content":"볼게요"}],"type":"pronunciation"},{"alternatives":[{"confidence":"0.0","content":"."}],"type":"punctuation"},{"start_time":"39.33","end_time":"39.72","alternatives":[{"confidence":"0.51475","content":"통과하면"}],"type":"pronunciation"},{"start_time":"39.72","end_time":"39.93","alternatives":[{"confidence":"0.9999","content":"어떻게"}],"type":"pronunciation"},{"start_time":"39.93","end_time":"40.27","alternatives":[{"confidence":"0.9922","content":"돼요"}],"type":"pronunciation"},{"alternatives":[{"confidence":"0.0","content":"?"}],"type":"punctuation"},{"start_time":"41.17","end_time":"41.38","alternatives":[{"confidence":"0.9164","content":"제가"}],"type":"pronunciation"},{"start_time":"42.52","end_time":"43.45","alternatives":[{"confidence":"0.9220999999999999","content":"법무사님이십니다"}],"type":"pronunciation"},{"start_time":"45.61","end_time":"45.8","alternatives":[{"confidence":"0.9965","content":"지금"}],"type":"pronunciation"},{"start_time":"45.8","end_time":"45.93","alternatives":[{"confidence":"0.7294","content":"바로"}],"type":"pronunciation"},{"start_time":"45.93","end_time":"46.27","alternatives":[{"confidence":"0.6324000000000001","content":"보내보세요"}],"type":"pronunciation"},{"start_time":"46.27","end_time":"46.81","alternatives":[{"confidence":"0.8012","content":"전화드릴게요"}],"type":"pronunciation"},{"start_time":"50.88","end_time":"51.11","alternatives":[{"confidence":"0.9343","content":"님은"}],"type":"pronunciation"},{"start_time":"51.11","end_time":"51.38","alternatives":[{"confidence":"0.9757","content":"먼저"}],"type":"pronunciation"},{"start_time":"51.38","end_time":"52.1","alternatives":[{"confidence":"0.927","content":"구십팔만원"}],"type":"pronunciation"},{"start_time":"52.1","end_time":"52.51","alternatives":[{"confidence":"0.9998","content":"이세요"}],"type":"pronunciation"},{"start_time":"53.33","end_time":"53.65","alternatives":[{"confidence":"0.0953","content":"구십팔"}],"type":"pronunciation"},{"start_time":"54.31","end_time":"54.7","alternatives":[{"confidence":"0.9429","content":"나머지"}],"type":"pronunciation"},{"start_time":"54.7","end_time":"54.81","alternatives":[{"confidence":"0.7189","content":"이제"}],"type":"pronunciation"},{"start_time":"54.84","end_time":"55.12","alternatives":[{"confidence":"0.2169","content":"차에"}],"type":"pronunciation"},{"start_time":"55.15","end_time":"56.45","alternatives":[{"confidence":"0.718175","content":"백오십이만원을"}],"type":"pronunciation"},{"start_time":"57.38","end_time":"57.65","alternatives":[{"confidence":"0.9402","content":"다른"}],"type":"pronunciation"},{"start_time":"57.65","end_time":"58.06","alternatives":[{"confidence":"0.9218666666666667","content":"법무사님"}],"type":"pronunciation"},{"start_time":"58.06","end_time":"58.61","alternatives":[{"confidence":"0.9865666666666666","content":"배정받으셔야"}],"type":"pronunciation"},{"start_time":"58.61","end_time":"58.99","alternatives":[{"confidence":"0.9111","content":"됩니다"}],"type":"pronunciation"},{"start_time":"59.45","end_time":"59.83","alternatives":[{"confidence":"0.3627","content":"선생님"}],"type":"pronunciation"},{"start_time":"59.83","end_time":"60.04","alternatives":[{"confidence":"0.9974","content":"오늘"}],"type":"pronunciation"},{"start_time":"60.04","end_time":"60.17","alternatives":[{"confidence":"0.9823","content":"이제"}],"type":"pronunciation"},{"start_time":"60.18","end_time":"60.47","alternatives":[{"confidence":"0.5702","content":"금요일"}],"type":"pronunciation"},{"start_time":"60.47","end_time":"60.7","alternatives":[{"confidence":"0.5309","content":"정치"}],"type":"pronunciation"},{"start_time":"60.7","end_time":"60.96","alternatives":[{"confidence":"0.7385999999999999","content":"퇴근이"}],"type":"pronunciation"},{"start_time":"60.96","end_time":"61.44","alternatives":[{"confidence":"0.9513","content":"셔서"}],"type":"pronunciation"},{"start_time":"61.88","end_time":"62.11","alternatives":[{"confidence":"0.4903","content":"네"}],"type":"pronunciation"},{"start_time":"62.22","end_time":"62.51","alternatives":[{"confidence":"1.0","content":"일단"}],"type":"pronunciation"},{"start_time":"62.82","end_time":"63.29","alternatives":[{"confidence":"0.9385","content":"변호사님이"}],"type":"pronunciation"},{"start_time":"63.29","end_time":"63.86","alternatives":[{"confidence":"0.84805","content":"구십팔만원"}],"type":"pronunciation"},{"start_time":"63.86","end_time":"64.24","alternatives":[{"confidence":"0.9826","content":"이십니다"}],"type":"pronunciation"},{"start_time":"67.17","end_time":"67.39","alternatives":[{"confidence":"0.7413","content":"제가"}],"type":"pronunciation"},{"start_time":"67.39","end_time":"67.93","alternatives":[{"confidence":"0.49415","content":"배정받아야"}],"type":"pronunciation"},{"start_time":"67.93","end_time":"68.28","alternatives":[{"confidence":"0.0108","content":"저도"}],"type":"pronunciation"},{"start_time":"70.4","end_time":"70.8","alternatives":[{"confidence":"0.9834","content":"우선은"}],"type":"pronunciation"},{"start_time":"70.8","end_time":"70.9","alternatives":[{"confidence":"0.2214","content":"이"}],"type":"pronunciation"},{"start_time":"71.2","end_time":"71.51","alternatives":[{"confidence":"0.44865","content":"수사님"}],"type":"pronunciation"},{"start_time":"71.51","end_time":"72.33","alternatives":[{"confidence":"0.9001","content":"구십팔만원"}],"type":"pronunciation"},{"start_time":"72.33","end_time":"72.69","alternatives":[{"confidence":"0.37266666666666665","content":"상한철이"}],"type":"pronunciation"},{"start_time":"72.69","end_time":"72.89","alternatives":[{"confidence":"0.9027","content":"하신"}],"type":"pronunciation"},{"start_time":"72.89","end_time":"73.18","alternatives":[{"confidence":"0.9994","content":"다음에"}],"type":"pronunciation"},{"start_time":"73.18","end_time":"73.68","alternatives":[{"confidence":"0.88175","content":"전화바로"}],"type":"pronunciation"},{"start_time":"73.68","end_time":"73.79","alternatives":[{"confidence":"0.9999","content":"좀"}],"type":"pronunciation"},{"start_time":"73.79","end_time":"74.36","alternatives":[{"confidence":"0.8069","content":"부탁드릴께요"}],"type":"pronunciation"},{"start_time":"74.36","end_time":"74.61","alternatives":[{"confidence":"0.9469","content":"저도"}],"type":"pronunciation"},{"start_time":"74.61","end_time":"75.08","alternatives":[{"confidence":"0.9451333333333333","content":"법무사님"}],"type":"pronunciation"},{"start_time":"75.08","end_time":"75.37","alternatives":[{"confidence":"1.0","content":"빠르게"}],"type":"pronunciation"},{"start_time":"75.37","end_time":"75.55","alternatives":[{"confidence":"0.9529","content":"지금"}],"type":"pronunciation"},{"start_time":"75.55","end_time":"76.01","alternatives":[{"confidence":"0.7541500000000001","content":"배정요청"}],"type":"pronunciation"},{"start_time":"76.01","end_time":"76.18","alternatives":[{"confidence":"0.9898","content":"중에"}],"type":"pronunciation"},{"start_time":"76.18","end_time":"77.08","alternatives":[{"confidence":"1.0","content":"있으니까요"}],"type":"pronunciation"},{"start_time":"77.63","end_time":"77.84","alternatives":[{"confidence":"0.9975","content":"제가"}],"type":"pronunciation"},{"start_time":"77.84","end_time":"78.03","alternatives":[{"confidence":"0.9947","content":"지금"}],"type":"pronunciation"},{"start_time":"78.03","end_time":"78.33","alternatives":[{"confidence":"1.0","content":"빠르게"}],"type":"pronunciation"},{"start_time":"78.33","end_time":"78.7","alternatives":[{"confidence":"0.9872","content":"해서"}],"type":"pronunciation"},{"start_time":"78.7","end_time":"79.85","alternatives":[{"confidence":"0.7130333333333333","content":"금요일여섯시까지"}],"type":"pronunciation"},{"start_time":"79.88","end_time":"80.6","alternatives":[{"confidence":"0.9310999999999999","content":"영수증확인돼"}],"type":"pronunciation"},{"start_time":"80.6","end_time":"81.12","alternatives":[{"confidence":"0.9827","content":"가지고"}],"type":"pronunciation"},{"start_time":"81.19","end_time":"81.54","alternatives":[{"confidence":"0.8281000000000001","content":"여섯시"}],"type":"pronunciation"},{"start_time":"81.54","end_time":"81.89","alternatives":[{"confidence":"0.8875","content":"반에는"}],"type":"pronunciation"},{"start_time":"81.89","end_time":"82.14","alternatives":[{"confidence":"0.9382","content":"자금"}],"type":"pronunciation"},{"start_time":"82.14","end_time":"82.34","alternatives":[{"confidence":"0.5492","content":"수령"}],"type":"pronunciation"},{"start_time":"82.34","end_time":"82.51","alternatives":[{"confidence":"0.985","content":"제가"}],"type":"pronunciation"},{"start_time":"82.51","end_time":"83.01","alternatives":[{"confidence":"0.858","content":"문제없도록"}],"type":"pronunciation"},{"start_time":"83.01","end_time":"83.68","alternatives":[{"confidence":"0.76095","content":"도움드리겠습니다"}],"type":"pronunciation"},{"start_time":"85.59","end_time":"85.74","alternatives":[{"confidence":"0.6852","content":"저"}],"type":"pronunciation"},{"start_time":"85.74","end_time":"85.97","alternatives":[{"confidence":"0.9306","content":"그"}],"type":"pronunciation"},{"start_time":"86.0","end_time":"86.26","alternatives":[{"confidence":"0.2982","content":"차이"}],"type":"pronunciation"},{"start_time":"86.26","end_time":"86.8","alternatives":[{"confidence":"0.9062","content":"부분"}],"type":"pronunciation"}]},"status":"COMPLETED"}