{"jobName":"transcribe_loan95","accountId":"097989105209","results":{"transcripts":[{"transcript":"여보세요? 아줌마주위에 누구야? 마지막 내 말이 초롱한 곳에서 전화 받으라고 오세요 아주 조용한 곳에 전화보다 울거나 그러면 돈이 공급없다 그건 알 필요 없고 나한테 얼마 해줄 수 있어? 묻는 말에 만 대답했 여보세요? 아줌마 리야 울지 말라 있기 계속 올 면 난 전화 끊는다 어떻게 하는 거에요? 그걸 알 필요 없고 아줌마나한테 돈 얼마해줄 수 있나 묻는 말이고 대답해 얼마 해줄 수 있어? 여보세요? 아줌마? 똑똑한 행동에 허튼 수작부리면 난 전화 끊는다 아줌마 계속 올 거야 그건 알 필요 없고 나한테 얼마 해줄 수 있냐고 해달라는 거에요 지금 내가 워낙 그걸 삼천 만원이다 내가 원하는 그건 삼천 만원이라고 아줌마 주위에 사람들이 있지 근데 그게 안 다쳤고 그냥 잠깐 코피가 나는 건데 봤다는 거니까 얼마나 질 수 있냐고? 그게 안 다쳤다고 는 말이 있어요 그니까 아줌마가 생각할 정도로 아니니까 다는데 내가 말했지 돈만 안전하게 받으면 애를 해치지 않습니다 그건 약속할게요 겠죠 아줌마가 나한테 해준 게 뭐가 했는데? 계속 바꿔달라고 해 아줌마 말했기 들어가야 될 거 아니에요 주위 사람들 없는 곳에서 전화 받으라고 아줌마 나한테 얼마 줄 수 있어? 그 묻는 말에 먼저 대답하세요 아줌마 내가 말에 기울지 말라고 이제 뭐 한 번 더 울면 난 전화 끊고 애죽입니다 아줌마 똑똑하게 행동한테 아줌마가 똑똑하게 만 행동하면 애는 다치지 않고 안전하게 돌려 보내줄 테니까 나한테 얼마에 좀 있어요? 아니, 일단 목소리를 들어보면 안 돼 가지고 하면은 아마 될 거 아니에요? 엄마, 내가 말했지? 앞서나가지 말고 나한테 얼마 해줄 수 있냐고? 아줌마 통장에서 얼마 있어? 아무것도 없어요. 시험 몇 개 어그러는데요? 나한테 돈을 어떻게 해줄 건데? 어떻게 해줄 건데? 아줌마가 돈이 없으면 거래가 안 된다는 거잖아요? 그렇지, 아직 그래요."}],"items":[{"start_time":"1.46","end_time":"2.1","alternatives":[{"confidence":"0.7749","content":"여보세요"}],"type":"pronunciation"},{"alternatives":[{"confidence":"0.0","content":"?"}],"type":"punctuation"},{"start_time":"2.3","end_time":"2.87","alternatives":[{"confidence":"0.64935","content":"아줌마주위에"}],"type":"pronunciation"},{"start_time":"2.87","end_time":"3.41","alternatives":[{"confidence":"0.996","content":"누구야"}],"type":"pronunciation"},{"alternatives":[{"confidence":"0.0","content":"?"}],"type":"punctuation"},{"start_time":"8.94","end_time":"9.3","alternatives":[{"confidence":"0.4956","content":"마지막"}],"type":"pronunciation"},{"start_time":"9.33","end_time":"9.52","alternatives":[{"confidence":"0.8174","content":"내"}],"type":"pronunciation"},{"start_time":"9.52","end_time":"9.74","alternatives":[{"confidence":"0.6674","content":"말이"}],"type":"pronunciation"},{"start_time":"9.8","end_time":"10.16","alternatives":[{"confidence":"0.385","content":"초롱한"}],"type":"pronunciation"},{"start_time":"10.16","end_time":"10.43","alternatives":[{"confidence":"0.9313","content":"곳에서"}],"type":"pronunciation"},{"start_time":"10.43","end_time":"10.62","alternatives":[{"confidence":"0.8685","content":"전화"}],"type":"pronunciation"},{"start_time":"10.62","end_time":"11.19","alternatives":[{"confidence":"0.9983500000000001","content":"받으라고"}],"type":"pronunciation"},{"start_time":"15.34","end_time":"16.04","alternatives":[{"confidence":"0.874","content":"오세요"}],"type":"pronunciation"},{"start_time":"17.61","end_time":"17.85","alternatives":[{"confidence":"0.5586","content":"아주"}],"type":"pronunciation"},{"start_time":"17.97","end_time":"18.32","alternatives":[{"confidence":"1.0","content":"조용한"}],"type":"pronunciation"},{"start_time":"18.32","end_time":"18.58","alternatives":[{"confidence":"0.8771","content":"곳에"}],"type":"pronunciation"},{"start_time":"18.58","end_time":"19.21","alternatives":[{"confidence":"0.8931","content":"전화보다"}],"type":"pronunciation"},{"start_time":"19.75","end_time":"20.51","alternatives":[{"confidence":"0.97575","content":"울거나"}],"type":"pronunciation"},{"start_time":"20.51","end_time":"20.84","alternatives":[{"confidence":"0.9455","content":"그러면"}],"type":"pronunciation"},{"start_time":"21.29","end_time":"21.5","alternatives":[{"confidence":"0.7075","content":"돈이"}],"type":"pronunciation"},{"start_time":"21.5","end_time":"22.37","alternatives":[{"confidence":"0.26275","content":"공급없다"}],"type":"pronunciation"},{"start_time":"23.72","end_time":"24.0","alternatives":[{"confidence":"0.856","content":"그건"}],"type":"pronunciation"},{"start_time":"24.0","end_time":"24.14","alternatives":[{"confidence":"0.735","content":"알"}],"type":"pronunciation"},{"start_time":"24.14","end_time":"24.32","alternatives":[{"confidence":"1.0","content":"필요"}],"type":"pronunciation"},{"start_time":"24.32","end_time":"25.01","alternatives":[{"confidence":"1.0","content":"없고"}],"type":"pronunciation"},{"start_time":"25.47","end_time":"25.76","alternatives":[{"confidence":"0.9247","content":"나한테"}],"type":"pronunciation"},{"start_time":"25.76","end_time":"26.02","alternatives":[{"confidence":"0.6999","content":"얼마"}],"type":"pronunciation"},{"start_time":"26.02","end_time":"26.21","alternatives":[{"confidence":"0.814","content":"해줄"}],"type":"pronunciation"},{"start_time":"26.21","end_time":"26.32","alternatives":[{"confidence":"0.6027","content":"수"}],"type":"pronunciation"},{"start_time":"26.32","end_time":"26.78","alternatives":[{"confidence":"0.4758","content":"있어"}],"type":"pronunciation"},{"alternatives":[{"confidence":"0.0","content":"?"}],"type":"punctuation"},{"start_time":"29.66","end_time":"29.98","alternatives":[{"confidence":"0.9994","content":"묻는"}],"type":"pronunciation"},{"start_time":"29.98","end_time":"30.19","alternatives":[{"confidence":"0.3662","content":"말에"}],"type":"pronunciation"},{"start_time":"30.19","end_time":"30.33","alternatives":[{"confidence":"0.2585","content":"만"}],"type":"pronunciation"},{"start_time":"30.33","end_time":"30.74","alternatives":[{"confidence":"0.18165","content":"대답했"}],"type":"pronunciation"},{"start_time":"34.08","end_time":"34.67","alternatives":[{"confidence":"0.964","content":"여보세요"}],"type":"pronunciation"},{"alternatives":[{"confidence":"0.0","content":"?"}],"type":"punctuation"},{"start_time":"36.53","end_time":"36.89","alternatives":[{"confidence":"0.5384","content":"아줌마"}],"type":"pronunciation"},{"start_time":"36.89","end_time":"37.04","alternatives":[{"confidence":"0.67315","content":"리야"}],"type":"pronunciation"},{"start_time":"37.04","end_time":"37.28","alternatives":[{"confidence":"0.9949","content":"울지"}],"type":"pronunciation"},{"start_time":"37.28","end_time":"37.55","alternatives":[{"confidence":"0.9981","content":"말라"}],"type":"pronunciation"},{"start_time":"37.55","end_time":"37.94","alternatives":[{"confidence":"0.8102","content":"있기"}],"type":"pronunciation"},{"start_time":"39.16","end_time":"39.56","alternatives":[{"confidence":"0.9535","content":"계속"}],"type":"pronunciation"},{"start_time":"39.56","end_time":"39.75","alternatives":[{"confidence":"0.5183","content":"올"}],"type":"pronunciation"},{"start_time":"39.75","end_time":"40.08","alternatives":[{"confidence":"0.7878","content":"면"}],"type":"pronunciation"},{"start_time":"40.08","end_time":"40.22","alternatives":[{"confidence":"0.8151","content":"난"}],"type":"pronunciation"},{"start_time":"40.22","end_time":"40.45","alternatives":[{"confidence":"0.9011","content":"전화"}],"type":"pronunciation"},{"start_time":"40.45","end_time":"41.0","alternatives":[{"confidence":"0.9992","content":"끊는다"}],"type":"pronunciation"},{"start_time":"44.59","end_time":"44.87","alternatives":[{"confidence":"0.5118","content":"어떻게"}],"type":"pronunciation"},{"start_time":"44.87","end_time":"45.05","alternatives":[{"confidence":"0.3242","content":"하는"}],"type":"pronunciation"},{"start_time":"45.05","end_time":"45.56","alternatives":[{"confidence":"0.408","content":"거에요"}],"type":"pronunciation"},{"alternatives":[{"confidence":"0.0","content":"?"}],"type":"punctuation"},{"start_time":"45.95","end_time":"46.19","alternatives":[{"confidence":"0.7964","content":"그걸"}],"type":"pronunciation"},{"start_time":"46.19","end_time":"46.37","alternatives":[{"confidence":"0.5362","content":"알"}],"type":"pronunciation"},{"start_time":"46.37","end_time":"46.57","alternatives":[{"confidence":"0.9998","content":"필요"}],"type":"pronunciation"},{"start_time":"46.57","end_time":"47.26","alternatives":[{"confidence":"1.0","content":"없고"}],"type":"pronunciation"},{"start_time":"47.37","end_time":"47.91","alternatives":[{"confidence":"0.54305","content":"아줌마나한테"}],"type":"pronunciation"},{"start_time":"47.91","end_time":"48.07","alternatives":[{"confidence":"0.2873","content":"돈"}],"type":"pronunciation"},{"start_time":"48.07","end_time":"48.49","alternatives":[{"confidence":"0.55405","content":"얼마해줄"}],"type":"pronunciation"},{"start_time":"48.49","end_time":"48.59","alternatives":[{"confidence":"1.0","content":"수"}],"type":"pronunciation"},{"start_time":"48.59","end_time":"48.92","alternatives":[{"confidence":"0.7351","content":"있나"}],"type":"pronunciation"},{"start_time":"51.09","end_time":"51.42","alternatives":[{"confidence":"0.9928","content":"묻는"}],"type":"pronunciation"},{"start_time":"51.42","end_time":"51.7","alternatives":[{"confidence":"0.5094000000000001","content":"말이고"}],"type":"pronunciation"},{"start_time":"51.7","end_time":"52.21","alternatives":[{"confidence":"0.9414","content":"대답해"}],"type":"pronunciation"},{"start_time":"55.83","end_time":"56.11","alternatives":[{"confidence":"0.6901","content":"얼마"}],"type":"pronunciation"},{"start_time":"56.11","end_time":"56.32","alternatives":[{"confidence":"0.6795","content":"해줄"}],"type":"pronunciation"},{"start_time":"56.32","end_time":"56.42","alternatives":[{"confidence":"0.9999","content":"수"}],"type":"pronunciation"},{"start_time":"56.42","end_time":"56.82","alternatives":[{"confidence":"0.9498","content":"있어"}],"type":"pronunciation"},{"alternatives":[{"confidence":"0.0","content":"?"}],"type":"punctuation"},{"start_time":"59.21","end_time":"59.93","alternatives":[{"confidence":"0.9048","content":"여보세요"}],"type":"pronunciation"},{"alternatives":[{"confidence":"0.0","content":"?"}],"type":"punctuation"},{"start_time":"61.89","end_time":"62.27","alternatives":[{"confidence":"0.5627","content":"아줌마"}],"type":"pronunciation"},{"alternatives":[{"confidence":"0.0","content":"?"}],"type":"punctuation"},{"start_time":"62.27","end_time":"62.71","alternatives":[{"confidence":"0.9985","content":"똑똑한"}],"type":"pronunciation"},{"start_time":"62.71","end_time":"63.35","alternatives":[{"confidence":"0.7513","content":"행동에"}],"type":"pronunciation"},{"start_time":"63.51","end_time":"63.94","alternatives":[{"confidence":"0.8692","content":"허튼"}],"type":"pronunciation"},{"start_time":"63.94","end_time":"64.7","alternatives":[{"confidence":"0.997","content":"수작부리면"}],"type":"pronunciation"},{"start_time":"64.7","end_time":"64.85","alternatives":[{"confidence":"0.7414","content":"난"}],"type":"pronunciation"},{"start_time":"64.85","end_time":"65.07","alternatives":[{"confidence":"0.7031","content":"전화"}],"type":"pronunciation"},{"start_time":"65.07","end_time":"65.46","alternatives":[{"confidence":"0.46375","content":"끊는다"}],"type":"pronunciation"},{"start_time":"70.33","end_time":"70.79","alternatives":[{"confidence":"0.526","content":"아줌마"}],"type":"pronunciation"},{"start_time":"70.79","end_time":"71.09","alternatives":[{"confidence":"0.8931","content":"계속"}],"type":"pronunciation"},{"start_time":"71.09","end_time":"71.21","alternatives":[{"confidence":"0.3946","content":"올"}],"type":"pronunciation"},{"start_time":"71.21","end_time":"71.62","alternatives":[{"confidence":"0.8912","content":"거야"}],"type":"pronunciation"},{"start_time":"76.72","end_time":"76.99","alternatives":[{"confidence":"0.3656","content":"그건"}],"type":"pronunciation"},{"start_time":"76.99","end_time":"77.12","alternatives":[{"confidence":"0.1299","content":"알"}],"type":"pronunciation"},{"start_time":"77.12","end_time":"77.31","alternatives":[{"confidence":"0.9982","content":"필요"}],"type":"pronunciation"},{"start_time":"77.31","end_time":"77.77","alternatives":[{"confidence":"0.9999","content":"없고"}],"type":"pronunciation"},{"start_time":"77.77","end_time":"78.04","alternatives":[{"confidence":"0.9432","content":"나한테"}],"type":"pronunciation"},{"start_time":"78.04","end_time":"78.33","alternatives":[{"confidence":"0.7043","content":"얼마"}],"type":"pronunciation"},{"start_time":"78.33","end_time":"78.55","alternatives":[{"confidence":"0.8978","content":"해줄"}],"type":"pronunciation"},{"start_time":"78.55","end_time":"78.66","alternatives":[{"confidence":"1.0","content":"수"}],"type":"pronunciation"},{"start_time":"78.66","end_time":"79.21","alternatives":[{"confidence":"0.9985","content":"있냐고"}],"type":"pronunciation"},{"start_time":"79.73","end_time":"80.05","alternatives":[{"confidence":"0.0684","content":"해달라는"}],"type":"pronunciation"},{"start_time":"80.05","end_time":"80.26","alternatives":[{"confidence":"0.0865","content":"거에요"}],"type":"pronunciation"},{"start_time":"80.26","end_time":"80.78","alternatives":[{"confidence":"0.9784","content":"지금"}],"type":"pronunciation"},{"start_time":"80.98","end_time":"81.21","alternatives":[{"confidence":"0.9664","content":"내가"}],"type":"pronunciation"},{"start_time":"81.21","end_time":"81.56","alternatives":[{"confidence":"0.9997","content":"워낙"}],"type":"pronunciation"},{"start_time":"81.56","end_time":"81.85","alternatives":[{"confidence":"0.0935","content":"그걸"}],"type":"pronunciation"},{"start_time":"81.85","end_time":"82.18","alternatives":[{"confidence":"0.3904","content":"삼천"}],"type":"pronunciation"},{"start_time":"82.18","end_time":"82.79","alternatives":[{"confidence":"0.442","content":"만원이다"}],"type":"pronunciation"},{"start_time":"84.74","end_time":"84.92","alternatives":[{"confidence":"0.906","content":"내가"}],"type":"pronunciation"},{"start_time":"84.92","end_time":"85.2","alternatives":[{"confidence":"0.9936","content":"원하는"}],"type":"pronunciation"},{"start_time":"85.2","end_time":"85.44","alternatives":[{"confidence":"0.7813","content":"그건"}],"type":"pronunciation"},{"start_time":"85.44","end_time":"85.74","alternatives":[{"confidence":"0.3554","content":"삼천"}],"type":"pronunciation"},{"start_time":"85.74","end_time":"86.48","alternatives":[{"confidence":"0.67065","content":"만원이라고"}],"type":"pronunciation"},{"start_time":"89.29","end_time":"89.98","alternatives":[{"confidence":"0.8097","content":"아줌마"}],"type":"pronunciation"},{"start_time":"91.88","end_time":"92.22","alternatives":[{"confidence":"0.5551","content":"주위에"}],"type":"pronunciation"},{"start_time":"92.22","end_time":"92.59","alternatives":[{"confidence":"0.7942","content":"사람들이"}],"type":"pronunciation"},{"start_time":"92.59","end_time":"92.94","alternatives":[{"confidence":"0.6686","content":"있지"}],"type":"pronunciation"},{"start_time":"95.18","end_time":"95.67","alternatives":[{"confidence":"0.3735","content":"근데"}],"type":"pronunciation"},{"start_time":"95.77","end_time":"96.05","alternatives":[{"confidence":"1.0","content":"그게"}],"type":"pronunciation"},{"start_time":"96.05","end_time":"96.23","alternatives":[{"confidence":"0.9548","content":"안"}],"type":"pronunciation"},{"start_time":"96.23","end_time":"96.63","alternatives":[{"confidence":"0.9681500000000001","content":"다쳤고"}],"type":"pronunciation"},{"start_time":"96.63","end_time":"96.81","alternatives":[{"confidence":"0.8337","content":"그냥"}],"type":"pronunciation"},{"start_time":"96.82","end_time":"97.11","alternatives":[{"confidence":"0.9323","content":"잠깐"}],"type":"pronunciation"},{"start_time":"97.11","end_time":"97.47","alternatives":[{"confidence":"0.9936","content":"코피가"}],"type":"pronunciation"},{"start_time":"97.68","end_time":"98.39","alternatives":[{"confidence":"0.2146","content":"나는"}],"type":"pronunciation"},{"start_time":"98.39","end_time":"98.62","alternatives":[{"confidence":"0.4199","content":"건데"}],"type":"pronunciation"},{"start_time":"98.77","end_time":"99.2","alternatives":[{"confidence":"0.9238","content":"봤다는"}],"type":"pronunciation"},{"start_time":"99.2","end_time":"100.1","alternatives":[{"confidence":"0.9776","content":"거니까"}],"type":"pronunciation"},{"start_time":"101.63","end_time":"102.09","alternatives":[{"confidence":"0.8781","content":"얼마나"}],"type":"pronunciation"},{"start_time":"102.09","end_time":"102.24","alternatives":[{"confidence":"0.5774","content":"질"}],"type":"pronunciation"},{"start_time":"102.24","end_time":"102.36","alternatives":[{"confidence":"0.9993","content":"수"}],"type":"pronunciation"},{"start_time":"102.36","end_time":"102.67","alternatives":[{"confidence":"0.7563","content":"있냐고"}],"type":"pronunciation"},{"alternatives":[{"confidence":"0.0","content":"?"}],"type":"punctuation"},{"start_time":"102.67","end_time":"102.9","alternatives":[{"confidence":"1.0","content":"그게"}],"type":"pronunciation"},{"start_time":"102.9","end_time":"103.04","alternatives":[{"confidence":"0.8683","content":"안"}],"type":"pronunciation"},{"start_time":"103.04","end_time":"103.79","alternatives":[{"confidence":"0.7685500000000001","content":"다쳤다고"}],"type":"pronunciation"},{"start_time":"106.49","end_time":"106.59","alternatives":[{"confidence":"0.0123","content":"는"}],"type":"pronunciation"},{"start_time":"106.59","end_time":"106.74","alternatives":[{"confidence":"0.0069","content":"말이"}],"type":"pronunciation"},{"start_time":"107.81","end_time":"108.06","alternatives":[{"confidence":"0.2824","content":"있어요"}],"type":"pronunciation"},{"start_time":"110.27","end_time":"110.75","alternatives":[{"confidence":"0.7633","content":"그니까"}],"type":"pronunciation"},{"start_time":"110.75","end_time":"111.23","alternatives":[{"confidence":"0.9989","content":"아줌마가"}],"type":"pronunciation"},{"start_time":"111.23","end_time":"111.65","alternatives":[{"confidence":"0.9978","content":"생각할"}],"type":"pronunciation"},{"start_time":"111.65","end_time":"111.97","alternatives":[{"confidence":"0.9812","content":"정도로"}],"type":"pronunciation"},{"start_time":"111.97","end_time":"112.95","alternatives":[{"confidence":"0.9971","content":"아니니까"}],"type":"pronunciation"},{"start_time":"113.85","end_time":"114.16","alternatives":[{"confidence":"0.2949","content":"다는데"}],"type":"pronunciation"},{"start_time":"115.66","end_time":"115.84","alternatives":[{"confidence":"0.5589","content":"내가"}],"type":"pronunciation"},{"start_time":"115.84","end_time":"116.41","alternatives":[{"confidence":"1.0","content":"말했지"}],"type":"pronunciation"},{"start_time":"116.44","end_time":"116.92","alternatives":[{"confidence":"0.9979","content":"돈만"}],"type":"pronunciation"},{"start_time":"116.92","end_time":"117.33","alternatives":[{"confidence":"0.9996","content":"안전하게"}],"type":"pronunciation"},{"start_time":"117.33","end_time":"118.15","alternatives":[{"confidence":"0.9935","content":"받으면"}],"type":"pronunciation"},{"start_time":"118.21","end_time":"118.49","alternatives":[{"confidence":"0.2862","content":"애를"}],"type":"pronunciation"},{"start_time":"118.49","end_time":"118.82","alternatives":[{"confidence":"0.9997","content":"해치지"}],"type":"pronunciation"},{"start_time":"118.82","end_time":"119.54","alternatives":[{"confidence":"0.9998","content":"않습니다"}],"type":"pronunciation"},{"start_time":"119.54","end_time":"119.93","alternatives":[{"confidence":"0.9958","content":"그건"}],"type":"pronunciation"},{"start_time":"119.93","end_time":"120.71","alternatives":[{"confidence":"0.8845","content":"약속할게요"}],"type":"pronunciation"},{"start_time":"123.32","end_time":"123.8","alternatives":[{"confidence":"0.0129","content":"겠죠"}],"type":"pronunciation"},{"start_time":"126.73","end_time":"127.22","alternatives":[{"confidence":"1.0","content":"아줌마가"}],"type":"pronunciation"},{"start_time":"127.22","end_time":"127.53","alternatives":[{"confidence":"0.9999","content":"나한테"}],"type":"pronunciation"},{"start_time":"127.53","end_time":"127.81","alternatives":[{"confidence":"0.9994","content":"해준"}],"type":"pronunciation"},{"start_time":"127.81","end_time":"127.92","alternatives":[{"confidence":"1.0","content":"게"}],"type":"pronunciation"},{"start_time":"127.92","end_time":"128.25","alternatives":[{"confidence":"1.0","content":"뭐가"}],"type":"pronunciation"},{"start_time":"128.25","end_time":"128.55","alternatives":[{"confidence":"0.8982","content":"했는데"}],"type":"pronunciation"},{"alternatives":[{"confidence":"0.0","content":"?"}],"type":"punctuation"},{"start_time":"128.55","end_time":"128.78","alternatives":[{"confidence":"0.9873","content":"계속"}],"type":"pronunciation"},{"start_time":"128.79","end_time":"129.38","alternatives":[{"confidence":"0.96315","content":"바꿔달라고"}],"type":"pronunciation"},{"start_time":"129.38","end_time":"129.82","alternatives":[{"confidence":"0.3393","content":"해"}],"type":"pronunciation"},{"start_time":"133.48","end_time":"134.07","alternatives":[{"confidence":"0.1743","content":"아줌마"}],"type":"pronunciation"},{"start_time":"134.87","end_time":"135.56","alternatives":[{"confidence":"0.90395","content":"말했기"}],"type":"pronunciation"},{"start_time":"136.63","end_time":"136.99","alternatives":[{"confidence":"0.49","content":"들어가야"}],"type":"pronunciation"},{"start_time":"136.99","end_time":"137.11","alternatives":[{"confidence":"0.9349","content":"될"}],"type":"pronunciation"},{"start_time":"137.11","end_time":"137.2","alternatives":[{"confidence":"0.9893","content":"거"}],"type":"pronunciation"},{"start_time":"137.2","end_time":"137.85","alternatives":[{"confidence":"1.0","content":"아니에요"}],"type":"pronunciation"},{"start_time":"138.81","end_time":"139.09","alternatives":[{"confidence":"0.9635","content":"주위"}],"type":"pronunciation"},{"start_time":"139.09","end_time":"139.5","alternatives":[{"confidence":"0.8423","content":"사람들"}],"type":"pronunciation"},{"start_time":"139.5","end_time":"139.83","alternatives":[{"confidence":"0.9952","content":"없는"}],"type":"pronunciation"},{"start_time":"139.83","end_time":"140.12","alternatives":[{"confidence":"0.988","content":"곳에서"}],"type":"pronunciation"},{"start_time":"140.12","end_time":"140.36","alternatives":[{"confidence":"0.8692","content":"전화"}],"type":"pronunciation"},{"start_time":"140.36","end_time":"141.1","alternatives":[{"confidence":"0.999","content":"받으라고"}],"type":"pronunciation"},{"start_time":"144.19","end_time":"144.82","alternatives":[{"confidence":"0.8432","content":"아줌마"}],"type":"pronunciation"},{"start_time":"145.87","end_time":"146.2","alternatives":[{"confidence":"0.9818","content":"나한테"}],"type":"pronunciation"},{"start_time":"146.2","end_time":"146.59","alternatives":[{"confidence":"0.8559","content":"얼마"}],"type":"pronunciation"},{"start_time":"146.59","end_time":"146.76","alternatives":[{"confidence":"0.9726","content":"줄"}],"type":"pronunciation"},{"start_time":"146.76","end_time":"146.88","alternatives":[{"confidence":"0.9998","content":"수"}],"type":"pronunciation"},{"start_time":"146.88","end_time":"147.34","alternatives":[{"confidence":"0.9923","content":"있어"}],"type":"pronunciation"},{"alternatives":[{"confidence":"0.0","content":"?"}],"type":"punctuation"},{"start_time":"148.14","end_time":"148.31","alternatives":[{"confidence":"0.8742","content":"그"}],"type":"pronunciation"},{"start_time":"148.31","end_time":"148.58","alternatives":[{"confidence":"0.9997","content":"묻는"}],"type":"pronunciation"},{"start_time":"148.58","end_time":"148.83","alternatives":[{"confidence":"0.9817","content":"말에"}],"type":"pronunciation"},{"start_time":"148.83","end_time":"149.17","alternatives":[{"confidence":"0.98","content":"먼저"}],"type":"pronunciation"},{"start_time":"149.17","end_time":"150.0","alternatives":[{"confidence":"0.9763999999999999","content":"대답하세요"}],"type":"pronunciation"},{"start_time":"153.48","end_time":"154.0","alternatives":[{"confidence":"0.5215","content":"아줌마"}],"type":"pronunciation"},{"start_time":"154.03","end_time":"154.19","alternatives":[{"confidence":"0.9732","content":"내가"}],"type":"pronunciation"},{"start_time":"154.19","end_time":"154.43","alternatives":[{"confidence":"0.4093","content":"말에"}],"type":"pronunciation"},{"start_time":"154.43","end_time":"154.8","alternatives":[{"confidence":"0.82145","content":"기울지"}],"type":"pronunciation"},{"start_time":"154.8","end_time":"155.35","alternatives":[{"confidence":"0.9993","content":"말라고"}],"type":"pronunciation"},{"start_time":"157.9","end_time":"158.25","alternatives":[{"confidence":"0.9987","content":"이제"}],"type":"pronunciation"},{"start_time":"158.25","end_time":"158.57","alternatives":[{"confidence":"0.9892","content":"뭐"}],"type":"pronunciation"},{"start_time":"158.6","end_time":"158.8","alternatives":[{"confidence":"0.4693","content":"한"}],"type":"pronunciation"},{"start_time":"158.8","end_time":"158.99","alternatives":[{"confidence":"0.4664","content":"번"}],"type":"pronunciation"},{"start_time":"158.99","end_time":"159.13","alternatives":[{"confidence":"0.9053","content":"더"}],"type":"pronunciation"},{"start_time":"159.13","end_time":"159.85","alternatives":[{"confidence":"0.9470000000000001","content":"울면"}],"type":"pronunciation"},{"start_time":"159.97","end_time":"160.18","alternatives":[{"confidence":"0.8887","content":"난"}],"type":"pronunciation"},{"start_time":"160.18","end_time":"160.44","alternatives":[{"confidence":"0.9692","content":"전화"}],"type":"pronunciation"},{"start_time":"160.44","end_time":"160.97","alternatives":[{"confidence":"1.0","content":"끊고"}],"type":"pronunciation"},{"start_time":"160.97","end_time":"161.88","alternatives":[{"confidence":"0.9039","content":"애죽입니다"}],"type":"pronunciation"},{"start_time":"165.13","end_time":"165.81","alternatives":[{"confidence":"0.2597","content":"아줌마"}],"type":"pronunciation"},{"start_time":"165.96","end_time":"166.48","alternatives":[{"confidence":"1.0","content":"똑똑하게"}],"type":"pronunciation"},{"start_time":"166.48","end_time":"166.88","alternatives":[{"confidence":"0.8834","content":"행동한테"}],"type":"pronunciation"},{"start_time":"166.88","end_time":"167.28","alternatives":[{"confidence":"0.9933","content":"아줌마가"}],"type":"pronunciation"},{"start_time":"167.28","end_time":"167.8","alternatives":[{"confidence":"0.98065","content":"똑똑하게"}],"type":"pronunciation"},{"start_time":"167.8","end_time":"167.91","alternatives":[{"confidence":"0.4732","content":"만"}],"type":"pronunciation"},{"start_time":"167.91","end_time":"168.8","alternatives":[{"confidence":"0.9722","content":"행동하면"}],"type":"pronunciation"},{"start_time":"168.97","end_time":"169.3","alternatives":[{"confidence":"0.9747","content":"애는"}],"type":"pronunciation"},{"start_time":"169.3","end_time":"169.72","alternatives":[{"confidence":"0.9966","content":"다치지"}],"type":"pronunciation"},{"start_time":"169.72","end_time":"170.45","alternatives":[{"confidence":"1.0","content":"않고"}],"type":"pronunciation"},{"start_time":"170.58","end_time":"171.07","alternatives":[{"confidence":"1.0","content":"안전하게"}],"type":"pronunciation"},{"start_time":"171.07","end_time":"171.31","alternatives":[{"confidence":"0.683","content":"돌려"}],"type":"pronunciation"},{"start_time":"171.31","end_time":"171.67","alternatives":[{"confidence":"0.627","content":"보내줄"}],"type":"pronunciation"},{"start_time":"171.67","end_time":"172.48","alternatives":[{"confidence":"0.8437","content":"테니까"}],"type":"pronunciation"},{"start_time":"174.57","end_time":"174.92","alternatives":[{"confidence":"0.9685","content":"나한테"}],"type":"pronunciation"},{"start_time":"174.92","end_time":"175.33","alternatives":[{"confidence":"0.7439","content":"얼마에"}],"type":"pronunciation"},{"start_time":"175.33","end_time":"175.54","alternatives":[{"confidence":"0.9133","content":"좀"}],"type":"pronunciation"},{"start_time":"175.54","end_time":"176.16","alternatives":[{"confidence":"0.9984","content":"있어요"}],"type":"pronunciation"},{"alternatives":[{"confidence":"0.0","content":"?"}],"type":"punctuation"},{"start_time":"179.24","end_time":"179.73","alternatives":[{"confidence":"0.9126","content":"아니"}],"type":"pronunciation"},{"alternatives":[{"confidence":"0.0","content":","}],"type":"punctuation"},{"start_time":"179.89","end_time":"180.17","alternatives":[{"confidence":"0.9957","content":"일단"}],"type":"pronunciation"},{"start_time":"180.23","end_time":"180.64","alternatives":[{"confidence":"0.9826","content":"목소리를"}],"type":"pronunciation"},{"start_time":"180.64","end_time":"180.93","alternatives":[{"confidence":"0.9419","content":"들어보면"}],"type":"pronunciation"},{"start_time":"180.93","end_time":"181.01","alternatives":[{"confidence":"0.7053","content":"안"}],"type":"pronunciation"},{"start_time":"181.01","end_time":"181.1","alternatives":[{"confidence":"0.4257","content":"돼"}],"type":"pronunciation"},{"start_time":"181.1","end_time":"181.29","alternatives":[{"confidence":"0.8561","content":"가지고"}],"type":"pronunciation"},{"start_time":"181.29","end_time":"181.58","alternatives":[{"confidence":"0.2569","content":"하면은"}],"type":"pronunciation"},{"start_time":"181.58","end_time":"181.73","alternatives":[{"confidence":"0.3317","content":"아마"}],"type":"pronunciation"},{"start_time":"181.73","end_time":"181.83","alternatives":[{"confidence":"0.9995","content":"될"}],"type":"pronunciation"},{"start_time":"181.83","end_time":"181.92","alternatives":[{"confidence":"0.9987","content":"거"}],"type":"pronunciation"},{"start_time":"181.92","end_time":"182.45","alternatives":[{"confidence":"1.0","content":"아니에요"}],"type":"pronunciation"},{"alternatives":[{"confidence":"0.0","content":"?"}],"type":"punctuation"},{"start_time":"183.3","end_time":"183.67","alternatives":[{"confidence":"0.9176","content":"엄마"}],"type":"pronunciation"},{"alternatives":[{"confidence":"0.0","content":","}],"type":"punctuation"},{"start_time":"183.7","end_time":"183.85","alternatives":[{"confidence":"0.9926","content":"내가"}],"type":"pronunciation"},{"start_time":"183.85","end_time":"184.21","alternatives":[{"confidence":"0.999","content":"말했지"}],"type":"pronunciation"},{"alternatives":[{"confidence":"0.0","content":"?"}],"type":"punctuation"},{"start_time":"184.21","end_time":"184.82","alternatives":[{"confidence":"0.79335","content":"앞서나가지"}],"type":"pronunciation"},{"start_time":"184.82","end_time":"185.54","alternatives":[{"confidence":"0.9997","content":"말고"}],"type":"pronunciation"},{"start_time":"185.85","end_time":"186.13","alternatives":[{"confidence":"0.9861","content":"나한테"}],"type":"pronunciation"},{"start_time":"186.13","end_time":"186.45","alternatives":[{"confidence":"0.7247","content":"얼마"}],"type":"pronunciation"},{"start_time":"186.45","end_time":"186.69","alternatives":[{"confidence":"0.5434","content":"해줄"}],"type":"pronunciation"},{"start_time":"186.69","end_time":"186.79","alternatives":[{"confidence":"1.0","content":"수"}],"type":"pronunciation"},{"start_time":"186.79","end_time":"187.3","alternatives":[{"confidence":"0.9932","content":"있냐고"}],"type":"pronunciation"},{"alternatives":[{"confidence":"0.0","content":"?"}],"type":"punctuation"},{"start_time":"190.97","end_time":"191.28","alternatives":[{"confidence":"0.5961","content":"아줌마"}],"type":"pronunciation"},{"start_time":"191.28","end_time":"191.69","alternatives":[{"confidence":"0.53485","content":"통장에서"}],"type":"pronunciation"},{"start_time":"191.69","end_time":"191.94","alternatives":[{"confidence":"0.6233","content":"얼마"}],"type":"pronunciation"},{"start_time":"191.94","end_time":"192.34","alternatives":[{"confidence":"0.8264","content":"있어"}],"type":"pronunciation"},{"alternatives":[{"confidence":"0.0","content":"?"}],"type":"punctuation"},{"start_time":"193.17","end_time":"193.5","alternatives":[{"confidence":"0.9637","content":"아무것도"}],"type":"pronunciation"},{"start_time":"193.5","end_time":"194.07","alternatives":[{"confidence":"0.9994","content":"없어요"}],"type":"pronunciation"},{"alternatives":[{"confidence":"0.0","content":"."}],"type":"punctuation"},{"start_time":"194.87","end_time":"195.13","alternatives":[{"confidence":"0.2276","content":"시험"}],"type":"pronunciation"},{"start_time":"195.38","end_time":"195.52","alternatives":[{"confidence":"0.6144","content":"몇"}],"type":"pronunciation"},{"start_time":"195.52","end_time":"195.63","alternatives":[{"confidence":"0.5323","content":"개"}],"type":"pronunciation"},{"start_time":"195.63","end_time":"197.27","alternatives":[{"confidence":"0.5668333333333334","content":"어그러는데요"}],"type":"pronunciation"},{"alternatives":[{"confidence":"0.0","content":"?"}],"type":"punctuation"},{"start_time":"198.18","end_time":"198.51","alternatives":[{"confidence":"0.9848","content":"나한테"}],"type":"pronunciation"},{"start_time":"198.51","end_time":"198.69","alternatives":[{"confidence":"0.5702","content":"돈을"}],"type":"pronunciation"},{"start_time":"198.69","end_time":"198.9","alternatives":[{"confidence":"0.9999","content":"어떻게"}],"type":"pronunciation"},{"start_time":"198.9","end_time":"199.08","alternatives":[{"confidence":"0.9687","content":"해줄"}],"type":"pronunciation"},{"start_time":"199.08","end_time":"199.53","alternatives":[{"confidence":"0.9923","content":"건데"}],"type":"pronunciation"},{"alternatives":[{"confidence":"0.0","content":"?"}],"type":"punctuation"},{"start_time":"204.04","end_time":"204.35","alternatives":[{"confidence":"0.9994","content":"어떻게"}],"type":"pronunciation"},{"start_time":"204.35","end_time":"204.51","alternatives":[{"confidence":"0.9843","content":"해줄"}],"type":"pronunciation"},{"start_time":"204.51","end_time":"205.03","alternatives":[{"confidence":"0.9969","content":"건데"}],"type":"pronunciation"},{"alternatives":[{"confidence":"0.0","content":"?"}],"type":"punctuation"},{"start_time":"209.73","end_time":"210.74","alternatives":[{"confidence":"1.0","content":"아줌마가"}],"type":"pronunciation"},{"start_time":"210.77","end_time":"211.08","alternatives":[{"confidence":"1.0","content":"돈이"}],"type":"pronunciation"},{"start_time":"211.08","end_time":"212.01","alternatives":[{"confidence":"1.0","content":"없으면"}],"type":"pronunciation"},{"start_time":"213.03","end_time":"213.41","alternatives":[{"confidence":"0.9731","content":"거래가"}],"type":"pronunciation"},{"start_time":"213.41","end_time":"213.52","alternatives":[{"confidence":"0.7396","content":"안"}],"type":"pronunciation"},{"start_time":"213.52","end_time":"213.86","alternatives":[{"confidence":"0.7042","content":"된다는"}],"type":"pronunciation"},{"start_time":"213.86","end_time":"214.19","alternatives":[{"confidence":"0.9261","content":"거잖아요"}],"type":"pronunciation"},{"alternatives":[{"confidence":"0.0","content":"?"}],"type":"punctuation"},{"start_time":"214.19","end_time":"214.67","alternatives":[{"confidence":"0.7613","content":"그렇지"}],"type":"pronunciation"},{"alternatives":[{"confidence":"0.0","content":","}],"type":"punctuation"},{"start_time":"216.4","end_time":"216.71","alternatives":[{"confidence":"0.8469","content":"아직"}],"type":"pronunciation"},{"start_time":"227.65","end_time":"228.21","alternatives":[{"confidence":"0.9907","content":"그래요"}],"type":"pronunciation"},{"alternatives":[{"confidence":"0.0","content":"."}],"type":"punctuation"}]},"status":"COMPLETED"}