{"jobName":"transcribe_loan127","accountId":"097989105209","results":{"transcripts":[{"transcript":"우리금융인데요 출 필요하신 분받으시죠 우리금융, 우리금융 금융사에서 대출되잖아요 그렇죠 이 금융권인데 뭐 대출을 요즘 전화상으로 가능하세요 우리금융에서 바로 받는 거예요, 그렇죠? 저희 쪽에서 바로 해드리는 거죠 어떻게 되는 건가요? 그럼요, 서울에 있어요 서울 서울, 서울 그러세요? 의심스러운 이 많으실 상관없어요"}],"items":[{"start_time":"1.51","end_time":"2.97","alternatives":[{"confidence":"0.6237","content":"우리금융인데요"}],"type":"pronunciation"},{"start_time":"3.36","end_time":"3.77","alternatives":[{"confidence":"0.1945","content":"출"}],"type":"pronunciation"},{"start_time":"3.77","end_time":"4.31","alternatives":[{"confidence":"0.9833000000000001","content":"필요하신"}],"type":"pronunciation"},{"start_time":"4.31","end_time":"5.14","alternatives":[{"confidence":"0.7901333333333334","content":"분받으시죠"}],"type":"pronunciation"},{"start_time":"5.56","end_time":"6.0","alternatives":[{"confidence":"0.03705","content":"우리금융"}],"type":"pronunciation"},{"alternatives":[{"confidence":"0.0","content":","}],"type":"punctuation"},{"start_time":"6.63","end_time":"7.32","alternatives":[{"confidence":"0.52555","content":"우리금융"}],"type":"pronunciation"},{"start_time":"7.98","end_time":"8.44","alternatives":[{"confidence":"0.7301500000000001","content":"금융사에서"}],"type":"pronunciation"},{"start_time":"8.44","end_time":"8.97","alternatives":[{"confidence":"0.2598","content":"대출되잖아요"}],"type":"pronunciation"},{"start_time":"9.67","end_time":"10.04","alternatives":[{"confidence":"0.9998","content":"그렇죠"}],"type":"pronunciation"},{"start_time":"10.1","end_time":"10.22","alternatives":[{"confidence":"0.8229","content":"이"}],"type":"pronunciation"},{"start_time":"10.22","end_time":"11.17","alternatives":[{"confidence":"0.9904999999999999","content":"금융권인데"}],"type":"pronunciation"},{"start_time":"11.2","end_time":"11.49","alternatives":[{"confidence":"0.9248","content":"뭐"}],"type":"pronunciation"},{"start_time":"11.55","end_time":"11.96","alternatives":[{"confidence":"0.9607","content":"대출을"}],"type":"pronunciation"},{"start_time":"11.96","end_time":"12.19","alternatives":[{"confidence":"0.9002","content":"요즘"}],"type":"pronunciation"},{"start_time":"12.19","end_time":"12.74","alternatives":[{"confidence":"0.9640500000000001","content":"전화상으로"}],"type":"pronunciation"},{"start_time":"12.74","end_time":"13.56","alternatives":[{"confidence":"0.9931","content":"가능하세요"}],"type":"pronunciation"},{"start_time":"13.65","end_time":"14.18","alternatives":[{"confidence":"0.4489","content":"우리금융에서"}],"type":"pronunciation"},{"start_time":"14.18","end_time":"14.35","alternatives":[{"confidence":"0.8854","content":"바로"}],"type":"pronunciation"},{"start_time":"14.35","end_time":"14.53","alternatives":[{"confidence":"0.7867","content":"받는"}],"type":"pronunciation"},{"start_time":"14.53","end_time":"14.76","alternatives":[{"confidence":"0.8159","content":"거예요"}],"type":"pronunciation"},{"alternatives":[{"confidence":"0.0","content":","}],"type":"punctuation"},{"start_time":"15.35","end_time":"15.65","alternatives":[{"confidence":"0.9223","content":"그렇죠"}],"type":"pronunciation"},{"alternatives":[{"confidence":"0.0","content":"?"}],"type":"punctuation"},{"start_time":"15.65","end_time":"15.85","alternatives":[{"confidence":"0.9525","content":"저희"}],"type":"pronunciation"},{"start_time":"15.85","end_time":"16.15","alternatives":[{"confidence":"1.0","content":"쪽에서"}],"type":"pronunciation"},{"start_time":"16.15","end_time":"16.34","alternatives":[{"confidence":"0.9467","content":"바로"}],"type":"pronunciation"},{"start_time":"16.34","end_time":"16.7","alternatives":[{"confidence":"0.57135","content":"해드리는"}],"type":"pronunciation"},{"start_time":"16.7","end_time":"16.98","alternatives":[{"confidence":"0.1689","content":"거죠"}],"type":"pronunciation"},{"start_time":"17.31","end_time":"17.51","alternatives":[{"confidence":"0.9978","content":"어떻게"}],"type":"pronunciation"},{"start_time":"17.51","end_time":"17.67","alternatives":[{"confidence":"0.8829","content":"되는"}],"type":"pronunciation"},{"start_time":"17.67","end_time":"17.88","alternatives":[{"confidence":"0.9928","content":"건가요"}],"type":"pronunciation"},{"alternatives":[{"confidence":"0.0","content":"?"}],"type":"punctuation"},{"start_time":"17.88","end_time":"18.12","alternatives":[{"confidence":"0.2358","content":"그럼요"}],"type":"pronunciation"},{"alternatives":[{"confidence":"0.0","content":","}],"type":"punctuation"},{"start_time":"18.93","end_time":"19.23","alternatives":[{"confidence":"0.963","content":"서울에"}],"type":"pronunciation"},{"start_time":"19.23","end_time":"19.56","alternatives":[{"confidence":"0.9293","content":"있어요"}],"type":"pronunciation"},{"start_time":"19.59","end_time":"19.85","alternatives":[{"confidence":"0.0221","content":"서울"}],"type":"pronunciation"},{"start_time":"20.41","end_time":"20.63","alternatives":[{"confidence":"0.1668","content":"서울"}],"type":"pronunciation"},{"alternatives":[{"confidence":"0.0","content":","}],"type":"punctuation"},{"start_time":"20.78","end_time":"20.99","alternatives":[{"confidence":"0.0951","content":"서울"}],"type":"pronunciation"},{"start_time":"21.81","end_time":"22.27","alternatives":[{"confidence":"0.9991","content":"그러세요"}],"type":"pronunciation"},{"alternatives":[{"confidence":"0.0","content":"?"}],"type":"punctuation"},{"start_time":"22.3","end_time":"22.77","alternatives":[{"confidence":"0.6493","content":"의심스러운"}],"type":"pronunciation"},{"start_time":"22.77","end_time":"22.85","alternatives":[{"confidence":"0.598","content":"이"}],"type":"pronunciation"},{"start_time":"22.85","end_time":"23.19","alternatives":[{"confidence":"0.69895","content":"많으실"}],"type":"pronunciation"},{"start_time":"23.19","end_time":"23.8","alternatives":[{"confidence":"0.9928","content":"상관없어요"}],"type":"pronunciation"}]},"status":"COMPLETED"}