{"jobName":"transcribe_loan115","accountId":"097989105209","results":{"transcripts":[{"transcript":"뭐 좀 더 줄게 여보세요? 네. 그 내가 지금부터 민감한 이야기할 것 보니까 사람 없는 거죠. 전화받아요 되묻지 말고 시바사람 없는 곳 가서 전화 받으라고 아줌마 말씀하세요. 네. 네. 경고하는데 경찰에 신고하거나 주위 사람에게 알리면 멧돼지보입니다 내가 어디 있는지 왜 나왔던 것 나? 예. 어디 있는지도 모르나? 아줌마지금 아니라 학교 갔는데 전화가 와서 아줌마 지금 옆에 누구 있어요? 근데 왜 옆에 사람한테 아이가 다 천 년이 맞았다는 말이에요. 지금 같이 근무를 하고 있으니까 지금 내가 원하는 건 단순히 돈이야 돈 돈이 필요하다 얼마나 해질 수 있나요? 최대한 아이가 어디 있는 거예요. 아이가 어딨냐고 우리 지금 일상이에요 일단 어디 인데 아예 저기도 봐야죠. 아니 어디인지 왜 자꾸 위치느냐고? 이 빨려나 돈 준비하라 니까 여보세요?"}],"items":[{"start_time":"0.09","end_time":"0.3","alternatives":[{"confidence":"0.5106","content":"뭐"}],"type":"pronunciation"},{"start_time":"0.3","end_time":"0.44","alternatives":[{"confidence":"0.1699","content":"좀"}],"type":"pronunciation"},{"start_time":"0.64","end_time":"0.72","alternatives":[{"confidence":"0.0406","content":"더"}],"type":"pronunciation"},{"start_time":"0.72","end_time":"0.97","alternatives":[{"confidence":"0.4216","content":"줄게"}],"type":"pronunciation"},{"start_time":"1.46","end_time":"2.01","alternatives":[{"confidence":"0.9794","content":"여보세요"}],"type":"pronunciation"},{"alternatives":[{"confidence":"0.0","content":"?"}],"type":"punctuation"},{"start_time":"2.75","end_time":"3.24","alternatives":[{"confidence":"0.9535","content":"네"}],"type":"pronunciation"},{"alternatives":[{"confidence":"0.0","content":"."}],"type":"punctuation"},{"start_time":"3.27","end_time":"3.75","alternatives":[{"confidence":"0.4831","content":"그"}],"type":"pronunciation"},{"start_time":"3.95","end_time":"4.24","alternatives":[{"confidence":"0.9495","content":"내가"}],"type":"pronunciation"},{"start_time":"4.24","end_time":"4.74","alternatives":[{"confidence":"0.9962","content":"지금부터"}],"type":"pronunciation"},{"start_time":"4.74","end_time":"5.25","alternatives":[{"confidence":"1.0","content":"민감한"}],"type":"pronunciation"},{"start_time":"5.25","end_time":"5.6","alternatives":[{"confidence":"0.6214","content":"이야기할"}],"type":"pronunciation"},{"start_time":"5.6","end_time":"5.7","alternatives":[{"confidence":"0.3027","content":"것"}],"type":"pronunciation"},{"start_time":"5.7","end_time":"6.01","alternatives":[{"confidence":"0.9837","content":"보니까"}],"type":"pronunciation"},{"start_time":"6.01","end_time":"6.29","alternatives":[{"confidence":"0.8753","content":"사람"}],"type":"pronunciation"},{"start_time":"6.29","end_time":"6.58","alternatives":[{"confidence":"0.678","content":"없는"}],"type":"pronunciation"},{"start_time":"6.58","end_time":"6.84","alternatives":[{"confidence":"0.8465","content":"거죠"}],"type":"pronunciation"},{"alternatives":[{"confidence":"0.0","content":"."}],"type":"punctuation"},{"start_time":"7.11","end_time":"8.03","alternatives":[{"confidence":"0.7686999999999999","content":"전화받아요"}],"type":"pronunciation"},{"start_time":"9.79","end_time":"10.32","alternatives":[{"confidence":"0.9964999999999999","content":"되묻지"}],"type":"pronunciation"},{"start_time":"10.32","end_time":"10.7","alternatives":[{"confidence":"1.0","content":"말고"}],"type":"pronunciation"},{"start_time":"10.7","end_time":"11.46","alternatives":[{"confidence":"0.4821","content":"시바사람"}],"type":"pronunciation"},{"start_time":"11.46","end_time":"11.75","alternatives":[{"confidence":"0.975","content":"없는"}],"type":"pronunciation"},{"start_time":"11.75","end_time":"11.92","alternatives":[{"confidence":"0.5618","content":"곳"}],"type":"pronunciation"},{"start_time":"11.92","end_time":"12.15","alternatives":[{"confidence":"0.9983","content":"가서"}],"type":"pronunciation"},{"start_time":"12.15","end_time":"12.36","alternatives":[{"confidence":"0.6706","content":"전화"}],"type":"pronunciation"},{"start_time":"12.36","end_time":"12.84","alternatives":[{"confidence":"0.9865","content":"받으라고"}],"type":"pronunciation"},{"start_time":"12.84","end_time":"13.52","alternatives":[{"confidence":"0.8967","content":"아줌마"}],"type":"pronunciation"},{"start_time":"17.01","end_time":"17.69","alternatives":[{"confidence":"0.9525","content":"말씀하세요"}],"type":"pronunciation"},{"alternatives":[{"confidence":"0.0","content":"."}],"type":"punctuation"},{"start_time":"18.43","end_time":"18.55","alternatives":[{"confidence":"0.7826","content":"네"}],"type":"pronunciation"},{"alternatives":[{"confidence":"0.0","content":"."}],"type":"punctuation"},{"start_time":"18.58","end_time":"18.77","alternatives":[{"confidence":"0.8371","content":"네"}],"type":"pronunciation"},{"alternatives":[{"confidence":"0.0","content":"."}],"type":"punctuation"},{"start_time":"18.77","end_time":"19.43","alternatives":[{"confidence":"0.86815","content":"경고하는데"}],"type":"pronunciation"},{"start_time":"19.43","end_time":"19.89","alternatives":[{"confidence":"1.0","content":"경찰에"}],"type":"pronunciation"},{"start_time":"19.89","end_time":"20.66","alternatives":[{"confidence":"1.0","content":"신고하거나"}],"type":"pronunciation"},{"start_time":"20.66","end_time":"20.9","alternatives":[{"confidence":"0.9893","content":"주위"}],"type":"pronunciation"},{"start_time":"20.9","end_time":"21.35","alternatives":[{"confidence":"0.9974","content":"사람에게"}],"type":"pronunciation"},{"start_time":"21.35","end_time":"21.7","alternatives":[{"confidence":"0.4911","content":"알리면"}],"type":"pronunciation"},{"start_time":"21.85","end_time":"23.38","alternatives":[{"confidence":"0.7881","content":"멧돼지보입니다"}],"type":"pronunciation"},{"start_time":"27.86","end_time":"28.05","alternatives":[{"confidence":"0.3932","content":"내가"}],"type":"pronunciation"},{"start_time":"28.05","end_time":"28.28","alternatives":[{"confidence":"0.801","content":"어디"}],"type":"pronunciation"},{"start_time":"28.28","end_time":"28.77","alternatives":[{"confidence":"0.8331","content":"있는지"}],"type":"pronunciation"},{"start_time":"29.41","end_time":"29.66","alternatives":[{"confidence":"0.5365","content":"왜"}],"type":"pronunciation"},{"start_time":"29.66","end_time":"30.05","alternatives":[{"confidence":"0.861","content":"나왔던"}],"type":"pronunciation"},{"start_time":"30.05","end_time":"30.17","alternatives":[{"confidence":"0.4254","content":"것"}],"type":"pronunciation"},{"start_time":"30.17","end_time":"30.54","alternatives":[{"confidence":"0.2631","content":"나"}],"type":"pronunciation"},{"alternatives":[{"confidence":"0.0","content":"?"}],"type":"punctuation"},{"start_time":"31.89","end_time":"31.94","alternatives":[{"confidence":"0.4663","content":"예"}],"type":"pronunciation"},{"alternatives":[{"confidence":"0.0","content":"."}],"type":"punctuation"},{"start_time":"31.94","end_time":"32.21","alternatives":[{"confidence":"0.9538","content":"어디"}],"type":"pronunciation"},{"start_time":"32.21","end_time":"32.65","alternatives":[{"confidence":"1.0","content":"있는지도"}],"type":"pronunciation"},{"start_time":"32.65","end_time":"33.29","alternatives":[{"confidence":"0.6287","content":"모르나"}],"type":"pronunciation"},{"alternatives":[{"confidence":"0.0","content":"?"}],"type":"punctuation"},{"start_time":"33.32","end_time":"34.84","alternatives":[{"confidence":"0.8432999999999999","content":"아줌마지금"}],"type":"pronunciation"},{"start_time":"34.96","end_time":"35.2","alternatives":[{"confidence":"0.7682","content":"아니라"}],"type":"pronunciation"},{"start_time":"35.2","end_time":"35.41","alternatives":[{"confidence":"0.8888","content":"학교"}],"type":"pronunciation"},{"start_time":"35.41","end_time":"36.04","alternatives":[{"confidence":"0.9774","content":"갔는데"}],"type":"pronunciation"},{"start_time":"36.1","end_time":"36.42","alternatives":[{"confidence":"1.0","content":"전화가"}],"type":"pronunciation"},{"start_time":"36.42","end_time":"36.7","alternatives":[{"confidence":"0.9985","content":"와서"}],"type":"pronunciation"},{"start_time":"38.09","end_time":"38.52","alternatives":[{"confidence":"0.4872","content":"아줌마"}],"type":"pronunciation"},{"start_time":"38.52","end_time":"38.78","alternatives":[{"confidence":"0.9545","content":"지금"}],"type":"pronunciation"},{"start_time":"38.78","end_time":"39.01","alternatives":[{"confidence":"0.8114","content":"옆에"}],"type":"pronunciation"},{"start_time":"39.01","end_time":"39.26","alternatives":[{"confidence":"0.6831","content":"누구"}],"type":"pronunciation"},{"start_time":"39.26","end_time":"39.69","alternatives":[{"confidence":"0.9427","content":"있어요"}],"type":"pronunciation"},{"alternatives":[{"confidence":"0.0","content":"?"}],"type":"punctuation"},{"start_time":"42.87","end_time":"43.41","alternatives":[{"confidence":"0.7058","content":"근데"}],"type":"pronunciation"},{"start_time":"43.41","end_time":"43.66","alternatives":[{"confidence":"0.9993","content":"왜"}],"type":"pronunciation"},{"start_time":"43.66","end_time":"43.96","alternatives":[{"confidence":"0.8906","content":"옆에"}],"type":"pronunciation"},{"start_time":"43.99","end_time":"44.83","alternatives":[{"confidence":"1.0","content":"사람한테"}],"type":"pronunciation"},{"start_time":"44.98","end_time":"45.53","alternatives":[{"confidence":"0.0272","content":"아이가"}],"type":"pronunciation"},{"start_time":"45.53","end_time":"45.69","alternatives":[{"confidence":"0.0096","content":"다"}],"type":"pronunciation"},{"start_time":"45.69","end_time":"45.88","alternatives":[{"confidence":"0.2577","content":"천"}],"type":"pronunciation"},{"start_time":"45.88","end_time":"46.17","alternatives":[{"confidence":"0.3853","content":"년이"}],"type":"pronunciation"},{"start_time":"46.17","end_time":"46.79","alternatives":[{"confidence":"0.99","content":"맞았다는"}],"type":"pronunciation"},{"start_time":"47.14","end_time":"47.65","alternatives":[{"confidence":"0.9969","content":"말이에요"}],"type":"pronunciation"},{"alternatives":[{"confidence":"0.0","content":"."}],"type":"punctuation"},{"start_time":"48.93","end_time":"49.13","alternatives":[{"confidence":"0.8093","content":"지금"}],"type":"pronunciation"},{"start_time":"49.13","end_time":"49.52","alternatives":[{"confidence":"0.9963","content":"같이"}],"type":"pronunciation"},{"start_time":"49.52","end_time":"49.86","alternatives":[{"confidence":"0.9991","content":"근무를"}],"type":"pronunciation"},{"start_time":"49.86","end_time":"50.03","alternatives":[{"confidence":"0.9976","content":"하고"}],"type":"pronunciation"},{"start_time":"50.03","end_time":"50.66","alternatives":[{"confidence":"0.8858","content":"있으니까"}],"type":"pronunciation"},{"start_time":"51.89","end_time":"52.13","alternatives":[{"confidence":"0.7783","content":"지금"}],"type":"pronunciation"},{"start_time":"52.37","end_time":"52.67","alternatives":[{"confidence":"0.9897","content":"내가"}],"type":"pronunciation"},{"start_time":"52.67","end_time":"53.14","alternatives":[{"confidence":"1.0","content":"원하는"}],"type":"pronunciation"},{"start_time":"53.14","end_time":"53.57","alternatives":[{"confidence":"1.0","content":"건"}],"type":"pronunciation"},{"start_time":"53.57","end_time":"53.96","alternatives":[{"confidence":"1.0","content":"단순히"}],"type":"pronunciation"},{"start_time":"53.96","end_time":"54.55","alternatives":[{"confidence":"0.9474","content":"돈이야"}],"type":"pronunciation"},{"start_time":"54.58","end_time":"54.88","alternatives":[{"confidence":"0.6591","content":"돈"}],"type":"pronunciation"},{"start_time":"55.58","end_time":"55.87","alternatives":[{"confidence":"1.0","content":"돈이"}],"type":"pronunciation"},{"start_time":"55.87","end_time":"56.35","alternatives":[{"confidence":"0.9122","content":"필요하다"}],"type":"pronunciation"},{"start_time":"58.42","end_time":"58.9","alternatives":[{"confidence":"0.9985","content":"얼마나"}],"type":"pronunciation"},{"start_time":"58.9","end_time":"59.1","alternatives":[{"confidence":"0.6948","content":"해질"}],"type":"pronunciation"},{"start_time":"59.1","end_time":"59.21","alternatives":[{"confidence":"0.999","content":"수"}],"type":"pronunciation"},{"start_time":"59.21","end_time":"59.57","alternatives":[{"confidence":"1.0","content":"있나요"}],"type":"pronunciation"},{"alternatives":[{"confidence":"0.0","content":"?"}],"type":"punctuation"},{"start_time":"59.57","end_time":"60.06","alternatives":[{"confidence":"0.9992","content":"최대한"}],"type":"pronunciation"},{"start_time":"63.37","end_time":"63.67","alternatives":[{"confidence":"0.0091","content":"아이가"}],"type":"pronunciation"},{"start_time":"63.67","end_time":"63.84","alternatives":[{"confidence":"0.0032","content":"어디"}],"type":"pronunciation"},{"start_time":"63.84","end_time":"64.03","alternatives":[{"confidence":"0.0017","content":"있는"}],"type":"pronunciation"},{"start_time":"64.03","end_time":"64.39","alternatives":[{"confidence":"0.7627","content":"거예요"}],"type":"pronunciation"},{"alternatives":[{"confidence":"0.0","content":"."}],"type":"punctuation"},{"start_time":"67.78","end_time":"68.3","alternatives":[{"confidence":"1.0","content":"아이가"}],"type":"pronunciation"},{"start_time":"68.3","end_time":"69.02","alternatives":[{"confidence":"0.85165","content":"어딨냐고"}],"type":"pronunciation"},{"start_time":"69.02","end_time":"69.21","alternatives":[{"confidence":"0.9731","content":"우리"}],"type":"pronunciation"},{"start_time":"69.21","end_time":"69.4","alternatives":[{"confidence":"0.9771","content":"지금"}],"type":"pronunciation"},{"start_time":"69.4","end_time":"70.16","alternatives":[{"confidence":"0.9471","content":"일상이에요"}],"type":"pronunciation"},{"start_time":"73.36","end_time":"73.77","alternatives":[{"confidence":"0.8524","content":"일단"}],"type":"pronunciation"},{"start_time":"73.77","end_time":"73.92","alternatives":[{"confidence":"0.6926","content":"어디"}],"type":"pronunciation"},{"start_time":"73.92","end_time":"74.1","alternatives":[{"confidence":"0.978","content":"인데"}],"type":"pronunciation"},{"start_time":"74.1","end_time":"74.32","alternatives":[{"confidence":"0.7066","content":"아예"}],"type":"pronunciation"},{"start_time":"74.32","end_time":"74.59","alternatives":[{"confidence":"0.56725","content":"저기도"}],"type":"pronunciation"},{"start_time":"74.59","end_time":"75.17","alternatives":[{"confidence":"0.7761","content":"봐야죠"}],"type":"pronunciation"},{"alternatives":[{"confidence":"0.0","content":"."}],"type":"punctuation"},{"start_time":"76.76","end_time":"77.17","alternatives":[{"confidence":"0.9217","content":"아니"}],"type":"pronunciation"},{"start_time":"77.17","end_time":"77.7","alternatives":[{"confidence":"0.5507","content":"어디인지"}],"type":"pronunciation"},{"start_time":"77.7","end_time":"77.94","alternatives":[{"confidence":"0.9977","content":"왜"}],"type":"pronunciation"},{"start_time":"77.94","end_time":"78.27","alternatives":[{"confidence":"1.0","content":"자꾸"}],"type":"pronunciation"},{"start_time":"78.27","end_time":"79.07","alternatives":[{"confidence":"0.77025","content":"위치느냐고"}],"type":"pronunciation"},{"alternatives":[{"confidence":"0.0","content":"?"}],"type":"punctuation"},{"start_time":"79.28","end_time":"79.4","alternatives":[{"confidence":"0.2607","content":"이"}],"type":"pronunciation"},{"start_time":"79.4","end_time":"80.1","alternatives":[{"confidence":"0.7220500000000001","content":"빨려나"}],"type":"pronunciation"},{"start_time":"80.13","end_time":"80.33","alternatives":[{"confidence":"0.7485","content":"돈"}],"type":"pronunciation"},{"start_time":"80.33","end_time":"80.79","alternatives":[{"confidence":"0.5991","content":"준비하라"}],"type":"pronunciation"},{"start_time":"80.79","end_time":"81.35","alternatives":[{"confidence":"0.2822","content":"니까"}],"type":"pronunciation"},{"start_time":"87.59","end_time":"88.38","alternatives":[{"confidence":"0.664","content":"여보세요"}],"type":"pronunciation"},{"alternatives":[{"confidence":"0.0","content":"?"}],"type":"punctuation"}]},"status":"COMPLETED"}