{"jobName":"transcribe_loan111","accountId":"097989105209","results":{"transcripts":[{"transcript":"저 박는데 기억나시나요. 네. 네. 말 잘 안 들리세요? 박기억나시죠 어제 혹시 저희 마감 전에 나 은행에서 따로 전화 받아 보신 거 있으세요? 없으시고요 일단은 저희가 에서 저희 프로그램이 있죠. 뭐 이렇게 다시 이렇게 처음부터 하셨거든요. 뭐 때문에 그러신 거예요. 자꾸 막 꺼져가지고 이거를 설명을 잘못 들었네요 저희 프로그램 같은 경우에는 를 시켜버리면요 기존에 갖고 있던 신청서들이 다 삭제 이거를 지금 저희 일월 십일일 날짜로 해서 대 출신 청소하나만 더 작성좀 해주셔야 될 것 같은데요. 네. 그 제가 지금 쪽으로 그때 저희 홈페이지 링크하나 더 보내드릴게요. 잠시만요. 지금 전화 통화하면서 저랑 같이 대출신청서나 좀 아니라서 제가 내려서 다시 전화드릴게요 몇 분 정도 걸리실까요 내릴 거예요. 내릴 내리려고. 그래서 그렇게 제가 그럼 변화로 했어요. 저 찾는다고 좀 부탁 좀 이렇게 드릴게요. 갈증있어요."}],"items":[{"start_time":"2.87","end_time":"3.04","alternatives":[{"confidence":"0.2237","content":"저"}],"type":"pronunciation"},{"start_time":"3.04","end_time":"3.89","alternatives":[{"confidence":"0.252","content":"박는데"}],"type":"pronunciation"},{"start_time":"3.89","end_time":"5.02","alternatives":[{"confidence":"0.98995","content":"기억나시나요"}],"type":"pronunciation"},{"alternatives":[{"confidence":"0.0","content":"."}],"type":"punctuation"},{"start_time":"6.49","end_time":"6.98","alternatives":[{"confidence":"0.6305","content":"네"}],"type":"pronunciation"},{"alternatives":[{"confidence":"0.0","content":"."}],"type":"punctuation"},{"start_time":"6.98","end_time":"7.15","alternatives":[{"confidence":"0.5907","content":"네"}],"type":"pronunciation"},{"alternatives":[{"confidence":"0.0","content":"."}],"type":"punctuation"},{"start_time":"7.34","end_time":"7.49","alternatives":[{"confidence":"0.1966","content":"말"}],"type":"pronunciation"},{"start_time":"7.49","end_time":"7.7","alternatives":[{"confidence":"0.9976","content":"잘"}],"type":"pronunciation"},{"start_time":"7.7","end_time":"7.91","alternatives":[{"confidence":"0.9176","content":"안"}],"type":"pronunciation"},{"start_time":"7.91","end_time":"8.64","alternatives":[{"confidence":"0.99875","content":"들리세요"}],"type":"pronunciation"},{"alternatives":[{"confidence":"0.0","content":"?"}],"type":"punctuation"},{"start_time":"9.93","end_time":"12.13","alternatives":[{"confidence":"0.8718333333333333","content":"박기억나시죠"}],"type":"pronunciation"},{"start_time":"13.16","end_time":"13.55","alternatives":[{"confidence":"0.9343","content":"어제"}],"type":"pronunciation"},{"start_time":"13.55","end_time":"14.15","alternatives":[{"confidence":"1.0","content":"혹시"}],"type":"pronunciation"},{"start_time":"14.18","end_time":"14.47","alternatives":[{"confidence":"0.3674","content":"저희"}],"type":"pronunciation"},{"start_time":"15.08","end_time":"15.59","alternatives":[{"confidence":"0.3393","content":"마감"}],"type":"pronunciation"},{"start_time":"15.59","end_time":"15.93","alternatives":[{"confidence":"0.3564","content":"전에"}],"type":"pronunciation"},{"start_time":"15.93","end_time":"16.16","alternatives":[{"confidence":"0.0548","content":"나"}],"type":"pronunciation"},{"start_time":"16.48","end_time":"17.08","alternatives":[{"confidence":"0.1823","content":"은행에서"}],"type":"pronunciation"},{"start_time":"17.08","end_time":"17.38","alternatives":[{"confidence":"0.9576","content":"따로"}],"type":"pronunciation"},{"start_time":"17.38","end_time":"17.66","alternatives":[{"confidence":"0.8506","content":"전화"}],"type":"pronunciation"},{"start_time":"17.66","end_time":"17.92","alternatives":[{"confidence":"0.7632","content":"받아"}],"type":"pronunciation"},{"start_time":"17.92","end_time":"18.22","alternatives":[{"confidence":"0.9233","content":"보신"}],"type":"pronunciation"},{"start_time":"18.22","end_time":"18.36","alternatives":[{"confidence":"0.9821","content":"거"}],"type":"pronunciation"},{"start_time":"18.36","end_time":"18.97","alternatives":[{"confidence":"1.0","content":"있으세요"}],"type":"pronunciation"},{"alternatives":[{"confidence":"0.0","content":"?"}],"type":"punctuation"},{"start_time":"21.0","end_time":"22.32","alternatives":[{"confidence":"0.99305","content":"없으시고요"}],"type":"pronunciation"},{"start_time":"22.68","end_time":"23.34","alternatives":[{"confidence":"1.0","content":"일단은"}],"type":"pronunciation"},{"start_time":"23.34","end_time":"23.72","alternatives":[{"confidence":"1.0","content":"저희가"}],"type":"pronunciation"},{"start_time":"25.09","end_time":"25.53","alternatives":[{"confidence":"0.4131","content":"에서"}],"type":"pronunciation"},{"start_time":"26.37","end_time":"26.76","alternatives":[{"confidence":"0.4576","content":"저희"}],"type":"pronunciation"},{"start_time":"27.66","end_time":"28.23","alternatives":[{"confidence":"0.3676","content":"프로그램이"}],"type":"pronunciation"},{"start_time":"28.23","end_time":"28.95","alternatives":[{"confidence":"0.9983","content":"있죠"}],"type":"pronunciation"},{"alternatives":[{"confidence":"0.0","content":"."}],"type":"punctuation"},{"start_time":"32.53","end_time":"32.79","alternatives":[{"confidence":"0.0583","content":"뭐"}],"type":"pronunciation"},{"start_time":"33.27","end_time":"33.49","alternatives":[{"confidence":"0.0119","content":"이렇게"}],"type":"pronunciation"},{"start_time":"33.49","end_time":"33.78","alternatives":[{"confidence":"0.9564","content":"다시"}],"type":"pronunciation"},{"start_time":"33.78","end_time":"34.01","alternatives":[{"confidence":"0.9431","content":"이렇게"}],"type":"pronunciation"},{"start_time":"34.59","end_time":"35.12","alternatives":[{"confidence":"1.0","content":"처음부터"}],"type":"pronunciation"},{"start_time":"35.4","end_time":"36.14","alternatives":[{"confidence":"0.8833500000000001","content":"하셨거든요"}],"type":"pronunciation"},{"alternatives":[{"confidence":"0.0","content":"."}],"type":"punctuation"},{"start_time":"37.5","end_time":"37.71","alternatives":[{"confidence":"0.8049","content":"뭐"}],"type":"pronunciation"},{"start_time":"37.8","end_time":"38.29","alternatives":[{"confidence":"0.9946","content":"때문에"}],"type":"pronunciation"},{"start_time":"38.32","end_time":"38.77","alternatives":[{"confidence":"0.8863000000000001","content":"그러신"}],"type":"pronunciation"},{"start_time":"38.77","end_time":"39.23","alternatives":[{"confidence":"0.9156","content":"거예요"}],"type":"pronunciation"},{"alternatives":[{"confidence":"0.0","content":"."}],"type":"punctuation"},{"start_time":"40.34","end_time":"40.61","alternatives":[{"confidence":"0.4396","content":"자꾸"}],"type":"pronunciation"},{"start_time":"40.61","end_time":"40.83","alternatives":[{"confidence":"0.0485","content":"막"}],"type":"pronunciation"},{"start_time":"41.64","end_time":"42.27","alternatives":[{"confidence":"0.34015","content":"꺼져가지고"}],"type":"pronunciation"},{"start_time":"45.43","end_time":"45.98","alternatives":[{"confidence":"0.9605","content":"이거를"}],"type":"pronunciation"},{"start_time":"48.46","end_time":"48.91","alternatives":[{"confidence":"0.9862","content":"설명을"}],"type":"pronunciation"},{"start_time":"48.91","end_time":"49.28","alternatives":[{"confidence":"0.6074","content":"잘못"}],"type":"pronunciation"},{"start_time":"49.28","end_time":"49.74","alternatives":[{"confidence":"0.5439499999999999","content":"들었네요"}],"type":"pronunciation"},{"start_time":"50.73","end_time":"51.33","alternatives":[{"confidence":"0.8201","content":"저희"}],"type":"pronunciation"},{"start_time":"51.63","end_time":"52.11","alternatives":[{"confidence":"0.9411","content":"프로그램"}],"type":"pronunciation"},{"start_time":"52.11","end_time":"52.36","alternatives":[{"confidence":"1.0","content":"같은"}],"type":"pronunciation"},{"start_time":"52.36","end_time":"53.04","alternatives":[{"confidence":"1.0","content":"경우에는"}],"type":"pronunciation"},{"start_time":"53.53","end_time":"53.67","alternatives":[{"confidence":"0.2486","content":"를"}],"type":"pronunciation"},{"start_time":"53.67","end_time":"54.57","alternatives":[{"confidence":"0.8679333333333333","content":"시켜버리면요"}],"type":"pronunciation"},{"start_time":"55.4","end_time":"55.87","alternatives":[{"confidence":"0.9916","content":"기존에"}],"type":"pronunciation"},{"start_time":"55.87","end_time":"56.16","alternatives":[{"confidence":"0.9992","content":"갖고"}],"type":"pronunciation"},{"start_time":"56.16","end_time":"56.63","alternatives":[{"confidence":"1.0","content":"있던"}],"type":"pronunciation"},{"start_time":"56.86","end_time":"57.63","alternatives":[{"confidence":"0.95445","content":"신청서들이"}],"type":"pronunciation"},{"start_time":"57.63","end_time":"57.8","alternatives":[{"confidence":"0.9717","content":"다"}],"type":"pronunciation"},{"start_time":"57.8","end_time":"58.13","alternatives":[{"confidence":"0.1874","content":"삭제"}],"type":"pronunciation"},{"start_time":"60.56","end_time":"60.92","alternatives":[{"confidence":"0.99655","content":"이거를"}],"type":"pronunciation"},{"start_time":"60.92","end_time":"61.3","alternatives":[{"confidence":"0.9989","content":"지금"}],"type":"pronunciation"},{"start_time":"61.3","end_time":"61.79","alternatives":[{"confidence":"0.7343","content":"저희"}],"type":"pronunciation"},{"start_time":"62.25","end_time":"62.64","alternatives":[{"confidence":"0.786","content":"일월"}],"type":"pronunciation"},{"start_time":"62.64","end_time":"63.29","alternatives":[{"confidence":"0.9205","content":"십일일"}],"type":"pronunciation"},{"start_time":"63.29","end_time":"63.81","alternatives":[{"confidence":"0.9995","content":"날짜로"}],"type":"pronunciation"},{"start_time":"63.81","end_time":"64.04","alternatives":[{"confidence":"0.9688","content":"해서"}],"type":"pronunciation"},{"start_time":"64.66","end_time":"64.84","alternatives":[{"confidence":"0.675","content":"대"}],"type":"pronunciation"},{"start_time":"64.84","end_time":"65.14","alternatives":[{"confidence":"0.4424","content":"출신"}],"type":"pronunciation"},{"start_time":"65.14","end_time":"65.81","alternatives":[{"confidence":"0.73265","content":"청소하나만"}],"type":"pronunciation"},{"start_time":"65.81","end_time":"65.92","alternatives":[{"confidence":"0.9947","content":"더"}],"type":"pronunciation"},{"start_time":"65.92","end_time":"66.6","alternatives":[{"confidence":"0.91475","content":"작성좀"}],"type":"pronunciation"},{"start_time":"67.19","end_time":"67.62","alternatives":[{"confidence":"0.968","content":"해주셔야"}],"type":"pronunciation"},{"start_time":"67.62","end_time":"67.74","alternatives":[{"confidence":"0.9882","content":"될"}],"type":"pronunciation"},{"start_time":"67.74","end_time":"67.87","alternatives":[{"confidence":"0.9824","content":"것"}],"type":"pronunciation"},{"start_time":"67.87","end_time":"68.68","alternatives":[{"confidence":"1.0","content":"같은데요"}],"type":"pronunciation"},{"alternatives":[{"confidence":"0.0","content":"."}],"type":"punctuation"},{"start_time":"70.21","end_time":"70.35","alternatives":[{"confidence":"0.3221","content":"네"}],"type":"pronunciation"},{"alternatives":[{"confidence":"0.0","content":"."}],"type":"punctuation"},{"start_time":"70.66","end_time":"71.03","alternatives":[{"confidence":"0.916","content":"그"}],"type":"pronunciation"},{"start_time":"71.04","end_time":"71.33","alternatives":[{"confidence":"0.9986","content":"제가"}],"type":"pronunciation"},{"start_time":"71.33","end_time":"71.61","alternatives":[{"confidence":"0.939","content":"지금"}],"type":"pronunciation"},{"start_time":"71.95","end_time":"72.48","alternatives":[{"confidence":"0.7173","content":"쪽으로"}],"type":"pronunciation"},{"start_time":"72.48","end_time":"72.88","alternatives":[{"confidence":"0.8686","content":"그때"}],"type":"pronunciation"},{"start_time":"72.91","end_time":"73.31","alternatives":[{"confidence":"0.6028","content":"저희"}],"type":"pronunciation"},{"start_time":"74.28","end_time":"75.36","alternatives":[{"confidence":"0.9619","content":"홈페이지"}],"type":"pronunciation"},{"start_time":"75.36","end_time":"75.83","alternatives":[{"confidence":"0.9438500000000001","content":"링크하나"}],"type":"pronunciation"},{"start_time":"75.83","end_time":"76.15","alternatives":[{"confidence":"0.9585","content":"더"}],"type":"pronunciation"},{"start_time":"76.21","end_time":"76.96","alternatives":[{"confidence":"0.9898","content":"보내드릴게요"}],"type":"pronunciation"},{"alternatives":[{"confidence":"0.0","content":"."}],"type":"punctuation"},{"start_time":"76.96","end_time":"77.83","alternatives":[{"confidence":"1.0","content":"잠시만요"}],"type":"pronunciation"},{"alternatives":[{"confidence":"0.0","content":"."}],"type":"punctuation"},{"start_time":"96.22","end_time":"96.64","alternatives":[{"confidence":"0.9643","content":"지금"}],"type":"pronunciation"},{"start_time":"97.22","end_time":"97.61","alternatives":[{"confidence":"0.9182","content":"전화"}],"type":"pronunciation"},{"start_time":"97.61","end_time":"98.45","alternatives":[{"confidence":"0.9371","content":"통화하면서"}],"type":"pronunciation"},{"start_time":"98.45","end_time":"98.76","alternatives":[{"confidence":"1.0","content":"저랑"}],"type":"pronunciation"},{"start_time":"98.76","end_time":"99.17","alternatives":[{"confidence":"0.979","content":"같이"}],"type":"pronunciation"},{"start_time":"99.6","end_time":"100.5","alternatives":[{"confidence":"0.4219333333333333","content":"대출신청서나"}],"type":"pronunciation"},{"start_time":"102.3","end_time":"102.46","alternatives":[{"confidence":"0.4261","content":"좀"}],"type":"pronunciation"},{"start_time":"104.57","end_time":"105.21","alternatives":[{"confidence":"0.9344","content":"아니라서"}],"type":"pronunciation"},{"start_time":"105.48","end_time":"105.69","alternatives":[{"confidence":"0.7524","content":"제가"}],"type":"pronunciation"},{"start_time":"105.69","end_time":"106.32","alternatives":[{"confidence":"0.9976","content":"내려서"}],"type":"pronunciation"},{"start_time":"106.38","end_time":"106.61","alternatives":[{"confidence":"0.1451","content":"다시"}],"type":"pronunciation"},{"start_time":"106.61","end_time":"107.17","alternatives":[{"confidence":"0.5136499999999999","content":"전화드릴게요"}],"type":"pronunciation"},{"start_time":"107.92","end_time":"108.11","alternatives":[{"confidence":"0.7221","content":"몇"}],"type":"pronunciation"},{"start_time":"108.12","end_time":"108.24","alternatives":[{"confidence":"0.8811","content":"분"}],"type":"pronunciation"},{"start_time":"108.24","end_time":"108.53","alternatives":[{"confidence":"0.9875","content":"정도"}],"type":"pronunciation"},{"start_time":"108.92","end_time":"109.82","alternatives":[{"confidence":"0.99065","content":"걸리실까요"}],"type":"pronunciation"},{"start_time":"110.59","end_time":"110.78","alternatives":[{"confidence":"0.012","content":"내릴"}],"type":"pronunciation"},{"start_time":"110.78","end_time":"111.11","alternatives":[{"confidence":"0.0611","content":"거예요"}],"type":"pronunciation"},{"alternatives":[{"confidence":"0.0","content":"."}],"type":"punctuation"},{"start_time":"111.89","end_time":"112.3","alternatives":[{"confidence":"0.6028","content":"내릴"}],"type":"pronunciation"},{"start_time":"112.9","end_time":"113.31","alternatives":[{"confidence":"0.7555000000000001","content":"내리려고"}],"type":"pronunciation"},{"alternatives":[{"confidence":"0.0","content":"."}],"type":"punctuation"},{"start_time":"113.41","end_time":"113.81","alternatives":[{"confidence":"0.9586","content":"그래서"}],"type":"pronunciation"},{"start_time":"114.74","end_time":"115.08","alternatives":[{"confidence":"0.4794","content":"그렇게"}],"type":"pronunciation"},{"start_time":"115.2","end_time":"115.96","alternatives":[{"confidence":"0.9693","content":"제가"}],"type":"pronunciation"},{"start_time":"118.49","end_time":"118.89","alternatives":[{"confidence":"0.9312","content":"그럼"}],"type":"pronunciation"},{"start_time":"119.13","end_time":"119.84","alternatives":[{"confidence":"0.9924","content":"변화로"}],"type":"pronunciation"},{"start_time":"119.84","end_time":"120.32","alternatives":[{"confidence":"0.4883","content":"했어요"}],"type":"pronunciation"},{"alternatives":[{"confidence":"0.0","content":"."}],"type":"punctuation"},{"start_time":"120.38","end_time":"120.65","alternatives":[{"confidence":"0.0796","content":"저"}],"type":"pronunciation"},{"start_time":"121.09","end_time":"121.79","alternatives":[{"confidence":"0.99","content":"찾는다고"}],"type":"pronunciation"},{"start_time":"122.32","end_time":"122.49","alternatives":[{"confidence":"0.9999","content":"좀"}],"type":"pronunciation"},{"start_time":"122.49","end_time":"122.84","alternatives":[{"confidence":"0.8566","content":"부탁"}],"type":"pronunciation"},{"start_time":"122.85","end_time":"123.01","alternatives":[{"confidence":"0.9377","content":"좀"}],"type":"pronunciation"},{"start_time":"123.07","end_time":"123.45","alternatives":[{"confidence":"0.9397","content":"이렇게"}],"type":"pronunciation"},{"start_time":"124.53","end_time":"125.04","alternatives":[{"confidence":"4.0E-4","content":"드릴게요"}],"type":"pronunciation"},{"alternatives":[{"confidence":"0.0","content":"."}],"type":"punctuation"},{"start_time":"128.22","end_time":"129.04","alternatives":[{"confidence":"0.1141","content":"갈증있어요"}],"type":"pronunciation"},{"alternatives":[{"confidence":"0.0","content":"."}],"type":"punctuation"}]},"status":"COMPLETED"}