{"jobName":"transcribe_loan114","accountId":"097989105209","results":{"transcripts":[{"transcript":"우리가 단지 원하는 것은 돈이다. 아줌마가 얼마 해줄 수 있나? 누구신데요 누구냐? 필요 없고 아줌마지금 상황 파악이 안 되나 거예요. 지금 내 차 안에 있다. 얘는 아줌마가 얼마나 차 안에 있다고 아줌마가 얼마 해줄 수 있나? 지금 현재 얼마있나 지금 됐네요. 말씀해주세요. 아저씨 아줌마통당이 얼마였고요 지금 당장 해결하는 돈이 얼마냐고? 지금 같은 백만원도 안 돼요. 신용카드나 말씀 없어요. 신용카드말씀하세요 어디 거야? 우리 느냐? 아줌마 지금 어디 있어요? 지금 가까운 데로 가서 갈테니까 아줌마지금. 카드 들고 은행으로 가세요. 그 다음 찾고 우리 만나서 거래하자고. 나는 돈 받고 데리고 가고 지금 어디 어디 계시는데요. 지금 어디까지? 야, 여기야. 아줌마 아줌마 지금 직장이 아닌 집이야. 지금 저기 집은 아니고요. 사람이 없어 없어요. 엄마 있다 지금 우리 은행으로 가세요. 신용카드들고 제가 뽑을 수 있는 게 한두 가 있어요. 신용카드 가서 에 가서 단기카드로 누르면 한 육백찾아낼거야 내가 원래 삼천요구할 렸는데 아줌마가동도 안 좋고 한다 하니까 육백만 받고 풀어줄게요 엄마 필요 없고 오실 거야 오실 거예요. 그래야 일단 돈을 받아 가까운 데로 밖에 신가요 우리가. 여보세요? 우리로 이동성이라고. 만약에 아줌마가 신고하면 어떻게 해야 아니야? 그러니까 지금부터 전화는 끊지 말고 은행으로 가세요. 네, 무려 12 깔끔하게 끝납시다. 일단 알겠고요 제가 지금 지금 해야 되거든요. 지금 내가 알렸습니다. 잘 안들려요. 아줌마 아줌마 됐다 됐다 하다 보니까"}],"items":[{"start_time":"1.71","end_time":"2.1","alternatives":[{"confidence":"1.0","content":"우리가"}],"type":"pronunciation"},{"start_time":"2.1","end_time":"2.45","alternatives":[{"confidence":"0.7397","content":"단지"}],"type":"pronunciation"},{"start_time":"2.45","end_time":"2.94","alternatives":[{"confidence":"0.9893","content":"원하는"}],"type":"pronunciation"},{"start_time":"2.94","end_time":"3.21","alternatives":[{"confidence":"1.0","content":"것은"}],"type":"pronunciation"},{"start_time":"3.21","end_time":"3.88","alternatives":[{"confidence":"0.8126","content":"돈이다"}],"type":"pronunciation"},{"alternatives":[{"confidence":"0.0","content":"."}],"type":"punctuation"},{"start_time":"4.22","end_time":"4.76","alternatives":[{"confidence":"0.9993","content":"아줌마가"}],"type":"pronunciation"},{"start_time":"4.76","end_time":"5.01","alternatives":[{"confidence":"0.7781","content":"얼마"}],"type":"pronunciation"},{"start_time":"5.01","end_time":"5.24","alternatives":[{"confidence":"0.8541","content":"해줄"}],"type":"pronunciation"},{"start_time":"5.24","end_time":"5.36","alternatives":[{"confidence":"1.0","content":"수"}],"type":"pronunciation"},{"start_time":"5.36","end_time":"5.78","alternatives":[{"confidence":"0.7731","content":"있나"}],"type":"pronunciation"},{"alternatives":[{"confidence":"0.0","content":"?"}],"type":"punctuation"},{"start_time":"7.5","end_time":"8.21","alternatives":[{"confidence":"0.8955666666666667","content":"누구신데요"}],"type":"pronunciation"},{"start_time":"9.27","end_time":"9.65","alternatives":[{"confidence":"0.4036","content":"누구냐"}],"type":"pronunciation"},{"alternatives":[{"confidence":"0.0","content":"?"}],"type":"punctuation"},{"start_time":"9.89","end_time":"10.15","alternatives":[{"confidence":"0.9236","content":"필요"}],"type":"pronunciation"},{"start_time":"10.15","end_time":"10.47","alternatives":[{"confidence":"0.7321","content":"없고"}],"type":"pronunciation"},{"start_time":"12.76","end_time":"13.32","alternatives":[{"confidence":"0.0495","content":"아줌마지금"}],"type":"pronunciation"},{"start_time":"13.32","end_time":"13.64","alternatives":[{"confidence":"0.8024","content":"상황"}],"type":"pronunciation"},{"start_time":"13.64","end_time":"13.99","alternatives":[{"confidence":"1.0","content":"파악이"}],"type":"pronunciation"},{"start_time":"13.99","end_time":"14.14","alternatives":[{"confidence":"0.9954","content":"안"}],"type":"pronunciation"},{"start_time":"14.14","end_time":"14.84","alternatives":[{"confidence":"0.9949","content":"되나"}],"type":"pronunciation"},{"start_time":"15.84","end_time":"16.29","alternatives":[{"confidence":"0.419","content":"거예요"}],"type":"pronunciation"},{"alternatives":[{"confidence":"0.0","content":"."}],"type":"punctuation"},{"start_time":"17.09","end_time":"17.32","alternatives":[{"confidence":"0.9325","content":"지금"}],"type":"pronunciation"},{"start_time":"17.32","end_time":"17.42","alternatives":[{"confidence":"0.4318","content":"내"}],"type":"pronunciation"},{"start_time":"17.45","end_time":"17.7","alternatives":[{"confidence":"0.8311","content":"차"}],"type":"pronunciation"},{"start_time":"17.7","end_time":"17.92","alternatives":[{"confidence":"0.9738","content":"안에"}],"type":"pronunciation"},{"start_time":"17.92","end_time":"18.23","alternatives":[{"confidence":"0.8502","content":"있다"}],"type":"pronunciation"},{"alternatives":[{"confidence":"0.0","content":"."}],"type":"punctuation"},{"start_time":"18.23","end_time":"18.76","alternatives":[{"confidence":"0.9875","content":"얘는"}],"type":"pronunciation"},{"start_time":"19.47","end_time":"20.02","alternatives":[{"confidence":"0.9998","content":"아줌마가"}],"type":"pronunciation"},{"start_time":"20.02","end_time":"20.36","alternatives":[{"confidence":"0.0663","content":"얼마나"}],"type":"pronunciation"},{"start_time":"21.04","end_time":"21.37","alternatives":[{"confidence":"0.8093","content":"차"}],"type":"pronunciation"},{"start_time":"21.37","end_time":"21.57","alternatives":[{"confidence":"0.9856","content":"안에"}],"type":"pronunciation"},{"start_time":"21.57","end_time":"22.35","alternatives":[{"confidence":"0.9513","content":"있다고"}],"type":"pronunciation"},{"start_time":"24.02","end_time":"24.57","alternatives":[{"confidence":"0.9996","content":"아줌마가"}],"type":"pronunciation"},{"start_time":"24.57","end_time":"24.88","alternatives":[{"confidence":"0.5329","content":"얼마"}],"type":"pronunciation"},{"start_time":"24.88","end_time":"25.12","alternatives":[{"confidence":"0.3775","content":"해줄"}],"type":"pronunciation"},{"start_time":"25.12","end_time":"25.24","alternatives":[{"confidence":"0.9997","content":"수"}],"type":"pronunciation"},{"start_time":"25.24","end_time":"25.93","alternatives":[{"confidence":"0.6587","content":"있나"}],"type":"pronunciation"},{"alternatives":[{"confidence":"0.0","content":"?"}],"type":"punctuation"},{"start_time":"27.72","end_time":"28.03","alternatives":[{"confidence":"0.9972","content":"지금"}],"type":"pronunciation"},{"start_time":"28.03","end_time":"28.38","alternatives":[{"confidence":"0.972","content":"현재"}],"type":"pronunciation"},{"start_time":"28.38","end_time":"29.54","alternatives":[{"confidence":"0.6234","content":"얼마있나"}],"type":"pronunciation"},{"start_time":"33.89","end_time":"34.18","alternatives":[{"confidence":"0.6353","content":"지금"}],"type":"pronunciation"},{"start_time":"34.18","end_time":"34.75","alternatives":[{"confidence":"0.236","content":"됐네요"}],"type":"pronunciation"},{"alternatives":[{"confidence":"0.0","content":"."}],"type":"punctuation"},{"start_time":"35.82","end_time":"36.56","alternatives":[{"confidence":"0.21225","content":"말씀해주세요"}],"type":"pronunciation"},{"alternatives":[{"confidence":"0.0","content":"."}],"type":"punctuation"},{"start_time":"40.22","end_time":"40.54","alternatives":[{"confidence":"0.2046","content":"아저씨"}],"type":"pronunciation"},{"start_time":"42.25","end_time":"43.13","alternatives":[{"confidence":"0.17136666666666667","content":"아줌마통당이"}],"type":"pronunciation"},{"start_time":"43.13","end_time":"46.14","alternatives":[{"confidence":"0.22943333333333335","content":"얼마였고요"}],"type":"pronunciation"},{"start_time":"48.51","end_time":"48.79","alternatives":[{"confidence":"0.9952","content":"지금"}],"type":"pronunciation"},{"start_time":"48.79","end_time":"49.16","alternatives":[{"confidence":"0.9815","content":"당장"}],"type":"pronunciation"},{"start_time":"49.16","end_time":"49.73","alternatives":[{"confidence":"0.3345","content":"해결하는"}],"type":"pronunciation"},{"start_time":"49.73","end_time":"50.01","alternatives":[{"confidence":"1.0","content":"돈이"}],"type":"pronunciation"},{"start_time":"50.01","end_time":"51.0","alternatives":[{"confidence":"0.99315","content":"얼마냐고"}],"type":"pronunciation"},{"alternatives":[{"confidence":"0.0","content":"?"}],"type":"punctuation"},{"start_time":"53.69","end_time":"53.87","alternatives":[{"confidence":"0.08","content":"지금"}],"type":"pronunciation"},{"start_time":"54.17","end_time":"54.32","alternatives":[{"confidence":"0.0493","content":"같은"}],"type":"pronunciation"},{"start_time":"54.32","end_time":"54.65","alternatives":[{"confidence":"0.8873500000000001","content":"백만원도"}],"type":"pronunciation"},{"start_time":"54.65","end_time":"54.74","alternatives":[{"confidence":"0.8014","content":"안"}],"type":"pronunciation"},{"start_time":"54.74","end_time":"55.2","alternatives":[{"confidence":"0.7933","content":"돼요"}],"type":"pronunciation"},{"alternatives":[{"confidence":"0.0","content":"."}],"type":"punctuation"},{"start_time":"57.45","end_time":"58.42","alternatives":[{"confidence":"0.8779","content":"신용카드나"}],"type":"pronunciation"},{"start_time":"62.47","end_time":"62.72","alternatives":[{"confidence":"0.0274","content":"말씀"}],"type":"pronunciation"},{"start_time":"63.35","end_time":"63.63","alternatives":[{"confidence":"0.05","content":"없어요"}],"type":"pronunciation"},{"alternatives":[{"confidence":"0.0","content":"."}],"type":"punctuation"},{"start_time":"63.72","end_time":"65.39","alternatives":[{"confidence":"0.6299666666666667","content":"신용카드말씀하세요"}],"type":"pronunciation"},{"start_time":"65.74","end_time":"65.97","alternatives":[{"confidence":"0.0763","content":"어디"}],"type":"pronunciation"},{"start_time":"65.97","end_time":"66.54","alternatives":[{"confidence":"0.6997","content":"거야"}],"type":"pronunciation"},{"alternatives":[{"confidence":"0.0","content":"?"}],"type":"punctuation"},{"start_time":"71.04","end_time":"71.27","alternatives":[{"confidence":"0.0117","content":"우리"}],"type":"pronunciation"},{"start_time":"71.27","end_time":"71.72","alternatives":[{"confidence":"0.2744","content":"느냐"}],"type":"pronunciation"},{"alternatives":[{"confidence":"0.0","content":"?"}],"type":"punctuation"},{"start_time":"74.31","end_time":"74.68","alternatives":[{"confidence":"0.3438","content":"아줌마"}],"type":"pronunciation"},{"start_time":"74.68","end_time":"74.93","alternatives":[{"confidence":"0.9694","content":"지금"}],"type":"pronunciation"},{"start_time":"74.93","end_time":"75.13","alternatives":[{"confidence":"0.5427","content":"어디"}],"type":"pronunciation"},{"start_time":"75.24","end_time":"75.7","alternatives":[{"confidence":"0.5169","content":"있어요"}],"type":"pronunciation"},{"alternatives":[{"confidence":"0.0","content":"?"}],"type":"punctuation"},{"start_time":"77.09","end_time":"77.29","alternatives":[{"confidence":"0.9415","content":"지금"}],"type":"pronunciation"},{"start_time":"77.29","end_time":"77.79","alternatives":[{"confidence":"0.998","content":"가까운"}],"type":"pronunciation"},{"start_time":"77.79","end_time":"78.04","alternatives":[{"confidence":"0.9966","content":"데로"}],"type":"pronunciation"},{"start_time":"78.04","end_time":"78.87","alternatives":[{"confidence":"1.0","content":"가서"}],"type":"pronunciation"},{"start_time":"79.92","end_time":"80.8","alternatives":[{"confidence":"0.7404000000000001","content":"갈테니까"}],"type":"pronunciation"},{"start_time":"80.8","end_time":"81.66","alternatives":[{"confidence":"0.74665","content":"아줌마지금"}],"type":"pronunciation"},{"alternatives":[{"confidence":"0.0","content":"."}],"type":"punctuation"},{"start_time":"81.66","end_time":"81.95","alternatives":[{"confidence":"0.7183","content":"카드"}],"type":"pronunciation"},{"start_time":"81.95","end_time":"82.45","alternatives":[{"confidence":"0.3896","content":"들고"}],"type":"pronunciation"},{"start_time":"82.45","end_time":"82.87","alternatives":[{"confidence":"0.4415","content":"은행으로"}],"type":"pronunciation"},{"start_time":"82.87","end_time":"83.46","alternatives":[{"confidence":"0.9992","content":"가세요"}],"type":"pronunciation"},{"alternatives":[{"confidence":"0.0","content":"."}],"type":"punctuation"},{"start_time":"84.16","end_time":"84.29","alternatives":[{"confidence":"0.677","content":"그"}],"type":"pronunciation"},{"start_time":"84.29","end_time":"84.83","alternatives":[{"confidence":"0.376","content":"다음"}],"type":"pronunciation"},{"start_time":"85.34","end_time":"85.95","alternatives":[{"confidence":"0.7357","content":"찾고"}],"type":"pronunciation"},{"start_time":"86.94","end_time":"87.15","alternatives":[{"confidence":"0.9492","content":"우리"}],"type":"pronunciation"},{"start_time":"87.15","end_time":"87.64","alternatives":[{"confidence":"1.0","content":"만나서"}],"type":"pronunciation"},{"start_time":"87.64","end_time":"88.48","alternatives":[{"confidence":"0.9512499999999999","content":"거래하자고"}],"type":"pronunciation"},{"alternatives":[{"confidence":"0.0","content":"."}],"type":"punctuation"},{"start_time":"88.64","end_time":"89.0","alternatives":[{"confidence":"0.9955","content":"나는"}],"type":"pronunciation"},{"start_time":"89.0","end_time":"89.18","alternatives":[{"confidence":"0.9612","content":"돈"}],"type":"pronunciation"},{"start_time":"89.18","end_time":"89.77","alternatives":[{"confidence":"0.9903","content":"받고"}],"type":"pronunciation"},{"start_time":"91.26","end_time":"91.55","alternatives":[{"confidence":"0.9837","content":"데리고"}],"type":"pronunciation"},{"start_time":"91.55","end_time":"92.12","alternatives":[{"confidence":"0.9916","content":"가고"}],"type":"pronunciation"},{"start_time":"92.48","end_time":"92.74","alternatives":[{"confidence":"0.8959","content":"지금"}],"type":"pronunciation"},{"start_time":"92.86","end_time":"93.05","alternatives":[{"confidence":"0.8767","content":"어디"}],"type":"pronunciation"},{"start_time":"93.05","end_time":"93.22","alternatives":[{"confidence":"0.9192","content":"어디"}],"type":"pronunciation"},{"start_time":"93.32","end_time":"93.92","alternatives":[{"confidence":"0.99275","content":"계시는데요"}],"type":"pronunciation"},{"alternatives":[{"confidence":"0.0","content":"."}],"type":"punctuation"},{"start_time":"96.84","end_time":"97.45","alternatives":[{"confidence":"0.9889","content":"지금"}],"type":"pronunciation"},{"start_time":"97.48","end_time":"98.0","alternatives":[{"confidence":"0.8433","content":"어디까지"}],"type":"pronunciation"},{"alternatives":[{"confidence":"0.0","content":"?"}],"type":"punctuation"},{"start_time":"98.0","end_time":"98.09","alternatives":[{"confidence":"0.6922","content":"야"}],"type":"pronunciation"},{"alternatives":[{"confidence":"0.0","content":","}],"type":"punctuation"},{"start_time":"98.09","end_time":"98.74","alternatives":[{"confidence":"0.7542500000000001","content":"여기야"}],"type":"pronunciation"},{"alternatives":[{"confidence":"0.0","content":"."}],"type":"punctuation"},{"start_time":"99.82","end_time":"100.58","alternatives":[{"confidence":"0.8723","content":"아줌마"}],"type":"pronunciation"},{"start_time":"102.77","end_time":"103.15","alternatives":[{"confidence":"0.5883","content":"아줌마"}],"type":"pronunciation"},{"start_time":"103.15","end_time":"103.36","alternatives":[{"confidence":"0.9651","content":"지금"}],"type":"pronunciation"},{"start_time":"103.36","end_time":"103.85","alternatives":[{"confidence":"0.858","content":"직장이"}],"type":"pronunciation"},{"start_time":"103.85","end_time":"104.09","alternatives":[{"confidence":"0.932","content":"아닌"}],"type":"pronunciation"},{"start_time":"104.09","end_time":"104.84","alternatives":[{"confidence":"0.89375","content":"집이야"}],"type":"pronunciation"},{"alternatives":[{"confidence":"0.0","content":"."}],"type":"punctuation"},{"start_time":"105.41","end_time":"105.76","alternatives":[{"confidence":"0.9855","content":"지금"}],"type":"pronunciation"},{"start_time":"105.77","end_time":"106.1","alternatives":[{"confidence":"0.7998","content":"저기"}],"type":"pronunciation"},{"start_time":"106.13","end_time":"106.38","alternatives":[{"confidence":"0.7255","content":"집은"}],"type":"pronunciation"},{"start_time":"106.38","end_time":"107.03","alternatives":[{"confidence":"0.7809","content":"아니고요"}],"type":"pronunciation"},{"alternatives":[{"confidence":"0.0","content":"."}],"type":"punctuation"},{"start_time":"108.03","end_time":"108.39","alternatives":[{"confidence":"0.7186","content":"사람이"}],"type":"pronunciation"},{"start_time":"108.6","end_time":"109.03","alternatives":[{"confidence":"0.8169","content":"없어"}],"type":"pronunciation"},{"start_time":"109.24","end_time":"109.76","alternatives":[{"confidence":"0.9999","content":"없어요"}],"type":"pronunciation"},{"alternatives":[{"confidence":"0.0","content":"."}],"type":"punctuation"},{"start_time":"111.28","end_time":"111.69","alternatives":[{"confidence":"0.697","content":"엄마"}],"type":"pronunciation"},{"start_time":"111.69","end_time":"112.51","alternatives":[{"confidence":"0.91","content":"있다"}],"type":"pronunciation"},{"start_time":"113.49","end_time":"113.76","alternatives":[{"confidence":"0.9909","content":"지금"}],"type":"pronunciation"},{"start_time":"113.77","end_time":"113.97","alternatives":[{"confidence":"0.8035","content":"우리"}],"type":"pronunciation"},{"start_time":"113.97","end_time":"114.39","alternatives":[{"confidence":"0.90225","content":"은행으로"}],"type":"pronunciation"},{"start_time":"114.39","end_time":"115.02","alternatives":[{"confidence":"0.9701","content":"가세요"}],"type":"pronunciation"},{"alternatives":[{"confidence":"0.0","content":"."}],"type":"punctuation"},{"start_time":"115.05","end_time":"115.89","alternatives":[{"confidence":"0.51965","content":"신용카드들고"}],"type":"pronunciation"},{"start_time":"117.0","end_time":"117.17","alternatives":[{"confidence":"0.9892","content":"제가"}],"type":"pronunciation"},{"start_time":"117.17","end_time":"117.35","alternatives":[{"confidence":"0.84395","content":"뽑을"}],"type":"pronunciation"},{"start_time":"117.35","end_time":"117.41","alternatives":[{"confidence":"1.0","content":"수"}],"type":"pronunciation"},{"start_time":"117.41","end_time":"117.55","alternatives":[{"confidence":"0.8393","content":"있는"}],"type":"pronunciation"},{"start_time":"117.55","end_time":"117.61","alternatives":[{"confidence":"0.8278","content":"게"}],"type":"pronunciation"},{"start_time":"117.61","end_time":"117.79","alternatives":[{"confidence":"0.3988","content":"한두"}],"type":"pronunciation"},{"start_time":"117.79","end_time":"117.87","alternatives":[{"confidence":"0.8069","content":"가"}],"type":"pronunciation"},{"start_time":"117.87","end_time":"118.5","alternatives":[{"confidence":"0.9961","content":"있어요"}],"type":"pronunciation"},{"alternatives":[{"confidence":"0.0","content":"."}],"type":"punctuation"},{"start_time":"120.14","end_time":"121.04","alternatives":[{"confidence":"0.6235","content":"신용카드"}],"type":"pronunciation"},{"start_time":"122.21","end_time":"122.93","alternatives":[{"confidence":"1.0","content":"가서"}],"type":"pronunciation"},{"start_time":"123.9","end_time":"123.94","alternatives":[{"confidence":"0.6748","content":"에"}],"type":"pronunciation"},{"start_time":"123.94","end_time":"124.49","alternatives":[{"confidence":"1.0","content":"가서"}],"type":"pronunciation"},{"start_time":"124.52","end_time":"125.37","alternatives":[{"confidence":"0.58845","content":"단기카드로"}],"type":"pronunciation"},{"start_time":"125.37","end_time":"126.45","alternatives":[{"confidence":"0.9969","content":"누르면"}],"type":"pronunciation"},{"start_time":"126.87","end_time":"127.06","alternatives":[{"confidence":"0.9049","content":"한"}],"type":"pronunciation"},{"start_time":"127.06","end_time":"128.46","alternatives":[{"confidence":"0.7219","content":"육백찾아낼거야"}],"type":"pronunciation"},{"start_time":"129.29","end_time":"130.14","alternatives":[{"confidence":"0.9911","content":"내가"}],"type":"pronunciation"},{"start_time":"130.29","end_time":"130.59","alternatives":[{"confidence":"0.9755","content":"원래"}],"type":"pronunciation"},{"start_time":"130.62","end_time":"131.37","alternatives":[{"confidence":"0.53745","content":"삼천요구할"}],"type":"pronunciation"},{"start_time":"131.37","end_time":"132.12","alternatives":[{"confidence":"0.2703","content":"렸는데"}],"type":"pronunciation"},{"start_time":"132.84","end_time":"133.68","alternatives":[{"confidence":"0.8323333333333333","content":"아줌마가동도"}],"type":"pronunciation"},{"start_time":"133.68","end_time":"133.78","alternatives":[{"confidence":"0.9871","content":"안"}],"type":"pronunciation"},{"start_time":"133.78","end_time":"134.07","alternatives":[{"confidence":"1.0","content":"좋고"}],"type":"pronunciation"},{"start_time":"134.07","end_time":"134.46","alternatives":[{"confidence":"0.4103","content":"한다"}],"type":"pronunciation"},{"start_time":"134.46","end_time":"135.14","alternatives":[{"confidence":"0.4141","content":"하니까"}],"type":"pronunciation"},{"start_time":"135.68","end_time":"136.19","alternatives":[{"confidence":"0.9354","content":"육백만"}],"type":"pronunciation"},{"start_time":"136.19","end_time":"136.89","alternatives":[{"confidence":"0.977","content":"받고"}],"type":"pronunciation"},{"start_time":"137.54","end_time":"138.58","alternatives":[{"confidence":"0.60545","content":"풀어줄게요"}],"type":"pronunciation"},{"start_time":"142.72","end_time":"143.47","alternatives":[{"confidence":"0.7426","content":"엄마"}],"type":"pronunciation"},{"start_time":"144.92","end_time":"145.14","alternatives":[{"confidence":"1.0","content":"필요"}],"type":"pronunciation"},{"start_time":"145.14","end_time":"145.73","alternatives":[{"confidence":"1.0","content":"없고"}],"type":"pronunciation"},{"start_time":"146.4","end_time":"146.58","alternatives":[{"confidence":"4.0E-4","content":"오실"}],"type":"pronunciation"},{"start_time":"146.58","end_time":"147.05","alternatives":[{"confidence":"0.0142","content":"거야"}],"type":"pronunciation"},{"start_time":"149.25","end_time":"149.42","alternatives":[{"confidence":"0.2523","content":"오실"}],"type":"pronunciation"},{"start_time":"149.42","end_time":"149.78","alternatives":[{"confidence":"0.5828","content":"거예요"}],"type":"pronunciation"},{"alternatives":[{"confidence":"0.0","content":"."}],"type":"punctuation"},{"start_time":"150.95","end_time":"151.51","alternatives":[{"confidence":"0.8213","content":"그래야"}],"type":"pronunciation"},{"start_time":"151.72","end_time":"152.26","alternatives":[{"confidence":"1.0","content":"일단"}],"type":"pronunciation"},{"start_time":"152.26","end_time":"152.6","alternatives":[{"confidence":"0.9885","content":"돈을"}],"type":"pronunciation"},{"start_time":"152.6","end_time":"152.95","alternatives":[{"confidence":"0.017","content":"받아"}],"type":"pronunciation"},{"start_time":"153.95","end_time":"154.41","alternatives":[{"confidence":"0.9359","content":"가까운"}],"type":"pronunciation"},{"start_time":"154.41","end_time":"154.57","alternatives":[{"confidence":"0.6291","content":"데로"}],"type":"pronunciation"},{"start_time":"154.57","end_time":"154.89","alternatives":[{"confidence":"0.0054","content":"밖에"}],"type":"pronunciation"},{"start_time":"156.94","end_time":"157.34","alternatives":[{"confidence":"0.4214","content":"신가요"}],"type":"pronunciation"},{"start_time":"161.15","end_time":"162.27","alternatives":[{"confidence":"1.0","content":"우리가"}],"type":"pronunciation"},{"alternatives":[{"confidence":"0.0","content":"."}],"type":"punctuation"},{"start_time":"164.31","end_time":"165.21","alternatives":[{"confidence":"0.9854","content":"여보세요"}],"type":"pronunciation"},{"alternatives":[{"confidence":"0.0","content":"?"}],"type":"punctuation"},{"start_time":"167.16","end_time":"167.55","alternatives":[{"confidence":"0.9285","content":"우리로"}],"type":"pronunciation"},{"start_time":"167.55","end_time":"168.99","alternatives":[{"confidence":"0.6985","content":"이동성이라고"}],"type":"pronunciation"},{"alternatives":[{"confidence":"0.0","content":"."}],"type":"punctuation"},{"start_time":"170.46","end_time":"170.96","alternatives":[{"confidence":"0.9997","content":"만약에"}],"type":"pronunciation"},{"start_time":"170.96","end_time":"171.47","alternatives":[{"confidence":"0.999","content":"아줌마가"}],"type":"pronunciation"},{"start_time":"171.47","end_time":"172.1","alternatives":[{"confidence":"0.98385","content":"신고하면"}],"type":"pronunciation"},{"start_time":"172.1","end_time":"172.48","alternatives":[{"confidence":"0.9601","content":"어떻게"}],"type":"pronunciation"},{"start_time":"172.48","end_time":"172.87","alternatives":[{"confidence":"0.4777","content":"해야"}],"type":"pronunciation"},{"start_time":"173.58","end_time":"174.11","alternatives":[{"confidence":"0.9243","content":"아니야"}],"type":"pronunciation"},{"alternatives":[{"confidence":"0.0","content":"?"}],"type":"punctuation"},{"start_time":"175.05","end_time":"175.58","alternatives":[{"confidence":"0.9994","content":"그러니까"}],"type":"pronunciation"},{"start_time":"175.58","end_time":"176.66","alternatives":[{"confidence":"0.9934","content":"지금부터"}],"type":"pronunciation"},{"start_time":"176.78","end_time":"177.22","alternatives":[{"confidence":"0.88615","content":"전화는"}],"type":"pronunciation"},{"start_time":"177.22","end_time":"177.51","alternatives":[{"confidence":"0.9994000000000001","content":"끊지"}],"type":"pronunciation"},{"start_time":"177.51","end_time":"178.0","alternatives":[{"confidence":"0.9998","content":"말고"}],"type":"pronunciation"},{"start_time":"178.0","end_time":"178.45","alternatives":[{"confidence":"0.9904999999999999","content":"은행으로"}],"type":"pronunciation"},{"start_time":"178.45","end_time":"179.13","alternatives":[{"confidence":"0.9936","content":"가세요"}],"type":"pronunciation"},{"alternatives":[{"confidence":"0.0","content":"."}],"type":"punctuation"},{"start_time":"180.0","end_time":"180.37","alternatives":[{"confidence":"0.8911","content":"네"}],"type":"pronunciation"},{"alternatives":[{"confidence":"0.0","content":","}],"type":"punctuation"},{"start_time":"182.07","end_time":"182.42","alternatives":[{"confidence":"0.8172","content":"무려"}],"type":"pronunciation"},{"start_time":"182.42","end_time":"182.81","alternatives":[{"confidence":"0.891","content":"12"}],"type":"pronunciation"},{"start_time":"182.81","end_time":"183.5","alternatives":[{"confidence":"1.0","content":"깔끔하게"}],"type":"pronunciation"},{"start_time":"183.5","end_time":"184.4","alternatives":[{"confidence":"0.9655","content":"끝납시다"}],"type":"pronunciation"},{"alternatives":[{"confidence":"0.0","content":"."}],"type":"punctuation"},{"start_time":"185.8","end_time":"186.04","alternatives":[{"confidence":"0.9979","content":"일단"}],"type":"pronunciation"},{"start_time":"186.04","end_time":"186.83","alternatives":[{"confidence":"0.9688","content":"알겠고요"}],"type":"pronunciation"},{"start_time":"187.0","end_time":"187.18","alternatives":[{"confidence":"1.0","content":"제가"}],"type":"pronunciation"},{"start_time":"187.18","end_time":"187.38","alternatives":[{"confidence":"0.922","content":"지금"}],"type":"pronunciation"},{"start_time":"188.1","end_time":"188.25","alternatives":[{"confidence":"0.2544","content":"지금"}],"type":"pronunciation"},{"start_time":"188.38","end_time":"188.51","alternatives":[{"confidence":"0.1377","content":"해야"}],"type":"pronunciation"},{"start_time":"188.51","end_time":"189.22","alternatives":[{"confidence":"0.20054999999999998","content":"되거든요"}],"type":"pronunciation"},{"alternatives":[{"confidence":"0.0","content":"."}],"type":"punctuation"},{"start_time":"190.02","end_time":"190.26","alternatives":[{"confidence":"0.3983","content":"지금"}],"type":"pronunciation"},{"start_time":"190.44","end_time":"190.65","alternatives":[{"confidence":"0.668","content":"내가"}],"type":"pronunciation"},{"start_time":"190.65","end_time":"191.24","alternatives":[{"confidence":"0.0189","content":"알렸습니다"}],"type":"pronunciation"},{"alternatives":[{"confidence":"0.0","content":"."}],"type":"punctuation"},{"start_time":"198.45","end_time":"198.61","alternatives":[{"confidence":"0.906","content":"잘"}],"type":"pronunciation"},{"start_time":"198.61","end_time":"199.12","alternatives":[{"confidence":"0.7258","content":"안들려요"}],"type":"pronunciation"},{"alternatives":[{"confidence":"0.0","content":"."}],"type":"punctuation"},{"start_time":"199.6","end_time":"199.98","alternatives":[{"confidence":"0.0037","content":"아줌마"}],"type":"pronunciation"},{"start_time":"199.98","end_time":"200.32","alternatives":[{"confidence":"0.0026","content":"아줌마"}],"type":"pronunciation"},{"start_time":"200.8","end_time":"201.1","alternatives":[{"confidence":"0.9823","content":"됐다"}],"type":"pronunciation"},{"start_time":"201.1","end_time":"201.4","alternatives":[{"confidence":"0.9826","content":"됐다"}],"type":"pronunciation"},{"start_time":"201.4","end_time":"201.6","alternatives":[{"confidence":"0.1072","content":"하다"}],"type":"pronunciation"},{"start_time":"201.6","end_time":"201.8","alternatives":[{"confidence":"0.1068","content":"보니까"}],"type":"pronunciation"}]},"status":"COMPLETED"}