{"jobName":"transcribe_loan149","accountId":"097989105209","results":{"transcripts":[{"transcript":"저희가 승인이 났더라구요 금전소비대차 계약 공증서발권으로 진행도와드릴 건데요. 그래서 제가 신청을 해드릴 거예요. 그래서 공중서 비용은 적게는 오 프로에서 사십 프로까지 나오더라고요. 이제 신청을 하면 공정비용이 얼마나 나오는지 알고 있어요. 이제 나와요. 그러면 그때 이제 결정하시면 되세요. 고객님껏 승인을 마셨기 때문에 천만원의 사점구 프로잘 나오셨네요 고객님이유는 잘 나오셔서 승인을 나오셨는데 신선한 잘 받으신 것 같아요. 그래서 나오셨는데 공증서만 하나 붙이시면 되는 내용이세요. 그래서 공증서비용이 얼마나온지 제가 알려드릴 거고요. 또 이공증서비용도 제가 나중에 이제 비용 나오면 어떻게 하면 비용도 적게 들어가는 제가 한번 한번 알려드릴게요. 왜냐하면 아버님 임플란트해드린다고 해서 다른 데 쓰신다고 도 아니고 그래서 제가 한 공중서 이게 발건 비용 얼마나온지 한 오 분 정도 걸리거든요 신청해서 제가 이제 미용마음 선출나오면 제가 바로 또 전화 드릴게요. 아 지금 전혀 없으셨어요 고객님이 임플란트비용이 언제 필요 하시다 그랬죠. 설 이후에 그러면 고객님이 공증서발권이. 제 19솔직히 말씀드리면. 예. 공정성발견이 제일 쉬우세요. 그래도. 왜냐하면 예전에는 알다시피 예전에 고객님연대보증이라는 게 있었잖아요. 그런데 지금 연대보증제도가 폐지가 됐잖아요. 그리고 나서 공중서 발급이 진행을 해요. 연대보증제도가 폐지된 이후에는 공중 발건이 사실은 제일 씻고요. 그 다음에 할 수 있는 방법은 고객이제 평점이나 등급 이 등급 때문에 지금 이게 진행이 공중서 발급으로 된 발권이 된 거잖아요. 그쪽으로 승인 난건데 딱 방법은 고객님평점 높여서 진행하는 방법이 있으세요. 우회적으로. 그래서 어떻게 평소 함을 높이는 거예요. 이미 지금 이제 물론 통장거래 내역이 지금 급여같은 게 들어오긴 하는데. 잠시만요. 제가 보면서 제가 설명을 해드릴게요. 이거. 잠시만요. 끊지 마세요. 예. 통장에 보면 지금 보면 입출금도 황활성화 되구와 왕성하세요. 그죠? 농협통장도 이제 사업통장이고. 이제 국민의당 통장은 급여통장이잖아요 입출군이 입출군이 그대로 그대로 꾸준히 있으셔서 그것은 청점이 괜찮으신데 약간 좀 적은 돈이 들어왔다 나갔다 하시는 거잖아요. 예. 이런 부분을 평점을 높이 시려면 하는 뭐 삼백 오백 이정도 돈이 들어왔다 나갔다 이렇게 하잖아요. 한번 들어왔다 한번 나가면 그게 만약에 백만원그래서 한 오백만원 이 들어왔다가 오백만원 인출이 되죠. 그럼 이게 천 만원으로 계산이 돼요. 이렇게 평점을 해서 높이는 거예요. 순간으로. 그래서 그렇게 해서 평점을 높이는 방법이 있어요. 고객님 근데 고객님이 돈이 있으셔서 고객님이 넣었다가 다 이렇게 하시면 좋거든요. 그렇죠. 것인데 근데 그 돈이 있으면 사실은 임플란트그냥 하죠. 그죠? 예. 그런 것도 이제 그런 것도 해서 평점이 올라간 거예요. 고객님그런거다 앞에서 지금 평점이 나온 거예요. 예. 그래서 그렇게 는 고객님이 그 돈이 있으면 이미 임플란트하셨지 뭐 그러면 고객님. 예. 공정이 만약에 고기는 돈이 없어서 공정이 안 되시면 텅 점높이는 방법 밖에 없으신데. 공정 공정을 고객님솔직히 보니 없어서 공정은 좀 힘드시다. 그 말씀이 잖아요. 그렇죠. 그런데 공정비용은 또 뭐가 있냐면 공증을 예전에는 저희가 내줬어요 공중비용을. 그런데 고객님들이 공중비용을 저희가 냈고 공정성발권을 받은 다음에 을 하다가 공정성발건을 저희가 받았어요. 근데 대출을 진행을 안 하겠다는 고갱이 있었어요. 저희가 공중비용을 날려버린 거예요. 공중비용을 왜 내주냐면 이 고객님들이 대출받아서 일년 이년 삼년 사년 저희한테 이자를 내잖아요 되게 소득이 있기 때문에 공중비용을 대진납부를 해드렸는데 이거 공정발권을 받고 대출을 안 한 바 해버리면 저희는 이 공중비 같은 더 갖고 손실로 잡힌 거예요. 그래서 저희가 바뀐 거예요. 정책이 공중비용을 자부담으로 바뀌었어요. 근데 이게 뭐가 줬냐면 고객님이 대출을 받고 나서"}],"items":[{"start_time":"0.4","end_time":"0.72","alternatives":[{"confidence":"1.0","content":"저희가"}],"type":"pronunciation"},{"start_time":"0.72","end_time":"1.0","alternatives":[{"confidence":"0.9932","content":"승인이"}],"type":"pronunciation"},{"start_time":"1.0","end_time":"1.61","alternatives":[{"confidence":"0.731","content":"났더라구요"}],"type":"pronunciation"},{"start_time":"1.61","end_time":"2.39","alternatives":[{"confidence":"0.989175","content":"금전소비대차"}],"type":"pronunciation"},{"start_time":"2.39","end_time":"2.62","alternatives":[{"confidence":"0.6779","content":"계약"}],"type":"pronunciation"},{"start_time":"2.62","end_time":"3.58","alternatives":[{"confidence":"0.5631999999999999","content":"공증서발권으로"}],"type":"pronunciation"},{"start_time":"3.58","end_time":"4.26","alternatives":[{"confidence":"0.8346333333333332","content":"진행도와드릴"}],"type":"pronunciation"},{"start_time":"4.26","end_time":"5.24","alternatives":[{"confidence":"1.0","content":"건데요"}],"type":"pronunciation"},{"alternatives":[{"confidence":"0.0","content":"."}],"type":"punctuation"},{"start_time":"5.36","end_time":"5.58","alternatives":[{"confidence":"0.9986","content":"그래서"}],"type":"pronunciation"},{"start_time":"5.58","end_time":"5.77","alternatives":[{"confidence":"0.9982","content":"제가"}],"type":"pronunciation"},{"start_time":"5.77","end_time":"6.12","alternatives":[{"confidence":"0.9802","content":"신청을"}],"type":"pronunciation"},{"start_time":"6.12","end_time":"6.41","alternatives":[{"confidence":"0.86715","content":"해드릴"}],"type":"pronunciation"},{"start_time":"6.41","end_time":"6.86","alternatives":[{"confidence":"0.9956","content":"거예요"}],"type":"pronunciation"},{"alternatives":[{"confidence":"0.0","content":"."}],"type":"punctuation"},{"start_time":"6.89","end_time":"7.16","alternatives":[{"confidence":"0.9981","content":"그래서"}],"type":"pronunciation"},{"start_time":"7.46","end_time":"7.98","alternatives":[{"confidence":"0.48865","content":"공중서"}],"type":"pronunciation"},{"start_time":"8.01","end_time":"8.88","alternatives":[{"confidence":"0.9998","content":"비용은"}],"type":"pronunciation"},{"start_time":"9.29","end_time":"9.73","alternatives":[{"confidence":"1.0","content":"적게는"}],"type":"pronunciation"},{"start_time":"9.73","end_time":"9.84","alternatives":[{"confidence":"0.829","content":"오"}],"type":"pronunciation"},{"start_time":"9.84","end_time":"10.7","alternatives":[{"confidence":"0.9233","content":"프로에서"}],"type":"pronunciation"},{"start_time":"10.7","end_time":"11.01","alternatives":[{"confidence":"0.6867","content":"사십"}],"type":"pronunciation"},{"start_time":"11.01","end_time":"11.37","alternatives":[{"confidence":"0.85895","content":"프로까지"}],"type":"pronunciation"},{"start_time":"11.37","end_time":"12.57","alternatives":[{"confidence":"0.9963500000000001","content":"나오더라고요"}],"type":"pronunciation"},{"alternatives":[{"confidence":"0.0","content":"."}],"type":"punctuation"},{"start_time":"12.77","end_time":"12.92","alternatives":[{"confidence":"0.2913","content":"이제"}],"type":"pronunciation"},{"start_time":"12.95","end_time":"13.42","alternatives":[{"confidence":"0.9988","content":"신청을"}],"type":"pronunciation"},{"start_time":"13.42","end_time":"13.93","alternatives":[{"confidence":"0.9996","content":"하면"}],"type":"pronunciation"},{"start_time":"13.93","end_time":"14.5","alternatives":[{"confidence":"0.73575","content":"공정비용이"}],"type":"pronunciation"},{"start_time":"14.5","end_time":"14.78","alternatives":[{"confidence":"0.9574","content":"얼마나"}],"type":"pronunciation"},{"start_time":"14.78","end_time":"15.28","alternatives":[{"confidence":"0.9963","content":"나오는지"}],"type":"pronunciation"},{"start_time":"15.28","end_time":"15.54","alternatives":[{"confidence":"0.9506","content":"알고"}],"type":"pronunciation"},{"start_time":"15.54","end_time":"15.76","alternatives":[{"confidence":"0.3234","content":"있어요"}],"type":"pronunciation"},{"alternatives":[{"confidence":"0.0","content":"."}],"type":"punctuation"},{"start_time":"15.82","end_time":"15.99","alternatives":[{"confidence":"0.9763","content":"이제"}],"type":"pronunciation"},{"start_time":"15.99","end_time":"16.85","alternatives":[{"confidence":"0.9994","content":"나와요"}],"type":"pronunciation"},{"alternatives":[{"confidence":"0.0","content":"."}],"type":"punctuation"},{"start_time":"17.28","end_time":"17.81","alternatives":[{"confidence":"1.0","content":"그러면"}],"type":"pronunciation"},{"start_time":"18.05","end_time":"18.42","alternatives":[{"confidence":"0.8994","content":"그때"}],"type":"pronunciation"},{"start_time":"18.42","end_time":"18.56","alternatives":[{"confidence":"0.9768","content":"이제"}],"type":"pronunciation"},{"start_time":"18.56","end_time":"19.27","alternatives":[{"confidence":"0.94855","content":"결정하시면"}],"type":"pronunciation"},{"start_time":"19.27","end_time":"20.07","alternatives":[{"confidence":"1.0","content":"되세요"}],"type":"pronunciation"},{"alternatives":[{"confidence":"0.0","content":"."}],"type":"punctuation"},{"start_time":"20.11","end_time":"20.79","alternatives":[{"confidence":"0.7136","content":"고객님껏"}],"type":"pronunciation"},{"start_time":"20.79","end_time":"21.13","alternatives":[{"confidence":"0.9232","content":"승인을"}],"type":"pronunciation"},{"start_time":"21.13","end_time":"21.56","alternatives":[{"confidence":"0.96565","content":"마셨기"}],"type":"pronunciation"},{"start_time":"21.56","end_time":"22.26","alternatives":[{"confidence":"0.9861","content":"때문에"}],"type":"pronunciation"},{"start_time":"22.78","end_time":"23.38","alternatives":[{"confidence":"0.5685","content":"천만원의"}],"type":"pronunciation"},{"start_time":"23.38","end_time":"23.85","alternatives":[{"confidence":"0.942","content":"사점구"}],"type":"pronunciation"},{"start_time":"23.85","end_time":"24.18","alternatives":[{"confidence":"0.7095","content":"프로잘"}],"type":"pronunciation"},{"start_time":"24.18","end_time":"24.72","alternatives":[{"confidence":"0.98725","content":"나오셨네요"}],"type":"pronunciation"},{"start_time":"24.72","end_time":"26.97","alternatives":[{"confidence":"0.8578","content":"고객님이유는"}],"type":"pronunciation"},{"start_time":"26.97","end_time":"27.16","alternatives":[{"confidence":"0.855","content":"잘"}],"type":"pronunciation"},{"start_time":"27.16","end_time":"27.91","alternatives":[{"confidence":"0.9958","content":"나오셔서"}],"type":"pronunciation"},{"start_time":"27.91","end_time":"28.25","alternatives":[{"confidence":"0.989","content":"승인을"}],"type":"pronunciation"},{"start_time":"28.44","end_time":"28.99","alternatives":[{"confidence":"0.9917","content":"나오셨는데"}],"type":"pronunciation"},{"start_time":"28.99","end_time":"29.32","alternatives":[{"confidence":"0.4384","content":"신선한"}],"type":"pronunciation"},{"start_time":"29.32","end_time":"29.49","alternatives":[{"confidence":"0.9393","content":"잘"}],"type":"pronunciation"},{"start_time":"29.49","end_time":"29.87","alternatives":[{"confidence":"0.9863","content":"받으신"}],"type":"pronunciation"},{"start_time":"29.87","end_time":"29.97","alternatives":[{"confidence":"0.9688","content":"것"}],"type":"pronunciation"},{"start_time":"29.97","end_time":"30.98","alternatives":[{"confidence":"0.9995","content":"같아요"}],"type":"pronunciation"},{"alternatives":[{"confidence":"0.0","content":"."}],"type":"punctuation"},{"start_time":"31.1","end_time":"31.39","alternatives":[{"confidence":"0.9981","content":"그래서"}],"type":"pronunciation"},{"start_time":"31.42","end_time":"32.52","alternatives":[{"confidence":"0.9963500000000001","content":"나오셨는데"}],"type":"pronunciation"},{"start_time":"32.73","end_time":"33.31","alternatives":[{"confidence":"0.7632","content":"공증서만"}],"type":"pronunciation"},{"start_time":"33.31","end_time":"33.48","alternatives":[{"confidence":"0.9184","content":"하나"}],"type":"pronunciation"},{"start_time":"33.48","end_time":"33.98","alternatives":[{"confidence":"0.97585","content":"붙이시면"}],"type":"pronunciation"},{"start_time":"33.98","end_time":"34.22","alternatives":[{"confidence":"0.9974","content":"되는"}],"type":"pronunciation"},{"start_time":"34.22","end_time":"35.4","alternatives":[{"confidence":"0.82645","content":"내용이세요"}],"type":"pronunciation"},{"alternatives":[{"confidence":"0.0","content":"."}],"type":"punctuation"},{"start_time":"35.55","end_time":"35.82","alternatives":[{"confidence":"0.9976","content":"그래서"}],"type":"pronunciation"},{"start_time":"35.82","end_time":"36.59","alternatives":[{"confidence":"0.9636666666666667","content":"공증서비용이"}],"type":"pronunciation"},{"start_time":"36.59","end_time":"37.15","alternatives":[{"confidence":"0.6590666666666666","content":"얼마나온지"}],"type":"pronunciation"},{"start_time":"37.15","end_time":"37.4","alternatives":[{"confidence":"0.9982","content":"제가"}],"type":"pronunciation"},{"start_time":"37.4","end_time":"37.88","alternatives":[{"confidence":"0.8569","content":"알려드릴"}],"type":"pronunciation"},{"start_time":"37.88","end_time":"38.66","alternatives":[{"confidence":"0.95025","content":"거고요"}],"type":"pronunciation"},{"alternatives":[{"confidence":"0.0","content":"."}],"type":"punctuation"},{"start_time":"38.99","end_time":"39.1","alternatives":[{"confidence":"0.8252","content":"또"}],"type":"pronunciation"},{"start_time":"39.13","end_time":"40.83","alternatives":[{"confidence":"0.78645","content":"이공증서비용도"}],"type":"pronunciation"},{"start_time":"40.86","end_time":"41.43","alternatives":[{"confidence":"0.9985","content":"제가"}],"type":"pronunciation"},{"start_time":"41.49","end_time":"42.22","alternatives":[{"confidence":"0.9968","content":"나중에"}],"type":"pronunciation"},{"start_time":"42.25","end_time":"42.37","alternatives":[{"confidence":"0.8403","content":"이제"}],"type":"pronunciation"},{"start_time":"42.38","end_time":"42.66","alternatives":[{"confidence":"0.526","content":"비용"}],"type":"pronunciation"},{"start_time":"42.66","end_time":"43.08","alternatives":[{"confidence":"0.9999","content":"나오면"}],"type":"pronunciation"},{"start_time":"43.11","end_time":"43.6","alternatives":[{"confidence":"0.9906","content":"어떻게"}],"type":"pronunciation"},{"start_time":"43.6","end_time":"44.02","alternatives":[{"confidence":"0.9999","content":"하면"}],"type":"pronunciation"},{"start_time":"44.05","end_time":"44.53","alternatives":[{"confidence":"1.0","content":"비용도"}],"type":"pronunciation"},{"start_time":"44.53","end_time":"44.8","alternatives":[{"confidence":"1.0","content":"적게"}],"type":"pronunciation"},{"start_time":"44.8","end_time":"45.12","alternatives":[{"confidence":"0.4795","content":"들어가는"}],"type":"pronunciation"},{"start_time":"45.12","end_time":"45.51","alternatives":[{"confidence":"0.2204","content":"제가"}],"type":"pronunciation"},{"start_time":"45.54","end_time":"45.82","alternatives":[{"confidence":"0.9036","content":"한번"}],"type":"pronunciation"},{"start_time":"46.03","end_time":"46.26","alternatives":[{"confidence":"0.9311","content":"한번"}],"type":"pronunciation"},{"start_time":"46.26","end_time":"46.9","alternatives":[{"confidence":"0.9573","content":"알려드릴게요"}],"type":"pronunciation"},{"alternatives":[{"confidence":"0.0","content":"."}],"type":"punctuation"},{"start_time":"46.9","end_time":"47.58","alternatives":[{"confidence":"0.9329","content":"왜냐하면"}],"type":"pronunciation"},{"start_time":"47.97","end_time":"48.39","alternatives":[{"confidence":"0.5507","content":"아버님"}],"type":"pronunciation"},{"start_time":"48.39","end_time":"49.43","alternatives":[{"confidence":"0.9199166666666666","content":"임플란트해드린다고"}],"type":"pronunciation"},{"start_time":"49.43","end_time":"50.08","alternatives":[{"confidence":"0.7022","content":"해서"}],"type":"pronunciation"},{"start_time":"50.38","end_time":"50.62","alternatives":[{"confidence":"0.8452","content":"다른"}],"type":"pronunciation"},{"start_time":"50.62","end_time":"50.75","alternatives":[{"confidence":"0.4629","content":"데"}],"type":"pronunciation"},{"start_time":"50.75","end_time":"51.23","alternatives":[{"confidence":"0.8029999999999999","content":"쓰신다고"}],"type":"pronunciation"},{"start_time":"51.23","end_time":"51.35","alternatives":[{"confidence":"0.673","content":"도"}],"type":"pronunciation"},{"start_time":"51.35","end_time":"51.72","alternatives":[{"confidence":"1.0","content":"아니고"}],"type":"pronunciation"},{"start_time":"51.72","end_time":"52.24","alternatives":[{"confidence":"0.9973","content":"그래서"}],"type":"pronunciation"},{"start_time":"52.66","end_time":"52.87","alternatives":[{"confidence":"0.9991","content":"제가"}],"type":"pronunciation"},{"start_time":"52.87","end_time":"53.46","alternatives":[{"confidence":"0.9467","content":"한"}],"type":"pronunciation"},{"start_time":"53.46","end_time":"54.42","alternatives":[{"confidence":"0.45620000000000005","content":"공중서"}],"type":"pronunciation"},{"start_time":"54.42","end_time":"54.58","alternatives":[{"confidence":"0.2211","content":"이게"}],"type":"pronunciation"},{"start_time":"54.61","end_time":"54.99","alternatives":[{"confidence":"0.60015","content":"발건"}],"type":"pronunciation"},{"start_time":"54.99","end_time":"55.21","alternatives":[{"confidence":"0.88","content":"비용"}],"type":"pronunciation"},{"start_time":"55.21","end_time":"55.71","alternatives":[{"confidence":"0.654","content":"얼마나온지"}],"type":"pronunciation"},{"start_time":"55.71","end_time":"55.85","alternatives":[{"confidence":"0.9988","content":"한"}],"type":"pronunciation"},{"start_time":"55.85","end_time":"55.94","alternatives":[{"confidence":"0.6658","content":"오"}],"type":"pronunciation"},{"start_time":"55.94","end_time":"56.07","alternatives":[{"confidence":"0.9887","content":"분"}],"type":"pronunciation"},{"start_time":"56.07","end_time":"56.29","alternatives":[{"confidence":"0.9999","content":"정도"}],"type":"pronunciation"},{"start_time":"56.29","end_time":"57.05","alternatives":[{"confidence":"1.0","content":"걸리거든요"}],"type":"pronunciation"},{"start_time":"57.77","end_time":"58.67","alternatives":[{"confidence":"0.98535","content":"신청해서"}],"type":"pronunciation"},{"start_time":"58.67","end_time":"58.95","alternatives":[{"confidence":"0.9963","content":"제가"}],"type":"pronunciation"},{"start_time":"59.1","end_time":"59.29","alternatives":[{"confidence":"0.517","content":"이제"}],"type":"pronunciation"},{"start_time":"59.51","end_time":"60.53","alternatives":[{"confidence":"0.39085","content":"미용마음"}],"type":"pronunciation"},{"start_time":"60.53","end_time":"61.36","alternatives":[{"confidence":"0.97445","content":"선출나오면"}],"type":"pronunciation"},{"start_time":"61.36","end_time":"61.52","alternatives":[{"confidence":"0.9987","content":"제가"}],"type":"pronunciation"},{"start_time":"61.52","end_time":"61.73","alternatives":[{"confidence":"0.9839","content":"바로"}],"type":"pronunciation"},{"start_time":"61.73","end_time":"61.84","alternatives":[{"confidence":"0.9177","content":"또"}],"type":"pronunciation"},{"start_time":"61.84","end_time":"62.08","alternatives":[{"confidence":"0.5014","content":"전화"}],"type":"pronunciation"},{"start_time":"62.08","end_time":"63.11","alternatives":[{"confidence":"0.9626","content":"드릴게요"}],"type":"pronunciation"},{"alternatives":[{"confidence":"0.0","content":"."}],"type":"punctuation"},{"start_time":"66.49","end_time":"66.9","alternatives":[{"confidence":"0.5122","content":"아"}],"type":"pronunciation"},{"start_time":"67.19","end_time":"67.44","alternatives":[{"confidence":"0.9916","content":"지금"}],"type":"pronunciation"},{"start_time":"67.44","end_time":"67.72","alternatives":[{"confidence":"1.0","content":"전혀"}],"type":"pronunciation"},{"start_time":"67.72","end_time":"68.79","alternatives":[{"confidence":"0.9966999999999999","content":"없으셨어요"}],"type":"pronunciation"},{"start_time":"72.01","end_time":"73.56","alternatives":[{"confidence":"0.96875","content":"고객님이"}],"type":"pronunciation"},{"start_time":"73.68","end_time":"74.59","alternatives":[{"confidence":"1.0","content":"임플란트비용이"}],"type":"pronunciation"},{"start_time":"74.59","end_time":"75.0","alternatives":[{"confidence":"0.8443","content":"언제"}],"type":"pronunciation"},{"start_time":"75.0","end_time":"75.22","alternatives":[{"confidence":"0.8007","content":"필요"}],"type":"pronunciation"},{"start_time":"75.22","end_time":"75.55","alternatives":[{"confidence":"0.8175","content":"하시다"}],"type":"pronunciation"},{"start_time":"75.55","end_time":"76.15","alternatives":[{"confidence":"0.9976","content":"그랬죠"}],"type":"pronunciation"},{"alternatives":[{"confidence":"0.0","content":"."}],"type":"punctuation"},{"start_time":"78.25","end_time":"78.57","alternatives":[{"confidence":"0.7429","content":"설"}],"type":"pronunciation"},{"start_time":"78.57","end_time":"79.39","alternatives":[{"confidence":"0.9994","content":"이후에"}],"type":"pronunciation"},{"start_time":"79.77","end_time":"80.34","alternatives":[{"confidence":"1.0","content":"그러면"}],"type":"pronunciation"},{"start_time":"80.34","end_time":"81.06","alternatives":[{"confidence":"0.97175","content":"고객님이"}],"type":"pronunciation"},{"start_time":"81.06","end_time":"82.13","alternatives":[{"confidence":"0.6885249999999999","content":"공증서발권이"}],"type":"pronunciation"},{"alternatives":[{"confidence":"0.0","content":"."}],"type":"punctuation"},{"start_time":"82.13","end_time":"82.35","alternatives":[{"confidence":"0.9991","content":"제"}],"type":"pronunciation"},{"start_time":"82.35","end_time":"83.1","alternatives":[{"confidence":"0.95055","content":"19솔직히"}],"type":"pronunciation"},{"start_time":"83.1","end_time":"84.04","alternatives":[{"confidence":"0.9597","content":"말씀드리면"}],"type":"pronunciation"},{"alternatives":[{"confidence":"0.0","content":"."}],"type":"punctuation"},{"start_time":"84.72","end_time":"85.09","alternatives":[{"confidence":"0.8064","content":"예"}],"type":"pronunciation"},{"alternatives":[{"confidence":"0.0","content":"."}],"type":"punctuation"},{"start_time":"85.12","end_time":"85.99","alternatives":[{"confidence":"0.6328666666666667","content":"공정성발견이"}],"type":"pronunciation"},{"start_time":"85.99","end_time":"86.24","alternatives":[{"confidence":"0.9557","content":"제일"}],"type":"pronunciation"},{"start_time":"86.24","end_time":"86.67","alternatives":[{"confidence":"0.9215","content":"쉬우세요"}],"type":"pronunciation"},{"alternatives":[{"confidence":"0.0","content":"."}],"type":"punctuation"},{"start_time":"86.67","end_time":"87.0","alternatives":[{"confidence":"1.0","content":"그래도"}],"type":"pronunciation"},{"alternatives":[{"confidence":"0.0","content":"."}],"type":"punctuation"},{"start_time":"87.0","end_time":"87.26","alternatives":[{"confidence":"0.7706","content":"왜냐하면"}],"type":"pronunciation"},{"start_time":"87.26","end_time":"88.15","alternatives":[{"confidence":"0.9984","content":"예전에는"}],"type":"pronunciation"},{"start_time":"88.5","end_time":"88.92","alternatives":[{"confidence":"0.928","content":"알다시피"}],"type":"pronunciation"},{"start_time":"88.92","end_time":"89.13","alternatives":[{"confidence":"0.9859","content":"예전에"}],"type":"pronunciation"},{"start_time":"89.13","end_time":"90.2","alternatives":[{"confidence":"0.556975","content":"고객님연대보증이라는"}],"type":"pronunciation"},{"start_time":"90.2","end_time":"90.27","alternatives":[{"confidence":"0.7332","content":"게"}],"type":"pronunciation"},{"start_time":"90.27","end_time":"91.35","alternatives":[{"confidence":"1.0","content":"있었잖아요"}],"type":"pronunciation"},{"alternatives":[{"confidence":"0.0","content":"."}],"type":"punctuation"},{"start_time":"91.5","end_time":"91.74","alternatives":[{"confidence":"0.7802","content":"그런데"}],"type":"pronunciation"},{"start_time":"91.77","end_time":"92.01","alternatives":[{"confidence":"0.9921","content":"지금"}],"type":"pronunciation"},{"start_time":"92.01","end_time":"92.81","alternatives":[{"confidence":"0.9537","content":"연대보증제도가"}],"type":"pronunciation"},{"start_time":"92.81","end_time":"93.19","alternatives":[{"confidence":"0.9991","content":"폐지가"}],"type":"pronunciation"},{"start_time":"93.19","end_time":"94.26","alternatives":[{"confidence":"0.9999","content":"됐잖아요"}],"type":"pronunciation"},{"alternatives":[{"confidence":"0.0","content":"."}],"type":"punctuation"},{"start_time":"94.42","end_time":"94.64","alternatives":[{"confidence":"0.9182","content":"그리고"}],"type":"pronunciation"},{"start_time":"94.64","end_time":"94.89","alternatives":[{"confidence":"0.7317","content":"나서"}],"type":"pronunciation"},{"start_time":"94.92","end_time":"95.42","alternatives":[{"confidence":"0.5904","content":"공중서"}],"type":"pronunciation"},{"start_time":"95.42","end_time":"95.98","alternatives":[{"confidence":"0.95285","content":"발급이"}],"type":"pronunciation"},{"start_time":"95.98","end_time":"96.37","alternatives":[{"confidence":"0.9624","content":"진행을"}],"type":"pronunciation"},{"start_time":"96.37","end_time":"97.26","alternatives":[{"confidence":"0.9816","content":"해요"}],"type":"pronunciation"},{"alternatives":[{"confidence":"0.0","content":"."}],"type":"punctuation"},{"start_time":"97.62","end_time":"98.38","alternatives":[{"confidence":"0.9449000000000001","content":"연대보증제도가"}],"type":"pronunciation"},{"start_time":"98.38","end_time":"98.81","alternatives":[{"confidence":"0.8679","content":"폐지된"}],"type":"pronunciation"},{"start_time":"98.81","end_time":"99.54","alternatives":[{"confidence":"1.0","content":"이후에는"}],"type":"pronunciation"},{"start_time":"99.66","end_time":"100.03","alternatives":[{"confidence":"0.4016","content":"공중"}],"type":"pronunciation"},{"start_time":"100.18","end_time":"100.63","alternatives":[{"confidence":"0.72155","content":"발건이"}],"type":"pronunciation"},{"start_time":"100.63","end_time":"100.95","alternatives":[{"confidence":"1.0","content":"사실은"}],"type":"pronunciation"},{"start_time":"100.95","end_time":"101.19","alternatives":[{"confidence":"0.9552","content":"제일"}],"type":"pronunciation"},{"start_time":"101.19","end_time":"102.05","alternatives":[{"confidence":"0.95415","content":"씻고요"}],"type":"pronunciation"},{"alternatives":[{"confidence":"0.0","content":"."}],"type":"punctuation"},{"start_time":"102.57","end_time":"102.69","alternatives":[{"confidence":"0.7669","content":"그"}],"type":"pronunciation"},{"start_time":"102.69","end_time":"103.24","alternatives":[{"confidence":"1.0","content":"다음에"}],"type":"pronunciation"},{"start_time":"103.24","end_time":"103.41","alternatives":[{"confidence":"0.9987","content":"할"}],"type":"pronunciation"},{"start_time":"103.41","end_time":"103.51","alternatives":[{"confidence":"0.9985","content":"수"}],"type":"pronunciation"},{"start_time":"103.51","end_time":"103.71","alternatives":[{"confidence":"0.9998","content":"있는"}],"type":"pronunciation"},{"start_time":"103.71","end_time":"104.55","alternatives":[{"confidence":"0.9996","content":"방법은"}],"type":"pronunciation"},{"start_time":"105.37","end_time":"105.81","alternatives":[{"confidence":"0.5789","content":"고객이제"}],"type":"pronunciation"},{"start_time":"105.82","end_time":"106.51","alternatives":[{"confidence":"0.8783666666666666","content":"평점이나"}],"type":"pronunciation"},{"start_time":"106.51","end_time":"106.85","alternatives":[{"confidence":"0.7522","content":"등급"}],"type":"pronunciation"},{"start_time":"106.85","end_time":"107.17","alternatives":[{"confidence":"0.9944","content":"이"}],"type":"pronunciation"},{"start_time":"107.2","end_time":"107.59","alternatives":[{"confidence":"0.9036","content":"등급"}],"type":"pronunciation"},{"start_time":"107.59","end_time":"108.06","alternatives":[{"confidence":"0.9975","content":"때문에"}],"type":"pronunciation"},{"start_time":"108.06","end_time":"108.74","alternatives":[{"confidence":"0.995","content":"지금"}],"type":"pronunciation"},{"start_time":"108.74","end_time":"108.91","alternatives":[{"confidence":"0.992","content":"이게"}],"type":"pronunciation"},{"start_time":"108.92","end_time":"109.33","alternatives":[{"confidence":"0.983","content":"진행이"}],"type":"pronunciation"},{"start_time":"109.33","end_time":"109.76","alternatives":[{"confidence":"0.84","content":"공중서"}],"type":"pronunciation"},{"start_time":"109.76","end_time":"110.4","alternatives":[{"confidence":"0.9845999999999999","content":"발급으로"}],"type":"pronunciation"},{"start_time":"110.4","end_time":"110.58","alternatives":[{"confidence":"0.4612","content":"된"}],"type":"pronunciation"},{"start_time":"110.64","end_time":"111.07","alternatives":[{"confidence":"0.8644499999999999","content":"발권이"}],"type":"pronunciation"},{"start_time":"111.07","end_time":"111.22","alternatives":[{"confidence":"0.9897","content":"된"}],"type":"pronunciation"},{"start_time":"111.22","end_time":"112.17","alternatives":[{"confidence":"0.9919","content":"거잖아요"}],"type":"pronunciation"},{"alternatives":[{"confidence":"0.0","content":"."}],"type":"punctuation"},{"start_time":"112.97","end_time":"113.41","alternatives":[{"confidence":"0.9637","content":"그쪽으로"}],"type":"pronunciation"},{"start_time":"113.41","end_time":"113.63","alternatives":[{"confidence":"0.7709","content":"승인"}],"type":"pronunciation"},{"start_time":"113.63","end_time":"114.34","alternatives":[{"confidence":"0.6777","content":"난건데"}],"type":"pronunciation"},{"start_time":"114.45","end_time":"114.7","alternatives":[{"confidence":"0.9319","content":"딱"}],"type":"pronunciation"},{"start_time":"114.71","end_time":"115.26","alternatives":[{"confidence":"0.9945","content":"방법은"}],"type":"pronunciation"},{"start_time":"115.26","end_time":"116.04","alternatives":[{"confidence":"0.9747666666666667","content":"고객님평점"}],"type":"pronunciation"},{"start_time":"116.04","end_time":"116.44","alternatives":[{"confidence":"0.9983","content":"높여서"}],"type":"pronunciation"},{"start_time":"116.44","end_time":"116.91","alternatives":[{"confidence":"0.6976","content":"진행하는"}],"type":"pronunciation"},{"start_time":"116.91","end_time":"117.3","alternatives":[{"confidence":"0.992","content":"방법이"}],"type":"pronunciation"},{"start_time":"117.3","end_time":"117.68","alternatives":[{"confidence":"1.0","content":"있으세요"}],"type":"pronunciation"},{"alternatives":[{"confidence":"0.0","content":"."}],"type":"punctuation"},{"start_time":"117.68","end_time":"118.53","alternatives":[{"confidence":"0.9692000000000001","content":"우회적으로"}],"type":"pronunciation"},{"alternatives":[{"confidence":"0.0","content":"."}],"type":"punctuation"},{"start_time":"119.03","end_time":"119.35","alternatives":[{"confidence":"0.9967","content":"그래서"}],"type":"pronunciation"},{"start_time":"119.35","end_time":"119.81","alternatives":[{"confidence":"0.9507","content":"어떻게"}],"type":"pronunciation"},{"start_time":"120.1","end_time":"120.4","alternatives":[{"confidence":"0.548","content":"평소"}],"type":"pronunciation"},{"start_time":"120.4","end_time":"120.57","alternatives":[{"confidence":"0.6733","content":"함을"}],"type":"pronunciation"},{"start_time":"120.57","end_time":"120.94","alternatives":[{"confidence":"0.8708","content":"높이는"}],"type":"pronunciation"},{"start_time":"120.94","end_time":"121.54","alternatives":[{"confidence":"0.9945","content":"거예요"}],"type":"pronunciation"},{"alternatives":[{"confidence":"0.0","content":"."}],"type":"punctuation"},{"start_time":"122.61","end_time":"123.08","alternatives":[{"confidence":"0.7712","content":"이미"}],"type":"pronunciation"},{"start_time":"123.33","end_time":"123.72","alternatives":[{"confidence":"0.9945","content":"지금"}],"type":"pronunciation"},{"start_time":"123.72","end_time":"123.9","alternatives":[{"confidence":"0.9748","content":"이제"}],"type":"pronunciation"},{"start_time":"124.38","end_time":"124.77","alternatives":[{"confidence":"0.9982","content":"물론"}],"type":"pronunciation"},{"start_time":"124.77","end_time":"125.46","alternatives":[{"confidence":"0.97885","content":"통장거래"}],"type":"pronunciation"},{"start_time":"125.46","end_time":"125.99","alternatives":[{"confidence":"0.51735","content":"내역이"}],"type":"pronunciation"},{"start_time":"126.02","end_time":"126.24","alternatives":[{"confidence":"0.9642","content":"지금"}],"type":"pronunciation"},{"start_time":"126.24","end_time":"126.85","alternatives":[{"confidence":"0.93285","content":"급여같은"}],"type":"pronunciation"},{"start_time":"126.85","end_time":"126.98","alternatives":[{"confidence":"0.8476","content":"게"}],"type":"pronunciation"},{"start_time":"126.98","end_time":"127.36","alternatives":[{"confidence":"0.99865","content":"들어오긴"}],"type":"pronunciation"},{"start_time":"127.36","end_time":"127.73","alternatives":[{"confidence":"0.9974","content":"하는데"}],"type":"pronunciation"},{"alternatives":[{"confidence":"0.0","content":"."}],"type":"punctuation"},{"start_time":"127.73","end_time":"128.31","alternatives":[{"confidence":"1.0","content":"잠시만요"}],"type":"pronunciation"},{"alternatives":[{"confidence":"0.0","content":"."}],"type":"punctuation"},{"start_time":"128.31","end_time":"128.54","alternatives":[{"confidence":"0.9992","content":"제가"}],"type":"pronunciation"},{"start_time":"128.54","end_time":"129.36","alternatives":[{"confidence":"1.0","content":"보면서"}],"type":"pronunciation"},{"start_time":"129.36","end_time":"129.59","alternatives":[{"confidence":"0.9993","content":"제가"}],"type":"pronunciation"},{"start_time":"129.59","end_time":"129.94","alternatives":[{"confidence":"0.9922","content":"설명을"}],"type":"pronunciation"},{"start_time":"129.94","end_time":"130.66","alternatives":[{"confidence":"0.9416","content":"해드릴게요"}],"type":"pronunciation"},{"alternatives":[{"confidence":"0.0","content":"."}],"type":"punctuation"},{"start_time":"131.39","end_time":"131.81","alternatives":[{"confidence":"0.0028","content":"이거"}],"type":"pronunciation"},{"alternatives":[{"confidence":"0.0","content":"."}],"type":"punctuation"},{"start_time":"132.19","end_time":"132.96","alternatives":[{"confidence":"1.0","content":"잠시만요"}],"type":"pronunciation"},{"alternatives":[{"confidence":"0.0","content":"."}],"type":"punctuation"},{"start_time":"132.99","end_time":"133.34","alternatives":[{"confidence":"0.98505","content":"끊지"}],"type":"pronunciation"},{"start_time":"133.34","end_time":"134.56","alternatives":[{"confidence":"1.0","content":"마세요"}],"type":"pronunciation"},{"alternatives":[{"confidence":"0.0","content":"."}],"type":"punctuation"},{"start_time":"135.4","end_time":"135.94","alternatives":[{"confidence":"0.0046","content":"예"}],"type":"pronunciation"},{"alternatives":[{"confidence":"0.0","content":"."}],"type":"punctuation"},{"start_time":"136.52","end_time":"137.18","alternatives":[{"confidence":"0.9655","content":"통장에"}],"type":"pronunciation"},{"start_time":"137.18","end_time":"137.85","alternatives":[{"confidence":"0.9972","content":"보면"}],"type":"pronunciation"},{"start_time":"138.2","end_time":"138.54","alternatives":[{"confidence":"0.9375","content":"지금"}],"type":"pronunciation"},{"start_time":"138.54","end_time":"139.27","alternatives":[{"confidence":"1.0","content":"보면"}],"type":"pronunciation"},{"start_time":"139.27","end_time":"140.08","alternatives":[{"confidence":"0.8969","content":"입출금도"}],"type":"pronunciation"},{"start_time":"140.29","end_time":"141.22","alternatives":[{"confidence":"0.7581","content":"황활성화"}],"type":"pronunciation"},{"start_time":"141.22","end_time":"142.06","alternatives":[{"confidence":"0.8345","content":"되구와"}],"type":"pronunciation"},{"start_time":"142.06","end_time":"142.91","alternatives":[{"confidence":"0.7644","content":"왕성하세요"}],"type":"pronunciation"},{"alternatives":[{"confidence":"0.0","content":"."}],"type":"punctuation"},{"start_time":"142.91","end_time":"143.75","alternatives":[{"confidence":"0.8172","content":"그죠"}],"type":"pronunciation"},{"alternatives":[{"confidence":"0.0","content":"?"}],"type":"punctuation"},{"start_time":"143.9","end_time":"144.65","alternatives":[{"confidence":"0.8264666666666667","content":"농협통장도"}],"type":"pronunciation"},{"start_time":"144.65","end_time":"144.94","alternatives":[{"confidence":"0.9378","content":"이제"}],"type":"pronunciation"},{"start_time":"145.47","end_time":"146.72","alternatives":[{"confidence":"0.8529","content":"사업통장이고"}],"type":"pronunciation"},{"alternatives":[{"confidence":"0.0","content":"."}],"type":"punctuation"},{"start_time":"147.07","end_time":"147.21","alternatives":[{"confidence":"0.5143","content":"이제"}],"type":"pronunciation"},{"start_time":"147.22","end_time":"147.62","alternatives":[{"confidence":"0.46849999999999997","content":"국민의당"}],"type":"pronunciation"},{"start_time":"147.62","end_time":"148.2","alternatives":[{"confidence":"1.0","content":"통장은"}],"type":"pronunciation"},{"start_time":"148.27","end_time":"149.72","alternatives":[{"confidence":"0.9977999999999999","content":"급여통장이잖아요"}],"type":"pronunciation"},{"start_time":"149.9","end_time":"150.6","alternatives":[{"confidence":"0.8310666666666666","content":"입출군이"}],"type":"pronunciation"},{"start_time":"150.6","end_time":"151.77","alternatives":[{"confidence":"0.9472333333333333","content":"입출군이"}],"type":"pronunciation"},{"start_time":"151.8","end_time":"152.14","alternatives":[{"confidence":"0.9814","content":"그대로"}],"type":"pronunciation"},{"start_time":"152.14","end_time":"152.48","alternatives":[{"confidence":"0.9814","content":"그대로"}],"type":"pronunciation"},{"start_time":"152.48","end_time":"152.89","alternatives":[{"confidence":"1.0","content":"꾸준히"}],"type":"pronunciation"},{"start_time":"152.89","end_time":"153.92","alternatives":[{"confidence":"0.9999","content":"있으셔서"}],"type":"pronunciation"},{"start_time":"155.91","end_time":"156.36","alternatives":[{"confidence":"0.9999","content":"그것은"}],"type":"pronunciation"},{"start_time":"156.36","end_time":"156.79","alternatives":[{"confidence":"0.7662500000000001","content":"청점이"}],"type":"pronunciation"},{"start_time":"156.79","end_time":"157.79","alternatives":[{"confidence":"0.9671","content":"괜찮으신데"}],"type":"pronunciation"},{"start_time":"157.89","end_time":"158.35","alternatives":[{"confidence":"0.9827","content":"약간"}],"type":"pronunciation"},{"start_time":"158.35","end_time":"158.56","alternatives":[{"confidence":"0.9999","content":"좀"}],"type":"pronunciation"},{"start_time":"158.59","end_time":"158.94","alternatives":[{"confidence":"1.0","content":"적은"}],"type":"pronunciation"},{"start_time":"158.94","end_time":"159.18","alternatives":[{"confidence":"0.9943","content":"돈이"}],"type":"pronunciation"},{"start_time":"159.18","end_time":"159.53","alternatives":[{"confidence":"0.9994","content":"들어왔다"}],"type":"pronunciation"},{"start_time":"159.53","end_time":"159.86","alternatives":[{"confidence":"1.0","content":"나갔다"}],"type":"pronunciation"},{"start_time":"159.86","end_time":"160.13","alternatives":[{"confidence":"0.8405","content":"하시는"}],"type":"pronunciation"},{"start_time":"160.13","end_time":"161.07","alternatives":[{"confidence":"0.9955","content":"거잖아요"}],"type":"pronunciation"},{"alternatives":[{"confidence":"0.0","content":"."}],"type":"punctuation"},{"start_time":"161.61","end_time":"162.0","alternatives":[{"confidence":"0.9303","content":"예"}],"type":"pronunciation"},{"alternatives":[{"confidence":"0.0","content":"."}],"type":"punctuation"},{"start_time":"162.33","end_time":"162.6","alternatives":[{"confidence":"0.9951","content":"이런"}],"type":"pronunciation"},{"start_time":"162.6","end_time":"163.02","alternatives":[{"confidence":"0.9905","content":"부분을"}],"type":"pronunciation"},{"start_time":"163.02","end_time":"163.4","alternatives":[{"confidence":"0.9888","content":"평점을"}],"type":"pronunciation"},{"start_time":"163.4","end_time":"163.59","alternatives":[{"confidence":"0.5891","content":"높이"}],"type":"pronunciation"},{"start_time":"163.59","end_time":"163.87","alternatives":[{"confidence":"0.8966000000000001","content":"시려면"}],"type":"pronunciation"},{"start_time":"163.87","end_time":"164.25","alternatives":[{"confidence":"0.3912","content":"하는"}],"type":"pronunciation"},{"start_time":"164.25","end_time":"164.41","alternatives":[{"confidence":"0.708","content":"뭐"}],"type":"pronunciation"},{"start_time":"164.42","end_time":"164.97","alternatives":[{"confidence":"0.876","content":"삼백"}],"type":"pronunciation"},{"start_time":"164.97","end_time":"165.25","alternatives":[{"confidence":"0.6514","content":"오백"}],"type":"pronunciation"},{"start_time":"165.25","end_time":"165.57","alternatives":[{"confidence":"0.76885","content":"이정도"}],"type":"pronunciation"},{"start_time":"165.57","end_time":"166.21","alternatives":[{"confidence":"1.0","content":"돈이"}],"type":"pronunciation"},{"start_time":"166.44","end_time":"166.92","alternatives":[{"confidence":"1.0","content":"들어왔다"}],"type":"pronunciation"},{"start_time":"166.92","end_time":"167.29","alternatives":[{"confidence":"1.0","content":"나갔다"}],"type":"pronunciation"},{"start_time":"167.29","end_time":"167.47","alternatives":[{"confidence":"0.9969","content":"이렇게"}],"type":"pronunciation"},{"start_time":"167.47","end_time":"167.73","alternatives":[{"confidence":"0.9999","content":"하잖아요"}],"type":"pronunciation"},{"alternatives":[{"confidence":"0.0","content":"."}],"type":"punctuation"},{"start_time":"167.73","end_time":"168.06","alternatives":[{"confidence":"0.8678","content":"한번"}],"type":"pronunciation"},{"start_time":"168.06","end_time":"168.43","alternatives":[{"confidence":"0.6344","content":"들어왔다"}],"type":"pronunciation"},{"start_time":"168.43","end_time":"168.69","alternatives":[{"confidence":"0.8496","content":"한번"}],"type":"pronunciation"},{"start_time":"168.69","end_time":"169.3","alternatives":[{"confidence":"1.0","content":"나가면"}],"type":"pronunciation"},{"start_time":"169.33","end_time":"169.55","alternatives":[{"confidence":"0.5206","content":"그게"}],"type":"pronunciation"},{"start_time":"169.97","end_time":"170.29","alternatives":[{"confidence":"1.0","content":"만약에"}],"type":"pronunciation"},{"start_time":"170.29","end_time":"171.33","alternatives":[{"confidence":"0.827","content":"백만원그래서"}],"type":"pronunciation"},{"start_time":"171.33","end_time":"171.49","alternatives":[{"confidence":"0.985","content":"한"}],"type":"pronunciation"},{"start_time":"171.49","end_time":"172.0","alternatives":[{"confidence":"0.6816","content":"오백만원"}],"type":"pronunciation"},{"start_time":"172.0","end_time":"172.08","alternatives":[{"confidence":"0.4555","content":"이"}],"type":"pronunciation"},{"start_time":"172.08","end_time":"172.79","alternatives":[{"confidence":"0.42279999999999995","content":"들어왔다가"}],"type":"pronunciation"},{"start_time":"172.98","end_time":"173.53","alternatives":[{"confidence":"0.84605","content":"오백만원"}],"type":"pronunciation"},{"start_time":"173.53","end_time":"173.81","alternatives":[{"confidence":"0.97895","content":"인출이"}],"type":"pronunciation"},{"start_time":"173.81","end_time":"174.05","alternatives":[{"confidence":"0.9973","content":"되죠"}],"type":"pronunciation"},{"alternatives":[{"confidence":"0.0","content":"."}],"type":"punctuation"},{"start_time":"174.05","end_time":"174.21","alternatives":[{"confidence":"0.5666","content":"그럼"}],"type":"pronunciation"},{"start_time":"174.21","end_time":"174.32","alternatives":[{"confidence":"0.2426","content":"이게"}],"type":"pronunciation"},{"start_time":"174.35","end_time":"174.54","alternatives":[{"confidence":"0.4125","content":"천"}],"type":"pronunciation"},{"start_time":"174.54","end_time":"174.94","alternatives":[{"confidence":"0.4151","content":"만원으로"}],"type":"pronunciation"},{"start_time":"174.94","end_time":"175.26","alternatives":[{"confidence":"0.9975","content":"계산이"}],"type":"pronunciation"},{"start_time":"175.26","end_time":"175.68","alternatives":[{"confidence":"0.9892","content":"돼요"}],"type":"pronunciation"},{"alternatives":[{"confidence":"0.0","content":"."}],"type":"punctuation"},{"start_time":"177.4","end_time":"177.71","alternatives":[{"confidence":"0.9891","content":"이렇게"}],"type":"pronunciation"},{"start_time":"177.71","end_time":"178.15","alternatives":[{"confidence":"0.99275","content":"평점을"}],"type":"pronunciation"},{"start_time":"178.15","end_time":"178.31","alternatives":[{"confidence":"0.9619","content":"해서"}],"type":"pronunciation"},{"start_time":"178.31","end_time":"178.73","alternatives":[{"confidence":"0.9766","content":"높이는"}],"type":"pronunciation"},{"start_time":"178.73","end_time":"179.0","alternatives":[{"confidence":"0.7175","content":"거예요"}],"type":"pronunciation"},{"alternatives":[{"confidence":"0.0","content":"."}],"type":"punctuation"},{"start_time":"179.0","end_time":"179.92","alternatives":[{"confidence":"0.8445499999999999","content":"순간으로"}],"type":"pronunciation"},{"alternatives":[{"confidence":"0.0","content":"."}],"type":"punctuation"},{"start_time":"179.98","end_time":"180.32","alternatives":[{"confidence":"0.9967","content":"그래서"}],"type":"pronunciation"},{"start_time":"180.32","end_time":"180.76","alternatives":[{"confidence":"0.9695","content":"그렇게"}],"type":"pronunciation"},{"start_time":"180.76","end_time":"181.13","alternatives":[{"confidence":"0.9978","content":"해서"}],"type":"pronunciation"},{"start_time":"181.13","end_time":"181.61","alternatives":[{"confidence":"0.99185","content":"평점을"}],"type":"pronunciation"},{"start_time":"181.61","end_time":"182.0","alternatives":[{"confidence":"0.9956","content":"높이는"}],"type":"pronunciation"},{"start_time":"182.0","end_time":"182.41","alternatives":[{"confidence":"0.995","content":"방법이"}],"type":"pronunciation"},{"start_time":"182.41","end_time":"182.69","alternatives":[{"confidence":"0.9948","content":"있어요"}],"type":"pronunciation"},{"alternatives":[{"confidence":"0.0","content":"."}],"type":"punctuation"},{"start_time":"182.69","end_time":"183.41","alternatives":[{"confidence":"0.9852","content":"고객님"}],"type":"pronunciation"},{"start_time":"185.46","end_time":"185.7","alternatives":[{"confidence":"0.5348","content":"근데"}],"type":"pronunciation"},{"start_time":"185.7","end_time":"186.12","alternatives":[{"confidence":"0.9901","content":"고객님이"}],"type":"pronunciation"},{"start_time":"186.12","end_time":"186.4","alternatives":[{"confidence":"0.9999","content":"돈이"}],"type":"pronunciation"},{"start_time":"186.4","end_time":"187.2","alternatives":[{"confidence":"0.99975","content":"있으셔서"}],"type":"pronunciation"},{"start_time":"187.35","end_time":"187.77","alternatives":[{"confidence":"0.7463","content":"고객님이"}],"type":"pronunciation"},{"start_time":"187.77","end_time":"188.32","alternatives":[{"confidence":"0.6772500000000001","content":"넣었다가"}],"type":"pronunciation"},{"start_time":"188.56","end_time":"188.68","alternatives":[{"confidence":"0.8806","content":"다"}],"type":"pronunciation"},{"start_time":"188.68","end_time":"188.87","alternatives":[{"confidence":"0.9981","content":"이렇게"}],"type":"pronunciation"},{"start_time":"188.87","end_time":"189.23","alternatives":[{"confidence":"0.9999","content":"하시면"}],"type":"pronunciation"},{"start_time":"189.23","end_time":"190.11","alternatives":[{"confidence":"0.8587","content":"좋거든요"}],"type":"pronunciation"},{"alternatives":[{"confidence":"0.0","content":"."}],"type":"punctuation"},{"start_time":"190.44","end_time":"191.16","alternatives":[{"confidence":"0.1813","content":"그렇죠"}],"type":"pronunciation"},{"alternatives":[{"confidence":"0.0","content":"."}],"type":"punctuation"},{"start_time":"191.74","end_time":"192.48","alternatives":[{"confidence":"0.9979","content":"것인데"}],"type":"pronunciation"},{"start_time":"192.65","end_time":"192.88","alternatives":[{"confidence":"0.7625","content":"근데"}],"type":"pronunciation"},{"start_time":"192.88","end_time":"193.02","alternatives":[{"confidence":"0.9965","content":"그"}],"type":"pronunciation"},{"start_time":"193.02","end_time":"193.25","alternatives":[{"confidence":"1.0","content":"돈이"}],"type":"pronunciation"},{"start_time":"193.25","end_time":"193.57","alternatives":[{"confidence":"1.0","content":"있으면"}],"type":"pronunciation"},{"start_time":"193.57","end_time":"193.87","alternatives":[{"confidence":"0.9572","content":"사실은"}],"type":"pronunciation"},{"start_time":"193.87","end_time":"194.53","alternatives":[{"confidence":"0.6581","content":"임플란트그냥"}],"type":"pronunciation"},{"start_time":"194.53","end_time":"194.91","alternatives":[{"confidence":"0.9998","content":"하죠"}],"type":"pronunciation"},{"alternatives":[{"confidence":"0.0","content":"."}],"type":"punctuation"},{"start_time":"194.91","end_time":"195.57","alternatives":[{"confidence":"0.25575000000000003","content":"그죠"}],"type":"pronunciation"},{"alternatives":[{"confidence":"0.0","content":"?"}],"type":"punctuation"},{"start_time":"197.82","end_time":"198.31","alternatives":[{"confidence":"0.8568","content":"예"}],"type":"pronunciation"},{"alternatives":[{"confidence":"0.0","content":"."}],"type":"punctuation"},{"start_time":"198.31","end_time":"198.56","alternatives":[{"confidence":"0.83","content":"그런"}],"type":"pronunciation"},{"start_time":"198.56","end_time":"198.82","alternatives":[{"confidence":"0.9888","content":"것도"}],"type":"pronunciation"},{"start_time":"198.82","end_time":"198.99","alternatives":[{"confidence":"0.9969","content":"이제"}],"type":"pronunciation"},{"start_time":"198.99","end_time":"199.34","alternatives":[{"confidence":"0.9329","content":"그런"}],"type":"pronunciation"},{"start_time":"199.34","end_time":"199.63","alternatives":[{"confidence":"0.9976","content":"것도"}],"type":"pronunciation"},{"start_time":"199.63","end_time":"200.09","alternatives":[{"confidence":"0.9046","content":"해서"}],"type":"pronunciation"},{"start_time":"200.3","end_time":"200.76","alternatives":[{"confidence":"0.9937","content":"평점이"}],"type":"pronunciation"},{"start_time":"200.76","end_time":"201.17","alternatives":[{"confidence":"0.9501","content":"올라간"}],"type":"pronunciation"},{"start_time":"201.17","end_time":"201.33","alternatives":[{"confidence":"0.8391","content":"거예요"}],"type":"pronunciation"},{"alternatives":[{"confidence":"0.0","content":"."}],"type":"punctuation"},{"start_time":"201.33","end_time":"202.06","alternatives":[{"confidence":"0.8986999999999999","content":"고객님그런거다"}],"type":"pronunciation"},{"start_time":"202.06","end_time":"202.41","alternatives":[{"confidence":"0.6815","content":"앞에서"}],"type":"pronunciation"},{"start_time":"202.41","end_time":"202.56","alternatives":[{"confidence":"0.9714","content":"지금"}],"type":"pronunciation"},{"start_time":"202.56","end_time":"202.9","alternatives":[{"confidence":"0.8749","content":"평점이"}],"type":"pronunciation"},{"start_time":"202.9","end_time":"203.18","alternatives":[{"confidence":"0.7906","content":"나온"}],"type":"pronunciation"},{"start_time":"203.18","end_time":"203.92","alternatives":[{"confidence":"0.9991","content":"거예요"}],"type":"pronunciation"},{"alternatives":[{"confidence":"0.0","content":"."}],"type":"punctuation"},{"start_time":"204.63","end_time":"205.13","alternatives":[{"confidence":"0.9263","content":"예"}],"type":"pronunciation"},{"alternatives":[{"confidence":"0.0","content":"."}],"type":"punctuation"},{"start_time":"205.35","end_time":"206.16","alternatives":[{"confidence":"0.9975","content":"그래서"}],"type":"pronunciation"},{"start_time":"206.16","end_time":"206.61","alternatives":[{"confidence":"0.6561","content":"그렇게"}],"type":"pronunciation"},{"start_time":"206.61","end_time":"206.87","alternatives":[{"confidence":"0.9774","content":"는"}],"type":"pronunciation"},{"start_time":"206.87","end_time":"207.58","alternatives":[{"confidence":"0.9935499999999999","content":"고객님이"}],"type":"pronunciation"},{"start_time":"207.58","end_time":"207.69","alternatives":[{"confidence":"0.9923","content":"그"}],"type":"pronunciation"},{"start_time":"207.69","end_time":"207.88","alternatives":[{"confidence":"1.0","content":"돈이"}],"type":"pronunciation"},{"start_time":"207.88","end_time":"208.6","alternatives":[{"confidence":"1.0","content":"있으면"}],"type":"pronunciation"},{"start_time":"208.6","end_time":"208.94","alternatives":[{"confidence":"0.912","content":"이미"}],"type":"pronunciation"},{"start_time":"208.94","end_time":"209.85","alternatives":[{"confidence":"0.67626","content":"임플란트하셨지"}],"type":"pronunciation"},{"start_time":"209.85","end_time":"210.27","alternatives":[{"confidence":"0.8689","content":"뭐"}],"type":"pronunciation"},{"start_time":"210.42","end_time":"210.73","alternatives":[{"confidence":"0.998","content":"그러면"}],"type":"pronunciation"},{"start_time":"210.73","end_time":"211.53","alternatives":[{"confidence":"1.0","content":"고객님"}],"type":"pronunciation"},{"alternatives":[{"confidence":"0.0","content":"."}],"type":"punctuation"},{"start_time":"215.45","end_time":"215.8","alternatives":[{"confidence":"0.1585","content":"예"}],"type":"pronunciation"},{"alternatives":[{"confidence":"0.0","content":"."}],"type":"punctuation"},{"start_time":"215.8","end_time":"216.32","alternatives":[{"confidence":"0.95295","content":"공정이"}],"type":"pronunciation"},{"start_time":"216.32","end_time":"216.65","alternatives":[{"confidence":"0.9732","content":"만약에"}],"type":"pronunciation"},{"start_time":"216.65","end_time":"216.93","alternatives":[{"confidence":"0.24705","content":"고기는"}],"type":"pronunciation"},{"start_time":"216.93","end_time":"217.16","alternatives":[{"confidence":"1.0","content":"돈이"}],"type":"pronunciation"},{"start_time":"217.16","end_time":"217.44","alternatives":[{"confidence":"0.9478","content":"없어서"}],"type":"pronunciation"},{"start_time":"217.44","end_time":"217.83","alternatives":[{"confidence":"0.96445","content":"공정이"}],"type":"pronunciation"},{"start_time":"217.83","end_time":"217.97","alternatives":[{"confidence":"0.8739","content":"안"}],"type":"pronunciation"},{"start_time":"217.97","end_time":"218.3","alternatives":[{"confidence":"0.9353","content":"되시면"}],"type":"pronunciation"},{"start_time":"218.3","end_time":"218.47","alternatives":[{"confidence":"0.068","content":"텅"}],"type":"pronunciation"},{"start_time":"218.47","end_time":"218.96","alternatives":[{"confidence":"0.55315","content":"점높이는"}],"type":"pronunciation"},{"start_time":"218.96","end_time":"219.3","alternatives":[{"confidence":"0.7744","content":"방법"}],"type":"pronunciation"},{"start_time":"219.3","end_time":"219.57","alternatives":[{"confidence":"1.0","content":"밖에"}],"type":"pronunciation"},{"start_time":"219.57","end_time":"220.47","alternatives":[{"confidence":"0.99615","content":"없으신데"}],"type":"pronunciation"},{"alternatives":[{"confidence":"0.0","content":"."}],"type":"punctuation"},{"start_time":"221.14","end_time":"221.46","alternatives":[{"confidence":"0.5298","content":"공정"}],"type":"pronunciation"},{"start_time":"221.49","end_time":"222.04","alternatives":[{"confidence":"0.7997000000000001","content":"공정을"}],"type":"pronunciation"},{"start_time":"222.04","end_time":"222.9","alternatives":[{"confidence":"1.0","content":"고객님솔직히"}],"type":"pronunciation"},{"start_time":"223.47","end_time":"224.6","alternatives":[{"confidence":"0.6451","content":"보니"}],"type":"pronunciation"},{"start_time":"224.6","end_time":"224.88","alternatives":[{"confidence":"0.939","content":"없어서"}],"type":"pronunciation"},{"start_time":"224.88","end_time":"225.22","alternatives":[{"confidence":"0.83955","content":"공정은"}],"type":"pronunciation"},{"start_time":"225.22","end_time":"225.37","alternatives":[{"confidence":"0.9996","content":"좀"}],"type":"pronunciation"},{"start_time":"225.37","end_time":"226.03","alternatives":[{"confidence":"0.8279333333333333","content":"힘드시다"}],"type":"pronunciation"},{"alternatives":[{"confidence":"0.0","content":"."}],"type":"punctuation"},{"start_time":"226.03","end_time":"226.16","alternatives":[{"confidence":"0.9277","content":"그"}],"type":"pronunciation"},{"start_time":"226.16","end_time":"226.51","alternatives":[{"confidence":"0.5503","content":"말씀이"}],"type":"pronunciation"},{"start_time":"226.51","end_time":"227.37","alternatives":[{"confidence":"0.4808","content":"잖아요"}],"type":"pronunciation"},{"alternatives":[{"confidence":"0.0","content":"."}],"type":"punctuation"},{"start_time":"229.25","end_time":"230.04","alternatives":[{"confidence":"1.0","content":"그렇죠"}],"type":"pronunciation"},{"alternatives":[{"confidence":"0.0","content":"."}],"type":"punctuation"},{"start_time":"230.07","end_time":"230.74","alternatives":[{"confidence":"0.5035","content":"그런데"}],"type":"pronunciation"},{"start_time":"230.83","end_time":"231.45","alternatives":[{"confidence":"0.83855","content":"공정비용은"}],"type":"pronunciation"},{"start_time":"231.45","end_time":"231.55","alternatives":[{"confidence":"0.994","content":"또"}],"type":"pronunciation"},{"start_time":"231.55","end_time":"231.77","alternatives":[{"confidence":"1.0","content":"뭐가"}],"type":"pronunciation"},{"start_time":"231.77","end_time":"232.44","alternatives":[{"confidence":"0.9809","content":"있냐면"}],"type":"pronunciation"},{"start_time":"233.6","end_time":"234.49","alternatives":[{"confidence":"0.9892","content":"공증을"}],"type":"pronunciation"},{"start_time":"234.49","end_time":"234.89","alternatives":[{"confidence":"1.0","content":"예전에는"}],"type":"pronunciation"},{"start_time":"234.89","end_time":"235.13","alternatives":[{"confidence":"1.0","content":"저희가"}],"type":"pronunciation"},{"start_time":"235.13","end_time":"235.61","alternatives":[{"confidence":"0.8707","content":"내줬어요"}],"type":"pronunciation"},{"start_time":"235.61","end_time":"236.49","alternatives":[{"confidence":"0.8178000000000001","content":"공중비용을"}],"type":"pronunciation"},{"alternatives":[{"confidence":"0.0","content":"."}],"type":"punctuation"},{"start_time":"237.62","end_time":"238.37","alternatives":[{"confidence":"1.0","content":"그런데"}],"type":"pronunciation"},{"start_time":"238.55","end_time":"239.53","alternatives":[{"confidence":"0.9948","content":"고객님들이"}],"type":"pronunciation"},{"start_time":"239.71","end_time":"240.3","alternatives":[{"confidence":"0.47325000000000006","content":"공중비용을"}],"type":"pronunciation"},{"start_time":"240.3","end_time":"240.55","alternatives":[{"confidence":"1.0","content":"저희가"}],"type":"pronunciation"},{"start_time":"240.55","end_time":"240.85","alternatives":[{"confidence":"0.4814","content":"냈고"}],"type":"pronunciation"},{"start_time":"240.85","end_time":"241.8","alternatives":[{"confidence":"0.7931333333333334","content":"공정성발권을"}],"type":"pronunciation"},{"start_time":"241.8","end_time":"242.12","alternatives":[{"confidence":"0.999","content":"받은"}],"type":"pronunciation"},{"start_time":"242.12","end_time":"242.78","alternatives":[{"confidence":"0.9429","content":"다음에"}],"type":"pronunciation"},{"start_time":"243.18","end_time":"243.24","alternatives":[{"confidence":"0.9127","content":"을"}],"type":"pronunciation"},{"start_time":"243.24","end_time":"243.72","alternatives":[{"confidence":"1.0","content":"하다가"}],"type":"pronunciation"},{"start_time":"244.0","end_time":"244.85","alternatives":[{"confidence":"0.6841333333333334","content":"공정성발건을"}],"type":"pronunciation"},{"start_time":"244.85","end_time":"245.03","alternatives":[{"confidence":"0.9999","content":"저희가"}],"type":"pronunciation"},{"start_time":"245.03","end_time":"245.46","alternatives":[{"confidence":"1.0","content":"받았어요"}],"type":"pronunciation"},{"alternatives":[{"confidence":"0.0","content":"."}],"type":"punctuation"},{"start_time":"245.46","end_time":"245.68","alternatives":[{"confidence":"0.9986","content":"근데"}],"type":"pronunciation"},{"start_time":"245.68","end_time":"246.02","alternatives":[{"confidence":"0.9819","content":"대출을"}],"type":"pronunciation"},{"start_time":"246.02","end_time":"246.32","alternatives":[{"confidence":"0.9522","content":"진행을"}],"type":"pronunciation"},{"start_time":"246.32","end_time":"246.51","alternatives":[{"confidence":"0.6007","content":"안"}],"type":"pronunciation"},{"start_time":"246.51","end_time":"246.95","alternatives":[{"confidence":"0.9822","content":"하겠다는"}],"type":"pronunciation"},{"start_time":"246.95","end_time":"247.36","alternatives":[{"confidence":"0.6332333333333334","content":"고갱이"}],"type":"pronunciation"},{"start_time":"247.36","end_time":"248.27","alternatives":[{"confidence":"1.0","content":"있었어요"}],"type":"pronunciation"},{"alternatives":[{"confidence":"0.0","content":"."}],"type":"punctuation"},{"start_time":"248.54","end_time":"248.76","alternatives":[{"confidence":"1.0","content":"저희가"}],"type":"pronunciation"},{"start_time":"248.76","end_time":"249.34","alternatives":[{"confidence":"0.7383","content":"공중비용을"}],"type":"pronunciation"},{"start_time":"249.34","end_time":"249.87","alternatives":[{"confidence":"0.9382999999999999","content":"날려버린"}],"type":"pronunciation"},{"start_time":"249.87","end_time":"250.64","alternatives":[{"confidence":"1.0","content":"거예요"}],"type":"pronunciation"},{"alternatives":[{"confidence":"0.0","content":"."}],"type":"punctuation"},{"start_time":"250.76","end_time":"251.39","alternatives":[{"confidence":"0.78945","content":"공중비용을"}],"type":"pronunciation"},{"start_time":"251.42","end_time":"251.59","alternatives":[{"confidence":"0.9263","content":"왜"}],"type":"pronunciation"},{"start_time":"251.59","end_time":"252.5","alternatives":[{"confidence":"0.7200666666666667","content":"내주냐면"}],"type":"pronunciation"},{"start_time":"252.56","end_time":"252.75","alternatives":[{"confidence":"0.8676","content":"이"}],"type":"pronunciation"},{"start_time":"252.75","end_time":"253.31","alternatives":[{"confidence":"0.999","content":"고객님들이"}],"type":"pronunciation"},{"start_time":"253.31","end_time":"253.94","alternatives":[{"confidence":"0.8029999999999999","content":"대출받아서"}],"type":"pronunciation"},{"start_time":"253.94","end_time":"254.35","alternatives":[{"confidence":"0.92805","content":"일년"}],"type":"pronunciation"},{"start_time":"254.35","end_time":"254.69","alternatives":[{"confidence":"0.9024","content":"이년"}],"type":"pronunciation"},{"start_time":"254.7","end_time":"255.03","alternatives":[{"confidence":"0.6839","content":"삼년"}],"type":"pronunciation"},{"start_time":"255.03","end_time":"255.37","alternatives":[{"confidence":"0.6493","content":"사년"}],"type":"pronunciation"},{"start_time":"255.37","end_time":"255.7","alternatives":[{"confidence":"0.9878","content":"저희한테"}],"type":"pronunciation"},{"start_time":"255.7","end_time":"256.06","alternatives":[{"confidence":"0.862","content":"이자를"}],"type":"pronunciation"},{"start_time":"256.06","end_time":"257.04","alternatives":[{"confidence":"0.9935","content":"내잖아요"}],"type":"pronunciation"},{"start_time":"257.52","end_time":"257.75","alternatives":[{"confidence":"0.9632","content":"되게"}],"type":"pronunciation"},{"start_time":"257.75","end_time":"258.1","alternatives":[{"confidence":"0.9978","content":"소득이"}],"type":"pronunciation"},{"start_time":"258.1","end_time":"258.26","alternatives":[{"confidence":"0.9588","content":"있기"}],"type":"pronunciation"},{"start_time":"258.26","end_time":"258.49","alternatives":[{"confidence":"0.9982","content":"때문에"}],"type":"pronunciation"},{"start_time":"258.49","end_time":"259.07","alternatives":[{"confidence":"0.8584499999999999","content":"공중비용을"}],"type":"pronunciation"},{"start_time":"259.07","end_time":"260.22","alternatives":[{"confidence":"0.774925","content":"대진납부를"}],"type":"pronunciation"},{"start_time":"260.22","end_time":"261.13","alternatives":[{"confidence":"0.9764333333333334","content":"해드렸는데"}],"type":"pronunciation"},{"start_time":"261.26","end_time":"261.45","alternatives":[{"confidence":"0.8427","content":"이거"}],"type":"pronunciation"},{"start_time":"261.45","end_time":"262.68","alternatives":[{"confidence":"0.8954","content":"공정발권을"}],"type":"pronunciation"},{"start_time":"262.68","end_time":"263.06","alternatives":[{"confidence":"0.9728","content":"받고"}],"type":"pronunciation"},{"start_time":"263.06","end_time":"263.7","alternatives":[{"confidence":"0.9979","content":"대출을"}],"type":"pronunciation"},{"start_time":"263.81","end_time":"264.0","alternatives":[{"confidence":"0.4798","content":"안"}],"type":"pronunciation"},{"start_time":"264.0","end_time":"264.15","alternatives":[{"confidence":"0.6898","content":"한"}],"type":"pronunciation"},{"start_time":"264.15","end_time":"264.26","alternatives":[{"confidence":"0.9593","content":"바"}],"type":"pronunciation"},{"start_time":"264.26","end_time":"264.69","alternatives":[{"confidence":"0.90465","content":"해버리면"}],"type":"pronunciation"},{"start_time":"264.69","end_time":"265.04","alternatives":[{"confidence":"1.0","content":"저희는"}],"type":"pronunciation"},{"start_time":"265.16","end_time":"265.28","alternatives":[{"confidence":"0.8239","content":"이"}],"type":"pronunciation"},{"start_time":"265.28","end_time":"265.69","alternatives":[{"confidence":"0.62225","content":"공중비"}],"type":"pronunciation"},{"start_time":"265.69","end_time":"266.01","alternatives":[{"confidence":"0.977","content":"같은"}],"type":"pronunciation"},{"start_time":"266.01","end_time":"266.16","alternatives":[{"confidence":"0.7794","content":"더"}],"type":"pronunciation"},{"start_time":"266.16","end_time":"266.46","alternatives":[{"confidence":"0.7832","content":"갖고"}],"type":"pronunciation"},{"start_time":"266.46","end_time":"266.85","alternatives":[{"confidence":"0.9333","content":"손실로"}],"type":"pronunciation"},{"start_time":"266.85","end_time":"267.15","alternatives":[{"confidence":"0.9979","content":"잡힌"}],"type":"pronunciation"},{"start_time":"267.15","end_time":"267.91","alternatives":[{"confidence":"0.9997","content":"거예요"}],"type":"pronunciation"},{"alternatives":[{"confidence":"0.0","content":"."}],"type":"punctuation"},{"start_time":"268.05","end_time":"268.32","alternatives":[{"confidence":"1.0","content":"그래서"}],"type":"pronunciation"},{"start_time":"268.32","end_time":"268.51","alternatives":[{"confidence":"0.9998","content":"저희가"}],"type":"pronunciation"},{"start_time":"268.51","end_time":"268.86","alternatives":[{"confidence":"0.7544","content":"바뀐"}],"type":"pronunciation"},{"start_time":"268.86","end_time":"269.04","alternatives":[{"confidence":"0.6415","content":"거예요"}],"type":"pronunciation"},{"alternatives":[{"confidence":"0.0","content":"."}],"type":"punctuation"},{"start_time":"269.04","end_time":"269.75","alternatives":[{"confidence":"1.0","content":"정책이"}],"type":"pronunciation"},{"start_time":"269.75","end_time":"270.5","alternatives":[{"confidence":"0.6718","content":"공중비용을"}],"type":"pronunciation"},{"start_time":"270.75","end_time":"271.38","alternatives":[{"confidence":"0.8215","content":"자부담으로"}],"type":"pronunciation"},{"start_time":"271.38","end_time":"272.03","alternatives":[{"confidence":"0.9998","content":"바뀌었어요"}],"type":"pronunciation"},{"alternatives":[{"confidence":"0.0","content":"."}],"type":"punctuation"},{"start_time":"272.03","end_time":"272.24","alternatives":[{"confidence":"0.5392","content":"근데"}],"type":"pronunciation"},{"start_time":"272.24","end_time":"272.34","alternatives":[{"confidence":"0.9951","content":"이게"}],"type":"pronunciation"},{"start_time":"272.34","end_time":"272.57","alternatives":[{"confidence":"0.9955","content":"뭐가"}],"type":"pronunciation"},{"start_time":"272.57","end_time":"273.29","alternatives":[{"confidence":"0.9988","content":"줬냐면"}],"type":"pronunciation"},{"start_time":"273.67","end_time":"274.24","alternatives":[{"confidence":"0.9903","content":"고객님이"}],"type":"pronunciation"},{"start_time":"274.24","end_time":"274.65","alternatives":[{"confidence":"0.9993","content":"대출을"}],"type":"pronunciation"},{"start_time":"274.65","end_time":"274.97","alternatives":[{"confidence":"0.8799","content":"받고"}],"type":"pronunciation"},{"start_time":"274.97","end_time":"275.71","alternatives":[{"confidence":"0.9223","content":"나서"}],"type":"pronunciation"}]},"status":"COMPLETED"}