{"jobName":"transcribe_loan116","accountId":"097989105209","results":{"transcripts":[{"transcript":"안녕하세요. 안녕하세요. 안녕하세요? 침해저축은 의 법인콜센터 상담원오윤정입니다 고기니? 예. 보기에는 저희가 타사 쪽에서 여러 군데높은 금리대로 이용하시는 자금이 있으시면요. 저희가 이번에 낮은 금리대로 부채통합이나 추가적인 자금을 지원해 드리고 있으세요? 예. 이 상품은 연 채권 만없으신. 그러면 기존의 기대출이 많으시거나 등급이 낮은 셔도 가능 하신데요. 그러니까 하는 건가요? 네네 저희 저축은행에서 자금 나가시는 거고요. 혹시 높은 금리로 이용 되시는 자금은 있으세요? 고객님저는 오윤정이라고 합니다. 고객님저희가 이제 상담 접수가 되시면 고객님상담한 성함이나 전화번호 문자 발송을 해드리고 있어요. 그래서 요즘 개인정보 유출권이라든지 중개업체라든지 문제가 많으시잖아요. 저희가 고객님의 신상을 알고 연락드리는 건 아니시고요. 이번에 이제 홍보기관 이셔서 한두 금리 상담 받아보시라고 컴퓨터상의 숫자 조합을 해서 연락을 드린거에요. 고객님 저희가 알고 연락드릴 수 없으시거든요. 항상 전화에서 그렇게 얘기하니까요 그러세요. 저희는 고객님이시고요 저희 저축은행이시고요 고객님께서 확인해 보시라고. 저희가 문제니까 말씀을 드리는 거기 때문에 충분히 확인하신. 다음에 성장이라는 통해 가지고 관련해 가지고 이런 전화가 오지 않도록 해놨거든요. 거기서 공지사항을 이렇게 확인을 하니까 이런 식으로 전화를 주시면 그게 고객님그런. 신청은 저희가 이제 저희 저축은행지점에서 도망을 해드리는 거기 때문에 고객님께서 따로 설정을 하신다. 그래서 연락이 안 들어가시는 게 아니에요. 제가 이거 지금 니까요 를 하게 되면 어떻게 이뤄지는지 알 것 같은데요. 예, 알겠습니다."}],"items":[{"start_time":"0.42","end_time":"1.53","alternatives":[{"confidence":"1.0","content":"안녕하세요"}],"type":"pronunciation"},{"alternatives":[{"confidence":"0.0","content":"."}],"type":"punctuation"},{"start_time":"2.81","end_time":"3.61","alternatives":[{"confidence":"1.0","content":"안녕하세요"}],"type":"pronunciation"},{"alternatives":[{"confidence":"0.0","content":"."}],"type":"punctuation"},{"start_time":"3.91","end_time":"4.93","alternatives":[{"confidence":"1.0","content":"안녕하세요"}],"type":"pronunciation"},{"alternatives":[{"confidence":"0.0","content":"?"}],"type":"punctuation"},{"start_time":"5.26","end_time":"6.0","alternatives":[{"confidence":"0.8385333333333334","content":"침해저축은"}],"type":"pronunciation"},{"start_time":"6.0","end_time":"6.36","alternatives":[{"confidence":"0.6004","content":"의"}],"type":"pronunciation"},{"start_time":"6.36","end_time":"7.16","alternatives":[{"confidence":"0.8905666666666666","content":"법인콜센터"}],"type":"pronunciation"},{"start_time":"7.16","end_time":"8.78","alternatives":[{"confidence":"0.8909","content":"상담원오윤정입니다"}],"type":"pronunciation"},{"start_time":"8.78","end_time":"9.4","alternatives":[{"confidence":"0.16955","content":"고기니"}],"type":"pronunciation"},{"alternatives":[{"confidence":"0.0","content":"?"}],"type":"punctuation"},{"start_time":"10.24","end_time":"10.81","alternatives":[{"confidence":"0.0753","content":"예"}],"type":"pronunciation"},{"alternatives":[{"confidence":"0.0","content":"."}],"type":"punctuation"},{"start_time":"11.26","end_time":"11.58","alternatives":[{"confidence":"0.7019","content":"보기에는"}],"type":"pronunciation"},{"start_time":"11.58","end_time":"12.11","alternatives":[{"confidence":"1.0","content":"저희가"}],"type":"pronunciation"},{"start_time":"12.11","end_time":"12.39","alternatives":[{"confidence":"0.35209999999999997","content":"타사"}],"type":"pronunciation"},{"start_time":"12.39","end_time":"13.27","alternatives":[{"confidence":"0.9994","content":"쪽에서"}],"type":"pronunciation"},{"start_time":"13.45","end_time":"13.61","alternatives":[{"confidence":"0.7423","content":"여러"}],"type":"pronunciation"},{"start_time":"13.61","end_time":"14.17","alternatives":[{"confidence":"0.7295","content":"군데높은"}],"type":"pronunciation"},{"start_time":"14.17","end_time":"15.03","alternatives":[{"confidence":"0.9449","content":"금리대로"}],"type":"pronunciation"},{"start_time":"15.03","end_time":"15.69","alternatives":[{"confidence":"0.9674","content":"이용하시는"}],"type":"pronunciation"},{"start_time":"15.69","end_time":"16.09","alternatives":[{"confidence":"0.9052","content":"자금이"}],"type":"pronunciation"},{"start_time":"16.09","end_time":"17.05","alternatives":[{"confidence":"1.0","content":"있으시면요"}],"type":"pronunciation"},{"alternatives":[{"confidence":"0.0","content":"."}],"type":"punctuation"},{"start_time":"17.41","end_time":"17.7","alternatives":[{"confidence":"1.0","content":"저희가"}],"type":"pronunciation"},{"start_time":"17.7","end_time":"18.31","alternatives":[{"confidence":"1.0","content":"이번에"}],"type":"pronunciation"},{"start_time":"18.31","end_time":"18.69","alternatives":[{"confidence":"1.0","content":"낮은"}],"type":"pronunciation"},{"start_time":"18.69","end_time":"19.48","alternatives":[{"confidence":"0.9618","content":"금리대로"}],"type":"pronunciation"},{"start_time":"19.51","end_time":"20.54","alternatives":[{"confidence":"0.7195999999999999","content":"부채통합이나"}],"type":"pronunciation"},{"start_time":"20.54","end_time":"21.05","alternatives":[{"confidence":"1.0","content":"추가적인"}],"type":"pronunciation"},{"start_time":"21.05","end_time":"21.47","alternatives":[{"confidence":"0.9985","content":"자금을"}],"type":"pronunciation"},{"start_time":"21.47","end_time":"21.84","alternatives":[{"confidence":"0.8769","content":"지원해"}],"type":"pronunciation"},{"start_time":"21.84","end_time":"22.07","alternatives":[{"confidence":"0.9797","content":"드리고"}],"type":"pronunciation"},{"start_time":"22.07","end_time":"23.25","alternatives":[{"confidence":"1.0","content":"있으세요"}],"type":"pronunciation"},{"alternatives":[{"confidence":"0.0","content":"?"}],"type":"punctuation"},{"start_time":"23.59","end_time":"24.07","alternatives":[{"confidence":"0.0298","content":"예"}],"type":"pronunciation"},{"alternatives":[{"confidence":"0.0","content":"."}],"type":"punctuation"},{"start_time":"24.5","end_time":"24.62","alternatives":[{"confidence":"0.9619","content":"이"}],"type":"pronunciation"},{"start_time":"24.62","end_time":"25.21","alternatives":[{"confidence":"0.9992","content":"상품은"}],"type":"pronunciation"},{"start_time":"25.3","end_time":"25.5","alternatives":[{"confidence":"0.4945","content":"연"}],"type":"pronunciation"},{"start_time":"25.5","end_time":"25.84","alternatives":[{"confidence":"0.5912","content":"채권"}],"type":"pronunciation"},{"start_time":"25.84","end_time":"26.38","alternatives":[{"confidence":"0.6815","content":"만없으신"}],"type":"pronunciation"},{"alternatives":[{"confidence":"0.0","content":"."}],"type":"punctuation"},{"start_time":"26.405","end_time":"26.915","alternatives":[{"confidence":"0.8238","content":"그러면"}],"type":"pronunciation"},{"start_time":"27.135","end_time":"27.525","alternatives":[{"confidence":"0.1911","content":"기존의"}],"type":"pronunciation"},{"start_time":"27.525","end_time":"28.035","alternatives":[{"confidence":"0.1524","content":"기대출이"}],"type":"pronunciation"},{"start_time":"28.035","end_time":"28.855","alternatives":[{"confidence":"0.9917666666666666","content":"많으시거나"}],"type":"pronunciation"},{"start_time":"28.885","end_time":"29.325","alternatives":[{"confidence":"0.9997","content":"등급이"}],"type":"pronunciation"},{"start_time":"29.325","end_time":"29.615","alternatives":[{"confidence":"0.9557","content":"낮은"}],"type":"pronunciation"},{"start_time":"29.615","end_time":"29.865","alternatives":[{"confidence":"0.734","content":"셔도"}],"type":"pronunciation"},{"start_time":"29.865","end_time":"30.165","alternatives":[{"confidence":"0.9551","content":"가능"}],"type":"pronunciation"},{"start_time":"30.165","end_time":"31.065","alternatives":[{"confidence":"0.9904999999999999","content":"하신데요"}],"type":"pronunciation"},{"alternatives":[{"confidence":"0.0","content":"."}],"type":"punctuation"},{"start_time":"31.405","end_time":"31.855","alternatives":[{"confidence":"0.9673","content":"그러니까"}],"type":"pronunciation"},{"start_time":"33.415","end_time":"33.595","alternatives":[{"confidence":"0.4596","content":"하는"}],"type":"pronunciation"},{"start_time":"33.595","end_time":"33.875","alternatives":[{"confidence":"0.6508","content":"건가요"}],"type":"pronunciation"},{"alternatives":[{"confidence":"0.0","content":"?"}],"type":"punctuation"},{"start_time":"34.325","end_time":"34.805","alternatives":[{"confidence":"0.4678","content":"네네"}],"type":"pronunciation"},{"start_time":"34.835","end_time":"35.075","alternatives":[{"confidence":"0.4638","content":"저희"}],"type":"pronunciation"},{"start_time":"35.665","end_time":"36.365","alternatives":[{"confidence":"0.99655","content":"저축은행에서"}],"type":"pronunciation"},{"start_time":"36.365","end_time":"36.635","alternatives":[{"confidence":"0.5264","content":"자금"}],"type":"pronunciation"},{"start_time":"36.635","end_time":"37.055","alternatives":[{"confidence":"0.9240999999999999","content":"나가시는"}],"type":"pronunciation"},{"start_time":"37.055","end_time":"37.685","alternatives":[{"confidence":"0.92145","content":"거고요"}],"type":"pronunciation"},{"alternatives":[{"confidence":"0.0","content":"."}],"type":"punctuation"},{"start_time":"37.775","end_time":"38.395","alternatives":[{"confidence":"1.0","content":"혹시"}],"type":"pronunciation"},{"start_time":"38.485","end_time":"38.795","alternatives":[{"confidence":"0.9985","content":"높은"}],"type":"pronunciation"},{"start_time":"38.795","end_time":"39.135","alternatives":[{"confidence":"0.9996","content":"금리로"}],"type":"pronunciation"},{"start_time":"39.135","end_time":"39.375","alternatives":[{"confidence":"0.4374","content":"이용"}],"type":"pronunciation"},{"start_time":"39.375","end_time":"39.705","alternatives":[{"confidence":"0.7785","content":"되시는"}],"type":"pronunciation"},{"start_time":"39.705","end_time":"40.125","alternatives":[{"confidence":"0.83555","content":"자금은"}],"type":"pronunciation"},{"start_time":"40.125","end_time":"40.615","alternatives":[{"confidence":"0.9962","content":"있으세요"}],"type":"pronunciation"},{"alternatives":[{"confidence":"0.0","content":"?"}],"type":"punctuation"},{"start_time":"45.96","end_time":"46.77","alternatives":[{"confidence":"0.6753","content":"고객님저는"}],"type":"pronunciation"},{"start_time":"46.77","end_time":"47.88","alternatives":[{"confidence":"0.7737","content":"오윤정이라고"}],"type":"pronunciation"},{"start_time":"47.88","end_time":"48.15","alternatives":[{"confidence":"0.9997","content":"합니다"}],"type":"pronunciation"},{"alternatives":[{"confidence":"0.0","content":"."}],"type":"punctuation"},{"start_time":"48.15","end_time":"49.2","alternatives":[{"confidence":"0.9982","content":"고객님저희가"}],"type":"pronunciation"},{"start_time":"49.2","end_time":"49.34","alternatives":[{"confidence":"0.9811","content":"이제"}],"type":"pronunciation"},{"start_time":"49.53","end_time":"49.88","alternatives":[{"confidence":"0.7759","content":"상담"}],"type":"pronunciation"},{"start_time":"49.88","end_time":"50.16","alternatives":[{"confidence":"0.97715","content":"접수가"}],"type":"pronunciation"},{"start_time":"50.16","end_time":"50.83","alternatives":[{"confidence":"0.9991","content":"되시면"}],"type":"pronunciation"},{"start_time":"50.86","end_time":"51.64","alternatives":[{"confidence":"0.7548666666666667","content":"고객님상담한"}],"type":"pronunciation"},{"start_time":"51.64","end_time":"52.09","alternatives":[{"confidence":"0.9633666666666666","content":"성함이나"}],"type":"pronunciation"},{"start_time":"52.09","end_time":"52.56","alternatives":[{"confidence":"0.6987","content":"전화번호"}],"type":"pronunciation"},{"start_time":"52.56","end_time":"52.85","alternatives":[{"confidence":"0.9436","content":"문자"}],"type":"pronunciation"},{"start_time":"52.85","end_time":"53.28","alternatives":[{"confidence":"0.99925","content":"발송을"}],"type":"pronunciation"},{"start_time":"53.28","end_time":"53.63","alternatives":[{"confidence":"0.7880499999999999","content":"해드리고"}],"type":"pronunciation"},{"start_time":"53.63","end_time":"54.51","alternatives":[{"confidence":"1.0","content":"있어요"}],"type":"pronunciation"},{"alternatives":[{"confidence":"0.0","content":"."}],"type":"punctuation"},{"start_time":"54.63","end_time":"55.01","alternatives":[{"confidence":"1.0","content":"그래서"}],"type":"pronunciation"},{"start_time":"55.2","end_time":"55.47","alternatives":[{"confidence":"0.7455","content":"요즘"}],"type":"pronunciation"},{"start_time":"55.59","end_time":"56.17","alternatives":[{"confidence":"0.8041","content":"개인정보"}],"type":"pronunciation"},{"start_time":"56.17","end_time":"57.51","alternatives":[{"confidence":"0.8211333333333334","content":"유출권이라든지"}],"type":"pronunciation"},{"start_time":"57.61","end_time":"58.49","alternatives":[{"confidence":"0.6145","content":"중개업체라든지"}],"type":"pronunciation"},{"start_time":"58.49","end_time":"58.87","alternatives":[{"confidence":"1.0","content":"문제가"}],"type":"pronunciation"},{"start_time":"58.87","end_time":"59.91","alternatives":[{"confidence":"1.0","content":"많으시잖아요"}],"type":"pronunciation"},{"alternatives":[{"confidence":"0.0","content":"."}],"type":"punctuation"},{"start_time":"62.05","end_time":"62.56","alternatives":[{"confidence":"1.0","content":"저희가"}],"type":"pronunciation"},{"start_time":"62.56","end_time":"62.98","alternatives":[{"confidence":"0.97195","content":"고객님의"}],"type":"pronunciation"},{"start_time":"62.98","end_time":"63.4","alternatives":[{"confidence":"0.9995499999999999","content":"신상을"}],"type":"pronunciation"},{"start_time":"63.4","end_time":"63.63","alternatives":[{"confidence":"0.9054","content":"알고"}],"type":"pronunciation"},{"start_time":"63.63","end_time":"64.12","alternatives":[{"confidence":"0.68165","content":"연락드리는"}],"type":"pronunciation"},{"start_time":"64.12","end_time":"64.24","alternatives":[{"confidence":"0.5252","content":"건"}],"type":"pronunciation"},{"start_time":"64.24","end_time":"64.98","alternatives":[{"confidence":"0.9960999999999999","content":"아니시고요"}],"type":"pronunciation"},{"alternatives":[{"confidence":"0.0","content":"."}],"type":"punctuation"},{"start_time":"65.26","end_time":"65.83","alternatives":[{"confidence":"1.0","content":"이번에"}],"type":"pronunciation"},{"start_time":"65.86","end_time":"65.96","alternatives":[{"confidence":"0.8925","content":"이제"}],"type":"pronunciation"},{"start_time":"65.96","end_time":"66.5","alternatives":[{"confidence":"0.61065","content":"홍보기관"}],"type":"pronunciation"},{"start_time":"66.5","end_time":"66.79","alternatives":[{"confidence":"0.75055","content":"이셔서"}],"type":"pronunciation"},{"start_time":"66.79","end_time":"67.02","alternatives":[{"confidence":"0.582","content":"한두"}],"type":"pronunciation"},{"start_time":"67.02","end_time":"67.23","alternatives":[{"confidence":"0.5426","content":"금리"}],"type":"pronunciation"},{"start_time":"67.23","end_time":"67.54","alternatives":[{"confidence":"0.8119","content":"상담"}],"type":"pronunciation"},{"start_time":"67.54","end_time":"68.22","alternatives":[{"confidence":"0.8512","content":"받아보시라고"}],"type":"pronunciation"},{"start_time":"68.22","end_time":"68.94","alternatives":[{"confidence":"0.99675","content":"컴퓨터상의"}],"type":"pronunciation"},{"start_time":"68.94","end_time":"69.22","alternatives":[{"confidence":"0.9983","content":"숫자"}],"type":"pronunciation"},{"start_time":"69.22","end_time":"69.63","alternatives":[{"confidence":"0.9909","content":"조합을"}],"type":"pronunciation"},{"start_time":"69.63","end_time":"69.81","alternatives":[{"confidence":"0.9979","content":"해서"}],"type":"pronunciation"},{"start_time":"69.81","end_time":"70.11","alternatives":[{"confidence":"1.0","content":"연락을"}],"type":"pronunciation"},{"start_time":"70.11","end_time":"70.58","alternatives":[{"confidence":"0.75215","content":"드린거에요"}],"type":"pronunciation"},{"alternatives":[{"confidence":"0.0","content":"."}],"type":"punctuation"},{"start_time":"70.58","end_time":"71.33","alternatives":[{"confidence":"0.9998","content":"고객님"}],"type":"pronunciation"},{"start_time":"71.7","end_time":"71.94","alternatives":[{"confidence":"1.0","content":"저희가"}],"type":"pronunciation"},{"start_time":"71.94","end_time":"72.23","alternatives":[{"confidence":"0.9429","content":"알고"}],"type":"pronunciation"},{"start_time":"72.23","end_time":"72.66","alternatives":[{"confidence":"0.8824000000000001","content":"연락드릴"}],"type":"pronunciation"},{"start_time":"72.66","end_time":"72.77","alternatives":[{"confidence":"0.6425","content":"수"}],"type":"pronunciation"},{"start_time":"72.8","end_time":"73.97","alternatives":[{"confidence":"0.9923500000000001","content":"없으시거든요"}],"type":"pronunciation"},{"alternatives":[{"confidence":"0.0","content":"."}],"type":"punctuation"},{"start_time":"74.51","end_time":"74.78","alternatives":[{"confidence":"0.9958","content":"항상"}],"type":"pronunciation"},{"start_time":"74.78","end_time":"75.25","alternatives":[{"confidence":"0.6651","content":"전화에서"}],"type":"pronunciation"},{"start_time":"75.25","end_time":"75.47","alternatives":[{"confidence":"0.9999","content":"그렇게"}],"type":"pronunciation"},{"start_time":"75.47","end_time":"76.02","alternatives":[{"confidence":"0.7437","content":"얘기하니까요"}],"type":"pronunciation"},{"start_time":"76.74","end_time":"77.23","alternatives":[{"confidence":"0.7429","content":"그러세요"}],"type":"pronunciation"},{"alternatives":[{"confidence":"0.0","content":"."}],"type":"punctuation"},{"start_time":"77.41","end_time":"77.74","alternatives":[{"confidence":"0.9728","content":"저희는"}],"type":"pronunciation"},{"start_time":"77.74","end_time":"79.46","alternatives":[{"confidence":"0.32570000000000005","content":"고객님이시고요"}],"type":"pronunciation"},{"start_time":"79.52","end_time":"79.74","alternatives":[{"confidence":"0.6173","content":"저희"}],"type":"pronunciation"},{"start_time":"80.36","end_time":"81.54","alternatives":[{"confidence":"0.9786","content":"저축은행이시고요"}],"type":"pronunciation"},{"start_time":"82.02","end_time":"82.51","alternatives":[{"confidence":"0.5644500000000001","content":"고객님께서"}],"type":"pronunciation"},{"start_time":"82.51","end_time":"82.82","alternatives":[{"confidence":"0.7885","content":"확인해"}],"type":"pronunciation"},{"start_time":"82.82","end_time":"83.23","alternatives":[{"confidence":"0.8855500000000001","content":"보시라고"}],"type":"pronunciation"},{"alternatives":[{"confidence":"0.0","content":"."}],"type":"punctuation"},{"start_time":"83.23","end_time":"83.46","alternatives":[{"confidence":"0.9998","content":"저희가"}],"type":"pronunciation"},{"start_time":"83.46","end_time":"84.16","alternatives":[{"confidence":"0.12195","content":"문제니까"}],"type":"pronunciation"},{"start_time":"84.28","end_time":"84.72","alternatives":[{"confidence":"0.6965","content":"말씀을"}],"type":"pronunciation"},{"start_time":"84.81","end_time":"85.09","alternatives":[{"confidence":"0.4893","content":"드리는"}],"type":"pronunciation"},{"start_time":"85.09","end_time":"85.27","alternatives":[{"confidence":"0.9179","content":"거기"}],"type":"pronunciation"},{"start_time":"85.27","end_time":"85.84","alternatives":[{"confidence":"0.9999","content":"때문에"}],"type":"pronunciation"},{"start_time":"85.99","end_time":"86.36","alternatives":[{"confidence":"1.0","content":"충분히"}],"type":"pronunciation"},{"start_time":"86.36","end_time":"86.84","alternatives":[{"confidence":"0.77755","content":"확인하신"}],"type":"pronunciation"},{"alternatives":[{"confidence":"0.0","content":"."}],"type":"punctuation"},{"start_time":"86.84","end_time":"87.16","alternatives":[{"confidence":"0.9682","content":"다음에"}],"type":"pronunciation"},{"start_time":"87.16","end_time":"88.7","alternatives":[{"confidence":"0.1997","content":"성장이라는"}],"type":"pronunciation"},{"start_time":"91.61","end_time":"91.78","alternatives":[{"confidence":"0.9295","content":"통해"}],"type":"pronunciation"},{"start_time":"91.78","end_time":"92.04","alternatives":[{"confidence":"0.9553","content":"가지고"}],"type":"pronunciation"},{"start_time":"92.98","end_time":"93.25","alternatives":[{"confidence":"0.6666","content":"관련해"}],"type":"pronunciation"},{"start_time":"93.25","end_time":"93.48","alternatives":[{"confidence":"0.9636","content":"가지고"}],"type":"pronunciation"},{"start_time":"93.48","end_time":"93.7","alternatives":[{"confidence":"0.8671","content":"이런"}],"type":"pronunciation"},{"start_time":"93.91","end_time":"94.17","alternatives":[{"confidence":"0.9424","content":"전화가"}],"type":"pronunciation"},{"start_time":"94.17","end_time":"94.34","alternatives":[{"confidence":"0.9958","content":"오지"}],"type":"pronunciation"},{"start_time":"94.34","end_time":"94.66","alternatives":[{"confidence":"0.9963","content":"않도록"}],"type":"pronunciation"},{"start_time":"95.08","end_time":"95.71","alternatives":[{"confidence":"0.7733","content":"해놨거든요"}],"type":"pronunciation"},{"alternatives":[{"confidence":"0.0","content":"."}],"type":"punctuation"},{"start_time":"97.42","end_time":"98.16","alternatives":[{"confidence":"1.0","content":"거기서"}],"type":"pronunciation"},{"start_time":"99.105","end_time":"99.535","alternatives":[{"confidence":"0.16625","content":"공지사항을"}],"type":"pronunciation"},{"start_time":"99.535","end_time":"99.715","alternatives":[{"confidence":"0.6233","content":"이렇게"}],"type":"pronunciation"},{"start_time":"99.925","end_time":"100.145","alternatives":[{"confidence":"0.4078","content":"확인을"}],"type":"pronunciation"},{"start_time":"100.145","end_time":"100.645","alternatives":[{"confidence":"0.9196","content":"하니까"}],"type":"pronunciation"},{"start_time":"101.665","end_time":"101.795","alternatives":[{"confidence":"0.6072","content":"이런"}],"type":"pronunciation"},{"start_time":"101.795","end_time":"101.975","alternatives":[{"confidence":"0.6187","content":"식으로"}],"type":"pronunciation"},{"start_time":"101.975","end_time":"102.235","alternatives":[{"confidence":"0.5052","content":"전화를"}],"type":"pronunciation"},{"start_time":"102.235","end_time":"102.755","alternatives":[{"confidence":"0.9312","content":"주시면"}],"type":"pronunciation"},{"start_time":"103.605","end_time":"103.855","alternatives":[{"confidence":"0.0672","content":"그게"}],"type":"pronunciation"},{"start_time":"103.855","end_time":"105.025","alternatives":[{"confidence":"0.91545","content":"고객님그런"}],"type":"pronunciation"},{"alternatives":[{"confidence":"0.0","content":"."}],"type":"punctuation"},{"start_time":"105.025","end_time":"105.575","alternatives":[{"confidence":"0.9796","content":"신청은"}],"type":"pronunciation"},{"start_time":"105.575","end_time":"105.925","alternatives":[{"confidence":"1.0","content":"저희가"}],"type":"pronunciation"},{"start_time":"105.925","end_time":"106.085","alternatives":[{"confidence":"0.9547","content":"이제"}],"type":"pronunciation"},{"start_time":"106.315","end_time":"106.785","alternatives":[{"confidence":"0.3673","content":"저희"}],"type":"pronunciation"},{"start_time":"107.345","end_time":"108.455","alternatives":[{"confidence":"0.97075","content":"저축은행지점에서"}],"type":"pronunciation"},{"start_time":"108.455","end_time":"109.155","alternatives":[{"confidence":"0.0608","content":"도망을"}],"type":"pronunciation"},{"start_time":"109.155","end_time":"109.555","alternatives":[{"confidence":"0.6322000000000001","content":"해드리는"}],"type":"pronunciation"},{"start_time":"109.555","end_time":"109.755","alternatives":[{"confidence":"0.9386","content":"거기"}],"type":"pronunciation"},{"start_time":"109.755","end_time":"110.095","alternatives":[{"confidence":"1.0","content":"때문에"}],"type":"pronunciation"},{"start_time":"110.095","end_time":"110.735","alternatives":[{"confidence":"0.8120499999999999","content":"고객님께서"}],"type":"pronunciation"},{"start_time":"110.735","end_time":"110.975","alternatives":[{"confidence":"0.9491","content":"따로"}],"type":"pronunciation"},{"start_time":"110.975","end_time":"111.335","alternatives":[{"confidence":"0.6273","content":"설정을"}],"type":"pronunciation"},{"start_time":"111.335","end_time":"111.645","alternatives":[{"confidence":"0.4365","content":"하신다"}],"type":"pronunciation"},{"alternatives":[{"confidence":"0.0","content":"."}],"type":"punctuation"},{"start_time":"111.645","end_time":"112.005","alternatives":[{"confidence":"0.4959","content":"그래서"}],"type":"pronunciation"},{"start_time":"112.005","end_time":"112.345","alternatives":[{"confidence":"1.0","content":"연락이"}],"type":"pronunciation"},{"start_time":"112.345","end_time":"112.475","alternatives":[{"confidence":"0.8874","content":"안"}],"type":"pronunciation"},{"start_time":"112.475","end_time":"112.875","alternatives":[{"confidence":"0.87495","content":"들어가시는"}],"type":"pronunciation"},{"start_time":"112.875","end_time":"112.945","alternatives":[{"confidence":"0.7571","content":"게"}],"type":"pronunciation"},{"start_time":"112.945","end_time":"113.825","alternatives":[{"confidence":"0.932","content":"아니에요"}],"type":"pronunciation"},{"alternatives":[{"confidence":"0.0","content":"."}],"type":"punctuation"},{"start_time":"113.885","end_time":"114.095","alternatives":[{"confidence":"0.9843","content":"제가"}],"type":"pronunciation"},{"start_time":"114.095","end_time":"114.265","alternatives":[{"confidence":"0.7135","content":"이거"}],"type":"pronunciation"},{"start_time":"114.265","end_time":"114.455","alternatives":[{"confidence":"0.9139","content":"지금"}],"type":"pronunciation"},{"start_time":"114.755","end_time":"115.065","alternatives":[{"confidence":"0.7417","content":"니까요"}],"type":"pronunciation"},{"start_time":"115.615","end_time":"115.705","alternatives":[{"confidence":"0.3846","content":"를"}],"type":"pronunciation"},{"start_time":"115.705","end_time":"115.865","alternatives":[{"confidence":"0.7954","content":"하게"}],"type":"pronunciation"},{"start_time":"115.865","end_time":"116.135","alternatives":[{"confidence":"0.7536","content":"되면"}],"type":"pronunciation"},{"start_time":"116.565","end_time":"116.745","alternatives":[{"confidence":"0.3053","content":"어떻게"}],"type":"pronunciation"},{"start_time":"116.745","end_time":"117.075","alternatives":[{"confidence":"0.11485000000000001","content":"이뤄지는지"}],"type":"pronunciation"},{"start_time":"117.425","end_time":"117.505","alternatives":[{"confidence":"0.0142","content":"알"}],"type":"pronunciation"},{"start_time":"117.505","end_time":"117.615","alternatives":[{"confidence":"0.9936","content":"것"}],"type":"pronunciation"},{"start_time":"117.615","end_time":"118.095","alternatives":[{"confidence":"0.999","content":"같은데요"}],"type":"pronunciation"},{"alternatives":[{"confidence":"0.0","content":"."}],"type":"punctuation"},{"start_time":"118.695","end_time":"118.895","alternatives":[{"confidence":"0.005","content":"예"}],"type":"pronunciation"},{"alternatives":[{"confidence":"0.0","content":","}],"type":"punctuation"},{"start_time":"120.645","end_time":"121.205","alternatives":[{"confidence":"0.9949","content":"알겠습니다"}],"type":"pronunciation"},{"alternatives":[{"confidence":"0.0","content":"."}],"type":"punctuation"}]},"status":"COMPLETED"}