{"jobName":"transcribe_loan181","accountId":"097989105209","results":{"transcripts":[{"transcript":"예. 제가 어떻게 심사결과 확인돼서 연락드렸고 어떻게 통화 괜찮으신가요? 일단 결과 확인되셨는데 지금 보면은 이게 좀 어렵다고 전달을 받았어요. 그래서 부결처리되시기 전에 제가 잠깐 보류권으로 좀 올려놨는데 사유를 정확하게 좀 확인을 해보니까 지금 보면은 기존에 좀 저희 쪽 알아보시기 전에 중개업체를 통해서 대출을 좀 알아보신 것 같은데 이게 금융사여러 군데 반복적으로 접수가 되셨다가 조회대신 이력들이 쌓이시면서 지금 신용평점 자체가 너무 많이 떨어지셨더라고요. 지금 보면은 조회기로 이것저것 너무 많아요. 그래서 저희 쪽에서는 최종적으로 좀 평점이 달로 어렵다고 나왔는데 제가 고객님상황을 좀 확인을 해보니까 현재 상황에서는 또 다른 타 금융사의 서류 돌린다고 해도 대출자체가 나올 수 있는 사항은 아니더라고요. 그래서 고객님께서 꼭 필요한 자금이 있다고 하시면 제가 현재 상황에서 좀 가능한 방향확인해 보고 연락을 드린 거고요. 좀 간략하게 설명을 한번 드릴거니까 저희 한번 들어보시고 이거는 말씀만 좀 해주시면 됩니다. 지금 설명드리는 대출자체는 저 혼자 단독적으로 진행을 해서 대출 승인처리를 해드릴 수 있는 부분은 아니고 이거는 외부 전산업체를 통해서 해당 금융사결제부서에 리베이트를 지급하는 조건으로 승인처리를 내드릴건데요 쉽게 말씀을 드리자면 금융살이 컨텍을 해서 금융사의 대출결제해 주는 책임자랑 미리 말을 맞춰놓고 진행하는 대출이라 대출자금은 백프로 가능한 대출이라 해서 제가 설명을 드리는 거고요. 기존의 고객님께서 진행하셨었던 중계업체들처럼 뭐 여기저기 전화 받으라 하며 신용조회 기록들을 남겨가며 진행하시는 대출이 아니라 이거는 전산업체 쪽에서 고객님한테 금융사항 곳에 배정을 해주실 겁니다. 그럼 배정받은 금융사로 본인이 직접 접수를 할 거고, 접수하시고 나면 이제 승인이 나셔서 고객님통장으로 대출금입금까지 받으실 수 있도록 이제 다 처리해드릴 거고요. 구체적으로 는 두 달 동안 신용관리를 도움을 드릴 겁니다. 그래서 두 달 관리기간 이후에 기존에 고객님께서 대출 받았던 어머니하고 리드코프랑 오케이저축은행세 군데 있잖아요. 금리가 다 높더라고요 보니까 나머지는 뭐 햇살론이라든가 차 뭐 이런 건데, 이 세 군데는 금리가 높기 때문에 미세 군데랑 이번에 받는 대출해서 네 군데를 저희 롯데캐피탈에서 두 달 후에 연 금리 구 프로로 채무통합으로 대관 대출을 해 드릴 겁니다. 대신에 뭐 두 달 후에 제가 저금리로 대환대출을 아무나 다 해드릴 수 있는 게 아니라 이 두 달 신용관리기간 동안에는 연체기록을 절대 생성을 하시면 안 되고요. 그리고 또 다른 데 대출을 알아보시면서 조회 기록을 남기시면 안 되거든요. 그래서 이 두 가지를 두 달 동안 좀 정확하게 이행을 해주셔야 캐피탈에서 두 달 후에 금리 구 프로로 대환대출을 해드릴 수가 있는 거고요. 일단은 요번에 지금 생활자금으로 이제 나가시는 대출금에 한해서는 지금 제가 설명드린 내용 들으셨으면 고객님께서도 충분히 이해하셨겠지만 이게 정상적인 방법으로 진행되시는 대출은 아닙니다. 근데 이게 제가 왜 설명드리냐면 고객님상황에서는 또 다른 데 서류 돌린다고 해서 대출이 나올 수 있는 상황이 아니기 때문에 제가 설명을 드리는 거거든요. 이게 편법으로 진행되는 대출이고 고객님본인 자력으로 안 되는 대출 진행하는 과정에서 비용이 따로 발생이 되십니다. 근데 비용이 발생이 된다고 해서 고객님께서 본인이 먼저 부담을 하시라고 말씀을 드리는 건 당연히 아니고요. 일단 전산업체 측에서 선정된 금융사에서 승인이 나셔서 대출금입금을 먼저 받아보실 겁니다. 그럼 본인이 입금받은 거 더 확인하시고. 그 이후에 전산업체적으로 후불제로 비용 결제해 주시면 되거든요. 비용 같은 경우에는 고객님은 그래도 다른 분들에 비해서는 그나마 낮은 금액으로 측정이 되셨고요 진행하시는 대출금액에 삼십삼 프로로 측정이 되셨고요 삼십삼 프로라고 하면 백만 원당 삼십삼만 원이 전산비용으로 발생이 된다고 생각을 하시면 되거든요. 이게 백 프로 가능하신데 처리를 해서 제가 설명을 드린 거고 진행하실 의사가 있다고 하시면 오늘 안쪽으로 성철이 까지 진행을 다 도움을 드릴 거고요. 의사가 없다고 하시면 서류는 제가 안전하게 폐기해 드릴 거고요. 그렇죠. 이번에 나가는 대출에 한해서는 고객님좌석으로 대출이 나가는 게 아니다 보니까 비용이 따로 한번 들어가시는 거예요. 그렇게 생각하시면 안 돼요. 왜냐면 이게 두 달 있다가 그 이구 프로 대환대출 해드리면은 한 달에 나가는 이자 자체가 틀려져요 이번에 그니까 같은 경우에는 뭐 연금니가 뭐 몇천 프로 막 이렇게 되잖아요. 이번에 한 번만 들어가시는 거고요. 이거는 이자가 나가는 게 아니라 이번에 나가는 대출이 고객님자력으로 대출이 나가는 게 아니다 보니까 비용이 따로 들어가시는 거예요. 저렴한 고객님생각이 이라는 건 아니에요. 저렴한 비용은 아니지만 이게 확실하게 백 프로 나갈 수 있는 대출이라서 제가 설명을 드린 거예요. 뭐 그거는 나중에 또 안 나올 수도 있고, 그거는 진짜 나중에 이자 갔다가 나중에 연금도 제대로 되는 거고, 나중에 으로 해갖고 나가시는 거 해보시면 뭐 뭐 일 수 같은 거, 그런 거 알아보지 않으실 사십 프로 빼고 나중에 저희가 하루에 한 번씩 갚는 거죠. 나중에 계산하면은 이자가 장난이 아니에요. 딸딸한 달에 하더라고. 되게 십만원이 아니라 그건 십만원은 이제 뜨는 거고 이제 이자있죠."}],"items":[{"start_time":"0.82","end_time":"1.32","alternatives":[{"confidence":"0.9983","content":"예"}],"type":"pronunciation"},{"alternatives":[{"confidence":"0.0","content":"."}],"type":"punctuation"},{"start_time":"1.32","end_time":"1.48","alternatives":[{"confidence":"0.9207","content":"제가"}],"type":"pronunciation"},{"start_time":"1.48","end_time":"1.7","alternatives":[{"confidence":"0.8944","content":"어떻게"}],"type":"pronunciation"},{"start_time":"4.49","end_time":"5.28","alternatives":[{"confidence":"0.7084999999999999","content":"심사결과"}],"type":"pronunciation"},{"start_time":"5.28","end_time":"5.77","alternatives":[{"confidence":"0.8226","content":"확인돼서"}],"type":"pronunciation"},{"start_time":"5.77","end_time":"6.69","alternatives":[{"confidence":"0.9686","content":"연락드렸고"}],"type":"pronunciation"},{"start_time":"6.69","end_time":"7.0","alternatives":[{"confidence":"0.9872","content":"어떻게"}],"type":"pronunciation"},{"start_time":"7.0","end_time":"7.35","alternatives":[{"confidence":"0.937","content":"통화"}],"type":"pronunciation"},{"start_time":"7.35","end_time":"9.15","alternatives":[{"confidence":"1.0","content":"괜찮으신가요"}],"type":"pronunciation"},{"alternatives":[{"confidence":"0.0","content":"?"}],"type":"punctuation"},{"start_time":"11.26","end_time":"11.58","alternatives":[{"confidence":"0.9991","content":"일단"}],"type":"pronunciation"},{"start_time":"11.58","end_time":"11.97","alternatives":[{"confidence":"0.9167","content":"결과"}],"type":"pronunciation"},{"start_time":"11.97","end_time":"13.28","alternatives":[{"confidence":"0.9502666666666667","content":"확인되셨는데"}],"type":"pronunciation"},{"start_time":"13.29","end_time":"13.48","alternatives":[{"confidence":"0.9762","content":"지금"}],"type":"pronunciation"},{"start_time":"13.48","end_time":"13.85","alternatives":[{"confidence":"0.968","content":"보면은"}],"type":"pronunciation"},{"start_time":"13.85","end_time":"14.19","alternatives":[{"confidence":"1.0","content":"이게"}],"type":"pronunciation"},{"start_time":"14.77","end_time":"14.92","alternatives":[{"confidence":"0.9995","content":"좀"}],"type":"pronunciation"},{"start_time":"14.92","end_time":"15.38","alternatives":[{"confidence":"0.9998","content":"어렵다고"}],"type":"pronunciation"},{"start_time":"15.38","end_time":"15.76","alternatives":[{"confidence":"0.9398","content":"전달을"}],"type":"pronunciation"},{"start_time":"15.76","end_time":"16.94","alternatives":[{"confidence":"1.0","content":"받았어요"}],"type":"pronunciation"},{"alternatives":[{"confidence":"0.0","content":"."}],"type":"punctuation"},{"start_time":"16.95","end_time":"17.52","alternatives":[{"confidence":"0.9973","content":"그래서"}],"type":"pronunciation"},{"start_time":"18.0","end_time":"18.99","alternatives":[{"confidence":"0.889575","content":"부결처리되시기"}],"type":"pronunciation"},{"start_time":"18.99","end_time":"19.23","alternatives":[{"confidence":"0.9996","content":"전에"}],"type":"pronunciation"},{"start_time":"19.23","end_time":"19.38","alternatives":[{"confidence":"0.9995","content":"제가"}],"type":"pronunciation"},{"start_time":"19.38","end_time":"19.76","alternatives":[{"confidence":"1.0","content":"잠깐"}],"type":"pronunciation"},{"start_time":"19.76","end_time":"20.45","alternatives":[{"confidence":"0.6593500000000001","content":"보류권으로"}],"type":"pronunciation"},{"start_time":"20.45","end_time":"20.62","alternatives":[{"confidence":"0.9978","content":"좀"}],"type":"pronunciation"},{"start_time":"20.62","end_time":"21.66","alternatives":[{"confidence":"0.95485","content":"올려놨는데"}],"type":"pronunciation"},{"start_time":"22.39","end_time":"23.03","alternatives":[{"confidence":"0.99265","content":"사유를"}],"type":"pronunciation"},{"start_time":"23.03","end_time":"23.54","alternatives":[{"confidence":"1.0","content":"정확하게"}],"type":"pronunciation"},{"start_time":"23.54","end_time":"23.69","alternatives":[{"confidence":"0.9997","content":"좀"}],"type":"pronunciation"},{"start_time":"23.69","end_time":"24.09","alternatives":[{"confidence":"1.0","content":"확인을"}],"type":"pronunciation"},{"start_time":"24.09","end_time":"25.19","alternatives":[{"confidence":"0.91265","content":"해보니까"}],"type":"pronunciation"},{"start_time":"25.55","end_time":"25.84","alternatives":[{"confidence":"0.9904","content":"지금"}],"type":"pronunciation"},{"start_time":"25.84","end_time":"26.47","alternatives":[{"confidence":"0.9217","content":"보면은"}],"type":"pronunciation"},{"start_time":"26.47","end_time":"26.96","alternatives":[{"confidence":"0.6173","content":"기존에"}],"type":"pronunciation"},{"start_time":"26.96","end_time":"27.21","alternatives":[{"confidence":"0.9895","content":"좀"}],"type":"pronunciation"},{"start_time":"27.21","end_time":"27.43","alternatives":[{"confidence":"0.7424","content":"저희"}],"type":"pronunciation"},{"start_time":"27.43","end_time":"27.59","alternatives":[{"confidence":"0.7285","content":"쪽"}],"type":"pronunciation"},{"start_time":"27.59","end_time":"28.12","alternatives":[{"confidence":"0.9813000000000001","content":"알아보시기"}],"type":"pronunciation"},{"start_time":"28.12","end_time":"28.9","alternatives":[{"confidence":"1.0","content":"전에"}],"type":"pronunciation"},{"start_time":"29.85","end_time":"30.51","alternatives":[{"confidence":"0.80515","content":"중개업체를"}],"type":"pronunciation"},{"start_time":"30.51","end_time":"31.05","alternatives":[{"confidence":"0.9999","content":"통해서"}],"type":"pronunciation"},{"start_time":"31.05","end_time":"31.47","alternatives":[{"confidence":"0.9845","content":"대출을"}],"type":"pronunciation"},{"start_time":"31.47","end_time":"31.61","alternatives":[{"confidence":"0.9996","content":"좀"}],"type":"pronunciation"},{"start_time":"31.61","end_time":"32.08","alternatives":[{"confidence":"0.9984999999999999","content":"알아보신"}],"type":"pronunciation"},{"start_time":"32.08","end_time":"32.17","alternatives":[{"confidence":"0.7998","content":"것"}],"type":"pronunciation"},{"start_time":"32.17","end_time":"33.02","alternatives":[{"confidence":"0.9997","content":"같은데"}],"type":"pronunciation"},{"start_time":"33.66","end_time":"34.01","alternatives":[{"confidence":"0.9982","content":"이게"}],"type":"pronunciation"},{"start_time":"34.01","end_time":"34.66","alternatives":[{"confidence":"0.7698333333333333","content":"금융사여러"}],"type":"pronunciation"},{"start_time":"34.66","end_time":"34.89","alternatives":[{"confidence":"0.6922","content":"군데"}],"type":"pronunciation"},{"start_time":"34.89","end_time":"35.59","alternatives":[{"confidence":"0.9981","content":"반복적으로"}],"type":"pronunciation"},{"start_time":"35.59","end_time":"36.0","alternatives":[{"confidence":"0.99805","content":"접수가"}],"type":"pronunciation"},{"start_time":"36.0","end_time":"36.52","alternatives":[{"confidence":"0.9112","content":"되셨다가"}],"type":"pronunciation"},{"start_time":"37.14","end_time":"37.72","alternatives":[{"confidence":"0.66035","content":"조회대신"}],"type":"pronunciation"},{"start_time":"37.72","end_time":"38.18","alternatives":[{"confidence":"0.9980500000000001","content":"이력들이"}],"type":"pronunciation"},{"start_time":"38.19","end_time":"39.18","alternatives":[{"confidence":"0.9443","content":"쌓이시면서"}],"type":"pronunciation"},{"start_time":"39.6","end_time":"39.96","alternatives":[{"confidence":"0.978","content":"지금"}],"type":"pronunciation"},{"start_time":"39.96","end_time":"40.47","alternatives":[{"confidence":"0.8537333333333333","content":"신용평점"}],"type":"pronunciation"},{"start_time":"40.47","end_time":"40.83","alternatives":[{"confidence":"1.0","content":"자체가"}],"type":"pronunciation"},{"start_time":"40.83","end_time":"41.04","alternatives":[{"confidence":"1.0","content":"너무"}],"type":"pronunciation"},{"start_time":"41.04","end_time":"41.22","alternatives":[{"confidence":"0.9998","content":"많이"}],"type":"pronunciation"},{"start_time":"41.22","end_time":"42.57","alternatives":[{"confidence":"0.9949","content":"떨어지셨더라고요"}],"type":"pronunciation"},{"alternatives":[{"confidence":"0.0","content":"."}],"type":"punctuation"},{"start_time":"42.8","end_time":"42.99","alternatives":[{"confidence":"0.8307","content":"지금"}],"type":"pronunciation"},{"start_time":"42.99","end_time":"43.36","alternatives":[{"confidence":"0.9841","content":"보면은"}],"type":"pronunciation"},{"start_time":"43.36","end_time":"43.87","alternatives":[{"confidence":"0.74675","content":"조회기로"}],"type":"pronunciation"},{"start_time":"43.87","end_time":"44.37","alternatives":[{"confidence":"0.9999","content":"이것저것"}],"type":"pronunciation"},{"start_time":"44.41","end_time":"44.68","alternatives":[{"confidence":"0.9999","content":"너무"}],"type":"pronunciation"},{"start_time":"44.68","end_time":"45.49","alternatives":[{"confidence":"1.0","content":"많아요"}],"type":"pronunciation"},{"alternatives":[{"confidence":"0.0","content":"."}],"type":"punctuation"},{"start_time":"45.5","end_time":"46.06","alternatives":[{"confidence":"1.0","content":"그래서"}],"type":"pronunciation"},{"start_time":"46.4","end_time":"46.67","alternatives":[{"confidence":"0.9019","content":"저희"}],"type":"pronunciation"},{"start_time":"46.67","end_time":"47.06","alternatives":[{"confidence":"0.704","content":"쪽에서는"}],"type":"pronunciation"},{"start_time":"47.06","end_time":"47.69","alternatives":[{"confidence":"0.9749","content":"최종적으로"}],"type":"pronunciation"},{"start_time":"47.69","end_time":"47.82","alternatives":[{"confidence":"0.8483","content":"좀"}],"type":"pronunciation"},{"start_time":"47.82","end_time":"48.26","alternatives":[{"confidence":"0.99875","content":"평점이"}],"type":"pronunciation"},{"start_time":"48.26","end_time":"48.57","alternatives":[{"confidence":"0.47555000000000003","content":"달로"}],"type":"pronunciation"},{"start_time":"48.57","end_time":"48.99","alternatives":[{"confidence":"0.9999","content":"어렵다고"}],"type":"pronunciation"},{"start_time":"48.99","end_time":"49.92","alternatives":[{"confidence":"0.9989","content":"나왔는데"}],"type":"pronunciation"},{"start_time":"50.56","end_time":"50.75","alternatives":[{"confidence":"0.9219","content":"제가"}],"type":"pronunciation"},{"start_time":"50.75","end_time":"51.59","alternatives":[{"confidence":"0.9998","content":"고객님상황을"}],"type":"pronunciation"},{"start_time":"51.59","end_time":"51.73","alternatives":[{"confidence":"0.9998","content":"좀"}],"type":"pronunciation"},{"start_time":"51.73","end_time":"52.1","alternatives":[{"confidence":"1.0","content":"확인을"}],"type":"pronunciation"},{"start_time":"52.1","end_time":"53.11","alternatives":[{"confidence":"0.95195","content":"해보니까"}],"type":"pronunciation"},{"start_time":"53.24","end_time":"53.66","alternatives":[{"confidence":"0.894","content":"현재"}],"type":"pronunciation"},{"start_time":"53.66","end_time":"54.53","alternatives":[{"confidence":"0.9814","content":"상황에서는"}],"type":"pronunciation"},{"start_time":"54.53","end_time":"54.64","alternatives":[{"confidence":"0.9994","content":"또"}],"type":"pronunciation"},{"start_time":"54.64","end_time":"54.92","alternatives":[{"confidence":"0.9892","content":"다른"}],"type":"pronunciation"},{"start_time":"54.92","end_time":"55.14","alternatives":[{"confidence":"0.9327","content":"타"}],"type":"pronunciation"},{"start_time":"55.14","end_time":"55.79","alternatives":[{"confidence":"0.92215","content":"금융사의"}],"type":"pronunciation"},{"start_time":"55.8","end_time":"56.04","alternatives":[{"confidence":"0.5153","content":"서류"}],"type":"pronunciation"},{"start_time":"56.04","end_time":"56.5","alternatives":[{"confidence":"0.96295","content":"돌린다고"}],"type":"pronunciation"},{"start_time":"56.5","end_time":"57.1","alternatives":[{"confidence":"0.9999","content":"해도"}],"type":"pronunciation"},{"start_time":"57.32","end_time":"58.0","alternatives":[{"confidence":"0.9055","content":"대출자체가"}],"type":"pronunciation"},{"start_time":"58.0","end_time":"58.28","alternatives":[{"confidence":"0.9907","content":"나올"}],"type":"pronunciation"},{"start_time":"58.28","end_time":"58.38","alternatives":[{"confidence":"1.0","content":"수"}],"type":"pronunciation"},{"start_time":"58.38","end_time":"58.58","alternatives":[{"confidence":"0.995","content":"있는"}],"type":"pronunciation"},{"start_time":"58.58","end_time":"58.86","alternatives":[{"confidence":"0.9306","content":"사항은"}],"type":"pronunciation"},{"start_time":"58.86","end_time":"59.9","alternatives":[{"confidence":"0.98615","content":"아니더라고요"}],"type":"pronunciation"},{"alternatives":[{"confidence":"0.0","content":"."}],"type":"punctuation"},{"start_time":"59.91","end_time":"60.44","alternatives":[{"confidence":"1.0","content":"그래서"}],"type":"pronunciation"},{"start_time":"60.88","end_time":"61.38","alternatives":[{"confidence":"0.99985","content":"고객님께서"}],"type":"pronunciation"},{"start_time":"61.38","end_time":"61.57","alternatives":[{"confidence":"1.0","content":"꼭"}],"type":"pronunciation"},{"start_time":"61.57","end_time":"61.92","alternatives":[{"confidence":"0.9945","content":"필요한"}],"type":"pronunciation"},{"start_time":"61.92","end_time":"62.4","alternatives":[{"confidence":"0.9761","content":"자금이"}],"type":"pronunciation"},{"start_time":"62.4","end_time":"62.74","alternatives":[{"confidence":"0.9444","content":"있다고"}],"type":"pronunciation"},{"start_time":"62.74","end_time":"63.59","alternatives":[{"confidence":"0.9945","content":"하시면"}],"type":"pronunciation"},{"start_time":"63.62","end_time":"64.0","alternatives":[{"confidence":"0.9977","content":"제가"}],"type":"pronunciation"},{"start_time":"64.06","end_time":"64.51","alternatives":[{"confidence":"0.9809","content":"현재"}],"type":"pronunciation"},{"start_time":"64.51","end_time":"64.93","alternatives":[{"confidence":"0.9694","content":"상황에서"}],"type":"pronunciation"},{"start_time":"64.93","end_time":"65.05","alternatives":[{"confidence":"0.9875","content":"좀"}],"type":"pronunciation"},{"start_time":"65.05","end_time":"65.52","alternatives":[{"confidence":"0.569","content":"가능한"}],"type":"pronunciation"},{"start_time":"65.52","end_time":"66.2","alternatives":[{"confidence":"0.67745","content":"방향확인해"}],"type":"pronunciation"},{"start_time":"66.2","end_time":"66.42","alternatives":[{"confidence":"0.8893","content":"보고"}],"type":"pronunciation"},{"start_time":"66.42","end_time":"66.84","alternatives":[{"confidence":"1.0","content":"연락을"}],"type":"pronunciation"},{"start_time":"66.87","end_time":"67.2","alternatives":[{"confidence":"0.9187","content":"드린"}],"type":"pronunciation"},{"start_time":"67.2","end_time":"67.82","alternatives":[{"confidence":"0.99795","content":"거고요"}],"type":"pronunciation"},{"alternatives":[{"confidence":"0.0","content":"."}],"type":"punctuation"},{"start_time":"68.94","end_time":"69.05","alternatives":[{"confidence":"0.9981","content":"좀"}],"type":"pronunciation"},{"start_time":"69.05","end_time":"69.61","alternatives":[{"confidence":"1.0","content":"간략하게"}],"type":"pronunciation"},{"start_time":"69.62","end_time":"69.97","alternatives":[{"confidence":"0.9979","content":"설명을"}],"type":"pronunciation"},{"start_time":"69.97","end_time":"70.2","alternatives":[{"confidence":"0.7248","content":"한번"}],"type":"pronunciation"},{"start_time":"70.2","end_time":"71.16","alternatives":[{"confidence":"0.7637499999999999","content":"드릴거니까"}],"type":"pronunciation"},{"start_time":"71.41","end_time":"71.61","alternatives":[{"confidence":"0.346","content":"저희"}],"type":"pronunciation"},{"start_time":"71.61","end_time":"71.83","alternatives":[{"confidence":"0.7785","content":"한번"}],"type":"pronunciation"},{"start_time":"71.83","end_time":"72.85","alternatives":[{"confidence":"0.94455","content":"들어보시고"}],"type":"pronunciation"},{"start_time":"72.85","end_time":"73.15","alternatives":[{"confidence":"0.995","content":"이거는"}],"type":"pronunciation"},{"start_time":"73.15","end_time":"73.62","alternatives":[{"confidence":"0.9699500000000001","content":"말씀만"}],"type":"pronunciation"},{"start_time":"73.62","end_time":"73.73","alternatives":[{"confidence":"0.968","content":"좀"}],"type":"pronunciation"},{"start_time":"73.73","end_time":"74.16","alternatives":[{"confidence":"0.8807","content":"해주시면"}],"type":"pronunciation"},{"start_time":"74.16","end_time":"74.43","alternatives":[{"confidence":"0.997","content":"됩니다"}],"type":"pronunciation"},{"alternatives":[{"confidence":"0.0","content":"."}],"type":"punctuation"},{"start_time":"76.0","end_time":"76.36","alternatives":[{"confidence":"0.9985","content":"지금"}],"type":"pronunciation"},{"start_time":"76.36","end_time":"77.01","alternatives":[{"confidence":"0.99495","content":"설명드리는"}],"type":"pronunciation"},{"start_time":"77.01","end_time":"78.18","alternatives":[{"confidence":"0.8351","content":"대출자체는"}],"type":"pronunciation"},{"start_time":"78.19","end_time":"78.33","alternatives":[{"confidence":"0.9535","content":"저"}],"type":"pronunciation"},{"start_time":"78.33","end_time":"78.77","alternatives":[{"confidence":"0.9702","content":"혼자"}],"type":"pronunciation"},{"start_time":"78.83","end_time":"79.64","alternatives":[{"confidence":"0.996","content":"단독적으로"}],"type":"pronunciation"},{"start_time":"79.64","end_time":"80.04","alternatives":[{"confidence":"0.897","content":"진행을"}],"type":"pronunciation"},{"start_time":"80.04","end_time":"80.63","alternatives":[{"confidence":"0.9951","content":"해서"}],"type":"pronunciation"},{"start_time":"80.64","end_time":"80.95","alternatives":[{"confidence":"0.8801","content":"대출"}],"type":"pronunciation"},{"start_time":"80.95","end_time":"81.69","alternatives":[{"confidence":"0.8573500000000001","content":"승인처리를"}],"type":"pronunciation"},{"start_time":"82.07","end_time":"82.39","alternatives":[{"confidence":"0.8649","content":"해드릴"}],"type":"pronunciation"},{"start_time":"82.39","end_time":"82.52","alternatives":[{"confidence":"1.0","content":"수"}],"type":"pronunciation"},{"start_time":"82.52","end_time":"82.75","alternatives":[{"confidence":"0.9994","content":"있는"}],"type":"pronunciation"},{"start_time":"82.75","end_time":"83.16","alternatives":[{"confidence":"0.9987","content":"부분은"}],"type":"pronunciation"},{"start_time":"83.16","end_time":"83.79","alternatives":[{"confidence":"1.0","content":"아니고"}],"type":"pronunciation"},{"start_time":"84.09","end_time":"84.49","alternatives":[{"confidence":"0.9968","content":"이거는"}],"type":"pronunciation"},{"start_time":"84.49","end_time":"84.88","alternatives":[{"confidence":"0.56","content":"외부"}],"type":"pronunciation"},{"start_time":"84.88","end_time":"85.76","alternatives":[{"confidence":"0.9996","content":"전산업체를"}],"type":"pronunciation"},{"start_time":"85.76","end_time":"86.34","alternatives":[{"confidence":"0.9999","content":"통해서"}],"type":"pronunciation"},{"start_time":"86.34","end_time":"86.68","alternatives":[{"confidence":"0.9761","content":"해당"}],"type":"pronunciation"},{"start_time":"86.68","end_time":"88.44","alternatives":[{"confidence":"0.6175200000000001","content":"금융사결제부서에"}],"type":"pronunciation"},{"start_time":"88.83","end_time":"89.55","alternatives":[{"confidence":"0.9752000000000001","content":"리베이트를"}],"type":"pronunciation"},{"start_time":"89.55","end_time":"90.12","alternatives":[{"confidence":"0.99135","content":"지급하는"}],"type":"pronunciation"},{"start_time":"90.12","end_time":"91.0","alternatives":[{"confidence":"1.0","content":"조건으로"}],"type":"pronunciation"},{"start_time":"91.68","end_time":"92.48","alternatives":[{"confidence":"0.7619","content":"승인처리를"}],"type":"pronunciation"},{"start_time":"92.48","end_time":"93.51","alternatives":[{"confidence":"0.7094666666666667","content":"내드릴건데요"}],"type":"pronunciation"},{"start_time":"93.77","end_time":"94.11","alternatives":[{"confidence":"1.0","content":"쉽게"}],"type":"pronunciation"},{"start_time":"94.11","end_time":"94.65","alternatives":[{"confidence":"1.0","content":"말씀을"}],"type":"pronunciation"},{"start_time":"94.65","end_time":"95.44","alternatives":[{"confidence":"1.0","content":"드리자면"}],"type":"pronunciation"},{"start_time":"95.61","end_time":"96.3","alternatives":[{"confidence":"0.53715","content":"금융살이"}],"type":"pronunciation"},{"start_time":"96.3","end_time":"96.77","alternatives":[{"confidence":"0.8313666666666667","content":"컨텍을"}],"type":"pronunciation"},{"start_time":"96.77","end_time":"97.4","alternatives":[{"confidence":"0.996","content":"해서"}],"type":"pronunciation"},{"start_time":"97.52","end_time":"98.3","alternatives":[{"confidence":"0.9762500000000001","content":"금융사의"}],"type":"pronunciation"},{"start_time":"98.3","end_time":"99.09","alternatives":[{"confidence":"0.7610333333333333","content":"대출결제해"}],"type":"pronunciation"},{"start_time":"99.09","end_time":"99.34","alternatives":[{"confidence":"0.6435","content":"주는"}],"type":"pronunciation"},{"start_time":"99.34","end_time":"100.04","alternatives":[{"confidence":"0.96625","content":"책임자랑"}],"type":"pronunciation"},{"start_time":"100.48","end_time":"100.79","alternatives":[{"confidence":"0.9954","content":"미리"}],"type":"pronunciation"},{"start_time":"100.79","end_time":"101.08","alternatives":[{"confidence":"0.9992","content":"말을"}],"type":"pronunciation"},{"start_time":"101.08","end_time":"101.66","alternatives":[{"confidence":"0.96035","content":"맞춰놓고"}],"type":"pronunciation"},{"start_time":"101.66","end_time":"102.2","alternatives":[{"confidence":"0.9953","content":"진행하는"}],"type":"pronunciation"},{"start_time":"102.2","end_time":"103.16","alternatives":[{"confidence":"0.82175","content":"대출이라"}],"type":"pronunciation"},{"start_time":"103.47","end_time":"104.36","alternatives":[{"confidence":"0.8117333333333333","content":"대출자금은"}],"type":"pronunciation"},{"start_time":"104.36","end_time":"104.93","alternatives":[{"confidence":"0.7648999999999999","content":"백프로"}],"type":"pronunciation"},{"start_time":"104.94","end_time":"105.5","alternatives":[{"confidence":"0.9293","content":"가능한"}],"type":"pronunciation"},{"start_time":"105.5","end_time":"105.98","alternatives":[{"confidence":"0.72125","content":"대출이라"}],"type":"pronunciation"},{"start_time":"105.98","end_time":"106.47","alternatives":[{"confidence":"0.9998","content":"해서"}],"type":"pronunciation"},{"start_time":"106.47","end_time":"106.74","alternatives":[{"confidence":"0.9996","content":"제가"}],"type":"pronunciation"},{"start_time":"106.74","end_time":"107.14","alternatives":[{"confidence":"0.9994","content":"설명을"}],"type":"pronunciation"},{"start_time":"107.14","end_time":"107.44","alternatives":[{"confidence":"0.5664","content":"드리는"}],"type":"pronunciation"},{"start_time":"107.44","end_time":"108.01","alternatives":[{"confidence":"0.78205","content":"거고요"}],"type":"pronunciation"},{"alternatives":[{"confidence":"0.0","content":"."}],"type":"punctuation"},{"start_time":"108.74","end_time":"109.37","alternatives":[{"confidence":"0.6521","content":"기존의"}],"type":"pronunciation"},{"start_time":"109.37","end_time":"110.17","alternatives":[{"confidence":"0.9996","content":"고객님께서"}],"type":"pronunciation"},{"start_time":"110.17","end_time":"111.15","alternatives":[{"confidence":"0.8869666666666666","content":"진행하셨었던"}],"type":"pronunciation"},{"start_time":"111.15","end_time":"112.48","alternatives":[{"confidence":"0.7011666666666666","content":"중계업체들처럼"}],"type":"pronunciation"},{"start_time":"112.68","end_time":"112.81","alternatives":[{"confidence":"0.6889","content":"뭐"}],"type":"pronunciation"},{"start_time":"112.84","end_time":"113.31","alternatives":[{"confidence":"0.9167","content":"여기저기"}],"type":"pronunciation"},{"start_time":"113.31","end_time":"113.6","alternatives":[{"confidence":"0.769","content":"전화"}],"type":"pronunciation"},{"start_time":"113.6","end_time":"113.92","alternatives":[{"confidence":"0.96295","content":"받으라"}],"type":"pronunciation"},{"start_time":"113.92","end_time":"114.55","alternatives":[{"confidence":"0.9998","content":"하며"}],"type":"pronunciation"},{"start_time":"114.77","end_time":"115.41","alternatives":[{"confidence":"0.8269","content":"신용조회"}],"type":"pronunciation"},{"start_time":"115.41","end_time":"116.12","alternatives":[{"confidence":"0.8307","content":"기록들을"}],"type":"pronunciation"},{"start_time":"116.13","end_time":"116.86","alternatives":[{"confidence":"0.8514999999999999","content":"남겨가며"}],"type":"pronunciation"},{"start_time":"116.86","end_time":"117.55","alternatives":[{"confidence":"0.98455","content":"진행하시는"}],"type":"pronunciation"},{"start_time":"117.55","end_time":"117.97","alternatives":[{"confidence":"0.99335","content":"대출이"}],"type":"pronunciation"},{"start_time":"117.97","end_time":"118.65","alternatives":[{"confidence":"0.9922","content":"아니라"}],"type":"pronunciation"},{"start_time":"119.19","end_time":"119.71","alternatives":[{"confidence":"0.999","content":"이거는"}],"type":"pronunciation"},{"start_time":"119.71","end_time":"120.33","alternatives":[{"confidence":"0.9047499999999999","content":"전산업체"}],"type":"pronunciation"},{"start_time":"120.33","end_time":"120.87","alternatives":[{"confidence":"1.0","content":"쪽에서"}],"type":"pronunciation"},{"start_time":"120.87","end_time":"121.65","alternatives":[{"confidence":"0.9996499999999999","content":"고객님한테"}],"type":"pronunciation"},{"start_time":"121.65","end_time":"122.28","alternatives":[{"confidence":"0.5055000000000001","content":"금융사항"}],"type":"pronunciation"},{"start_time":"122.28","end_time":"122.53","alternatives":[{"confidence":"0.8656","content":"곳에"}],"type":"pronunciation"},{"start_time":"122.53","end_time":"122.9","alternatives":[{"confidence":"0.99815","content":"배정을"}],"type":"pronunciation"},{"start_time":"122.9","end_time":"123.23","alternatives":[{"confidence":"0.9739","content":"해주실"}],"type":"pronunciation"},{"start_time":"123.23","end_time":"123.77","alternatives":[{"confidence":"1.0","content":"겁니다"}],"type":"pronunciation"},{"alternatives":[{"confidence":"0.0","content":"."}],"type":"punctuation"},{"start_time":"124.36","end_time":"124.7","alternatives":[{"confidence":"0.9786","content":"그럼"}],"type":"pronunciation"},{"start_time":"124.7","end_time":"125.29","alternatives":[{"confidence":"0.9944999999999999","content":"배정받은"}],"type":"pronunciation"},{"start_time":"125.29","end_time":"126.04","alternatives":[{"confidence":"0.81035","content":"금융사로"}],"type":"pronunciation"},{"start_time":"126.04","end_time":"126.48","alternatives":[{"confidence":"1.0","content":"본인이"}],"type":"pronunciation"},{"start_time":"126.48","end_time":"126.77","alternatives":[{"confidence":"0.9998","content":"직접"}],"type":"pronunciation"},{"start_time":"126.77","end_time":"127.14","alternatives":[{"confidence":"0.9927","content":"접수를"}],"type":"pronunciation"},{"start_time":"127.14","end_time":"127.26","alternatives":[{"confidence":"0.9941","content":"할"}],"type":"pronunciation"},{"start_time":"127.26","end_time":"127.89","alternatives":[{"confidence":"0.9951","content":"거고"}],"type":"pronunciation"},{"alternatives":[{"confidence":"0.0","content":","}],"type":"punctuation"},{"start_time":"128.18","end_time":"128.84","alternatives":[{"confidence":"0.99995","content":"접수하시고"}],"type":"pronunciation"},{"start_time":"128.84","end_time":"129.35","alternatives":[{"confidence":"1.0","content":"나면"}],"type":"pronunciation"},{"start_time":"129.36","end_time":"129.46","alternatives":[{"confidence":"0.5903","content":"이제"}],"type":"pronunciation"},{"start_time":"129.47","end_time":"129.85","alternatives":[{"confidence":"0.9972000000000001","content":"승인이"}],"type":"pronunciation"},{"start_time":"129.85","end_time":"130.52","alternatives":[{"confidence":"0.9976","content":"나셔서"}],"type":"pronunciation"},{"start_time":"130.84","end_time":"131.92","alternatives":[{"confidence":"0.9996333333333333","content":"고객님통장으로"}],"type":"pronunciation"},{"start_time":"131.92","end_time":"133.2","alternatives":[{"confidence":"0.9849666666666667","content":"대출금입금까지"}],"type":"pronunciation"},{"start_time":"134.27","end_time":"134.73","alternatives":[{"confidence":"0.9992","content":"받으실"}],"type":"pronunciation"},{"start_time":"134.73","end_time":"134.88","alternatives":[{"confidence":"0.9992","content":"수"}],"type":"pronunciation"},{"start_time":"134.88","end_time":"135.27","alternatives":[{"confidence":"1.0","content":"있도록"}],"type":"pronunciation"},{"start_time":"135.27","end_time":"135.44","alternatives":[{"confidence":"0.9923","content":"이제"}],"type":"pronunciation"},{"start_time":"135.44","end_time":"135.61","alternatives":[{"confidence":"0.9857","content":"다"}],"type":"pronunciation"},{"start_time":"135.61","end_time":"136.21","alternatives":[{"confidence":"0.8996000000000001","content":"처리해드릴"}],"type":"pronunciation"},{"start_time":"136.21","end_time":"136.88","alternatives":[{"confidence":"1.0","content":"거고요"}],"type":"pronunciation"},{"alternatives":[{"confidence":"0.0","content":"."}],"type":"punctuation"},{"start_time":"137.51","end_time":"138.11","alternatives":[{"confidence":"0.6875","content":"구체적으로"}],"type":"pronunciation"},{"start_time":"138.11","end_time":"138.27","alternatives":[{"confidence":"0.6805","content":"는"}],"type":"pronunciation"},{"start_time":"138.27","end_time":"138.39","alternatives":[{"confidence":"0.9774","content":"두"}],"type":"pronunciation"},{"start_time":"138.39","end_time":"138.62","alternatives":[{"confidence":"0.9657","content":"달"}],"type":"pronunciation"},{"start_time":"138.62","end_time":"139.02","alternatives":[{"confidence":"0.9822","content":"동안"}],"type":"pronunciation"},{"start_time":"139.02","end_time":"139.78","alternatives":[{"confidence":"0.8593999999999999","content":"신용관리를"}],"type":"pronunciation"},{"start_time":"139.78","end_time":"140.08","alternatives":[{"confidence":"1.0","content":"도움을"}],"type":"pronunciation"},{"start_time":"140.08","end_time":"140.28","alternatives":[{"confidence":"0.9803","content":"드릴"}],"type":"pronunciation"},{"start_time":"140.28","end_time":"140.75","alternatives":[{"confidence":"1.0","content":"겁니다"}],"type":"pronunciation"},{"alternatives":[{"confidence":"0.0","content":"."}],"type":"punctuation"},{"start_time":"140.75","end_time":"141.48","alternatives":[{"confidence":"0.9739","content":"그래서"}],"type":"pronunciation"},{"start_time":"141.48","end_time":"141.66","alternatives":[{"confidence":"0.9098","content":"두"}],"type":"pronunciation"},{"start_time":"141.66","end_time":"141.94","alternatives":[{"confidence":"0.7608","content":"달"}],"type":"pronunciation"},{"start_time":"141.94","end_time":"142.63","alternatives":[{"confidence":"0.64095","content":"관리기간"}],"type":"pronunciation"},{"start_time":"142.63","end_time":"142.92","alternatives":[{"confidence":"0.6427","content":"이후에"}],"type":"pronunciation"},{"start_time":"143.58","end_time":"144.21","alternatives":[{"confidence":"0.6166","content":"기존에"}],"type":"pronunciation"},{"start_time":"144.21","end_time":"144.87","alternatives":[{"confidence":"0.9995","content":"고객님께서"}],"type":"pronunciation"},{"start_time":"144.87","end_time":"145.19","alternatives":[{"confidence":"0.6591","content":"대출"}],"type":"pronunciation"},{"start_time":"145.19","end_time":"145.92","alternatives":[{"confidence":"1.0","content":"받았던"}],"type":"pronunciation"},{"start_time":"146.48","end_time":"147.07","alternatives":[{"confidence":"0.7329999999999999","content":"어머니하고"}],"type":"pronunciation"},{"start_time":"147.08","end_time":"148.16","alternatives":[{"confidence":"0.9459333333333334","content":"리드코프랑"}],"type":"pronunciation"},{"start_time":"148.17","end_time":"149.23","alternatives":[{"confidence":"0.853675","content":"오케이저축은행세"}],"type":"pronunciation"},{"start_time":"149.23","end_time":"149.49","alternatives":[{"confidence":"0.8845","content":"군데"}],"type":"pronunciation"},{"start_time":"149.49","end_time":"150.45","alternatives":[{"confidence":"0.9998","content":"있잖아요"}],"type":"pronunciation"},{"alternatives":[{"confidence":"0.0","content":"."}],"type":"punctuation"},{"start_time":"151.92","end_time":"152.29","alternatives":[{"confidence":"0.9909","content":"금리가"}],"type":"pronunciation"},{"start_time":"152.29","end_time":"152.43","alternatives":[{"confidence":"0.8162","content":"다"}],"type":"pronunciation"},{"start_time":"152.43","end_time":"153.15","alternatives":[{"confidence":"0.99885","content":"높더라고요"}],"type":"pronunciation"},{"start_time":"153.16","end_time":"153.99","alternatives":[{"confidence":"1.0","content":"보니까"}],"type":"pronunciation"},{"start_time":"154.0","end_time":"154.59","alternatives":[{"confidence":"1.0","content":"나머지는"}],"type":"pronunciation"},{"start_time":"154.59","end_time":"154.7","alternatives":[{"confidence":"0.9841","content":"뭐"}],"type":"pronunciation"},{"start_time":"154.73","end_time":"155.9","alternatives":[{"confidence":"0.8710999999999999","content":"햇살론이라든가"}],"type":"pronunciation"},{"start_time":"157.02","end_time":"157.29","alternatives":[{"confidence":"0.7367","content":"차"}],"type":"pronunciation"},{"start_time":"157.41","end_time":"157.66","alternatives":[{"confidence":"0.9994","content":"뭐"}],"type":"pronunciation"},{"start_time":"157.67","end_time":"157.87","alternatives":[{"confidence":"0.9629","content":"이런"}],"type":"pronunciation"},{"start_time":"157.87","end_time":"158.62","alternatives":[{"confidence":"1.0","content":"건데"}],"type":"pronunciation"},{"alternatives":[{"confidence":"0.0","content":","}],"type":"punctuation"},{"start_time":"158.74","end_time":"158.82","alternatives":[{"confidence":"0.6872","content":"이"}],"type":"pronunciation"},{"start_time":"158.82","end_time":"158.94","alternatives":[{"confidence":"0.907","content":"세"}],"type":"pronunciation"},{"start_time":"158.94","end_time":"159.31","alternatives":[{"confidence":"0.9538","content":"군데는"}],"type":"pronunciation"},{"start_time":"159.31","end_time":"159.69","alternatives":[{"confidence":"0.9996","content":"금리가"}],"type":"pronunciation"},{"start_time":"159.69","end_time":"159.98","alternatives":[{"confidence":"0.9985","content":"높기"}],"type":"pronunciation"},{"start_time":"159.98","end_time":"160.58","alternatives":[{"confidence":"0.9996","content":"때문에"}],"type":"pronunciation"},{"start_time":"160.86","end_time":"161.08","alternatives":[{"confidence":"0.6727999999999998","content":"미세"}],"type":"pronunciation"},{"start_time":"161.08","end_time":"161.6","alternatives":[{"confidence":"0.9782","content":"군데랑"}],"type":"pronunciation"},{"start_time":"161.6","end_time":"161.92","alternatives":[{"confidence":"0.9999","content":"이번에"}],"type":"pronunciation"},{"start_time":"161.92","end_time":"162.28","alternatives":[{"confidence":"0.9298","content":"받는"}],"type":"pronunciation"},{"start_time":"162.28","end_time":"162.91","alternatives":[{"confidence":"0.83255","content":"대출해서"}],"type":"pronunciation"},{"start_time":"162.91","end_time":"163.04","alternatives":[{"confidence":"0.9814","content":"네"}],"type":"pronunciation"},{"start_time":"163.04","end_time":"163.68","alternatives":[{"confidence":"0.97725","content":"군데를"}],"type":"pronunciation"},{"start_time":"163.96","end_time":"164.21","alternatives":[{"confidence":"0.9856","content":"저희"}],"type":"pronunciation"},{"start_time":"164.21","end_time":"165.12","alternatives":[{"confidence":"0.8188","content":"롯데캐피탈에서"}],"type":"pronunciation"},{"start_time":"165.12","end_time":"165.27","alternatives":[{"confidence":"0.9987","content":"두"}],"type":"pronunciation"},{"start_time":"165.27","end_time":"165.49","alternatives":[{"confidence":"0.9936","content":"달"}],"type":"pronunciation"},{"start_time":"165.49","end_time":"165.95","alternatives":[{"confidence":"1.0","content":"후에"}],"type":"pronunciation"},{"start_time":"166.23","end_time":"166.52","alternatives":[{"confidence":"0.9531","content":"연"}],"type":"pronunciation"},{"start_time":"166.52","end_time":"166.87","alternatives":[{"confidence":"0.9616","content":"금리"}],"type":"pronunciation"},{"start_time":"166.87","end_time":"167.06","alternatives":[{"confidence":"0.9015","content":"구"}],"type":"pronunciation"},{"start_time":"167.06","end_time":"167.69","alternatives":[{"confidence":"0.9772","content":"프로로"}],"type":"pronunciation"},{"start_time":"167.69","end_time":"168.65","alternatives":[{"confidence":"0.9950333333333333","content":"채무통합으로"}],"type":"pronunciation"},{"start_time":"168.97","end_time":"169.31","alternatives":[{"confidence":"0.72575","content":"대관"}],"type":"pronunciation"},{"start_time":"169.31","end_time":"169.72","alternatives":[{"confidence":"0.9798","content":"대출을"}],"type":"pronunciation"},{"start_time":"169.72","end_time":"169.83","alternatives":[{"confidence":"0.6451","content":"해"}],"type":"pronunciation"},{"start_time":"169.83","end_time":"170.02","alternatives":[{"confidence":"0.7024","content":"드릴"}],"type":"pronunciation"},{"start_time":"170.02","end_time":"170.63","alternatives":[{"confidence":"1.0","content":"겁니다"}],"type":"pronunciation"},{"alternatives":[{"confidence":"0.0","content":"."}],"type":"punctuation"},{"start_time":"171.29","end_time":"172.18","alternatives":[{"confidence":"1.0","content":"대신에"}],"type":"pronunciation"},{"start_time":"172.19","end_time":"172.35","alternatives":[{"confidence":"0.9828","content":"뭐"}],"type":"pronunciation"},{"start_time":"172.36","end_time":"172.5","alternatives":[{"confidence":"0.9984","content":"두"}],"type":"pronunciation"},{"start_time":"172.5","end_time":"172.68","alternatives":[{"confidence":"0.9925","content":"달"}],"type":"pronunciation"},{"start_time":"172.68","end_time":"172.93","alternatives":[{"confidence":"1.0","content":"후에"}],"type":"pronunciation"},{"start_time":"172.93","end_time":"173.11","alternatives":[{"confidence":"0.9984","content":"제가"}],"type":"pronunciation"},{"start_time":"173.11","end_time":"173.57","alternatives":[{"confidence":"0.9998333333333335","content":"저금리로"}],"type":"pronunciation"},{"start_time":"173.57","end_time":"174.23","alternatives":[{"confidence":"0.9167666666666667","content":"대환대출을"}],"type":"pronunciation"},{"start_time":"174.23","end_time":"174.58","alternatives":[{"confidence":"0.9977","content":"아무나"}],"type":"pronunciation"},{"start_time":"174.58","end_time":"174.73","alternatives":[{"confidence":"0.9917","content":"다"}],"type":"pronunciation"},{"start_time":"174.73","end_time":"175.09","alternatives":[{"confidence":"0.8794500000000001","content":"해드릴"}],"type":"pronunciation"},{"start_time":"175.09","end_time":"175.23","alternatives":[{"confidence":"1.0","content":"수"}],"type":"pronunciation"},{"start_time":"175.23","end_time":"175.45","alternatives":[{"confidence":"0.9974","content":"있는"}],"type":"pronunciation"},{"start_time":"175.45","end_time":"175.56","alternatives":[{"confidence":"0.9974","content":"게"}],"type":"pronunciation"},{"start_time":"175.56","end_time":"176.33","alternatives":[{"confidence":"0.9975","content":"아니라"}],"type":"pronunciation"},{"start_time":"176.72","end_time":"176.86","alternatives":[{"confidence":"0.762","content":"이"}],"type":"pronunciation"},{"start_time":"176.86","end_time":"177.0","alternatives":[{"confidence":"0.8865","content":"두"}],"type":"pronunciation"},{"start_time":"177.0","end_time":"177.34","alternatives":[{"confidence":"0.7304","content":"달"}],"type":"pronunciation"},{"start_time":"177.34","end_time":"178.31","alternatives":[{"confidence":"0.7353","content":"신용관리기간"}],"type":"pronunciation"},{"start_time":"178.31","end_time":"179.03","alternatives":[{"confidence":"0.9957","content":"동안에는"}],"type":"pronunciation"},{"start_time":"179.38","end_time":"180.25","alternatives":[{"confidence":"1.0","content":"연체기록을"}],"type":"pronunciation"},{"start_time":"180.25","end_time":"180.56","alternatives":[{"confidence":"0.9044","content":"절대"}],"type":"pronunciation"},{"start_time":"180.56","end_time":"181.02","alternatives":[{"confidence":"0.9855","content":"생성을"}],"type":"pronunciation"},{"start_time":"181.02","end_time":"181.32","alternatives":[{"confidence":"1.0","content":"하시면"}],"type":"pronunciation"},{"start_time":"181.32","end_time":"181.45","alternatives":[{"confidence":"0.8577","content":"안"}],"type":"pronunciation"},{"start_time":"181.45","end_time":"182.35","alternatives":[{"confidence":"0.9283","content":"되고요"}],"type":"pronunciation"},{"alternatives":[{"confidence":"0.0","content":"."}],"type":"punctuation"},{"start_time":"182.38","end_time":"183.02","alternatives":[{"confidence":"0.9997","content":"그리고"}],"type":"pronunciation"},{"start_time":"183.32","end_time":"183.48","alternatives":[{"confidence":"1.0","content":"또"}],"type":"pronunciation"},{"start_time":"183.48","end_time":"183.79","alternatives":[{"confidence":"0.9595","content":"다른"}],"type":"pronunciation"},{"start_time":"183.79","end_time":"183.9","alternatives":[{"confidence":"0.755","content":"데"}],"type":"pronunciation"},{"start_time":"183.9","end_time":"184.41","alternatives":[{"confidence":"0.9993","content":"대출을"}],"type":"pronunciation"},{"start_time":"184.41","end_time":"185.35","alternatives":[{"confidence":"0.8769666666666667","content":"알아보시면서"}],"type":"pronunciation"},{"start_time":"185.36","end_time":"185.73","alternatives":[{"confidence":"0.87","content":"조회"}],"type":"pronunciation"},{"start_time":"185.73","end_time":"186.12","alternatives":[{"confidence":"1.0","content":"기록을"}],"type":"pronunciation"},{"start_time":"186.12","end_time":"186.62","alternatives":[{"confidence":"1.0","content":"남기시면"}],"type":"pronunciation"},{"start_time":"186.62","end_time":"186.72","alternatives":[{"confidence":"0.6436","content":"안"}],"type":"pronunciation"},{"start_time":"186.72","end_time":"187.67","alternatives":[{"confidence":"0.8223","content":"되거든요"}],"type":"pronunciation"},{"alternatives":[{"confidence":"0.0","content":"."}],"type":"punctuation"},{"start_time":"188.06","end_time":"188.65","alternatives":[{"confidence":"1.0","content":"그래서"}],"type":"pronunciation"},{"start_time":"188.65","end_time":"188.79","alternatives":[{"confidence":"0.9372","content":"이"}],"type":"pronunciation"},{"start_time":"188.79","end_time":"188.93","alternatives":[{"confidence":"0.8428","content":"두"}],"type":"pronunciation"},{"start_time":"188.93","end_time":"189.42","alternatives":[{"confidence":"0.999","content":"가지를"}],"type":"pronunciation"},{"start_time":"189.42","end_time":"189.53","alternatives":[{"confidence":"0.8842","content":"두"}],"type":"pronunciation"},{"start_time":"189.53","end_time":"189.76","alternatives":[{"confidence":"0.8635","content":"달"}],"type":"pronunciation"},{"start_time":"189.76","end_time":"190.02","alternatives":[{"confidence":"0.9735","content":"동안"}],"type":"pronunciation"},{"start_time":"190.02","end_time":"190.16","alternatives":[{"confidence":"0.9973","content":"좀"}],"type":"pronunciation"},{"start_time":"190.16","end_time":"190.78","alternatives":[{"confidence":"1.0","content":"정확하게"}],"type":"pronunciation"},{"start_time":"190.78","end_time":"191.16","alternatives":[{"confidence":"0.7997","content":"이행을"}],"type":"pronunciation"},{"start_time":"191.16","end_time":"192.14","alternatives":[{"confidence":"0.73525","content":"해주셔야"}],"type":"pronunciation"},{"start_time":"192.54","end_time":"193.2","alternatives":[{"confidence":"0.77935","content":"캐피탈에서"}],"type":"pronunciation"},{"start_time":"193.2","end_time":"193.34","alternatives":[{"confidence":"0.9985","content":"두"}],"type":"pronunciation"},{"start_time":"193.34","end_time":"193.53","alternatives":[{"confidence":"0.9936","content":"달"}],"type":"pronunciation"},{"start_time":"193.53","end_time":"193.94","alternatives":[{"confidence":"0.9996","content":"후에"}],"type":"pronunciation"},{"start_time":"194.25","end_time":"194.55","alternatives":[{"confidence":"0.486","content":"금리"}],"type":"pronunciation"},{"start_time":"194.55","end_time":"194.71","alternatives":[{"confidence":"0.9024","content":"구"}],"type":"pronunciation"},{"start_time":"194.71","end_time":"195.15","alternatives":[{"confidence":"0.9738","content":"프로로"}],"type":"pronunciation"},{"start_time":"195.15","end_time":"195.87","alternatives":[{"confidence":"0.9526","content":"대환대출을"}],"type":"pronunciation"},{"start_time":"195.87","end_time":"196.21","alternatives":[{"confidence":"0.7959499999999999","content":"해드릴"}],"type":"pronunciation"},{"start_time":"196.21","end_time":"196.41","alternatives":[{"confidence":"0.9966","content":"수가"}],"type":"pronunciation"},{"start_time":"196.41","end_time":"196.65","alternatives":[{"confidence":"0.9981","content":"있는"}],"type":"pronunciation"},{"start_time":"196.65","end_time":"197.33","alternatives":[{"confidence":"0.99855","content":"거고요"}],"type":"pronunciation"},{"alternatives":[{"confidence":"0.0","content":"."}],"type":"punctuation"},{"start_time":"198.13","end_time":"198.86","alternatives":[{"confidence":"1.0","content":"일단은"}],"type":"pronunciation"},{"start_time":"198.86","end_time":"199.22","alternatives":[{"confidence":"0.9364","content":"요번에"}],"type":"pronunciation"},{"start_time":"199.22","end_time":"199.46","alternatives":[{"confidence":"0.9875","content":"지금"}],"type":"pronunciation"},{"start_time":"199.46","end_time":"200.26","alternatives":[{"confidence":"0.8591","content":"생활자금으로"}],"type":"pronunciation"},{"start_time":"200.26","end_time":"200.43","alternatives":[{"confidence":"0.7484","content":"이제"}],"type":"pronunciation"},{"start_time":"200.44","end_time":"200.94","alternatives":[{"confidence":"0.9852000000000001","content":"나가시는"}],"type":"pronunciation"},{"start_time":"200.94","end_time":"201.45","alternatives":[{"confidence":"0.9400999999999999","content":"대출금에"}],"type":"pronunciation"},{"start_time":"201.45","end_time":"202.31","alternatives":[{"confidence":"0.99865","content":"한해서는"}],"type":"pronunciation"},{"start_time":"202.67","end_time":"202.95","alternatives":[{"confidence":"0.9987","content":"지금"}],"type":"pronunciation"},{"start_time":"202.95","end_time":"203.18","alternatives":[{"confidence":"1.0","content":"제가"}],"type":"pronunciation"},{"start_time":"203.18","end_time":"203.71","alternatives":[{"confidence":"0.9962","content":"설명드린"}],"type":"pronunciation"},{"start_time":"203.71","end_time":"204.01","alternatives":[{"confidence":"0.8364","content":"내용"}],"type":"pronunciation"},{"start_time":"204.01","end_time":"204.79","alternatives":[{"confidence":"0.92885","content":"들으셨으면"}],"type":"pronunciation"},{"start_time":"204.82","end_time":"205.61","alternatives":[{"confidence":"0.933","content":"고객님께서도"}],"type":"pronunciation"},{"start_time":"205.61","end_time":"206.02","alternatives":[{"confidence":"1.0","content":"충분히"}],"type":"pronunciation"},{"start_time":"206.02","end_time":"206.96","alternatives":[{"confidence":"0.9961333333333333","content":"이해하셨겠지만"}],"type":"pronunciation"},{"start_time":"207.25","end_time":"207.52","alternatives":[{"confidence":"0.9994","content":"이게"}],"type":"pronunciation"},{"start_time":"207.52","end_time":"208.08","alternatives":[{"confidence":"1.0","content":"정상적인"}],"type":"pronunciation"},{"start_time":"208.08","end_time":"208.66","alternatives":[{"confidence":"0.9962","content":"방법으로"}],"type":"pronunciation"},{"start_time":"208.66","end_time":"209.3","alternatives":[{"confidence":"0.9505","content":"진행되시는"}],"type":"pronunciation"},{"start_time":"209.3","end_time":"209.7","alternatives":[{"confidence":"0.9802500000000001","content":"대출은"}],"type":"pronunciation"},{"start_time":"209.7","end_time":"210.44","alternatives":[{"confidence":"0.9864","content":"아닙니다"}],"type":"pronunciation"},{"alternatives":[{"confidence":"0.0","content":"."}],"type":"punctuation"},{"start_time":"211.1","end_time":"211.42","alternatives":[{"confidence":"1.0","content":"근데"}],"type":"pronunciation"},{"start_time":"211.42","end_time":"211.72","alternatives":[{"confidence":"1.0","content":"이게"}],"type":"pronunciation"},{"start_time":"211.72","end_time":"211.96","alternatives":[{"confidence":"1.0","content":"제가"}],"type":"pronunciation"},{"start_time":"211.96","end_time":"212.17","alternatives":[{"confidence":"0.9894","content":"왜"}],"type":"pronunciation"},{"start_time":"212.17","end_time":"213.32","alternatives":[{"confidence":"0.9319666666666667","content":"설명드리냐면"}],"type":"pronunciation"},{"start_time":"213.68","end_time":"214.75","alternatives":[{"confidence":"0.9982500000000001","content":"고객님상황에서는"}],"type":"pronunciation"},{"start_time":"214.75","end_time":"214.85","alternatives":[{"confidence":"0.9985","content":"또"}],"type":"pronunciation"},{"start_time":"214.85","end_time":"215.14","alternatives":[{"confidence":"0.7685","content":"다른"}],"type":"pronunciation"},{"start_time":"215.14","end_time":"215.27","alternatives":[{"confidence":"0.6758","content":"데"}],"type":"pronunciation"},{"start_time":"215.27","end_time":"215.49","alternatives":[{"confidence":"0.4676","content":"서류"}],"type":"pronunciation"},{"start_time":"215.49","end_time":"215.93","alternatives":[{"confidence":"0.8946000000000001","content":"돌린다고"}],"type":"pronunciation"},{"start_time":"215.93","end_time":"216.07","alternatives":[{"confidence":"0.9792","content":"해서"}],"type":"pronunciation"},{"start_time":"216.07","end_time":"216.43","alternatives":[{"confidence":"0.7823","content":"대출이"}],"type":"pronunciation"},{"start_time":"216.43","end_time":"216.69","alternatives":[{"confidence":"0.9971","content":"나올"}],"type":"pronunciation"},{"start_time":"216.69","end_time":"216.77","alternatives":[{"confidence":"1.0","content":"수"}],"type":"pronunciation"},{"start_time":"216.77","end_time":"216.94","alternatives":[{"confidence":"0.9999","content":"있는"}],"type":"pronunciation"},{"start_time":"216.94","end_time":"217.23","alternatives":[{"confidence":"1.0","content":"상황이"}],"type":"pronunciation"},{"start_time":"217.23","end_time":"217.52","alternatives":[{"confidence":"1.0","content":"아니기"}],"type":"pronunciation"},{"start_time":"217.52","end_time":"217.75","alternatives":[{"confidence":"0.9992","content":"때문에"}],"type":"pronunciation"},{"start_time":"217.75","end_time":"217.91","alternatives":[{"confidence":"0.9997","content":"제가"}],"type":"pronunciation"},{"start_time":"217.91","end_time":"218.27","alternatives":[{"confidence":"0.9991","content":"설명을"}],"type":"pronunciation"},{"start_time":"218.27","end_time":"218.54","alternatives":[{"confidence":"0.688","content":"드리는"}],"type":"pronunciation"},{"start_time":"218.54","end_time":"219.47","alternatives":[{"confidence":"0.84745","content":"거거든요"}],"type":"pronunciation"},{"alternatives":[{"confidence":"0.0","content":"."}],"type":"punctuation"},{"start_time":"220.12","end_time":"220.41","alternatives":[{"confidence":"0.997","content":"이게"}],"type":"pronunciation"},{"start_time":"220.41","end_time":"221.0","alternatives":[{"confidence":"0.99965","content":"편법으로"}],"type":"pronunciation"},{"start_time":"221.0","end_time":"221.58","alternatives":[{"confidence":"0.9884","content":"진행되는"}],"type":"pronunciation"},{"start_time":"221.58","end_time":"222.55","alternatives":[{"confidence":"0.88575","content":"대출이고"}],"type":"pronunciation"},{"start_time":"222.58","end_time":"223.65","alternatives":[{"confidence":"0.8677","content":"고객님본인"}],"type":"pronunciation"},{"start_time":"223.66","end_time":"224.3","alternatives":[{"confidence":"0.9985999999999999","content":"자력으로"}],"type":"pronunciation"},{"start_time":"224.3","end_time":"224.46","alternatives":[{"confidence":"0.7389","content":"안"}],"type":"pronunciation"},{"start_time":"224.46","end_time":"224.73","alternatives":[{"confidence":"0.7371","content":"되는"}],"type":"pronunciation"},{"start_time":"224.73","end_time":"225.18","alternatives":[{"confidence":"0.5918","content":"대출"}],"type":"pronunciation"},{"start_time":"225.19","end_time":"225.7","alternatives":[{"confidence":"0.9901","content":"진행하는"}],"type":"pronunciation"},{"start_time":"225.7","end_time":"226.44","alternatives":[{"confidence":"1.0","content":"과정에서"}],"type":"pronunciation"},{"start_time":"226.47","end_time":"227.13","alternatives":[{"confidence":"1.0","content":"비용이"}],"type":"pronunciation"},{"start_time":"227.14","end_time":"227.35","alternatives":[{"confidence":"0.9999","content":"따로"}],"type":"pronunciation"},{"start_time":"227.35","end_time":"227.78","alternatives":[{"confidence":"0.9916","content":"발생이"}],"type":"pronunciation"},{"start_time":"227.78","end_time":"228.48","alternatives":[{"confidence":"1.0","content":"되십니다"}],"type":"pronunciation"},{"alternatives":[{"confidence":"0.0","content":"."}],"type":"punctuation"},{"start_time":"229.38","end_time":"229.8","alternatives":[{"confidence":"0.9965","content":"근데"}],"type":"pronunciation"},{"start_time":"229.8","end_time":"230.24","alternatives":[{"confidence":"1.0","content":"비용이"}],"type":"pronunciation"},{"start_time":"230.24","end_time":"230.72","alternatives":[{"confidence":"0.9982500000000001","content":"발생이"}],"type":"pronunciation"},{"start_time":"230.72","end_time":"231.13","alternatives":[{"confidence":"1.0","content":"된다고"}],"type":"pronunciation"},{"start_time":"231.13","end_time":"231.79","alternatives":[{"confidence":"0.9983","content":"해서"}],"type":"pronunciation"},{"start_time":"231.92","end_time":"232.61","alternatives":[{"confidence":"0.9986999999999999","content":"고객님께서"}],"type":"pronunciation"},{"start_time":"232.61","end_time":"233.05","alternatives":[{"confidence":"1.0","content":"본인이"}],"type":"pronunciation"},{"start_time":"233.05","end_time":"233.45","alternatives":[{"confidence":"0.9876","content":"먼저"}],"type":"pronunciation"},{"start_time":"233.45","end_time":"233.92","alternatives":[{"confidence":"0.9997","content":"부담을"}],"type":"pronunciation"},{"start_time":"233.92","end_time":"234.46","alternatives":[{"confidence":"0.99795","content":"하시라고"}],"type":"pronunciation"},{"start_time":"234.46","end_time":"234.94","alternatives":[{"confidence":"1.0","content":"말씀을"}],"type":"pronunciation"},{"start_time":"234.94","end_time":"235.27","alternatives":[{"confidence":"0.9326","content":"드리는"}],"type":"pronunciation"},{"start_time":"235.27","end_time":"235.39","alternatives":[{"confidence":"0.9368","content":"건"}],"type":"pronunciation"},{"start_time":"235.39","end_time":"235.82","alternatives":[{"confidence":"1.0","content":"당연히"}],"type":"pronunciation"},{"start_time":"235.82","end_time":"236.52","alternatives":[{"confidence":"0.9514","content":"아니고요"}],"type":"pronunciation"},{"alternatives":[{"confidence":"0.0","content":"."}],"type":"punctuation"},{"start_time":"237.02","end_time":"237.4","alternatives":[{"confidence":"0.8233","content":"일단"}],"type":"pronunciation"},{"start_time":"237.4","end_time":"238.03","alternatives":[{"confidence":"0.92775","content":"전산업체"}],"type":"pronunciation"},{"start_time":"238.03","end_time":"238.63","alternatives":[{"confidence":"0.9974","content":"측에서"}],"type":"pronunciation"},{"start_time":"238.63","end_time":"239.24","alternatives":[{"confidence":"0.9979","content":"선정된"}],"type":"pronunciation"},{"start_time":"239.24","end_time":"240.17","alternatives":[{"confidence":"0.9237500000000001","content":"금융사에서"}],"type":"pronunciation"},{"start_time":"240.17","end_time":"240.53","alternatives":[{"confidence":"0.9976","content":"승인이"}],"type":"pronunciation"},{"start_time":"240.53","end_time":"241.19","alternatives":[{"confidence":"0.9976499999999999","content":"나셔서"}],"type":"pronunciation"},{"start_time":"241.4","end_time":"242.29","alternatives":[{"confidence":"0.9996666666666667","content":"대출금입금을"}],"type":"pronunciation"},{"start_time":"242.29","end_time":"242.58","alternatives":[{"confidence":"0.9992","content":"먼저"}],"type":"pronunciation"},{"start_time":"242.58","end_time":"243.13","alternatives":[{"confidence":"0.87765","content":"받아보실"}],"type":"pronunciation"},{"start_time":"243.13","end_time":"243.69","alternatives":[{"confidence":"1.0","content":"겁니다"}],"type":"pronunciation"},{"alternatives":[{"confidence":"0.0","content":"."}],"type":"punctuation"},{"start_time":"244.37","end_time":"244.76","alternatives":[{"confidence":"0.9911","content":"그럼"}],"type":"pronunciation"},{"start_time":"244.76","end_time":"245.14","alternatives":[{"confidence":"0.9385","content":"본인이"}],"type":"pronunciation"},{"start_time":"245.14","end_time":"245.68","alternatives":[{"confidence":"0.98165","content":"입금받은"}],"type":"pronunciation"},{"start_time":"245.68","end_time":"245.82","alternatives":[{"confidence":"0.8605","content":"거"}],"type":"pronunciation"},{"start_time":"245.82","end_time":"245.96","alternatives":[{"confidence":"0.7946","content":"더"}],"type":"pronunciation"},{"start_time":"245.96","end_time":"247.08","alternatives":[{"confidence":"0.9915","content":"확인하시고"}],"type":"pronunciation"},{"alternatives":[{"confidence":"0.0","content":"."}],"type":"punctuation"},{"start_time":"247.08","end_time":"247.24","alternatives":[{"confidence":"0.9883","content":"그"}],"type":"pronunciation"},{"start_time":"247.24","end_time":"247.66","alternatives":[{"confidence":"1.0","content":"이후에"}],"type":"pronunciation"},{"start_time":"248.01","end_time":"249.0","alternatives":[{"confidence":"0.7944333333333334","content":"전산업체적으로"}],"type":"pronunciation"},{"start_time":"249.0","end_time":"249.64","alternatives":[{"confidence":"0.9326","content":"후불제로"}],"type":"pronunciation"},{"start_time":"249.64","end_time":"249.98","alternatives":[{"confidence":"0.7227","content":"비용"}],"type":"pronunciation"},{"start_time":"249.98","end_time":"250.35","alternatives":[{"confidence":"0.8032","content":"결제해"}],"type":"pronunciation"},{"start_time":"250.35","end_time":"250.67","alternatives":[{"confidence":"0.6076","content":"주시면"}],"type":"pronunciation"},{"start_time":"250.67","end_time":"251.57","alternatives":[{"confidence":"1.0","content":"되거든요"}],"type":"pronunciation"},{"alternatives":[{"confidence":"0.0","content":"."}],"type":"punctuation"},{"start_time":"252.3","end_time":"252.62","alternatives":[{"confidence":"0.874","content":"비용"}],"type":"pronunciation"},{"start_time":"252.62","end_time":"252.92","alternatives":[{"confidence":"1.0","content":"같은"}],"type":"pronunciation"},{"start_time":"252.92","end_time":"253.66","alternatives":[{"confidence":"1.0","content":"경우에는"}],"type":"pronunciation"},{"start_time":"253.66","end_time":"254.17","alternatives":[{"confidence":"0.9996499999999999","content":"고객님은"}],"type":"pronunciation"},{"start_time":"254.17","end_time":"254.62","alternatives":[{"confidence":"1.0","content":"그래도"}],"type":"pronunciation"},{"start_time":"254.62","end_time":"254.92","alternatives":[{"confidence":"0.94","content":"다른"}],"type":"pronunciation"},{"start_time":"254.92","end_time":"255.32","alternatives":[{"confidence":"0.63825","content":"분들에"}],"type":"pronunciation"},{"start_time":"255.32","end_time":"256.04","alternatives":[{"confidence":"0.9925999999999999","content":"비해서는"}],"type":"pronunciation"},{"start_time":"256.3","end_time":"256.73","alternatives":[{"confidence":"0.9986","content":"그나마"}],"type":"pronunciation"},{"start_time":"256.73","end_time":"257.03","alternatives":[{"confidence":"0.9997","content":"낮은"}],"type":"pronunciation"},{"start_time":"257.03","end_time":"257.59","alternatives":[{"confidence":"0.99895","content":"금액으로"}],"type":"pronunciation"},{"start_time":"257.59","end_time":"258.0","alternatives":[{"confidence":"0.97395","content":"측정이"}],"type":"pronunciation"},{"start_time":"258.0","end_time":"258.72","alternatives":[{"confidence":"0.9951","content":"되셨고요"}],"type":"pronunciation"},{"start_time":"259.15","end_time":"259.95","alternatives":[{"confidence":"0.9709","content":"진행하시는"}],"type":"pronunciation"},{"start_time":"259.95","end_time":"260.91","alternatives":[{"confidence":"0.8182999999999999","content":"대출금액에"}],"type":"pronunciation"},{"start_time":"260.92","end_time":"261.51","alternatives":[{"confidence":"0.9634","content":"삼십삼"}],"type":"pronunciation"},{"start_time":"261.51","end_time":"261.86","alternatives":[{"confidence":"0.99535","content":"프로로"}],"type":"pronunciation"},{"start_time":"261.86","end_time":"262.28","alternatives":[{"confidence":"0.81385","content":"측정이"}],"type":"pronunciation"},{"start_time":"262.28","end_time":"263.17","alternatives":[{"confidence":"0.99285","content":"되셨고요"}],"type":"pronunciation"},{"start_time":"263.56","end_time":"264.07","alternatives":[{"confidence":"0.9797","content":"삼십삼"}],"type":"pronunciation"},{"start_time":"264.07","end_time":"264.54","alternatives":[{"confidence":"0.9979","content":"프로라고"}],"type":"pronunciation"},{"start_time":"264.54","end_time":"265.01","alternatives":[{"confidence":"0.9985","content":"하면"}],"type":"pronunciation"},{"start_time":"265.01","end_time":"265.35","alternatives":[{"confidence":"0.9931","content":"백만"}],"type":"pronunciation"},{"start_time":"265.35","end_time":"265.74","alternatives":[{"confidence":"0.7552000000000001","content":"원당"}],"type":"pronunciation"},{"start_time":"265.74","end_time":"266.41","alternatives":[{"confidence":"0.8948999999999999","content":"삼십삼만"}],"type":"pronunciation"},{"start_time":"266.41","end_time":"266.67","alternatives":[{"confidence":"0.9717","content":"원이"}],"type":"pronunciation"},{"start_time":"266.96","end_time":"267.7","alternatives":[{"confidence":"0.9995","content":"전산비용으로"}],"type":"pronunciation"},{"start_time":"267.7","end_time":"268.1","alternatives":[{"confidence":"0.99885","content":"발생이"}],"type":"pronunciation"},{"start_time":"268.1","end_time":"268.5","alternatives":[{"confidence":"1.0","content":"된다고"}],"type":"pronunciation"},{"start_time":"268.5","end_time":"268.89","alternatives":[{"confidence":"1.0","content":"생각을"}],"type":"pronunciation"},{"start_time":"268.89","end_time":"269.17","alternatives":[{"confidence":"1.0","content":"하시면"}],"type":"pronunciation"},{"start_time":"269.17","end_time":"269.82","alternatives":[{"confidence":"1.0","content":"되거든요"}],"type":"pronunciation"},{"alternatives":[{"confidence":"0.0","content":"."}],"type":"punctuation"},{"start_time":"270.43","end_time":"270.68","alternatives":[{"confidence":"0.9994","content":"이게"}],"type":"pronunciation"},{"start_time":"270.68","end_time":"270.9","alternatives":[{"confidence":"0.8502","content":"백"}],"type":"pronunciation"},{"start_time":"270.9","end_time":"271.55","alternatives":[{"confidence":"0.8956","content":"프로"}],"type":"pronunciation"},{"start_time":"271.55","end_time":"272.34","alternatives":[{"confidence":"0.9341333333333334","content":"가능하신데"}],"type":"pronunciation"},{"start_time":"272.34","end_time":"272.74","alternatives":[{"confidence":"0.9924","content":"처리를"}],"type":"pronunciation"},{"start_time":"272.74","end_time":"273.38","alternatives":[{"confidence":"1.0","content":"해서"}],"type":"pronunciation"},{"start_time":"273.39","end_time":"273.68","alternatives":[{"confidence":"0.9993","content":"제가"}],"type":"pronunciation"},{"start_time":"273.68","end_time":"274.11","alternatives":[{"confidence":"0.9792","content":"설명을"}],"type":"pronunciation"},{"start_time":"274.11","end_time":"274.33","alternatives":[{"confidence":"0.9137","content":"드린"}],"type":"pronunciation"},{"start_time":"274.33","end_time":"274.9","alternatives":[{"confidence":"1.0","content":"거고"}],"type":"pronunciation"},{"start_time":"275.31","end_time":"275.86","alternatives":[{"confidence":"0.94135","content":"진행하실"}],"type":"pronunciation"},{"start_time":"275.86","end_time":"276.3","alternatives":[{"confidence":"1.0","content":"의사가"}],"type":"pronunciation"},{"start_time":"276.3","end_time":"276.63","alternatives":[{"confidence":"0.995","content":"있다고"}],"type":"pronunciation"},{"start_time":"276.63","end_time":"277.18","alternatives":[{"confidence":"0.9921","content":"하시면"}],"type":"pronunciation"},{"start_time":"277.18","end_time":"277.41","alternatives":[{"confidence":"0.9245","content":"오늘"}],"type":"pronunciation"},{"start_time":"277.41","end_time":"277.98","alternatives":[{"confidence":"0.9419","content":"안쪽으로"}],"type":"pronunciation"},{"start_time":"277.98","end_time":"278.51","alternatives":[{"confidence":"0.3399","content":"성철이"}],"type":"pronunciation"},{"start_time":"278.51","end_time":"278.94","alternatives":[{"confidence":"0.9831","content":"까지"}],"type":"pronunciation"},{"start_time":"279.16","end_time":"279.59","alternatives":[{"confidence":"0.5369","content":"진행을"}],"type":"pronunciation"},{"start_time":"279.59","end_time":"279.8","alternatives":[{"confidence":"0.5853","content":"다"}],"type":"pronunciation"},{"start_time":"279.8","end_time":"280.12","alternatives":[{"confidence":"1.0","content":"도움을"}],"type":"pronunciation"},{"start_time":"280.12","end_time":"280.33","alternatives":[{"confidence":"1.0","content":"드릴"}],"type":"pronunciation"},{"start_time":"280.33","end_time":"280.95","alternatives":[{"confidence":"1.0","content":"거고요"}],"type":"pronunciation"},{"alternatives":[{"confidence":"0.0","content":"."}],"type":"punctuation"},{"start_time":"281.3","end_time":"281.63","alternatives":[{"confidence":"0.9998","content":"의사가"}],"type":"pronunciation"},{"start_time":"281.63","end_time":"282.03","alternatives":[{"confidence":"1.0","content":"없다고"}],"type":"pronunciation"},{"start_time":"282.03","end_time":"282.59","alternatives":[{"confidence":"0.9991","content":"하시면"}],"type":"pronunciation"},{"start_time":"282.59","end_time":"283.03","alternatives":[{"confidence":"0.69265","content":"서류는"}],"type":"pronunciation"},{"start_time":"283.03","end_time":"283.25","alternatives":[{"confidence":"0.9983","content":"제가"}],"type":"pronunciation"},{"start_time":"283.25","end_time":"283.7","alternatives":[{"confidence":"1.0","content":"안전하게"}],"type":"pronunciation"},{"start_time":"283.7","end_time":"284.07","alternatives":[{"confidence":"0.9229","content":"폐기해"}],"type":"pronunciation"},{"start_time":"284.07","end_time":"284.26","alternatives":[{"confidence":"0.8972","content":"드릴"}],"type":"pronunciation"},{"start_time":"284.26","end_time":"285.18","alternatives":[{"confidence":"0.97495","content":"거고요"}],"type":"pronunciation"},{"alternatives":[{"confidence":"0.0","content":"."}],"type":"punctuation"},{"start_time":"289.02","end_time":"289.32","alternatives":[{"confidence":"0.9993","content":"그렇죠"}],"type":"pronunciation"},{"alternatives":[{"confidence":"0.0","content":"."}],"type":"punctuation"},{"start_time":"289.32","end_time":"289.63","alternatives":[{"confidence":"0.9953","content":"이번에"}],"type":"pronunciation"},{"start_time":"289.63","end_time":"290.01","alternatives":[{"confidence":"0.9599","content":"나가는"}],"type":"pronunciation"},{"start_time":"290.01","end_time":"290.36","alternatives":[{"confidence":"0.892","content":"대출에"}],"type":"pronunciation"},{"start_time":"290.36","end_time":"291.15","alternatives":[{"confidence":"0.99835","content":"한해서는"}],"type":"pronunciation"},{"start_time":"291.49","end_time":"292.33","alternatives":[{"confidence":"0.8992666666666667","content":"고객님좌석으로"}],"type":"pronunciation"},{"start_time":"292.33","end_time":"292.65","alternatives":[{"confidence":"0.9617","content":"대출이"}],"type":"pronunciation"},{"start_time":"292.65","end_time":"293.0","alternatives":[{"confidence":"0.9969","content":"나가는"}],"type":"pronunciation"},{"start_time":"293.0","end_time":"293.1","alternatives":[{"confidence":"0.997","content":"게"}],"type":"pronunciation"},{"start_time":"293.1","end_time":"293.47","alternatives":[{"confidence":"0.9988","content":"아니다"}],"type":"pronunciation"},{"start_time":"293.47","end_time":"293.93","alternatives":[{"confidence":"0.9997","content":"보니까"}],"type":"pronunciation"},{"start_time":"293.93","end_time":"294.27","alternatives":[{"confidence":"1.0","content":"비용이"}],"type":"pronunciation"},{"start_time":"294.27","end_time":"294.49","alternatives":[{"confidence":"0.9972","content":"따로"}],"type":"pronunciation"},{"start_time":"294.49","end_time":"294.72","alternatives":[{"confidence":"0.7092","content":"한번"}],"type":"pronunciation"},{"start_time":"294.72","end_time":"295.27","alternatives":[{"confidence":"0.9707","content":"들어가시는"}],"type":"pronunciation"},{"start_time":"295.27","end_time":"295.76","alternatives":[{"confidence":"1.0","content":"거예요"}],"type":"pronunciation"},{"alternatives":[{"confidence":"0.0","content":"."}],"type":"punctuation"},{"start_time":"299.18","end_time":"299.42","alternatives":[{"confidence":"0.7908","content":"그렇게"}],"type":"pronunciation"},{"start_time":"299.42","end_time":"299.96","alternatives":[{"confidence":"0.9927","content":"생각하시면"}],"type":"pronunciation"},{"start_time":"299.96","end_time":"300.1","alternatives":[{"confidence":"0.9566","content":"안"}],"type":"pronunciation"},{"start_time":"300.1","end_time":"300.29","alternatives":[{"confidence":"0.9581","content":"돼요"}],"type":"pronunciation"},{"alternatives":[{"confidence":"0.0","content":"."}],"type":"punctuation"},{"start_time":"300.87","end_time":"302.26","alternatives":[{"confidence":"0.7877","content":"왜냐면"}],"type":"pronunciation"},{"start_time":"302.29","end_time":"302.43","alternatives":[{"confidence":"0.8126","content":"이게"}],"type":"pronunciation"},{"start_time":"302.44","end_time":"302.58","alternatives":[{"confidence":"0.9959","content":"두"}],"type":"pronunciation"},{"start_time":"302.58","end_time":"302.75","alternatives":[{"confidence":"0.9906","content":"달"}],"type":"pronunciation"},{"start_time":"302.75","end_time":"303.08","alternatives":[{"confidence":"0.9999","content":"있다가"}],"type":"pronunciation"},{"start_time":"303.08","end_time":"303.24","alternatives":[{"confidence":"0.5155","content":"그"}],"type":"pronunciation"},{"start_time":"303.24","end_time":"303.5","alternatives":[{"confidence":"0.5445","content":"이구"}],"type":"pronunciation"},{"start_time":"303.5","end_time":"303.82","alternatives":[{"confidence":"0.8867","content":"프로"}],"type":"pronunciation"},{"start_time":"303.82","end_time":"304.46","alternatives":[{"confidence":"0.9149666666666666","content":"대환대출"}],"type":"pronunciation"},{"start_time":"304.46","end_time":"304.99","alternatives":[{"confidence":"0.95485","content":"해드리면은"}],"type":"pronunciation"},{"start_time":"304.99","end_time":"305.15","alternatives":[{"confidence":"0.9493","content":"한"}],"type":"pronunciation"},{"start_time":"305.15","end_time":"305.33","alternatives":[{"confidence":"0.9418","content":"달에"}],"type":"pronunciation"},{"start_time":"305.33","end_time":"305.71","alternatives":[{"confidence":"0.7369","content":"나가는"}],"type":"pronunciation"},{"start_time":"305.71","end_time":"305.94","alternatives":[{"confidence":"0.3889","content":"이자"}],"type":"pronunciation"},{"start_time":"305.94","end_time":"306.24","alternatives":[{"confidence":"0.9989","content":"자체가"}],"type":"pronunciation"},{"start_time":"306.24","end_time":"307.3","alternatives":[{"confidence":"0.99855","content":"틀려져요"}],"type":"pronunciation"},{"start_time":"307.75","end_time":"308.34","alternatives":[{"confidence":"1.0","content":"이번에"}],"type":"pronunciation"},{"start_time":"308.37","end_time":"308.97","alternatives":[{"confidence":"0.4863","content":"그니까"}],"type":"pronunciation"},{"start_time":"309.34","end_time":"309.63","alternatives":[{"confidence":"0.9995","content":"같은"}],"type":"pronunciation"},{"start_time":"309.63","end_time":"310.49","alternatives":[{"confidence":"1.0","content":"경우에는"}],"type":"pronunciation"},{"start_time":"310.49","end_time":"310.61","alternatives":[{"confidence":"0.7289","content":"뭐"}],"type":"pronunciation"},{"start_time":"310.62","end_time":"311.19","alternatives":[{"confidence":"0.84855","content":"연금니가"}],"type":"pronunciation"},{"start_time":"311.19","end_time":"311.33","alternatives":[{"confidence":"0.9875","content":"뭐"}],"type":"pronunciation"},{"start_time":"311.34","end_time":"311.66","alternatives":[{"confidence":"0.90655","content":"몇천"}],"type":"pronunciation"},{"start_time":"311.66","end_time":"311.86","alternatives":[{"confidence":"0.969","content":"프로"}],"type":"pronunciation"},{"start_time":"311.86","end_time":"311.98","alternatives":[{"confidence":"0.993","content":"막"}],"type":"pronunciation"},{"start_time":"311.98","end_time":"312.18","alternatives":[{"confidence":"0.994","content":"이렇게"}],"type":"pronunciation"},{"start_time":"312.18","end_time":"313.26","alternatives":[{"confidence":"0.9998","content":"되잖아요"}],"type":"pronunciation"},{"alternatives":[{"confidence":"0.0","content":"."}],"type":"punctuation"},{"start_time":"313.47","end_time":"313.77","alternatives":[{"confidence":"0.9683","content":"이번에"}],"type":"pronunciation"},{"start_time":"313.77","end_time":"313.97","alternatives":[{"confidence":"0.6912","content":"한"}],"type":"pronunciation"},{"start_time":"313.97","end_time":"314.3","alternatives":[{"confidence":"0.6838","content":"번만"}],"type":"pronunciation"},{"start_time":"314.3","end_time":"314.8","alternatives":[{"confidence":"0.9746999999999999","content":"들어가시는"}],"type":"pronunciation"},{"start_time":"314.8","end_time":"315.57","alternatives":[{"confidence":"0.97175","content":"거고요"}],"type":"pronunciation"},{"alternatives":[{"confidence":"0.0","content":"."}],"type":"punctuation"},{"start_time":"316.06","end_time":"316.63","alternatives":[{"confidence":"0.9992","content":"이거는"}],"type":"pronunciation"},{"start_time":"316.63","end_time":"317.01","alternatives":[{"confidence":"0.9631000000000001","content":"이자가"}],"type":"pronunciation"},{"start_time":"317.01","end_time":"317.33","alternatives":[{"confidence":"0.9789","content":"나가는"}],"type":"pronunciation"},{"start_time":"317.33","end_time":"317.43","alternatives":[{"confidence":"0.9811","content":"게"}],"type":"pronunciation"},{"start_time":"317.43","end_time":"318.11","alternatives":[{"confidence":"0.9809","content":"아니라"}],"type":"pronunciation"},{"start_time":"318.26","end_time":"318.58","alternatives":[{"confidence":"0.9996","content":"이번에"}],"type":"pronunciation"},{"start_time":"318.58","end_time":"318.97","alternatives":[{"confidence":"0.9596","content":"나가는"}],"type":"pronunciation"},{"start_time":"318.97","end_time":"319.3","alternatives":[{"confidence":"0.82095","content":"대출이"}],"type":"pronunciation"},{"start_time":"319.3","end_time":"320.19","alternatives":[{"confidence":"0.997","content":"고객님자력으로"}],"type":"pronunciation"},{"start_time":"320.19","end_time":"320.51","alternatives":[{"confidence":"0.78525","content":"대출이"}],"type":"pronunciation"},{"start_time":"320.51","end_time":"320.87","alternatives":[{"confidence":"0.9985","content":"나가는"}],"type":"pronunciation"},{"start_time":"320.87","end_time":"320.96","alternatives":[{"confidence":"0.9985","content":"게"}],"type":"pronunciation"},{"start_time":"320.96","end_time":"321.34","alternatives":[{"confidence":"0.9917","content":"아니다"}],"type":"pronunciation"},{"start_time":"321.34","end_time":"321.63","alternatives":[{"confidence":"0.9991","content":"보니까"}],"type":"pronunciation"},{"start_time":"321.63","end_time":"321.98","alternatives":[{"confidence":"1.0","content":"비용이"}],"type":"pronunciation"},{"start_time":"321.99","end_time":"322.26","alternatives":[{"confidence":"0.9999","content":"따로"}],"type":"pronunciation"},{"start_time":"322.26","end_time":"322.84","alternatives":[{"confidence":"0.99815","content":"들어가시는"}],"type":"pronunciation"},{"start_time":"322.84","end_time":"323.7","alternatives":[{"confidence":"1.0","content":"거예요"}],"type":"pronunciation"},{"alternatives":[{"confidence":"0.0","content":"."}],"type":"punctuation"},{"start_time":"327.51","end_time":"327.91","alternatives":[{"confidence":"1.0","content":"저렴한"}],"type":"pronunciation"},{"start_time":"328.27","end_time":"328.87","alternatives":[{"confidence":"0.8268500000000001","content":"고객님생각이"}],"type":"pronunciation"},{"start_time":"329.0","end_time":"329.25","alternatives":[{"confidence":"0.4652","content":"이라는"}],"type":"pronunciation"},{"start_time":"329.25","end_time":"329.37","alternatives":[{"confidence":"0.8515","content":"건"}],"type":"pronunciation"},{"start_time":"329.37","end_time":"329.71","alternatives":[{"confidence":"0.9875","content":"아니에요"}],"type":"pronunciation"},{"alternatives":[{"confidence":"0.0","content":"."}],"type":"punctuation"},{"start_time":"329.72","end_time":"330.11","alternatives":[{"confidence":"0.9991","content":"저렴한"}],"type":"pronunciation"},{"start_time":"330.11","end_time":"330.37","alternatives":[{"confidence":"0.5741","content":"비용은"}],"type":"pronunciation"},{"start_time":"330.37","end_time":"331.12","alternatives":[{"confidence":"1.0","content":"아니지만"}],"type":"pronunciation"},{"start_time":"331.81","end_time":"331.98","alternatives":[{"confidence":"0.9625","content":"이게"}],"type":"pronunciation"},{"start_time":"331.98","end_time":"332.52","alternatives":[{"confidence":"1.0","content":"확실하게"}],"type":"pronunciation"},{"start_time":"332.55","end_time":"332.77","alternatives":[{"confidence":"0.4711","content":"백"}],"type":"pronunciation"},{"start_time":"332.77","end_time":"332.92","alternatives":[{"confidence":"0.9375","content":"프로"}],"type":"pronunciation"},{"start_time":"332.92","end_time":"333.17","alternatives":[{"confidence":"0.9865","content":"나갈"}],"type":"pronunciation"},{"start_time":"333.17","end_time":"333.24","alternatives":[{"confidence":"0.9995","content":"수"}],"type":"pronunciation"},{"start_time":"333.24","end_time":"333.39","alternatives":[{"confidence":"0.9952","content":"있는"}],"type":"pronunciation"},{"start_time":"333.39","end_time":"333.96","alternatives":[{"confidence":"0.8342","content":"대출이라서"}],"type":"pronunciation"},{"start_time":"333.96","end_time":"334.13","alternatives":[{"confidence":"0.9995","content":"제가"}],"type":"pronunciation"},{"start_time":"334.13","end_time":"334.48","alternatives":[{"confidence":"0.9922","content":"설명을"}],"type":"pronunciation"},{"start_time":"334.48","end_time":"334.72","alternatives":[{"confidence":"0.7657","content":"드린"}],"type":"pronunciation"},{"start_time":"334.72","end_time":"335.34","alternatives":[{"confidence":"0.9988","content":"거예요"}],"type":"pronunciation"},{"alternatives":[{"confidence":"0.0","content":"."}],"type":"punctuation"},{"start_time":"338.06","end_time":"338.45","alternatives":[{"confidence":"0.9994","content":"뭐"}],"type":"pronunciation"},{"start_time":"338.46","end_time":"338.78","alternatives":[{"confidence":"0.9989","content":"그거는"}],"type":"pronunciation"},{"start_time":"338.78","end_time":"339.11","alternatives":[{"confidence":"0.9981","content":"나중에"}],"type":"pronunciation"},{"start_time":"339.17","end_time":"339.24","alternatives":[{"confidence":"0.3453","content":"또"}],"type":"pronunciation"},{"start_time":"339.24","end_time":"339.35","alternatives":[{"confidence":"0.9708","content":"안"}],"type":"pronunciation"},{"start_time":"339.35","end_time":"339.57","alternatives":[{"confidence":"0.9721","content":"나올"}],"type":"pronunciation"},{"start_time":"339.57","end_time":"339.72","alternatives":[{"confidence":"0.9997","content":"수도"}],"type":"pronunciation"},{"start_time":"339.72","end_time":"339.95","alternatives":[{"confidence":"0.9988","content":"있고"}],"type":"pronunciation"},{"alternatives":[{"confidence":"0.0","content":","}],"type":"punctuation"},{"start_time":"340.13","end_time":"340.48","alternatives":[{"confidence":"0.43789999999999996","content":"그거는"}],"type":"pronunciation"},{"start_time":"341.4","end_time":"341.72","alternatives":[{"confidence":"0.9992","content":"진짜"}],"type":"pronunciation"},{"start_time":"341.72","end_time":"342.12","alternatives":[{"confidence":"0.9941","content":"나중에"}],"type":"pronunciation"},{"start_time":"342.18","end_time":"342.37","alternatives":[{"confidence":"0.5797","content":"이자"}],"type":"pronunciation"},{"start_time":"342.37","end_time":"342.92","alternatives":[{"confidence":"0.9686","content":"갔다가"}],"type":"pronunciation"},{"start_time":"342.92","end_time":"343.46","alternatives":[{"confidence":"0.9866","content":"나중에"}],"type":"pronunciation"},{"start_time":"343.49","end_time":"343.84","alternatives":[{"confidence":"0.53035","content":"연금도"}],"type":"pronunciation"},{"start_time":"343.84","end_time":"344.11","alternatives":[{"confidence":"0.3858","content":"제대로"}],"type":"pronunciation"},{"start_time":"346.86","end_time":"347.1","alternatives":[{"confidence":"0.2769","content":"되는"}],"type":"pronunciation"},{"start_time":"347.1","end_time":"347.66","alternatives":[{"confidence":"0.9976","content":"거고"}],"type":"pronunciation"},{"alternatives":[{"confidence":"0.0","content":","}],"type":"punctuation"},{"start_time":"348.74","end_time":"349.36","alternatives":[{"confidence":"0.9988","content":"나중에"}],"type":"pronunciation"},{"start_time":"349.73","end_time":"349.87","alternatives":[{"confidence":"0.2467","content":"으로"}],"type":"pronunciation"},{"start_time":"349.87","end_time":"350.23","alternatives":[{"confidence":"0.6043000000000001","content":"해갖고"}],"type":"pronunciation"},{"start_time":"350.23","end_time":"350.68","alternatives":[{"confidence":"0.8028","content":"나가시는"}],"type":"pronunciation"},{"start_time":"350.68","end_time":"350.77","alternatives":[{"confidence":"0.6552","content":"거"}],"type":"pronunciation"},{"start_time":"351.51","end_time":"351.94","alternatives":[{"confidence":"0.7288","content":"해보시면"}],"type":"pronunciation"},{"start_time":"353.46","end_time":"354.34","alternatives":[{"confidence":"0.9606","content":"뭐"}],"type":"pronunciation"},{"start_time":"354.42","end_time":"354.85","alternatives":[{"confidence":"0.984","content":"뭐"}],"type":"pronunciation"},{"start_time":"354.88","end_time":"355.17","alternatives":[{"confidence":"0.7161","content":"일"}],"type":"pronunciation"},{"start_time":"355.17","end_time":"355.28","alternatives":[{"confidence":"0.9489","content":"수"}],"type":"pronunciation"},{"start_time":"355.28","end_time":"355.53","alternatives":[{"confidence":"0.9991","content":"같은"}],"type":"pronunciation"},{"start_time":"355.53","end_time":"355.59","alternatives":[{"confidence":"0.9981","content":"거"}],"type":"pronunciation"},{"alternatives":[{"confidence":"0.0","content":","}],"type":"punctuation"},{"start_time":"355.59","end_time":"355.81","alternatives":[{"confidence":"0.9969","content":"그런"}],"type":"pronunciation"},{"start_time":"355.81","end_time":"356.09","alternatives":[{"confidence":"0.9953","content":"거"}],"type":"pronunciation"},{"start_time":"356.1","end_time":"356.8","alternatives":[{"confidence":"1.0","content":"알아보지"}],"type":"pronunciation"},{"start_time":"356.8","end_time":"357.11","alternatives":[{"confidence":"0.24820000000000003","content":"않으실"}],"type":"pronunciation"},{"start_time":"358.94","end_time":"359.15","alternatives":[{"confidence":"0.372","content":"사십"}],"type":"pronunciation"},{"start_time":"359.15","end_time":"359.31","alternatives":[{"confidence":"0.7615","content":"프로"}],"type":"pronunciation"},{"start_time":"359.32","end_time":"359.57","alternatives":[{"confidence":"0.9085","content":"빼고"}],"type":"pronunciation"},{"start_time":"359.57","end_time":"360.01","alternatives":[{"confidence":"0.9746","content":"나중에"}],"type":"pronunciation"},{"start_time":"360.89","end_time":"361.12","alternatives":[{"confidence":"0.999","content":"저희가"}],"type":"pronunciation"},{"start_time":"361.12","end_time":"361.36","alternatives":[{"confidence":"0.9994","content":"하루에"}],"type":"pronunciation"},{"start_time":"361.36","end_time":"361.47","alternatives":[{"confidence":"0.8199","content":"한"}],"type":"pronunciation"},{"start_time":"361.47","end_time":"361.81","alternatives":[{"confidence":"0.7619","content":"번씩"}],"type":"pronunciation"},{"start_time":"361.82","end_time":"362.12","alternatives":[{"confidence":"0.3942","content":"갚는"}],"type":"pronunciation"},{"start_time":"362.12","end_time":"362.33","alternatives":[{"confidence":"0.3563","content":"거죠"}],"type":"pronunciation"},{"alternatives":[{"confidence":"0.0","content":"."}],"type":"punctuation"},{"start_time":"362.53","end_time":"362.99","alternatives":[{"confidence":"0.9882","content":"나중에"}],"type":"pronunciation"},{"start_time":"362.99","end_time":"363.77","alternatives":[{"confidence":"0.80505","content":"계산하면은"}],"type":"pronunciation"},{"start_time":"364.44","end_time":"364.72","alternatives":[{"confidence":"0.9925999999999999","content":"이자가"}],"type":"pronunciation"},{"start_time":"364.72","end_time":"365.11","alternatives":[{"confidence":"1.0","content":"장난이"}],"type":"pronunciation"},{"start_time":"365.11","end_time":"365.51","alternatives":[{"confidence":"0.7618","content":"아니에요"}],"type":"pronunciation"},{"alternatives":[{"confidence":"0.0","content":"."}],"type":"punctuation"},{"start_time":"366.73","end_time":"367.58","alternatives":[{"confidence":"0.6138333333333333","content":"딸딸한"}],"type":"pronunciation"},{"start_time":"367.58","end_time":"367.74","alternatives":[{"confidence":"0.3108","content":"달에"}],"type":"pronunciation"},{"start_time":"368.17","end_time":"368.5","alternatives":[{"confidence":"0.8752","content":"하더라고"}],"type":"pronunciation"},{"alternatives":[{"confidence":"0.0","content":"."}],"type":"punctuation"},{"start_time":"369.6","end_time":"370.03","alternatives":[{"confidence":"0.8198","content":"되게"}],"type":"pronunciation"},{"start_time":"370.03","end_time":"370.62","alternatives":[{"confidence":"0.9972","content":"십만원이"}],"type":"pronunciation"},{"start_time":"370.62","end_time":"370.87","alternatives":[{"confidence":"0.9996","content":"아니라"}],"type":"pronunciation"},{"start_time":"370.87","end_time":"371.16","alternatives":[{"confidence":"0.3158","content":"그건"}],"type":"pronunciation"},{"start_time":"371.25","end_time":"372.07","alternatives":[{"confidence":"0.95685","content":"십만원은"}],"type":"pronunciation"},{"start_time":"372.07","end_time":"372.21","alternatives":[{"confidence":"0.9889","content":"이제"}],"type":"pronunciation"},{"start_time":"372.6","end_time":"372.85","alternatives":[{"confidence":"0.8077","content":"뜨는"}],"type":"pronunciation"},{"start_time":"372.85","end_time":"373.05","alternatives":[{"confidence":"1.0","content":"거고"}],"type":"pronunciation"},{"start_time":"373.05","end_time":"373.26","alternatives":[{"confidence":"0.9696","content":"이제"}],"type":"pronunciation"},{"start_time":"373.26","end_time":"374.05","alternatives":[{"confidence":"0.27695000000000003","content":"이자있죠"}],"type":"pronunciation"},{"alternatives":[{"confidence":"0.0","content":"."}],"type":"punctuation"}]},"status":"COMPLETED"}