{"jobName":"transcribe_loan138","accountId":"097989105209","results":{"transcripts":[{"transcript":"주시면은. 그리고 이백만원을 저희가 다시 반납금 으로 해서 오분 안으로 돼지금 나감과 동시에 문화를 저희가 반납처리해주겠다는 거예요. 바로 이해되시는 거죠. 그래서 고객님으로 인해서 이게 왜냐하면 저희 쪽에 법적으로 민원증이나 이런 부분으로 해서 고객님으로 인해서 제 3 자나 이런 부분을 해서 저희 쪽에 의해 되게 되는 부분만 안 들어오면은 문제가 없다는 얘기입니다. 지금 하시는 과정 중에 이게 편법이 부분 이다 보니까 법적인 책임이 좀 가중하셔가지고는. 전 선생님 저희가 의뢰를 하려면 이 정도는 고객님그래도 이게 되셔야 전산에서 이게 그게 떨어지셔야 많이 이분도 작업 들어갈 수 있는 거거든요. 예. 이해되시는 거죠. 그래서 일단은 시간상 관계로 고객님지금 계시잖아요. 그래서 일단 저희들이거한 시간 정도 시간 넉넉히 잡고 지금 처리하시게 됐으면은 늦어도 5 시 반이나 정말 정말 늦어도 6 시까지 이거는 결제나갈 수 있는 건데 처리나갈 수 있는 건데 그렇게 해서 모임이 진행가능하다고 하시면 제가 전산팀에 지금 그 작업 할 수 있는 관리자가 일단 저희도 섭외를 해야 돼요. 여기에 대해서 설명을 해주고 섭외를 해서 가상계좌를 아내가 들어오시는 거기 때문에 안내들어오시면은 저희가 이게 소득이 되는 부분이 아니기 때문에 저희 회사 법인 계좌로 저희가 받으면 안 돼요. 이거는 저희가 다시 반납처리들어가야 되는 거고 어쨌든 작업 권으로 편법적으로 이루어지는 거기 때문에 그래서 고객님이 동의를 하시면은 제가 이거는 전산팀이 작업 할 수 있는 관리장첩을 해서 그분 가상계좌로 해서 저희가 안내를 해줄 거고요. 고객님이 순환처리들어오시면은 저희가 영수증을 발급해서 본인이 이름으로요 영수증이 발급때문에 영수증남바가 있을 거 아니에요. 그거를 저희가 전산에 입력을 하자 많이 이게 동의가 되신 걸로 하셔가지고 전산작업이 이루어질 수 있는 거예요. 작업이 이루어지면은 한 시간 안으로 작업이 마무리되시는 대로 대출금팔백만원과 동시에 이거는 동시에 이백만원 반납처리들어가면 안 되는 거랑 실질적으로 이천만원 받는거랑 마찬가지인데 그 중 28 백만 원을 대출금이고 고객님본인이 이백 만원 저희 쪽으로 위험부담으로 벌어지신거는 이런 한 장 빠짐없이 본인한테 다시 반납처리들어가시는 건데 같이 들어가시면은 전산에 천만원 대출 받는 걸로 나 지금 지금 상황할 때 오해가 생기는 경우가 많아서 일단은 먼저 파견한 대 취급나가고 반납금을 대출입금됐다는 부분에 대해서 확인이 되시면은 저희가 이백만원 부분에 대해서 다시 이거는 얘기예요. 저희가 여기에 관련해서 수수료나 절대 작업 비용이 되는 부분이 요청하시는 건 아니기 때문에 고객님으로 인해서 작업 하는 과정 중에 문제가 생기고 내는 부분 때문에 이 부분을 고객님이 여기에 대해서 나를 동의를 합니다. 나 때문에 여기에 대해서 전혀 앞으로 일이 일어났습니다. 제가 책임지겠습니다 거랑 마찬가지어떻게 보세요. 그리고 절대 여기에 대해서 대출고객님이거 오늘 당연히 입금받고 나서 이렇게 해서 받는다 혹은 받았다 이런 얘기절대 하시면 안 되고 갱님 이게 금융사에서 이거는 대출내어주는 입장에서 이렇게 전국적으로 작업 하는 건 오늘 금융사를 다 하시는 거 겠지만 오픈을 해놓고 하시는데 없어요. 다시 시에서 뽑아지는 거지 그러니까 그러니까 예. 그래서 이렇게 그래서 진행을 해줄 수 있는 부분으로 부장님께서 얘기를 하시는데 결제과에서 이백 만원 부분에 대해서 부담을 할 수 있는 부분이라고 하시는 지금 제가 관리자 문제가 처벌을 해서 계좌분은 지금 바로 안내해줄 거거든요. 그러면 고객님순환처리하시는 건 혹시 어느 은행으로 하실 거예요. 어떤 이백만원 이거 위험부담을 걸어주시는 거 혹시 어느 은행으로 고객님이 입금처리할 거냐 고요. 그냥. 그렇죠. 입금하시면 되시는데 얘기는 고객님이. 어느 은행을 하실거냐고 같이 있으면 될 것 같은 은행을 배정해달라고 요청을 하려고 고객님우체국으로 그러면 계좌하시는 거예요. 은행가셔서 하시되신 거예요. 아니면 그러세요? 습니다. 그러면 제가 아 지금 관리 잡은 바로 섭외를 해가지고 고객님해드릴 거니까 저는 조금 대기하고 계세요. 제가 작업해서 발언해 드리겠습니다."}],"items":[{"start_time":"0.35","end_time":"1.14","alternatives":[{"confidence":"0.28015","content":"주시면은"}],"type":"pronunciation"},{"alternatives":[{"confidence":"0.0","content":"."}],"type":"punctuation"},{"start_time":"1.14","end_time":"1.36","alternatives":[{"confidence":"0.1724","content":"그리고"}],"type":"pronunciation"},{"start_time":"1.36","end_time":"1.94","alternatives":[{"confidence":"0.7792","content":"이백만원을"}],"type":"pronunciation"},{"start_time":"1.94","end_time":"2.21","alternatives":[{"confidence":"1.0","content":"저희가"}],"type":"pronunciation"},{"start_time":"2.21","end_time":"2.51","alternatives":[{"confidence":"0.43","content":"다시"}],"type":"pronunciation"},{"start_time":"2.86","end_time":"3.38","alternatives":[{"confidence":"0.7334499999999999","content":"반납금"}],"type":"pronunciation"},{"start_time":"3.38","end_time":"3.51","alternatives":[{"confidence":"0.5033","content":"으로"}],"type":"pronunciation"},{"start_time":"3.51","end_time":"3.72","alternatives":[{"confidence":"0.8791","content":"해서"}],"type":"pronunciation"},{"start_time":"3.72","end_time":"3.99","alternatives":[{"confidence":"0.2696","content":"오분"}],"type":"pronunciation"},{"start_time":"3.99","end_time":"4.2","alternatives":[{"confidence":"0.3118","content":"안으로"}],"type":"pronunciation"},{"start_time":"4.2","end_time":"4.75","alternatives":[{"confidence":"0.522","content":"돼지금"}],"type":"pronunciation"},{"start_time":"4.75","end_time":"5.17","alternatives":[{"confidence":"0.9889","content":"나감과"}],"type":"pronunciation"},{"start_time":"5.17","end_time":"5.54","alternatives":[{"confidence":"1.0","content":"동시에"}],"type":"pronunciation"},{"start_time":"5.66","end_time":"5.96","alternatives":[{"confidence":"0.5401","content":"문화를"}],"type":"pronunciation"},{"start_time":"5.96","end_time":"6.16","alternatives":[{"confidence":"0.9992","content":"저희가"}],"type":"pronunciation"},{"start_time":"6.16","end_time":"7.09","alternatives":[{"confidence":"0.875275","content":"반납처리해주겠다는"}],"type":"pronunciation"},{"start_time":"7.09","end_time":"7.58","alternatives":[{"confidence":"0.9714","content":"거예요"}],"type":"pronunciation"},{"alternatives":[{"confidence":"0.0","content":"."}],"type":"punctuation"},{"start_time":"7.61","end_time":"8.06","alternatives":[{"confidence":"0.6105","content":"바로"}],"type":"pronunciation"},{"start_time":"9.04","end_time":"9.9","alternatives":[{"confidence":"0.9645666666666667","content":"이해되시는"}],"type":"pronunciation"},{"start_time":"9.9","end_time":"10.48","alternatives":[{"confidence":"0.929","content":"거죠"}],"type":"pronunciation"},{"alternatives":[{"confidence":"0.0","content":"."}],"type":"punctuation"},{"start_time":"10.51","end_time":"10.76","alternatives":[{"confidence":"0.3292","content":"그래서"}],"type":"pronunciation"},{"start_time":"10.76","end_time":"11.63","alternatives":[{"confidence":"0.988","content":"고객님으로"}],"type":"pronunciation"},{"start_time":"11.63","end_time":"12.3","alternatives":[{"confidence":"1.0","content":"인해서"}],"type":"pronunciation"},{"start_time":"12.3","end_time":"12.49","alternatives":[{"confidence":"0.9976","content":"이게"}],"type":"pronunciation"},{"start_time":"12.49","end_time":"12.92","alternatives":[{"confidence":"0.9425","content":"왜냐하면"}],"type":"pronunciation"},{"start_time":"12.92","end_time":"13.17","alternatives":[{"confidence":"0.8362","content":"저희"}],"type":"pronunciation"},{"start_time":"13.17","end_time":"13.8","alternatives":[{"confidence":"0.9832","content":"쪽에"}],"type":"pronunciation"},{"start_time":"13.83","end_time":"14.35","alternatives":[{"confidence":"1.0","content":"법적으로"}],"type":"pronunciation"},{"start_time":"14.35","end_time":"14.89","alternatives":[{"confidence":"0.6265999999999999","content":"민원증이나"}],"type":"pronunciation"},{"start_time":"15.26","end_time":"15.42","alternatives":[{"confidence":"0.9625","content":"이런"}],"type":"pronunciation"},{"start_time":"15.42","end_time":"15.72","alternatives":[{"confidence":"0.9121","content":"부분으로"}],"type":"pronunciation"},{"start_time":"15.72","end_time":"15.88","alternatives":[{"confidence":"0.3511","content":"해서"}],"type":"pronunciation"},{"start_time":"16.12","end_time":"16.74","alternatives":[{"confidence":"0.98795","content":"고객님으로"}],"type":"pronunciation"},{"start_time":"16.74","end_time":"17.42","alternatives":[{"confidence":"1.0","content":"인해서"}],"type":"pronunciation"},{"start_time":"17.42","end_time":"17.64","alternatives":[{"confidence":"0.7431","content":"제"}],"type":"pronunciation"},{"start_time":"17.64","end_time":"17.86","alternatives":[{"confidence":"0.4421","content":"3"}],"type":"pronunciation"},{"start_time":"17.86","end_time":"18.08","alternatives":[{"confidence":"0.7149","content":"자나"}],"type":"pronunciation"},{"start_time":"18.08","end_time":"18.22","alternatives":[{"confidence":"0.9978","content":"이런"}],"type":"pronunciation"},{"start_time":"18.22","end_time":"18.47","alternatives":[{"confidence":"0.7742","content":"부분을"}],"type":"pronunciation"},{"start_time":"18.47","end_time":"18.63","alternatives":[{"confidence":"0.3934","content":"해서"}],"type":"pronunciation"},{"start_time":"18.645","end_time":"18.865","alternatives":[{"confidence":"0.9469","content":"저희"}],"type":"pronunciation"},{"start_time":"18.865","end_time":"19.275","alternatives":[{"confidence":"0.9839","content":"쪽에"}],"type":"pronunciation"},{"start_time":"19.595","end_time":"19.825","alternatives":[{"confidence":"0.3939","content":"의해"}],"type":"pronunciation"},{"start_time":"19.825","end_time":"20.025","alternatives":[{"confidence":"0.4615","content":"되게"}],"type":"pronunciation"},{"start_time":"20.025","end_time":"20.205","alternatives":[{"confidence":"0.4806","content":"되는"}],"type":"pronunciation"},{"start_time":"20.205","end_time":"20.585","alternatives":[{"confidence":"0.9078","content":"부분만"}],"type":"pronunciation"},{"start_time":"20.585","end_time":"20.795","alternatives":[{"confidence":"0.8107","content":"안"}],"type":"pronunciation"},{"start_time":"20.795","end_time":"21.185","alternatives":[{"confidence":"0.81375","content":"들어오면은"}],"type":"pronunciation"},{"start_time":"21.185","end_time":"21.515","alternatives":[{"confidence":"1.0","content":"문제가"}],"type":"pronunciation"},{"start_time":"21.515","end_time":"21.915","alternatives":[{"confidence":"0.9996","content":"없다는"}],"type":"pronunciation"},{"start_time":"21.915","end_time":"22.285","alternatives":[{"confidence":"0.7582500000000001","content":"얘기입니다"}],"type":"pronunciation"},{"alternatives":[{"confidence":"0.0","content":"."}],"type":"punctuation"},{"start_time":"22.285","end_time":"22.545","alternatives":[{"confidence":"0.7039","content":"지금"}],"type":"pronunciation"},{"start_time":"22.845","end_time":"23.145","alternatives":[{"confidence":"0.9118","content":"하시는"}],"type":"pronunciation"},{"start_time":"23.145","end_time":"23.445","alternatives":[{"confidence":"0.7953","content":"과정"}],"type":"pronunciation"},{"start_time":"23.445","end_time":"23.875","alternatives":[{"confidence":"0.9997","content":"중에"}],"type":"pronunciation"},{"start_time":"24.115","end_time":"24.295","alternatives":[{"confidence":"0.8577","content":"이게"}],"type":"pronunciation"},{"start_time":"24.295","end_time":"24.715","alternatives":[{"confidence":"0.986","content":"편법이"}],"type":"pronunciation"},{"start_time":"24.715","end_time":"24.975","alternatives":[{"confidence":"0.4474","content":"부분"}],"type":"pronunciation"},{"start_time":"24.975","end_time":"25.125","alternatives":[{"confidence":"0.7034","content":"이다"}],"type":"pronunciation"},{"start_time":"25.125","end_time":"25.685","alternatives":[{"confidence":"0.8532","content":"보니까"}],"type":"pronunciation"},{"start_time":"25.685","end_time":"26.075","alternatives":[{"confidence":"0.9997","content":"법적인"}],"type":"pronunciation"},{"start_time":"26.075","end_time":"26.435","alternatives":[{"confidence":"0.9995","content":"책임이"}],"type":"pronunciation"},{"start_time":"26.435","end_time":"26.595","alternatives":[{"confidence":"0.9924","content":"좀"}],"type":"pronunciation"},{"start_time":"26.595","end_time":"27.965","alternatives":[{"confidence":"0.978375","content":"가중하셔가지고는"}],"type":"pronunciation"},{"alternatives":[{"confidence":"0.0","content":"."}],"type":"punctuation"},{"start_time":"28.225","end_time":"28.385","alternatives":[{"confidence":"0.7741","content":"전"}],"type":"pronunciation"},{"start_time":"28.385","end_time":"28.715","alternatives":[{"confidence":"0.7669","content":"선생님"}],"type":"pronunciation"},{"start_time":"28.715","end_time":"29.055","alternatives":[{"confidence":"1.0","content":"저희가"}],"type":"pronunciation"},{"start_time":"29.055","end_time":"29.435","alternatives":[{"confidence":"0.9903","content":"의뢰를"}],"type":"pronunciation"},{"start_time":"29.435","end_time":"29.865","alternatives":[{"confidence":"0.966","content":"하려면"}],"type":"pronunciation"},{"start_time":"29.865","end_time":"29.975","alternatives":[{"confidence":"0.9517","content":"이"}],"type":"pronunciation"},{"start_time":"29.975","end_time":"30.345","alternatives":[{"confidence":"0.9775","content":"정도는"}],"type":"pronunciation"},{"start_time":"30.345","end_time":"31.075","alternatives":[{"confidence":"0.9891","content":"고객님그래도"}],"type":"pronunciation"},{"start_time":"31.425","end_time":"31.785","alternatives":[{"confidence":"0.9968","content":"이게"}],"type":"pronunciation"},{"start_time":"31.815","end_time":"32.435","alternatives":[{"confidence":"0.94895","content":"되셔야"}],"type":"pronunciation"},{"start_time":"32.605","end_time":"33.095","alternatives":[{"confidence":"0.6210500000000001","content":"전산에서"}],"type":"pronunciation"},{"start_time":"33.095","end_time":"33.275","alternatives":[{"confidence":"0.9921","content":"이게"}],"type":"pronunciation"},{"start_time":"33.275","end_time":"33.755","alternatives":[{"confidence":"1.0","content":"그게"}],"type":"pronunciation"},{"start_time":"33.755","end_time":"34.345","alternatives":[{"confidence":"0.7967500000000001","content":"떨어지셔야"}],"type":"pronunciation"},{"start_time":"34.345","end_time":"34.715","alternatives":[{"confidence":"0.6753","content":"많이"}],"type":"pronunciation"},{"start_time":"34.715","end_time":"35.035","alternatives":[{"confidence":"0.62065","content":"이분도"}],"type":"pronunciation"},{"start_time":"35.035","end_time":"35.325","alternatives":[{"confidence":"0.5256","content":"작업"}],"type":"pronunciation"},{"start_time":"35.325","end_time":"35.715","alternatives":[{"confidence":"0.9065","content":"들어갈"}],"type":"pronunciation"},{"start_time":"35.725","end_time":"35.805","alternatives":[{"confidence":"1.0","content":"수"}],"type":"pronunciation"},{"start_time":"35.805","end_time":"35.965","alternatives":[{"confidence":"0.9625","content":"있는"}],"type":"pronunciation"},{"start_time":"35.965","end_time":"36.885","alternatives":[{"confidence":"0.9793499999999999","content":"거거든요"}],"type":"pronunciation"},{"alternatives":[{"confidence":"0.0","content":"."}],"type":"punctuation"},{"start_time":"37.53","end_time":"37.74","alternatives":[{"confidence":"0.7604","content":"예"}],"type":"pronunciation"},{"alternatives":[{"confidence":"0.0","content":"."}],"type":"punctuation"},{"start_time":"37.77","end_time":"38.5","alternatives":[{"confidence":"0.9134333333333333","content":"이해되시는"}],"type":"pronunciation"},{"start_time":"38.5","end_time":"39.45","alternatives":[{"confidence":"0.7711","content":"거죠"}],"type":"pronunciation"},{"alternatives":[{"confidence":"0.0","content":"."}],"type":"punctuation"},{"start_time":"39.78","end_time":"40.17","alternatives":[{"confidence":"0.9998","content":"그래서"}],"type":"pronunciation"},{"start_time":"40.51","end_time":"41.09","alternatives":[{"confidence":"1.0","content":"일단은"}],"type":"pronunciation"},{"start_time":"41.09","end_time":"41.52","alternatives":[{"confidence":"0.9996","content":"시간상"}],"type":"pronunciation"},{"start_time":"41.52","end_time":"42.23","alternatives":[{"confidence":"1.0","content":"관계로"}],"type":"pronunciation"},{"start_time":"42.23","end_time":"43.24","alternatives":[{"confidence":"0.9581500000000001","content":"고객님지금"}],"type":"pronunciation"},{"start_time":"43.36","end_time":"44.54","alternatives":[{"confidence":"0.77745","content":"계시잖아요"}],"type":"pronunciation"},{"alternatives":[{"confidence":"0.0","content":"."}],"type":"punctuation"},{"start_time":"45.54","end_time":"45.88","alternatives":[{"confidence":"1.0","content":"그래서"}],"type":"pronunciation"},{"start_time":"45.88","end_time":"46.18","alternatives":[{"confidence":"1.0","content":"일단"}],"type":"pronunciation"},{"start_time":"46.18","end_time":"46.99","alternatives":[{"confidence":"0.6167666666666666","content":"저희들이거한"}],"type":"pronunciation"},{"start_time":"46.99","end_time":"47.2","alternatives":[{"confidence":"0.916","content":"시간"}],"type":"pronunciation"},{"start_time":"47.2","end_time":"47.45","alternatives":[{"confidence":"0.9953","content":"정도"}],"type":"pronunciation"},{"start_time":"47.45","end_time":"47.7","alternatives":[{"confidence":"0.9086","content":"시간"}],"type":"pronunciation"},{"start_time":"47.7","end_time":"48.05","alternatives":[{"confidence":"0.9954","content":"넉넉히"}],"type":"pronunciation"},{"start_time":"48.05","end_time":"48.3","alternatives":[{"confidence":"0.4442","content":"잡고"}],"type":"pronunciation"},{"start_time":"48.3","end_time":"48.52","alternatives":[{"confidence":"0.9727","content":"지금"}],"type":"pronunciation"},{"start_time":"48.52","end_time":"49.0","alternatives":[{"confidence":"0.8509000000000001","content":"처리하시게"}],"type":"pronunciation"},{"start_time":"49.0","end_time":"49.66","alternatives":[{"confidence":"0.6177333333333334","content":"됐으면은"}],"type":"pronunciation"},{"start_time":"49.66","end_time":"49.94","alternatives":[{"confidence":"0.9353","content":"늦어도"}],"type":"pronunciation"},{"start_time":"49.94","end_time":"50.26","alternatives":[{"confidence":"0.4917","content":"5"}],"type":"pronunciation"},{"start_time":"50.26","end_time":"50.37","alternatives":[{"confidence":"0.9767","content":"시"}],"type":"pronunciation"},{"start_time":"50.37","end_time":"50.94","alternatives":[{"confidence":"0.91965","content":"반이나"}],"type":"pronunciation"},{"start_time":"51.71","end_time":"52.06","alternatives":[{"confidence":"0.8655","content":"정말"}],"type":"pronunciation"},{"start_time":"52.06","end_time":"52.29","alternatives":[{"confidence":"0.9999","content":"정말"}],"type":"pronunciation"},{"start_time":"52.32","end_time":"52.57","alternatives":[{"confidence":"0.945","content":"늦어도"}],"type":"pronunciation"},{"start_time":"52.57","end_time":"52.79","alternatives":[{"confidence":"0.9157","content":"6"}],"type":"pronunciation"},{"start_time":"52.79","end_time":"53.1","alternatives":[{"confidence":"0.9981","content":"시까지"}],"type":"pronunciation"},{"start_time":"53.1","end_time":"53.3","alternatives":[{"confidence":"0.2975","content":"이거는"}],"type":"pronunciation"},{"start_time":"53.3","end_time":"53.81","alternatives":[{"confidence":"0.92735","content":"결제나갈"}],"type":"pronunciation"},{"start_time":"53.81","end_time":"53.92","alternatives":[{"confidence":"1.0","content":"수"}],"type":"pronunciation"},{"start_time":"53.92","end_time":"54.09","alternatives":[{"confidence":"0.8406","content":"있는"}],"type":"pronunciation"},{"start_time":"54.09","end_time":"54.54","alternatives":[{"confidence":"0.9826","content":"건데"}],"type":"pronunciation"},{"start_time":"55.39","end_time":"55.85","alternatives":[{"confidence":"0.7116","content":"처리나갈"}],"type":"pronunciation"},{"start_time":"55.85","end_time":"55.93","alternatives":[{"confidence":"1.0","content":"수"}],"type":"pronunciation"},{"start_time":"55.93","end_time":"56.1","alternatives":[{"confidence":"0.8417","content":"있는"}],"type":"pronunciation"},{"start_time":"56.1","end_time":"56.94","alternatives":[{"confidence":"0.9959","content":"건데"}],"type":"pronunciation"},{"start_time":"57.11","end_time":"57.42","alternatives":[{"confidence":"0.956","content":"그렇게"}],"type":"pronunciation"},{"start_time":"57.42","end_time":"57.65","alternatives":[{"confidence":"0.9863","content":"해서"}],"type":"pronunciation"},{"start_time":"57.65","end_time":"57.92","alternatives":[{"confidence":"0.3127","content":"모임이"}],"type":"pronunciation"},{"start_time":"57.92","end_time":"58.8","alternatives":[{"confidence":"0.9056","content":"진행가능하다고"}],"type":"pronunciation"},{"start_time":"58.8","end_time":"59.16","alternatives":[{"confidence":"0.9963","content":"하시면"}],"type":"pronunciation"},{"start_time":"59.16","end_time":"59.39","alternatives":[{"confidence":"0.9903","content":"제가"}],"type":"pronunciation"},{"start_time":"59.39","end_time":"60.0","alternatives":[{"confidence":"0.8884000000000001","content":"전산팀에"}],"type":"pronunciation"},{"start_time":"60.03","end_time":"60.75","alternatives":[{"confidence":"0.9668","content":"지금"}],"type":"pronunciation"},{"start_time":"61.08","end_time":"61.48","alternatives":[{"confidence":"0.9554","content":"그"}],"type":"pronunciation"},{"start_time":"61.51","end_time":"61.81","alternatives":[{"confidence":"0.7955","content":"작업"}],"type":"pronunciation"},{"start_time":"61.81","end_time":"61.97","alternatives":[{"confidence":"0.9963","content":"할"}],"type":"pronunciation"},{"start_time":"61.97","end_time":"62.04","alternatives":[{"confidence":"0.9956","content":"수"}],"type":"pronunciation"},{"start_time":"62.04","end_time":"62.19","alternatives":[{"confidence":"0.9958","content":"있는"}],"type":"pronunciation"},{"start_time":"62.19","end_time":"62.55","alternatives":[{"confidence":"0.9336","content":"관리자가"}],"type":"pronunciation"},{"start_time":"62.55","end_time":"62.73","alternatives":[{"confidence":"1.0","content":"일단"}],"type":"pronunciation"},{"start_time":"62.73","end_time":"63.0","alternatives":[{"confidence":"0.9884","content":"저희도"}],"type":"pronunciation"},{"start_time":"63.0","end_time":"63.32","alternatives":[{"confidence":"0.9982500000000001","content":"섭외를"}],"type":"pronunciation"},{"start_time":"63.32","end_time":"63.5","alternatives":[{"confidence":"0.7314","content":"해야"}],"type":"pronunciation"},{"start_time":"63.5","end_time":"63.7","alternatives":[{"confidence":"0.9674","content":"돼요"}],"type":"pronunciation"},{"alternatives":[{"confidence":"0.0","content":"."}],"type":"punctuation"},{"start_time":"63.7","end_time":"64.01","alternatives":[{"confidence":"0.9993","content":"여기에"}],"type":"pronunciation"},{"start_time":"64.01","end_time":"64.47","alternatives":[{"confidence":"1.0","content":"대해서"}],"type":"pronunciation"},{"start_time":"64.5","end_time":"64.86","alternatives":[{"confidence":"1.0","content":"설명을"}],"type":"pronunciation"},{"start_time":"64.86","end_time":"65.64","alternatives":[{"confidence":"0.9995","content":"해주고"}],"type":"pronunciation"},{"start_time":"65.82","end_time":"66.14","alternatives":[{"confidence":"1.0","content":"섭외를"}],"type":"pronunciation"},{"start_time":"66.14","end_time":"66.55","alternatives":[{"confidence":"0.9906","content":"해서"}],"type":"pronunciation"},{"start_time":"67.23","end_time":"67.75","alternatives":[{"confidence":"0.83965","content":"가상계좌를"}],"type":"pronunciation"},{"start_time":"67.75","end_time":"67.97","alternatives":[{"confidence":"0.872","content":"아내가"}],"type":"pronunciation"},{"start_time":"67.97","end_time":"68.35","alternatives":[{"confidence":"0.8335","content":"들어오시는"}],"type":"pronunciation"},{"start_time":"68.35","end_time":"68.59","alternatives":[{"confidence":"0.851","content":"거기"}],"type":"pronunciation"},{"start_time":"68.59","end_time":"69.4","alternatives":[{"confidence":"0.9998","content":"때문에"}],"type":"pronunciation"},{"start_time":"69.49","end_time":"70.31","alternatives":[{"confidence":"0.853025","content":"안내들어오시면은"}],"type":"pronunciation"},{"start_time":"70.31","end_time":"70.61","alternatives":[{"confidence":"1.0","content":"저희가"}],"type":"pronunciation"},{"start_time":"70.61","end_time":"70.76","alternatives":[{"confidence":"0.7996","content":"이게"}],"type":"pronunciation"},{"start_time":"70.76","end_time":"71.07","alternatives":[{"confidence":"0.9218","content":"소득이"}],"type":"pronunciation"},{"start_time":"71.07","end_time":"71.27","alternatives":[{"confidence":"0.9888","content":"되는"}],"type":"pronunciation"},{"start_time":"71.27","end_time":"71.59","alternatives":[{"confidence":"1.0","content":"부분이"}],"type":"pronunciation"},{"start_time":"71.59","end_time":"71.85","alternatives":[{"confidence":"1.0","content":"아니기"}],"type":"pronunciation"},{"start_time":"71.85","end_time":"72.09","alternatives":[{"confidence":"1.0","content":"때문에"}],"type":"pronunciation"},{"start_time":"72.09","end_time":"72.28","alternatives":[{"confidence":"0.9899","content":"저희"}],"type":"pronunciation"},{"start_time":"72.28","end_time":"72.54","alternatives":[{"confidence":"0.884","content":"회사"}],"type":"pronunciation"},{"start_time":"72.54","end_time":"72.88","alternatives":[{"confidence":"0.8428","content":"법인"}],"type":"pronunciation"},{"start_time":"72.88","end_time":"73.17","alternatives":[{"confidence":"0.9762","content":"계좌로"}],"type":"pronunciation"},{"start_time":"73.17","end_time":"73.36","alternatives":[{"confidence":"0.9912","content":"저희가"}],"type":"pronunciation"},{"start_time":"73.36","end_time":"73.69","alternatives":[{"confidence":"0.9997","content":"받으면"}],"type":"pronunciation"},{"start_time":"73.69","end_time":"73.81","alternatives":[{"confidence":"0.5751","content":"안"}],"type":"pronunciation"},{"start_time":"73.81","end_time":"73.98","alternatives":[{"confidence":"0.5675","content":"돼요"}],"type":"pronunciation"},{"alternatives":[{"confidence":"0.0","content":"."}],"type":"punctuation"},{"start_time":"73.98","end_time":"74.64","alternatives":[{"confidence":"0.9992","content":"이거는"}],"type":"pronunciation"},{"start_time":"75.04","end_time":"75.25","alternatives":[{"confidence":"1.0","content":"저희가"}],"type":"pronunciation"},{"start_time":"75.25","end_time":"75.44","alternatives":[{"confidence":"1.0","content":"다시"}],"type":"pronunciation"},{"start_time":"75.45","end_time":"76.28","alternatives":[{"confidence":"0.8320666666666666","content":"반납처리들어가야"}],"type":"pronunciation"},{"start_time":"76.28","end_time":"76.48","alternatives":[{"confidence":"0.9969","content":"되는"}],"type":"pronunciation"},{"start_time":"76.48","end_time":"76.87","alternatives":[{"confidence":"0.9969","content":"거고"}],"type":"pronunciation"},{"start_time":"77.17","end_time":"77.51","alternatives":[{"confidence":"0.8194","content":"어쨌든"}],"type":"pronunciation"},{"start_time":"77.51","end_time":"77.84","alternatives":[{"confidence":"0.5504","content":"작업"}],"type":"pronunciation"},{"start_time":"77.84","end_time":"78.13","alternatives":[{"confidence":"0.9932","content":"권으로"}],"type":"pronunciation"},{"start_time":"78.13","end_time":"78.6","alternatives":[{"confidence":"0.7508","content":"편법적으로"}],"type":"pronunciation"},{"start_time":"78.6","end_time":"78.99","alternatives":[{"confidence":"0.9384","content":"이루어지는"}],"type":"pronunciation"},{"start_time":"78.99","end_time":"79.22","alternatives":[{"confidence":"0.8222","content":"거기"}],"type":"pronunciation"},{"start_time":"79.22","end_time":"79.95","alternatives":[{"confidence":"1.0","content":"때문에"}],"type":"pronunciation"},{"start_time":"80.13","end_time":"80.51","alternatives":[{"confidence":"0.9989","content":"그래서"}],"type":"pronunciation"},{"start_time":"80.63","end_time":"81.17","alternatives":[{"confidence":"0.9703999999999999","content":"고객님이"}],"type":"pronunciation"},{"start_time":"81.2","end_time":"81.54","alternatives":[{"confidence":"0.9863","content":"동의를"}],"type":"pronunciation"},{"start_time":"81.54","end_time":"81.94","alternatives":[{"confidence":"0.7646","content":"하시면은"}],"type":"pronunciation"},{"start_time":"81.94","end_time":"82.55","alternatives":[{"confidence":"0.9934","content":"제가"}],"type":"pronunciation"},{"start_time":"82.55","end_time":"82.92","alternatives":[{"confidence":"0.9325","content":"이거는"}],"type":"pronunciation"},{"start_time":"83.11","end_time":"83.66","alternatives":[{"confidence":"0.8323499999999999","content":"전산팀이"}],"type":"pronunciation"},{"start_time":"83.66","end_time":"83.91","alternatives":[{"confidence":"0.7919","content":"작업"}],"type":"pronunciation"},{"start_time":"83.91","end_time":"84.06","alternatives":[{"confidence":"0.9948","content":"할"}],"type":"pronunciation"},{"start_time":"84.06","end_time":"84.13","alternatives":[{"confidence":"0.996","content":"수"}],"type":"pronunciation"},{"start_time":"84.13","end_time":"84.28","alternatives":[{"confidence":"0.9895","content":"있는"}],"type":"pronunciation"},{"start_time":"84.28","end_time":"84.98","alternatives":[{"confidence":"0.861575","content":"관리장첩을"}],"type":"pronunciation"},{"start_time":"84.98","end_time":"85.59","alternatives":[{"confidence":"0.9839","content":"해서"}],"type":"pronunciation"},{"start_time":"85.84","end_time":"86.13","alternatives":[{"confidence":"0.5281","content":"그분"}],"type":"pronunciation"},{"start_time":"86.13","end_time":"86.83","alternatives":[{"confidence":"0.8372333333333333","content":"가상계좌로"}],"type":"pronunciation"},{"start_time":"86.83","end_time":"86.98","alternatives":[{"confidence":"0.9921","content":"해서"}],"type":"pronunciation"},{"start_time":"86.98","end_time":"87.29","alternatives":[{"confidence":"1.0","content":"저희가"}],"type":"pronunciation"},{"start_time":"87.29","end_time":"87.57","alternatives":[{"confidence":"0.99455","content":"안내를"}],"type":"pronunciation"},{"start_time":"87.57","end_time":"87.79","alternatives":[{"confidence":"0.93","content":"해줄"}],"type":"pronunciation"},{"start_time":"87.79","end_time":"88.5","alternatives":[{"confidence":"0.9651000000000001","content":"거고요"}],"type":"pronunciation"},{"alternatives":[{"confidence":"0.0","content":"."}],"type":"punctuation"},{"start_time":"88.69","end_time":"89.17","alternatives":[{"confidence":"0.97725","content":"고객님이"}],"type":"pronunciation"},{"start_time":"89.17","end_time":"90.33","alternatives":[{"confidence":"0.7740400000000001","content":"순환처리들어오시면은"}],"type":"pronunciation"},{"start_time":"90.33","end_time":"90.61","alternatives":[{"confidence":"1.0","content":"저희가"}],"type":"pronunciation"},{"start_time":"90.61","end_time":"91.25","alternatives":[{"confidence":"1.0","content":"영수증을"}],"type":"pronunciation"},{"start_time":"91.25","end_time":"91.76","alternatives":[{"confidence":"0.9986999999999999","content":"발급해서"}],"type":"pronunciation"},{"start_time":"91.76","end_time":"92.07","alternatives":[{"confidence":"0.7636","content":"본인이"}],"type":"pronunciation"},{"start_time":"92.07","end_time":"93.03","alternatives":[{"confidence":"0.7697499999999999","content":"이름으로요"}],"type":"pronunciation"},{"start_time":"93.18","end_time":"93.73","alternatives":[{"confidence":"1.0","content":"영수증이"}],"type":"pronunciation"},{"start_time":"93.73","end_time":"94.23","alternatives":[{"confidence":"0.71155","content":"발급때문에"}],"type":"pronunciation"},{"start_time":"94.23","end_time":"94.99","alternatives":[{"confidence":"0.8285666666666667","content":"영수증남바가"}],"type":"pronunciation"},{"start_time":"94.99","end_time":"95.19","alternatives":[{"confidence":"1.0","content":"있을"}],"type":"pronunciation"},{"start_time":"95.19","end_time":"95.29","alternatives":[{"confidence":"0.9878","content":"거"}],"type":"pronunciation"},{"start_time":"95.29","end_time":"96.12","alternatives":[{"confidence":"1.0","content":"아니에요"}],"type":"pronunciation"},{"alternatives":[{"confidence":"0.0","content":"."}],"type":"punctuation"},{"start_time":"96.18","end_time":"96.52","alternatives":[{"confidence":"0.8892","content":"그거를"}],"type":"pronunciation"},{"start_time":"96.52","end_time":"96.77","alternatives":[{"confidence":"0.991","content":"저희가"}],"type":"pronunciation"},{"start_time":"96.87","end_time":"97.33","alternatives":[{"confidence":"0.9999","content":"전산에"}],"type":"pronunciation"},{"start_time":"97.33","end_time":"97.68","alternatives":[{"confidence":"0.97095","content":"입력을"}],"type":"pronunciation"},{"start_time":"97.68","end_time":"97.97","alternatives":[{"confidence":"0.8195","content":"하자"}],"type":"pronunciation"},{"start_time":"97.97","end_time":"98.45","alternatives":[{"confidence":"0.8034","content":"많이"}],"type":"pronunciation"},{"start_time":"98.63","end_time":"98.83","alternatives":[{"confidence":"0.9866","content":"이게"}],"type":"pronunciation"},{"start_time":"98.86","end_time":"99.26","alternatives":[{"confidence":"0.98195","content":"동의가"}],"type":"pronunciation"},{"start_time":"99.26","end_time":"99.54","alternatives":[{"confidence":"0.8827","content":"되신"}],"type":"pronunciation"},{"start_time":"99.54","end_time":"99.75","alternatives":[{"confidence":"0.9497","content":"걸로"}],"type":"pronunciation"},{"start_time":"99.75","end_time":"100.36","alternatives":[{"confidence":"0.9058999999999999","content":"하셔가지고"}],"type":"pronunciation"},{"start_time":"100.51","end_time":"101.27","alternatives":[{"confidence":"0.9996499999999999","content":"전산작업이"}],"type":"pronunciation"},{"start_time":"101.27","end_time":"101.64","alternatives":[{"confidence":"0.9793","content":"이루어질"}],"type":"pronunciation"},{"start_time":"101.64","end_time":"101.75","alternatives":[{"confidence":"1.0","content":"수"}],"type":"pronunciation"},{"start_time":"101.75","end_time":"101.95","alternatives":[{"confidence":"0.8727","content":"있는"}],"type":"pronunciation"},{"start_time":"101.95","end_time":"102.68","alternatives":[{"confidence":"0.966","content":"거예요"}],"type":"pronunciation"},{"alternatives":[{"confidence":"0.0","content":"."}],"type":"punctuation"},{"start_time":"102.87","end_time":"103.19","alternatives":[{"confidence":"0.9146","content":"작업이"}],"type":"pronunciation"},{"start_time":"103.19","end_time":"104.02","alternatives":[{"confidence":"0.9755","content":"이루어지면은"}],"type":"pronunciation"},{"start_time":"104.26","end_time":"104.52","alternatives":[{"confidence":"0.9531","content":"한"}],"type":"pronunciation"},{"start_time":"104.52","end_time":"104.73","alternatives":[{"confidence":"0.9306","content":"시간"}],"type":"pronunciation"},{"start_time":"104.73","end_time":"104.97","alternatives":[{"confidence":"1.0","content":"안으로"}],"type":"pronunciation"},{"start_time":"104.97","end_time":"105.57","alternatives":[{"confidence":"1.0","content":"작업이"}],"type":"pronunciation"},{"start_time":"105.57","end_time":"106.3","alternatives":[{"confidence":"0.8841666666666667","content":"마무리되시는"}],"type":"pronunciation"},{"start_time":"106.3","end_time":"106.81","alternatives":[{"confidence":"0.9794","content":"대로"}],"type":"pronunciation"},{"start_time":"107.01","end_time":"108.42","alternatives":[{"confidence":"0.84935","content":"대출금팔백만원과"}],"type":"pronunciation"},{"start_time":"108.42","end_time":"109.01","alternatives":[{"confidence":"1.0","content":"동시에"}],"type":"pronunciation"},{"start_time":"109.01","end_time":"109.28","alternatives":[{"confidence":"0.8811","content":"이거는"}],"type":"pronunciation"},{"start_time":"109.28","end_time":"109.91","alternatives":[{"confidence":"1.0","content":"동시에"}],"type":"pronunciation"},{"start_time":"110.15","end_time":"110.57","alternatives":[{"confidence":"0.9266","content":"이백만원"}],"type":"pronunciation"},{"start_time":"110.57","end_time":"111.38","alternatives":[{"confidence":"0.8317666666666667","content":"반납처리들어가면"}],"type":"pronunciation"},{"start_time":"111.38","end_time":"111.51","alternatives":[{"confidence":"0.945","content":"안"}],"type":"pronunciation"},{"start_time":"111.51","end_time":"111.74","alternatives":[{"confidence":"0.9427","content":"되는"}],"type":"pronunciation"},{"start_time":"111.74","end_time":"111.94","alternatives":[{"confidence":"0.6647","content":"거랑"}],"type":"pronunciation"},{"start_time":"111.97","end_time":"112.46","alternatives":[{"confidence":"1.0","content":"실질적으로"}],"type":"pronunciation"},{"start_time":"112.59","end_time":"113.04","alternatives":[{"confidence":"0.5479499999999999","content":"이천만원"}],"type":"pronunciation"},{"start_time":"113.04","end_time":"113.46","alternatives":[{"confidence":"0.8261000000000001","content":"받는거랑"}],"type":"pronunciation"},{"start_time":"113.46","end_time":"114.54","alternatives":[{"confidence":"0.9964999999999999","content":"마찬가지인데"}],"type":"pronunciation"},{"start_time":"114.65","end_time":"114.82","alternatives":[{"confidence":"0.3813","content":"그"}],"type":"pronunciation"},{"start_time":"114.82","end_time":"114.97","alternatives":[{"confidence":"0.3063","content":"중"}],"type":"pronunciation"},{"start_time":"114.97","end_time":"115.26","alternatives":[{"confidence":"0.3236","content":"28"}],"type":"pronunciation"},{"start_time":"115.26","end_time":"115.49","alternatives":[{"confidence":"0.5285","content":"백만"}],"type":"pronunciation"},{"start_time":"115.49","end_time":"115.66","alternatives":[{"confidence":"0.327","content":"원을"}],"type":"pronunciation"},{"start_time":"115.66","end_time":"116.46","alternatives":[{"confidence":"0.999","content":"대출금이고"}],"type":"pronunciation"},{"start_time":"116.46","end_time":"117.2","alternatives":[{"confidence":"1.0","content":"고객님본인이"}],"type":"pronunciation"},{"start_time":"117.2","end_time":"117.5","alternatives":[{"confidence":"0.7715","content":"이백"}],"type":"pronunciation"},{"start_time":"117.5","end_time":"117.88","alternatives":[{"confidence":"0.4742","content":"만원"}],"type":"pronunciation"},{"start_time":"117.88","end_time":"118.1","alternatives":[{"confidence":"0.9574","content":"저희"}],"type":"pronunciation"},{"start_time":"118.1","end_time":"118.59","alternatives":[{"confidence":"0.9837","content":"쪽으로"}],"type":"pronunciation"},{"start_time":"118.85","end_time":"119.46","alternatives":[{"confidence":"0.9327333333333333","content":"위험부담으로"}],"type":"pronunciation"},{"start_time":"119.46","end_time":"120.29","alternatives":[{"confidence":"0.8066333333333334","content":"벌어지신거는"}],"type":"pronunciation"},{"start_time":"120.55","end_time":"120.78","alternatives":[{"confidence":"0.8577","content":"이런"}],"type":"pronunciation"},{"start_time":"120.78","end_time":"120.92","alternatives":[{"confidence":"0.5799","content":"한"}],"type":"pronunciation"},{"start_time":"120.92","end_time":"121.09","alternatives":[{"confidence":"0.4104","content":"장"}],"type":"pronunciation"},{"start_time":"121.09","end_time":"121.74","alternatives":[{"confidence":"1.0","content":"빠짐없이"}],"type":"pronunciation"},{"start_time":"121.74","end_time":"122.22","alternatives":[{"confidence":"0.99315","content":"본인한테"}],"type":"pronunciation"},{"start_time":"122.22","end_time":"122.45","alternatives":[{"confidence":"1.0","content":"다시"}],"type":"pronunciation"},{"start_time":"122.45","end_time":"123.54","alternatives":[{"confidence":"0.794325","content":"반납처리들어가시는"}],"type":"pronunciation"},{"start_time":"123.54","end_time":"124.41","alternatives":[{"confidence":"0.7974","content":"건데"}],"type":"pronunciation"},{"start_time":"124.58","end_time":"125.06","alternatives":[{"confidence":"0.9818","content":"같이"}],"type":"pronunciation"},{"start_time":"125.06","end_time":"125.71","alternatives":[{"confidence":"0.7185","content":"들어가시면은"}],"type":"pronunciation"},{"start_time":"125.71","end_time":"126.13","alternatives":[{"confidence":"0.66905","content":"전산에"}],"type":"pronunciation"},{"start_time":"126.13","end_time":"126.47","alternatives":[{"confidence":"0.5032","content":"천만원"}],"type":"pronunciation"},{"start_time":"126.51","end_time":"126.78","alternatives":[{"confidence":"0.742","content":"대출"}],"type":"pronunciation"},{"start_time":"126.78","end_time":"127.14","alternatives":[{"confidence":"0.9812","content":"받는"}],"type":"pronunciation"},{"start_time":"127.14","end_time":"127.42","alternatives":[{"confidence":"0.9167","content":"걸로"}],"type":"pronunciation"},{"start_time":"127.42","end_time":"127.58","alternatives":[{"confidence":"0.7846","content":"나"}],"type":"pronunciation"},{"start_time":"127.58","end_time":"127.82","alternatives":[{"confidence":"0.92","content":"지금"}],"type":"pronunciation"},{"start_time":"127.88","end_time":"128.06","alternatives":[{"confidence":"0.9693","content":"지금"}],"type":"pronunciation"},{"start_time":"128.06","end_time":"128.47","alternatives":[{"confidence":"0.6334","content":"상황할"}],"type":"pronunciation"},{"start_time":"128.47","end_time":"128.66","alternatives":[{"confidence":"0.7442","content":"때"}],"type":"pronunciation"},{"start_time":"128.66","end_time":"129.0","alternatives":[{"confidence":"1.0","content":"오해가"}],"type":"pronunciation"},{"start_time":"129.0","end_time":"129.34","alternatives":[{"confidence":"1.0","content":"생기는"}],"type":"pronunciation"},{"start_time":"129.34","end_time":"129.67","alternatives":[{"confidence":"1.0","content":"경우가"}],"type":"pronunciation"},{"start_time":"129.67","end_time":"130.47","alternatives":[{"confidence":"1.0","content":"많아서"}],"type":"pronunciation"},{"start_time":"130.57","end_time":"130.98","alternatives":[{"confidence":"0.9929","content":"일단은"}],"type":"pronunciation"},{"start_time":"130.98","end_time":"131.25","alternatives":[{"confidence":"0.9918","content":"먼저"}],"type":"pronunciation"},{"start_time":"131.25","end_time":"131.62","alternatives":[{"confidence":"0.5043","content":"파견한"}],"type":"pronunciation"},{"start_time":"131.62","end_time":"131.76","alternatives":[{"confidence":"0.6352","content":"대"}],"type":"pronunciation"},{"start_time":"131.76","end_time":"132.8","alternatives":[{"confidence":"0.91205","content":"취급나가고"}],"type":"pronunciation"},{"start_time":"132.97","end_time":"133.69","alternatives":[{"confidence":"0.9632499999999999","content":"반납금을"}],"type":"pronunciation"},{"start_time":"133.69","end_time":"134.55","alternatives":[{"confidence":"0.8602","content":"대출입금됐다는"}],"type":"pronunciation"},{"start_time":"134.55","end_time":"134.83","alternatives":[{"confidence":"1.0","content":"부분에"}],"type":"pronunciation"},{"start_time":"134.83","end_time":"135.08","alternatives":[{"confidence":"0.9945","content":"대해서"}],"type":"pronunciation"},{"start_time":"135.08","end_time":"135.64","alternatives":[{"confidence":"0.9800500000000001","content":"확인이"}],"type":"pronunciation"},{"start_time":"135.67","end_time":"136.39","alternatives":[{"confidence":"0.7398","content":"되시면은"}],"type":"pronunciation"},{"start_time":"136.39","end_time":"136.72","alternatives":[{"confidence":"1.0","content":"저희가"}],"type":"pronunciation"},{"start_time":"136.81","end_time":"137.23","alternatives":[{"confidence":"0.794","content":"이백만원"}],"type":"pronunciation"},{"start_time":"137.23","end_time":"137.41","alternatives":[{"confidence":"0.5576","content":"부분에"}],"type":"pronunciation"},{"start_time":"137.41","end_time":"137.62","alternatives":[{"confidence":"0.9984","content":"대해서"}],"type":"pronunciation"},{"start_time":"137.62","end_time":"137.99","alternatives":[{"confidence":"0.995","content":"다시"}],"type":"pronunciation"},{"start_time":"137.99","end_time":"138.28","alternatives":[{"confidence":"0.9619","content":"이거는"}],"type":"pronunciation"},{"start_time":"139.48","end_time":"140.48","alternatives":[{"confidence":"0.9871","content":"얘기예요"}],"type":"pronunciation"},{"alternatives":[{"confidence":"0.0","content":"."}],"type":"punctuation"},{"start_time":"140.97","end_time":"141.3","alternatives":[{"confidence":"1.0","content":"저희가"}],"type":"pronunciation"},{"start_time":"141.3","end_time":"141.56","alternatives":[{"confidence":"0.9801","content":"여기에"}],"type":"pronunciation"},{"start_time":"141.56","end_time":"142.11","alternatives":[{"confidence":"0.9999","content":"관련해서"}],"type":"pronunciation"},{"start_time":"142.11","end_time":"142.96","alternatives":[{"confidence":"0.96455","content":"수수료나"}],"type":"pronunciation"},{"start_time":"142.96","end_time":"143.52","alternatives":[{"confidence":"0.9038","content":"절대"}],"type":"pronunciation"},{"start_time":"143.58","end_time":"143.91","alternatives":[{"confidence":"0.5754","content":"작업"}],"type":"pronunciation"},{"start_time":"143.91","end_time":"144.28","alternatives":[{"confidence":"0.8139","content":"비용이"}],"type":"pronunciation"},{"start_time":"144.28","end_time":"144.48","alternatives":[{"confidence":"0.4225","content":"되는"}],"type":"pronunciation"},{"start_time":"144.48","end_time":"144.7","alternatives":[{"confidence":"0.213","content":"부분이"}],"type":"pronunciation"},{"start_time":"145.08","end_time":"145.69","alternatives":[{"confidence":"0.6901999999999999","content":"요청하시는"}],"type":"pronunciation"},{"start_time":"145.69","end_time":"145.82","alternatives":[{"confidence":"0.936","content":"건"}],"type":"pronunciation"},{"start_time":"145.82","end_time":"146.13","alternatives":[{"confidence":"1.0","content":"아니기"}],"type":"pronunciation"},{"start_time":"146.13","end_time":"146.56","alternatives":[{"confidence":"1.0","content":"때문에"}],"type":"pronunciation"},{"start_time":"146.8","end_time":"147.38","alternatives":[{"confidence":"0.6526000000000001","content":"고객님으로"}],"type":"pronunciation"},{"start_time":"147.38","end_time":"147.97","alternatives":[{"confidence":"1.0","content":"인해서"}],"type":"pronunciation"},{"start_time":"148.15","end_time":"148.46","alternatives":[{"confidence":"0.5965","content":"작업"}],"type":"pronunciation"},{"start_time":"148.46","end_time":"148.66","alternatives":[{"confidence":"0.9495","content":"하는"}],"type":"pronunciation"},{"start_time":"148.66","end_time":"149.02","alternatives":[{"confidence":"0.8408","content":"과정"}],"type":"pronunciation"},{"start_time":"149.02","end_time":"149.25","alternatives":[{"confidence":"0.9985","content":"중에"}],"type":"pronunciation"},{"start_time":"149.25","end_time":"149.68","alternatives":[{"confidence":"1.0","content":"문제가"}],"type":"pronunciation"},{"start_time":"149.68","end_time":"150.01","alternatives":[{"confidence":"0.9995","content":"생기고"}],"type":"pronunciation"},{"start_time":"150.01","end_time":"150.22","alternatives":[{"confidence":"0.8904","content":"내는"}],"type":"pronunciation"},{"start_time":"150.22","end_time":"150.54","alternatives":[{"confidence":"0.8205","content":"부분"}],"type":"pronunciation"},{"start_time":"150.54","end_time":"151.48","alternatives":[{"confidence":"0.9994","content":"때문에"}],"type":"pronunciation"},{"start_time":"151.57","end_time":"151.69","alternatives":[{"confidence":"0.9811","content":"이"}],"type":"pronunciation"},{"start_time":"151.69","end_time":"152.09","alternatives":[{"confidence":"0.4929","content":"부분을"}],"type":"pronunciation"},{"start_time":"152.09","end_time":"152.66","alternatives":[{"confidence":"0.9911","content":"고객님이"}],"type":"pronunciation"},{"start_time":"152.66","end_time":"152.88","alternatives":[{"confidence":"0.9988","content":"여기에"}],"type":"pronunciation"},{"start_time":"152.88","end_time":"153.09","alternatives":[{"confidence":"0.9997","content":"대해서"}],"type":"pronunciation"},{"start_time":"153.09","end_time":"153.34","alternatives":[{"confidence":"0.8859","content":"나를"}],"type":"pronunciation"},{"start_time":"153.34","end_time":"153.69","alternatives":[{"confidence":"1.0","content":"동의를"}],"type":"pronunciation"},{"start_time":"153.69","end_time":"154.42","alternatives":[{"confidence":"0.9972","content":"합니다"}],"type":"pronunciation"},{"alternatives":[{"confidence":"0.0","content":"."}],"type":"punctuation"},{"start_time":"154.66","end_time":"154.81","alternatives":[{"confidence":"0.873","content":"나"}],"type":"pronunciation"},{"start_time":"154.81","end_time":"155.31","alternatives":[{"confidence":"0.9977","content":"때문에"}],"type":"pronunciation"},{"start_time":"155.31","end_time":"155.62","alternatives":[{"confidence":"0.9999","content":"여기에"}],"type":"pronunciation"},{"start_time":"155.62","end_time":"155.88","alternatives":[{"confidence":"0.9999","content":"대해서"}],"type":"pronunciation"},{"start_time":"155.88","end_time":"156.15","alternatives":[{"confidence":"0.6521","content":"전혀"}],"type":"pronunciation"},{"start_time":"156.21","end_time":"156.4","alternatives":[{"confidence":"0.3119","content":"앞으로"}],"type":"pronunciation"},{"start_time":"156.4","end_time":"156.64","alternatives":[{"confidence":"0.9889","content":"일이"}],"type":"pronunciation"},{"start_time":"156.64","end_time":"157.19","alternatives":[{"confidence":"0.9916","content":"일어났습니다"}],"type":"pronunciation"},{"alternatives":[{"confidence":"0.0","content":"."}],"type":"punctuation"},{"start_time":"157.19","end_time":"157.42","alternatives":[{"confidence":"0.9911","content":"제가"}],"type":"pronunciation"},{"start_time":"157.42","end_time":"158.07","alternatives":[{"confidence":"0.9948","content":"책임지겠습니다"}],"type":"pronunciation"},{"start_time":"158.07","end_time":"158.22","alternatives":[{"confidence":"0.6631","content":"거랑"}],"type":"pronunciation"},{"start_time":"158.22","end_time":"159.06","alternatives":[{"confidence":"0.94315","content":"마찬가지어떻게"}],"type":"pronunciation"},{"start_time":"159.06","end_time":"159.43","alternatives":[{"confidence":"0.9297","content":"보세요"}],"type":"pronunciation"},{"alternatives":[{"confidence":"0.0","content":"."}],"type":"punctuation"},{"start_time":"160.63","end_time":"160.98","alternatives":[{"confidence":"0.9929","content":"그리고"}],"type":"pronunciation"},{"start_time":"160.98","end_time":"161.48","alternatives":[{"confidence":"0.8961","content":"절대"}],"type":"pronunciation"},{"start_time":"161.48","end_time":"161.73","alternatives":[{"confidence":"0.9987","content":"여기에"}],"type":"pronunciation"},{"start_time":"161.73","end_time":"161.94","alternatives":[{"confidence":"0.9995","content":"대해서"}],"type":"pronunciation"},{"start_time":"161.94","end_time":"163.05","alternatives":[{"confidence":"0.6245333333333333","content":"대출고객님이거"}],"type":"pronunciation"},{"start_time":"163.05","end_time":"163.27","alternatives":[{"confidence":"0.9757","content":"오늘"}],"type":"pronunciation"},{"start_time":"163.27","end_time":"163.57","alternatives":[{"confidence":"0.9921","content":"당연히"}],"type":"pronunciation"},{"start_time":"163.57","end_time":"164.05","alternatives":[{"confidence":"0.9047499999999999","content":"입금받고"}],"type":"pronunciation"},{"start_time":"164.05","end_time":"164.52","alternatives":[{"confidence":"0.9321","content":"나서"}],"type":"pronunciation"},{"start_time":"164.73","end_time":"165.03","alternatives":[{"confidence":"0.9268","content":"이렇게"}],"type":"pronunciation"},{"start_time":"165.03","end_time":"165.24","alternatives":[{"confidence":"0.9555","content":"해서"}],"type":"pronunciation"},{"start_time":"165.24","end_time":"165.83","alternatives":[{"confidence":"1.0","content":"받는다"}],"type":"pronunciation"},{"start_time":"165.83","end_time":"166.09","alternatives":[{"confidence":"0.9987","content":"혹은"}],"type":"pronunciation"},{"start_time":"166.09","end_time":"166.7","alternatives":[{"confidence":"0.994","content":"받았다"}],"type":"pronunciation"},{"start_time":"166.7","end_time":"166.88","alternatives":[{"confidence":"0.9984","content":"이런"}],"type":"pronunciation"},{"start_time":"166.88","end_time":"167.51","alternatives":[{"confidence":"0.76335","content":"얘기절대"}],"type":"pronunciation"},{"start_time":"167.51","end_time":"167.88","alternatives":[{"confidence":"0.9922","content":"하시면"}],"type":"pronunciation"},{"start_time":"167.88","end_time":"168.01","alternatives":[{"confidence":"0.5541","content":"안"}],"type":"pronunciation"},{"start_time":"168.01","end_time":"168.25","alternatives":[{"confidence":"0.5512","content":"되고"}],"type":"pronunciation"},{"start_time":"168.25","end_time":"168.61","alternatives":[{"confidence":"0.6937","content":"갱님"}],"type":"pronunciation"},{"start_time":"168.61","end_time":"168.82","alternatives":[{"confidence":"0.9865","content":"이게"}],"type":"pronunciation"},{"start_time":"169.12","end_time":"170.26","alternatives":[{"confidence":"0.96295","content":"금융사에서"}],"type":"pronunciation"},{"start_time":"170.26","end_time":"170.59","alternatives":[{"confidence":"0.9955","content":"이거는"}],"type":"pronunciation"},{"start_time":"170.59","end_time":"171.81","alternatives":[{"confidence":"0.9324333333333333","content":"대출내어주는"}],"type":"pronunciation"},{"start_time":"171.81","end_time":"172.27","alternatives":[{"confidence":"0.9974","content":"입장에서"}],"type":"pronunciation"},{"start_time":"172.27","end_time":"172.56","alternatives":[{"confidence":"0.9938","content":"이렇게"}],"type":"pronunciation"},{"start_time":"172.56","end_time":"173.01","alternatives":[{"confidence":"0.1691","content":"전국적으로"}],"type":"pronunciation"},{"start_time":"173.01","end_time":"173.25","alternatives":[{"confidence":"0.5541","content":"작업"}],"type":"pronunciation"},{"start_time":"173.25","end_time":"173.47","alternatives":[{"confidence":"0.5225","content":"하는"}],"type":"pronunciation"},{"start_time":"173.47","end_time":"173.63","alternatives":[{"confidence":"0.479","content":"건"}],"type":"pronunciation"},{"start_time":"173.63","end_time":"173.81","alternatives":[{"confidence":"0.9271","content":"오늘"}],"type":"pronunciation"},{"start_time":"173.81","end_time":"174.29","alternatives":[{"confidence":"0.6945","content":"금융사를"}],"type":"pronunciation"},{"start_time":"174.29","end_time":"174.41","alternatives":[{"confidence":"0.8737","content":"다"}],"type":"pronunciation"},{"start_time":"174.41","end_time":"174.77","alternatives":[{"confidence":"0.9461","content":"하시는"}],"type":"pronunciation"},{"start_time":"174.77","end_time":"174.87","alternatives":[{"confidence":"0.7413","content":"거"}],"type":"pronunciation"},{"start_time":"174.87","end_time":"175.61","alternatives":[{"confidence":"0.9657","content":"겠지만"}],"type":"pronunciation"},{"start_time":"176.21","end_time":"176.62","alternatives":[{"confidence":"0.98205","content":"오픈을"}],"type":"pronunciation"},{"start_time":"176.62","end_time":"176.92","alternatives":[{"confidence":"0.9634","content":"해놓고"}],"type":"pronunciation"},{"start_time":"176.92","end_time":"177.27","alternatives":[{"confidence":"0.9632","content":"하시는데"}],"type":"pronunciation"},{"start_time":"177.27","end_time":"177.67","alternatives":[{"confidence":"1.0","content":"없어요"}],"type":"pronunciation"},{"alternatives":[{"confidence":"0.0","content":"."}],"type":"punctuation"},{"start_time":"177.67","end_time":"177.94","alternatives":[{"confidence":"0.9469","content":"다시"}],"type":"pronunciation"},{"start_time":"177.94","end_time":"178.21","alternatives":[{"confidence":"0.3853","content":"시에서"}],"type":"pronunciation"},{"start_time":"178.21","end_time":"178.7","alternatives":[{"confidence":"0.61175","content":"뽑아지는"}],"type":"pronunciation"},{"start_time":"178.7","end_time":"179.65","alternatives":[{"confidence":"0.2804","content":"거지"}],"type":"pronunciation"},{"start_time":"183.63","end_time":"184.03","alternatives":[{"confidence":"0.026","content":"그러니까"}],"type":"pronunciation"},{"start_time":"184.06","end_time":"184.79","alternatives":[{"confidence":"0.9833","content":"그러니까"}],"type":"pronunciation"},{"start_time":"184.82","end_time":"185.21","alternatives":[{"confidence":"0.3951","content":"예"}],"type":"pronunciation"},{"alternatives":[{"confidence":"0.0","content":"."}],"type":"punctuation"},{"start_time":"185.21","end_time":"185.52","alternatives":[{"confidence":"0.9976","content":"그래서"}],"type":"pronunciation"},{"start_time":"185.52","end_time":"185.84","alternatives":[{"confidence":"0.933","content":"이렇게"}],"type":"pronunciation"},{"start_time":"185.88","end_time":"186.06","alternatives":[{"confidence":"0.9872","content":"그래서"}],"type":"pronunciation"},{"start_time":"186.06","end_time":"186.64","alternatives":[{"confidence":"0.9824","content":"진행을"}],"type":"pronunciation"},{"start_time":"186.64","end_time":"186.9","alternatives":[{"confidence":"0.8329","content":"해줄"}],"type":"pronunciation"},{"start_time":"186.9","end_time":"186.97","alternatives":[{"confidence":"0.997","content":"수"}],"type":"pronunciation"},{"start_time":"186.97","end_time":"187.12","alternatives":[{"confidence":"0.9942","content":"있는"}],"type":"pronunciation"},{"start_time":"187.12","end_time":"187.58","alternatives":[{"confidence":"0.9998","content":"부분으로"}],"type":"pronunciation"},{"start_time":"187.58","end_time":"188.09","alternatives":[{"confidence":"0.97965","content":"부장님께서"}],"type":"pronunciation"},{"start_time":"188.09","end_time":"188.37","alternatives":[{"confidence":"0.9241","content":"얘기를"}],"type":"pronunciation"},{"start_time":"188.37","end_time":"188.71","alternatives":[{"confidence":"0.9837","content":"하시는데"}],"type":"pronunciation"},{"start_time":"188.71","end_time":"189.74","alternatives":[{"confidence":"0.8000666666666666","content":"결제과에서"}],"type":"pronunciation"},{"start_time":"191.02","end_time":"191.21","alternatives":[{"confidence":"0.2204","content":"이백"}],"type":"pronunciation"},{"start_time":"191.21","end_time":"191.41","alternatives":[{"confidence":"0.2532","content":"만원"}],"type":"pronunciation"},{"start_time":"191.41","end_time":"191.68","alternatives":[{"confidence":"0.9998","content":"부분에"}],"type":"pronunciation"},{"start_time":"191.68","end_time":"192.13","alternatives":[{"confidence":"0.9933","content":"대해서"}],"type":"pronunciation"},{"start_time":"192.13","end_time":"192.49","alternatives":[{"confidence":"0.9091","content":"부담을"}],"type":"pronunciation"},{"start_time":"192.49","end_time":"192.65","alternatives":[{"confidence":"0.8768","content":"할"}],"type":"pronunciation"},{"start_time":"192.65","end_time":"192.71","alternatives":[{"confidence":"0.8767","content":"수"}],"type":"pronunciation"},{"start_time":"192.71","end_time":"192.86","alternatives":[{"confidence":"0.8775","content":"있는"}],"type":"pronunciation"},{"start_time":"192.86","end_time":"193.31","alternatives":[{"confidence":"0.9199999999999999","content":"부분이라고"}],"type":"pronunciation"},{"start_time":"193.31","end_time":"193.7","alternatives":[{"confidence":"0.6419","content":"하시는"}],"type":"pronunciation"},{"start_time":"193.7","end_time":"193.98","alternatives":[{"confidence":"0.9935","content":"지금"}],"type":"pronunciation"},{"start_time":"193.98","end_time":"194.29","alternatives":[{"confidence":"0.9345","content":"제가"}],"type":"pronunciation"},{"start_time":"195.84","end_time":"196.31","alternatives":[{"confidence":"0.9243","content":"관리자"}],"type":"pronunciation"},{"start_time":"196.31","end_time":"196.62","alternatives":[{"confidence":"0.9927","content":"문제가"}],"type":"pronunciation"},{"start_time":"196.62","end_time":"196.94","alternatives":[{"confidence":"0.6457","content":"처벌을"}],"type":"pronunciation"},{"start_time":"196.94","end_time":"197.15","alternatives":[{"confidence":"0.9825","content":"해서"}],"type":"pronunciation"},{"start_time":"197.15","end_time":"197.54","alternatives":[{"confidence":"0.70445","content":"계좌분은"}],"type":"pronunciation"},{"start_time":"197.54","end_time":"197.7","alternatives":[{"confidence":"0.9971","content":"지금"}],"type":"pronunciation"},{"start_time":"197.7","end_time":"197.9","alternatives":[{"confidence":"0.9745","content":"바로"}],"type":"pronunciation"},{"start_time":"197.9","end_time":"198.33","alternatives":[{"confidence":"0.864","content":"안내해줄"}],"type":"pronunciation"},{"start_time":"198.33","end_time":"199.38","alternatives":[{"confidence":"0.9945999999999999","content":"거거든요"}],"type":"pronunciation"},{"alternatives":[{"confidence":"0.0","content":"."}],"type":"punctuation"},{"start_time":"199.75","end_time":"200.07","alternatives":[{"confidence":"1.0","content":"그러면"}],"type":"pronunciation"},{"start_time":"200.07","end_time":"201.28","alternatives":[{"confidence":"0.5300750000000001","content":"고객님순환처리하시는"}],"type":"pronunciation"},{"start_time":"201.28","end_time":"201.4","alternatives":[{"confidence":"0.8401","content":"건"}],"type":"pronunciation"},{"start_time":"201.4","end_time":"201.63","alternatives":[{"confidence":"0.9999","content":"혹시"}],"type":"pronunciation"},{"start_time":"201.63","end_time":"201.86","alternatives":[{"confidence":"0.86","content":"어느"}],"type":"pronunciation"},{"start_time":"201.86","end_time":"202.16","alternatives":[{"confidence":"0.9843","content":"은행으로"}],"type":"pronunciation"},{"start_time":"202.16","end_time":"202.39","alternatives":[{"confidence":"0.8986","content":"하실"}],"type":"pronunciation"},{"start_time":"202.39","end_time":"203.04","alternatives":[{"confidence":"1.0","content":"거예요"}],"type":"pronunciation"},{"alternatives":[{"confidence":"0.0","content":"."}],"type":"punctuation"},{"start_time":"204.11","end_time":"204.36","alternatives":[{"confidence":"0.0393","content":"어떤"}],"type":"pronunciation"},{"start_time":"205.69","end_time":"206.16","alternatives":[{"confidence":"0.355","content":"이백만원"}],"type":"pronunciation"},{"start_time":"206.16","end_time":"206.33","alternatives":[{"confidence":"0.5683","content":"이거"}],"type":"pronunciation"},{"start_time":"206.33","end_time":"206.86","alternatives":[{"confidence":"0.7522","content":"위험부담을"}],"type":"pronunciation"},{"start_time":"206.89","end_time":"207.58","alternatives":[{"confidence":"0.56105","content":"걸어주시는"}],"type":"pronunciation"},{"start_time":"207.58","end_time":"207.8","alternatives":[{"confidence":"0.6423","content":"거"}],"type":"pronunciation"},{"start_time":"207.8","end_time":"208.17","alternatives":[{"confidence":"1.0","content":"혹시"}],"type":"pronunciation"},{"start_time":"208.17","end_time":"208.44","alternatives":[{"confidence":"0.8598","content":"어느"}],"type":"pronunciation"},{"start_time":"208.44","end_time":"208.81","alternatives":[{"confidence":"0.9839","content":"은행으로"}],"type":"pronunciation"},{"start_time":"208.81","end_time":"209.32","alternatives":[{"confidence":"0.9941","content":"고객님이"}],"type":"pronunciation"},{"start_time":"209.32","end_time":"209.94","alternatives":[{"confidence":"0.8129500000000001","content":"입금처리할"}],"type":"pronunciation"},{"start_time":"209.94","end_time":"210.2","alternatives":[{"confidence":"0.2378","content":"거냐"}],"type":"pronunciation"},{"start_time":"210.2","end_time":"210.99","alternatives":[{"confidence":"0.1848","content":"고요"}],"type":"pronunciation"},{"alternatives":[{"confidence":"0.0","content":"."}],"type":"punctuation"},{"start_time":"212.15","end_time":"212.34","alternatives":[{"confidence":"0.0685","content":"그냥"}],"type":"pronunciation"},{"alternatives":[{"confidence":"0.0","content":"."}],"type":"punctuation"},{"start_time":"213.8","end_time":"214.21","alternatives":[{"confidence":"0.9996","content":"그렇죠"}],"type":"pronunciation"},{"alternatives":[{"confidence":"0.0","content":"."}],"type":"punctuation"},{"start_time":"214.21","end_time":"214.75","alternatives":[{"confidence":"1.0","content":"입금하시면"}],"type":"pronunciation"},{"start_time":"214.75","end_time":"215.38","alternatives":[{"confidence":"0.9917499999999999","content":"되시는데"}],"type":"pronunciation"},{"start_time":"215.58","end_time":"216.27","alternatives":[{"confidence":"0.7377","content":"얘기는"}],"type":"pronunciation"},{"start_time":"216.61","end_time":"217.07","alternatives":[{"confidence":"0.98905","content":"고객님이"}],"type":"pronunciation"},{"alternatives":[{"confidence":"0.0","content":"."}],"type":"punctuation"},{"start_time":"217.07","end_time":"217.4","alternatives":[{"confidence":"0.9555","content":"어느"}],"type":"pronunciation"},{"start_time":"217.4","end_time":"217.75","alternatives":[{"confidence":"0.6567","content":"은행을"}],"type":"pronunciation"},{"start_time":"217.75","end_time":"218.41","alternatives":[{"confidence":"0.81065","content":"하실거냐고"}],"type":"pronunciation"},{"start_time":"218.41","end_time":"218.7","alternatives":[{"confidence":"0.2106","content":"같이"}],"type":"pronunciation"},{"start_time":"218.94","end_time":"219.16","alternatives":[{"confidence":"0.7646","content":"있으면"}],"type":"pronunciation"},{"start_time":"219.16","end_time":"219.26","alternatives":[{"confidence":"0.2567","content":"될"}],"type":"pronunciation"},{"start_time":"219.26","end_time":"219.37","alternatives":[{"confidence":"0.3308","content":"것"}],"type":"pronunciation"},{"start_time":"219.37","end_time":"219.6","alternatives":[{"confidence":"0.715","content":"같은"}],"type":"pronunciation"},{"start_time":"219.6","end_time":"219.84","alternatives":[{"confidence":"0.1393","content":"은행을"}],"type":"pronunciation"},{"start_time":"219.84","end_time":"220.41","alternatives":[{"confidence":"0.74705","content":"배정해달라고"}],"type":"pronunciation"},{"start_time":"220.41","end_time":"220.75","alternatives":[{"confidence":"0.9569","content":"요청을"}],"type":"pronunciation"},{"start_time":"220.75","end_time":"221.15","alternatives":[{"confidence":"0.9545","content":"하려고"}],"type":"pronunciation"},{"start_time":"221.15","end_time":"225.24","alternatives":[{"confidence":"0.9613666666666667","content":"고객님우체국으로"}],"type":"pronunciation"},{"start_time":"225.24","end_time":"225.51","alternatives":[{"confidence":"0.9943","content":"그러면"}],"type":"pronunciation"},{"start_time":"225.52","end_time":"226.37","alternatives":[{"confidence":"0.7986500000000001","content":"계좌하시는"}],"type":"pronunciation"},{"start_time":"226.37","end_time":"226.63","alternatives":[{"confidence":"0.8205","content":"거예요"}],"type":"pronunciation"},{"alternatives":[{"confidence":"0.0","content":"."}],"type":"punctuation"},{"start_time":"226.63","end_time":"227.26","alternatives":[{"confidence":"0.9337666666666667","content":"은행가셔서"}],"type":"pronunciation"},{"start_time":"227.26","end_time":"227.67","alternatives":[{"confidence":"0.05565","content":"하시되신"}],"type":"pronunciation"},{"start_time":"227.67","end_time":"227.85","alternatives":[{"confidence":"0.0248","content":"거예요"}],"type":"pronunciation"},{"alternatives":[{"confidence":"0.0","content":"."}],"type":"punctuation"},{"start_time":"227.85","end_time":"228.06","alternatives":[{"confidence":"0.0158","content":"아니면"}],"type":"pronunciation"},{"start_time":"230.25","end_time":"231.09","alternatives":[{"confidence":"1.0","content":"그러세요"}],"type":"pronunciation"},{"alternatives":[{"confidence":"0.0","content":"?"}],"type":"punctuation"},{"start_time":"231.54","end_time":"231.78","alternatives":[{"confidence":"0.3597","content":"습니다"}],"type":"pronunciation"},{"alternatives":[{"confidence":"0.0","content":"."}],"type":"punctuation"},{"start_time":"231.78","end_time":"232.01","alternatives":[{"confidence":"0.9799","content":"그러면"}],"type":"pronunciation"},{"start_time":"232.01","end_time":"232.36","alternatives":[{"confidence":"1.0","content":"제가"}],"type":"pronunciation"},{"start_time":"232.37","end_time":"232.77","alternatives":[{"confidence":"0.7564","content":"아"}],"type":"pronunciation"},{"start_time":"232.8","end_time":"233.03","alternatives":[{"confidence":"0.9533","content":"지금"}],"type":"pronunciation"},{"start_time":"233.16","end_time":"233.49","alternatives":[{"confidence":"0.5931","content":"관리"}],"type":"pronunciation"},{"start_time":"233.49","end_time":"233.79","alternatives":[{"confidence":"0.8035","content":"잡은"}],"type":"pronunciation"},{"start_time":"233.79","end_time":"234.02","alternatives":[{"confidence":"0.9449","content":"바로"}],"type":"pronunciation"},{"start_time":"234.02","end_time":"234.33","alternatives":[{"confidence":"0.9934000000000001","content":"섭외를"}],"type":"pronunciation"},{"start_time":"234.33","end_time":"234.73","alternatives":[{"confidence":"0.9186","content":"해가지고"}],"type":"pronunciation"},{"start_time":"234.79","end_time":"236.01","alternatives":[{"confidence":"0.5100666666666667","content":"고객님해드릴"}],"type":"pronunciation"},{"start_time":"236.01","end_time":"236.84","alternatives":[{"confidence":"0.9994","content":"거니까"}],"type":"pronunciation"},{"start_time":"237.25","end_time":"237.72","alternatives":[{"confidence":"0.2762","content":"저는"}],"type":"pronunciation"},{"start_time":"237.87","end_time":"238.15","alternatives":[{"confidence":"0.9666","content":"조금"}],"type":"pronunciation"},{"start_time":"238.15","end_time":"238.68","alternatives":[{"confidence":"0.9135","content":"대기하고"}],"type":"pronunciation"},{"start_time":"238.68","end_time":"239.24","alternatives":[{"confidence":"1.0","content":"계세요"}],"type":"pronunciation"},{"alternatives":[{"confidence":"0.0","content":"."}],"type":"punctuation"},{"start_time":"239.67","end_time":"239.85","alternatives":[{"confidence":"0.8875","content":"제가"}],"type":"pronunciation"},{"start_time":"239.85","end_time":"241.1","alternatives":[{"confidence":"0.38055","content":"작업해서"}],"type":"pronunciation"},{"start_time":"241.1","end_time":"241.44","alternatives":[{"confidence":"0.58165","content":"발언해"}],"type":"pronunciation"},{"start_time":"241.44","end_time":"242.07","alternatives":[{"confidence":"0.9935","content":"드리겠습니다"}],"type":"pronunciation"},{"alternatives":[{"confidence":"0.0","content":"."}],"type":"punctuation"}]},"status":"COMPLETED"}