{"jobName":"transcribe_loan136","accountId":"097989105209","results":{"transcripts":[{"transcript":"네. 안녕하세요. 저 손에 스타법인이고요 이런 일들이 있어도 연참수시면 가능 하셔서 필요자금 대안작업 있으세요? 괜히 고객님저희가 안내를 해드리는 거라서 지금 뭐 필요자금을 있으신거죠? 네. 고객님연체나 신용의 문제는 없으신거죠 있어요. 그러면 자꾸 다른 소리가 들렸어요. 국인 이 그러면 지금 하시는 일은 직장 다니세요? 개인 사업을 하시는 거예요. 사대문도 되세요. 나이 제한바 있는데 몇 년 생이시고요 군대를 다녀온 거죠. 어떤 이유로 면제받으신 거예요. 그래도 면제라고 하시니까 그러면 고객님여기서 일하신지는 몇 개월 정도 되신 거예요. 삼 년 한 달 하는 설을 놓고 진행한 적은 없으신거죠? 네. 한 달 안에 서류놓고 진행한 적은 없으신거죠 서류놓고 대출 받기 위해서 설을 놓고 진행한 적은 없으신거죠. 그러면 되세요. 월평균 수입은 대략 어느 정도 나오세요. 삼백이요 성함은 어떻게 되시고요 끊어요."}],"items":[{"start_time":"1.4","end_time":"1.76","alternatives":[{"confidence":"1.0","content":"네"}],"type":"pronunciation"},{"alternatives":[{"confidence":"0.0","content":"."}],"type":"punctuation"},{"start_time":"1.76","end_time":"2.23","alternatives":[{"confidence":"1.0","content":"안녕하세요"}],"type":"pronunciation"},{"alternatives":[{"confidence":"0.0","content":"."}],"type":"punctuation"},{"start_time":"2.51","end_time":"2.66","alternatives":[{"confidence":"0.7449","content":"저"}],"type":"pronunciation"},{"start_time":"2.66","end_time":"2.92","alternatives":[{"confidence":"0.4306","content":"손에"}],"type":"pronunciation"},{"start_time":"2.92","end_time":"4.29","alternatives":[{"confidence":"0.6165333333333334","content":"스타법인이고요"}],"type":"pronunciation"},{"start_time":"4.6","end_time":"4.85","alternatives":[{"confidence":"0.984","content":"이런"}],"type":"pronunciation"},{"start_time":"4.85","end_time":"5.12","alternatives":[{"confidence":"0.9974","content":"일들이"}],"type":"pronunciation"},{"start_time":"5.12","end_time":"5.44","alternatives":[{"confidence":"0.9976","content":"있어도"}],"type":"pronunciation"},{"start_time":"5.44","end_time":"6.13","alternatives":[{"confidence":"0.6087","content":"연참수시면"}],"type":"pronunciation"},{"start_time":"6.13","end_time":"6.45","alternatives":[{"confidence":"0.5102","content":"가능"}],"type":"pronunciation"},{"start_time":"6.45","end_time":"6.9","alternatives":[{"confidence":"0.9867","content":"하셔서"}],"type":"pronunciation"},{"start_time":"6.9","end_time":"7.35","alternatives":[{"confidence":"0.31889999999999996","content":"필요자금"}],"type":"pronunciation"},{"start_time":"7.35","end_time":"7.81","alternatives":[{"confidence":"0.6592","content":"대안작업"}],"type":"pronunciation"},{"start_time":"7.81","end_time":"8.15","alternatives":[{"confidence":"0.9996","content":"있으세요"}],"type":"pronunciation"},{"alternatives":[{"confidence":"0.0","content":"?"}],"type":"punctuation"},{"start_time":"8.15","end_time":"8.56","alternatives":[{"confidence":"0.9317","content":"괜히"}],"type":"pronunciation"},{"start_time":"12.56","end_time":"13.82","alternatives":[{"confidence":"0.98715","content":"고객님저희가"}],"type":"pronunciation"},{"start_time":"13.82","end_time":"14.4","alternatives":[{"confidence":"0.99885","content":"안내를"}],"type":"pronunciation"},{"start_time":"14.4","end_time":"14.84","alternatives":[{"confidence":"0.54495","content":"해드리는"}],"type":"pronunciation"},{"start_time":"14.84","end_time":"15.37","alternatives":[{"confidence":"0.94935","content":"거라서"}],"type":"pronunciation"},{"start_time":"15.37","end_time":"15.69","alternatives":[{"confidence":"0.9969","content":"지금"}],"type":"pronunciation"},{"start_time":"15.69","end_time":"16.02","alternatives":[{"confidence":"0.9557","content":"뭐"}],"type":"pronunciation"},{"start_time":"16.05","end_time":"16.66","alternatives":[{"confidence":"0.47435","content":"필요자금을"}],"type":"pronunciation"},{"start_time":"16.66","end_time":"17.61","alternatives":[{"confidence":"1.0","content":"있으신거죠"}],"type":"pronunciation"},{"alternatives":[{"confidence":"0.0","content":"?"}],"type":"punctuation"},{"start_time":"18.68","end_time":"19.19","alternatives":[{"confidence":"0.0607","content":"네"}],"type":"pronunciation"},{"alternatives":[{"confidence":"0.0","content":"."}],"type":"punctuation"},{"start_time":"20.87","end_time":"22.21","alternatives":[{"confidence":"0.9906","content":"고객님연체나"}],"type":"pronunciation"},{"start_time":"22.21","end_time":"22.52","alternatives":[{"confidence":"0.6249","content":"신용의"}],"type":"pronunciation"},{"start_time":"22.52","end_time":"22.95","alternatives":[{"confidence":"0.9998","content":"문제는"}],"type":"pronunciation"},{"start_time":"22.95","end_time":"24.19","alternatives":[{"confidence":"1.0","content":"없으신거죠"}],"type":"pronunciation"},{"start_time":"25.4","end_time":"26.07","alternatives":[{"confidence":"0.9213","content":"있어요"}],"type":"pronunciation"},{"alternatives":[{"confidence":"0.0","content":"."}],"type":"punctuation"},{"start_time":"27.15","end_time":"27.41","alternatives":[{"confidence":"0.9659","content":"그러면"}],"type":"pronunciation"},{"start_time":"27.65","end_time":"27.93","alternatives":[{"confidence":"1.0","content":"자꾸"}],"type":"pronunciation"},{"start_time":"27.93","end_time":"28.21","alternatives":[{"confidence":"0.9801","content":"다른"}],"type":"pronunciation"},{"start_time":"28.21","end_time":"28.47","alternatives":[{"confidence":"1.0","content":"소리가"}],"type":"pronunciation"},{"start_time":"28.47","end_time":"28.9","alternatives":[{"confidence":"0.8654","content":"들렸어요"}],"type":"pronunciation"},{"alternatives":[{"confidence":"0.0","content":"."}],"type":"punctuation"},{"start_time":"28.9","end_time":"29.15","alternatives":[{"confidence":"0.2707","content":"국인"}],"type":"pronunciation"},{"start_time":"29.15","end_time":"29.45","alternatives":[{"confidence":"0.1935","content":"이"}],"type":"pronunciation"},{"start_time":"29.74","end_time":"30.22","alternatives":[{"confidence":"0.9999","content":"그러면"}],"type":"pronunciation"},{"start_time":"30.22","end_time":"30.43","alternatives":[{"confidence":"0.9998","content":"지금"}],"type":"pronunciation"},{"start_time":"30.43","end_time":"30.89","alternatives":[{"confidence":"0.9999","content":"하시는"}],"type":"pronunciation"},{"start_time":"30.89","end_time":"31.51","alternatives":[{"confidence":"1.0","content":"일은"}],"type":"pronunciation"},{"start_time":"31.9","end_time":"32.31","alternatives":[{"confidence":"0.437","content":"직장"}],"type":"pronunciation"},{"start_time":"32.31","end_time":"32.66","alternatives":[{"confidence":"0.42165","content":"다니세요"}],"type":"pronunciation"},{"alternatives":[{"confidence":"0.0","content":"?"}],"type":"punctuation"},{"start_time":"32.66","end_time":"32.94","alternatives":[{"confidence":"0.8275","content":"개인"}],"type":"pronunciation"},{"start_time":"32.94","end_time":"33.18","alternatives":[{"confidence":"1.0","content":"사업을"}],"type":"pronunciation"},{"start_time":"33.18","end_time":"33.52","alternatives":[{"confidence":"0.9909","content":"하시는"}],"type":"pronunciation"},{"start_time":"33.52","end_time":"33.95","alternatives":[{"confidence":"0.9117","content":"거예요"}],"type":"pronunciation"},{"alternatives":[{"confidence":"0.0","content":"."}],"type":"punctuation"},{"start_time":"34.9","end_time":"35.45","alternatives":[{"confidence":"0.4438","content":"사대문도"}],"type":"pronunciation"},{"start_time":"35.45","end_time":"36.17","alternatives":[{"confidence":"0.9997","content":"되세요"}],"type":"pronunciation"},{"alternatives":[{"confidence":"0.0","content":"."}],"type":"punctuation"},{"start_time":"36.79","end_time":"37.11","alternatives":[{"confidence":"0.7379","content":"나이"}],"type":"pronunciation"},{"start_time":"37.11","end_time":"37.44","alternatives":[{"confidence":"0.49995","content":"제한바"}],"type":"pronunciation"},{"start_time":"37.44","end_time":"37.73","alternatives":[{"confidence":"0.9945","content":"있는데"}],"type":"pronunciation"},{"start_time":"37.73","end_time":"37.95","alternatives":[{"confidence":"0.9906","content":"몇"}],"type":"pronunciation"},{"start_time":"37.95","end_time":"38.1","alternatives":[{"confidence":"0.4537","content":"년"}],"type":"pronunciation"},{"start_time":"38.1","end_time":"39.38","alternatives":[{"confidence":"0.7651666666666667","content":"생이시고요"}],"type":"pronunciation"},{"start_time":"42.12","end_time":"42.5","alternatives":[{"confidence":"0.9791","content":"군대를"}],"type":"pronunciation"},{"start_time":"42.5","end_time":"42.87","alternatives":[{"confidence":"0.8312","content":"다녀온"}],"type":"pronunciation"},{"start_time":"42.87","end_time":"44.01","alternatives":[{"confidence":"1.0","content":"거죠"}],"type":"pronunciation"},{"alternatives":[{"confidence":"0.0","content":"."}],"type":"punctuation"},{"start_time":"45.8","end_time":"46.22","alternatives":[{"confidence":"0.9947","content":"어떤"}],"type":"pronunciation"},{"start_time":"46.22","end_time":"46.45","alternatives":[{"confidence":"0.8932","content":"이유로"}],"type":"pronunciation"},{"start_time":"46.45","end_time":"47.13","alternatives":[{"confidence":"0.9855333333333333","content":"면제받으신"}],"type":"pronunciation"},{"start_time":"47.13","end_time":"47.63","alternatives":[{"confidence":"0.952","content":"거예요"}],"type":"pronunciation"},{"alternatives":[{"confidence":"0.0","content":"."}],"type":"punctuation"},{"start_time":"49.02","end_time":"49.29","alternatives":[{"confidence":"1.0","content":"그래도"}],"type":"pronunciation"},{"start_time":"49.29","end_time":"49.78","alternatives":[{"confidence":"0.9603999999999999","content":"면제라고"}],"type":"pronunciation"},{"start_time":"49.78","end_time":"50.6","alternatives":[{"confidence":"0.9841","content":"하시니까"}],"type":"pronunciation"},{"start_time":"51.24","end_time":"51.64","alternatives":[{"confidence":"0.9999","content":"그러면"}],"type":"pronunciation"},{"start_time":"51.64","end_time":"52.84","alternatives":[{"confidence":"0.9871","content":"고객님여기서"}],"type":"pronunciation"},{"start_time":"52.84","end_time":"53.43","alternatives":[{"confidence":"0.7863666666666665","content":"일하신지는"}],"type":"pronunciation"},{"start_time":"53.43","end_time":"53.61","alternatives":[{"confidence":"0.9953","content":"몇"}],"type":"pronunciation"},{"start_time":"53.61","end_time":"53.8","alternatives":[{"confidence":"0.9028","content":"개월"}],"type":"pronunciation"},{"start_time":"53.8","end_time":"54.01","alternatives":[{"confidence":"0.9803","content":"정도"}],"type":"pronunciation"},{"start_time":"54.01","end_time":"54.33","alternatives":[{"confidence":"0.962","content":"되신"}],"type":"pronunciation"},{"start_time":"54.33","end_time":"54.92","alternatives":[{"confidence":"0.9553","content":"거예요"}],"type":"pronunciation"},{"alternatives":[{"confidence":"0.0","content":"."}],"type":"punctuation"},{"start_time":"55.71","end_time":"55.94","alternatives":[{"confidence":"0.5565","content":"삼"}],"type":"pronunciation"},{"start_time":"55.94","end_time":"56.56","alternatives":[{"confidence":"0.362","content":"년"}],"type":"pronunciation"},{"start_time":"57.15","end_time":"57.34","alternatives":[{"confidence":"0.6406","content":"한"}],"type":"pronunciation"},{"start_time":"57.34","end_time":"57.49","alternatives":[{"confidence":"0.4636","content":"달"}],"type":"pronunciation"},{"start_time":"57.49","end_time":"57.69","alternatives":[{"confidence":"0.7515","content":"하는"}],"type":"pronunciation"},{"start_time":"57.69","end_time":"57.9","alternatives":[{"confidence":"0.5498","content":"설을"}],"type":"pronunciation"},{"start_time":"57.9","end_time":"58.11","alternatives":[{"confidence":"0.9763","content":"놓고"}],"type":"pronunciation"},{"start_time":"58.11","end_time":"58.45","alternatives":[{"confidence":"0.99245","content":"진행한"}],"type":"pronunciation"},{"start_time":"58.45","end_time":"58.62","alternatives":[{"confidence":"0.9835","content":"적은"}],"type":"pronunciation"},{"start_time":"58.62","end_time":"59.57","alternatives":[{"confidence":"1.0","content":"없으신거죠"}],"type":"pronunciation"},{"alternatives":[{"confidence":"0.0","content":"?"}],"type":"punctuation"},{"start_time":"60.73","end_time":"60.99","alternatives":[{"confidence":"0.0918","content":"네"}],"type":"pronunciation"},{"alternatives":[{"confidence":"0.0","content":"."}],"type":"punctuation"},{"start_time":"62.43","end_time":"62.75","alternatives":[{"confidence":"0.9307","content":"한"}],"type":"pronunciation"},{"start_time":"62.75","end_time":"63.01","alternatives":[{"confidence":"0.917","content":"달"}],"type":"pronunciation"},{"start_time":"63.01","end_time":"63.27","alternatives":[{"confidence":"0.9901","content":"안에"}],"type":"pronunciation"},{"start_time":"63.27","end_time":"63.79","alternatives":[{"confidence":"0.81205","content":"서류놓고"}],"type":"pronunciation"},{"start_time":"63.79","end_time":"64.19","alternatives":[{"confidence":"0.99235","content":"진행한"}],"type":"pronunciation"},{"start_time":"64.19","end_time":"64.41","alternatives":[{"confidence":"1.0","content":"적은"}],"type":"pronunciation"},{"start_time":"64.41","end_time":"65.7","alternatives":[{"confidence":"1.0","content":"없으신거죠"}],"type":"pronunciation"},{"start_time":"66.73","end_time":"67.33","alternatives":[{"confidence":"0.78415","content":"서류놓고"}],"type":"pronunciation"},{"start_time":"67.33","end_time":"67.68","alternatives":[{"confidence":"0.3886","content":"대출"}],"type":"pronunciation"},{"start_time":"67.68","end_time":"68.21","alternatives":[{"confidence":"0.9493","content":"받기"}],"type":"pronunciation"},{"start_time":"68.21","end_time":"68.6","alternatives":[{"confidence":"0.9331","content":"위해서"}],"type":"pronunciation"},{"start_time":"68.6","end_time":"68.83","alternatives":[{"confidence":"0.4743","content":"설을"}],"type":"pronunciation"},{"start_time":"68.83","end_time":"69.02","alternatives":[{"confidence":"0.9417","content":"놓고"}],"type":"pronunciation"},{"start_time":"69.02","end_time":"69.36","alternatives":[{"confidence":"0.9922","content":"진행한"}],"type":"pronunciation"},{"start_time":"69.36","end_time":"69.57","alternatives":[{"confidence":"1.0","content":"적은"}],"type":"pronunciation"},{"start_time":"69.57","end_time":"70.59","alternatives":[{"confidence":"0.99985","content":"없으신거죠"}],"type":"pronunciation"},{"alternatives":[{"confidence":"0.0","content":"."}],"type":"punctuation"},{"start_time":"71.35","end_time":"71.71","alternatives":[{"confidence":"1.0","content":"그러면"}],"type":"pronunciation"},{"start_time":"71.71","end_time":"72.27","alternatives":[{"confidence":"0.9996","content":"되세요"}],"type":"pronunciation"},{"alternatives":[{"confidence":"0.0","content":"."}],"type":"punctuation"},{"start_time":"72.27","end_time":"72.89","alternatives":[{"confidence":"0.76495","content":"월평균"}],"type":"pronunciation"},{"start_time":"72.89","end_time":"73.22","alternatives":[{"confidence":"0.9965","content":"수입은"}],"type":"pronunciation"},{"start_time":"73.22","end_time":"73.51","alternatives":[{"confidence":"0.9988","content":"대략"}],"type":"pronunciation"},{"start_time":"73.51","end_time":"73.68","alternatives":[{"confidence":"0.9379","content":"어느"}],"type":"pronunciation"},{"start_time":"73.68","end_time":"73.9","alternatives":[{"confidence":"0.8158","content":"정도"}],"type":"pronunciation"},{"start_time":"73.9","end_time":"74.63","alternatives":[{"confidence":"0.9581500000000001","content":"나오세요"}],"type":"pronunciation"},{"alternatives":[{"confidence":"0.0","content":"."}],"type":"punctuation"},{"start_time":"75.67","end_time":"76.41","alternatives":[{"confidence":"0.79625","content":"삼백이요"}],"type":"pronunciation"},{"start_time":"77.22","end_time":"77.72","alternatives":[{"confidence":"0.9317","content":"성함은"}],"type":"pronunciation"},{"start_time":"77.72","end_time":"77.98","alternatives":[{"confidence":"0.9997","content":"어떻게"}],"type":"pronunciation"},{"start_time":"77.98","end_time":"79.22","alternatives":[{"confidence":"0.983","content":"되시고요"}],"type":"pronunciation"},{"start_time":"81.31","end_time":"82.11","alternatives":[{"confidence":"0.79955","content":"끊어요"}],"type":"pronunciation"},{"alternatives":[{"confidence":"0.0","content":"."}],"type":"punctuation"}]},"status":"COMPLETED"}