{"jobName":"transcribe_loan160","accountId":"097989105209","results":{"transcripts":[{"transcript":"네네 우리은행이시고 일공공이? 예, 맞습니다. 그리고 저희 본사 변직과의 변제 팀장님 쪽이고요 쪽으로 원금삼백팔십 만원 처리하시고 연락 주셔야 저희가 납부하셨다는 서류바로 보내드리고요 또 처리 안 되시면은. 해당 팀장님께서 바로 반환처리를 좀 해드려야 되니까요. 일단 그럼 납부하시는 거는 빠른 처리위해서. 어느 은행에서 누구 명의로 하시는 건가요? 그제 통장에 들어갈 겁니다. 그 어느 은행에서 그러면은 하시는 거죠. 알겠습니다. 그러면은 이쪽으로 납부처리하시고 바로 전화주시면 서로 보내드려야 되니까요. 지금 처리하시고 바로 전화 좀 주세요. 뭐라고요? 본사변제 과 입니다. 계좌번호저희 팀장님이십니다. 알겠습니다."}],"items":[{"start_time":"1.61","end_time":"1.91","alternatives":[{"confidence":"0.6733","content":"네네"}],"type":"pronunciation"},{"start_time":"3.03","end_time":"4.08","alternatives":[{"confidence":"0.8537","content":"우리은행이시고"}],"type":"pronunciation"},{"start_time":"4.08","end_time":"5.17","alternatives":[{"confidence":"0.5127","content":"일공공이"}],"type":"pronunciation"},{"alternatives":[{"confidence":"0.0","content":"?"}],"type":"punctuation"},{"start_time":"7.66","end_time":"7.87","alternatives":[{"confidence":"0.9578","content":"예"}],"type":"pronunciation"},{"alternatives":[{"confidence":"0.0","content":","}],"type":"punctuation"},{"start_time":"7.87","end_time":"8.35","alternatives":[{"confidence":"0.9998","content":"맞습니다"}],"type":"pronunciation"},{"alternatives":[{"confidence":"0.0","content":"."}],"type":"punctuation"},{"start_time":"8.35","end_time":"8.63","alternatives":[{"confidence":"1.0","content":"그리고"}],"type":"pronunciation"},{"start_time":"8.63","end_time":"9.13","alternatives":[{"confidence":"0.4971","content":"저희"}],"type":"pronunciation"},{"start_time":"9.98","end_time":"10.22","alternatives":[{"confidence":"0.4228","content":"본사"}],"type":"pronunciation"},{"start_time":"10.22","end_time":"11.03","alternatives":[{"confidence":"0.5288","content":"변직과의"}],"type":"pronunciation"},{"start_time":"12.27","end_time":"12.55","alternatives":[{"confidence":"0.398","content":"변제"}],"type":"pronunciation"},{"start_time":"12.55","end_time":"12.92","alternatives":[{"confidence":"0.96565","content":"팀장님"}],"type":"pronunciation"},{"start_time":"12.92","end_time":"13.49","alternatives":[{"confidence":"0.9577","content":"쪽이고요"}],"type":"pronunciation"},{"start_time":"15.31","end_time":"15.94","alternatives":[{"confidence":"0.6281","content":"쪽으로"}],"type":"pronunciation"},{"start_time":"16.06","end_time":"17.29","alternatives":[{"confidence":"0.89795","content":"원금삼백팔십"}],"type":"pronunciation"},{"start_time":"17.29","end_time":"17.49","alternatives":[{"confidence":"0.8362","content":"만원"}],"type":"pronunciation"},{"start_time":"17.49","end_time":"18.34","alternatives":[{"confidence":"0.86815","content":"처리하시고"}],"type":"pronunciation"},{"start_time":"18.34","end_time":"18.6","alternatives":[{"confidence":"0.5158","content":"연락"}],"type":"pronunciation"},{"start_time":"18.6","end_time":"18.95","alternatives":[{"confidence":"0.95025","content":"주셔야"}],"type":"pronunciation"},{"start_time":"18.95","end_time":"19.32","alternatives":[{"confidence":"1.0","content":"저희가"}],"type":"pronunciation"},{"start_time":"19.84","end_time":"21.15","alternatives":[{"confidence":"0.9975333333333333","content":"납부하셨다는"}],"type":"pronunciation"},{"start_time":"21.15","end_time":"21.6","alternatives":[{"confidence":"0.8789","content":"서류바로"}],"type":"pronunciation"},{"start_time":"21.6","end_time":"22.33","alternatives":[{"confidence":"0.9697","content":"보내드리고요"}],"type":"pronunciation"},{"start_time":"22.69","end_time":"22.77","alternatives":[{"confidence":"0.1285","content":"또"}],"type":"pronunciation"},{"start_time":"22.77","end_time":"23.0","alternatives":[{"confidence":"0.5864","content":"처리"}],"type":"pronunciation"},{"start_time":"23.0","end_time":"23.13","alternatives":[{"confidence":"0.9029","content":"안"}],"type":"pronunciation"},{"start_time":"23.13","end_time":"23.76","alternatives":[{"confidence":"0.8917999999999999","content":"되시면은"}],"type":"pronunciation"},{"alternatives":[{"confidence":"0.0","content":"."}],"type":"punctuation"},{"start_time":"23.76","end_time":"24.01","alternatives":[{"confidence":"0.9017","content":"해당"}],"type":"pronunciation"},{"start_time":"24.01","end_time":"24.62","alternatives":[{"confidence":"0.99985","content":"팀장님께서"}],"type":"pronunciation"},{"start_time":"24.62","end_time":"24.85","alternatives":[{"confidence":"0.9974","content":"바로"}],"type":"pronunciation"},{"start_time":"24.85","end_time":"25.37","alternatives":[{"confidence":"0.972","content":"반환처리를"}],"type":"pronunciation"},{"start_time":"25.37","end_time":"25.48","alternatives":[{"confidence":"0.9953","content":"좀"}],"type":"pronunciation"},{"start_time":"25.48","end_time":"25.81","alternatives":[{"confidence":"0.9305","content":"해드려야"}],"type":"pronunciation"},{"start_time":"25.81","end_time":"26.32","alternatives":[{"confidence":"0.9997","content":"되니까요"}],"type":"pronunciation"},{"alternatives":[{"confidence":"0.0","content":"."}],"type":"punctuation"},{"start_time":"26.53","end_time":"26.81","alternatives":[{"confidence":"0.8607","content":"일단"}],"type":"pronunciation"},{"start_time":"26.81","end_time":"26.99","alternatives":[{"confidence":"0.4494","content":"그럼"}],"type":"pronunciation"},{"start_time":"26.99","end_time":"27.52","alternatives":[{"confidence":"0.9754499999999999","content":"납부하시는"}],"type":"pronunciation"},{"start_time":"27.52","end_time":"27.74","alternatives":[{"confidence":"0.754","content":"거는"}],"type":"pronunciation"},{"start_time":"27.74","end_time":"27.99","alternatives":[{"confidence":"0.9497","content":"빠른"}],"type":"pronunciation"},{"start_time":"27.99","end_time":"28.7","alternatives":[{"confidence":"0.70485","content":"처리위해서"}],"type":"pronunciation"},{"alternatives":[{"confidence":"0.0","content":"."}],"type":"punctuation"},{"start_time":"28.7","end_time":"28.96","alternatives":[{"confidence":"0.9875","content":"어느"}],"type":"pronunciation"},{"start_time":"28.96","end_time":"29.31","alternatives":[{"confidence":"0.9959","content":"은행에서"}],"type":"pronunciation"},{"start_time":"29.31","end_time":"29.55","alternatives":[{"confidence":"0.8597","content":"누구"}],"type":"pronunciation"},{"start_time":"29.55","end_time":"29.88","alternatives":[{"confidence":"0.9998","content":"명의로"}],"type":"pronunciation"},{"start_time":"29.88","end_time":"30.12","alternatives":[{"confidence":"0.9412","content":"하시는"}],"type":"pronunciation"},{"start_time":"30.12","end_time":"30.55","alternatives":[{"confidence":"1.0","content":"건가요"}],"type":"pronunciation"},{"alternatives":[{"confidence":"0.0","content":"?"}],"type":"punctuation"},{"start_time":"31.8","end_time":"32.68","alternatives":[{"confidence":"0.6372","content":"그제"}],"type":"pronunciation"},{"start_time":"32.71","end_time":"33.0","alternatives":[{"confidence":"0.3446","content":"통장에"}],"type":"pronunciation"},{"start_time":"33.18","end_time":"33.39","alternatives":[{"confidence":"0.4496","content":"들어갈"}],"type":"pronunciation"},{"start_time":"33.39","end_time":"33.65","alternatives":[{"confidence":"0.8058","content":"겁니다"}],"type":"pronunciation"},{"alternatives":[{"confidence":"0.0","content":"."}],"type":"punctuation"},{"start_time":"35.15","end_time":"35.27","alternatives":[{"confidence":"0.4287","content":"그"}],"type":"pronunciation"},{"start_time":"35.3","end_time":"36.04","alternatives":[{"confidence":"0.9582","content":"어느"}],"type":"pronunciation"},{"start_time":"36.04","end_time":"36.51","alternatives":[{"confidence":"1.0","content":"은행에서"}],"type":"pronunciation"},{"start_time":"36.51","end_time":"37.12","alternatives":[{"confidence":"0.9271","content":"그러면은"}],"type":"pronunciation"},{"start_time":"37.18","end_time":"37.49","alternatives":[{"confidence":"0.8357","content":"하시는"}],"type":"pronunciation"},{"start_time":"37.49","end_time":"37.8","alternatives":[{"confidence":"0.9909","content":"거죠"}],"type":"pronunciation"},{"alternatives":[{"confidence":"0.0","content":"."}],"type":"punctuation"},{"start_time":"39.76","end_time":"40.31","alternatives":[{"confidence":"1.0","content":"알겠습니다"}],"type":"pronunciation"},{"alternatives":[{"confidence":"0.0","content":"."}],"type":"punctuation"},{"start_time":"40.31","end_time":"40.77","alternatives":[{"confidence":"0.8319","content":"그러면은"}],"type":"pronunciation"},{"start_time":"40.77","end_time":"41.16","alternatives":[{"confidence":"0.9931","content":"이쪽으로"}],"type":"pronunciation"},{"start_time":"41.16","end_time":"42.2","alternatives":[{"confidence":"0.8557666666666667","content":"납부처리하시고"}],"type":"pronunciation"},{"start_time":"42.2","end_time":"42.44","alternatives":[{"confidence":"0.9965","content":"바로"}],"type":"pronunciation"},{"start_time":"42.44","end_time":"43.02","alternatives":[{"confidence":"0.88185","content":"전화주시면"}],"type":"pronunciation"},{"start_time":"43.02","end_time":"43.23","alternatives":[{"confidence":"0.8908","content":"서로"}],"type":"pronunciation"},{"start_time":"43.23","end_time":"43.67","alternatives":[{"confidence":"0.9393499999999999","content":"보내드려야"}],"type":"pronunciation"},{"start_time":"43.67","end_time":"44.26","alternatives":[{"confidence":"0.944","content":"되니까요"}],"type":"pronunciation"},{"alternatives":[{"confidence":"0.0","content":"."}],"type":"punctuation"},{"start_time":"44.39","end_time":"44.59","alternatives":[{"confidence":"0.846","content":"지금"}],"type":"pronunciation"},{"start_time":"44.59","end_time":"45.06","alternatives":[{"confidence":"0.8523000000000001","content":"처리하시고"}],"type":"pronunciation"},{"start_time":"45.06","end_time":"45.28","alternatives":[{"confidence":"0.9953","content":"바로"}],"type":"pronunciation"},{"start_time":"45.28","end_time":"45.49","alternatives":[{"confidence":"0.8189","content":"전화"}],"type":"pronunciation"},{"start_time":"45.49","end_time":"45.61","alternatives":[{"confidence":"0.91","content":"좀"}],"type":"pronunciation"},{"start_time":"45.61","end_time":"46.01","alternatives":[{"confidence":"0.9841","content":"주세요"}],"type":"pronunciation"},{"alternatives":[{"confidence":"0.0","content":"."}],"type":"punctuation"},{"start_time":"48.53","end_time":"48.88","alternatives":[{"confidence":"0.5917","content":"뭐라고요"}],"type":"pronunciation"},{"alternatives":[{"confidence":"0.0","content":"?"}],"type":"punctuation"},{"start_time":"49.88","end_time":"50.6","alternatives":[{"confidence":"0.6695333333333333","content":"본사변제"}],"type":"pronunciation"},{"start_time":"50.6","end_time":"50.73","alternatives":[{"confidence":"0.5734","content":"과"}],"type":"pronunciation"},{"start_time":"50.73","end_time":"51.06","alternatives":[{"confidence":"0.9966","content":"입니다"}],"type":"pronunciation"},{"alternatives":[{"confidence":"0.0","content":"."}],"type":"punctuation"},{"start_time":"53.68","end_time":"56.29","alternatives":[{"confidence":"0.7612","content":"계좌번호저희"}],"type":"pronunciation"},{"start_time":"57.63","end_time":"58.45","alternatives":[{"confidence":"0.9885","content":"팀장님이십니다"}],"type":"pronunciation"},{"alternatives":[{"confidence":"0.0","content":"."}],"type":"punctuation"},{"start_time":"61.68","end_time":"62.19","alternatives":[{"confidence":"0.9993","content":"알겠습니다"}],"type":"pronunciation"},{"alternatives":[{"confidence":"0.0","content":"."}],"type":"punctuation"}]},"status":"COMPLETED"}