{"jobName":"transcribe_loan96","accountId":"097989105209","results":{"transcripts":[{"transcript":"요 부분 이제 출근안되어 있죠. 육백으로 설정하신 부분 이 부분을 저희 내부내 내부 자체 금액으로 해서 입금했다가 출금해보는 부분으로 확인이 들어가는 부분이에요. 그 다음에 전산으로 저희가 확인을 할 수가 없기 때문에 기록이란 기록이 남을 수가 없기 때문에 그렇게 하면 저희 자체내 금액을 해서 확인하는 부분이니까 이 부분 좀 기다려주셔야 되고요. 이 부분 확인들어갈 때 제가 전화를 드리고 이렇게 진행을 도와드리니까 조금만 기다려 주시면 되고 빠른 진행도와드릴 수 있도록 해 드리겠습니다. 시간대가 늦었기 때문에 오늘 늦어도 오후에 저희 업무 마감 편이나 부분까지 최대한 빨리 하면 움직여볼 거니까 조금 기다려주시고요 때는 제가 중간 중간 체크해서 말씀을 드릴 수 있도록 하겠습니다. 궁금한 상황이 있으면 언제든지 저한테 바로 연락을 주시고 전화 주십시오. 좋은 하고 계시고요."}],"items":[{"start_time":"0.36","end_time":"0.52","alternatives":[{"confidence":"0.6467","content":"요"}],"type":"pronunciation"},{"start_time":"0.52","end_time":"0.99","alternatives":[{"confidence":"0.5236","content":"부분"}],"type":"pronunciation"},{"start_time":"0.99","end_time":"1.25","alternatives":[{"confidence":"0.5925","content":"이제"}],"type":"pronunciation"},{"start_time":"1.25","end_time":"1.77","alternatives":[{"confidence":"0.41706666666666664","content":"출근안되어"}],"type":"pronunciation"},{"start_time":"1.77","end_time":"2.2","alternatives":[{"confidence":"0.9937","content":"있죠"}],"type":"pronunciation"},{"alternatives":[{"confidence":"0.0","content":"."}],"type":"punctuation"},{"start_time":"2.2","end_time":"2.58","alternatives":[{"confidence":"0.90065","content":"육백으로"}],"type":"pronunciation"},{"start_time":"2.58","end_time":"3.06","alternatives":[{"confidence":"0.76625","content":"설정하신"}],"type":"pronunciation"},{"start_time":"3.06","end_time":"3.62","alternatives":[{"confidence":"0.5891","content":"부분"}],"type":"pronunciation"},{"start_time":"3.92","end_time":"4.04","alternatives":[{"confidence":"0.7226","content":"이"}],"type":"pronunciation"},{"start_time":"4.04","end_time":"4.76","alternatives":[{"confidence":"1.0","content":"부분을"}],"type":"pronunciation"},{"start_time":"4.76","end_time":"5.02","alternatives":[{"confidence":"0.9405","content":"저희"}],"type":"pronunciation"},{"start_time":"5.07","end_time":"5.97","alternatives":[{"confidence":"0.63315","content":"내부내"}],"type":"pronunciation"},{"start_time":"6.0","end_time":"6.39","alternatives":[{"confidence":"0.596","content":"내부"}],"type":"pronunciation"},{"start_time":"6.39","end_time":"6.64","alternatives":[{"confidence":"0.8937","content":"자체"}],"type":"pronunciation"},{"start_time":"6.64","end_time":"7.08","alternatives":[{"confidence":"0.9063","content":"금액으로"}],"type":"pronunciation"},{"start_time":"7.08","end_time":"7.52","alternatives":[{"confidence":"0.9969","content":"해서"}],"type":"pronunciation"},{"start_time":"7.52","end_time":"8.25","alternatives":[{"confidence":"1.0","content":"입금했다가"}],"type":"pronunciation"},{"start_time":"8.25","end_time":"8.79","alternatives":[{"confidence":"0.8725333333333333","content":"출금해보는"}],"type":"pronunciation"},{"start_time":"8.79","end_time":"9.25","alternatives":[{"confidence":"0.9985","content":"부분으로"}],"type":"pronunciation"},{"start_time":"9.25","end_time":"9.6","alternatives":[{"confidence":"0.9599","content":"확인이"}],"type":"pronunciation"},{"start_time":"9.6","end_time":"9.93","alternatives":[{"confidence":"0.9998","content":"들어가는"}],"type":"pronunciation"},{"start_time":"9.93","end_time":"10.53","alternatives":[{"confidence":"1.0","content":"부분이에요"}],"type":"pronunciation"},{"alternatives":[{"confidence":"0.0","content":"."}],"type":"punctuation"},{"start_time":"10.69","end_time":"10.8","alternatives":[{"confidence":"0.0487","content":"그"}],"type":"pronunciation"},{"start_time":"10.8","end_time":"10.99","alternatives":[{"confidence":"0.0489","content":"다음에"}],"type":"pronunciation"},{"start_time":"11.82","end_time":"12.34","alternatives":[{"confidence":"0.99795","content":"전산으로"}],"type":"pronunciation"},{"start_time":"12.34","end_time":"12.6","alternatives":[{"confidence":"1.0","content":"저희가"}],"type":"pronunciation"},{"start_time":"12.6","end_time":"12.91","alternatives":[{"confidence":"0.9994","content":"확인을"}],"type":"pronunciation"},{"start_time":"12.91","end_time":"13.03","alternatives":[{"confidence":"0.9981","content":"할"}],"type":"pronunciation"},{"start_time":"13.03","end_time":"13.21","alternatives":[{"confidence":"0.8851","content":"수가"}],"type":"pronunciation"},{"start_time":"13.21","end_time":"13.41","alternatives":[{"confidence":"1.0","content":"없기"}],"type":"pronunciation"},{"start_time":"13.41","end_time":"13.93","alternatives":[{"confidence":"0.9997","content":"때문에"}],"type":"pronunciation"},{"start_time":"13.93","end_time":"14.46","alternatives":[{"confidence":"0.42185","content":"기록이란"}],"type":"pronunciation"},{"start_time":"14.71","end_time":"15.05","alternatives":[{"confidence":"0.9911","content":"기록이"}],"type":"pronunciation"},{"start_time":"15.11","end_time":"15.44","alternatives":[{"confidence":"0.9349","content":"남을"}],"type":"pronunciation"},{"start_time":"15.44","end_time":"15.6","alternatives":[{"confidence":"0.9377","content":"수가"}],"type":"pronunciation"},{"start_time":"15.6","end_time":"15.79","alternatives":[{"confidence":"0.9999","content":"없기"}],"type":"pronunciation"},{"start_time":"15.79","end_time":"16.08","alternatives":[{"confidence":"0.9999","content":"때문에"}],"type":"pronunciation"},{"start_time":"16.08","end_time":"16.43","alternatives":[{"confidence":"0.9918","content":"그렇게"}],"type":"pronunciation"},{"start_time":"16.43","end_time":"16.97","alternatives":[{"confidence":"0.9979","content":"하면"}],"type":"pronunciation"},{"start_time":"17.3","end_time":"17.61","alternatives":[{"confidence":"0.8967","content":"저희"}],"type":"pronunciation"},{"start_time":"17.72","end_time":"18.18","alternatives":[{"confidence":"0.5704","content":"자체내"}],"type":"pronunciation"},{"start_time":"18.18","end_time":"18.57","alternatives":[{"confidence":"0.9662","content":"금액을"}],"type":"pronunciation"},{"start_time":"18.57","end_time":"18.8","alternatives":[{"confidence":"0.9764","content":"해서"}],"type":"pronunciation"},{"start_time":"18.8","end_time":"19.22","alternatives":[{"confidence":"0.9805","content":"확인하는"}],"type":"pronunciation"},{"start_time":"19.22","end_time":"20.04","alternatives":[{"confidence":"0.99335","content":"부분이니까"}],"type":"pronunciation"},{"start_time":"20.31","end_time":"20.42","alternatives":[{"confidence":"0.3344","content":"이"}],"type":"pronunciation"},{"start_time":"20.42","end_time":"20.69","alternatives":[{"confidence":"0.9477","content":"부분"}],"type":"pronunciation"},{"start_time":"20.69","end_time":"20.87","alternatives":[{"confidence":"0.9986","content":"좀"}],"type":"pronunciation"},{"start_time":"20.87","end_time":"21.49","alternatives":[{"confidence":"0.8616666666666667","content":"기다려주셔야"}],"type":"pronunciation"},{"start_time":"21.49","end_time":"22.05","alternatives":[{"confidence":"0.9955","content":"되고요"}],"type":"pronunciation"},{"alternatives":[{"confidence":"0.0","content":"."}],"type":"punctuation"},{"start_time":"22.72","end_time":"22.83","alternatives":[{"confidence":"0.7655","content":"이"}],"type":"pronunciation"},{"start_time":"22.83","end_time":"23.27","alternatives":[{"confidence":"0.7099","content":"부분"}],"type":"pronunciation"},{"start_time":"23.27","end_time":"23.76","alternatives":[{"confidence":"0.77725","content":"확인들어갈"}],"type":"pronunciation"},{"start_time":"23.76","end_time":"23.85","alternatives":[{"confidence":"0.9716","content":"때"}],"type":"pronunciation"},{"start_time":"23.85","end_time":"24.05","alternatives":[{"confidence":"0.9996","content":"제가"}],"type":"pronunciation"},{"start_time":"24.05","end_time":"24.35","alternatives":[{"confidence":"1.0","content":"전화를"}],"type":"pronunciation"},{"start_time":"24.35","end_time":"24.93","alternatives":[{"confidence":"0.9669","content":"드리고"}],"type":"pronunciation"},{"start_time":"24.96","end_time":"25.23","alternatives":[{"confidence":"0.9773","content":"이렇게"}],"type":"pronunciation"},{"start_time":"25.23","end_time":"25.51","alternatives":[{"confidence":"0.9769","content":"진행을"}],"type":"pronunciation"},{"start_time":"25.51","end_time":"26.36","alternatives":[{"confidence":"0.9762","content":"도와드리니까"}],"type":"pronunciation"},{"start_time":"26.39","end_time":"26.72","alternatives":[{"confidence":"0.9998","content":"조금만"}],"type":"pronunciation"},{"start_time":"26.72","end_time":"26.95","alternatives":[{"confidence":"0.8196","content":"기다려"}],"type":"pronunciation"},{"start_time":"26.95","end_time":"27.3","alternatives":[{"confidence":"1.0","content":"주시면"}],"type":"pronunciation"},{"start_time":"27.3","end_time":"27.68","alternatives":[{"confidence":"0.9634","content":"되고"}],"type":"pronunciation"},{"start_time":"27.68","end_time":"27.96","alternatives":[{"confidence":"0.5683","content":"빠른"}],"type":"pronunciation"},{"start_time":"27.96","end_time":"28.65","alternatives":[{"confidence":"0.8321999999999999","content":"진행도와드릴"}],"type":"pronunciation"},{"start_time":"28.65","end_time":"28.72","alternatives":[{"confidence":"1.0","content":"수"}],"type":"pronunciation"},{"start_time":"28.72","end_time":"28.95","alternatives":[{"confidence":"1.0","content":"있도록"}],"type":"pronunciation"},{"start_time":"28.95","end_time":"29.07","alternatives":[{"confidence":"0.4399","content":"해"}],"type":"pronunciation"},{"start_time":"29.07","end_time":"29.66","alternatives":[{"confidence":"0.9982","content":"드리겠습니다"}],"type":"pronunciation"},{"alternatives":[{"confidence":"0.0","content":"."}],"type":"punctuation"},{"start_time":"31.22","end_time":"31.78","alternatives":[{"confidence":"0.991","content":"시간대가"}],"type":"pronunciation"},{"start_time":"31.78","end_time":"32.13","alternatives":[{"confidence":"1.0","content":"늦었기"}],"type":"pronunciation"},{"start_time":"32.13","end_time":"32.64","alternatives":[{"confidence":"1.0","content":"때문에"}],"type":"pronunciation"},{"start_time":"32.64","end_time":"33.54","alternatives":[{"confidence":"0.9384","content":"오늘"}],"type":"pronunciation"},{"start_time":"33.54","end_time":"34.14","alternatives":[{"confidence":"0.8787","content":"늦어도"}],"type":"pronunciation"},{"start_time":"34.14","end_time":"34.99","alternatives":[{"confidence":"0.7946","content":"오후에"}],"type":"pronunciation"},{"start_time":"35.32","end_time":"35.53","alternatives":[{"confidence":"0.8942","content":"저희"}],"type":"pronunciation"},{"start_time":"35.53","end_time":"35.79","alternatives":[{"confidence":"0.6742","content":"업무"}],"type":"pronunciation"},{"start_time":"35.79","end_time":"36.09","alternatives":[{"confidence":"0.6992","content":"마감"}],"type":"pronunciation"},{"start_time":"36.09","end_time":"37.07","alternatives":[{"confidence":"0.9682999999999999","content":"편이나"}],"type":"pronunciation"},{"start_time":"37.56","end_time":"38.17","alternatives":[{"confidence":"0.9718","content":"부분까지"}],"type":"pronunciation"},{"start_time":"38.23","end_time":"38.59","alternatives":[{"confidence":"1.0","content":"최대한"}],"type":"pronunciation"},{"start_time":"38.59","end_time":"38.86","alternatives":[{"confidence":"0.8989","content":"빨리"}],"type":"pronunciation"},{"start_time":"38.86","end_time":"39.05","alternatives":[{"confidence":"0.5818","content":"하면"}],"type":"pronunciation"},{"start_time":"39.05","end_time":"39.51","alternatives":[{"confidence":"0.74605","content":"움직여볼"}],"type":"pronunciation"},{"start_time":"39.51","end_time":"40.09","alternatives":[{"confidence":"0.9916","content":"거니까"}],"type":"pronunciation"},{"start_time":"40.12","end_time":"40.36","alternatives":[{"confidence":"0.9932","content":"조금"}],"type":"pronunciation"},{"start_time":"40.36","end_time":"41.39","alternatives":[{"confidence":"0.9908666666666667","content":"기다려주시고요"}],"type":"pronunciation"},{"start_time":"41.96","end_time":"42.32","alternatives":[{"confidence":"0.6622","content":"때는"}],"type":"pronunciation"},{"start_time":"42.32","end_time":"42.56","alternatives":[{"confidence":"0.9915","content":"제가"}],"type":"pronunciation"},{"start_time":"42.56","end_time":"42.82","alternatives":[{"confidence":"0.5332","content":"중간"}],"type":"pronunciation"},{"start_time":"42.82","end_time":"43.04","alternatives":[{"confidence":"0.8256","content":"중간"}],"type":"pronunciation"},{"start_time":"43.04","end_time":"43.43","alternatives":[{"confidence":"0.5374999999999999","content":"체크해서"}],"type":"pronunciation"},{"start_time":"43.43","end_time":"43.75","alternatives":[{"confidence":"0.9987","content":"말씀을"}],"type":"pronunciation"},{"start_time":"43.75","end_time":"43.99","alternatives":[{"confidence":"0.9971","content":"드릴"}],"type":"pronunciation"},{"start_time":"43.99","end_time":"44.09","alternatives":[{"confidence":"1.0","content":"수"}],"type":"pronunciation"},{"start_time":"44.09","end_time":"44.34","alternatives":[{"confidence":"1.0","content":"있도록"}],"type":"pronunciation"},{"start_time":"44.34","end_time":"44.83","alternatives":[{"confidence":"1.0","content":"하겠습니다"}],"type":"pronunciation"},{"alternatives":[{"confidence":"0.0","content":"."}],"type":"punctuation"},{"start_time":"45.98","end_time":"46.39","alternatives":[{"confidence":"0.7351","content":"궁금한"}],"type":"pronunciation"},{"start_time":"46.39","end_time":"46.69","alternatives":[{"confidence":"0.7692","content":"상황이"}],"type":"pronunciation"},{"start_time":"46.69","end_time":"47.18","alternatives":[{"confidence":"0.9993","content":"있으면"}],"type":"pronunciation"},{"start_time":"47.18","end_time":"47.55","alternatives":[{"confidence":"0.7136","content":"언제든지"}],"type":"pronunciation"},{"start_time":"47.55","end_time":"47.81","alternatives":[{"confidence":"0.9992","content":"저한테"}],"type":"pronunciation"},{"start_time":"47.81","end_time":"48.03","alternatives":[{"confidence":"0.975","content":"바로"}],"type":"pronunciation"},{"start_time":"48.03","end_time":"48.33","alternatives":[{"confidence":"0.8658","content":"연락을"}],"type":"pronunciation"},{"start_time":"48.33","end_time":"48.63","alternatives":[{"confidence":"0.4509","content":"주시고"}],"type":"pronunciation"},{"start_time":"51.44","end_time":"51.65","alternatives":[{"confidence":"0.9549","content":"전화"}],"type":"pronunciation"},{"start_time":"51.65","end_time":"51.99","alternatives":[{"confidence":"0.9913","content":"주십시오"}],"type":"pronunciation"},{"alternatives":[{"confidence":"0.0","content":"."}],"type":"punctuation"},{"start_time":"54.09","end_time":"54.33","alternatives":[{"confidence":"0.8072","content":"좋은"}],"type":"pronunciation"},{"start_time":"54.33","end_time":"54.5","alternatives":[{"confidence":"0.982","content":"하고"}],"type":"pronunciation"},{"start_time":"54.5","end_time":"55.19","alternatives":[{"confidence":"0.994","content":"계시고요"}],"type":"pronunciation"},{"alternatives":[{"confidence":"0.0","content":"."}],"type":"punctuation"}]},"status":"COMPLETED"}