{"jobName":"transcribe_loan157","accountId":"097989105209","results":{"transcripts":[{"transcript":"여보세요? 네. 안녕하세요. 출근의 자금팀장입니다 전화 말하신 분 성함이 있으신가요? 네, 안녕하세요. 저 다름이 아니고요. 은행 측에서 일 들어와서 연락드렸습니다 혹시 국민 은행을 통해서 상황을 하신다고 요청해주신 따로 어떻게 되실까요? 그 알고 계시는 분이 국내은행 쪽에 종사하고 계신 직원분이시죠 그러신가요 알겠습니다. 저희가 안내맡기로는 오월 십구일 금요일 날짜로 자금 받아 보신 부분이천삼백만원 전에 완납상관 하신다고 안내받았는데요. 이 부분 맞으신가요 주시고요. 그러시면 고기 님께서 자동이체 설정해 주신 계좌로 자동이체 해가도록 도움드릴거고요 시각은 오후 한 시 경에 결제처리도와드릴 수 있도록 진행해 드려보겠습니다. 이 부분 동의하시고요. 네, 알겠습니다. 다음에도 저희 현대 출근에 이용부탁드려보겠고요. 저는 현대 출근해 자금 회수팀의 팀장이었습니다. 네."}],"items":[{"start_time":"1.87","end_time":"2.88","alternatives":[{"confidence":"0.5278","content":"여보세요"}],"type":"pronunciation"},{"alternatives":[{"confidence":"0.0","content":"?"}],"type":"punctuation"},{"start_time":"3.3","end_time":"3.52","alternatives":[{"confidence":"0.9783","content":"네"}],"type":"pronunciation"},{"alternatives":[{"confidence":"0.0","content":"."}],"type":"punctuation"},{"start_time":"3.52","end_time":"4.05","alternatives":[{"confidence":"1.0","content":"안녕하세요"}],"type":"pronunciation"},{"alternatives":[{"confidence":"0.0","content":"."}],"type":"punctuation"},{"start_time":"4.73","end_time":"5.08","alternatives":[{"confidence":"0.17554999999999998","content":"출근의"}],"type":"pronunciation"},{"start_time":"5.08","end_time":"7.13","alternatives":[{"confidence":"0.6871","content":"자금팀장입니다"}],"type":"pronunciation"},{"start_time":"8.54","end_time":"8.74","alternatives":[{"confidence":"0.0333","content":"전화"}],"type":"pronunciation"},{"start_time":"8.74","end_time":"9.06","alternatives":[{"confidence":"0.06945","content":"말하신"}],"type":"pronunciation"},{"start_time":"9.06","end_time":"9.16","alternatives":[{"confidence":"0.057","content":"분"}],"type":"pronunciation"},{"start_time":"9.16","end_time":"9.53","alternatives":[{"confidence":"0.28835","content":"성함이"}],"type":"pronunciation"},{"start_time":"10.35","end_time":"11.08","alternatives":[{"confidence":"0.489","content":"있으신가요"}],"type":"pronunciation"},{"alternatives":[{"confidence":"0.0","content":"?"}],"type":"punctuation"},{"start_time":"11.58","end_time":"11.88","alternatives":[{"confidence":"0.9995","content":"네"}],"type":"pronunciation"},{"alternatives":[{"confidence":"0.0","content":","}],"type":"punctuation"},{"start_time":"11.88","end_time":"12.68","alternatives":[{"confidence":"1.0","content":"안녕하세요"}],"type":"pronunciation"},{"alternatives":[{"confidence":"0.0","content":"."}],"type":"punctuation"},{"start_time":"13.15","end_time":"13.27","alternatives":[{"confidence":"0.4457","content":"저"}],"type":"pronunciation"},{"start_time":"13.64","end_time":"13.97","alternatives":[{"confidence":"0.9507","content":"다름이"}],"type":"pronunciation"},{"start_time":"13.97","end_time":"14.65","alternatives":[{"confidence":"0.9995","content":"아니고요"}],"type":"pronunciation"},{"alternatives":[{"confidence":"0.0","content":"."}],"type":"punctuation"},{"start_time":"14.83","end_time":"15.15","alternatives":[{"confidence":"0.7357","content":"은행"}],"type":"pronunciation"},{"start_time":"15.15","end_time":"15.83","alternatives":[{"confidence":"0.8607","content":"측에서"}],"type":"pronunciation"},{"start_time":"15.83","end_time":"16.01","alternatives":[{"confidence":"0.0675","content":"일"}],"type":"pronunciation"},{"start_time":"16.63","end_time":"17.03","alternatives":[{"confidence":"0.9929","content":"들어와서"}],"type":"pronunciation"},{"start_time":"17.03","end_time":"17.73","alternatives":[{"confidence":"0.9500500000000001","content":"연락드렸습니다"}],"type":"pronunciation"},{"start_time":"19.06","end_time":"19.35","alternatives":[{"confidence":"0.9995","content":"혹시"}],"type":"pronunciation"},{"start_time":"19.35","end_time":"19.62","alternatives":[{"confidence":"0.4951","content":"국민"}],"type":"pronunciation"},{"start_time":"19.63","end_time":"19.97","alternatives":[{"confidence":"0.9774","content":"은행을"}],"type":"pronunciation"},{"start_time":"19.97","end_time":"20.38","alternatives":[{"confidence":"0.9991","content":"통해서"}],"type":"pronunciation"},{"start_time":"20.38","end_time":"20.72","alternatives":[{"confidence":"0.8851","content":"상황을"}],"type":"pronunciation"},{"start_time":"20.72","end_time":"21.35","alternatives":[{"confidence":"0.996","content":"하신다고"}],"type":"pronunciation"},{"start_time":"21.35","end_time":"22.19","alternatives":[{"confidence":"0.49629999999999996","content":"요청해주신"}],"type":"pronunciation"},{"start_time":"22.53","end_time":"22.72","alternatives":[{"confidence":"0.4419","content":"따로"}],"type":"pronunciation"},{"start_time":"22.72","end_time":"22.94","alternatives":[{"confidence":"0.9979","content":"어떻게"}],"type":"pronunciation"},{"start_time":"22.94","end_time":"23.79","alternatives":[{"confidence":"0.66815","content":"되실까요"}],"type":"pronunciation"},{"alternatives":[{"confidence":"0.0","content":"?"}],"type":"punctuation"},{"start_time":"30.88","end_time":"31.06","alternatives":[{"confidence":"0.9061","content":"그"}],"type":"pronunciation"},{"start_time":"31.06","end_time":"31.36","alternatives":[{"confidence":"0.9916","content":"알고"}],"type":"pronunciation"},{"start_time":"31.36","end_time":"31.73","alternatives":[{"confidence":"0.9997","content":"계시는"}],"type":"pronunciation"},{"start_time":"31.73","end_time":"31.95","alternatives":[{"confidence":"1.0","content":"분이"}],"type":"pronunciation"},{"start_time":"31.95","end_time":"33.02","alternatives":[{"confidence":"0.68875","content":"국내은행"}],"type":"pronunciation"},{"start_time":"33.02","end_time":"33.45","alternatives":[{"confidence":"0.9816","content":"쪽에"}],"type":"pronunciation"},{"start_time":"33.48","end_time":"33.91","alternatives":[{"confidence":"0.9994","content":"종사하고"}],"type":"pronunciation"},{"start_time":"33.91","end_time":"34.16","alternatives":[{"confidence":"0.6515","content":"계신"}],"type":"pronunciation"},{"start_time":"34.16","end_time":"34.87","alternatives":[{"confidence":"0.3691","content":"직원분이시죠"}],"type":"pronunciation"},{"start_time":"36.14","end_time":"36.74","alternatives":[{"confidence":"0.9961","content":"그러신가요"}],"type":"pronunciation"},{"start_time":"36.74","end_time":"37.51","alternatives":[{"confidence":"0.9985","content":"알겠습니다"}],"type":"pronunciation"},{"alternatives":[{"confidence":"0.0","content":"."}],"type":"punctuation"},{"start_time":"38.02","end_time":"38.27","alternatives":[{"confidence":"0.9821","content":"저희가"}],"type":"pronunciation"},{"start_time":"38.27","end_time":"39.22","alternatives":[{"confidence":"0.9032666666666667","content":"안내맡기로는"}],"type":"pronunciation"},{"start_time":"39.22","end_time":"39.55","alternatives":[{"confidence":"0.86665","content":"오월"}],"type":"pronunciation"},{"start_time":"39.55","end_time":"40.0","alternatives":[{"confidence":"0.886","content":"십구일"}],"type":"pronunciation"},{"start_time":"40.0","end_time":"40.37","alternatives":[{"confidence":"0.9109","content":"금요일"}],"type":"pronunciation"},{"start_time":"40.37","end_time":"41.11","alternatives":[{"confidence":"0.984","content":"날짜로"}],"type":"pronunciation"},{"start_time":"41.11","end_time":"41.43","alternatives":[{"confidence":"0.4817","content":"자금"}],"type":"pronunciation"},{"start_time":"41.43","end_time":"41.65","alternatives":[{"confidence":"0.501","content":"받아"}],"type":"pronunciation"},{"start_time":"41.65","end_time":"41.94","alternatives":[{"confidence":"0.9385","content":"보신"}],"type":"pronunciation"},{"start_time":"41.94","end_time":"43.7","alternatives":[{"confidence":"0.93895","content":"부분이천삼백만원"}],"type":"pronunciation"},{"start_time":"43.7","end_time":"43.96","alternatives":[{"confidence":"0.9592","content":"전에"}],"type":"pronunciation"},{"start_time":"43.96","end_time":"44.43","alternatives":[{"confidence":"0.7763","content":"완납상관"}],"type":"pronunciation"},{"start_time":"44.43","end_time":"44.77","alternatives":[{"confidence":"0.9761","content":"하신다고"}],"type":"pronunciation"},{"start_time":"44.77","end_time":"45.89","alternatives":[{"confidence":"0.7372","content":"안내받았는데요"}],"type":"pronunciation"},{"alternatives":[{"confidence":"0.0","content":"."}],"type":"punctuation"},{"start_time":"46.1","end_time":"46.22","alternatives":[{"confidence":"0.9567","content":"이"}],"type":"pronunciation"},{"start_time":"46.22","end_time":"46.45","alternatives":[{"confidence":"0.8449","content":"부분"}],"type":"pronunciation"},{"start_time":"46.45","end_time":"47.46","alternatives":[{"confidence":"0.9882","content":"맞으신가요"}],"type":"pronunciation"},{"start_time":"48.48","end_time":"49.18","alternatives":[{"confidence":"0.9742","content":"주시고요"}],"type":"pronunciation"},{"alternatives":[{"confidence":"0.0","content":"."}],"type":"punctuation"},{"start_time":"49.61","end_time":"50.01","alternatives":[{"confidence":"0.9757","content":"그러시면"}],"type":"pronunciation"},{"start_time":"50.01","end_time":"50.25","alternatives":[{"confidence":"0.5169","content":"고기"}],"type":"pronunciation"},{"start_time":"50.25","end_time":"50.64","alternatives":[{"confidence":"0.9997","content":"님께서"}],"type":"pronunciation"},{"start_time":"50.64","end_time":"51.43","alternatives":[{"confidence":"0.9532333333333334","content":"자동이체"}],"type":"pronunciation"},{"start_time":"51.43","end_time":"51.84","alternatives":[{"confidence":"0.83775","content":"설정해"}],"type":"pronunciation"},{"start_time":"51.84","end_time":"52.05","alternatives":[{"confidence":"0.6511","content":"주신"}],"type":"pronunciation"},{"start_time":"52.05","end_time":"52.72","alternatives":[{"confidence":"1.0","content":"계좌로"}],"type":"pronunciation"},{"start_time":"52.72","end_time":"53.66","alternatives":[{"confidence":"0.691","content":"자동이체"}],"type":"pronunciation"},{"start_time":"53.92","end_time":"54.57","alternatives":[{"confidence":"0.7236","content":"해가도록"}],"type":"pronunciation"},{"start_time":"54.57","end_time":"55.76","alternatives":[{"confidence":"0.914925","content":"도움드릴거고요"}],"type":"pronunciation"},{"start_time":"55.82","end_time":"56.39","alternatives":[{"confidence":"1.0","content":"시각은"}],"type":"pronunciation"},{"start_time":"56.39","end_time":"56.67","alternatives":[{"confidence":"1.0","content":"오후"}],"type":"pronunciation"},{"start_time":"56.67","end_time":"56.83","alternatives":[{"confidence":"0.4594","content":"한"}],"type":"pronunciation"},{"start_time":"56.83","end_time":"56.94","alternatives":[{"confidence":"0.7953","content":"시"}],"type":"pronunciation"},{"start_time":"56.94","end_time":"57.34","alternatives":[{"confidence":"0.9929","content":"경에"}],"type":"pronunciation"},{"start_time":"57.34","end_time":"58.32","alternatives":[{"confidence":"0.795075","content":"결제처리도와드릴"}],"type":"pronunciation"},{"start_time":"58.32","end_time":"58.44","alternatives":[{"confidence":"1.0","content":"수"}],"type":"pronunciation"},{"start_time":"58.44","end_time":"58.91","alternatives":[{"confidence":"1.0","content":"있도록"}],"type":"pronunciation"},{"start_time":"58.91","end_time":"59.17","alternatives":[{"confidence":"0.9631000000000001","content":"진행해"}],"type":"pronunciation"},{"start_time":"59.17","end_time":"60.02","alternatives":[{"confidence":"0.9607","content":"드려보겠습니다"}],"type":"pronunciation"},{"alternatives":[{"confidence":"0.0","content":"."}],"type":"punctuation"},{"start_time":"60.41","end_time":"60.54","alternatives":[{"confidence":"0.9163","content":"이"}],"type":"pronunciation"},{"start_time":"60.54","end_time":"60.79","alternatives":[{"confidence":"0.9475","content":"부분"}],"type":"pronunciation"},{"start_time":"60.79","end_time":"61.96","alternatives":[{"confidence":"0.9886333333333334","content":"동의하시고요"}],"type":"pronunciation"},{"alternatives":[{"confidence":"0.0","content":"."}],"type":"punctuation"},{"start_time":"62.66","end_time":"62.85","alternatives":[{"confidence":"0.9987","content":"네"}],"type":"pronunciation"},{"alternatives":[{"confidence":"0.0","content":","}],"type":"punctuation"},{"start_time":"62.85","end_time":"63.55","alternatives":[{"confidence":"0.9982","content":"알겠습니다"}],"type":"pronunciation"},{"alternatives":[{"confidence":"0.0","content":"."}],"type":"punctuation"},{"start_time":"63.85","end_time":"64.42","alternatives":[{"confidence":"0.77885","content":"다음에도"}],"type":"pronunciation"},{"start_time":"64.42","end_time":"64.65","alternatives":[{"confidence":"0.9077","content":"저희"}],"type":"pronunciation"},{"start_time":"64.65","end_time":"64.89","alternatives":[{"confidence":"0.6563","content":"현대"}],"type":"pronunciation"},{"start_time":"64.98","end_time":"65.68","alternatives":[{"confidence":"0.9063","content":"출근에"}],"type":"pronunciation"},{"start_time":"65.68","end_time":"67.09","alternatives":[{"confidence":"0.92395","content":"이용부탁드려보겠고요"}],"type":"pronunciation"},{"alternatives":[{"confidence":"0.0","content":"."}],"type":"punctuation"},{"start_time":"67.24","end_time":"67.46","alternatives":[{"confidence":"0.9927","content":"저는"}],"type":"pronunciation"},{"start_time":"67.46","end_time":"67.71","alternatives":[{"confidence":"0.5386","content":"현대"}],"type":"pronunciation"},{"start_time":"67.71","end_time":"68.02","alternatives":[{"confidence":"0.6762","content":"출근해"}],"type":"pronunciation"},{"start_time":"68.02","end_time":"68.28","alternatives":[{"confidence":"0.5234","content":"자금"}],"type":"pronunciation"},{"start_time":"68.28","end_time":"68.9","alternatives":[{"confidence":"0.098","content":"회수팀의"}],"type":"pronunciation"},{"start_time":"69.85","end_time":"70.65","alternatives":[{"confidence":"0.997","content":"팀장이었습니다"}],"type":"pronunciation"},{"alternatives":[{"confidence":"0.0","content":"."}],"type":"punctuation"},{"start_time":"71.86","end_time":"72.44","alternatives":[{"confidence":"0.2779","content":"네"}],"type":"pronunciation"},{"alternatives":[{"confidence":"0.0","content":"."}],"type":"punctuation"}]},"status":"COMPLETED"}