{"jobName":"transcribe_loan169","accountId":"097989105209","results":{"transcripts":[{"transcript":"담당자입니다 계속 이제 통화 중이고 해가지고 제가 가지고 연락을 계속 주셨었는데 연락많이 주셨더라고요 한 다섯 번 연락보니까 확인해 보니까 심사과 전산에서 이거 승인 처리까지는 다 나오셨더라고요 보니까 라고 하세요. 그래서 그냥 진화하려고 하는데요. 어떤 게요 를 하신다고요 그러면 고객님본인취소를 하신다는 거죠. 알겠습니다. 그러면 일단은 본인취소로 보내주세요. 공은 대부업체에다가 보내드리도록 하는데 이게 이제 본인으로 들어가시게 되면은 부결사항이 아니시기 때문에 님께서 이게 환급처리가 들어가시는 부분이 이게 지금 보시면은 일주일에서 짧게는 일주일 내지는 이 주 정도가 걸리세요. 그러니까 짧게는 일주일. 네. 네. 네. 이게 이제 저희 측에서 부결사항으로 처리가 되실 경우에는 그런 거고요. 이거는 이제 본인 최소 권으로 들어가시는 거잖아요. 부결처리가 나오신 게 아니시고. 저희 쪽에서 말씀드렸듯이 승인 처리까지는 다 나오신 내용 이세요. 근데 만약에 바로 처리가 그렇죠. 처리가 나오셨다 라고 하면 바로 이제 환급처리가 되셨겠죠. 근데 이제 그런 내용이 아니시고 저희 측에서 승인 처리까지는 다 나오신 내용이신데. 님께서 이제 본인 취소권으로 들어가시는 거기 때문에 그래서 그렇습니다. 네. 네. 아까 제가 그쪽 어떤 게요. 환불부분은 어차피 고에서 대출금입금받으시는 입금계좌부분 말씀하셨잖아요 그쪽계좌로 해서 이제 환급이 들어가실 겁니다. 들어가는데 그거는 산하 측에서 처리가 되신 거죠. 네네네. 그게 이제 입금처리까지 되신 내용이신데 저희 측의 이제 납부증명서까지 들어와 있으신거기 때문에 저희가 그 납부증명서를 반대로 그쪽해당 금융사에다가 이제 처리를 다시 해드려야 되거든요. 그래서 그렇습니다. 네. 네. 이거 취소하신다라고 하면은 뭐 지우셔도 삭제 하셔도 상관없으시고요 아니시면은 님께서 진행을 하신다라고 하시면 님께서 뭐 추가적으로 지금 보니까는 이제 추가 상원 증명서부분 요청이 좀 들어왔고요. 그걸 가지고 그러십니까? 네. 네. 네. 좋을 거 같은데. 예. 예, 알겠습니다. 빠른 요청 좀 드리도록 할게요. 제가 전화하셨을 것 같은데요. 어떤 게요. 그분들을 것 같은데요. 그런 부분은 아니십시오 그거랑은 상관 없으시죠. 그니까 그렇게 처리해주시고 제가 전화드릴게요 하시죠. 한번 좀"}],"items":[{"start_time":"2.41","end_time":"3.03","alternatives":[{"confidence":"0.5051","content":"담당자입니다"}],"type":"pronunciation"},{"start_time":"4.09","end_time":"4.5","alternatives":[{"confidence":"0.9568","content":"계속"}],"type":"pronunciation"},{"start_time":"4.5","end_time":"4.67","alternatives":[{"confidence":"0.851","content":"이제"}],"type":"pronunciation"},{"start_time":"4.7","end_time":"5.1","alternatives":[{"confidence":"0.7396","content":"통화"}],"type":"pronunciation"},{"start_time":"5.1","end_time":"5.61","alternatives":[{"confidence":"0.9992","content":"중이고"}],"type":"pronunciation"},{"start_time":"5.61","end_time":"6.51","alternatives":[{"confidence":"0.91475","content":"해가지고"}],"type":"pronunciation"},{"start_time":"6.51","end_time":"7.07","alternatives":[{"confidence":"0.988","content":"제가"}],"type":"pronunciation"},{"start_time":"10.77","end_time":"10.99","alternatives":[{"confidence":"0.3994","content":"가지고"}],"type":"pronunciation"},{"start_time":"10.99","end_time":"11.31","alternatives":[{"confidence":"1.0","content":"연락을"}],"type":"pronunciation"},{"start_time":"11.31","end_time":"11.59","alternatives":[{"confidence":"0.9059","content":"계속"}],"type":"pronunciation"},{"start_time":"11.59","end_time":"12.62","alternatives":[{"confidence":"0.9915","content":"주셨었는데"}],"type":"pronunciation"},{"start_time":"13.1","end_time":"13.63","alternatives":[{"confidence":"0.78695","content":"연락많이"}],"type":"pronunciation"},{"start_time":"13.63","end_time":"14.3","alternatives":[{"confidence":"0.9569","content":"주셨더라고요"}],"type":"pronunciation"},{"start_time":"14.3","end_time":"14.45","alternatives":[{"confidence":"0.9617","content":"한"}],"type":"pronunciation"},{"start_time":"14.45","end_time":"14.69","alternatives":[{"confidence":"0.5428","content":"다섯"}],"type":"pronunciation"},{"start_time":"14.69","end_time":"14.85","alternatives":[{"confidence":"0.8631","content":"번"}],"type":"pronunciation"},{"start_time":"14.85","end_time":"17.12","alternatives":[{"confidence":"0.78135","content":"연락보니까"}],"type":"pronunciation"},{"start_time":"17.94","end_time":"18.27","alternatives":[{"confidence":"0.6873","content":"확인해"}],"type":"pronunciation"},{"start_time":"18.27","end_time":"18.66","alternatives":[{"confidence":"0.7019","content":"보니까"}],"type":"pronunciation"},{"start_time":"18.66","end_time":"19.07","alternatives":[{"confidence":"0.024900000000000002","content":"심사과"}],"type":"pronunciation"},{"start_time":"19.07","end_time":"19.63","alternatives":[{"confidence":"0.1543","content":"전산에서"}],"type":"pronunciation"},{"start_time":"19.63","end_time":"19.78","alternatives":[{"confidence":"0.2551","content":"이거"}],"type":"pronunciation"},{"start_time":"19.78","end_time":"20.03","alternatives":[{"confidence":"0.9342","content":"승인"}],"type":"pronunciation"},{"start_time":"20.03","end_time":"20.54","alternatives":[{"confidence":"0.97295","content":"처리까지는"}],"type":"pronunciation"},{"start_time":"20.54","end_time":"20.65","alternatives":[{"confidence":"0.6472","content":"다"}],"type":"pronunciation"},{"start_time":"20.65","end_time":"21.42","alternatives":[{"confidence":"0.9695333333333332","content":"나오셨더라고요"}],"type":"pronunciation"},{"start_time":"21.42","end_time":"22.03","alternatives":[{"confidence":"0.9953","content":"보니까"}],"type":"pronunciation"},{"start_time":"26.79","end_time":"26.94","alternatives":[{"confidence":"0.0081","content":"라고"}],"type":"pronunciation"},{"start_time":"26.94","end_time":"27.34","alternatives":[{"confidence":"0.0165","content":"하세요"}],"type":"pronunciation"},{"alternatives":[{"confidence":"0.0","content":"."}],"type":"punctuation"},{"start_time":"29.5","end_time":"29.8","alternatives":[{"confidence":"0.9997","content":"그래서"}],"type":"pronunciation"},{"start_time":"29.8","end_time":"29.98","alternatives":[{"confidence":"1.0","content":"그냥"}],"type":"pronunciation"},{"start_time":"29.98","end_time":"30.51","alternatives":[{"confidence":"0.5401500000000001","content":"진화하려고"}],"type":"pronunciation"},{"start_time":"30.51","end_time":"30.85","alternatives":[{"confidence":"0.5038","content":"하는데요"}],"type":"pronunciation"},{"alternatives":[{"confidence":"0.0","content":"."}],"type":"punctuation"},{"start_time":"31.98","end_time":"32.26","alternatives":[{"confidence":"0.8096","content":"어떤"}],"type":"pronunciation"},{"start_time":"32.26","end_time":"32.53","alternatives":[{"confidence":"0.9387","content":"게요"}],"type":"pronunciation"},{"start_time":"34.45","end_time":"34.6","alternatives":[{"confidence":"0.9489","content":"를"}],"type":"pronunciation"},{"start_time":"34.6","end_time":"35.38","alternatives":[{"confidence":"0.9978499999999999","content":"하신다고요"}],"type":"pronunciation"},{"start_time":"35.41","end_time":"35.78","alternatives":[{"confidence":"0.8843","content":"그러면"}],"type":"pronunciation"},{"start_time":"35.78","end_time":"37.33","alternatives":[{"confidence":"0.881125","content":"고객님본인취소를"}],"type":"pronunciation"},{"start_time":"37.33","end_time":"37.76","alternatives":[{"confidence":"0.983","content":"하신다는"}],"type":"pronunciation"},{"start_time":"37.76","end_time":"38.46","alternatives":[{"confidence":"0.9766","content":"거죠"}],"type":"pronunciation"},{"alternatives":[{"confidence":"0.0","content":"."}],"type":"punctuation"},{"start_time":"39.66","end_time":"40.36","alternatives":[{"confidence":"1.0","content":"알겠습니다"}],"type":"pronunciation"},{"alternatives":[{"confidence":"0.0","content":"."}],"type":"punctuation"},{"start_time":"40.36","end_time":"40.62","alternatives":[{"confidence":"0.9992","content":"그러면"}],"type":"pronunciation"},{"start_time":"40.62","end_time":"40.97","alternatives":[{"confidence":"0.9975","content":"일단은"}],"type":"pronunciation"},{"start_time":"40.97","end_time":"42.11","alternatives":[{"confidence":"0.6755666666666666","content":"본인취소로"}],"type":"pronunciation"},{"start_time":"43.49","end_time":"43.86","alternatives":[{"confidence":"0.0038","content":"보내주세요"}],"type":"pronunciation"},{"alternatives":[{"confidence":"0.0","content":"."}],"type":"punctuation"},{"start_time":"45.95","end_time":"47.1","alternatives":[{"confidence":"0.7812","content":"공은"}],"type":"pronunciation"},{"start_time":"47.4","end_time":"48.24","alternatives":[{"confidence":"0.8534","content":"대부업체에다가"}],"type":"pronunciation"},{"start_time":"48.24","end_time":"48.93","alternatives":[{"confidence":"0.9667666666666667","content":"보내드리도록"}],"type":"pronunciation"},{"start_time":"48.93","end_time":"49.31","alternatives":[{"confidence":"0.9933","content":"하는데"}],"type":"pronunciation"},{"start_time":"49.31","end_time":"49.49","alternatives":[{"confidence":"0.9993","content":"이게"}],"type":"pronunciation"},{"start_time":"49.52","end_time":"49.64","alternatives":[{"confidence":"0.8571","content":"이제"}],"type":"pronunciation"},{"start_time":"49.67","end_time":"50.6","alternatives":[{"confidence":"0.7403","content":"본인으로"}],"type":"pronunciation"},{"start_time":"50.6","end_time":"51.09","alternatives":[{"confidence":"0.9938333333333333","content":"들어가시게"}],"type":"pronunciation"},{"start_time":"51.09","end_time":"51.51","alternatives":[{"confidence":"0.71315","content":"되면은"}],"type":"pronunciation"},{"start_time":"51.51","end_time":"52.19","alternatives":[{"confidence":"0.9077","content":"부결사항이"}],"type":"pronunciation"},{"start_time":"52.19","end_time":"52.6","alternatives":[{"confidence":"0.6302","content":"아니시기"}],"type":"pronunciation"},{"start_time":"52.6","end_time":"53.38","alternatives":[{"confidence":"0.77","content":"때문에"}],"type":"pronunciation"},{"start_time":"53.72","end_time":"54.14","alternatives":[{"confidence":"0.2007","content":"님께서"}],"type":"pronunciation"},{"start_time":"54.14","end_time":"54.37","alternatives":[{"confidence":"0.9493","content":"이게"}],"type":"pronunciation"},{"start_time":"54.37","end_time":"54.98","alternatives":[{"confidence":"0.9935","content":"환급처리가"}],"type":"pronunciation"},{"start_time":"54.98","end_time":"55.49","alternatives":[{"confidence":"0.98095","content":"들어가시는"}],"type":"pronunciation"},{"start_time":"55.49","end_time":"56.15","alternatives":[{"confidence":"1.0","content":"부분이"}],"type":"pronunciation"},{"start_time":"56.9","end_time":"57.15","alternatives":[{"confidence":"0.8055","content":"이게"}],"type":"pronunciation"},{"start_time":"57.18","end_time":"57.38","alternatives":[{"confidence":"0.9969","content":"지금"}],"type":"pronunciation"},{"start_time":"57.38","end_time":"57.85","alternatives":[{"confidence":"0.96775","content":"보시면은"}],"type":"pronunciation"},{"start_time":"57.85","end_time":"58.89","alternatives":[{"confidence":"0.48255000000000003","content":"일주일에서"}],"type":"pronunciation"},{"start_time":"59.31","end_time":"59.79","alternatives":[{"confidence":"1.0","content":"짧게는"}],"type":"pronunciation"},{"start_time":"59.79","end_time":"60.32","alternatives":[{"confidence":"0.6272","content":"일주일"}],"type":"pronunciation"},{"start_time":"60.47","end_time":"61.1","alternatives":[{"confidence":"0.994","content":"내지는"}],"type":"pronunciation"},{"start_time":"61.1","end_time":"61.29","alternatives":[{"confidence":"0.5708","content":"이"}],"type":"pronunciation"},{"start_time":"61.29","end_time":"61.5","alternatives":[{"confidence":"0.9816","content":"주"}],"type":"pronunciation"},{"start_time":"61.5","end_time":"61.99","alternatives":[{"confidence":"1.0","content":"정도가"}],"type":"pronunciation"},{"start_time":"61.99","end_time":"62.95","alternatives":[{"confidence":"0.9528000000000001","content":"걸리세요"}],"type":"pronunciation"},{"alternatives":[{"confidence":"0.0","content":"."}],"type":"punctuation"},{"start_time":"65.79","end_time":"66.19","alternatives":[{"confidence":"0.9658","content":"그러니까"}],"type":"pronunciation"},{"start_time":"66.25","end_time":"66.75","alternatives":[{"confidence":"1.0","content":"짧게는"}],"type":"pronunciation"},{"start_time":"66.75","end_time":"67.11","alternatives":[{"confidence":"0.3682","content":"일주일"}],"type":"pronunciation"},{"alternatives":[{"confidence":"0.0","content":"."}],"type":"punctuation"},{"start_time":"71.16","end_time":"71.82","alternatives":[{"confidence":"0.4644","content":"네"}],"type":"pronunciation"},{"alternatives":[{"confidence":"0.0","content":"."}],"type":"punctuation"},{"start_time":"71.82","end_time":"71.96","alternatives":[{"confidence":"0.2512","content":"네"}],"type":"pronunciation"},{"alternatives":[{"confidence":"0.0","content":"."}],"type":"punctuation"},{"start_time":"71.96","end_time":"72.08","alternatives":[{"confidence":"0.2211","content":"네"}],"type":"pronunciation"},{"alternatives":[{"confidence":"0.0","content":"."}],"type":"punctuation"},{"start_time":"74.16","end_time":"74.36","alternatives":[{"confidence":"0.9634","content":"이게"}],"type":"pronunciation"},{"start_time":"74.36","end_time":"74.7","alternatives":[{"confidence":"1.0","content":"이제"}],"type":"pronunciation"},{"start_time":"74.7","end_time":"75.02","alternatives":[{"confidence":"0.9272","content":"저희"}],"type":"pronunciation"},{"start_time":"75.02","end_time":"75.44","alternatives":[{"confidence":"0.8731","content":"측에서"}],"type":"pronunciation"},{"start_time":"75.44","end_time":"76.61","alternatives":[{"confidence":"0.9605333333333334","content":"부결사항으로"}],"type":"pronunciation"},{"start_time":"76.61","end_time":"76.9","alternatives":[{"confidence":"1.0","content":"처리가"}],"type":"pronunciation"},{"start_time":"76.9","end_time":"77.18","alternatives":[{"confidence":"0.92805","content":"되실"}],"type":"pronunciation"},{"start_time":"77.18","end_time":"77.98","alternatives":[{"confidence":"0.9999","content":"경우에는"}],"type":"pronunciation"},{"start_time":"77.98","end_time":"78.2","alternatives":[{"confidence":"0.8111","content":"그런"}],"type":"pronunciation"},{"start_time":"78.2","end_time":"78.78","alternatives":[{"confidence":"0.84015","content":"거고요"}],"type":"pronunciation"},{"alternatives":[{"confidence":"0.0","content":"."}],"type":"punctuation"},{"start_time":"81.75","end_time":"82.09","alternatives":[{"confidence":"0.9986","content":"이거는"}],"type":"pronunciation"},{"start_time":"82.09","end_time":"82.22","alternatives":[{"confidence":"0.9833","content":"이제"}],"type":"pronunciation"},{"start_time":"82.56","end_time":"82.84","alternatives":[{"confidence":"0.4226","content":"본인"}],"type":"pronunciation"},{"start_time":"82.84","end_time":"83.07","alternatives":[{"confidence":"0.3768","content":"최소"}],"type":"pronunciation"},{"start_time":"83.07","end_time":"83.38","alternatives":[{"confidence":"0.7608","content":"권으로"}],"type":"pronunciation"},{"start_time":"83.38","end_time":"83.83","alternatives":[{"confidence":"0.9215","content":"들어가시는"}],"type":"pronunciation"},{"start_time":"83.83","end_time":"84.23","alternatives":[{"confidence":"0.9824","content":"거잖아요"}],"type":"pronunciation"},{"alternatives":[{"confidence":"0.0","content":"."}],"type":"punctuation"},{"start_time":"88.94","end_time":"89.56","alternatives":[{"confidence":"0.9971","content":"부결처리가"}],"type":"pronunciation"},{"start_time":"89.56","end_time":"89.94","alternatives":[{"confidence":"0.9787","content":"나오신"}],"type":"pronunciation"},{"start_time":"89.94","end_time":"90.04","alternatives":[{"confidence":"0.992","content":"게"}],"type":"pronunciation"},{"start_time":"90.04","end_time":"90.58","alternatives":[{"confidence":"0.9932000000000001","content":"아니시고"}],"type":"pronunciation"},{"alternatives":[{"confidence":"0.0","content":"."}],"type":"punctuation"},{"start_time":"90.58","end_time":"90.77","alternatives":[{"confidence":"0.9302","content":"저희"}],"type":"pronunciation"},{"start_time":"90.77","end_time":"91.2","alternatives":[{"confidence":"1.0","content":"쪽에서"}],"type":"pronunciation"},{"start_time":"91.23","end_time":"91.98","alternatives":[{"confidence":"0.90515","content":"말씀드렸듯이"}],"type":"pronunciation"},{"start_time":"91.98","end_time":"92.23","alternatives":[{"confidence":"0.9764","content":"승인"}],"type":"pronunciation"},{"start_time":"92.23","end_time":"92.71","alternatives":[{"confidence":"0.9885999999999999","content":"처리까지는"}],"type":"pronunciation"},{"start_time":"92.71","end_time":"92.83","alternatives":[{"confidence":"0.7912","content":"다"}],"type":"pronunciation"},{"start_time":"92.83","end_time":"93.22","alternatives":[{"confidence":"0.98285","content":"나오신"}],"type":"pronunciation"},{"start_time":"93.22","end_time":"93.48","alternatives":[{"confidence":"0.5869","content":"내용"}],"type":"pronunciation"},{"start_time":"93.48","end_time":"93.87","alternatives":[{"confidence":"0.8079","content":"이세요"}],"type":"pronunciation"},{"alternatives":[{"confidence":"0.0","content":"."}],"type":"punctuation"},{"start_time":"96.98","end_time":"97.31","alternatives":[{"confidence":"0.0055","content":"근데"}],"type":"pronunciation"},{"start_time":"99.42","end_time":"99.68","alternatives":[{"confidence":"0.0308","content":"만약에"}],"type":"pronunciation"},{"start_time":"100.79","end_time":"101.11","alternatives":[{"confidence":"0.7518","content":"바로"}],"type":"pronunciation"},{"start_time":"101.49","end_time":"101.84","alternatives":[{"confidence":"0.9903","content":"처리가"}],"type":"pronunciation"},{"start_time":"102.05","end_time":"102.3","alternatives":[{"confidence":"0.8362","content":"그렇죠"}],"type":"pronunciation"},{"alternatives":[{"confidence":"0.0","content":"."}],"type":"punctuation"},{"start_time":"102.56","end_time":"102.94","alternatives":[{"confidence":"0.9995","content":"처리가"}],"type":"pronunciation"},{"start_time":"102.94","end_time":"103.42","alternatives":[{"confidence":"0.8067333333333333","content":"나오셨다"}],"type":"pronunciation"},{"start_time":"103.42","end_time":"103.63","alternatives":[{"confidence":"0.9407","content":"라고"}],"type":"pronunciation"},{"start_time":"103.63","end_time":"104.0","alternatives":[{"confidence":"0.6231","content":"하면"}],"type":"pronunciation"},{"start_time":"104.06","end_time":"104.37","alternatives":[{"confidence":"0.9974","content":"바로"}],"type":"pronunciation"},{"start_time":"104.37","end_time":"104.53","alternatives":[{"confidence":"0.9986","content":"이제"}],"type":"pronunciation"},{"start_time":"104.53","end_time":"105.12","alternatives":[{"confidence":"0.99465","content":"환급처리가"}],"type":"pronunciation"},{"start_time":"105.12","end_time":"105.7","alternatives":[{"confidence":"0.9502999999999999","content":"되셨겠죠"}],"type":"pronunciation"},{"alternatives":[{"confidence":"0.0","content":"."}],"type":"punctuation"},{"start_time":"105.7","end_time":"105.99","alternatives":[{"confidence":"0.831","content":"근데"}],"type":"pronunciation"},{"start_time":"105.99","end_time":"106.2","alternatives":[{"confidence":"0.9956","content":"이제"}],"type":"pronunciation"},{"start_time":"106.57","end_time":"106.8","alternatives":[{"confidence":"0.9981","content":"그런"}],"type":"pronunciation"},{"start_time":"106.8","end_time":"107.09","alternatives":[{"confidence":"0.998","content":"내용이"}],"type":"pronunciation"},{"start_time":"107.09","end_time":"107.46","alternatives":[{"confidence":"0.9797","content":"아니시고"}],"type":"pronunciation"},{"start_time":"107.46","end_time":"107.63","alternatives":[{"confidence":"0.9249","content":"저희"}],"type":"pronunciation"},{"start_time":"107.63","end_time":"107.96","alternatives":[{"confidence":"0.5563","content":"측에서"}],"type":"pronunciation"},{"start_time":"108.23","end_time":"108.5","alternatives":[{"confidence":"0.9052","content":"승인"}],"type":"pronunciation"},{"start_time":"108.5","end_time":"109.01","alternatives":[{"confidence":"0.97925","content":"처리까지는"}],"type":"pronunciation"},{"start_time":"109.01","end_time":"109.12","alternatives":[{"confidence":"0.7908","content":"다"}],"type":"pronunciation"},{"start_time":"109.12","end_time":"109.5","alternatives":[{"confidence":"0.97805","content":"나오신"}],"type":"pronunciation"},{"start_time":"109.5","end_time":"110.29","alternatives":[{"confidence":"0.981","content":"내용이신데"}],"type":"pronunciation"},{"alternatives":[{"confidence":"0.0","content":"."}],"type":"punctuation"},{"start_time":"110.77","end_time":"111.16","alternatives":[{"confidence":"0.1801","content":"님께서"}],"type":"pronunciation"},{"start_time":"111.16","end_time":"111.34","alternatives":[{"confidence":"0.9789","content":"이제"}],"type":"pronunciation"},{"start_time":"111.37","end_time":"111.68","alternatives":[{"confidence":"0.5556","content":"본인"}],"type":"pronunciation"},{"start_time":"111.68","end_time":"112.22","alternatives":[{"confidence":"0.7944","content":"취소권으로"}],"type":"pronunciation"},{"start_time":"112.22","end_time":"112.7","alternatives":[{"confidence":"0.96355","content":"들어가시는"}],"type":"pronunciation"},{"start_time":"112.7","end_time":"112.89","alternatives":[{"confidence":"0.9231","content":"거기"}],"type":"pronunciation"},{"start_time":"112.89","end_time":"113.14","alternatives":[{"confidence":"1.0","content":"때문에"}],"type":"pronunciation"},{"start_time":"113.14","end_time":"113.48","alternatives":[{"confidence":"0.9988","content":"그래서"}],"type":"pronunciation"},{"start_time":"113.48","end_time":"113.97","alternatives":[{"confidence":"0.9981","content":"그렇습니다"}],"type":"pronunciation"},{"alternatives":[{"confidence":"0.0","content":"."}],"type":"punctuation"},{"start_time":"115.33","end_time":"115.5","alternatives":[{"confidence":"0.0548","content":"네"}],"type":"pronunciation"},{"alternatives":[{"confidence":"0.0","content":"."}],"type":"punctuation"},{"start_time":"115.53","end_time":"115.64","alternatives":[{"confidence":"0.1111","content":"네"}],"type":"pronunciation"},{"alternatives":[{"confidence":"0.0","content":"."}],"type":"punctuation"},{"start_time":"116.05","end_time":"116.21","alternatives":[{"confidence":"0.4232","content":"아까"}],"type":"pronunciation"},{"start_time":"116.21","end_time":"116.57","alternatives":[{"confidence":"0.9664","content":"제가"}],"type":"pronunciation"},{"start_time":"117.26","end_time":"117.56","alternatives":[{"confidence":"0.4574","content":"그쪽"}],"type":"pronunciation"},{"start_time":"120.03","end_time":"120.29","alternatives":[{"confidence":"0.8738","content":"어떤"}],"type":"pronunciation"},{"start_time":"120.29","end_time":"120.57","alternatives":[{"confidence":"0.9911","content":"게요"}],"type":"pronunciation"},{"alternatives":[{"confidence":"0.0","content":"."}],"type":"punctuation"},{"start_time":"122.44","end_time":"123.73","alternatives":[{"confidence":"0.9792000000000001","content":"환불부분은"}],"type":"pronunciation"},{"start_time":"123.73","end_time":"124.5","alternatives":[{"confidence":"1.0","content":"어차피"}],"type":"pronunciation"},{"start_time":"124.63","end_time":"125.41","alternatives":[{"confidence":"0.3641","content":"고에서"}],"type":"pronunciation"},{"start_time":"125.41","end_time":"127.04","alternatives":[{"confidence":"0.9506","content":"대출금입금받으시는"}],"type":"pronunciation"},{"start_time":"127.04","end_time":"128.25","alternatives":[{"confidence":"0.8276","content":"입금계좌부분"}],"type":"pronunciation"},{"start_time":"128.25","end_time":"129.39","alternatives":[{"confidence":"0.472","content":"말씀하셨잖아요"}],"type":"pronunciation"},{"start_time":"129.48","end_time":"130.18","alternatives":[{"confidence":"0.8506","content":"그쪽계좌로"}],"type":"pronunciation"},{"start_time":"130.18","end_time":"130.74","alternatives":[{"confidence":"0.9967","content":"해서"}],"type":"pronunciation"},{"start_time":"130.8","end_time":"130.98","alternatives":[{"confidence":"0.9463","content":"이제"}],"type":"pronunciation"},{"start_time":"131.38","end_time":"131.77","alternatives":[{"confidence":"0.8822","content":"환급이"}],"type":"pronunciation"},{"start_time":"131.77","end_time":"132.17","alternatives":[{"confidence":"0.9336","content":"들어가실"}],"type":"pronunciation"},{"start_time":"132.17","end_time":"132.51","alternatives":[{"confidence":"0.9988","content":"겁니다"}],"type":"pronunciation"},{"alternatives":[{"confidence":"0.0","content":"."}],"type":"punctuation"},{"start_time":"133.04","end_time":"133.53","alternatives":[{"confidence":"0.7908999999999999","content":"들어가는데"}],"type":"pronunciation"},{"start_time":"138.04","end_time":"138.43","alternatives":[{"confidence":"0.8735999999999999","content":"그거는"}],"type":"pronunciation"},{"start_time":"138.43","end_time":"139.09","alternatives":[{"confidence":"0.5539","content":"산하"}],"type":"pronunciation"},{"start_time":"139.09","end_time":"139.58","alternatives":[{"confidence":"0.604","content":"측에서"}],"type":"pronunciation"},{"start_time":"139.58","end_time":"139.86","alternatives":[{"confidence":"0.9998","content":"처리가"}],"type":"pronunciation"},{"start_time":"139.86","end_time":"140.16","alternatives":[{"confidence":"0.8153","content":"되신"}],"type":"pronunciation"},{"start_time":"140.16","end_time":"140.4","alternatives":[{"confidence":"0.9778","content":"거죠"}],"type":"pronunciation"},{"alternatives":[{"confidence":"0.0","content":"."}],"type":"punctuation"},{"start_time":"142.01","end_time":"142.46","alternatives":[{"confidence":"0.25105","content":"네네네"}],"type":"pronunciation"},{"alternatives":[{"confidence":"0.0","content":"."}],"type":"punctuation"},{"start_time":"145.22","end_time":"145.5","alternatives":[{"confidence":"1.0","content":"그게"}],"type":"pronunciation"},{"start_time":"145.5","end_time":"145.69","alternatives":[{"confidence":"0.981","content":"이제"}],"type":"pronunciation"},{"start_time":"145.69","end_time":"147.13","alternatives":[{"confidence":"0.8854000000000001","content":"입금처리까지"}],"type":"pronunciation"},{"start_time":"147.19","end_time":"147.55","alternatives":[{"confidence":"0.717","content":"되신"}],"type":"pronunciation"},{"start_time":"147.55","end_time":"148.6","alternatives":[{"confidence":"0.9627666666666667","content":"내용이신데"}],"type":"pronunciation"},{"start_time":"148.81","end_time":"149.08","alternatives":[{"confidence":"0.729","content":"저희"}],"type":"pronunciation"},{"start_time":"149.08","end_time":"149.36","alternatives":[{"confidence":"0.412","content":"측의"}],"type":"pronunciation"},{"start_time":"149.36","end_time":"149.7","alternatives":[{"confidence":"0.9561","content":"이제"}],"type":"pronunciation"},{"start_time":"149.83","end_time":"151.03","alternatives":[{"confidence":"0.9988333333333334","content":"납부증명서까지"}],"type":"pronunciation"},{"start_time":"151.03","end_time":"151.36","alternatives":[{"confidence":"0.6312","content":"들어와"}],"type":"pronunciation"},{"start_time":"151.36","end_time":"151.93","alternatives":[{"confidence":"0.9772000000000001","content":"있으신거기"}],"type":"pronunciation"},{"start_time":"151.93","end_time":"152.18","alternatives":[{"confidence":"1.0","content":"때문에"}],"type":"pronunciation"},{"start_time":"152.18","end_time":"152.47","alternatives":[{"confidence":"1.0","content":"저희가"}],"type":"pronunciation"},{"start_time":"152.47","end_time":"152.59","alternatives":[{"confidence":"0.4949","content":"그"}],"type":"pronunciation"},{"start_time":"152.59","end_time":"153.51","alternatives":[{"confidence":"0.9943333333333334","content":"납부증명서를"}],"type":"pronunciation"},{"start_time":"153.74","end_time":"154.3","alternatives":[{"confidence":"0.9996","content":"반대로"}],"type":"pronunciation"},{"start_time":"154.3","end_time":"155.19","alternatives":[{"confidence":"0.7983","content":"그쪽해당"}],"type":"pronunciation"},{"start_time":"155.19","end_time":"156.09","alternatives":[{"confidence":"0.8715999999999999","content":"금융사에다가"}],"type":"pronunciation"},{"start_time":"156.12","end_time":"156.37","alternatives":[{"confidence":"0.9853","content":"이제"}],"type":"pronunciation"},{"start_time":"156.38","end_time":"156.79","alternatives":[{"confidence":"0.9973","content":"처리를"}],"type":"pronunciation"},{"start_time":"156.86","end_time":"157.13","alternatives":[{"confidence":"0.9781","content":"다시"}],"type":"pronunciation"},{"start_time":"157.13","end_time":"157.46","alternatives":[{"confidence":"0.92595","content":"해드려야"}],"type":"pronunciation"},{"start_time":"157.46","end_time":"158.47","alternatives":[{"confidence":"0.9975","content":"되거든요"}],"type":"pronunciation"},{"alternatives":[{"confidence":"0.0","content":"."}],"type":"punctuation"},{"start_time":"159.13","end_time":"159.42","alternatives":[{"confidence":"0.9995","content":"그래서"}],"type":"pronunciation"},{"start_time":"159.42","end_time":"159.93","alternatives":[{"confidence":"0.9987","content":"그렇습니다"}],"type":"pronunciation"},{"alternatives":[{"confidence":"0.0","content":"."}],"type":"punctuation"},{"start_time":"161.24","end_time":"161.41","alternatives":[{"confidence":"0.1505","content":"네"}],"type":"pronunciation"},{"alternatives":[{"confidence":"0.0","content":"."}],"type":"punctuation"},{"start_time":"161.41","end_time":"161.55","alternatives":[{"confidence":"0.1163","content":"네"}],"type":"pronunciation"},{"alternatives":[{"confidence":"0.0","content":"."}],"type":"punctuation"},{"start_time":"164.78","end_time":"164.96","alternatives":[{"confidence":"0.6197","content":"이거"}],"type":"pronunciation"},{"start_time":"164.96","end_time":"165.71","alternatives":[{"confidence":"0.825025","content":"취소하신다라고"}],"type":"pronunciation"},{"start_time":"165.71","end_time":"166.31","alternatives":[{"confidence":"0.983","content":"하면은"}],"type":"pronunciation"},{"start_time":"166.58","end_time":"166.71","alternatives":[{"confidence":"0.1622","content":"뭐"}],"type":"pronunciation"},{"start_time":"166.74","end_time":"167.24","alternatives":[{"confidence":"0.9749","content":"지우셔도"}],"type":"pronunciation"},{"start_time":"167.24","end_time":"167.48","alternatives":[{"confidence":"0.6152","content":"삭제"}],"type":"pronunciation"},{"start_time":"167.48","end_time":"167.74","alternatives":[{"confidence":"1.0","content":"하셔도"}],"type":"pronunciation"},{"start_time":"167.74","end_time":"168.52","alternatives":[{"confidence":"0.9916666666666667","content":"상관없으시고요"}],"type":"pronunciation"},{"start_time":"171.75","end_time":"172.33","alternatives":[{"confidence":"0.42363333333333336","content":"아니시면은"}],"type":"pronunciation"},{"start_time":"172.52","end_time":"173.05","alternatives":[{"confidence":"0.7007","content":"님께서"}],"type":"pronunciation"},{"start_time":"173.05","end_time":"173.46","alternatives":[{"confidence":"0.9857","content":"진행을"}],"type":"pronunciation"},{"start_time":"173.46","end_time":"174.1","alternatives":[{"confidence":"0.7695","content":"하신다라고"}],"type":"pronunciation"},{"start_time":"174.1","end_time":"174.95","alternatives":[{"confidence":"0.982","content":"하시면"}],"type":"pronunciation"},{"start_time":"176.09","end_time":"176.68","alternatives":[{"confidence":"0.5426","content":"님께서"}],"type":"pronunciation"},{"start_time":"177.07","end_time":"177.35","alternatives":[{"confidence":"0.9219","content":"뭐"}],"type":"pronunciation"},{"start_time":"177.38","end_time":"178.11","alternatives":[{"confidence":"1.0","content":"추가적으로"}],"type":"pronunciation"},{"start_time":"178.11","end_time":"178.29","alternatives":[{"confidence":"0.9556","content":"지금"}],"type":"pronunciation"},{"start_time":"178.29","end_time":"178.95","alternatives":[{"confidence":"0.6286999999999999","content":"보니까는"}],"type":"pronunciation"},{"start_time":"178.95","end_time":"179.12","alternatives":[{"confidence":"0.9793","content":"이제"}],"type":"pronunciation"},{"start_time":"179.15","end_time":"179.4","alternatives":[{"confidence":"0.7529","content":"추가"}],"type":"pronunciation"},{"start_time":"179.4","end_time":"179.69","alternatives":[{"confidence":"0.5637","content":"상원"}],"type":"pronunciation"},{"start_time":"179.69","end_time":"180.79","alternatives":[{"confidence":"0.75885","content":"증명서부분"}],"type":"pronunciation"},{"start_time":"180.79","end_time":"181.12","alternatives":[{"confidence":"0.9799","content":"요청이"}],"type":"pronunciation"},{"start_time":"181.12","end_time":"181.27","alternatives":[{"confidence":"0.3625","content":"좀"}],"type":"pronunciation"},{"start_time":"181.28","end_time":"181.91","alternatives":[{"confidence":"0.9038999999999999","content":"들어왔고요"}],"type":"pronunciation"},{"alternatives":[{"confidence":"0.0","content":"."}],"type":"punctuation"},{"start_time":"183.1","end_time":"183.33","alternatives":[{"confidence":"0.0279","content":"그걸"}],"type":"pronunciation"},{"start_time":"184.37","end_time":"184.61","alternatives":[{"confidence":"0.4723","content":"가지고"}],"type":"pronunciation"},{"start_time":"185.95","end_time":"186.62","alternatives":[{"confidence":"0.9909","content":"그러십니까"}],"type":"pronunciation"},{"alternatives":[{"confidence":"0.0","content":"?"}],"type":"punctuation"},{"start_time":"188.42","end_time":"188.58","alternatives":[{"confidence":"0.4327","content":"네"}],"type":"pronunciation"},{"alternatives":[{"confidence":"0.0","content":"."}],"type":"punctuation"},{"start_time":"188.61","end_time":"188.74","alternatives":[{"confidence":"0.3585","content":"네"}],"type":"pronunciation"},{"alternatives":[{"confidence":"0.0","content":"."}],"type":"punctuation"},{"start_time":"188.77","end_time":"188.91","alternatives":[{"confidence":"0.4204","content":"네"}],"type":"pronunciation"},{"alternatives":[{"confidence":"0.0","content":"."}],"type":"punctuation"},{"start_time":"190.43","end_time":"190.56","alternatives":[{"confidence":"0.1863","content":"좋을"}],"type":"pronunciation"},{"start_time":"190.56","end_time":"190.62","alternatives":[{"confidence":"0.2236","content":"거"}],"type":"pronunciation"},{"start_time":"190.62","end_time":"190.9","alternatives":[{"confidence":"0.6015","content":"같은데"}],"type":"pronunciation"},{"alternatives":[{"confidence":"0.0","content":"."}],"type":"punctuation"},{"start_time":"191.58","end_time":"191.77","alternatives":[{"confidence":"0.5802","content":"예"}],"type":"pronunciation"},{"alternatives":[{"confidence":"0.0","content":"."}],"type":"punctuation"},{"start_time":"191.8","end_time":"191.92","alternatives":[{"confidence":"0.615","content":"예"}],"type":"pronunciation"},{"alternatives":[{"confidence":"0.0","content":","}],"type":"punctuation"},{"start_time":"191.95","end_time":"192.5","alternatives":[{"confidence":"0.9979","content":"알겠습니다"}],"type":"pronunciation"},{"alternatives":[{"confidence":"0.0","content":"."}],"type":"punctuation"},{"start_time":"192.5","end_time":"193.06","alternatives":[{"confidence":"0.9351","content":"빠른"}],"type":"pronunciation"},{"start_time":"193.06","end_time":"193.42","alternatives":[{"confidence":"0.6922","content":"요청"}],"type":"pronunciation"},{"start_time":"193.42","end_time":"193.57","alternatives":[{"confidence":"0.9685","content":"좀"}],"type":"pronunciation"},{"start_time":"193.58","end_time":"193.94","alternatives":[{"confidence":"0.9964500000000001","content":"드리도록"}],"type":"pronunciation"},{"start_time":"193.94","end_time":"194.29","alternatives":[{"confidence":"0.9662","content":"할게요"}],"type":"pronunciation"},{"alternatives":[{"confidence":"0.0","content":"."}],"type":"punctuation"},{"start_time":"196.16","end_time":"196.45","alternatives":[{"confidence":"0.9911","content":"제가"}],"type":"pronunciation"},{"start_time":"196.45","end_time":"197.23","alternatives":[{"confidence":"0.1883","content":"전화하셨을"}],"type":"pronunciation"},{"start_time":"197.23","end_time":"197.32","alternatives":[{"confidence":"0.8873","content":"것"}],"type":"pronunciation"},{"start_time":"197.32","end_time":"197.58","alternatives":[{"confidence":"0.4872","content":"같은데요"}],"type":"pronunciation"},{"alternatives":[{"confidence":"0.0","content":"."}],"type":"punctuation"},{"start_time":"198.06","end_time":"198.36","alternatives":[{"confidence":"0.9116","content":"어떤"}],"type":"pronunciation"},{"start_time":"198.36","end_time":"198.7","alternatives":[{"confidence":"0.9103","content":"게요"}],"type":"pronunciation"},{"alternatives":[{"confidence":"0.0","content":"."}],"type":"punctuation"},{"start_time":"201.13","end_time":"201.55","alternatives":[{"confidence":"0.043399999999999994","content":"그분들을"}],"type":"pronunciation"},{"start_time":"201.55","end_time":"201.64","alternatives":[{"confidence":"0.979","content":"것"}],"type":"pronunciation"},{"start_time":"201.64","end_time":"201.93","alternatives":[{"confidence":"0.6413","content":"같은데요"}],"type":"pronunciation"},{"alternatives":[{"confidence":"0.0","content":"."}],"type":"punctuation"},{"start_time":"205.54","end_time":"205.78","alternatives":[{"confidence":"0.9927","content":"그런"}],"type":"pronunciation"},{"start_time":"205.78","end_time":"206.17","alternatives":[{"confidence":"0.959","content":"부분은"}],"type":"pronunciation"},{"start_time":"206.17","end_time":"206.73","alternatives":[{"confidence":"0.39825","content":"아니십시오"}],"type":"pronunciation"},{"start_time":"207.07","end_time":"207.57","alternatives":[{"confidence":"0.7597","content":"그거랑은"}],"type":"pronunciation"},{"start_time":"207.57","end_time":"207.84","alternatives":[{"confidence":"0.8331","content":"상관"}],"type":"pronunciation"},{"start_time":"207.84","end_time":"208.62","alternatives":[{"confidence":"0.9953000000000001","content":"없으시죠"}],"type":"pronunciation"},{"alternatives":[{"confidence":"0.0","content":"."}],"type":"punctuation"},{"start_time":"209.41","end_time":"209.65","alternatives":[{"confidence":"0.4188","content":"그니까"}],"type":"pronunciation"},{"start_time":"209.65","end_time":"209.91","alternatives":[{"confidence":"0.9876","content":"그렇게"}],"type":"pronunciation"},{"start_time":"210.08","end_time":"210.79","alternatives":[{"confidence":"0.6466000000000001","content":"처리해주시고"}],"type":"pronunciation"},{"start_time":"210.79","end_time":"211.2","alternatives":[{"confidence":"0.943","content":"제가"}],"type":"pronunciation"},{"start_time":"211.89","end_time":"212.36","alternatives":[{"confidence":"0.73365","content":"전화드릴게요"}],"type":"pronunciation"},{"start_time":"212.37","end_time":"212.72","alternatives":[{"confidence":"0.3479","content":"하시죠"}],"type":"pronunciation"},{"alternatives":[{"confidence":"0.0","content":"."}],"type":"punctuation"},{"start_time":"212.93","end_time":"213.15","alternatives":[{"confidence":"0.7354","content":"한번"}],"type":"pronunciation"},{"start_time":"213.15","end_time":"213.26","alternatives":[{"confidence":"0.4889","content":"좀"}],"type":"pronunciation"}]},"status":"COMPLETED"}