{"jobName":"transcribe_loan152","accountId":"097989105209","results":{"transcripts":[{"transcript":"죄송합니다. 지금 대출 권 때문에 다른 문구가 잠깐 안내 좀 해드리가. 안내 좀 하니라 고요. 이제 당일 완기상한테도 지금 바로 안내해 드릴게요. 께서 지금 일억칠천이라는 대출금이 있기 때문에 고객님이 지금 보셨을때 이자 원금만 납부하시잖아요. 근데 저희 쪽 전산에는 고향 께서 이자 원금만 납부하시는 것은 아무 의미가 없는 거예요. 지금 초과가 되셨기 때문에 고액께서 그전에 기존에 대출을 받으셨다가 만납하신거는 저희 전선에는 육 개월도 채 안 남아있으세요. 그렇기 때문에 고향께서. 그래서 지금 중간에 지금 만약에 피털이천칠백만원 받으신거랑 롯데캐피탈해서 지금 사천만원 대출을 받으신 거 이거 지금 완납을 못해주시잖아요 둘 중에 하나를 완납을 해주셔야 저희 쪽에서 대출이 발생이 될 것 같으세요? 근데 지금 그 부분이 어려우시잖아요 이 어렵기 때문에 저희가 당일 만기 상한제도라는 것을 말씀을 드리는 거예요. 당일 만기상환제도가 무엇이냐면요 그냥 간단하게 고행께서 비행K 에서 대출이처럼 칠백만원 받으신 것 같이 쉽게 말씀드리면 하나카드에서 카드론으로 해서 백만 원이 됐던 이백만원을 삼백만 대출을 오늘 받으시는 거예요. 당사에 그러면 고향께서 대출을 받으신 거를 고행께서 오늘 저녁 아니면 내일 오전에 하나카드의 직접 전화하셔서 백만원에도 이백만삼백만원 대출금을 해서 직접 갚으시는 거예요. 저희는 일 금융권이고 하나카드는 이 금융권이기 때문에 저희가 하나카드의 고 님한테 기업부 납부증명서를 요청을 할 거예요. 하루만에 대출을 갚은 거지만 저희는 하나카드 한테 삼십육 개월 동안 이자 원금잘 납부한 것처럼 공문을 요청을 해서 그 공문이 천부가 되면 제가 님한테 팔천만 사업 으로 조건부 승인으로 제가 바꿔 드린다는 말씀을 내가 지금 아니죠. 아니죠. 왜냐하면 께서 오늘 받으셨다 갚으셨잖아요 등급 상향되시는 거예요. 그리고 또 저희 쪽에서도 등급을 상향을 시켜드리고. 왜냐면 에서 납부를 해주시는 게 지금 하나도 없는데 우리가 고객님전사를 무대로 만질 수가 없거든요. 하나만 나오는 거죠. 예, 그러시죠. 네. 그러시죠. 근데 만약에 에서 이천칠백만원을 갚으신다 가정을 하시면 께서 고객센터에 전화를 하시면 저희가 필요한 곡물을 요청을 못 받아요. 그러니까 저희가 먼저 의 공무 요청을 할 거예요. 고갱께서 이런 식으로 해서 상환을 해주실 거니까 비행K 캐피탈측에서는 우리한테 이런 공문을 줘라. 저희는 그 공문을 요청을 한 다음에 그 님한테 납부를 해주시라고 그림 한테 요청을 BNK 캐피탈어떻게 정리를 하시겠어요? 아니 그거는 걱정 안하셨으면 BNK 캐피탈남아계신 게 이천칠백 1 천원남아있으신 것 같으세요. 그러면 육만천원같은 경우는 다음달 이자 빠져나가는 걸 미리 선나무로 뺀다 하고 이천칠백만원만 완납처리하시면 되는 것처럼 제가 공무원 요청을 해놓고 그러시면 일단 김재성 대리님한테 제가 공무원 다 내려놓고요 이재성 대리님 하고 다시 통화한 번 하신 다음에 김재성 대림하다 천하들이 라고 말씀을 드려놓을 게요. 네, 알겠습니다."}],"items":[{"start_time":"0.36","end_time":"0.86","alternatives":[{"confidence":"1.0","content":"죄송합니다"}],"type":"pronunciation"},{"alternatives":[{"confidence":"0.0","content":"."}],"type":"punctuation"},{"start_time":"0.86","end_time":"1.08","alternatives":[{"confidence":"0.985","content":"지금"}],"type":"pronunciation"},{"start_time":"1.08","end_time":"1.39","alternatives":[{"confidence":"0.4123","content":"대출"}],"type":"pronunciation"},{"start_time":"1.39","end_time":"1.58","alternatives":[{"confidence":"0.8879","content":"권"}],"type":"pronunciation"},{"start_time":"1.58","end_time":"1.92","alternatives":[{"confidence":"0.9988","content":"때문에"}],"type":"pronunciation"},{"start_time":"1.92","end_time":"2.22","alternatives":[{"confidence":"0.9695","content":"다른"}],"type":"pronunciation"},{"start_time":"2.22","end_time":"2.51","alternatives":[{"confidence":"0.7204","content":"문구가"}],"type":"pronunciation"},{"start_time":"2.51","end_time":"3.06","alternatives":[{"confidence":"0.9368","content":"잠깐"}],"type":"pronunciation"},{"start_time":"3.51","end_time":"3.9","alternatives":[{"confidence":"0.7094","content":"안내"}],"type":"pronunciation"},{"start_time":"3.9","end_time":"4.05","alternatives":[{"confidence":"0.9991","content":"좀"}],"type":"pronunciation"},{"start_time":"4.05","end_time":"4.57","alternatives":[{"confidence":"0.3019","content":"해드리가"}],"type":"pronunciation"},{"alternatives":[{"confidence":"0.0","content":"."}],"type":"punctuation"},{"start_time":"5.05","end_time":"5.39","alternatives":[{"confidence":"0.5979","content":"안내"}],"type":"pronunciation"},{"start_time":"5.39","end_time":"5.56","alternatives":[{"confidence":"0.9945","content":"좀"}],"type":"pronunciation"},{"start_time":"5.56","end_time":"5.88","alternatives":[{"confidence":"0.0663","content":"하니라"}],"type":"pronunciation"},{"start_time":"5.88","end_time":"6.38","alternatives":[{"confidence":"0.0512","content":"고요"}],"type":"pronunciation"},{"alternatives":[{"confidence":"0.0","content":"."}],"type":"punctuation"},{"start_time":"6.79","end_time":"6.92","alternatives":[{"confidence":"0.23","content":"이제"}],"type":"pronunciation"},{"start_time":"6.93","end_time":"7.26","alternatives":[{"confidence":"0.9973","content":"당일"}],"type":"pronunciation"},{"start_time":"7.26","end_time":"8.2","alternatives":[{"confidence":"0.6608666666666667","content":"완기상한테도"}],"type":"pronunciation"},{"start_time":"8.23","end_time":"8.83","alternatives":[{"confidence":"0.9908","content":"지금"}],"type":"pronunciation"},{"start_time":"8.86","end_time":"9.2","alternatives":[{"confidence":"0.9893","content":"바로"}],"type":"pronunciation"},{"start_time":"9.2","end_time":"9.58","alternatives":[{"confidence":"0.90915","content":"안내해"}],"type":"pronunciation"},{"start_time":"9.58","end_time":"10.28","alternatives":[{"confidence":"0.9717","content":"드릴게요"}],"type":"pronunciation"},{"alternatives":[{"confidence":"0.0","content":"."}],"type":"punctuation"},{"start_time":"10.62","end_time":"11.01","alternatives":[{"confidence":"0.8619","content":"께서"}],"type":"pronunciation"},{"start_time":"11.01","end_time":"11.3","alternatives":[{"confidence":"0.9889","content":"지금"}],"type":"pronunciation"},{"start_time":"11.3","end_time":"12.5","alternatives":[{"confidence":"0.9504666666666667","content":"일억칠천이라는"}],"type":"pronunciation"},{"start_time":"12.5","end_time":"13.03","alternatives":[{"confidence":"0.9894000000000001","content":"대출금이"}],"type":"pronunciation"},{"start_time":"13.03","end_time":"13.24","alternatives":[{"confidence":"0.9799","content":"있기"}],"type":"pronunciation"},{"start_time":"13.24","end_time":"13.97","alternatives":[{"confidence":"0.9981","content":"때문에"}],"type":"pronunciation"},{"start_time":"14.07","end_time":"14.62","alternatives":[{"confidence":"0.9937","content":"고객님이"}],"type":"pronunciation"},{"start_time":"14.62","end_time":"14.86","alternatives":[{"confidence":"0.9843","content":"지금"}],"type":"pronunciation"},{"start_time":"14.86","end_time":"15.7","alternatives":[{"confidence":"0.716","content":"보셨을때"}],"type":"pronunciation"},{"start_time":"15.82","end_time":"16.12","alternatives":[{"confidence":"0.9362","content":"이자"}],"type":"pronunciation"},{"start_time":"16.12","end_time":"16.64","alternatives":[{"confidence":"0.8367","content":"원금만"}],"type":"pronunciation"},{"start_time":"16.64","end_time":"17.93","alternatives":[{"confidence":"0.9998666666666667","content":"납부하시잖아요"}],"type":"pronunciation"},{"alternatives":[{"confidence":"0.0","content":"."}],"type":"punctuation"},{"start_time":"18.62","end_time":"19.23","alternatives":[{"confidence":"0.9688","content":"근데"}],"type":"pronunciation"},{"start_time":"19.42","end_time":"19.73","alternatives":[{"confidence":"0.5117","content":"저희"}],"type":"pronunciation"},{"start_time":"19.73","end_time":"19.91","alternatives":[{"confidence":"0.9669","content":"쪽"}],"type":"pronunciation"},{"start_time":"19.91","end_time":"20.6","alternatives":[{"confidence":"0.9887","content":"전산에는"}],"type":"pronunciation"},{"start_time":"20.6","end_time":"20.87","alternatives":[{"confidence":"0.5331","content":"고향"}],"type":"pronunciation"},{"start_time":"20.87","end_time":"21.14","alternatives":[{"confidence":"0.9993","content":"께서"}],"type":"pronunciation"},{"start_time":"21.14","end_time":"21.52","alternatives":[{"confidence":"0.9454","content":"이자"}],"type":"pronunciation"},{"start_time":"21.52","end_time":"22.16","alternatives":[{"confidence":"0.83675","content":"원금만"}],"type":"pronunciation"},{"start_time":"22.16","end_time":"22.89","alternatives":[{"confidence":"0.9864999999999999","content":"납부하시는"}],"type":"pronunciation"},{"start_time":"22.89","end_time":"23.34","alternatives":[{"confidence":"0.5849","content":"것은"}],"type":"pronunciation"},{"start_time":"23.76","end_time":"24.06","alternatives":[{"confidence":"0.993","content":"아무"}],"type":"pronunciation"},{"start_time":"24.06","end_time":"24.49","alternatives":[{"confidence":"1.0","content":"의미가"}],"type":"pronunciation"},{"start_time":"24.49","end_time":"24.78","alternatives":[{"confidence":"0.9305","content":"없는"}],"type":"pronunciation"},{"start_time":"24.78","end_time":"24.97","alternatives":[{"confidence":"0.8537","content":"거예요"}],"type":"pronunciation"},{"alternatives":[{"confidence":"0.0","content":"."}],"type":"punctuation"},{"start_time":"24.97","end_time":"25.15","alternatives":[{"confidence":"0.802","content":"지금"}],"type":"pronunciation"},{"start_time":"25.62","end_time":"26.01","alternatives":[{"confidence":"0.9129","content":"초과가"}],"type":"pronunciation"},{"start_time":"26.01","end_time":"26.42","alternatives":[{"confidence":"0.9982500000000001","content":"되셨기"}],"type":"pronunciation"},{"start_time":"26.42","end_time":"27.19","alternatives":[{"confidence":"0.9959","content":"때문에"}],"type":"pronunciation"},{"start_time":"27.32","end_time":"28.08","alternatives":[{"confidence":"0.6796","content":"고액께서"}],"type":"pronunciation"},{"start_time":"28.24","end_time":"28.85","alternatives":[{"confidence":"0.5152","content":"그전에"}],"type":"pronunciation"},{"start_time":"28.85","end_time":"29.29","alternatives":[{"confidence":"0.9111","content":"기존에"}],"type":"pronunciation"},{"start_time":"29.29","end_time":"29.72","alternatives":[{"confidence":"1.0","content":"대출을"}],"type":"pronunciation"},{"start_time":"29.72","end_time":"30.6","alternatives":[{"confidence":"0.8752","content":"받으셨다가"}],"type":"pronunciation"},{"start_time":"30.83","end_time":"31.95","alternatives":[{"confidence":"0.9237500000000001","content":"만납하신거는"}],"type":"pronunciation"},{"start_time":"31.95","end_time":"32.21","alternatives":[{"confidence":"0.8964","content":"저희"}],"type":"pronunciation"},{"start_time":"32.21","end_time":"32.85","alternatives":[{"confidence":"0.8557","content":"전선에는"}],"type":"pronunciation"},{"start_time":"32.85","end_time":"33.02","alternatives":[{"confidence":"0.8969","content":"육"}],"type":"pronunciation"},{"start_time":"33.02","end_time":"33.38","alternatives":[{"confidence":"0.99985","content":"개월도"}],"type":"pronunciation"},{"start_time":"33.38","end_time":"33.57","alternatives":[{"confidence":"0.9995","content":"채"}],"type":"pronunciation"},{"start_time":"33.57","end_time":"33.74","alternatives":[{"confidence":"0.9328","content":"안"}],"type":"pronunciation"},{"start_time":"33.74","end_time":"35.05","alternatives":[{"confidence":"0.7854","content":"남아있으세요"}],"type":"pronunciation"},{"alternatives":[{"confidence":"0.0","content":"."}],"type":"punctuation"},{"start_time":"35.11","end_time":"35.46","alternatives":[{"confidence":"0.9429","content":"그렇기"}],"type":"pronunciation"},{"start_time":"35.46","end_time":"35.92","alternatives":[{"confidence":"0.991","content":"때문에"}],"type":"pronunciation"},{"start_time":"36.11","end_time":"36.57","alternatives":[{"confidence":"0.30595","content":"고향께서"}],"type":"pronunciation"},{"alternatives":[{"confidence":"0.0","content":"."}],"type":"punctuation"},{"start_time":"36.58","end_time":"36.77","alternatives":[{"confidence":"0.9982","content":"그래서"}],"type":"pronunciation"},{"start_time":"36.77","end_time":"37.13","alternatives":[{"confidence":"0.9978","content":"지금"}],"type":"pronunciation"},{"start_time":"37.14","end_time":"37.85","alternatives":[{"confidence":"1.0","content":"중간에"}],"type":"pronunciation"},{"start_time":"37.86","end_time":"38.17","alternatives":[{"confidence":"0.8269","content":"지금"}],"type":"pronunciation"},{"start_time":"38.17","end_time":"38.41","alternatives":[{"confidence":"0.1471","content":"만약에"}],"type":"pronunciation"},{"start_time":"39.05","end_time":"40.24","alternatives":[{"confidence":"0.5466599999999999","content":"피털이천칠백만원"}],"type":"pronunciation"},{"start_time":"40.24","end_time":"41.09","alternatives":[{"confidence":"0.8756666666666666","content":"받으신거랑"}],"type":"pronunciation"},{"start_time":"41.36","end_time":"42.3","alternatives":[{"confidence":"0.35083333333333333","content":"롯데캐피탈해서"}],"type":"pronunciation"},{"start_time":"42.3","end_time":"42.48","alternatives":[{"confidence":"0.9886","content":"지금"}],"type":"pronunciation"},{"start_time":"42.48","end_time":"43.05","alternatives":[{"confidence":"0.9298500000000001","content":"사천만원"}],"type":"pronunciation"},{"start_time":"43.05","end_time":"43.36","alternatives":[{"confidence":"0.9991","content":"대출을"}],"type":"pronunciation"},{"start_time":"43.36","end_time":"43.79","alternatives":[{"confidence":"0.9778","content":"받으신"}],"type":"pronunciation"},{"start_time":"43.79","end_time":"44.15","alternatives":[{"confidence":"0.8655","content":"거"}],"type":"pronunciation"},{"start_time":"44.36","end_time":"44.6","alternatives":[{"confidence":"0.9873","content":"이거"}],"type":"pronunciation"},{"start_time":"44.6","end_time":"44.87","alternatives":[{"confidence":"0.9954","content":"지금"}],"type":"pronunciation"},{"start_time":"44.87","end_time":"45.35","alternatives":[{"confidence":"0.9045","content":"완납을"}],"type":"pronunciation"},{"start_time":"45.35","end_time":"46.13","alternatives":[{"confidence":"0.8517666666666667","content":"못해주시잖아요"}],"type":"pronunciation"},{"start_time":"46.14","end_time":"46.33","alternatives":[{"confidence":"0.983","content":"둘"}],"type":"pronunciation"},{"start_time":"46.33","end_time":"46.55","alternatives":[{"confidence":"0.9525","content":"중에"}],"type":"pronunciation"},{"start_time":"46.55","end_time":"46.86","alternatives":[{"confidence":"0.9998","content":"하나를"}],"type":"pronunciation"},{"start_time":"46.86","end_time":"47.32","alternatives":[{"confidence":"0.9571333333333333","content":"완납을"}],"type":"pronunciation"},{"start_time":"47.32","end_time":"47.78","alternatives":[{"confidence":"0.8411500000000001","content":"해주셔야"}],"type":"pronunciation"},{"start_time":"47.78","end_time":"48.05","alternatives":[{"confidence":"0.8685","content":"저희"}],"type":"pronunciation"},{"start_time":"48.05","end_time":"48.35","alternatives":[{"confidence":"1.0","content":"쪽에서"}],"type":"pronunciation"},{"start_time":"48.35","end_time":"48.72","alternatives":[{"confidence":"0.9749","content":"대출이"}],"type":"pronunciation"},{"start_time":"48.72","end_time":"49.11","alternatives":[{"confidence":"0.984","content":"발생이"}],"type":"pronunciation"},{"start_time":"49.11","end_time":"49.26","alternatives":[{"confidence":"0.9563","content":"될"}],"type":"pronunciation"},{"start_time":"49.26","end_time":"49.39","alternatives":[{"confidence":"0.9813","content":"것"}],"type":"pronunciation"},{"start_time":"49.39","end_time":"50.68","alternatives":[{"confidence":"1.0","content":"같으세요"}],"type":"pronunciation"},{"alternatives":[{"confidence":"0.0","content":"?"}],"type":"punctuation"},{"start_time":"51.3","end_time":"51.61","alternatives":[{"confidence":"0.9174","content":"근데"}],"type":"pronunciation"},{"start_time":"51.64","end_time":"51.91","alternatives":[{"confidence":"0.9927","content":"지금"}],"type":"pronunciation"},{"start_time":"51.91","end_time":"52.09","alternatives":[{"confidence":"0.9503","content":"그"}],"type":"pronunciation"},{"start_time":"52.09","end_time":"52.47","alternatives":[{"confidence":"1.0","content":"부분이"}],"type":"pronunciation"},{"start_time":"52.47","end_time":"53.4","alternatives":[{"confidence":"0.9958","content":"어려우시잖아요"}],"type":"pronunciation"},{"start_time":"55.91","end_time":"56.0","alternatives":[{"confidence":"0.2763","content":"이"}],"type":"pronunciation"},{"start_time":"56.0","end_time":"56.41","alternatives":[{"confidence":"1.0","content":"어렵기"}],"type":"pronunciation"},{"start_time":"56.41","end_time":"56.8","alternatives":[{"confidence":"1.0","content":"때문에"}],"type":"pronunciation"},{"start_time":"56.83","end_time":"57.45","alternatives":[{"confidence":"1.0","content":"저희가"}],"type":"pronunciation"},{"start_time":"58.42","end_time":"58.82","alternatives":[{"confidence":"0.9726","content":"당일"}],"type":"pronunciation"},{"start_time":"58.82","end_time":"59.15","alternatives":[{"confidence":"0.6313500000000001","content":"만기"}],"type":"pronunciation"},{"start_time":"59.15","end_time":"59.96","alternatives":[{"confidence":"0.62395","content":"상한제도라는"}],"type":"pronunciation"},{"start_time":"59.96","end_time":"60.21","alternatives":[{"confidence":"0.6707","content":"것을"}],"type":"pronunciation"},{"start_time":"60.21","end_time":"60.68","alternatives":[{"confidence":"1.0","content":"말씀을"}],"type":"pronunciation"},{"start_time":"60.68","end_time":"61.05","alternatives":[{"confidence":"0.907","content":"드리는"}],"type":"pronunciation"},{"start_time":"61.05","end_time":"61.32","alternatives":[{"confidence":"0.899","content":"거예요"}],"type":"pronunciation"},{"alternatives":[{"confidence":"0.0","content":"."}],"type":"punctuation"},{"start_time":"61.35","end_time":"61.68","alternatives":[{"confidence":"0.8817","content":"당일"}],"type":"pronunciation"},{"start_time":"61.68","end_time":"62.52","alternatives":[{"confidence":"0.90045","content":"만기상환제도가"}],"type":"pronunciation"},{"start_time":"62.52","end_time":"63.47","alternatives":[{"confidence":"0.7184333333333334","content":"무엇이냐면요"}],"type":"pronunciation"},{"start_time":"63.68","end_time":"63.92","alternatives":[{"confidence":"0.9997","content":"그냥"}],"type":"pronunciation"},{"start_time":"63.93","end_time":"64.68","alternatives":[{"confidence":"1.0","content":"간단하게"}],"type":"pronunciation"},{"start_time":"64.88","end_time":"65.44","alternatives":[{"confidence":"0.5623666666666667","content":"고행께서"}],"type":"pronunciation"},{"start_time":"65.44","end_time":"66.04","alternatives":[{"confidence":"0.30195","content":"비행K"}],"type":"pronunciation"},{"start_time":"66.52","end_time":"66.85","alternatives":[{"confidence":"0.8516","content":"에서"}],"type":"pronunciation"},{"start_time":"66.85","end_time":"67.57","alternatives":[{"confidence":"0.5871","content":"대출이처럼"}],"type":"pronunciation"},{"start_time":"67.57","end_time":"68.11","alternatives":[{"confidence":"0.90375","content":"칠백만원"}],"type":"pronunciation"},{"start_time":"68.11","end_time":"68.55","alternatives":[{"confidence":"0.9994000000000001","content":"받으신"}],"type":"pronunciation"},{"start_time":"68.55","end_time":"68.67","alternatives":[{"confidence":"1.0","content":"것"}],"type":"pronunciation"},{"start_time":"68.67","end_time":"69.35","alternatives":[{"confidence":"0.999","content":"같이"}],"type":"pronunciation"},{"start_time":"69.5","end_time":"69.77","alternatives":[{"confidence":"0.512","content":"쉽게"}],"type":"pronunciation"},{"start_time":"69.77","end_time":"70.43","alternatives":[{"confidence":"0.9674","content":"말씀드리면"}],"type":"pronunciation"},{"start_time":"70.43","end_time":"71.41","alternatives":[{"confidence":"0.9139666666666667","content":"하나카드에서"}],"type":"pronunciation"},{"start_time":"71.41","end_time":"72.14","alternatives":[{"confidence":"0.8800666666666667","content":"카드론으로"}],"type":"pronunciation"},{"start_time":"72.14","end_time":"72.32","alternatives":[{"confidence":"0.9946","content":"해서"}],"type":"pronunciation"},{"start_time":"72.32","end_time":"72.72","alternatives":[{"confidence":"0.5273","content":"백만"}],"type":"pronunciation"},{"start_time":"72.72","end_time":"72.82","alternatives":[{"confidence":"0.5216","content":"원이"}],"type":"pronunciation"},{"start_time":"72.82","end_time":"73.07","alternatives":[{"confidence":"0.8125","content":"됐던"}],"type":"pronunciation"},{"start_time":"73.07","end_time":"73.65","alternatives":[{"confidence":"0.79365","content":"이백만원을"}],"type":"pronunciation"},{"start_time":"73.68","end_time":"74.1","alternatives":[{"confidence":"0.52035","content":"삼백만"}],"type":"pronunciation"},{"start_time":"74.34","end_time":"74.78","alternatives":[{"confidence":"0.9991","content":"대출을"}],"type":"pronunciation"},{"start_time":"75.01","end_time":"75.34","alternatives":[{"confidence":"0.9185","content":"오늘"}],"type":"pronunciation"},{"start_time":"75.34","end_time":"75.91","alternatives":[{"confidence":"0.9813000000000001","content":"받으시는"}],"type":"pronunciation"},{"start_time":"75.91","end_time":"76.13","alternatives":[{"confidence":"0.5695","content":"거예요"}],"type":"pronunciation"},{"alternatives":[{"confidence":"0.0","content":"."}],"type":"punctuation"},{"start_time":"76.14","end_time":"76.97","alternatives":[{"confidence":"0.8764000000000001","content":"당사에"}],"type":"pronunciation"},{"start_time":"77.12","end_time":"77.41","alternatives":[{"confidence":"0.958","content":"그러면"}],"type":"pronunciation"},{"start_time":"77.41","end_time":"77.87","alternatives":[{"confidence":"0.6102999999999998","content":"고향께서"}],"type":"pronunciation"},{"start_time":"77.87","end_time":"78.24","alternatives":[{"confidence":"0.9838","content":"대출을"}],"type":"pronunciation"},{"start_time":"78.24","end_time":"78.68","alternatives":[{"confidence":"0.988","content":"받으신"}],"type":"pronunciation"},{"start_time":"78.68","end_time":"79.09","alternatives":[{"confidence":"0.3503","content":"거를"}],"type":"pronunciation"},{"start_time":"79.38","end_time":"79.97","alternatives":[{"confidence":"0.6387333333333334","content":"고행께서"}],"type":"pronunciation"},{"start_time":"79.97","end_time":"80.34","alternatives":[{"confidence":"0.9906","content":"오늘"}],"type":"pronunciation"},{"start_time":"80.34","end_time":"80.71","alternatives":[{"confidence":"0.6512","content":"저녁"}],"type":"pronunciation"},{"start_time":"80.71","end_time":"81.03","alternatives":[{"confidence":"0.9999","content":"아니면"}],"type":"pronunciation"},{"start_time":"81.03","end_time":"81.3","alternatives":[{"confidence":"0.9997","content":"내일"}],"type":"pronunciation"},{"start_time":"81.3","end_time":"81.71","alternatives":[{"confidence":"1.0","content":"오전에"}],"type":"pronunciation"},{"start_time":"81.71","end_time":"82.35","alternatives":[{"confidence":"0.64525","content":"하나카드의"}],"type":"pronunciation"},{"start_time":"82.38","end_time":"82.68","alternatives":[{"confidence":"0.986","content":"직접"}],"type":"pronunciation"},{"start_time":"82.68","end_time":"83.63","alternatives":[{"confidence":"0.9783999999999999","content":"전화하셔서"}],"type":"pronunciation"},{"start_time":"83.92","end_time":"84.51","alternatives":[{"confidence":"0.97345","content":"백만원에도"}],"type":"pronunciation"},{"start_time":"84.51","end_time":"85.36","alternatives":[{"confidence":"0.6410333333333333","content":"이백만삼백만원"}],"type":"pronunciation"},{"start_time":"85.39","end_time":"85.92","alternatives":[{"confidence":"0.9949","content":"대출금을"}],"type":"pronunciation"},{"start_time":"86.16","end_time":"86.32","alternatives":[{"confidence":"0.2557","content":"해서"}],"type":"pronunciation"},{"start_time":"86.35","end_time":"86.72","alternatives":[{"confidence":"0.9632","content":"직접"}],"type":"pronunciation"},{"start_time":"86.73","end_time":"87.3","alternatives":[{"confidence":"0.8997","content":"갚으시는"}],"type":"pronunciation"},{"start_time":"87.3","end_time":"87.69","alternatives":[{"confidence":"0.7093","content":"거예요"}],"type":"pronunciation"},{"alternatives":[{"confidence":"0.0","content":"."}],"type":"punctuation"},{"start_time":"88.56","end_time":"88.94","alternatives":[{"confidence":"1.0","content":"저희는"}],"type":"pronunciation"},{"start_time":"88.94","end_time":"89.13","alternatives":[{"confidence":"0.8765","content":"일"}],"type":"pronunciation"},{"start_time":"89.13","end_time":"89.83","alternatives":[{"confidence":"0.9996499999999999","content":"금융권이고"}],"type":"pronunciation"},{"start_time":"89.83","end_time":"90.51","alternatives":[{"confidence":"0.927","content":"하나카드는"}],"type":"pronunciation"},{"start_time":"90.51","end_time":"90.71","alternatives":[{"confidence":"0.8175","content":"이"}],"type":"pronunciation"},{"start_time":"90.71","end_time":"91.36","alternatives":[{"confidence":"0.9923","content":"금융권이기"}],"type":"pronunciation"},{"start_time":"91.36","end_time":"91.99","alternatives":[{"confidence":"0.9994","content":"때문에"}],"type":"pronunciation"},{"start_time":"92.36","end_time":"92.72","alternatives":[{"confidence":"1.0","content":"저희가"}],"type":"pronunciation"},{"start_time":"92.72","end_time":"93.37","alternatives":[{"confidence":"0.9276500000000001","content":"하나카드의"}],"type":"pronunciation"},{"start_time":"93.37","end_time":"93.55","alternatives":[{"confidence":"0.3189","content":"고"}],"type":"pronunciation"},{"start_time":"93.55","end_time":"94.11","alternatives":[{"confidence":"0.173","content":"님한테"}],"type":"pronunciation"},{"start_time":"94.5","end_time":"94.96","alternatives":[{"confidence":"0.67565","content":"기업부"}],"type":"pronunciation"},{"start_time":"94.96","end_time":"95.8","alternatives":[{"confidence":"0.9967666666666667","content":"납부증명서를"}],"type":"pronunciation"},{"start_time":"95.8","end_time":"96.23","alternatives":[{"confidence":"0.9694","content":"요청을"}],"type":"pronunciation"},{"start_time":"96.23","end_time":"96.38","alternatives":[{"confidence":"0.9535","content":"할"}],"type":"pronunciation"},{"start_time":"96.39","end_time":"96.99","alternatives":[{"confidence":"0.9858","content":"거예요"}],"type":"pronunciation"},{"alternatives":[{"confidence":"0.0","content":"."}],"type":"punctuation"},{"start_time":"97.39","end_time":"97.99","alternatives":[{"confidence":"0.701","content":"하루만에"}],"type":"pronunciation"},{"start_time":"98.02","end_time":"98.38","alternatives":[{"confidence":"0.9998","content":"대출을"}],"type":"pronunciation"},{"start_time":"98.38","end_time":"98.66","alternatives":[{"confidence":"0.8907499999999999","content":"갚은"}],"type":"pronunciation"},{"start_time":"98.66","end_time":"99.18","alternatives":[{"confidence":"0.9998","content":"거지만"}],"type":"pronunciation"},{"start_time":"99.45","end_time":"99.76","alternatives":[{"confidence":"0.9999","content":"저희는"}],"type":"pronunciation"},{"start_time":"99.76","end_time":"100.26","alternatives":[{"confidence":"0.8889","content":"하나카드"}],"type":"pronunciation"},{"start_time":"100.26","end_time":"100.67","alternatives":[{"confidence":"0.9447","content":"한테"}],"type":"pronunciation"},{"start_time":"100.7","end_time":"101.2","alternatives":[{"confidence":"0.9685","content":"삼십육"}],"type":"pronunciation"},{"start_time":"101.2","end_time":"101.42","alternatives":[{"confidence":"0.5783","content":"개월"}],"type":"pronunciation"},{"start_time":"101.42","end_time":"101.73","alternatives":[{"confidence":"0.8607","content":"동안"}],"type":"pronunciation"},{"start_time":"102.15","end_time":"102.39","alternatives":[{"confidence":"0.631","content":"이자"}],"type":"pronunciation"},{"start_time":"102.39","end_time":"102.89","alternatives":[{"confidence":"0.7241","content":"원금잘"}],"type":"pronunciation"},{"start_time":"102.89","end_time":"103.29","alternatives":[{"confidence":"0.94055","content":"납부한"}],"type":"pronunciation"},{"start_time":"103.29","end_time":"103.85","alternatives":[{"confidence":"0.9438","content":"것처럼"}],"type":"pronunciation"},{"start_time":"104.18","end_time":"104.69","alternatives":[{"confidence":"0.9997","content":"공문을"}],"type":"pronunciation"},{"start_time":"104.69","end_time":"105.1","alternatives":[{"confidence":"0.9368","content":"요청을"}],"type":"pronunciation"},{"start_time":"105.1","end_time":"105.53","alternatives":[{"confidence":"0.9931","content":"해서"}],"type":"pronunciation"},{"start_time":"105.71","end_time":"105.94","alternatives":[{"confidence":"0.6716","content":"그"}],"type":"pronunciation"},{"start_time":"105.97","end_time":"106.65","alternatives":[{"confidence":"0.88925","content":"공문이"}],"type":"pronunciation"},{"start_time":"106.68","end_time":"107.15","alternatives":[{"confidence":"0.64115","content":"천부가"}],"type":"pronunciation"},{"start_time":"107.15","end_time":"107.64","alternatives":[{"confidence":"0.9825","content":"되면"}],"type":"pronunciation"},{"start_time":"107.93","end_time":"108.12","alternatives":[{"confidence":"0.9498","content":"제가"}],"type":"pronunciation"},{"start_time":"108.23","end_time":"108.59","alternatives":[{"confidence":"0.2584","content":"님한테"}],"type":"pronunciation"},{"start_time":"108.59","end_time":"109.09","alternatives":[{"confidence":"0.6387","content":"팔천만"}],"type":"pronunciation"},{"start_time":"109.72","end_time":"110.0","alternatives":[{"confidence":"0.0435","content":"사업"}],"type":"pronunciation"},{"start_time":"110.12","end_time":"110.49","alternatives":[{"confidence":"0.4954","content":"으로"}],"type":"pronunciation"},{"start_time":"110.71","end_time":"111.15","alternatives":[{"confidence":"0.8363","content":"조건부"}],"type":"pronunciation"},{"start_time":"112.13","end_time":"112.59","alternatives":[{"confidence":"0.8464499999999999","content":"승인으로"}],"type":"pronunciation"},{"start_time":"112.59","end_time":"112.74","alternatives":[{"confidence":"0.4621","content":"제가"}],"type":"pronunciation"},{"start_time":"112.74","end_time":"113.02","alternatives":[{"confidence":"0.6713","content":"바꿔"}],"type":"pronunciation"},{"start_time":"113.02","end_time":"113.46","alternatives":[{"confidence":"0.9352","content":"드린다는"}],"type":"pronunciation"},{"start_time":"113.46","end_time":"113.82","alternatives":[{"confidence":"0.5225","content":"말씀을"}],"type":"pronunciation"},{"start_time":"117.0","end_time":"117.19","alternatives":[{"confidence":"0.0481","content":"내가"}],"type":"pronunciation"},{"start_time":"117.19","end_time":"117.37","alternatives":[{"confidence":"0.0366","content":"지금"}],"type":"pronunciation"},{"start_time":"118.41","end_time":"118.84","alternatives":[{"confidence":"0.9986","content":"아니죠"}],"type":"pronunciation"},{"alternatives":[{"confidence":"0.0","content":"."}],"type":"punctuation"},{"start_time":"118.84","end_time":"119.05","alternatives":[{"confidence":"0.9234","content":"아니죠"}],"type":"pronunciation"},{"alternatives":[{"confidence":"0.0","content":"."}],"type":"punctuation"},{"start_time":"119.19","end_time":"119.46","alternatives":[{"confidence":"0.1705","content":"왜냐하면"}],"type":"pronunciation"},{"start_time":"119.67","end_time":"119.85","alternatives":[{"confidence":"0.139","content":"께서"}],"type":"pronunciation"},{"start_time":"119.85","end_time":"120.1","alternatives":[{"confidence":"0.7081","content":"오늘"}],"type":"pronunciation"},{"start_time":"120.1","end_time":"120.55","alternatives":[{"confidence":"0.50515","content":"받으셨다"}],"type":"pronunciation"},{"start_time":"120.55","end_time":"121.77","alternatives":[{"confidence":"0.039433333333333334","content":"갚으셨잖아요"}],"type":"pronunciation"},{"start_time":"122.1","end_time":"122.41","alternatives":[{"confidence":"0.4817","content":"등급"}],"type":"pronunciation"},{"start_time":"122.48","end_time":"123.27","alternatives":[{"confidence":"0.9738000000000001","content":"상향되시는"}],"type":"pronunciation"},{"start_time":"123.27","end_time":"123.54","alternatives":[{"confidence":"0.9602","content":"거예요"}],"type":"pronunciation"},{"alternatives":[{"confidence":"0.0","content":"."}],"type":"punctuation"},{"start_time":"123.57","end_time":"123.98","alternatives":[{"confidence":"0.9999","content":"그리고"}],"type":"pronunciation"},{"start_time":"124.13","end_time":"124.3","alternatives":[{"confidence":"0.9995","content":"또"}],"type":"pronunciation"},{"start_time":"124.3","end_time":"124.59","alternatives":[{"confidence":"0.8571","content":"저희"}],"type":"pronunciation"},{"start_time":"124.59","end_time":"125.0","alternatives":[{"confidence":"0.9984","content":"쪽에서도"}],"type":"pronunciation"},{"start_time":"125.0","end_time":"125.4","alternatives":[{"confidence":"0.5354","content":"등급을"}],"type":"pronunciation"},{"start_time":"125.56","end_time":"126.01","alternatives":[{"confidence":"0.99785","content":"상향을"}],"type":"pronunciation"},{"start_time":"126.01","end_time":"126.68","alternatives":[{"confidence":"0.96585","content":"시켜드리고"}],"type":"pronunciation"},{"alternatives":[{"confidence":"0.0","content":"."}],"type":"punctuation"},{"start_time":"127.2","end_time":"127.91","alternatives":[{"confidence":"0.888","content":"왜냐면"}],"type":"pronunciation"},{"start_time":"128.22","end_time":"128.34","alternatives":[{"confidence":"0.3979","content":"에서"}],"type":"pronunciation"},{"start_time":"128.34","end_time":"128.76","alternatives":[{"confidence":"0.992","content":"납부를"}],"type":"pronunciation"},{"start_time":"128.76","end_time":"129.23","alternatives":[{"confidence":"0.886","content":"해주시는"}],"type":"pronunciation"},{"start_time":"129.23","end_time":"129.32","alternatives":[{"confidence":"0.7729","content":"게"}],"type":"pronunciation"},{"start_time":"129.32","end_time":"129.51","alternatives":[{"confidence":"0.9751","content":"지금"}],"type":"pronunciation"},{"start_time":"129.51","end_time":"129.85","alternatives":[{"confidence":"1.0","content":"하나도"}],"type":"pronunciation"},{"start_time":"129.85","end_time":"130.55","alternatives":[{"confidence":"0.9981","content":"없는데"}],"type":"pronunciation"},{"start_time":"130.7","end_time":"130.91","alternatives":[{"confidence":"0.928","content":"우리가"}],"type":"pronunciation"},{"start_time":"130.91","end_time":"131.79","alternatives":[{"confidence":"0.6393","content":"고객님전사를"}],"type":"pronunciation"},{"start_time":"131.94","end_time":"132.26","alternatives":[{"confidence":"0.1772","content":"무대로"}],"type":"pronunciation"},{"start_time":"132.26","end_time":"132.63","alternatives":[{"confidence":"0.66055","content":"만질"}],"type":"pronunciation"},{"start_time":"132.63","end_time":"132.88","alternatives":[{"confidence":"0.9995","content":"수가"}],"type":"pronunciation"},{"start_time":"132.88","end_time":"133.38","alternatives":[{"confidence":"1.0","content":"없거든요"}],"type":"pronunciation"},{"alternatives":[{"confidence":"0.0","content":"."}],"type":"punctuation"},{"start_time":"136.65","end_time":"137.04","alternatives":[{"confidence":"0.804","content":"하나만"}],"type":"pronunciation"},{"start_time":"137.9","end_time":"138.16","alternatives":[{"confidence":"0.7145","content":"나오는"}],"type":"pronunciation"},{"start_time":"138.16","end_time":"138.45","alternatives":[{"confidence":"0.9049","content":"거죠"}],"type":"pronunciation"},{"alternatives":[{"confidence":"0.0","content":"."}],"type":"punctuation"},{"start_time":"138.68","end_time":"138.92","alternatives":[{"confidence":"0.8445","content":"예"}],"type":"pronunciation"},{"alternatives":[{"confidence":"0.0","content":","}],"type":"punctuation"},{"start_time":"138.92","end_time":"139.48","alternatives":[{"confidence":"0.9954000000000001","content":"그러시죠"}],"type":"pronunciation"},{"alternatives":[{"confidence":"0.0","content":"."}],"type":"punctuation"},{"start_time":"143.15","end_time":"143.28","alternatives":[{"confidence":"0.0374","content":"네"}],"type":"pronunciation"},{"alternatives":[{"confidence":"0.0","content":"."}],"type":"punctuation"},{"start_time":"143.28","end_time":"143.83","alternatives":[{"confidence":"0.9934000000000001","content":"그러시죠"}],"type":"pronunciation"},{"alternatives":[{"confidence":"0.0","content":"."}],"type":"punctuation"},{"start_time":"144.25","end_time":"144.5","alternatives":[{"confidence":"0.0778","content":"근데"}],"type":"pronunciation"},{"start_time":"145.63","end_time":"145.9","alternatives":[{"confidence":"0.0232","content":"만약에"}],"type":"pronunciation"},{"start_time":"146.16","end_time":"146.28","alternatives":[{"confidence":"0.7478","content":"에서"}],"type":"pronunciation"},{"start_time":"146.28","end_time":"147.12","alternatives":[{"confidence":"0.5335","content":"이천칠백만원을"}],"type":"pronunciation"},{"start_time":"147.12","end_time":"147.61","alternatives":[{"confidence":"0.33166666666666667","content":"갚으신다"}],"type":"pronunciation"},{"start_time":"147.61","end_time":"148.05","alternatives":[{"confidence":"0.9741","content":"가정을"}],"type":"pronunciation"},{"start_time":"148.05","end_time":"148.82","alternatives":[{"confidence":"0.9994","content":"하시면"}],"type":"pronunciation"},{"start_time":"149.57","end_time":"150.02","alternatives":[{"confidence":"0.1604","content":"께서"}],"type":"pronunciation"},{"start_time":"150.26","end_time":"152.92","alternatives":[{"confidence":"0.14275","content":"고객센터에"}],"type":"pronunciation"},{"start_time":"152.95","end_time":"153.33","alternatives":[{"confidence":"0.9968","content":"전화를"}],"type":"pronunciation"},{"start_time":"153.33","end_time":"153.87","alternatives":[{"confidence":"0.9998","content":"하시면"}],"type":"pronunciation"},{"start_time":"154.13","end_time":"154.52","alternatives":[{"confidence":"1.0","content":"저희가"}],"type":"pronunciation"},{"start_time":"154.52","end_time":"154.92","alternatives":[{"confidence":"0.9988","content":"필요한"}],"type":"pronunciation"},{"start_time":"154.92","end_time":"155.44","alternatives":[{"confidence":"0.9688","content":"곡물을"}],"type":"pronunciation"},{"start_time":"155.44","end_time":"155.85","alternatives":[{"confidence":"0.7623","content":"요청을"}],"type":"pronunciation"},{"start_time":"155.85","end_time":"156.02","alternatives":[{"confidence":"0.8557","content":"못"}],"type":"pronunciation"},{"start_time":"156.03","end_time":"156.78","alternatives":[{"confidence":"0.9899","content":"받아요"}],"type":"pronunciation"},{"alternatives":[{"confidence":"0.0","content":"."}],"type":"punctuation"},{"start_time":"156.84","end_time":"157.16","alternatives":[{"confidence":"0.0366","content":"그러니까"}],"type":"pronunciation"},{"start_time":"157.58","end_time":"158.01","alternatives":[{"confidence":"1.0","content":"저희가"}],"type":"pronunciation"},{"start_time":"158.01","end_time":"158.31","alternatives":[{"confidence":"0.8361","content":"먼저"}],"type":"pronunciation"},{"start_time":"159.35","end_time":"159.4","alternatives":[{"confidence":"0.379","content":"의"}],"type":"pronunciation"},{"start_time":"159.4","end_time":"159.77","alternatives":[{"confidence":"0.4227","content":"공무"}],"type":"pronunciation"},{"start_time":"159.91","end_time":"160.24","alternatives":[{"confidence":"0.9727","content":"요청을"}],"type":"pronunciation"},{"start_time":"160.24","end_time":"160.38","alternatives":[{"confidence":"0.9804","content":"할"}],"type":"pronunciation"},{"start_time":"160.38","end_time":"161.2","alternatives":[{"confidence":"0.9968","content":"거예요"}],"type":"pronunciation"},{"alternatives":[{"confidence":"0.0","content":"."}],"type":"punctuation"},{"start_time":"161.48","end_time":"162.2","alternatives":[{"confidence":"0.9260999999999999","content":"고갱께서"}],"type":"pronunciation"},{"start_time":"162.2","end_time":"162.48","alternatives":[{"confidence":"0.7018","content":"이런"}],"type":"pronunciation"},{"start_time":"162.48","end_time":"162.82","alternatives":[{"confidence":"0.7018","content":"식으로"}],"type":"pronunciation"},{"start_time":"162.82","end_time":"163.07","alternatives":[{"confidence":"0.9978","content":"해서"}],"type":"pronunciation"},{"start_time":"163.1","end_time":"163.49","alternatives":[{"confidence":"0.9013","content":"상환을"}],"type":"pronunciation"},{"start_time":"163.49","end_time":"163.83","alternatives":[{"confidence":"0.7241","content":"해주실"}],"type":"pronunciation"},{"start_time":"163.83","end_time":"164.46","alternatives":[{"confidence":"1.0","content":"거니까"}],"type":"pronunciation"},{"start_time":"164.74","end_time":"165.19","alternatives":[{"confidence":"0.1564","content":"비행K"}],"type":"pronunciation"},{"start_time":"165.19","end_time":"166.41","alternatives":[{"confidence":"0.4995","content":"캐피탈측에서는"}],"type":"pronunciation"},{"start_time":"166.41","end_time":"167.02","alternatives":[{"confidence":"1.0","content":"우리한테"}],"type":"pronunciation"},{"start_time":"167.02","end_time":"167.29","alternatives":[{"confidence":"0.9717","content":"이런"}],"type":"pronunciation"},{"start_time":"167.32","end_time":"167.82","alternatives":[{"confidence":"1.0","content":"공문을"}],"type":"pronunciation"},{"start_time":"167.82","end_time":"168.25","alternatives":[{"confidence":"0.9055","content":"줘라"}],"type":"pronunciation"},{"alternatives":[{"confidence":"0.0","content":"."}],"type":"punctuation"},{"start_time":"168.61","end_time":"168.89","alternatives":[{"confidence":"0.9864","content":"저희는"}],"type":"pronunciation"},{"start_time":"168.89","end_time":"169.03","alternatives":[{"confidence":"0.9693","content":"그"}],"type":"pronunciation"},{"start_time":"169.03","end_time":"169.52","alternatives":[{"confidence":"0.9997","content":"공문을"}],"type":"pronunciation"},{"start_time":"169.52","end_time":"169.96","alternatives":[{"confidence":"0.9473","content":"요청을"}],"type":"pronunciation"},{"start_time":"169.96","end_time":"170.1","alternatives":[{"confidence":"0.958","content":"한"}],"type":"pronunciation"},{"start_time":"170.1","end_time":"170.45","alternatives":[{"confidence":"0.9999","content":"다음에"}],"type":"pronunciation"},{"start_time":"170.45","end_time":"170.58","alternatives":[{"confidence":"0.4724","content":"그"}],"type":"pronunciation"},{"start_time":"170.58","end_time":"171.05","alternatives":[{"confidence":"0.2843","content":"님한테"}],"type":"pronunciation"},{"start_time":"171.29","end_time":"171.74","alternatives":[{"confidence":"0.9942","content":"납부를"}],"type":"pronunciation"},{"start_time":"171.74","end_time":"172.28","alternatives":[{"confidence":"0.98105","content":"해주시라고"}],"type":"pronunciation"},{"start_time":"172.28","end_time":"172.46","alternatives":[{"confidence":"0.4164","content":"그림"}],"type":"pronunciation"},{"start_time":"172.46","end_time":"172.66","alternatives":[{"confidence":"0.7552","content":"한테"}],"type":"pronunciation"},{"start_time":"172.66","end_time":"173.04","alternatives":[{"confidence":"0.9904","content":"요청을"}],"type":"pronunciation"},{"start_time":"174.31","end_time":"174.87","alternatives":[{"confidence":"0.0935","content":"BNK"}],"type":"pronunciation"},{"start_time":"174.87","end_time":"175.63","alternatives":[{"confidence":"0.5280500000000001","content":"캐피탈어떻게"}],"type":"pronunciation"},{"start_time":"175.63","end_time":"176.0","alternatives":[{"confidence":"0.9975","content":"정리를"}],"type":"pronunciation"},{"start_time":"176.0","end_time":"176.48","alternatives":[{"confidence":"0.89085","content":"하시겠어요"}],"type":"pronunciation"},{"alternatives":[{"confidence":"0.0","content":"?"}],"type":"punctuation"},{"start_time":"178.89","end_time":"179.13","alternatives":[{"confidence":"0.6989","content":"아니"}],"type":"pronunciation"},{"start_time":"179.13","end_time":"179.58","alternatives":[{"confidence":"0.85605","content":"그거는"}],"type":"pronunciation"},{"start_time":"179.61","end_time":"179.97","alternatives":[{"confidence":"0.9863","content":"걱정"}],"type":"pronunciation"},{"start_time":"179.97","end_time":"180.99","alternatives":[{"confidence":"0.9243333333333333","content":"안하셨으면"}],"type":"pronunciation"},{"start_time":"182.05","end_time":"182.64","alternatives":[{"confidence":"0.1052","content":"BNK"}],"type":"pronunciation"},{"start_time":"182.64","end_time":"183.62","alternatives":[{"confidence":"0.5477","content":"캐피탈남아계신"}],"type":"pronunciation"},{"start_time":"183.62","end_time":"184.04","alternatives":[{"confidence":"0.7773","content":"게"}],"type":"pronunciation"},{"start_time":"184.26","end_time":"185.31","alternatives":[{"confidence":"0.81765","content":"이천칠백"}],"type":"pronunciation"},{"start_time":"186.76","end_time":"186.9","alternatives":[{"confidence":"0.003","content":"1"}],"type":"pronunciation"},{"start_time":"187.05","end_time":"187.95","alternatives":[{"confidence":"0.5211333333333333","content":"천원남아있으신"}],"type":"pronunciation"},{"start_time":"187.95","end_time":"188.05","alternatives":[{"confidence":"0.959","content":"것"}],"type":"pronunciation"},{"start_time":"188.05","end_time":"188.9","alternatives":[{"confidence":"1.0","content":"같으세요"}],"type":"pronunciation"},{"alternatives":[{"confidence":"0.0","content":"."}],"type":"punctuation"},{"start_time":"188.93","end_time":"189.24","alternatives":[{"confidence":"0.4041","content":"그러면"}],"type":"pronunciation"},{"start_time":"189.24","end_time":"190.12","alternatives":[{"confidence":"0.7451","content":"육만천원같은"}],"type":"pronunciation"},{"start_time":"190.12","end_time":"190.47","alternatives":[{"confidence":"0.9614","content":"경우는"}],"type":"pronunciation"},{"start_time":"190.47","end_time":"190.91","alternatives":[{"confidence":"0.2958","content":"다음달"}],"type":"pronunciation"},{"start_time":"190.91","end_time":"191.14","alternatives":[{"confidence":"0.712","content":"이자"}],"type":"pronunciation"},{"start_time":"191.14","end_time":"191.76","alternatives":[{"confidence":"0.94825","content":"빠져나가는"}],"type":"pronunciation"},{"start_time":"191.76","end_time":"191.87","alternatives":[{"confidence":"0.7422","content":"걸"}],"type":"pronunciation"},{"start_time":"191.87","end_time":"192.11","alternatives":[{"confidence":"0.9908","content":"미리"}],"type":"pronunciation"},{"start_time":"192.11","end_time":"192.55","alternatives":[{"confidence":"0.57175","content":"선나무로"}],"type":"pronunciation"},{"start_time":"192.55","end_time":"192.85","alternatives":[{"confidence":"0.617","content":"뺀다"}],"type":"pronunciation"},{"start_time":"192.85","end_time":"193.45","alternatives":[{"confidence":"0.9463","content":"하고"}],"type":"pronunciation"},{"start_time":"193.77","end_time":"194.96","alternatives":[{"confidence":"0.80965","content":"이천칠백만원만"}],"type":"pronunciation"},{"start_time":"194.96","end_time":"195.86","alternatives":[{"confidence":"0.838475","content":"완납처리하시면"}],"type":"pronunciation"},{"start_time":"195.86","end_time":"196.1","alternatives":[{"confidence":"0.9894","content":"되는"}],"type":"pronunciation"},{"start_time":"196.1","end_time":"196.43","alternatives":[{"confidence":"0.9778","content":"것처럼"}],"type":"pronunciation"},{"start_time":"196.43","end_time":"196.59","alternatives":[{"confidence":"0.77","content":"제가"}],"type":"pronunciation"},{"start_time":"196.59","end_time":"196.93","alternatives":[{"confidence":"0.2854","content":"공무원"}],"type":"pronunciation"},{"start_time":"196.93","end_time":"197.28","alternatives":[{"confidence":"0.9771","content":"요청을"}],"type":"pronunciation"},{"start_time":"197.28","end_time":"197.56","alternatives":[{"confidence":"0.8242","content":"해놓고"}],"type":"pronunciation"},{"start_time":"199.49","end_time":"200.13","alternatives":[{"confidence":"0.99865","content":"그러시면"}],"type":"pronunciation"},{"start_time":"200.13","end_time":"200.39","alternatives":[{"confidence":"1.0","content":"일단"}],"type":"pronunciation"},{"start_time":"200.39","end_time":"200.81","alternatives":[{"confidence":"0.9733","content":"김재성"}],"type":"pronunciation"},{"start_time":"200.81","end_time":"201.43","alternatives":[{"confidence":"0.7517","content":"대리님한테"}],"type":"pronunciation"},{"start_time":"201.46","end_time":"201.67","alternatives":[{"confidence":"0.9981","content":"제가"}],"type":"pronunciation"},{"start_time":"201.67","end_time":"201.99","alternatives":[{"confidence":"0.3052","content":"공무원"}],"type":"pronunciation"},{"start_time":"201.99","end_time":"202.11","alternatives":[{"confidence":"0.9561","content":"다"}],"type":"pronunciation"},{"start_time":"202.11","end_time":"203.19","alternatives":[{"confidence":"0.9993000000000001","content":"내려놓고요"}],"type":"pronunciation"},{"start_time":"203.28","end_time":"203.6","alternatives":[{"confidence":"0.49085","content":"이재성"}],"type":"pronunciation"},{"start_time":"203.6","end_time":"203.89","alternatives":[{"confidence":"0.76555","content":"대리님"}],"type":"pronunciation"},{"start_time":"203.89","end_time":"204.16","alternatives":[{"confidence":"0.9945","content":"하고"}],"type":"pronunciation"},{"start_time":"204.16","end_time":"204.45","alternatives":[{"confidence":"0.9941","content":"다시"}],"type":"pronunciation"},{"start_time":"204.45","end_time":"204.77","alternatives":[{"confidence":"0.6878500000000001","content":"통화한"}],"type":"pronunciation"},{"start_time":"204.77","end_time":"204.92","alternatives":[{"confidence":"0.5777","content":"번"}],"type":"pronunciation"},{"start_time":"204.92","end_time":"205.21","alternatives":[{"confidence":"0.8785","content":"하신"}],"type":"pronunciation"},{"start_time":"205.21","end_time":"205.76","alternatives":[{"confidence":"0.9825","content":"다음에"}],"type":"pronunciation"},{"start_time":"206.22","end_time":"206.61","alternatives":[{"confidence":"0.85105","content":"김재성"}],"type":"pronunciation"},{"start_time":"206.61","end_time":"207.0","alternatives":[{"confidence":"0.59045","content":"대림하다"}],"type":"pronunciation"},{"start_time":"207.0","end_time":"207.49","alternatives":[{"confidence":"0.7538","content":"천하들이"}],"type":"pronunciation"},{"start_time":"207.49","end_time":"207.68","alternatives":[{"confidence":"0.8637","content":"라고"}],"type":"pronunciation"},{"start_time":"207.68","end_time":"208.08","alternatives":[{"confidence":"1.0","content":"말씀을"}],"type":"pronunciation"},{"start_time":"208.11","end_time":"208.56","alternatives":[{"confidence":"0.9933","content":"드려놓을"}],"type":"pronunciation"},{"start_time":"208.56","end_time":"208.79","alternatives":[{"confidence":"0.9503","content":"게요"}],"type":"pronunciation"},{"alternatives":[{"confidence":"0.0","content":"."}],"type":"punctuation"},{"start_time":"209.89","end_time":"210.08","alternatives":[{"confidence":"0.2224","content":"네"}],"type":"pronunciation"},{"alternatives":[{"confidence":"0.0","content":","}],"type":"punctuation"},{"start_time":"210.26","end_time":"210.88","alternatives":[{"confidence":"0.9957","content":"알겠습니다"}],"type":"pronunciation"},{"alternatives":[{"confidence":"0.0","content":"."}],"type":"punctuation"}]},"status":"COMPLETED"}