{"jobName":"transcribe_loan142","accountId":"097989105209","results":{"transcripts":[{"transcript":"여보세요? 여보세요, 선생님 일단 확인됐고요 발급비용 같은 경우는 대출 금액의 일 프로인. 지금 60 십육 만원으로 확인 되셨말씀드린 것처럼 대출 승인받고 삼일 뒤에 납부한 금액을 선생님께서 원하시는 계좌로 직접적인 반환이 이루어지실 것입니다. 선생님께서 진행은 오늘 중에 가능 하시겠습니까? 그러면 언제쯤 가능하실까요? 어제 님께서 직접 방문하는 게 아니고요. 저희가 법무사 에다가 담당자배정하면은 상자가 이제 저희 선생님께서 이제 성금처리하시고 저희 쪽으로 서로가 들어오면 되는 거거든요. 네, 저희 저희 선생님께서 이제 채무자있잖아요 굳이 직접 방문하실 필요가 없는 거죠. 네, 언제쯤 가능하시겠습니까? 저는 거기 약수동있는데 있거든요. 아무 때나 상관없는데 그러니까 저희 나가서 이제 다른 일을 봐야 되는데 만약에 된다고 하면 제가 기다렸다가 제가 일단은 선생님 담당자를 배정을 배정을 받으면 담당자한테 저희 선생님께서 성검찰을 하시면 되시거든요. 그러면 아니면 저희선생님께서 법무사다가 직접 전화하셔도 되시는 거고 일단 일단은 납부는. 지금 바로 가능 하신거예요. 혹시 저희 선생님으로 이름을 납부하시나요? 저희 선생님 성함 으로 이름을 이름으로 납부할 수 있고 납부하시는 은행이 어디신가요, 은행 님께서, 인터넷 뱅킹이신가요 아니면은 인터넷 뱅킹인가요 아니면 거예요. 선생님 제가 그러면요 담당자확인하고 바로 연락드려도 되겠습니까? 네, 알겠습니다."}],"items":[{"start_time":"0.27","end_time":"0.66","alternatives":[{"confidence":"0.0108","content":"여보세요"}],"type":"pronunciation"},{"alternatives":[{"confidence":"0.0","content":"?"}],"type":"punctuation"},{"start_time":"1.51","end_time":"2.58","alternatives":[{"confidence":"0.8722","content":"여보세요"}],"type":"pronunciation"},{"alternatives":[{"confidence":"0.0","content":","}],"type":"punctuation"},{"start_time":"3.6","end_time":"4.26","alternatives":[{"confidence":"0.7287","content":"선생님"}],"type":"pronunciation"},{"start_time":"4.38","end_time":"4.63","alternatives":[{"confidence":"1.0","content":"일단"}],"type":"pronunciation"},{"start_time":"4.63","end_time":"5.97","alternatives":[{"confidence":"0.9559000000000001","content":"확인됐고요"}],"type":"pronunciation"},{"start_time":"6.37","end_time":"7.21","alternatives":[{"confidence":"0.9904999999999999","content":"발급비용"}],"type":"pronunciation"},{"start_time":"7.21","end_time":"7.46","alternatives":[{"confidence":"0.9976","content":"같은"}],"type":"pronunciation"},{"start_time":"7.46","end_time":"8.19","alternatives":[{"confidence":"0.9996","content":"경우는"}],"type":"pronunciation"},{"start_time":"8.19","end_time":"8.48","alternatives":[{"confidence":"0.958","content":"대출"}],"type":"pronunciation"},{"start_time":"8.48","end_time":"9.05","alternatives":[{"confidence":"0.88635","content":"금액의"}],"type":"pronunciation"},{"start_time":"9.08","end_time":"9.29","alternatives":[{"confidence":"0.6328","content":"일"}],"type":"pronunciation"},{"start_time":"9.29","end_time":"10.13","alternatives":[{"confidence":"0.67645","content":"프로인"}],"type":"pronunciation"},{"alternatives":[{"confidence":"0.0","content":"."}],"type":"punctuation"},{"start_time":"10.62","end_time":"10.89","alternatives":[{"confidence":"0.9789","content":"지금"}],"type":"pronunciation"},{"start_time":"10.89","end_time":"11.21","alternatives":[{"confidence":"0.3754","content":"60"}],"type":"pronunciation"},{"start_time":"11.21","end_time":"11.58","alternatives":[{"confidence":"0.3168","content":"십육"}],"type":"pronunciation"},{"start_time":"11.58","end_time":"12.42","alternatives":[{"confidence":"0.9917","content":"만원으로"}],"type":"pronunciation"},{"start_time":"12.42","end_time":"12.68","alternatives":[{"confidence":"0.4956","content":"확인"}],"type":"pronunciation"},{"start_time":"12.68","end_time":"14.58","alternatives":[{"confidence":"0.85445","content":"되셨말씀드린"}],"type":"pronunciation"},{"start_time":"14.58","end_time":"15.09","alternatives":[{"confidence":"0.9952","content":"것처럼"}],"type":"pronunciation"},{"start_time":"15.09","end_time":"15.39","alternatives":[{"confidence":"0.4457","content":"대출"}],"type":"pronunciation"},{"start_time":"15.39","end_time":"16.25","alternatives":[{"confidence":"0.85615","content":"승인받고"}],"type":"pronunciation"},{"start_time":"16.25","end_time":"16.56","alternatives":[{"confidence":"0.69005","content":"삼일"}],"type":"pronunciation"},{"start_time":"16.56","end_time":"16.72","alternatives":[{"confidence":"0.8045","content":"뒤에"}],"type":"pronunciation"},{"start_time":"16.72","end_time":"17.06","alternatives":[{"confidence":"0.99115","content":"납부한"}],"type":"pronunciation"},{"start_time":"17.06","end_time":"17.56","alternatives":[{"confidence":"0.9816","content":"금액을"}],"type":"pronunciation"},{"start_time":"17.56","end_time":"18.14","alternatives":[{"confidence":"0.9543","content":"선생님께서"}],"type":"pronunciation"},{"start_time":"18.14","end_time":"18.58","alternatives":[{"confidence":"0.6911","content":"원하시는"}],"type":"pronunciation"},{"start_time":"18.58","end_time":"19.24","alternatives":[{"confidence":"0.9984","content":"계좌로"}],"type":"pronunciation"},{"start_time":"19.3","end_time":"19.84","alternatives":[{"confidence":"0.9941","content":"직접적인"}],"type":"pronunciation"},{"start_time":"19.84","end_time":"20.19","alternatives":[{"confidence":"0.9620500000000001","content":"반환이"}],"type":"pronunciation"},{"start_time":"20.19","end_time":"20.67","alternatives":[{"confidence":"0.7813000000000001","content":"이루어지실"}],"type":"pronunciation"},{"start_time":"20.67","end_time":"21.12","alternatives":[{"confidence":"0.8538","content":"것입니다"}],"type":"pronunciation"},{"alternatives":[{"confidence":"0.0","content":"."}],"type":"punctuation"},{"start_time":"23.27","end_time":"23.82","alternatives":[{"confidence":"0.9998","content":"선생님께서"}],"type":"pronunciation"},{"start_time":"23.82","end_time":"24.19","alternatives":[{"confidence":"0.9673499999999999","content":"진행은"}],"type":"pronunciation"},{"start_time":"24.19","end_time":"24.46","alternatives":[{"confidence":"0.8202","content":"오늘"}],"type":"pronunciation"},{"start_time":"24.46","end_time":"24.64","alternatives":[{"confidence":"0.9864","content":"중에"}],"type":"pronunciation"},{"start_time":"24.64","end_time":"24.87","alternatives":[{"confidence":"0.5759","content":"가능"}],"type":"pronunciation"},{"start_time":"24.87","end_time":"25.65","alternatives":[{"confidence":"1.0","content":"하시겠습니까"}],"type":"pronunciation"},{"alternatives":[{"confidence":"0.0","content":"?"}],"type":"punctuation"},{"start_time":"27.59","end_time":"27.84","alternatives":[{"confidence":"0.9855","content":"그러면"}],"type":"pronunciation"},{"start_time":"27.84","end_time":"28.22","alternatives":[{"confidence":"0.999","content":"언제쯤"}],"type":"pronunciation"},{"start_time":"28.22","end_time":"29.13","alternatives":[{"confidence":"0.9831","content":"가능하실까요"}],"type":"pronunciation"},{"alternatives":[{"confidence":"0.0","content":"?"}],"type":"punctuation"},{"start_time":"30.33","end_time":"30.65","alternatives":[{"confidence":"0.0013","content":"어제"}],"type":"pronunciation"},{"start_time":"33.51","end_time":"33.74","alternatives":[{"confidence":"0.8699","content":"님께서"}],"type":"pronunciation"},{"start_time":"33.74","end_time":"33.99","alternatives":[{"confidence":"0.996","content":"직접"}],"type":"pronunciation"},{"start_time":"33.99","end_time":"34.46","alternatives":[{"confidence":"0.9111","content":"방문하는"}],"type":"pronunciation"},{"start_time":"34.46","end_time":"34.57","alternatives":[{"confidence":"0.9954","content":"게"}],"type":"pronunciation"},{"start_time":"34.57","end_time":"35.15","alternatives":[{"confidence":"0.9988","content":"아니고요"}],"type":"pronunciation"},{"alternatives":[{"confidence":"0.0","content":"."}],"type":"punctuation"},{"start_time":"35.21","end_time":"35.68","alternatives":[{"confidence":"1.0","content":"저희가"}],"type":"pronunciation"},{"start_time":"35.68","end_time":"36.1","alternatives":[{"confidence":"0.71095","content":"법무사"}],"type":"pronunciation"},{"start_time":"36.1","end_time":"36.37","alternatives":[{"confidence":"0.9842","content":"에다가"}],"type":"pronunciation"},{"start_time":"36.37","end_time":"37.4","alternatives":[{"confidence":"0.5967666666666667","content":"담당자배정하면은"}],"type":"pronunciation"},{"start_time":"37.82","end_time":"38.5","alternatives":[{"confidence":"0.2821","content":"상자가"}],"type":"pronunciation"},{"start_time":"38.76","end_time":"38.98","alternatives":[{"confidence":"0.4481","content":"이제"}],"type":"pronunciation"},{"start_time":"39.04","end_time":"39.21","alternatives":[{"confidence":"0.5104","content":"저희"}],"type":"pronunciation"},{"start_time":"39.21","end_time":"39.73","alternatives":[{"confidence":"0.9999","content":"선생님께서"}],"type":"pronunciation"},{"start_time":"39.73","end_time":"39.99","alternatives":[{"confidence":"0.9952","content":"이제"}],"type":"pronunciation"},{"start_time":"40.0","end_time":"41.14","alternatives":[{"confidence":"0.8065666666666665","content":"성금처리하시고"}],"type":"pronunciation"},{"start_time":"41.14","end_time":"41.33","alternatives":[{"confidence":"0.9788","content":"저희"}],"type":"pronunciation"},{"start_time":"41.33","end_time":"41.74","alternatives":[{"confidence":"0.9842","content":"쪽으로"}],"type":"pronunciation"},{"start_time":"41.74","end_time":"42.03","alternatives":[{"confidence":"0.9639","content":"서로가"}],"type":"pronunciation"},{"start_time":"42.03","end_time":"42.31","alternatives":[{"confidence":"0.9897","content":"들어오면"}],"type":"pronunciation"},{"start_time":"42.31","end_time":"42.5","alternatives":[{"confidence":"0.5626","content":"되는"}],"type":"pronunciation"},{"start_time":"42.5","end_time":"43.04","alternatives":[{"confidence":"0.7785","content":"거거든요"}],"type":"pronunciation"},{"alternatives":[{"confidence":"0.0","content":"."}],"type":"punctuation"},{"start_time":"44.66","end_time":"44.87","alternatives":[{"confidence":"0.1507","content":"네"}],"type":"pronunciation"},{"alternatives":[{"confidence":"0.0","content":","}],"type":"punctuation"},{"start_time":"45.22","end_time":"45.47","alternatives":[{"confidence":"0.3192","content":"저희"}],"type":"pronunciation"},{"start_time":"45.5","end_time":"45.66","alternatives":[{"confidence":"0.1566","content":"저희"}],"type":"pronunciation"},{"start_time":"45.66","end_time":"46.1","alternatives":[{"confidence":"0.4623","content":"선생님께서"}],"type":"pronunciation"},{"start_time":"46.1","end_time":"46.27","alternatives":[{"confidence":"0.9833","content":"이제"}],"type":"pronunciation"},{"start_time":"46.28","end_time":"47.79","alternatives":[{"confidence":"0.8175","content":"채무자있잖아요"}],"type":"pronunciation"},{"start_time":"49.49","end_time":"49.94","alternatives":[{"confidence":"0.9996","content":"굳이"}],"type":"pronunciation"},{"start_time":"49.97","end_time":"50.21","alternatives":[{"confidence":"0.9914","content":"직접"}],"type":"pronunciation"},{"start_time":"50.21","end_time":"50.64","alternatives":[{"confidence":"0.9885999999999999","content":"방문하실"}],"type":"pronunciation"},{"start_time":"50.64","end_time":"50.89","alternatives":[{"confidence":"1.0","content":"필요가"}],"type":"pronunciation"},{"start_time":"50.89","end_time":"51.12","alternatives":[{"confidence":"0.9005","content":"없는"}],"type":"pronunciation"},{"start_time":"51.12","end_time":"51.42","alternatives":[{"confidence":"0.9999","content":"거죠"}],"type":"pronunciation"},{"alternatives":[{"confidence":"0.0","content":"."}],"type":"punctuation"},{"start_time":"53.17","end_time":"53.47","alternatives":[{"confidence":"0.8371","content":"네"}],"type":"pronunciation"},{"alternatives":[{"confidence":"0.0","content":","}],"type":"punctuation"},{"start_time":"54.43","end_time":"55.16","alternatives":[{"confidence":"0.9994","content":"언제쯤"}],"type":"pronunciation"},{"start_time":"55.16","end_time":"56.22","alternatives":[{"confidence":"0.98875","content":"가능하시겠습니까"}],"type":"pronunciation"},{"alternatives":[{"confidence":"0.0","content":"?"}],"type":"punctuation"},{"start_time":"57.47","end_time":"57.79","alternatives":[{"confidence":"0.9993","content":"저는"}],"type":"pronunciation"},{"start_time":"57.82","end_time":"58.08","alternatives":[{"confidence":"0.6671","content":"거기"}],"type":"pronunciation"},{"start_time":"58.08","end_time":"58.7","alternatives":[{"confidence":"0.9338333333333333","content":"약수동있는데"}],"type":"pronunciation"},{"start_time":"58.7","end_time":"59.13","alternatives":[{"confidence":"1.0","content":"있거든요"}],"type":"pronunciation"},{"alternatives":[{"confidence":"0.0","content":"."}],"type":"punctuation"},{"start_time":"60.42","end_time":"60.6","alternatives":[{"confidence":"0.698","content":"아무"}],"type":"pronunciation"},{"start_time":"60.6","end_time":"60.75","alternatives":[{"confidence":"0.7648","content":"때나"}],"type":"pronunciation"},{"start_time":"60.75","end_time":"61.53","alternatives":[{"confidence":"0.9976","content":"상관없는데"}],"type":"pronunciation"},{"start_time":"61.56","end_time":"61.89","alternatives":[{"confidence":"0.841","content":"그러니까"}],"type":"pronunciation"},{"start_time":"61.92","end_time":"62.21","alternatives":[{"confidence":"0.8372","content":"저희"}],"type":"pronunciation"},{"start_time":"62.24","end_time":"62.65","alternatives":[{"confidence":"0.974","content":"나가서"}],"type":"pronunciation"},{"start_time":"62.65","end_time":"62.77","alternatives":[{"confidence":"0.9534","content":"이제"}],"type":"pronunciation"},{"start_time":"62.77","end_time":"62.98","alternatives":[{"confidence":"0.9889","content":"다른"}],"type":"pronunciation"},{"start_time":"62.98","end_time":"63.13","alternatives":[{"confidence":"0.8639","content":"일을"}],"type":"pronunciation"},{"start_time":"63.13","end_time":"63.3","alternatives":[{"confidence":"0.8648","content":"봐야"}],"type":"pronunciation"},{"start_time":"63.3","end_time":"63.78","alternatives":[{"confidence":"0.9631","content":"되는데"}],"type":"pronunciation"},{"start_time":"63.82","end_time":"64.08","alternatives":[{"confidence":"0.9995","content":"만약에"}],"type":"pronunciation"},{"start_time":"64.08","end_time":"64.39","alternatives":[{"confidence":"1.0","content":"된다고"}],"type":"pronunciation"},{"start_time":"64.39","end_time":"64.55","alternatives":[{"confidence":"0.9973","content":"하면"}],"type":"pronunciation"},{"start_time":"64.55","end_time":"64.7","alternatives":[{"confidence":"0.9919","content":"제가"}],"type":"pronunciation"},{"start_time":"64.7","end_time":"65.39","alternatives":[{"confidence":"0.9697","content":"기다렸다가"}],"type":"pronunciation"},{"start_time":"66.65","end_time":"66.93","alternatives":[{"confidence":"0.9982","content":"제가"}],"type":"pronunciation"},{"start_time":"66.93","end_time":"67.31","alternatives":[{"confidence":"1.0","content":"일단은"}],"type":"pronunciation"},{"start_time":"67.31","end_time":"68.12","alternatives":[{"confidence":"0.7377","content":"선생님"}],"type":"pronunciation"},{"start_time":"68.46","end_time":"69.03","alternatives":[{"confidence":"1.0","content":"담당자를"}],"type":"pronunciation"},{"start_time":"69.03","end_time":"69.42","alternatives":[{"confidence":"0.7003","content":"배정을"}],"type":"pronunciation"},{"start_time":"69.66","end_time":"70.0","alternatives":[{"confidence":"0.99595","content":"배정을"}],"type":"pronunciation"},{"start_time":"70.0","end_time":"70.85","alternatives":[{"confidence":"0.9997","content":"받으면"}],"type":"pronunciation"},{"start_time":"71.2","end_time":"71.83","alternatives":[{"confidence":"0.99945","content":"담당자한테"}],"type":"pronunciation"},{"start_time":"71.83","end_time":"71.97","alternatives":[{"confidence":"0.7286","content":"저희"}],"type":"pronunciation"},{"start_time":"71.97","end_time":"72.5","alternatives":[{"confidence":"0.9972","content":"선생님께서"}],"type":"pronunciation"},{"start_time":"72.5","end_time":"73.02","alternatives":[{"confidence":"0.42619999999999997","content":"성검찰을"}],"type":"pronunciation"},{"start_time":"73.02","end_time":"73.31","alternatives":[{"confidence":"1.0","content":"하시면"}],"type":"pronunciation"},{"start_time":"73.31","end_time":"74.42","alternatives":[{"confidence":"0.9882","content":"되시거든요"}],"type":"pronunciation"},{"alternatives":[{"confidence":"0.0","content":"."}],"type":"punctuation"},{"start_time":"74.45","end_time":"74.97","alternatives":[{"confidence":"0.9616","content":"그러면"}],"type":"pronunciation"},{"start_time":"75.15","end_time":"75.41","alternatives":[{"confidence":"0.9856","content":"아니면"}],"type":"pronunciation"},{"start_time":"75.41","end_time":"75.96","alternatives":[{"confidence":"0.57395","content":"저희선생님께서"}],"type":"pronunciation"},{"start_time":"75.96","end_time":"76.49","alternatives":[{"confidence":"0.14806666666666668","content":"법무사다가"}],"type":"pronunciation"},{"start_time":"76.49","end_time":"76.73","alternatives":[{"confidence":"0.9737","content":"직접"}],"type":"pronunciation"},{"start_time":"76.73","end_time":"77.18","alternatives":[{"confidence":"0.8140000000000001","content":"전화하셔도"}],"type":"pronunciation"},{"start_time":"77.18","end_time":"77.52","alternatives":[{"confidence":"0.99435","content":"되시는"}],"type":"pronunciation"},{"start_time":"77.52","end_time":"78.09","alternatives":[{"confidence":"0.9926","content":"거고"}],"type":"pronunciation"},{"start_time":"79.2","end_time":"79.73","alternatives":[{"confidence":"1.0","content":"일단"}],"type":"pronunciation"},{"start_time":"79.82","end_time":"80.21","alternatives":[{"confidence":"1.0","content":"일단은"}],"type":"pronunciation"},{"start_time":"80.21","end_time":"80.65","alternatives":[{"confidence":"0.98585","content":"납부는"}],"type":"pronunciation"},{"alternatives":[{"confidence":"0.0","content":"."}],"type":"punctuation"},{"start_time":"80.65","end_time":"80.84","alternatives":[{"confidence":"0.9963","content":"지금"}],"type":"pronunciation"},{"start_time":"80.84","end_time":"81.04","alternatives":[{"confidence":"0.9831","content":"바로"}],"type":"pronunciation"},{"start_time":"81.04","end_time":"81.27","alternatives":[{"confidence":"0.6704","content":"가능"}],"type":"pronunciation"},{"start_time":"81.27","end_time":"81.91","alternatives":[{"confidence":"0.7206","content":"하신거예요"}],"type":"pronunciation"},{"alternatives":[{"confidence":"0.0","content":"."}],"type":"punctuation"},{"start_time":"83.04","end_time":"83.62","alternatives":[{"confidence":"1.0","content":"혹시"}],"type":"pronunciation"},{"start_time":"83.62","end_time":"83.79","alternatives":[{"confidence":"0.874","content":"저희"}],"type":"pronunciation"},{"start_time":"83.79","end_time":"84.81","alternatives":[{"confidence":"0.20529999999999998","content":"선생님으로"}],"type":"pronunciation"},{"start_time":"84.99","end_time":"85.25","alternatives":[{"confidence":"0.0251","content":"이름을"}],"type":"pronunciation"},{"start_time":"85.25","end_time":"86.22","alternatives":[{"confidence":"0.49885","content":"납부하시나요"}],"type":"pronunciation"},{"alternatives":[{"confidence":"0.0","content":"?"}],"type":"punctuation"},{"start_time":"87.31","end_time":"87.48","alternatives":[{"confidence":"0.9318","content":"저희"}],"type":"pronunciation"},{"start_time":"87.48","end_time":"87.88","alternatives":[{"confidence":"0.8032","content":"선생님"}],"type":"pronunciation"},{"start_time":"87.88","end_time":"88.12","alternatives":[{"confidence":"0.48250000000000004","content":"성함"}],"type":"pronunciation"},{"start_time":"88.12","end_time":"88.26","alternatives":[{"confidence":"0.425","content":"으로"}],"type":"pronunciation"},{"start_time":"88.26","end_time":"88.65","alternatives":[{"confidence":"0.9988","content":"이름을"}],"type":"pronunciation"},{"start_time":"88.85","end_time":"89.25","alternatives":[{"confidence":"0.9986","content":"이름으로"}],"type":"pronunciation"},{"start_time":"89.25","end_time":"89.6","alternatives":[{"confidence":"0.9953000000000001","content":"납부할"}],"type":"pronunciation"},{"start_time":"89.6","end_time":"89.71","alternatives":[{"confidence":"1.0","content":"수"}],"type":"pronunciation"},{"start_time":"89.71","end_time":"90.06","alternatives":[{"confidence":"0.9646","content":"있고"}],"type":"pronunciation"},{"start_time":"90.79","end_time":"91.31","alternatives":[{"confidence":"0.98285","content":"납부하시는"}],"type":"pronunciation"},{"start_time":"91.31","end_time":"91.55","alternatives":[{"confidence":"0.9915","content":"은행이"}],"type":"pronunciation"},{"start_time":"91.55","end_time":"92.19","alternatives":[{"confidence":"0.9992","content":"어디신가요"}],"type":"pronunciation"},{"alternatives":[{"confidence":"0.0","content":","}],"type":"punctuation"},{"start_time":"94.69","end_time":"95.0","alternatives":[{"confidence":"0.4048","content":"은행"}],"type":"pronunciation"},{"start_time":"97.39","end_time":"97.67","alternatives":[{"confidence":"0.9333","content":"님께서"}],"type":"pronunciation"},{"alternatives":[{"confidence":"0.0","content":","}],"type":"punctuation"},{"start_time":"97.67","end_time":"98.08","alternatives":[{"confidence":"0.7259","content":"인터넷"}],"type":"pronunciation"},{"start_time":"98.08","end_time":"98.86","alternatives":[{"confidence":"0.8627333333333334","content":"뱅킹이신가요"}],"type":"pronunciation"},{"start_time":"98.86","end_time":"99.65","alternatives":[{"confidence":"0.9999","content":"아니면은"}],"type":"pronunciation"},{"start_time":"101.6","end_time":"101.95","alternatives":[{"confidence":"0.7517","content":"인터넷"}],"type":"pronunciation"},{"start_time":"101.95","end_time":"102.46","alternatives":[{"confidence":"0.9997","content":"뱅킹인가요"}],"type":"pronunciation"},{"start_time":"102.46","end_time":"102.81","alternatives":[{"confidence":"0.8576","content":"아니면"}],"type":"pronunciation"},{"start_time":"103.28","end_time":"103.62","alternatives":[{"confidence":"0.0255","content":"거예요"}],"type":"pronunciation"},{"alternatives":[{"confidence":"0.0","content":"."}],"type":"punctuation"},{"start_time":"107.87","end_time":"108.25","alternatives":[{"confidence":"0.9578","content":"선생님"}],"type":"pronunciation"},{"start_time":"108.25","end_time":"108.44","alternatives":[{"confidence":"0.9894","content":"제가"}],"type":"pronunciation"},{"start_time":"108.44","end_time":"109.6","alternatives":[{"confidence":"0.9978","content":"그러면요"}],"type":"pronunciation"},{"start_time":"109.81","end_time":"110.77","alternatives":[{"confidence":"0.99865","content":"담당자확인하고"}],"type":"pronunciation"},{"start_time":"110.77","end_time":"110.99","alternatives":[{"confidence":"0.9874","content":"바로"}],"type":"pronunciation"},{"start_time":"110.99","end_time":"111.39","alternatives":[{"confidence":"0.43273333333333336","content":"연락드려도"}],"type":"pronunciation"},{"start_time":"111.39","end_time":"112.08","alternatives":[{"confidence":"0.9756","content":"되겠습니까"}],"type":"pronunciation"},{"alternatives":[{"confidence":"0.0","content":"?"}],"type":"punctuation"},{"start_time":"113.43","end_time":"113.58","alternatives":[{"confidence":"0.8643","content":"네"}],"type":"pronunciation"},{"alternatives":[{"confidence":"0.0","content":","}],"type":"punctuation"},{"start_time":"113.7","end_time":"114.37","alternatives":[{"confidence":"0.9975","content":"알겠습니다"}],"type":"pronunciation"},{"alternatives":[{"confidence":"0.0","content":"."}],"type":"punctuation"}]},"status":"COMPLETED"}