{"jobName":"transcribe_loan134","accountId":"097989105209","results":{"transcripts":[{"transcript":"네. 여보세요. 감사 드립니다. 보면요. 지금 전산내려가지고 연락을 드렸어요. 어떻게든 지금 결제거의 전산이 되어서 연락을 드렸습니다. 부분이 그거 뭐다 이렇게 변동이 될 수 있다고 학장금리를 받아야 되냐? 이러면서 돈을 내야 한다는 거예요. 이거 금감원에서 아마 받는 부분인데 이거 고객님부분이 나오셨다고 하면 이거 나빠하실 필요가 없습니다. 이거 제가 지금 가까운 등록시켜 드렸거든요 지금 이거 지금 납부해야 된다고 말씀하시던가요. 이거 이거 제가 올라가서 이거 안 하셔도 될 그래서 제가 다시 이거 나빠안하셔도 되세요. 본인이 지금 깜짝 놀라가지고 이제 좀 내용이 어떻게 된 건지 알고 제가 올라가서 대책을 해야되니까요 없으셨어요. 그러니까 이게 가까운 충족시켜드린 부분으로 면접을 제가 올려드렸어요. 근데 지금 그게 지금 얘기가 나오신 거 보니까 이것 저것 같고요. 올라가서 확인해 보고 바로 오겠습니다. 이거 나쁜 하셔야 되니까요. 걱정마시고요."}],"items":[{"start_time":"1.25","end_time":"1.62","alternatives":[{"confidence":"0.9706","content":"네"}],"type":"pronunciation"},{"alternatives":[{"confidence":"0.0","content":"."}],"type":"punctuation"},{"start_time":"1.62","end_time":"2.31","alternatives":[{"confidence":"1.0","content":"여보세요"}],"type":"pronunciation"},{"alternatives":[{"confidence":"0.0","content":"."}],"type":"punctuation"},{"start_time":"2.37","end_time":"2.62","alternatives":[{"confidence":"0.0864","content":"감사"}],"type":"pronunciation"},{"start_time":"2.8","end_time":"3.19","alternatives":[{"confidence":"0.8655","content":"드립니다"}],"type":"pronunciation"},{"alternatives":[{"confidence":"0.0","content":"."}],"type":"punctuation"},{"start_time":"3.19","end_time":"3.74","alternatives":[{"confidence":"0.40475","content":"보면요"}],"type":"pronunciation"},{"alternatives":[{"confidence":"0.0","content":"."}],"type":"punctuation"},{"start_time":"4.9","end_time":"5.36","alternatives":[{"confidence":"0.9732","content":"지금"}],"type":"pronunciation"},{"start_time":"5.36","end_time":"6.39","alternatives":[{"confidence":"0.8350666666666666","content":"전산내려가지고"}],"type":"pronunciation"},{"start_time":"6.39","end_time":"6.71","alternatives":[{"confidence":"0.9999","content":"연락을"}],"type":"pronunciation"},{"start_time":"6.71","end_time":"7.59","alternatives":[{"confidence":"0.9723999999999999","content":"드렸어요"}],"type":"pronunciation"},{"alternatives":[{"confidence":"0.0","content":"."}],"type":"punctuation"},{"start_time":"8.89","end_time":"9.29","alternatives":[{"confidence":"0.3498","content":"어떻게든"}],"type":"pronunciation"},{"start_time":"9.71","end_time":"9.97","alternatives":[{"confidence":"0.9448","content":"지금"}],"type":"pronunciation"},{"start_time":"9.98","end_time":"10.45","alternatives":[{"confidence":"0.9431","content":"결제거의"}],"type":"pronunciation"},{"start_time":"10.45","end_time":"10.88","alternatives":[{"confidence":"0.92235","content":"전산이"}],"type":"pronunciation"},{"start_time":"10.88","end_time":"11.16","alternatives":[{"confidence":"0.4695","content":"되어서"}],"type":"pronunciation"},{"start_time":"11.16","end_time":"11.44","alternatives":[{"confidence":"1.0","content":"연락을"}],"type":"pronunciation"},{"start_time":"11.44","end_time":"11.99","alternatives":[{"confidence":"0.9782","content":"드렸습니다"}],"type":"pronunciation"},{"alternatives":[{"confidence":"0.0","content":"."}],"type":"punctuation"},{"start_time":"11.99","end_time":"12.35","alternatives":[{"confidence":"0.6029","content":"부분이"}],"type":"pronunciation"},{"start_time":"13.69","end_time":"13.95","alternatives":[{"confidence":"0.864","content":"그거"}],"type":"pronunciation"},{"start_time":"13.95","end_time":"16.14","alternatives":[{"confidence":"0.0837","content":"뭐다"}],"type":"pronunciation"},{"start_time":"16.14","end_time":"16.37","alternatives":[{"confidence":"1.0","content":"이렇게"}],"type":"pronunciation"},{"start_time":"16.37","end_time":"16.69","alternatives":[{"confidence":"0.9541999999999999","content":"변동이"}],"type":"pronunciation"},{"start_time":"16.69","end_time":"16.81","alternatives":[{"confidence":"0.9985","content":"될"}],"type":"pronunciation"},{"start_time":"16.81","end_time":"16.89","alternatives":[{"confidence":"0.9982","content":"수"}],"type":"pronunciation"},{"start_time":"16.89","end_time":"17.41","alternatives":[{"confidence":"0.9466","content":"있다고"}],"type":"pronunciation"},{"start_time":"17.41","end_time":"17.96","alternatives":[{"confidence":"0.6203999999999998","content":"학장금리를"}],"type":"pronunciation"},{"start_time":"17.96","end_time":"18.25","alternatives":[{"confidence":"0.8164","content":"받아야"}],"type":"pronunciation"},{"start_time":"18.25","end_time":"18.67","alternatives":[{"confidence":"0.076","content":"되냐"}],"type":"pronunciation"},{"alternatives":[{"confidence":"0.0","content":"?"}],"type":"punctuation"},{"start_time":"19.16","end_time":"19.52","alternatives":[{"confidence":"0.0564","content":"이러면서"}],"type":"pronunciation"},{"start_time":"20.22","end_time":"20.8","alternatives":[{"confidence":"0.9307","content":"돈을"}],"type":"pronunciation"},{"start_time":"20.8","end_time":"20.98","alternatives":[{"confidence":"0.9092","content":"내야"}],"type":"pronunciation"},{"start_time":"20.98","end_time":"21.26","alternatives":[{"confidence":"0.8089","content":"한다는"}],"type":"pronunciation"},{"start_time":"21.26","end_time":"21.63","alternatives":[{"confidence":"0.9618","content":"거예요"}],"type":"pronunciation"},{"alternatives":[{"confidence":"0.0","content":"."}],"type":"punctuation"},{"start_time":"22.52","end_time":"22.68","alternatives":[{"confidence":"0.1214","content":"이거"}],"type":"pronunciation"},{"start_time":"22.68","end_time":"23.36","alternatives":[{"confidence":"0.00655","content":"금감원에서"}],"type":"pronunciation"},{"start_time":"23.36","end_time":"23.6","alternatives":[{"confidence":"0.0031","content":"아마"}],"type":"pronunciation"},{"start_time":"24.14","end_time":"24.37","alternatives":[{"confidence":"0.4137","content":"받는"}],"type":"pronunciation"},{"start_time":"24.37","end_time":"24.72","alternatives":[{"confidence":"0.7762","content":"부분인데"}],"type":"pronunciation"},{"start_time":"24.72","end_time":"24.86","alternatives":[{"confidence":"0.3182","content":"이거"}],"type":"pronunciation"},{"start_time":"24.86","end_time":"26.36","alternatives":[{"confidence":"0.4495","content":"고객님부분이"}],"type":"pronunciation"},{"start_time":"26.75","end_time":"27.25","alternatives":[{"confidence":"0.9417333333333334","content":"나오셨다고"}],"type":"pronunciation"},{"start_time":"27.25","end_time":"27.42","alternatives":[{"confidence":"0.2829","content":"하면"}],"type":"pronunciation"},{"start_time":"27.42","end_time":"27.82","alternatives":[{"confidence":"0.6698","content":"이거"}],"type":"pronunciation"},{"start_time":"27.82","end_time":"28.24","alternatives":[{"confidence":"0.7405999999999999","content":"나빠하실"}],"type":"pronunciation"},{"start_time":"28.24","end_time":"28.5","alternatives":[{"confidence":"1.0","content":"필요가"}],"type":"pronunciation"},{"start_time":"28.5","end_time":"28.98","alternatives":[{"confidence":"0.9975","content":"없습니다"}],"type":"pronunciation"},{"alternatives":[{"confidence":"0.0","content":"."}],"type":"punctuation"},{"start_time":"30.51","end_time":"30.69","alternatives":[{"confidence":"0.8032","content":"이거"}],"type":"pronunciation"},{"start_time":"30.69","end_time":"30.94","alternatives":[{"confidence":"0.999","content":"제가"}],"type":"pronunciation"},{"start_time":"30.94","end_time":"31.2","alternatives":[{"confidence":"0.9916","content":"지금"}],"type":"pronunciation"},{"start_time":"31.2","end_time":"31.58","alternatives":[{"confidence":"0.9252","content":"가까운"}],"type":"pronunciation"},{"start_time":"31.81","end_time":"32.23","alternatives":[{"confidence":"0.91435","content":"등록시켜"}],"type":"pronunciation"},{"start_time":"32.23","end_time":"33.06","alternatives":[{"confidence":"0.99095","content":"드렸거든요"}],"type":"pronunciation"},{"start_time":"35.44","end_time":"35.66","alternatives":[{"confidence":"0.7274","content":"지금"}],"type":"pronunciation"},{"start_time":"36.01","end_time":"36.49","alternatives":[{"confidence":"0.9608","content":"이거"}],"type":"pronunciation"},{"start_time":"36.52","end_time":"36.73","alternatives":[{"confidence":"0.9727","content":"지금"}],"type":"pronunciation"},{"start_time":"36.73","end_time":"37.18","alternatives":[{"confidence":"0.5487499999999998","content":"납부해야"}],"type":"pronunciation"},{"start_time":"37.18","end_time":"37.44","alternatives":[{"confidence":"0.909","content":"된다고"}],"type":"pronunciation"},{"start_time":"37.44","end_time":"38.17","alternatives":[{"confidence":"0.86965","content":"말씀하시던가요"}],"type":"pronunciation"},{"alternatives":[{"confidence":"0.0","content":"."}],"type":"punctuation"},{"start_time":"40.06","end_time":"40.24","alternatives":[{"confidence":"0.1461","content":"이거"}],"type":"pronunciation"},{"start_time":"41.15","end_time":"41.32","alternatives":[{"confidence":"0.387","content":"이거"}],"type":"pronunciation"},{"start_time":"41.32","end_time":"41.56","alternatives":[{"confidence":"0.9937","content":"제가"}],"type":"pronunciation"},{"start_time":"41.56","end_time":"41.96","alternatives":[{"confidence":"0.9189","content":"올라가서"}],"type":"pronunciation"},{"start_time":"42.73","end_time":"42.9","alternatives":[{"confidence":"0.0365","content":"이거"}],"type":"pronunciation"},{"start_time":"43.45","end_time":"43.53","alternatives":[{"confidence":"0.2127","content":"안"}],"type":"pronunciation"},{"start_time":"43.53","end_time":"43.74","alternatives":[{"confidence":"0.4778","content":"하셔도"}],"type":"pronunciation"},{"start_time":"43.74","end_time":"43.87","alternatives":[{"confidence":"0.1898","content":"될"}],"type":"pronunciation"},{"start_time":"45.95","end_time":"46.41","alternatives":[{"confidence":"1.0","content":"그래서"}],"type":"pronunciation"},{"start_time":"46.41","end_time":"46.62","alternatives":[{"confidence":"0.9164","content":"제가"}],"type":"pronunciation"},{"start_time":"47.39","end_time":"47.64","alternatives":[{"confidence":"0.014","content":"다시"}],"type":"pronunciation"},{"start_time":"50.42","end_time":"50.53","alternatives":[{"confidence":"0.2048","content":"이거"}],"type":"pronunciation"},{"start_time":"50.53","end_time":"51.14","alternatives":[{"confidence":"0.7067666666666668","content":"나빠안하셔도"}],"type":"pronunciation"},{"start_time":"51.14","end_time":"51.45","alternatives":[{"confidence":"0.9806","content":"되세요"}],"type":"pronunciation"},{"alternatives":[{"confidence":"0.0","content":"."}],"type":"punctuation"},{"start_time":"51.45","end_time":"51.94","alternatives":[{"confidence":"0.7894","content":"본인이"}],"type":"pronunciation"},{"start_time":"53.38","end_time":"53.63","alternatives":[{"confidence":"0.6201","content":"지금"}],"type":"pronunciation"},{"start_time":"54.46","end_time":"54.69","alternatives":[{"confidence":"0.9995","content":"깜짝"}],"type":"pronunciation"},{"start_time":"54.69","end_time":"55.3","alternatives":[{"confidence":"0.83565","content":"놀라가지고"}],"type":"pronunciation"},{"start_time":"55.33","end_time":"55.48","alternatives":[{"confidence":"0.9796","content":"이제"}],"type":"pronunciation"},{"start_time":"55.51","end_time":"55.67","alternatives":[{"confidence":"0.7697","content":"좀"}],"type":"pronunciation"},{"start_time":"55.67","end_time":"55.94","alternatives":[{"confidence":"0.9925","content":"내용이"}],"type":"pronunciation"},{"start_time":"55.94","end_time":"56.15","alternatives":[{"confidence":"0.9999","content":"어떻게"}],"type":"pronunciation"},{"start_time":"56.15","end_time":"56.27","alternatives":[{"confidence":"0.9242","content":"된"}],"type":"pronunciation"},{"start_time":"56.27","end_time":"56.5","alternatives":[{"confidence":"0.9972","content":"건지"}],"type":"pronunciation"},{"start_time":"56.5","end_time":"56.83","alternatives":[{"confidence":"0.9044","content":"알고"}],"type":"pronunciation"},{"start_time":"56.83","end_time":"57.02","alternatives":[{"confidence":"0.9722","content":"제가"}],"type":"pronunciation"},{"start_time":"57.08","end_time":"58.04","alternatives":[{"confidence":"1.0","content":"올라가서"}],"type":"pronunciation"},{"start_time":"58.43","end_time":"58.77","alternatives":[{"confidence":"0.709","content":"대책을"}],"type":"pronunciation"},{"start_time":"58.77","end_time":"59.58","alternatives":[{"confidence":"0.9104","content":"해야되니까요"}],"type":"pronunciation"},{"start_time":"60.15","end_time":"60.68","alternatives":[{"confidence":"0.97575","content":"없으셨어요"}],"type":"pronunciation"},{"alternatives":[{"confidence":"0.0","content":"."}],"type":"punctuation"},{"start_time":"61.97","end_time":"62.43","alternatives":[{"confidence":"0.9863","content":"그러니까"}],"type":"pronunciation"},{"start_time":"62.43","end_time":"62.66","alternatives":[{"confidence":"0.9947","content":"이게"}],"type":"pronunciation"},{"start_time":"62.66","end_time":"63.06","alternatives":[{"confidence":"0.8864","content":"가까운"}],"type":"pronunciation"},{"start_time":"63.19","end_time":"63.83","alternatives":[{"confidence":"0.6380333333333333","content":"충족시켜드린"}],"type":"pronunciation"},{"start_time":"63.83","end_time":"64.24","alternatives":[{"confidence":"0.9939","content":"부분으로"}],"type":"pronunciation"},{"start_time":"64.63","end_time":"65.27","alternatives":[{"confidence":"0.0616","content":"면접을"}],"type":"pronunciation"},{"start_time":"65.27","end_time":"65.44","alternatives":[{"confidence":"0.8555","content":"제가"}],"type":"pronunciation"},{"start_time":"65.44","end_time":"66.28","alternatives":[{"confidence":"0.9776666666666666","content":"올려드렸어요"}],"type":"pronunciation"},{"alternatives":[{"confidence":"0.0","content":"."}],"type":"punctuation"},{"start_time":"66.4","end_time":"66.64","alternatives":[{"confidence":"0.5266","content":"근데"}],"type":"pronunciation"},{"start_time":"66.64","end_time":"67.09","alternatives":[{"confidence":"0.9902","content":"지금"}],"type":"pronunciation"},{"start_time":"67.5","end_time":"67.68","alternatives":[{"confidence":"0.9479","content":"그게"}],"type":"pronunciation"},{"start_time":"67.68","end_time":"67.96","alternatives":[{"confidence":"0.9915","content":"지금"}],"type":"pronunciation"},{"start_time":"68.05","end_time":"68.65","alternatives":[{"confidence":"1.0","content":"얘기가"}],"type":"pronunciation"},{"start_time":"68.65","end_time":"68.9","alternatives":[{"confidence":"0.87305","content":"나오신"}],"type":"pronunciation"},{"start_time":"68.9","end_time":"68.97","alternatives":[{"confidence":"0.8345","content":"거"}],"type":"pronunciation"},{"start_time":"68.97","end_time":"69.67","alternatives":[{"confidence":"0.9964","content":"보니까"}],"type":"pronunciation"},{"start_time":"69.7","end_time":"69.89","alternatives":[{"confidence":"0.103","content":"이것"}],"type":"pronunciation"},{"start_time":"69.98","end_time":"70.57","alternatives":[{"confidence":"0.53025","content":"저것"}],"type":"pronunciation"},{"start_time":"70.57","end_time":"71.05","alternatives":[{"confidence":"0.99175","content":"같고요"}],"type":"pronunciation"},{"alternatives":[{"confidence":"0.0","content":"."}],"type":"punctuation"},{"start_time":"71.2","end_time":"72.02","alternatives":[{"confidence":"0.9999","content":"올라가서"}],"type":"pronunciation"},{"start_time":"72.37","end_time":"72.68","alternatives":[{"confidence":"0.6026","content":"확인해"}],"type":"pronunciation"},{"start_time":"72.68","end_time":"72.83","alternatives":[{"confidence":"0.4403","content":"보고"}],"type":"pronunciation"},{"start_time":"72.83","end_time":"73.04","alternatives":[{"confidence":"0.9717","content":"바로"}],"type":"pronunciation"},{"start_time":"73.04","end_time":"73.5","alternatives":[{"confidence":"0.9682999999999999","content":"오겠습니다"}],"type":"pronunciation"},{"alternatives":[{"confidence":"0.0","content":"."}],"type":"punctuation"},{"start_time":"73.5","end_time":"73.62","alternatives":[{"confidence":"0.1615","content":"이거"}],"type":"pronunciation"},{"start_time":"73.62","end_time":"73.97","alternatives":[{"confidence":"0.3104","content":"나쁜"}],"type":"pronunciation"},{"start_time":"73.97","end_time":"74.15","alternatives":[{"confidence":"0.8319","content":"하셔야"}],"type":"pronunciation"},{"start_time":"74.15","end_time":"74.58","alternatives":[{"confidence":"0.87685","content":"되니까요"}],"type":"pronunciation"},{"alternatives":[{"confidence":"0.0","content":"."}],"type":"punctuation"},{"start_time":"74.58","end_time":"75.48","alternatives":[{"confidence":"0.8562","content":"걱정마시고요"}],"type":"pronunciation"},{"alternatives":[{"confidence":"0.0","content":"."}],"type":"punctuation"}]},"status":"COMPLETED"}