{"jobName":"transcribe_loan125","accountId":"097989105209","results":{"transcripts":[{"transcript":"네. 여보세요. 맞으시죠. 네. 거긴 안녕하세요. 여기는 신한캐피탈입니다. 네, 네. 곡이 님께서 다른 쪽에 대출 문이라 하셨는데 하셨기 때문에 저희 쪽에서 이제 새로운 이벤트 상품으로 연락드린 것 같아요. 네. 일단은 필요 없으십니까?"}],"items":[{"start_time":"1.35","end_time":"1.51","alternatives":[{"confidence":"0.6643","content":"네"}],"type":"pronunciation"},{"alternatives":[{"confidence":"0.0","content":"."}],"type":"punctuation"},{"start_time":"1.51","end_time":"1.95","alternatives":[{"confidence":"1.0","content":"여보세요"}],"type":"pronunciation"},{"alternatives":[{"confidence":"0.0","content":"."}],"type":"punctuation"},{"start_time":"2.61","end_time":"3.4","alternatives":[{"confidence":"0.2908","content":"맞으시죠"}],"type":"pronunciation"},{"alternatives":[{"confidence":"0.0","content":"."}],"type":"punctuation"},{"start_time":"4.26","end_time":"4.42","alternatives":[{"confidence":"0.9292","content":"네"}],"type":"pronunciation"},{"alternatives":[{"confidence":"0.0","content":"."}],"type":"punctuation"},{"start_time":"4.42","end_time":"4.69","alternatives":[{"confidence":"0.9179","content":"거긴"}],"type":"pronunciation"},{"start_time":"4.69","end_time":"5.26","alternatives":[{"confidence":"0.9999","content":"안녕하세요"}],"type":"pronunciation"},{"alternatives":[{"confidence":"0.0","content":"."}],"type":"punctuation"},{"start_time":"5.26","end_time":"5.48","alternatives":[{"confidence":"0.6369","content":"여기는"}],"type":"pronunciation"},{"start_time":"5.48","end_time":"6.71","alternatives":[{"confidence":"0.9733666666666667","content":"신한캐피탈입니다"}],"type":"pronunciation"},{"alternatives":[{"confidence":"0.0","content":"."}],"type":"punctuation"},{"start_time":"8.07","end_time":"8.3","alternatives":[{"confidence":"0.2442","content":"네"}],"type":"pronunciation"},{"alternatives":[{"confidence":"0.0","content":","}],"type":"punctuation"},{"start_time":"8.3","end_time":"8.74","alternatives":[{"confidence":"0.242","content":"네"}],"type":"pronunciation"},{"alternatives":[{"confidence":"0.0","content":"."}],"type":"punctuation"},{"start_time":"8.91","end_time":"9.16","alternatives":[{"confidence":"0.1244","content":"곡이"}],"type":"pronunciation"},{"start_time":"9.16","end_time":"9.56","alternatives":[{"confidence":"0.9957","content":"님께서"}],"type":"pronunciation"},{"start_time":"9.56","end_time":"9.86","alternatives":[{"confidence":"0.8924","content":"다른"}],"type":"pronunciation"},{"start_time":"9.86","end_time":"10.07","alternatives":[{"confidence":"0.6137","content":"쪽에"}],"type":"pronunciation"},{"start_time":"10.07","end_time":"10.36","alternatives":[{"confidence":"0.5659","content":"대출"}],"type":"pronunciation"},{"start_time":"10.36","end_time":"10.6","alternatives":[{"confidence":"0.75265","content":"문이라"}],"type":"pronunciation"},{"start_time":"10.6","end_time":"11.58","alternatives":[{"confidence":"1.0","content":"하셨는데"}],"type":"pronunciation"},{"start_time":"11.91","end_time":"12.21","alternatives":[{"confidence":"0.92405","content":"하셨기"}],"type":"pronunciation"},{"start_time":"12.21","end_time":"12.51","alternatives":[{"confidence":"0.9998","content":"때문에"}],"type":"pronunciation"},{"start_time":"12.51","end_time":"12.76","alternatives":[{"confidence":"0.7796","content":"저희"}],"type":"pronunciation"},{"start_time":"12.76","end_time":"13.31","alternatives":[{"confidence":"1.0","content":"쪽에서"}],"type":"pronunciation"},{"start_time":"13.31","end_time":"13.48","alternatives":[{"confidence":"0.9999","content":"이제"}],"type":"pronunciation"},{"start_time":"13.49","end_time":"13.84","alternatives":[{"confidence":"0.9993","content":"새로운"}],"type":"pronunciation"},{"start_time":"13.84","end_time":"14.17","alternatives":[{"confidence":"0.9656","content":"이벤트"}],"type":"pronunciation"},{"start_time":"14.17","end_time":"14.59","alternatives":[{"confidence":"0.902","content":"상품으로"}],"type":"pronunciation"},{"start_time":"14.59","end_time":"14.99","alternatives":[{"confidence":"0.98655","content":"연락드린"}],"type":"pronunciation"},{"start_time":"14.99","end_time":"15.08","alternatives":[{"confidence":"0.5938","content":"것"}],"type":"pronunciation"},{"start_time":"15.08","end_time":"15.24","alternatives":[{"confidence":"0.0828","content":"같아요"}],"type":"pronunciation"},{"alternatives":[{"confidence":"0.0","content":"."}],"type":"punctuation"},{"start_time":"17.98","end_time":"18.42","alternatives":[{"confidence":"0.1344","content":"네"}],"type":"pronunciation"},{"alternatives":[{"confidence":"0.0","content":"."}],"type":"punctuation"},{"start_time":"18.42","end_time":"18.76","alternatives":[{"confidence":"0.9903","content":"일단은"}],"type":"pronunciation"},{"start_time":"18.76","end_time":"18.93","alternatives":[{"confidence":"0.9801","content":"필요"}],"type":"pronunciation"},{"start_time":"18.93","end_time":"20.01","alternatives":[{"confidence":"0.6597999999999999","content":"없으십니까"}],"type":"pronunciation"},{"alternatives":[{"confidence":"0.0","content":"?"}],"type":"punctuation"}]},"status":"COMPLETED"}