{"jobName":"transcribe_loan156","accountId":"097989105209","results":{"transcripts":[{"transcript":"안녕하세요 입니다. 그 저희도 국민은행쪽에서 제 들어왔는데요 혹시 어떤 것 때문에 다시 요청 주신거에요 혹시 담당자관리 기자 말씀하셨담당자걸리게 되는 일반적인 곡들을 잘 모르시는 부분이신데 혹시 어떻게 알고 계시는거에요? 님께서 해주신 거에요. 그러니까 알겠습니다. 일단은 담당자관리 사용 가능 하신지 확인 한번 해드려볼텐데요. 통화 중에 감당하시니까 전화 끊지 마시고 기다려주시고요 몇 가지 부가적인 안내를 도와드려보자면요. 저희가 담당자관리계좌를 열람해 드리게 되면요 열람이후에 삼십 분 안쪽으로 상황한 내역이 답변하는 제안이 있으세요? 혹시 바라상황토대는 가능하시고요? 네. 그리고 담당자관리 계절의 열람해 드리게 되면 하는 부분에 있어서 어떠한 용도로 사용이 되시는지 별도의 사회적 정의 필요 하신데요 목이 님이 요청 하에 저희쪽 채무권 정리하시는 걸로 정해드려보겠습니다? 네. 담당자걸리게 되는 정상적으로 이용가능하시고요 저희가 말씀 들어볼 텐데 혹시 메모괜찮으신가요? 네, 개설은행은 기업은행으로 배정이 되었고요. 담당자관리계좌팀장입니다 하신 부분 확인 한 번 부탁드려볼게요. 네, 맞습니다. 향한 하시고 나서 저희 쪽으로 내가 주시면요 라고 하시네요. 확인해서 국민 책으로 완납교체서로. 발송해드리도록 하겠고요 마음에도 기회 되신다면 저희 현재 출근해 많은 이용 부탁 드려보겠습니다. 네, 감사합니다."}],"items":[{"start_time":"0.27","end_time":"0.75","alternatives":[{"confidence":"2.0E-4","content":"안녕하세요"}],"type":"pronunciation"},{"start_time":"2.59","end_time":"2.88","alternatives":[{"confidence":"0.0355","content":"입니다"}],"type":"pronunciation"},{"alternatives":[{"confidence":"0.0","content":"."}],"type":"punctuation"},{"start_time":"3.84","end_time":"4.23","alternatives":[{"confidence":"0.6638","content":"그"}],"type":"pronunciation"},{"start_time":"4.26","end_time":"4.62","alternatives":[{"confidence":"0.8892","content":"저희도"}],"type":"pronunciation"},{"start_time":"4.62","end_time":"5.62","alternatives":[{"confidence":"0.8191999999999999","content":"국민은행쪽에서"}],"type":"pronunciation"},{"start_time":"5.62","end_time":"5.75","alternatives":[{"confidence":"0.1004","content":"제"}],"type":"pronunciation"},{"start_time":"6.05","end_time":"7.57","alternatives":[{"confidence":"0.21785000000000002","content":"들어왔는데요"}],"type":"pronunciation"},{"start_time":"7.81","end_time":"8.04","alternatives":[{"confidence":"1.0","content":"혹시"}],"type":"pronunciation"},{"start_time":"8.04","end_time":"8.38","alternatives":[{"confidence":"0.9771","content":"어떤"}],"type":"pronunciation"},{"start_time":"8.38","end_time":"8.56","alternatives":[{"confidence":"0.7539","content":"것"}],"type":"pronunciation"},{"start_time":"8.59","end_time":"8.94","alternatives":[{"confidence":"0.9989","content":"때문에"}],"type":"pronunciation"},{"start_time":"8.94","end_time":"9.26","alternatives":[{"confidence":"0.9921","content":"다시"}],"type":"pronunciation"},{"start_time":"9.26","end_time":"9.57","alternatives":[{"confidence":"0.4958","content":"요청"}],"type":"pronunciation"},{"start_time":"9.57","end_time":"11.02","alternatives":[{"confidence":"0.7046","content":"주신거에요"}],"type":"pronunciation"},{"start_time":"13.66","end_time":"13.91","alternatives":[{"confidence":"1.0","content":"혹시"}],"type":"pronunciation"},{"start_time":"13.91","end_time":"14.6","alternatives":[{"confidence":"0.7557499999999999","content":"담당자관리"}],"type":"pronunciation"},{"start_time":"14.6","end_time":"14.78","alternatives":[{"confidence":"0.3647","content":"기자"}],"type":"pronunciation"},{"start_time":"14.78","end_time":"17.25","alternatives":[{"confidence":"0.5462","content":"말씀하셨담당자걸리게"}],"type":"pronunciation"},{"start_time":"17.25","end_time":"17.49","alternatives":[{"confidence":"0.6804","content":"되는"}],"type":"pronunciation"},{"start_time":"17.49","end_time":"18.03","alternatives":[{"confidence":"0.9998","content":"일반적인"}],"type":"pronunciation"},{"start_time":"18.03","end_time":"18.48","alternatives":[{"confidence":"0.24780000000000002","content":"곡들을"}],"type":"pronunciation"},{"start_time":"18.48","end_time":"18.62","alternatives":[{"confidence":"0.9989","content":"잘"}],"type":"pronunciation"},{"start_time":"18.62","end_time":"19.07","alternatives":[{"confidence":"0.99945","content":"모르시는"}],"type":"pronunciation"},{"start_time":"19.07","end_time":"20.25","alternatives":[{"confidence":"0.8092","content":"부분이신데"}],"type":"pronunciation"},{"start_time":"20.81","end_time":"21.04","alternatives":[{"confidence":"0.9987","content":"혹시"}],"type":"pronunciation"},{"start_time":"21.04","end_time":"21.77","alternatives":[{"confidence":"0.999","content":"어떻게"}],"type":"pronunciation"},{"start_time":"21.77","end_time":"21.98","alternatives":[{"confidence":"0.9939","content":"알고"}],"type":"pronunciation"},{"start_time":"21.98","end_time":"23.04","alternatives":[{"confidence":"0.95295","content":"계시는거에요"}],"type":"pronunciation"},{"alternatives":[{"confidence":"0.0","content":"?"}],"type":"punctuation"},{"start_time":"27.92","end_time":"28.62","alternatives":[{"confidence":"0.1197","content":"님께서"}],"type":"pronunciation"},{"start_time":"28.92","end_time":"29.28","alternatives":[{"confidence":"0.7286","content":"해주신"}],"type":"pronunciation"},{"start_time":"29.28","end_time":"30.06","alternatives":[{"confidence":"0.9399","content":"거에요"}],"type":"pronunciation"},{"alternatives":[{"confidence":"0.0","content":"."}],"type":"punctuation"},{"start_time":"30.74","end_time":"31.25","alternatives":[{"confidence":"0.5461","content":"그러니까"}],"type":"pronunciation"},{"start_time":"31.25","end_time":"32.01","alternatives":[{"confidence":"0.9952","content":"알겠습니다"}],"type":"pronunciation"},{"alternatives":[{"confidence":"0.0","content":"."}],"type":"punctuation"},{"start_time":"32.42","end_time":"32.75","alternatives":[{"confidence":"0.8891","content":"일단은"}],"type":"pronunciation"},{"start_time":"32.75","end_time":"33.35","alternatives":[{"confidence":"0.6795","content":"담당자관리"}],"type":"pronunciation"},{"start_time":"33.57","end_time":"33.79","alternatives":[{"confidence":"0.7332","content":"사용"}],"type":"pronunciation"},{"start_time":"33.79","end_time":"34.02","alternatives":[{"confidence":"0.9667","content":"가능"}],"type":"pronunciation"},{"start_time":"34.02","end_time":"34.37","alternatives":[{"confidence":"0.9384","content":"하신지"}],"type":"pronunciation"},{"start_time":"34.47","end_time":"34.91","alternatives":[{"confidence":"0.7468","content":"확인"}],"type":"pronunciation"},{"start_time":"34.91","end_time":"35.1","alternatives":[{"confidence":"0.8933","content":"한번"}],"type":"pronunciation"},{"start_time":"35.1","end_time":"36.18","alternatives":[{"confidence":"0.66645","content":"해드려볼텐데요"}],"type":"pronunciation"},{"alternatives":[{"confidence":"0.0","content":"."}],"type":"punctuation"},{"start_time":"36.39","end_time":"36.64","alternatives":[{"confidence":"0.7672","content":"통화"}],"type":"pronunciation"},{"start_time":"36.64","end_time":"36.81","alternatives":[{"confidence":"0.9973","content":"중에"}],"type":"pronunciation"},{"start_time":"36.81","end_time":"37.58","alternatives":[{"confidence":"0.6971666666666666","content":"감당하시니까"}],"type":"pronunciation"},{"start_time":"37.58","end_time":"37.84","alternatives":[{"confidence":"0.9012","content":"전화"}],"type":"pronunciation"},{"start_time":"37.84","end_time":"38.1","alternatives":[{"confidence":"0.9955499999999999","content":"끊지"}],"type":"pronunciation"},{"start_time":"38.1","end_time":"38.47","alternatives":[{"confidence":"1.0","content":"마시고"}],"type":"pronunciation"},{"start_time":"38.47","end_time":"39.57","alternatives":[{"confidence":"0.9864","content":"기다려주시고요"}],"type":"pronunciation"},{"start_time":"39.93","end_time":"40.15","alternatives":[{"confidence":"0.9985","content":"몇"}],"type":"pronunciation"},{"start_time":"40.15","end_time":"40.38","alternatives":[{"confidence":"0.9954","content":"가지"}],"type":"pronunciation"},{"start_time":"40.38","end_time":"40.89","alternatives":[{"confidence":"0.98925","content":"부가적인"}],"type":"pronunciation"},{"start_time":"40.89","end_time":"41.2","alternatives":[{"confidence":"0.9949","content":"안내를"}],"type":"pronunciation"},{"start_time":"41.2","end_time":"42.57","alternatives":[{"confidence":"0.9536999999999999","content":"도와드려보자면요"}],"type":"pronunciation"},{"alternatives":[{"confidence":"0.0","content":"."}],"type":"punctuation"},{"start_time":"42.81","end_time":"43.12","alternatives":[{"confidence":"1.0","content":"저희가"}],"type":"pronunciation"},{"start_time":"43.12","end_time":"44.03","alternatives":[{"confidence":"0.615425","content":"담당자관리계좌를"}],"type":"pronunciation"},{"start_time":"44.03","end_time":"44.4","alternatives":[{"confidence":"0.9389000000000001","content":"열람해"}],"type":"pronunciation"},{"start_time":"44.4","end_time":"44.62","alternatives":[{"confidence":"0.88415","content":"드리게"}],"type":"pronunciation"},{"start_time":"44.62","end_time":"45.42","alternatives":[{"confidence":"0.999","content":"되면요"}],"type":"pronunciation"},{"start_time":"45.51","end_time":"46.28","alternatives":[{"confidence":"0.99655","content":"열람이후에"}],"type":"pronunciation"},{"start_time":"46.28","end_time":"46.6","alternatives":[{"confidence":"0.5755","content":"삼십"}],"type":"pronunciation"},{"start_time":"46.6","end_time":"46.75","alternatives":[{"confidence":"0.9902","content":"분"}],"type":"pronunciation"},{"start_time":"46.75","end_time":"47.23","alternatives":[{"confidence":"0.9975","content":"안쪽으로"}],"type":"pronunciation"},{"start_time":"47.23","end_time":"47.68","alternatives":[{"confidence":"0.7359","content":"상황한"}],"type":"pronunciation"},{"start_time":"47.68","end_time":"47.97","alternatives":[{"confidence":"0.91935","content":"내역이"}],"type":"pronunciation"},{"start_time":"47.97","end_time":"48.42","alternatives":[{"confidence":"0.8801","content":"답변하는"}],"type":"pronunciation"},{"start_time":"48.42","end_time":"48.69","alternatives":[{"confidence":"0.8513999999999999","content":"제안이"}],"type":"pronunciation"},{"start_time":"48.69","end_time":"49.65","alternatives":[{"confidence":"0.9997","content":"있으세요"}],"type":"pronunciation"},{"alternatives":[{"confidence":"0.0","content":"?"}],"type":"punctuation"},{"start_time":"49.98","end_time":"50.26","alternatives":[{"confidence":"1.0","content":"혹시"}],"type":"pronunciation"},{"start_time":"50.26","end_time":"51.24","alternatives":[{"confidence":"0.511975","content":"바라상황토대는"}],"type":"pronunciation"},{"start_time":"51.24","end_time":"52.14","alternatives":[{"confidence":"0.8397333333333333","content":"가능하시고요"}],"type":"pronunciation"},{"alternatives":[{"confidence":"0.0","content":"?"}],"type":"punctuation"},{"start_time":"52.62","end_time":"52.77","alternatives":[{"confidence":"0.9793","content":"네"}],"type":"pronunciation"},{"alternatives":[{"confidence":"0.0","content":"."}],"type":"punctuation"},{"start_time":"52.77","end_time":"53.31","alternatives":[{"confidence":"0.982","content":"그리고"}],"type":"pronunciation"},{"start_time":"53.58","end_time":"54.2","alternatives":[{"confidence":"0.8694999999999999","content":"담당자관리"}],"type":"pronunciation"},{"start_time":"54.2","end_time":"54.52","alternatives":[{"confidence":"0.56185","content":"계절의"}],"type":"pronunciation"},{"start_time":"54.52","end_time":"54.88","alternatives":[{"confidence":"0.8841","content":"열람해"}],"type":"pronunciation"},{"start_time":"54.88","end_time":"55.12","alternatives":[{"confidence":"0.7994","content":"드리게"}],"type":"pronunciation"},{"start_time":"55.12","end_time":"55.68","alternatives":[{"confidence":"0.8968","content":"되면"}],"type":"pronunciation"},{"start_time":"55.89","end_time":"56.1","alternatives":[{"confidence":"0.8188","content":"하는"}],"type":"pronunciation"},{"start_time":"56.1","end_time":"56.39","alternatives":[{"confidence":"0.9998","content":"부분에"}],"type":"pronunciation"},{"start_time":"56.39","end_time":"56.77","alternatives":[{"confidence":"0.9992","content":"있어서"}],"type":"pronunciation"},{"start_time":"56.77","end_time":"57.19","alternatives":[{"confidence":"0.8255","content":"어떠한"}],"type":"pronunciation"},{"start_time":"57.19","end_time":"57.53","alternatives":[{"confidence":"1.0","content":"용도로"}],"type":"pronunciation"},{"start_time":"57.53","end_time":"57.84","alternatives":[{"confidence":"0.3648","content":"사용이"}],"type":"pronunciation"},{"start_time":"57.84","end_time":"58.79","alternatives":[{"confidence":"0.97915","content":"되시는지"}],"type":"pronunciation"},{"start_time":"59.08","end_time":"59.59","alternatives":[{"confidence":"1.0","content":"별도의"}],"type":"pronunciation"},{"start_time":"59.59","end_time":"59.93","alternatives":[{"confidence":"0.4046","content":"사회적"}],"type":"pronunciation"},{"start_time":"59.93","end_time":"60.14","alternatives":[{"confidence":"0.1598","content":"정의"}],"type":"pronunciation"},{"start_time":"60.14","end_time":"60.33","alternatives":[{"confidence":"0.3726","content":"필요"}],"type":"pronunciation"},{"start_time":"60.33","end_time":"61.07","alternatives":[{"confidence":"0.8501000000000001","content":"하신데요"}],"type":"pronunciation"},{"start_time":"61.68","end_time":"61.91","alternatives":[{"confidence":"0.3944","content":"목이"}],"type":"pronunciation"},{"start_time":"61.91","end_time":"62.09","alternatives":[{"confidence":"0.3274","content":"님이"}],"type":"pronunciation"},{"start_time":"62.09","end_time":"62.36","alternatives":[{"confidence":"0.5607","content":"요청"}],"type":"pronunciation"},{"start_time":"62.36","end_time":"62.56","alternatives":[{"confidence":"0.7879","content":"하에"}],"type":"pronunciation"},{"start_time":"62.56","end_time":"62.85","alternatives":[{"confidence":"0.33305","content":"저희쪽"}],"type":"pronunciation"},{"start_time":"62.85","end_time":"63.22","alternatives":[{"confidence":"0.7832","content":"채무권"}],"type":"pronunciation"},{"start_time":"63.22","end_time":"63.69","alternatives":[{"confidence":"0.9234","content":"정리하시는"}],"type":"pronunciation"},{"start_time":"63.69","end_time":"64.37","alternatives":[{"confidence":"0.972","content":"걸로"}],"type":"pronunciation"},{"start_time":"64.65","end_time":"65.67","alternatives":[{"confidence":"0.7474666666666666","content":"정해드려보겠습니다"}],"type":"pronunciation"},{"alternatives":[{"confidence":"0.0","content":"?"}],"type":"punctuation"},{"start_time":"66.49","end_time":"66.74","alternatives":[{"confidence":"0.0848","content":"네"}],"type":"pronunciation"},{"alternatives":[{"confidence":"0.0","content":"."}],"type":"punctuation"},{"start_time":"67.41","end_time":"67.99","alternatives":[{"confidence":"0.9511666666666666","content":"담당자걸리게"}],"type":"pronunciation"},{"start_time":"67.99","end_time":"68.21","alternatives":[{"confidence":"0.8177","content":"되는"}],"type":"pronunciation"},{"start_time":"68.21","end_time":"68.86","alternatives":[{"confidence":"1.0","content":"정상적으로"}],"type":"pronunciation"},{"start_time":"68.86","end_time":"70.14","alternatives":[{"confidence":"0.754075","content":"이용가능하시고요"}],"type":"pronunciation"},{"start_time":"70.34","end_time":"70.69","alternatives":[{"confidence":"1.0","content":"저희가"}],"type":"pronunciation"},{"start_time":"70.69","end_time":"70.94","alternatives":[{"confidence":"0.6093","content":"말씀"}],"type":"pronunciation"},{"start_time":"70.94","end_time":"71.2","alternatives":[{"confidence":"0.44345","content":"들어볼"}],"type":"pronunciation"},{"start_time":"71.2","end_time":"71.38","alternatives":[{"confidence":"0.9974","content":"텐데"}],"type":"pronunciation"},{"start_time":"71.38","end_time":"71.82","alternatives":[{"confidence":"1.0","content":"혹시"}],"type":"pronunciation"},{"start_time":"71.82","end_time":"73.09","alternatives":[{"confidence":"0.9058666666666667","content":"메모괜찮으신가요"}],"type":"pronunciation"},{"alternatives":[{"confidence":"0.0","content":"?"}],"type":"punctuation"},{"start_time":"73.59","end_time":"73.78","alternatives":[{"confidence":"0.2825","content":"네"}],"type":"pronunciation"},{"alternatives":[{"confidence":"0.0","content":","}],"type":"punctuation"},{"start_time":"73.78","end_time":"74.65","alternatives":[{"confidence":"0.89785","content":"개설은행은"}],"type":"pronunciation"},{"start_time":"74.65","end_time":"75.4","alternatives":[{"confidence":"0.9936000000000001","content":"기업은행으로"}],"type":"pronunciation"},{"start_time":"75.4","end_time":"75.69","alternatives":[{"confidence":"0.99995","content":"배정이"}],"type":"pronunciation"},{"start_time":"75.69","end_time":"76.74","alternatives":[{"confidence":"0.9893000000000001","content":"되었고요"}],"type":"pronunciation"},{"alternatives":[{"confidence":"0.0","content":"."}],"type":"punctuation"},{"start_time":"79.95","end_time":"82.44","alternatives":[{"confidence":"0.9291599999999999","content":"담당자관리계좌팀장입니다"}],"type":"pronunciation"},{"start_time":"83.48","end_time":"83.71","alternatives":[{"confidence":"0.9649","content":"하신"}],"type":"pronunciation"},{"start_time":"83.71","end_time":"84.01","alternatives":[{"confidence":"0.9147","content":"부분"}],"type":"pronunciation"},{"start_time":"84.01","end_time":"84.27","alternatives":[{"confidence":"0.5629","content":"확인"}],"type":"pronunciation"},{"start_time":"84.27","end_time":"84.36","alternatives":[{"confidence":"0.3748","content":"한"}],"type":"pronunciation"},{"start_time":"84.36","end_time":"84.45","alternatives":[{"confidence":"0.3449","content":"번"}],"type":"pronunciation"},{"start_time":"84.45","end_time":"85.77","alternatives":[{"confidence":"0.6256666666666667","content":"부탁드려볼게요"}],"type":"pronunciation"},{"alternatives":[{"confidence":"0.0","content":"."}],"type":"punctuation"},{"start_time":"87.36","end_time":"87.6","alternatives":[{"confidence":"0.9967","content":"네"}],"type":"pronunciation"},{"alternatives":[{"confidence":"0.0","content":","}],"type":"punctuation"},{"start_time":"87.6","end_time":"88.25","alternatives":[{"confidence":"1.0","content":"맞습니다"}],"type":"pronunciation"},{"alternatives":[{"confidence":"0.0","content":"."}],"type":"punctuation"},{"start_time":"88.61","end_time":"88.87","alternatives":[{"confidence":"0.2769","content":"향한"}],"type":"pronunciation"},{"start_time":"88.87","end_time":"89.15","alternatives":[{"confidence":"1.0","content":"하시고"}],"type":"pronunciation"},{"start_time":"89.15","end_time":"89.46","alternatives":[{"confidence":"0.9246","content":"나서"}],"type":"pronunciation"},{"start_time":"89.46","end_time":"89.71","alternatives":[{"confidence":"0.8533","content":"저희"}],"type":"pronunciation"},{"start_time":"89.71","end_time":"89.97","alternatives":[{"confidence":"0.9871","content":"쪽으로"}],"type":"pronunciation"},{"start_time":"89.97","end_time":"90.09","alternatives":[{"confidence":"0.7506","content":"내가"}],"type":"pronunciation"},{"start_time":"90.09","end_time":"91.07","alternatives":[{"confidence":"0.99915","content":"주시면요"}],"type":"pronunciation"},{"start_time":"91.25","end_time":"91.41","alternatives":[{"confidence":"0.5863","content":"라고"}],"type":"pronunciation"},{"start_time":"91.41","end_time":"91.86","alternatives":[{"confidence":"0.6262","content":"하시네요"}],"type":"pronunciation"},{"alternatives":[{"confidence":"0.0","content":"."}],"type":"punctuation"},{"start_time":"91.86","end_time":"92.61","alternatives":[{"confidence":"0.9724999999999999","content":"확인해서"}],"type":"pronunciation"},{"start_time":"92.61","end_time":"92.99","alternatives":[{"confidence":"0.5145","content":"국민"}],"type":"pronunciation"},{"start_time":"93.21","end_time":"93.64","alternatives":[{"confidence":"0.7063","content":"책으로"}],"type":"pronunciation"},{"start_time":"93.64","end_time":"94.61","alternatives":[{"confidence":"0.72725","content":"완납교체서로"}],"type":"pronunciation"},{"alternatives":[{"confidence":"0.0","content":"."}],"type":"punctuation"},{"start_time":"94.61","end_time":"95.36","alternatives":[{"confidence":"0.8558","content":"발송해드리도록"}],"type":"pronunciation"},{"start_time":"95.36","end_time":"96.34","alternatives":[{"confidence":"0.9978499999999999","content":"하겠고요"}],"type":"pronunciation"},{"start_time":"96.43","end_time":"96.89","alternatives":[{"confidence":"0.93215","content":"마음에도"}],"type":"pronunciation"},{"start_time":"96.89","end_time":"97.07","alternatives":[{"confidence":"0.6296","content":"기회"}],"type":"pronunciation"},{"start_time":"97.07","end_time":"97.78","alternatives":[{"confidence":"0.9911","content":"되신다면"}],"type":"pronunciation"},{"start_time":"97.78","end_time":"97.95","alternatives":[{"confidence":"0.8908","content":"저희"}],"type":"pronunciation"},{"start_time":"97.95","end_time":"98.2","alternatives":[{"confidence":"0.6756","content":"현재"}],"type":"pronunciation"},{"start_time":"98.2","end_time":"98.91","alternatives":[{"confidence":"0.8488500000000001","content":"출근해"}],"type":"pronunciation"},{"start_time":"99.36","end_time":"99.84","alternatives":[{"confidence":"0.9978","content":"많은"}],"type":"pronunciation"},{"start_time":"99.84","end_time":"100.0","alternatives":[{"confidence":"0.9802","content":"이용"}],"type":"pronunciation"},{"start_time":"100.0","end_time":"100.19","alternatives":[{"confidence":"0.9809","content":"부탁"}],"type":"pronunciation"},{"start_time":"100.19","end_time":"101.0","alternatives":[{"confidence":"0.98455","content":"드려보겠습니다"}],"type":"pronunciation"},{"alternatives":[{"confidence":"0.0","content":"."}],"type":"punctuation"},{"start_time":"102.57","end_time":"102.72","alternatives":[{"confidence":"0.9943","content":"네"}],"type":"pronunciation"},{"alternatives":[{"confidence":"0.0","content":","}],"type":"punctuation"},{"start_time":"102.72","end_time":"103.29","alternatives":[{"confidence":"0.9993","content":"감사합니다"}],"type":"pronunciation"},{"alternatives":[{"confidence":"0.0","content":"."}],"type":"punctuation"}]},"status":"COMPLETED"}