{"jobName":"transcribe_loan176","accountId":"097989105209","results":{"transcripts":[{"transcript":"보세요. 예. 안녕하세요. 저희 하나캐피탈드렸습니다 의원님께서 중개업체 통해서 이제 필요 작은 부분 좀 신청하신 것 때문에 연락을 드린거고요 지금 현재 이용중이신 고금리 권 재무러시아 산하 머니이런 이제 고금리 건 제물이용하시는 부분들십 프로 이하때 전환대화대출로 연락을 드렸습니다. 지금 보시면은 뭐 이제 신용등급부분하고는 관계없이 저희 측에서 연 이자 이제 십 프로 이하때에 저금리 대응한 상품으로 살 론 상품이나 바꿔 드립니다. 이런 상품으로 이제 정부 지원 상품으로 지원 차연락을 드린거고 현재 이용중이신 고금리 권 어디 어디 이용도 있죠? 많이 있죠? 어디 어디 어디 있습니까? 너무 많아가지고 대법관대법관그러면 어디 어디 이용중이세요 한번 보고 전화드릴게요. 네, 네, 알겠습니다 바로 연락 한번 좀 부탁드릴게요. 알겠습니다 네, 네, 네."}],"items":[{"start_time":"1.08","end_time":"1.87","alternatives":[{"confidence":"0.9991","content":"보세요"}],"type":"pronunciation"},{"alternatives":[{"confidence":"0.0","content":"."}],"type":"punctuation"},{"start_time":"3.38","end_time":"3.78","alternatives":[{"confidence":"0.1258","content":"예"}],"type":"pronunciation"},{"alternatives":[{"confidence":"0.0","content":"."}],"type":"punctuation"},{"start_time":"5.87","end_time":"6.5","alternatives":[{"confidence":"1.0","content":"안녕하세요"}],"type":"pronunciation"},{"alternatives":[{"confidence":"0.0","content":"."}],"type":"punctuation"},{"start_time":"6.56","end_time":"6.79","alternatives":[{"confidence":"0.7398","content":"저희"}],"type":"pronunciation"},{"start_time":"6.85","end_time":"9.86","alternatives":[{"confidence":"0.9347","content":"하나캐피탈드렸습니다"}],"type":"pronunciation"},{"start_time":"12.23","end_time":"13.24","alternatives":[{"confidence":"0.96705","content":"의원님께서"}],"type":"pronunciation"},{"start_time":"13.81","end_time":"14.49","alternatives":[{"confidence":"0.61495","content":"중개업체"}],"type":"pronunciation"},{"start_time":"14.49","end_time":"15.12","alternatives":[{"confidence":"0.9913","content":"통해서"}],"type":"pronunciation"},{"start_time":"15.15","end_time":"15.28","alternatives":[{"confidence":"0.9124","content":"이제"}],"type":"pronunciation"},{"start_time":"15.29","end_time":"15.57","alternatives":[{"confidence":"0.8003","content":"필요"}],"type":"pronunciation"},{"start_time":"15.57","end_time":"15.99","alternatives":[{"confidence":"0.9842","content":"작은"}],"type":"pronunciation"},{"start_time":"15.99","end_time":"16.61","alternatives":[{"confidence":"0.7256","content":"부분"}],"type":"pronunciation"},{"start_time":"16.61","end_time":"16.76","alternatives":[{"confidence":"0.9957","content":"좀"}],"type":"pronunciation"},{"start_time":"16.76","end_time":"17.28","alternatives":[{"confidence":"0.94425","content":"신청하신"}],"type":"pronunciation"},{"start_time":"17.28","end_time":"17.44","alternatives":[{"confidence":"0.6731","content":"것"}],"type":"pronunciation"},{"start_time":"17.44","end_time":"17.73","alternatives":[{"confidence":"0.9909","content":"때문에"}],"type":"pronunciation"},{"start_time":"17.73","end_time":"18.04","alternatives":[{"confidence":"0.9999","content":"연락을"}],"type":"pronunciation"},{"start_time":"18.14","end_time":"18.77","alternatives":[{"confidence":"0.8300000000000001","content":"드린거고요"}],"type":"pronunciation"},{"start_time":"19.07","end_time":"19.54","alternatives":[{"confidence":"0.9973","content":"지금"}],"type":"pronunciation"},{"start_time":"19.54","end_time":"19.83","alternatives":[{"confidence":"0.9824","content":"현재"}],"type":"pronunciation"},{"start_time":"19.83","end_time":"20.67","alternatives":[{"confidence":"0.38010000000000005","content":"이용중이신"}],"type":"pronunciation"},{"start_time":"20.7","end_time":"21.22","alternatives":[{"confidence":"0.77105","content":"고금리"}],"type":"pronunciation"},{"start_time":"21.22","end_time":"21.38","alternatives":[{"confidence":"0.2737","content":"권"}],"type":"pronunciation"},{"start_time":"21.38","end_time":"22.27","alternatives":[{"confidence":"0.4408","content":"재무러시아"}],"type":"pronunciation"},{"start_time":"22.61","end_time":"22.88","alternatives":[{"confidence":"0.7026","content":"산하"}],"type":"pronunciation"},{"start_time":"22.88","end_time":"24.03","alternatives":[{"confidence":"0.9014500000000001","content":"머니이런"}],"type":"pronunciation"},{"start_time":"24.03","end_time":"24.25","alternatives":[{"confidence":"0.9192","content":"이제"}],"type":"pronunciation"},{"start_time":"24.37","end_time":"25.02","alternatives":[{"confidence":"0.50645","content":"고금리"}],"type":"pronunciation"},{"start_time":"25.02","end_time":"25.18","alternatives":[{"confidence":"0.2414","content":"건"}],"type":"pronunciation"},{"start_time":"25.18","end_time":"25.97","alternatives":[{"confidence":"0.7059000000000001","content":"제물이용하시는"}],"type":"pronunciation"},{"start_time":"25.97","end_time":"26.97","alternatives":[{"confidence":"0.83525","content":"부분들십"}],"type":"pronunciation"},{"start_time":"26.97","end_time":"27.24","alternatives":[{"confidence":"0.9659","content":"프로"}],"type":"pronunciation"},{"start_time":"27.24","end_time":"27.7","alternatives":[{"confidence":"0.7923","content":"이하때"}],"type":"pronunciation"},{"start_time":"27.7","end_time":"28.68","alternatives":[{"confidence":"0.70435","content":"전환대화대출로"}],"type":"pronunciation"},{"start_time":"28.68","end_time":"28.97","alternatives":[{"confidence":"0.9996","content":"연락을"}],"type":"pronunciation"},{"start_time":"29.07","end_time":"29.6","alternatives":[{"confidence":"0.9177","content":"드렸습니다"}],"type":"pronunciation"},{"alternatives":[{"confidence":"0.0","content":"."}],"type":"punctuation"},{"start_time":"32.44","end_time":"33.13","alternatives":[{"confidence":"0.9876","content":"지금"}],"type":"pronunciation"},{"start_time":"33.13","end_time":"33.64","alternatives":[{"confidence":"0.8693500000000001","content":"보시면은"}],"type":"pronunciation"},{"start_time":"33.64","end_time":"33.77","alternatives":[{"confidence":"0.6918","content":"뭐"}],"type":"pronunciation"},{"start_time":"33.8","end_time":"34.09","alternatives":[{"confidence":"0.9905","content":"이제"}],"type":"pronunciation"},{"start_time":"34.1","end_time":"35.85","alternatives":[{"confidence":"0.9372000000000001","content":"신용등급부분하고는"}],"type":"pronunciation"},{"start_time":"35.85","end_time":"36.79","alternatives":[{"confidence":"0.9999","content":"관계없이"}],"type":"pronunciation"},{"start_time":"36.79","end_time":"37.0","alternatives":[{"confidence":"0.9714","content":"저희"}],"type":"pronunciation"},{"start_time":"37.0","end_time":"37.57","alternatives":[{"confidence":"0.7188","content":"측에서"}],"type":"pronunciation"},{"start_time":"37.8","end_time":"38.07","alternatives":[{"confidence":"0.5735","content":"연"}],"type":"pronunciation"},{"start_time":"38.07","end_time":"38.55","alternatives":[{"confidence":"0.8956","content":"이자"}],"type":"pronunciation"},{"start_time":"38.58","end_time":"38.71","alternatives":[{"confidence":"0.469","content":"이제"}],"type":"pronunciation"},{"start_time":"38.72","end_time":"38.89","alternatives":[{"confidence":"0.5654","content":"십"}],"type":"pronunciation"},{"start_time":"38.89","end_time":"39.22","alternatives":[{"confidence":"0.9673","content":"프로"}],"type":"pronunciation"},{"start_time":"39.22","end_time":"39.96","alternatives":[{"confidence":"0.68315","content":"이하때에"}],"type":"pronunciation"},{"start_time":"39.96","end_time":"40.54","alternatives":[{"confidence":"0.80125","content":"저금리"}],"type":"pronunciation"},{"start_time":"40.54","end_time":"40.92","alternatives":[{"confidence":"0.6698999999999999","content":"대응한"}],"type":"pronunciation"},{"start_time":"40.92","end_time":"41.84","alternatives":[{"confidence":"0.9995","content":"상품으로"}],"type":"pronunciation"},{"start_time":"42.32","end_time":"42.46","alternatives":[{"confidence":"0.066","content":"살"}],"type":"pronunciation"},{"start_time":"42.46","end_time":"42.6","alternatives":[{"confidence":"0.749","content":"론"}],"type":"pronunciation"},{"start_time":"42.6","end_time":"43.1","alternatives":[{"confidence":"0.9913000000000001","content":"상품이나"}],"type":"pronunciation"},{"start_time":"43.1","end_time":"43.39","alternatives":[{"confidence":"0.7094","content":"바꿔"}],"type":"pronunciation"},{"start_time":"43.39","end_time":"43.77","alternatives":[{"confidence":"0.9314","content":"드립니다"}],"type":"pronunciation"},{"alternatives":[{"confidence":"0.0","content":"."}],"type":"punctuation"},{"start_time":"44.07","end_time":"44.29","alternatives":[{"confidence":"0.9736","content":"이런"}],"type":"pronunciation"},{"start_time":"44.29","end_time":"44.77","alternatives":[{"confidence":"0.99","content":"상품으로"}],"type":"pronunciation"},{"start_time":"44.77","end_time":"44.96","alternatives":[{"confidence":"0.9909","content":"이제"}],"type":"pronunciation"},{"start_time":"45.08","end_time":"45.37","alternatives":[{"confidence":"0.6861","content":"정부"}],"type":"pronunciation"},{"start_time":"45.37","end_time":"45.61","alternatives":[{"confidence":"0.5661","content":"지원"}],"type":"pronunciation"},{"start_time":"45.61","end_time":"46.46","alternatives":[{"confidence":"0.9998","content":"상품으로"}],"type":"pronunciation"},{"start_time":"47.04","end_time":"47.33","alternatives":[{"confidence":"0.6008","content":"지원"}],"type":"pronunciation"},{"start_time":"47.33","end_time":"47.8","alternatives":[{"confidence":"0.7673","content":"차연락을"}],"type":"pronunciation"},{"start_time":"47.91","end_time":"48.39","alternatives":[{"confidence":"0.9876","content":"드린거고"}],"type":"pronunciation"},{"start_time":"48.69","end_time":"49.03","alternatives":[{"confidence":"0.8782","content":"현재"}],"type":"pronunciation"},{"start_time":"49.03","end_time":"49.82","alternatives":[{"confidence":"0.7149666666666666","content":"이용중이신"}],"type":"pronunciation"},{"start_time":"49.82","end_time":"50.27","alternatives":[{"confidence":"0.8251","content":"고금리"}],"type":"pronunciation"},{"start_time":"50.27","end_time":"50.49","alternatives":[{"confidence":"0.5104","content":"권"}],"type":"pronunciation"},{"start_time":"50.49","end_time":"50.71","alternatives":[{"confidence":"0.7922","content":"어디"}],"type":"pronunciation"},{"start_time":"50.71","end_time":"50.91","alternatives":[{"confidence":"0.8407","content":"어디"}],"type":"pronunciation"},{"start_time":"50.91","end_time":"51.29","alternatives":[{"confidence":"0.80235","content":"이용도"}],"type":"pronunciation"},{"start_time":"51.29","end_time":"51.67","alternatives":[{"confidence":"0.9941","content":"있죠"}],"type":"pronunciation"},{"alternatives":[{"confidence":"0.0","content":"?"}],"type":"punctuation"},{"start_time":"53.07","end_time":"53.34","alternatives":[{"confidence":"0.9514","content":"많이"}],"type":"pronunciation"},{"start_time":"53.34","end_time":"53.66","alternatives":[{"confidence":"1.0","content":"있죠"}],"type":"pronunciation"},{"alternatives":[{"confidence":"0.0","content":"?"}],"type":"punctuation"},{"start_time":"55.07","end_time":"55.38","alternatives":[{"confidence":"0.9437","content":"어디"}],"type":"pronunciation"},{"start_time":"55.44","end_time":"55.79","alternatives":[{"confidence":"0.9711","content":"어디"}],"type":"pronunciation"},{"start_time":"55.79","end_time":"55.97","alternatives":[{"confidence":"0.8637","content":"어디"}],"type":"pronunciation"},{"start_time":"56.3","end_time":"56.62","alternatives":[{"confidence":"0.1881","content":"있습니까"}],"type":"pronunciation"},{"alternatives":[{"confidence":"0.0","content":"?"}],"type":"punctuation"},{"start_time":"58.15","end_time":"58.35","alternatives":[{"confidence":"1.0","content":"너무"}],"type":"pronunciation"},{"start_time":"58.35","end_time":"58.74","alternatives":[{"confidence":"0.73715","content":"많아가지고"}],"type":"pronunciation"},{"start_time":"62.01","end_time":"64.44","alternatives":[{"confidence":"0.9997666666666666","content":"대법관대법관그러면"}],"type":"pronunciation"},{"start_time":"64.44","end_time":"64.69","alternatives":[{"confidence":"0.824","content":"어디"}],"type":"pronunciation"},{"start_time":"64.69","end_time":"64.88","alternatives":[{"confidence":"0.8422","content":"어디"}],"type":"pronunciation"},{"start_time":"64.88","end_time":"65.6","alternatives":[{"confidence":"0.8873333333333333","content":"이용중이세요"}],"type":"pronunciation"},{"start_time":"68.74","end_time":"68.93","alternatives":[{"confidence":"0.9181","content":"한번"}],"type":"pronunciation"},{"start_time":"68.93","end_time":"69.29","alternatives":[{"confidence":"0.8293","content":"보고"}],"type":"pronunciation"},{"start_time":"69.57","end_time":"70.5","alternatives":[{"confidence":"0.4842","content":"전화드릴게요"}],"type":"pronunciation"},{"alternatives":[{"confidence":"0.0","content":"."}],"type":"punctuation"},{"start_time":"72.07","end_time":"72.43","alternatives":[{"confidence":"0.2921","content":"네"}],"type":"pronunciation"},{"alternatives":[{"confidence":"0.0","content":","}],"type":"punctuation"},{"start_time":"72.43","end_time":"72.62","alternatives":[{"confidence":"0.3407","content":"네"}],"type":"pronunciation"},{"alternatives":[{"confidence":"0.0","content":","}],"type":"punctuation"},{"start_time":"72.62","end_time":"73.12","alternatives":[{"confidence":"0.9994","content":"알겠습니다"}],"type":"pronunciation"},{"start_time":"73.57","end_time":"74.06","alternatives":[{"confidence":"0.9843","content":"바로"}],"type":"pronunciation"},{"start_time":"74.06","end_time":"74.57","alternatives":[{"confidence":"0.6901","content":"연락"}],"type":"pronunciation"},{"start_time":"74.57","end_time":"74.86","alternatives":[{"confidence":"0.9518","content":"한번"}],"type":"pronunciation"},{"start_time":"74.86","end_time":"74.98","alternatives":[{"confidence":"0.9996","content":"좀"}],"type":"pronunciation"},{"start_time":"74.98","end_time":"75.84","alternatives":[{"confidence":"0.86425","content":"부탁드릴게요"}],"type":"pronunciation"},{"alternatives":[{"confidence":"0.0","content":"."}],"type":"punctuation"},{"start_time":"75.87","end_time":"76.36","alternatives":[{"confidence":"0.9643","content":"알겠습니다"}],"type":"pronunciation"},{"start_time":"76.42","end_time":"76.55","alternatives":[{"confidence":"0.4277","content":"네"}],"type":"pronunciation"},{"alternatives":[{"confidence":"0.0","content":","}],"type":"punctuation"},{"start_time":"77.25","end_time":"77.45","alternatives":[{"confidence":"0.491","content":"네"}],"type":"pronunciation"},{"alternatives":[{"confidence":"0.0","content":","}],"type":"punctuation"},{"start_time":"77.51","end_time":"77.8","alternatives":[{"confidence":"0.471","content":"네"}],"type":"pronunciation"},{"alternatives":[{"confidence":"0.0","content":"."}],"type":"punctuation"}]},"status":"COMPLETED"}