{"jobName":"transcribe_loan112","accountId":"097989105209","results":{"transcripts":[{"transcript":"안녕하세요. 국민을 역 신협 이정우 드립니다. 제가 담당자로 배정되어서 전화드렸고요 죄송하괜찮으실까요 제가 상품 사면 감당하게 해 드리고요 접수한 번 좀 드리겠습니다. 국민행복기금이고요 한국자산관리공사 지원 자금 이세요 최대 팔천 만원까지 가능하시고요. 국민은 제가 이점일프로에서 팔점오프로까지. 신용등급이 씨는 평창을 따라 차등 적용해 드리고 있습니다. 제가 자금 드릴 때 마이너스 통장으로 보는 게 자금들이 는데요. 그래서 마이너스 통장에 대해서 잘 알고 계실까요. 네. 그러시면은 접수하실 때 작용조건을 신용상의 문제만 없으시다면 가능 하신데요. 현재 고객님께서 신용불량자 개인회생편성반짝중에 감성되시는 게 있으실까요? 네, 그러시면 접수인정가능 하시고요. 제가 정확한 접수를 위해서 그 몇 가지 간단하게 질문 드리고 가수인 금지선 철도움드리겠습니다. 네. 고객에서 지금 직장에 인사운영 중인 실까요? 네. 어떤 일을 하고 계실까요? 여기가 지금 부동산 투자회사 거든요. 하시고요. 근무하신 지는 얼마 되셨을까요 가지고 하신지는 주셨고요 월급은 어떻게 될까요? 월급은 저희가 일단 기본 상식에 계속 갖고 있거든요. 그래서 보험은 안 돼 있으시고요 은 어떻게 되실까요? 하나은행되시고요 신용카드 이용증권 있으실까요 신용까지는 어느 실까요 하다고 때까지 되시고요. 그래서 이용중 실까요 인터넷 하나은행이용해주시는 거고요. 네. 저희 당당사자이용 안 해주시고요. 저희 당사 국민은행은 따로 이용안해주시면. 저희 당 이용중이기 때문에 그 영점삼 프로받아볼 수 있으십니다. 에서 지금 대출 이용 중인 것이 있으실까요 대출은 따로 없으시고요. 그렇지만 저희 당자금용도는 어떻게 될까요? 이제 적으로도 정책자금 되시는 거고요. 그러시면 제가 주택자금 이랑 생활까지 해서 고민이 나오시는 한도 내에서 최대한 잡아드리겠습니다 거짓한번 말씀해 주세요. 분담금 성남시 분당구 돈까지 한 말씀해주시면 되시고요 부인이 성함이 성함을 국민 다시 한번 말씀해 주세요. 네, 네, 고요. 근데 본인은 본인 확인 차 십 년이라면 저희 환경 부탁드리겠습니다. 네. 확인 되셨고요 이천십일년 삼월 이십구 일부터 개인정보보호법 과 관련해서 님이 동의 없이는 개인정보를 수집하거나 열람기록할 수 없도록 법적으로 보호되고 있으니까 안심하셔도 되시고요. 지금 사용해주시는 휴대폰 본 운영이 많으시고요 소중한 정보 감사드립니다. 가슴이 년도와 금리 저희 해결 될텐데요 끊지말고 잠시만 기다려 주세요. 네, 여보세요? 네, 가슴이 난 돌아 금리선출되셨고요 비난도 오천육백만원. 금리 삼점사프로 산출되셨습니다. 이 부분은 괜찮으시다면 제가 사과를 접수드릴까요. 네, 오늘 접수하게 되시면 내일 오전 중에 심사에서 전화하실 테니까 부지없이 잘 받아 주시고요. 심사까지 하시면 국민의 거주하고 계시는 지역에서 현금 인구유동이 가장 많은 국민은행지점으로 배정을 해드릴 거고요. 께서 직접 참하셔서 국민은행방문해주셔야 되는데 그 부분 괜찮으시고요 심장까지 하시면 받으실 거에요. 들어가겠죠 밖으로 나와 보세요. 혹시라도 다른 궁금하신상이나 문상있으시면요 이번 들이 찾아주시면 제가 친절하게 상담드리겠습니다. 내일 존경해 주시기 바라했고요 지금까지 이었습니다."}],"items":[{"start_time":"0.03","end_time":"1.02","alternatives":[{"confidence":"1.0","content":"안녕하세요"}],"type":"pronunciation"},{"alternatives":[{"confidence":"0.0","content":"."}],"type":"punctuation"},{"start_time":"2.47","end_time":"2.91","alternatives":[{"confidence":"0.6526","content":"국민을"}],"type":"pronunciation"},{"start_time":"2.91","end_time":"3.05","alternatives":[{"confidence":"0.4926","content":"역"}],"type":"pronunciation"},{"start_time":"3.05","end_time":"3.32","alternatives":[{"confidence":"0.5509000000000001","content":"신협"}],"type":"pronunciation"},{"start_time":"3.47","end_time":"3.74","alternatives":[{"confidence":"0.71355","content":"이정우"}],"type":"pronunciation"},{"start_time":"3.74","end_time":"4.18","alternatives":[{"confidence":"0.8965","content":"드립니다"}],"type":"pronunciation"},{"alternatives":[{"confidence":"0.0","content":"."}],"type":"punctuation"},{"start_time":"5.6","end_time":"5.75","alternatives":[{"confidence":"0.2127","content":"제가"}],"type":"pronunciation"},{"start_time":"5.75","end_time":"6.24","alternatives":[{"confidence":"0.97395","content":"담당자로"}],"type":"pronunciation"},{"start_time":"6.24","end_time":"6.67","alternatives":[{"confidence":"0.8791","content":"배정되어서"}],"type":"pronunciation"},{"start_time":"6.67","end_time":"7.37","alternatives":[{"confidence":"0.8604666666666666","content":"전화드렸고요"}],"type":"pronunciation"},{"start_time":"7.49","end_time":"9.17","alternatives":[{"confidence":"0.9992666666666666","content":"죄송하괜찮으실까요"}],"type":"pronunciation"},{"start_time":"10.15","end_time":"10.32","alternatives":[{"confidence":"0.9865","content":"제가"}],"type":"pronunciation"},{"start_time":"10.32","end_time":"10.68","alternatives":[{"confidence":"0.5089","content":"상품"}],"type":"pronunciation"},{"start_time":"10.68","end_time":"10.98","alternatives":[{"confidence":"0.4577","content":"사면"}],"type":"pronunciation"},{"start_time":"10.98","end_time":"11.53","alternatives":[{"confidence":"0.48555000000000004","content":"감당하게"}],"type":"pronunciation"},{"start_time":"11.53","end_time":"11.64","alternatives":[{"confidence":"0.5691","content":"해"}],"type":"pronunciation"},{"start_time":"11.64","end_time":"12.26","alternatives":[{"confidence":"0.78515","content":"드리고요"}],"type":"pronunciation"},{"start_time":"12.39","end_time":"12.98","alternatives":[{"confidence":"0.8693500000000001","content":"접수한"}],"type":"pronunciation"},{"start_time":"12.98","end_time":"13.13","alternatives":[{"confidence":"0.7361","content":"번"}],"type":"pronunciation"},{"start_time":"13.13","end_time":"13.35","alternatives":[{"confidence":"0.988","content":"좀"}],"type":"pronunciation"},{"start_time":"13.38","end_time":"14.18","alternatives":[{"confidence":"1.0","content":"드리겠습니다"}],"type":"pronunciation"},{"alternatives":[{"confidence":"0.0","content":"."}],"type":"punctuation"},{"start_time":"15.57","end_time":"16.85","alternatives":[{"confidence":"0.882175","content":"국민행복기금이고요"}],"type":"pronunciation"},{"start_time":"16.91","end_time":"17.99","alternatives":[{"confidence":"0.93945","content":"한국자산관리공사"}],"type":"pronunciation"},{"start_time":"18.8","end_time":"19.03","alternatives":[{"confidence":"0.6825","content":"지원"}],"type":"pronunciation"},{"start_time":"19.03","end_time":"19.3","alternatives":[{"confidence":"0.6494","content":"자금"}],"type":"pronunciation"},{"start_time":"19.3","end_time":"19.81","alternatives":[{"confidence":"0.9999","content":"이세요"}],"type":"pronunciation"},{"start_time":"20.94","end_time":"21.24","alternatives":[{"confidence":"0.9841","content":"최대"}],"type":"pronunciation"},{"start_time":"21.24","end_time":"21.54","alternatives":[{"confidence":"0.6494","content":"팔천"}],"type":"pronunciation"},{"start_time":"21.54","end_time":"22.02","alternatives":[{"confidence":"0.8281000000000001","content":"만원까지"}],"type":"pronunciation"},{"start_time":"22.02","end_time":"22.83","alternatives":[{"confidence":"0.8235333333333333","content":"가능하시고요"}],"type":"pronunciation"},{"alternatives":[{"confidence":"0.0","content":"."}],"type":"punctuation"},{"start_time":"23.32","end_time":"23.78","alternatives":[{"confidence":"0.1213","content":"국민은"}],"type":"pronunciation"},{"start_time":"23.78","end_time":"24.07","alternatives":[{"confidence":"0.9076","content":"제가"}],"type":"pronunciation"},{"start_time":"24.07","end_time":"25.12","alternatives":[{"confidence":"0.790375","content":"이점일프로에서"}],"type":"pronunciation"},{"start_time":"25.12","end_time":"26.32","alternatives":[{"confidence":"0.6072599999999999","content":"팔점오프로까지"}],"type":"pronunciation"},{"alternatives":[{"confidence":"0.0","content":"."}],"type":"punctuation"},{"start_time":"27.05","end_time":"27.86","alternatives":[{"confidence":"0.87845","content":"신용등급이"}],"type":"pronunciation"},{"start_time":"27.92","end_time":"28.16","alternatives":[{"confidence":"0.3162","content":"씨는"}],"type":"pronunciation"},{"start_time":"28.16","end_time":"28.55","alternatives":[{"confidence":"0.19074999999999998","content":"평창을"}],"type":"pronunciation"},{"start_time":"28.55","end_time":"28.84","alternatives":[{"confidence":"0.9963","content":"따라"}],"type":"pronunciation"},{"start_time":"28.84","end_time":"29.14","alternatives":[{"confidence":"0.9414","content":"차등"}],"type":"pronunciation"},{"start_time":"29.14","end_time":"29.47","alternatives":[{"confidence":"0.8847499999999999","content":"적용해"}],"type":"pronunciation"},{"start_time":"29.47","end_time":"29.76","alternatives":[{"confidence":"0.9137","content":"드리고"}],"type":"pronunciation"},{"start_time":"29.76","end_time":"30.35","alternatives":[{"confidence":"1.0","content":"있습니다"}],"type":"pronunciation"},{"alternatives":[{"confidence":"0.0","content":"."}],"type":"punctuation"},{"start_time":"31.0","end_time":"31.2","alternatives":[{"confidence":"0.9924","content":"제가"}],"type":"pronunciation"},{"start_time":"31.2","end_time":"31.48","alternatives":[{"confidence":"0.6406","content":"자금"}],"type":"pronunciation"},{"start_time":"31.69","end_time":"31.9","alternatives":[{"confidence":"0.7736","content":"드릴"}],"type":"pronunciation"},{"start_time":"31.9","end_time":"32.04","alternatives":[{"confidence":"0.9835","content":"때"}],"type":"pronunciation"},{"start_time":"32.04","end_time":"32.42","alternatives":[{"confidence":"0.9829","content":"마이너스"}],"type":"pronunciation"},{"start_time":"32.42","end_time":"32.8","alternatives":[{"confidence":"0.98545","content":"통장으로"}],"type":"pronunciation"},{"start_time":"32.8","end_time":"32.99","alternatives":[{"confidence":"0.5802","content":"보는"}],"type":"pronunciation"},{"start_time":"32.99","end_time":"33.08","alternatives":[{"confidence":"0.5467","content":"게"}],"type":"pronunciation"},{"start_time":"33.08","end_time":"33.78","alternatives":[{"confidence":"0.49319999999999997","content":"자금들이"}],"type":"pronunciation"},{"start_time":"33.78","end_time":"34.3","alternatives":[{"confidence":"1.0","content":"는데요"}],"type":"pronunciation"},{"alternatives":[{"confidence":"0.0","content":"."}],"type":"punctuation"},{"start_time":"34.54","end_time":"34.79","alternatives":[{"confidence":"0.9956","content":"그래서"}],"type":"pronunciation"},{"start_time":"34.79","end_time":"35.13","alternatives":[{"confidence":"0.8618","content":"마이너스"}],"type":"pronunciation"},{"start_time":"35.13","end_time":"35.41","alternatives":[{"confidence":"0.98515","content":"통장에"}],"type":"pronunciation"},{"start_time":"35.41","end_time":"35.67","alternatives":[{"confidence":"0.9995","content":"대해서"}],"type":"pronunciation"},{"start_time":"35.67","end_time":"35.83","alternatives":[{"confidence":"0.9428","content":"잘"}],"type":"pronunciation"},{"start_time":"35.83","end_time":"36.08","alternatives":[{"confidence":"1.0","content":"알고"}],"type":"pronunciation"},{"start_time":"36.08","end_time":"37.36","alternatives":[{"confidence":"0.99515","content":"계실까요"}],"type":"pronunciation"},{"alternatives":[{"confidence":"0.0","content":"."}],"type":"punctuation"},{"start_time":"38.36","end_time":"38.48","alternatives":[{"confidence":"0.8729","content":"네"}],"type":"pronunciation"},{"alternatives":[{"confidence":"0.0","content":"."}],"type":"punctuation"},{"start_time":"38.48","end_time":"39.22","alternatives":[{"confidence":"0.9794499999999999","content":"그러시면은"}],"type":"pronunciation"},{"start_time":"39.22","end_time":"39.79","alternatives":[{"confidence":"0.9472499999999999","content":"접수하실"}],"type":"pronunciation"},{"start_time":"39.79","end_time":"40.22","alternatives":[{"confidence":"0.9179","content":"때"}],"type":"pronunciation"},{"start_time":"40.32","end_time":"41.07","alternatives":[{"confidence":"0.6537999999999999","content":"작용조건을"}],"type":"pronunciation"},{"start_time":"41.1","end_time":"41.54","alternatives":[{"confidence":"0.75015","content":"신용상의"}],"type":"pronunciation"},{"start_time":"41.54","end_time":"41.96","alternatives":[{"confidence":"0.9474","content":"문제만"}],"type":"pronunciation"},{"start_time":"41.96","end_time":"42.55","alternatives":[{"confidence":"0.9942500000000001","content":"없으시다면"}],"type":"pronunciation"},{"start_time":"42.55","end_time":"42.8","alternatives":[{"confidence":"0.8545","content":"가능"}],"type":"pronunciation"},{"start_time":"42.8","end_time":"43.37","alternatives":[{"confidence":"0.93565","content":"하신데요"}],"type":"pronunciation"},{"alternatives":[{"confidence":"0.0","content":"."}],"type":"punctuation"},{"start_time":"43.63","end_time":"44.02","alternatives":[{"confidence":"0.9776","content":"현재"}],"type":"pronunciation"},{"start_time":"44.02","end_time":"44.56","alternatives":[{"confidence":"0.6738500000000001","content":"고객님께서"}],"type":"pronunciation"},{"start_time":"44.56","end_time":"45.43","alternatives":[{"confidence":"0.9183333333333333","content":"신용불량자"}],"type":"pronunciation"},{"start_time":"45.46","end_time":"46.9","alternatives":[{"confidence":"0.51212","content":"개인회생편성반짝중에"}],"type":"pronunciation"},{"start_time":"46.99","end_time":"47.57","alternatives":[{"confidence":"0.729","content":"감성되시는"}],"type":"pronunciation"},{"start_time":"47.57","end_time":"47.67","alternatives":[{"confidence":"0.9631","content":"게"}],"type":"pronunciation"},{"start_time":"47.67","end_time":"48.47","alternatives":[{"confidence":"0.9996499999999999","content":"있으실까요"}],"type":"pronunciation"},{"alternatives":[{"confidence":"0.0","content":"?"}],"type":"punctuation"},{"start_time":"50.09","end_time":"50.2","alternatives":[{"confidence":"0.3667","content":"네"}],"type":"pronunciation"},{"alternatives":[{"confidence":"0.0","content":","}],"type":"punctuation"},{"start_time":"50.2","end_time":"50.66","alternatives":[{"confidence":"0.98325","content":"그러시면"}],"type":"pronunciation"},{"start_time":"50.66","end_time":"51.36","alternatives":[{"confidence":"0.5750666666666667","content":"접수인정가능"}],"type":"pronunciation"},{"start_time":"51.36","end_time":"51.91","alternatives":[{"confidence":"0.9872000000000001","content":"하시고요"}],"type":"pronunciation"},{"alternatives":[{"confidence":"0.0","content":"."}],"type":"punctuation"},{"start_time":"52.25","end_time":"52.41","alternatives":[{"confidence":"0.9989","content":"제가"}],"type":"pronunciation"},{"start_time":"52.41","end_time":"52.8","alternatives":[{"confidence":"0.5359","content":"정확한"}],"type":"pronunciation"},{"start_time":"52.8","end_time":"53.2","alternatives":[{"confidence":"0.698","content":"접수를"}],"type":"pronunciation"},{"start_time":"53.2","end_time":"53.46","alternatives":[{"confidence":"0.4418","content":"위해서"}],"type":"pronunciation"},{"start_time":"53.46","end_time":"53.59","alternatives":[{"confidence":"0.3163","content":"그"}],"type":"pronunciation"},{"start_time":"54.32","end_time":"54.5","alternatives":[{"confidence":"0.9895","content":"몇"}],"type":"pronunciation"},{"start_time":"54.5","end_time":"54.72","alternatives":[{"confidence":"0.986","content":"가지"}],"type":"pronunciation"},{"start_time":"54.72","end_time":"55.17","alternatives":[{"confidence":"0.7066","content":"간단하게"}],"type":"pronunciation"},{"start_time":"55.29","end_time":"55.53","alternatives":[{"confidence":"0.5221","content":"질문"}],"type":"pronunciation"},{"start_time":"55.53","end_time":"56.11","alternatives":[{"confidence":"0.9841","content":"드리고"}],"type":"pronunciation"},{"start_time":"56.26","end_time":"56.67","alternatives":[{"confidence":"0.38985","content":"가수인"}],"type":"pronunciation"},{"start_time":"57.0","end_time":"57.37","alternatives":[{"confidence":"0.6196999999999999","content":"금지선"}],"type":"pronunciation"},{"start_time":"57.37","end_time":"58.37","alternatives":[{"confidence":"0.7190666666666666","content":"철도움드리겠습니다"}],"type":"pronunciation"},{"alternatives":[{"confidence":"0.0","content":"."}],"type":"punctuation"},{"start_time":"59.41","end_time":"59.56","alternatives":[{"confidence":"0.1861","content":"네"}],"type":"pronunciation"},{"alternatives":[{"confidence":"0.0","content":"."}],"type":"punctuation"},{"start_time":"59.56","end_time":"60.01","alternatives":[{"confidence":"0.75135","content":"고객에서"}],"type":"pronunciation"},{"start_time":"60.01","end_time":"60.26","alternatives":[{"confidence":"0.9855","content":"지금"}],"type":"pronunciation"},{"start_time":"60.26","end_time":"60.67","alternatives":[{"confidence":"0.5118","content":"직장에"}],"type":"pronunciation"},{"start_time":"61.18","end_time":"61.66","alternatives":[{"confidence":"0.5922499999999999","content":"인사운영"}],"type":"pronunciation"},{"start_time":"61.66","end_time":"61.86","alternatives":[{"confidence":"0.2967","content":"중인"}],"type":"pronunciation"},{"start_time":"61.86","end_time":"62.27","alternatives":[{"confidence":"0.9905","content":"실까요"}],"type":"pronunciation"},{"alternatives":[{"confidence":"0.0","content":"?"}],"type":"punctuation"},{"start_time":"63.87","end_time":"64.04","alternatives":[{"confidence":"0.4694","content":"네"}],"type":"pronunciation"},{"alternatives":[{"confidence":"0.0","content":"."}],"type":"punctuation"},{"start_time":"64.04","end_time":"64.39","alternatives":[{"confidence":"0.9926","content":"어떤"}],"type":"pronunciation"},{"start_time":"64.39","end_time":"64.54","alternatives":[{"confidence":"0.8326","content":"일을"}],"type":"pronunciation"},{"start_time":"64.54","end_time":"64.66","alternatives":[{"confidence":"0.9276","content":"하고"}],"type":"pronunciation"},{"start_time":"64.66","end_time":"65.35","alternatives":[{"confidence":"0.9985999999999999","content":"계실까요"}],"type":"pronunciation"},{"alternatives":[{"confidence":"0.0","content":"?"}],"type":"punctuation"},{"start_time":"66.3","end_time":"66.75","alternatives":[{"confidence":"0.9889","content":"여기가"}],"type":"pronunciation"},{"start_time":"66.75","end_time":"66.96","alternatives":[{"confidence":"0.9925","content":"지금"}],"type":"pronunciation"},{"start_time":"66.96","end_time":"67.56","alternatives":[{"confidence":"0.7872","content":"부동산"}],"type":"pronunciation"},{"start_time":"67.68","end_time":"68.06","alternatives":[{"confidence":"0.5441","content":"투자회사"}],"type":"pronunciation"},{"start_time":"68.06","end_time":"68.49","alternatives":[{"confidence":"0.8118","content":"거든요"}],"type":"pronunciation"},{"alternatives":[{"confidence":"0.0","content":"."}],"type":"punctuation"},{"start_time":"69.69","end_time":"70.72","alternatives":[{"confidence":"0.87875","content":"하시고요"}],"type":"pronunciation"},{"alternatives":[{"confidence":"0.0","content":"."}],"type":"punctuation"},{"start_time":"71.59","end_time":"72.05","alternatives":[{"confidence":"0.78075","content":"근무하신"}],"type":"pronunciation"},{"start_time":"72.05","end_time":"72.24","alternatives":[{"confidence":"0.7135","content":"지는"}],"type":"pronunciation"},{"start_time":"72.24","end_time":"72.43","alternatives":[{"confidence":"0.1955","content":"얼마"}],"type":"pronunciation"},{"start_time":"72.43","end_time":"73.09","alternatives":[{"confidence":"0.5481","content":"되셨을까요"}],"type":"pronunciation"},{"start_time":"74.9","end_time":"75.14","alternatives":[{"confidence":"0.034","content":"가지고"}],"type":"pronunciation"},{"start_time":"75.84","end_time":"76.3","alternatives":[{"confidence":"0.22405","content":"하신지는"}],"type":"pronunciation"},{"start_time":"76.66","end_time":"77.77","alternatives":[{"confidence":"0.9308","content":"주셨고요"}],"type":"pronunciation"},{"start_time":"78.84","end_time":"79.16","alternatives":[{"confidence":"0.8845000000000001","content":"월급은"}],"type":"pronunciation"},{"start_time":"79.16","end_time":"79.39","alternatives":[{"confidence":"1.0","content":"어떻게"}],"type":"pronunciation"},{"start_time":"79.39","end_time":"79.9","alternatives":[{"confidence":"0.9174","content":"될까요"}],"type":"pronunciation"},{"alternatives":[{"confidence":"0.0","content":"?"}],"type":"punctuation"},{"start_time":"80.45","end_time":"81.18","alternatives":[{"confidence":"0.41345","content":"월급은"}],"type":"pronunciation"},{"start_time":"81.18","end_time":"81.44","alternatives":[{"confidence":"0.845","content":"저희가"}],"type":"pronunciation"},{"start_time":"81.44","end_time":"81.65","alternatives":[{"confidence":"0.9997","content":"일단"}],"type":"pronunciation"},{"start_time":"81.65","end_time":"81.86","alternatives":[{"confidence":"0.674","content":"기본"}],"type":"pronunciation"},{"start_time":"82.07","end_time":"82.68","alternatives":[{"confidence":"0.0161","content":"상식에"}],"type":"pronunciation"},{"start_time":"84.16","end_time":"84.35","alternatives":[{"confidence":"0.3651","content":"계속"}],"type":"pronunciation"},{"start_time":"84.35","end_time":"84.52","alternatives":[{"confidence":"0.7265","content":"갖고"}],"type":"pronunciation"},{"start_time":"84.52","end_time":"84.89","alternatives":[{"confidence":"1.0","content":"있거든요"}],"type":"pronunciation"},{"alternatives":[{"confidence":"0.0","content":"."}],"type":"punctuation"},{"start_time":"87.89","end_time":"88.13","alternatives":[{"confidence":"0.589","content":"그래서"}],"type":"pronunciation"},{"start_time":"88.47","end_time":"88.79","alternatives":[{"confidence":"0.048350000000000004","content":"보험은"}],"type":"pronunciation"},{"start_time":"88.79","end_time":"88.91","alternatives":[{"confidence":"0.0369","content":"안"}],"type":"pronunciation"},{"start_time":"88.91","end_time":"89.02","alternatives":[{"confidence":"0.016","content":"돼"}],"type":"pronunciation"},{"start_time":"89.02","end_time":"90.39","alternatives":[{"confidence":"0.978","content":"있으시고요"}],"type":"pronunciation"},{"start_time":"92.25","end_time":"92.32","alternatives":[{"confidence":"0.5028","content":"은"}],"type":"pronunciation"},{"start_time":"92.32","end_time":"92.56","alternatives":[{"confidence":"0.9992","content":"어떻게"}],"type":"pronunciation"},{"start_time":"92.56","end_time":"93.12","alternatives":[{"confidence":"0.8867499999999999","content":"되실까요"}],"type":"pronunciation"},{"alternatives":[{"confidence":"0.0","content":"?"}],"type":"punctuation"},{"start_time":"94.47","end_time":"95.9","alternatives":[{"confidence":"0.7778999999999999","content":"하나은행되시고요"}],"type":"pronunciation"},{"start_time":"96.75","end_time":"97.25","alternatives":[{"confidence":"0.8195","content":"신용카드"}],"type":"pronunciation"},{"start_time":"97.25","end_time":"97.86","alternatives":[{"confidence":"0.26265","content":"이용증권"}],"type":"pronunciation"},{"start_time":"97.86","end_time":"98.86","alternatives":[{"confidence":"0.998","content":"있으실까요"}],"type":"pronunciation"},{"start_time":"99.37","end_time":"99.93","alternatives":[{"confidence":"0.0262","content":"신용까지는"}],"type":"pronunciation"},{"start_time":"99.93","end_time":"100.08","alternatives":[{"confidence":"0.0279","content":"어느"}],"type":"pronunciation"},{"start_time":"100.78","end_time":"101.17","alternatives":[{"confidence":"0.7979","content":"실까요"}],"type":"pronunciation"},{"start_time":"102.77","end_time":"103.18","alternatives":[{"confidence":"0.0724","content":"하다고"}],"type":"pronunciation"},{"start_time":"105.34","end_time":"105.68","alternatives":[{"confidence":"0.3465","content":"때까지"}],"type":"pronunciation"},{"start_time":"105.68","end_time":"106.45","alternatives":[{"confidence":"0.90045","content":"되시고요"}],"type":"pronunciation"},{"alternatives":[{"confidence":"0.0","content":"."}],"type":"punctuation"},{"start_time":"106.91","end_time":"107.16","alternatives":[{"confidence":"0.9945","content":"그래서"}],"type":"pronunciation"},{"start_time":"108.65","end_time":"109.04","alternatives":[{"confidence":"0.2956","content":"이용중"}],"type":"pronunciation"},{"start_time":"109.04","end_time":"109.57","alternatives":[{"confidence":"0.8823","content":"실까요"}],"type":"pronunciation"},{"start_time":"111.79","end_time":"112.17","alternatives":[{"confidence":"0.2239","content":"인터넷"}],"type":"pronunciation"},{"start_time":"112.49","end_time":"114.09","alternatives":[{"confidence":"0.72895","content":"하나은행이용해주시는"}],"type":"pronunciation"},{"start_time":"114.09","end_time":"114.62","alternatives":[{"confidence":"0.9479","content":"거고요"}],"type":"pronunciation"},{"alternatives":[{"confidence":"0.0","content":"."}],"type":"punctuation"},{"start_time":"116.38","end_time":"116.51","alternatives":[{"confidence":"0.4545","content":"네"}],"type":"pronunciation"},{"alternatives":[{"confidence":"0.0","content":"."}],"type":"punctuation"},{"start_time":"117.37","end_time":"117.53","alternatives":[{"confidence":"0.78","content":"저희"}],"type":"pronunciation"},{"start_time":"117.53","end_time":"119.06","alternatives":[{"confidence":"0.38683333333333336","content":"당당사자이용"}],"type":"pronunciation"},{"start_time":"119.06","end_time":"119.15","alternatives":[{"confidence":"0.4352","content":"안"}],"type":"pronunciation"},{"start_time":"119.15","end_time":"119.79","alternatives":[{"confidence":"0.91465","content":"해주시고요"}],"type":"pronunciation"},{"alternatives":[{"confidence":"0.0","content":"."}],"type":"punctuation"},{"start_time":"120.82","end_time":"121.01","alternatives":[{"confidence":"0.8823","content":"저희"}],"type":"pronunciation"},{"start_time":"121.01","end_time":"121.23","alternatives":[{"confidence":"0.33475","content":"당사"}],"type":"pronunciation"},{"start_time":"121.23","end_time":"121.81","alternatives":[{"confidence":"0.9236500000000001","content":"국민은행은"}],"type":"pronunciation"},{"start_time":"121.81","end_time":"122.02","alternatives":[{"confidence":"0.9894","content":"따로"}],"type":"pronunciation"},{"start_time":"122.02","end_time":"122.85","alternatives":[{"confidence":"0.3517666666666666","content":"이용안해주시면"}],"type":"pronunciation"},{"alternatives":[{"confidence":"0.0","content":"."}],"type":"punctuation"},{"start_time":"126.62","end_time":"126.8","alternatives":[{"confidence":"0.6064","content":"저희"}],"type":"pronunciation"},{"start_time":"126.8","end_time":"126.95","alternatives":[{"confidence":"0.0884","content":"당"}],"type":"pronunciation"},{"start_time":"127.36","end_time":"127.92","alternatives":[{"confidence":"0.5343","content":"이용중이기"}],"type":"pronunciation"},{"start_time":"127.92","end_time":"128.38","alternatives":[{"confidence":"1.0","content":"때문에"}],"type":"pronunciation"},{"start_time":"128.38","end_time":"128.53","alternatives":[{"confidence":"0.8245","content":"그"}],"type":"pronunciation"},{"start_time":"128.88","end_time":"129.32","alternatives":[{"confidence":"0.8543","content":"영점삼"}],"type":"pronunciation"},{"start_time":"129.32","end_time":"130.35","alternatives":[{"confidence":"0.8572666666666667","content":"프로받아볼"}],"type":"pronunciation"},{"start_time":"130.35","end_time":"130.48","alternatives":[{"confidence":"1.0","content":"수"}],"type":"pronunciation"},{"start_time":"130.48","end_time":"131.05","alternatives":[{"confidence":"0.99685","content":"있으십니다"}],"type":"pronunciation"},{"alternatives":[{"confidence":"0.0","content":"."}],"type":"punctuation"},{"start_time":"132.81","end_time":"133.2","alternatives":[{"confidence":"0.9109","content":"에서"}],"type":"pronunciation"},{"start_time":"133.2","end_time":"133.52","alternatives":[{"confidence":"0.9807","content":"지금"}],"type":"pronunciation"},{"start_time":"133.52","end_time":"134.08","alternatives":[{"confidence":"0.6629","content":"대출"}],"type":"pronunciation"},{"start_time":"134.08","end_time":"134.31","alternatives":[{"confidence":"0.474","content":"이용"}],"type":"pronunciation"},{"start_time":"134.31","end_time":"134.5","alternatives":[{"confidence":"0.7644","content":"중인"}],"type":"pronunciation"},{"start_time":"134.5","end_time":"134.69","alternatives":[{"confidence":"0.1427","content":"것이"}],"type":"pronunciation"},{"start_time":"134.69","end_time":"135.38","alternatives":[{"confidence":"0.89255","content":"있으실까요"}],"type":"pronunciation"},{"start_time":"136.46","end_time":"136.82","alternatives":[{"confidence":"0.6188499999999999","content":"대출은"}],"type":"pronunciation"},{"start_time":"136.82","end_time":"137.06","alternatives":[{"confidence":"0.9946","content":"따로"}],"type":"pronunciation"},{"start_time":"137.06","end_time":"137.77","alternatives":[{"confidence":"0.9923","content":"없으시고요"}],"type":"pronunciation"},{"alternatives":[{"confidence":"0.0","content":"."}],"type":"punctuation"},{"start_time":"139.6","end_time":"139.97","alternatives":[{"confidence":"0.1129","content":"그렇지만"}],"type":"pronunciation"},{"start_time":"140.34","end_time":"140.51","alternatives":[{"confidence":"0.8031","content":"저희"}],"type":"pronunciation"},{"start_time":"140.51","end_time":"141.38","alternatives":[{"confidence":"0.8473999999999999","content":"당자금용도는"}],"type":"pronunciation"},{"start_time":"141.38","end_time":"141.59","alternatives":[{"confidence":"0.9998","content":"어떻게"}],"type":"pronunciation"},{"start_time":"141.59","end_time":"142.12","alternatives":[{"confidence":"0.4607","content":"될까요"}],"type":"pronunciation"},{"alternatives":[{"confidence":"0.0","content":"?"}],"type":"punctuation"},{"start_time":"143.15","end_time":"143.32","alternatives":[{"confidence":"0.0848","content":"이제"}],"type":"pronunciation"},{"start_time":"145.09","end_time":"145.46","alternatives":[{"confidence":"0.991","content":"적으로도"}],"type":"pronunciation"},{"start_time":"146.07","end_time":"146.71","alternatives":[{"confidence":"0.4683","content":"정책자금"}],"type":"pronunciation"},{"start_time":"146.71","end_time":"147.06","alternatives":[{"confidence":"0.77095","content":"되시는"}],"type":"pronunciation"},{"start_time":"147.06","end_time":"147.58","alternatives":[{"confidence":"0.9226000000000001","content":"거고요"}],"type":"pronunciation"},{"alternatives":[{"confidence":"0.0","content":"."}],"type":"punctuation"},{"start_time":"147.95","end_time":"148.3","alternatives":[{"confidence":"0.8874","content":"그러시면"}],"type":"pronunciation"},{"start_time":"148.3","end_time":"148.46","alternatives":[{"confidence":"0.9061","content":"제가"}],"type":"pronunciation"},{"start_time":"148.46","end_time":"149.05","alternatives":[{"confidence":"0.7509","content":"주택자금"}],"type":"pronunciation"},{"start_time":"149.05","end_time":"149.23","alternatives":[{"confidence":"0.5124","content":"이랑"}],"type":"pronunciation"},{"start_time":"149.23","end_time":"149.9","alternatives":[{"confidence":"0.89595","content":"생활까지"}],"type":"pronunciation"},{"start_time":"149.9","end_time":"150.23","alternatives":[{"confidence":"0.9975","content":"해서"}],"type":"pronunciation"},{"start_time":"150.23","end_time":"150.63","alternatives":[{"confidence":"0.69945","content":"고민이"}],"type":"pronunciation"},{"start_time":"150.63","end_time":"151.07","alternatives":[{"confidence":"0.8055","content":"나오시는"}],"type":"pronunciation"},{"start_time":"151.07","end_time":"151.3","alternatives":[{"confidence":"0.9601500000000001","content":"한도"}],"type":"pronunciation"},{"start_time":"151.3","end_time":"151.72","alternatives":[{"confidence":"1.0","content":"내에서"}],"type":"pronunciation"},{"start_time":"151.72","end_time":"152.05","alternatives":[{"confidence":"0.9696","content":"최대한"}],"type":"pronunciation"},{"start_time":"152.2","end_time":"153.12","alternatives":[{"confidence":"0.8020499999999999","content":"잡아드리겠습니다"}],"type":"pronunciation"},{"start_time":"154.22","end_time":"154.81","alternatives":[{"confidence":"0.53075","content":"거짓한번"}],"type":"pronunciation"},{"start_time":"154.81","end_time":"155.17","alternatives":[{"confidence":"0.9441","content":"말씀해"}],"type":"pronunciation"},{"start_time":"155.17","end_time":"155.72","alternatives":[{"confidence":"0.9447","content":"주세요"}],"type":"pronunciation"},{"alternatives":[{"confidence":"0.0","content":"."}],"type":"punctuation"},{"start_time":"157.0","end_time":"157.43","alternatives":[{"confidence":"0.12025000000000001","content":"분담금"}],"type":"pronunciation"},{"start_time":"158.4","end_time":"158.97","alternatives":[{"confidence":"0.9678","content":"성남시"}],"type":"pronunciation"},{"start_time":"158.97","end_time":"159.99","alternatives":[{"confidence":"0.93055","content":"분당구"}],"type":"pronunciation"},{"start_time":"162.57","end_time":"162.93","alternatives":[{"confidence":"0.86405","content":"돈까지"}],"type":"pronunciation"},{"start_time":"162.93","end_time":"163.02","alternatives":[{"confidence":"0.8038","content":"한"}],"type":"pronunciation"},{"start_time":"163.02","end_time":"163.74","alternatives":[{"confidence":"0.79755","content":"말씀해주시면"}],"type":"pronunciation"},{"start_time":"163.74","end_time":"164.38","alternatives":[{"confidence":"0.9550000000000001","content":"되시고요"}],"type":"pronunciation"},{"start_time":"164.63","end_time":"164.86","alternatives":[{"confidence":"0.5278","content":"부인이"}],"type":"pronunciation"},{"start_time":"164.86","end_time":"165.18","alternatives":[{"confidence":"0.71925","content":"성함이"}],"type":"pronunciation"},{"start_time":"165.79","end_time":"166.4","alternatives":[{"confidence":"0.8857999999999999","content":"성함을"}],"type":"pronunciation"},{"start_time":"166.4","end_time":"166.64","alternatives":[{"confidence":"0.5817","content":"국민"}],"type":"pronunciation"},{"start_time":"166.64","end_time":"166.79","alternatives":[{"confidence":"0.9466","content":"다시"}],"type":"pronunciation"},{"start_time":"166.79","end_time":"166.97","alternatives":[{"confidence":"0.8094","content":"한번"}],"type":"pronunciation"},{"start_time":"166.97","end_time":"167.3","alternatives":[{"confidence":"0.5049","content":"말씀해"}],"type":"pronunciation"},{"start_time":"167.3","end_time":"167.72","alternatives":[{"confidence":"0.5059","content":"주세요"}],"type":"pronunciation"},{"alternatives":[{"confidence":"0.0","content":"."}],"type":"punctuation"},{"start_time":"172.25","end_time":"172.46","alternatives":[{"confidence":"0.2411","content":"네"}],"type":"pronunciation"},{"alternatives":[{"confidence":"0.0","content":","}],"type":"punctuation"},{"start_time":"172.49","end_time":"172.65","alternatives":[{"confidence":"0.1142","content":"네"}],"type":"pronunciation"},{"alternatives":[{"confidence":"0.0","content":","}],"type":"punctuation"},{"start_time":"175.56","end_time":"176.22","alternatives":[{"confidence":"0.792","content":"고요"}],"type":"pronunciation"},{"alternatives":[{"confidence":"0.0","content":"."}],"type":"punctuation"},{"start_time":"176.52","end_time":"176.73","alternatives":[{"confidence":"0.134","content":"근데"}],"type":"pronunciation"},{"start_time":"176.73","end_time":"177.01","alternatives":[{"confidence":"0.192","content":"본인은"}],"type":"pronunciation"},{"start_time":"177.01","end_time":"177.3","alternatives":[{"confidence":"0.4829","content":"본인"}],"type":"pronunciation"},{"start_time":"177.3","end_time":"177.5","alternatives":[{"confidence":"0.5688","content":"확인"}],"type":"pronunciation"},{"start_time":"177.5","end_time":"177.61","alternatives":[{"confidence":"0.3677","content":"차"}],"type":"pronunciation"},{"start_time":"177.61","end_time":"177.76","alternatives":[{"confidence":"0.6228","content":"십"}],"type":"pronunciation"},{"start_time":"177.76","end_time":"178.33","alternatives":[{"confidence":"0.6596500000000001","content":"년이라면"}],"type":"pronunciation"},{"start_time":"178.48","end_time":"178.68","alternatives":[{"confidence":"0.7817","content":"저희"}],"type":"pronunciation"},{"start_time":"178.68","end_time":"178.9","alternatives":[{"confidence":"0.5094","content":"환경"}],"type":"pronunciation"},{"start_time":"178.9","end_time":"179.9","alternatives":[{"confidence":"0.94445","content":"부탁드리겠습니다"}],"type":"pronunciation"},{"alternatives":[{"confidence":"0.0","content":"."}],"type":"punctuation"},{"start_time":"188.2","end_time":"188.36","alternatives":[{"confidence":"0.7832","content":"네"}],"type":"pronunciation"},{"alternatives":[{"confidence":"0.0","content":"."}],"type":"punctuation"},{"start_time":"188.36","end_time":"188.62","alternatives":[{"confidence":"0.502","content":"확인"}],"type":"pronunciation"},{"start_time":"188.62","end_time":"189.23","alternatives":[{"confidence":"0.89595","content":"되셨고요"}],"type":"pronunciation"},{"start_time":"189.44","end_time":"190.21","alternatives":[{"confidence":"0.926775","content":"이천십일년"}],"type":"pronunciation"},{"start_time":"190.21","end_time":"190.5","alternatives":[{"confidence":"0.8745","content":"삼월"}],"type":"pronunciation"},{"start_time":"190.5","end_time":"190.79","alternatives":[{"confidence":"0.8428","content":"이십구"}],"type":"pronunciation"},{"start_time":"190.79","end_time":"191.18","alternatives":[{"confidence":"0.9984","content":"일부터"}],"type":"pronunciation"},{"start_time":"191.18","end_time":"192.17","alternatives":[{"confidence":"0.8351666666666667","content":"개인정보보호법"}],"type":"pronunciation"},{"start_time":"192.17","end_time":"192.29","alternatives":[{"confidence":"0.6714","content":"과"}],"type":"pronunciation"},{"start_time":"192.29","end_time":"192.94","alternatives":[{"confidence":"0.993","content":"관련해서"}],"type":"pronunciation"},{"start_time":"193.32","end_time":"193.51","alternatives":[{"confidence":"0.5452","content":"님이"}],"type":"pronunciation"},{"start_time":"193.51","end_time":"193.76","alternatives":[{"confidence":"0.8003","content":"동의"}],"type":"pronunciation"},{"start_time":"193.76","end_time":"194.25","alternatives":[{"confidence":"1.0","content":"없이는"}],"type":"pronunciation"},{"start_time":"194.25","end_time":"194.77","alternatives":[{"confidence":"0.973","content":"개인정보를"}],"type":"pronunciation"},{"start_time":"194.77","end_time":"195.33","alternatives":[{"confidence":"0.99675","content":"수집하거나"}],"type":"pronunciation"},{"start_time":"195.33","end_time":"196.13","alternatives":[{"confidence":"0.78235","content":"열람기록할"}],"type":"pronunciation"},{"start_time":"196.13","end_time":"196.25","alternatives":[{"confidence":"0.996","content":"수"}],"type":"pronunciation"},{"start_time":"196.25","end_time":"196.59","alternatives":[{"confidence":"1.0","content":"없도록"}],"type":"pronunciation"},{"start_time":"196.59","end_time":"197.06","alternatives":[{"confidence":"1.0","content":"법적으로"}],"type":"pronunciation"},{"start_time":"197.06","end_time":"197.45","alternatives":[{"confidence":"0.982","content":"보호되고"}],"type":"pronunciation"},{"start_time":"197.45","end_time":"197.8","alternatives":[{"confidence":"1.0","content":"있으니까"}],"type":"pronunciation"},{"start_time":"197.8","end_time":"198.31","alternatives":[{"confidence":"1.0","content":"안심하셔도"}],"type":"pronunciation"},{"start_time":"198.31","end_time":"198.95","alternatives":[{"confidence":"0.9863500000000001","content":"되시고요"}],"type":"pronunciation"},{"alternatives":[{"confidence":"0.0","content":"."}],"type":"punctuation"},{"start_time":"199.28","end_time":"199.52","alternatives":[{"confidence":"0.9866","content":"지금"}],"type":"pronunciation"},{"start_time":"199.52","end_time":"200.14","alternatives":[{"confidence":"0.8882666666666666","content":"사용해주시는"}],"type":"pronunciation"},{"start_time":"200.14","end_time":"200.45","alternatives":[{"confidence":"0.7006","content":"휴대폰"}],"type":"pronunciation"},{"start_time":"200.45","end_time":"200.61","alternatives":[{"confidence":"0.4732","content":"본"}],"type":"pronunciation"},{"start_time":"200.61","end_time":"200.85","alternatives":[{"confidence":"0.44805","content":"운영이"}],"type":"pronunciation"},{"start_time":"200.85","end_time":"201.61","alternatives":[{"confidence":"0.9964","content":"많으시고요"}],"type":"pronunciation"},{"start_time":"202.55","end_time":"202.89","alternatives":[{"confidence":"0.9986","content":"소중한"}],"type":"pronunciation"},{"start_time":"202.89","end_time":"203.11","alternatives":[{"confidence":"0.751","content":"정보"}],"type":"pronunciation"},{"start_time":"203.11","end_time":"203.98","alternatives":[{"confidence":"0.9983","content":"감사드립니다"}],"type":"pronunciation"},{"alternatives":[{"confidence":"0.0","content":"."}],"type":"punctuation"},{"start_time":"204.45","end_time":"204.82","alternatives":[{"confidence":"0.9169","content":"가슴이"}],"type":"pronunciation"},{"start_time":"204.82","end_time":"205.16","alternatives":[{"confidence":"0.9066","content":"년도와"}],"type":"pronunciation"},{"start_time":"205.16","end_time":"205.43","alternatives":[{"confidence":"0.6072","content":"금리"}],"type":"pronunciation"},{"start_time":"205.43","end_time":"205.64","alternatives":[{"confidence":"0.7319","content":"저희"}],"type":"pronunciation"},{"start_time":"205.64","end_time":"205.84","alternatives":[{"confidence":"0.7454","content":"해결"}],"type":"pronunciation"},{"start_time":"205.84","end_time":"206.38","alternatives":[{"confidence":"0.80715","content":"될텐데요"}],"type":"pronunciation"},{"start_time":"206.41","end_time":"206.86","alternatives":[{"confidence":"0.6769499999999999","content":"끊지말고"}],"type":"pronunciation"},{"start_time":"206.86","end_time":"207.25","alternatives":[{"confidence":"1.0","content":"잠시만"}],"type":"pronunciation"},{"start_time":"207.25","end_time":"207.55","alternatives":[{"confidence":"0.5517","content":"기다려"}],"type":"pronunciation"},{"start_time":"207.55","end_time":"208.98","alternatives":[{"confidence":"0.9999","content":"주세요"}],"type":"pronunciation"},{"alternatives":[{"confidence":"0.0","content":"."}],"type":"punctuation"},{"start_time":"212.04","end_time":"212.25","alternatives":[{"confidence":"0.9752","content":"네"}],"type":"pronunciation"},{"alternatives":[{"confidence":"0.0","content":","}],"type":"punctuation"},{"start_time":"212.25","end_time":"213.27","alternatives":[{"confidence":"1.0","content":"여보세요"}],"type":"pronunciation"},{"alternatives":[{"confidence":"0.0","content":"?"}],"type":"punctuation"},{"start_time":"213.6","end_time":"213.74","alternatives":[{"confidence":"0.3067","content":"네"}],"type":"pronunciation"},{"alternatives":[{"confidence":"0.0","content":","}],"type":"punctuation"},{"start_time":"213.74","end_time":"214.09","alternatives":[{"confidence":"0.5386","content":"가슴이"}],"type":"pronunciation"},{"start_time":"214.09","end_time":"214.25","alternatives":[{"confidence":"0.1465","content":"난"}],"type":"pronunciation"},{"start_time":"214.25","end_time":"214.44","alternatives":[{"confidence":"0.2862","content":"돌아"}],"type":"pronunciation"},{"start_time":"214.44","end_time":"215.81","alternatives":[{"confidence":"0.8622","content":"금리선출되셨고요"}],"type":"pronunciation"},{"start_time":"216.26","end_time":"216.69","alternatives":[{"confidence":"0.43165","content":"비난도"}],"type":"pronunciation"},{"start_time":"216.69","end_time":"217.65","alternatives":[{"confidence":"0.7758333333333334","content":"오천육백만원"}],"type":"pronunciation"},{"alternatives":[{"confidence":"0.0","content":"."}],"type":"punctuation"},{"start_time":"217.65","end_time":"217.94","alternatives":[{"confidence":"0.8073","content":"금리"}],"type":"pronunciation"},{"start_time":"217.94","end_time":"218.72","alternatives":[{"confidence":"0.5570666666666667","content":"삼점사프로"}],"type":"pronunciation"},{"start_time":"218.72","end_time":"219.71","alternatives":[{"confidence":"0.8837999999999999","content":"산출되셨습니다"}],"type":"pronunciation"},{"alternatives":[{"confidence":"0.0","content":"."}],"type":"punctuation"},{"start_time":"221.29","end_time":"221.37","alternatives":[{"confidence":"0.919","content":"이"}],"type":"pronunciation"},{"start_time":"221.37","end_time":"221.68","alternatives":[{"confidence":"0.1162","content":"부분은"}],"type":"pronunciation"},{"start_time":"221.98","end_time":"222.63","alternatives":[{"confidence":"0.9850666666666666","content":"괜찮으시다면"}],"type":"pronunciation"},{"start_time":"222.63","end_time":"222.79","alternatives":[{"confidence":"0.2869","content":"제가"}],"type":"pronunciation"},{"start_time":"222.95","end_time":"223.28","alternatives":[{"confidence":"0.0691","content":"사과를"}],"type":"pronunciation"},{"start_time":"223.28","end_time":"224.37","alternatives":[{"confidence":"0.57985","content":"접수드릴까요"}],"type":"pronunciation"},{"alternatives":[{"confidence":"0.0","content":"."}],"type":"punctuation"},{"start_time":"225.48","end_time":"225.66","alternatives":[{"confidence":"0.6276","content":"네"}],"type":"pronunciation"},{"alternatives":[{"confidence":"0.0","content":","}],"type":"punctuation"},{"start_time":"225.66","end_time":"226.01","alternatives":[{"confidence":"0.9288","content":"오늘"}],"type":"pronunciation"},{"start_time":"226.01","end_time":"226.44","alternatives":[{"confidence":"0.9907","content":"접수하게"}],"type":"pronunciation"},{"start_time":"226.44","end_time":"227.02","alternatives":[{"confidence":"0.99985","content":"되시면"}],"type":"pronunciation"},{"start_time":"227.05","end_time":"227.29","alternatives":[{"confidence":"0.5373","content":"내일"}],"type":"pronunciation"},{"start_time":"227.29","end_time":"227.51","alternatives":[{"confidence":"0.5693","content":"오전"}],"type":"pronunciation"},{"start_time":"227.51","end_time":"227.69","alternatives":[{"confidence":"0.5475","content":"중에"}],"type":"pronunciation"},{"start_time":"227.69","end_time":"228.19","alternatives":[{"confidence":"0.08395","content":"심사에서"}],"type":"pronunciation"},{"start_time":"228.19","end_time":"228.73","alternatives":[{"confidence":"0.6655","content":"전화하실"}],"type":"pronunciation"},{"start_time":"228.73","end_time":"229.2","alternatives":[{"confidence":"0.9974","content":"테니까"}],"type":"pronunciation"},{"start_time":"229.2","end_time":"229.68","alternatives":[{"confidence":"0.46964999999999996","content":"부지없이"}],"type":"pronunciation"},{"start_time":"229.68","end_time":"229.9","alternatives":[{"confidence":"0.9618","content":"잘"}],"type":"pronunciation"},{"start_time":"229.9","end_time":"230.16","alternatives":[{"confidence":"0.8632","content":"받아"}],"type":"pronunciation"},{"start_time":"230.16","end_time":"230.86","alternatives":[{"confidence":"0.9887","content":"주시고요"}],"type":"pronunciation"},{"alternatives":[{"confidence":"0.0","content":"."}],"type":"punctuation"},{"start_time":"231.22","end_time":"231.74","alternatives":[{"confidence":"0.16965","content":"심사까지"}],"type":"pronunciation"},{"start_time":"232.5","end_time":"233.12","alternatives":[{"confidence":"0.9702","content":"하시면"}],"type":"pronunciation"},{"start_time":"233.12","end_time":"233.45","alternatives":[{"confidence":"0.3556","content":"국민의"}],"type":"pronunciation"},{"start_time":"233.45","end_time":"233.9","alternatives":[{"confidence":"0.8588","content":"거주하고"}],"type":"pronunciation"},{"start_time":"233.9","end_time":"234.23","alternatives":[{"confidence":"0.9899","content":"계시는"}],"type":"pronunciation"},{"start_time":"234.23","end_time":"234.71","alternatives":[{"confidence":"0.9675","content":"지역에서"}],"type":"pronunciation"},{"start_time":"234.71","end_time":"235.09","alternatives":[{"confidence":"0.4338","content":"현금"}],"type":"pronunciation"},{"start_time":"235.09","end_time":"235.61","alternatives":[{"confidence":"0.48293333333333327","content":"인구유동이"}],"type":"pronunciation"},{"start_time":"235.61","end_time":"235.87","alternatives":[{"confidence":"1.0","content":"가장"}],"type":"pronunciation"},{"start_time":"235.87","end_time":"236.07","alternatives":[{"confidence":"0.9998","content":"많은"}],"type":"pronunciation"},{"start_time":"236.07","end_time":"236.96","alternatives":[{"confidence":"0.6870499999999999","content":"국민은행지점으로"}],"type":"pronunciation"},{"start_time":"236.96","end_time":"237.3","alternatives":[{"confidence":"0.95625","content":"배정을"}],"type":"pronunciation"},{"start_time":"237.3","end_time":"237.62","alternatives":[{"confidence":"0.7671","content":"해드릴"}],"type":"pronunciation"},{"start_time":"237.62","end_time":"238.49","alternatives":[{"confidence":"0.8019499999999999","content":"거고요"}],"type":"pronunciation"},{"alternatives":[{"confidence":"0.0","content":"."}],"type":"punctuation"},{"start_time":"238.92","end_time":"239.14","alternatives":[{"confidence":"0.821","content":"께서"}],"type":"pronunciation"},{"start_time":"239.14","end_time":"239.57","alternatives":[{"confidence":"0.9699","content":"직접"}],"type":"pronunciation"},{"start_time":"239.97","end_time":"240.59","alternatives":[{"confidence":"0.5519000000000001","content":"참하셔서"}],"type":"pronunciation"},{"start_time":"240.59","end_time":"242.04","alternatives":[{"confidence":"0.4377","content":"국민은행방문해주셔야"}],"type":"pronunciation"},{"start_time":"242.04","end_time":"242.34","alternatives":[{"confidence":"0.9766","content":"되는데"}],"type":"pronunciation"},{"start_time":"242.41","end_time":"242.5","alternatives":[{"confidence":"0.6904","content":"그"}],"type":"pronunciation"},{"start_time":"242.5","end_time":"242.7","alternatives":[{"confidence":"0.4961","content":"부분"}],"type":"pronunciation"},{"start_time":"242.7","end_time":"243.88","alternatives":[{"confidence":"0.9797333333333333","content":"괜찮으시고요"}],"type":"pronunciation"},{"start_time":"247.305","end_time":"247.785","alternatives":[{"confidence":"0.022699999999999998","content":"심장까지"}],"type":"pronunciation"},{"start_time":"248.465","end_time":"249.135","alternatives":[{"confidence":"0.9334","content":"하시면"}],"type":"pronunciation"},{"start_time":"249.945","end_time":"250.275","alternatives":[{"confidence":"0.6469","content":"받으실"}],"type":"pronunciation"},{"start_time":"250.275","end_time":"250.745","alternatives":[{"confidence":"0.6061","content":"거에요"}],"type":"pronunciation"},{"alternatives":[{"confidence":"0.0","content":"."}],"type":"punctuation"},{"start_time":"253.885","end_time":"254.415","alternatives":[{"confidence":"0.9559","content":"들어가겠죠"}],"type":"pronunciation"},{"start_time":"255.545","end_time":"255.845","alternatives":[{"confidence":"0.0184","content":"밖으로"}],"type":"pronunciation"},{"start_time":"255.845","end_time":"256.015","alternatives":[{"confidence":"0.0098","content":"나와"}],"type":"pronunciation"},{"start_time":"256.865","end_time":"257.255","alternatives":[{"confidence":"0.076","content":"보세요"}],"type":"pronunciation"},{"alternatives":[{"confidence":"0.0","content":"."}],"type":"punctuation"},{"start_time":"259.275","end_time":"259.635","alternatives":[{"confidence":"0.6558","content":"혹시라도"}],"type":"pronunciation"},{"start_time":"259.635","end_time":"259.855","alternatives":[{"confidence":"0.9807","content":"다른"}],"type":"pronunciation"},{"start_time":"259.855","end_time":"260.675","alternatives":[{"confidence":"0.8104333333333334","content":"궁금하신상이나"}],"type":"pronunciation"},{"start_time":"260.675","end_time":"261.775","alternatives":[{"confidence":"0.854725","content":"문상있으시면요"}],"type":"pronunciation"},{"start_time":"261.865","end_time":"262.155","alternatives":[{"confidence":"0.0984","content":"이번"}],"type":"pronunciation"},{"start_time":"262.685","end_time":"262.865","alternatives":[{"confidence":"0.6783","content":"들이"}],"type":"pronunciation"},{"start_time":"262.865","end_time":"263.455","alternatives":[{"confidence":"0.94055","content":"찾아주시면"}],"type":"pronunciation"},{"start_time":"263.455","end_time":"263.675","alternatives":[{"confidence":"0.9963","content":"제가"}],"type":"pronunciation"},{"start_time":"263.675","end_time":"264.155","alternatives":[{"confidence":"0.9979","content":"친절하게"}],"type":"pronunciation"},{"start_time":"264.155","end_time":"265.285","alternatives":[{"confidence":"0.9695","content":"상담드리겠습니다"}],"type":"pronunciation"},{"alternatives":[{"confidence":"0.0","content":"."}],"type":"punctuation"},{"start_time":"266.815","end_time":"267.085","alternatives":[{"confidence":"0.0862","content":"내일"}],"type":"pronunciation"},{"start_time":"267.085","end_time":"267.465","alternatives":[{"confidence":"0.0586","content":"존경해"}],"type":"pronunciation"},{"start_time":"267.465","end_time":"267.685","alternatives":[{"confidence":"0.1109","content":"주시기"}],"type":"pronunciation"},{"start_time":"267.685","end_time":"268.225","alternatives":[{"confidence":"0.30205","content":"바라했고요"}],"type":"pronunciation"},{"start_time":"268.255","end_time":"268.575","alternatives":[{"confidence":"0.3963","content":"지금까지"}],"type":"pronunciation"},{"start_time":"269.785","end_time":"270.275","alternatives":[{"confidence":"0.4515","content":"이었습니다"}],"type":"pronunciation"},{"alternatives":[{"confidence":"0.0","content":"."}],"type":"punctuation"}]},"status":"COMPLETED"}