{"jobName":"transcribe_loan147","accountId":"097989105209","results":{"transcripts":[{"transcript":"지역별로 이렇게 텍스트 진행이 계약을 하게 되는데 오늘 접수하시게 되면은 저희가 이제 수도권기준으로 내일 테스트 결과는 보통 한 세시에서 네시 정도 나올 예정이고요 그러시고 저녁에 한 일곱시 전에는 저희가 계약을 다 마무리할 겁니다. 제가 일단 접수를 바로 들어가겠습니다. 그 하나은행지금 저 계좌확인되시죠. 네. 계좌번호 불러주시겠어요 공칠번이요 제가 확인하겠습니다 뭐 맞으시죠 네 비밀번호는 어떻게 되시죠? 이시고요 우리 고객님성함 확인 부탁드립니다. 생년월일앞에 여섯자리 확인 부탁 드릴게요. 지금 이제 제가 퀴기사님을 보내드릴 텐데요. 그 기사님 보내드릴 주소지 확인 좀 부탁드릴게요. 따로 뭐 다세대 빌라수는 없는 건가요? 제가 중간에서 그렇게 잘 처리하겠습니다. 네. 그러시고 아시다시피 우리 거기는 그 카드나 현금 통장같이. 이런 금융 관련 물품들은 배송금지 품목이라. 저희가 이제 카드가 아닌 것처럼 이렇게 포장을 해주셔가지고. 지금 저희 기사 기사님 통해서 저희 담당자님한테 보낼건데요 저기 박스 포장으로 해서 이게 안에 카드나 통장이나 이런 부분이 아닌 것처럼 이제 포장을 해서 보내줘야 돼요. 제가 박스 포장법을 좀 알려드리면요. 그 운동화박스혹시 있으시면 딱 좋고요. 아 그러세요? 네요. 그것보다 작아도 되고 그 카드 상관없는데 그 정도 사이즈면 딱 적당해요 운동화박스있으시면은 운동화박스 안에 그 그 체크카드가 이제 마그네틱 부분이라서 분이 손상이 되지 않도록 뭐 저 되게 뭐 버리실만한 책이라든가 뭐 잡지나 신문 잘 이용하셔가지고 안에 책갈피식으로 잘 넣어서 상자 안에 넣어 주시고요. 무게가 너무 가볍지 않도록 의심받지 않도록 상자 한 빈 공간에 뭐 신문지를 넣어 시거나 아니면 뭐 또 다른 벌이 실만한 책자나 주변에 버리실만한 물건 뭐 이렇게 걸레나 옷도 좋고요. 그런 걸로 내용을 꽉 채워 주시면은 의심받지 않아요. 안에 물품처럼 저희가 보여주기 위해서. 그래서 내용을 좀 꽉 채워주시고 나서 박스 테이프로 상자는 막 칭칭 감아 주세요. 누가 잘 열어보지 않고 저희 담당자님 만 받아서 바로 여러 보실 수 있게끔 그렇게 박스 포장하시는데 시간 대략 어느 정도 예상되실까요. 그러세요. 그러면 포장하신 다음에 전화 한 통화만 다시 부탁드리겠습니다. 저도 지금 사무실 좀 섭외해야 되거든요. 그냥 주시고요. 제가 바로 볼게요. 뭐 때문에 그러냐면요 제가 이제 박스외관상태라든가 아니면 내용물무게지금 대충 감이라도 좀 제가 잡아야지 물품예를 들면 어떤 품목으로 해가지고 접수를 될 거거든요. 그냥 그냥 품목없이 접수하면 접수를 안 받아줘요. 사무실 쪽에서. 그래서 대략적으로라도 일단 포장하시고 나서 저하고 통화다시 한번 하겠습니다. 네. 네. 감사합니다. 네."}],"items":[{"start_time":"0.21","end_time":"0.65","alternatives":[{"confidence":"0.9992","content":"지역별로"}],"type":"pronunciation"},{"start_time":"0.65","end_time":"1.17","alternatives":[{"confidence":"0.9778","content":"이렇게"}],"type":"pronunciation"},{"start_time":"1.29","end_time":"1.64","alternatives":[{"confidence":"0.846","content":"텍스트"}],"type":"pronunciation"},{"start_time":"1.64","end_time":"1.92","alternatives":[{"confidence":"0.9733","content":"진행이"}],"type":"pronunciation"},{"start_time":"1.92","end_time":"2.26","alternatives":[{"confidence":"0.9552","content":"계약을"}],"type":"pronunciation"},{"start_time":"2.26","end_time":"2.45","alternatives":[{"confidence":"0.9091","content":"하게"}],"type":"pronunciation"},{"start_time":"2.45","end_time":"3.07","alternatives":[{"confidence":"0.9992","content":"되는데"}],"type":"pronunciation"},{"start_time":"3.13","end_time":"3.34","alternatives":[{"confidence":"0.9793","content":"오늘"}],"type":"pronunciation"},{"start_time":"3.34","end_time":"3.85","alternatives":[{"confidence":"0.9999666666666668","content":"접수하시게"}],"type":"pronunciation"},{"start_time":"3.85","end_time":"4.14","alternatives":[{"confidence":"0.54375","content":"되면은"}],"type":"pronunciation"},{"start_time":"4.14","end_time":"4.44","alternatives":[{"confidence":"1.0","content":"저희가"}],"type":"pronunciation"},{"start_time":"4.44","end_time":"4.66","alternatives":[{"confidence":"0.9207","content":"이제"}],"type":"pronunciation"},{"start_time":"5.4","end_time":"6.45","alternatives":[{"confidence":"0.67515","content":"수도권기준으로"}],"type":"pronunciation"},{"start_time":"6.45","end_time":"7.12","alternatives":[{"confidence":"0.8809","content":"내일"}],"type":"pronunciation"},{"start_time":"7.15","end_time":"7.81","alternatives":[{"confidence":"0.9534","content":"테스트"}],"type":"pronunciation"},{"start_time":"7.81","end_time":"8.22","alternatives":[{"confidence":"0.9888","content":"결과는"}],"type":"pronunciation"},{"start_time":"8.22","end_time":"8.45","alternatives":[{"confidence":"0.9608","content":"보통"}],"type":"pronunciation"},{"start_time":"8.45","end_time":"8.54","alternatives":[{"confidence":"0.9448","content":"한"}],"type":"pronunciation"},{"start_time":"8.54","end_time":"8.93","alternatives":[{"confidence":"0.8218000000000001","content":"세시에서"}],"type":"pronunciation"},{"start_time":"8.93","end_time":"9.16","alternatives":[{"confidence":"0.632","content":"네시"}],"type":"pronunciation"},{"start_time":"9.16","end_time":"9.39","alternatives":[{"confidence":"0.9012","content":"정도"}],"type":"pronunciation"},{"start_time":"9.39","end_time":"9.66","alternatives":[{"confidence":"0.995","content":"나올"}],"type":"pronunciation"},{"start_time":"9.66","end_time":"10.53","alternatives":[{"confidence":"0.9894000000000001","content":"예정이고요"}],"type":"pronunciation"},{"start_time":"10.65","end_time":"10.97","alternatives":[{"confidence":"0.85565","content":"그러시고"}],"type":"pronunciation"},{"start_time":"10.97","end_time":"11.3","alternatives":[{"confidence":"0.8449","content":"저녁에"}],"type":"pronunciation"},{"start_time":"11.3","end_time":"11.41","alternatives":[{"confidence":"0.9385","content":"한"}],"type":"pronunciation"},{"start_time":"11.41","end_time":"11.72","alternatives":[{"confidence":"0.8301499999999999","content":"일곱시"}],"type":"pronunciation"},{"start_time":"11.72","end_time":"12.05","alternatives":[{"confidence":"0.9986","content":"전에는"}],"type":"pronunciation"},{"start_time":"12.05","end_time":"12.29","alternatives":[{"confidence":"1.0","content":"저희가"}],"type":"pronunciation"},{"start_time":"12.29","end_time":"12.61","alternatives":[{"confidence":"0.9773","content":"계약을"}],"type":"pronunciation"},{"start_time":"12.61","end_time":"12.7","alternatives":[{"confidence":"0.9563","content":"다"}],"type":"pronunciation"},{"start_time":"12.7","end_time":"13.09","alternatives":[{"confidence":"0.9531499999999999","content":"마무리할"}],"type":"pronunciation"},{"start_time":"13.09","end_time":"13.61","alternatives":[{"confidence":"0.9937","content":"겁니다"}],"type":"pronunciation"},{"alternatives":[{"confidence":"0.0","content":"."}],"type":"punctuation"},{"start_time":"14.18","end_time":"14.41","alternatives":[{"confidence":"0.9996","content":"제가"}],"type":"pronunciation"},{"start_time":"14.41","end_time":"14.72","alternatives":[{"confidence":"0.9998","content":"일단"}],"type":"pronunciation"},{"start_time":"14.72","end_time":"15.41","alternatives":[{"confidence":"1.0","content":"접수를"}],"type":"pronunciation"},{"start_time":"15.44","end_time":"15.72","alternatives":[{"confidence":"0.9833","content":"바로"}],"type":"pronunciation"},{"start_time":"15.72","end_time":"16.49","alternatives":[{"confidence":"0.99925","content":"들어가겠습니다"}],"type":"pronunciation"},{"alternatives":[{"confidence":"0.0","content":"."}],"type":"punctuation"},{"start_time":"16.49","end_time":"16.64","alternatives":[{"confidence":"0.6993","content":"그"}],"type":"pronunciation"},{"start_time":"16.8","end_time":"18.34","alternatives":[{"confidence":"0.9723999999999999","content":"하나은행지금"}],"type":"pronunciation"},{"start_time":"18.37","end_time":"18.53","alternatives":[{"confidence":"0.2466","content":"저"}],"type":"pronunciation"},{"start_time":"18.56","end_time":"20.04","alternatives":[{"confidence":"0.94615","content":"계좌확인되시죠"}],"type":"pronunciation"},{"alternatives":[{"confidence":"0.0","content":"."}],"type":"punctuation"},{"start_time":"20.37","end_time":"20.59","alternatives":[{"confidence":"0.7121","content":"네"}],"type":"pronunciation"},{"alternatives":[{"confidence":"0.0","content":"."}],"type":"punctuation"},{"start_time":"20.62","end_time":"21.11","alternatives":[{"confidence":"0.8972","content":"계좌번호"}],"type":"pronunciation"},{"start_time":"21.11","end_time":"22.2","alternatives":[{"confidence":"0.8246","content":"불러주시겠어요"}],"type":"pronunciation"},{"start_time":"24.28","end_time":"25.0","alternatives":[{"confidence":"0.68435","content":"공칠번이요"}],"type":"pronunciation"},{"start_time":"25.15","end_time":"25.34","alternatives":[{"confidence":"0.9917","content":"제가"}],"type":"pronunciation"},{"start_time":"25.34","end_time":"26.1","alternatives":[{"confidence":"0.9721","content":"확인하겠습니다"}],"type":"pronunciation"},{"start_time":"27.53","end_time":"27.67","alternatives":[{"confidence":"0.5941","content":"뭐"}],"type":"pronunciation"},{"start_time":"27.7","end_time":"28.87","alternatives":[{"confidence":"0.9002","content":"맞으시죠"}],"type":"pronunciation"},{"start_time":"29.18","end_time":"29.53","alternatives":[{"confidence":"0.8625","content":"네"}],"type":"pronunciation"},{"start_time":"29.62","end_time":"30.34","alternatives":[{"confidence":"0.9996","content":"비밀번호는"}],"type":"pronunciation"},{"start_time":"30.34","end_time":"30.55","alternatives":[{"confidence":"1.0","content":"어떻게"}],"type":"pronunciation"},{"start_time":"30.55","end_time":"31.03","alternatives":[{"confidence":"1.0","content":"되시죠"}],"type":"pronunciation"},{"alternatives":[{"confidence":"0.0","content":"?"}],"type":"punctuation"},{"start_time":"34.74","end_time":"35.33","alternatives":[{"confidence":"0.96555","content":"이시고요"}],"type":"pronunciation"},{"start_time":"35.58","end_time":"35.74","alternatives":[{"confidence":"0.9566","content":"우리"}],"type":"pronunciation"},{"start_time":"35.74","end_time":"36.48","alternatives":[{"confidence":"0.7391","content":"고객님성함"}],"type":"pronunciation"},{"start_time":"36.48","end_time":"36.71","alternatives":[{"confidence":"0.9781","content":"확인"}],"type":"pronunciation"},{"start_time":"36.71","end_time":"37.45","alternatives":[{"confidence":"0.9994","content":"부탁드립니다"}],"type":"pronunciation"},{"alternatives":[{"confidence":"0.0","content":"."}],"type":"punctuation"},{"start_time":"42.64","end_time":"43.68","alternatives":[{"confidence":"0.97185","content":"생년월일앞에"}],"type":"pronunciation"},{"start_time":"43.68","end_time":"44.2","alternatives":[{"confidence":"0.7994","content":"여섯자리"}],"type":"pronunciation"},{"start_time":"44.2","end_time":"44.44","alternatives":[{"confidence":"0.9491","content":"확인"}],"type":"pronunciation"},{"start_time":"44.44","end_time":"44.67","alternatives":[{"confidence":"0.6316","content":"부탁"}],"type":"pronunciation"},{"start_time":"44.67","end_time":"45.39","alternatives":[{"confidence":"0.9749","content":"드릴게요"}],"type":"pronunciation"},{"alternatives":[{"confidence":"0.0","content":"."}],"type":"punctuation"},{"start_time":"48.94","end_time":"49.22","alternatives":[{"confidence":"0.9987","content":"지금"}],"type":"pronunciation"},{"start_time":"49.22","end_time":"49.51","alternatives":[{"confidence":"0.9997","content":"이제"}],"type":"pronunciation"},{"start_time":"49.52","end_time":"49.98","alternatives":[{"confidence":"0.9979","content":"제가"}],"type":"pronunciation"},{"start_time":"49.98","end_time":"50.91","alternatives":[{"confidence":"0.8524333333333334","content":"퀴기사님을"}],"type":"pronunciation"},{"start_time":"50.94","end_time":"51.52","alternatives":[{"confidence":"0.8062","content":"보내드릴"}],"type":"pronunciation"},{"start_time":"51.52","end_time":"52.77","alternatives":[{"confidence":"1.0","content":"텐데요"}],"type":"pronunciation"},{"alternatives":[{"confidence":"0.0","content":"."}],"type":"punctuation"},{"start_time":"52.8","end_time":"52.99","alternatives":[{"confidence":"0.1836","content":"그"}],"type":"pronunciation"},{"start_time":"53.14","end_time":"53.45","alternatives":[{"confidence":"0.9111","content":"기사님"}],"type":"pronunciation"},{"start_time":"53.45","end_time":"54.08","alternatives":[{"confidence":"0.91445","content":"보내드릴"}],"type":"pronunciation"},{"start_time":"54.18","end_time":"54.83","alternatives":[{"confidence":"0.99465","content":"주소지"}],"type":"pronunciation"},{"start_time":"54.83","end_time":"55.09","alternatives":[{"confidence":"0.9735","content":"확인"}],"type":"pronunciation"},{"start_time":"55.09","end_time":"55.21","alternatives":[{"confidence":"1.0","content":"좀"}],"type":"pronunciation"},{"start_time":"55.21","end_time":"56.02","alternatives":[{"confidence":"0.96595","content":"부탁드릴게요"}],"type":"pronunciation"},{"alternatives":[{"confidence":"0.0","content":"."}],"type":"punctuation"},{"start_time":"59.74","end_time":"60.12","alternatives":[{"confidence":"0.9751","content":"따로"}],"type":"pronunciation"},{"start_time":"60.12","end_time":"60.24","alternatives":[{"confidence":"0.8893","content":"뭐"}],"type":"pronunciation"},{"start_time":"60.27","end_time":"60.64","alternatives":[{"confidence":"0.9078999999999999","content":"다세대"}],"type":"pronunciation"},{"start_time":"60.64","end_time":"61.52","alternatives":[{"confidence":"0.96855","content":"빌라수는"}],"type":"pronunciation"},{"start_time":"61.52","end_time":"61.74","alternatives":[{"confidence":"0.655","content":"없는"}],"type":"pronunciation"},{"start_time":"61.74","end_time":"62.44","alternatives":[{"confidence":"1.0","content":"건가요"}],"type":"pronunciation"},{"alternatives":[{"confidence":"0.0","content":"?"}],"type":"punctuation"},{"start_time":"64.61","end_time":"64.83","alternatives":[{"confidence":"0.9906","content":"제가"}],"type":"pronunciation"},{"start_time":"64.83","end_time":"65.15","alternatives":[{"confidence":"0.9539","content":"중간에서"}],"type":"pronunciation"},{"start_time":"65.15","end_time":"65.41","alternatives":[{"confidence":"0.9986","content":"그렇게"}],"type":"pronunciation"},{"start_time":"65.41","end_time":"65.58","alternatives":[{"confidence":"0.9688","content":"잘"}],"type":"pronunciation"},{"start_time":"65.58","end_time":"66.26","alternatives":[{"confidence":"0.9276","content":"처리하겠습니다"}],"type":"pronunciation"},{"alternatives":[{"confidence":"0.0","content":"."}],"type":"punctuation"},{"start_time":"66.26","end_time":"66.41","alternatives":[{"confidence":"0.5605","content":"네"}],"type":"pronunciation"},{"alternatives":[{"confidence":"0.0","content":"."}],"type":"punctuation"},{"start_time":"66.7","end_time":"67.14","alternatives":[{"confidence":"0.9289000000000001","content":"그러시고"}],"type":"pronunciation"},{"start_time":"67.4","end_time":"68.0","alternatives":[{"confidence":"1.0","content":"아시다시피"}],"type":"pronunciation"},{"start_time":"68.0","end_time":"68.11","alternatives":[{"confidence":"0.9827","content":"우리"}],"type":"pronunciation"},{"start_time":"68.11","end_time":"68.4","alternatives":[{"confidence":"0.8115","content":"거기는"}],"type":"pronunciation"},{"start_time":"68.4","end_time":"68.63","alternatives":[{"confidence":"0.8968","content":"그"}],"type":"pronunciation"},{"start_time":"68.83","end_time":"69.37","alternatives":[{"confidence":"0.99865","content":"카드나"}],"type":"pronunciation"},{"start_time":"69.37","end_time":"69.75","alternatives":[{"confidence":"0.9011","content":"현금"}],"type":"pronunciation"},{"start_time":"69.75","end_time":"70.31","alternatives":[{"confidence":"0.8839","content":"통장같이"}],"type":"pronunciation"},{"alternatives":[{"confidence":"0.0","content":"."}],"type":"punctuation"},{"start_time":"70.31","end_time":"70.49","alternatives":[{"confidence":"0.9556","content":"이런"}],"type":"pronunciation"},{"start_time":"70.49","end_time":"70.97","alternatives":[{"confidence":"0.636","content":"금융"}],"type":"pronunciation"},{"start_time":"70.97","end_time":"71.25","alternatives":[{"confidence":"0.961","content":"관련"}],"type":"pronunciation"},{"start_time":"71.25","end_time":"71.97","alternatives":[{"confidence":"0.9725","content":"물품들은"}],"type":"pronunciation"},{"start_time":"72.0","end_time":"72.62","alternatives":[{"confidence":"0.9643999999999999","content":"배송금지"}],"type":"pronunciation"},{"start_time":"72.62","end_time":"73.29","alternatives":[{"confidence":"0.8802","content":"품목이라"}],"type":"pronunciation"},{"alternatives":[{"confidence":"0.0","content":"."}],"type":"punctuation"},{"start_time":"73.29","end_time":"73.55","alternatives":[{"confidence":"1.0","content":"저희가"}],"type":"pronunciation"},{"start_time":"73.55","end_time":"73.7","alternatives":[{"confidence":"0.9887","content":"이제"}],"type":"pronunciation"},{"start_time":"73.97","end_time":"74.57","alternatives":[{"confidence":"0.9981","content":"카드가"}],"type":"pronunciation"},{"start_time":"74.57","end_time":"74.86","alternatives":[{"confidence":"0.9962","content":"아닌"}],"type":"pronunciation"},{"start_time":"74.86","end_time":"75.27","alternatives":[{"confidence":"0.9492","content":"것처럼"}],"type":"pronunciation"},{"start_time":"75.27","end_time":"75.85","alternatives":[{"confidence":"0.9963","content":"이렇게"}],"type":"pronunciation"},{"start_time":"75.97","end_time":"76.94","alternatives":[{"confidence":"0.99855","content":"포장을"}],"type":"pronunciation"},{"start_time":"76.94","end_time":"77.56","alternatives":[{"confidence":"0.9949333333333333","content":"해주셔가지고"}],"type":"pronunciation"},{"alternatives":[{"confidence":"0.0","content":"."}],"type":"punctuation"},{"start_time":"77.56","end_time":"77.85","alternatives":[{"confidence":"0.9999","content":"지금"}],"type":"pronunciation"},{"start_time":"77.88","end_time":"78.12","alternatives":[{"confidence":"0.8852","content":"저희"}],"type":"pronunciation"},{"start_time":"78.12","end_time":"78.38","alternatives":[{"confidence":"0.4174","content":"기사"}],"type":"pronunciation"},{"start_time":"78.92","end_time":"79.3","alternatives":[{"confidence":"0.9716","content":"기사님"}],"type":"pronunciation"},{"start_time":"79.3","end_time":"79.85","alternatives":[{"confidence":"0.854","content":"통해서"}],"type":"pronunciation"},{"start_time":"79.85","end_time":"80.03","alternatives":[{"confidence":"0.9281","content":"저희"}],"type":"pronunciation"},{"start_time":"80.03","end_time":"80.68","alternatives":[{"confidence":"0.9939","content":"담당자님한테"}],"type":"pronunciation"},{"start_time":"80.68","end_time":"81.96","alternatives":[{"confidence":"0.97655","content":"보낼건데요"}],"type":"pronunciation"},{"start_time":"82.02","end_time":"82.4","alternatives":[{"confidence":"0.5156","content":"저기"}],"type":"pronunciation"},{"start_time":"82.54","end_time":"82.95","alternatives":[{"confidence":"0.6573","content":"박스"}],"type":"pronunciation"},{"start_time":"83.087","end_time":"83.477","alternatives":[{"confidence":"0.9012","content":"포장으로"}],"type":"pronunciation"},{"start_time":"83.477","end_time":"83.937","alternatives":[{"confidence":"0.992","content":"해서"}],"type":"pronunciation"},{"start_time":"83.937","end_time":"84.097","alternatives":[{"confidence":"0.8777","content":"이게"}],"type":"pronunciation"},{"start_time":"84.097","end_time":"84.497","alternatives":[{"confidence":"0.8144","content":"안에"}],"type":"pronunciation"},{"start_time":"84.497","end_time":"84.897","alternatives":[{"confidence":"0.9999","content":"카드나"}],"type":"pronunciation"},{"start_time":"84.897","end_time":"85.337","alternatives":[{"confidence":"1.0","content":"통장이나"}],"type":"pronunciation"},{"start_time":"85.337","end_time":"85.547","alternatives":[{"confidence":"0.986","content":"이런"}],"type":"pronunciation"},{"start_time":"85.547","end_time":"85.817","alternatives":[{"confidence":"1.0","content":"부분이"}],"type":"pronunciation"},{"start_time":"85.817","end_time":"86.007","alternatives":[{"confidence":"0.9913","content":"아닌"}],"type":"pronunciation"},{"start_time":"86.007","end_time":"86.357","alternatives":[{"confidence":"0.9632","content":"것처럼"}],"type":"pronunciation"},{"start_time":"86.357","end_time":"86.687","alternatives":[{"confidence":"0.9861","content":"이제"}],"type":"pronunciation"},{"start_time":"86.747","end_time":"87.577","alternatives":[{"confidence":"0.99925","content":"포장을"}],"type":"pronunciation"},{"start_time":"87.577","end_time":"87.717","alternatives":[{"confidence":"1.0","content":"해서"}],"type":"pronunciation"},{"start_time":"87.717","end_time":"88.287","alternatives":[{"confidence":"0.9843500000000001","content":"보내줘야"}],"type":"pronunciation"},{"start_time":"88.287","end_time":"88.947","alternatives":[{"confidence":"0.9838","content":"돼요"}],"type":"pronunciation"},{"alternatives":[{"confidence":"0.0","content":"."}],"type":"punctuation"},{"start_time":"89.367","end_time":"89.587","alternatives":[{"confidence":"0.992","content":"제가"}],"type":"pronunciation"},{"start_time":"89.587","end_time":"89.887","alternatives":[{"confidence":"0.7967","content":"박스"}],"type":"pronunciation"},{"start_time":"89.887","end_time":"90.417","alternatives":[{"confidence":"0.90185","content":"포장법을"}],"type":"pronunciation"},{"start_time":"90.417","end_time":"90.547","alternatives":[{"confidence":"0.9993","content":"좀"}],"type":"pronunciation"},{"start_time":"90.547","end_time":"91.317","alternatives":[{"confidence":"0.9323","content":"알려드리면요"}],"type":"pronunciation"},{"alternatives":[{"confidence":"0.0","content":"."}],"type":"punctuation"},{"start_time":"92.387","end_time":"92.667","alternatives":[{"confidence":"0.5867","content":"그"}],"type":"pronunciation"},{"start_time":"93.987","end_time":"95.457","alternatives":[{"confidence":"0.8302999999999999","content":"운동화박스혹시"}],"type":"pronunciation"},{"start_time":"95.457","end_time":"95.947","alternatives":[{"confidence":"1.0","content":"있으시면"}],"type":"pronunciation"},{"start_time":"95.947","end_time":"96.077","alternatives":[{"confidence":"0.987","content":"딱"}],"type":"pronunciation"},{"start_time":"96.077","end_time":"96.707","alternatives":[{"confidence":"0.9718","content":"좋고요"}],"type":"pronunciation"},{"alternatives":[{"confidence":"0.0","content":"."}],"type":"punctuation"},{"start_time":"97.797","end_time":"97.947","alternatives":[{"confidence":"0.5077","content":"아"}],"type":"pronunciation"},{"start_time":"97.947","end_time":"98.337","alternatives":[{"confidence":"1.0","content":"그러세요"}],"type":"pronunciation"},{"alternatives":[{"confidence":"0.0","content":"?"}],"type":"punctuation"},{"start_time":"98.787","end_time":"99.067","alternatives":[{"confidence":"0.0324","content":"네요"}],"type":"pronunciation"},{"alternatives":[{"confidence":"0.0","content":"."}],"type":"punctuation"},{"start_time":"99.367","end_time":"99.767","alternatives":[{"confidence":"0.8898","content":"그것보다"}],"type":"pronunciation"},{"start_time":"99.767","end_time":"100.257","alternatives":[{"confidence":"0.9778500000000001","content":"작아도"}],"type":"pronunciation"},{"start_time":"100.257","end_time":"100.577","alternatives":[{"confidence":"0.9533","content":"되고"}],"type":"pronunciation"},{"start_time":"100.577","end_time":"100.657","alternatives":[{"confidence":"0.495","content":"그"}],"type":"pronunciation"},{"start_time":"100.657","end_time":"100.897","alternatives":[{"confidence":"0.2501","content":"카드"}],"type":"pronunciation"},{"start_time":"100.897","end_time":"101.467","alternatives":[{"confidence":"0.9066","content":"상관없는데"}],"type":"pronunciation"},{"start_time":"101.497","end_time":"101.697","alternatives":[{"confidence":"0.8564","content":"그"}],"type":"pronunciation"},{"start_time":"101.697","end_time":"101.957","alternatives":[{"confidence":"0.975","content":"정도"}],"type":"pronunciation"},{"start_time":"101.957","end_time":"102.317","alternatives":[{"confidence":"0.60605","content":"사이즈면"}],"type":"pronunciation"},{"start_time":"102.317","end_time":"102.457","alternatives":[{"confidence":"0.9965","content":"딱"}],"type":"pronunciation"},{"start_time":"102.457","end_time":"103.257","alternatives":[{"confidence":"0.98985","content":"적당해요"}],"type":"pronunciation"},{"start_time":"103.527","end_time":"104.767","alternatives":[{"confidence":"0.87095","content":"운동화박스있으시면은"}],"type":"pronunciation"},{"start_time":"105.167","end_time":"105.987","alternatives":[{"confidence":"0.98495","content":"운동화박스"}],"type":"pronunciation"},{"start_time":"105.987","end_time":"106.437","alternatives":[{"confidence":"0.9943","content":"안에"}],"type":"pronunciation"},{"start_time":"106.467","end_time":"106.74","alternatives":[{"confidence":"0.5684","content":"그"}],"type":"pronunciation"},{"start_time":"106.754","end_time":"106.944","alternatives":[{"confidence":"0.6617","content":"그"}],"type":"pronunciation"},{"start_time":"106.974","end_time":"107.864","alternatives":[{"confidence":"0.99995","content":"체크카드가"}],"type":"pronunciation"},{"start_time":"107.894","end_time":"108.014","alternatives":[{"confidence":"0.5177","content":"이제"}],"type":"pronunciation"},{"start_time":"108.024","end_time":"108.494","alternatives":[{"confidence":"0.9432999999999999","content":"마그네틱"}],"type":"pronunciation"},{"start_time":"108.494","end_time":"108.984","alternatives":[{"confidence":"0.9137","content":"부분이라서"}],"type":"pronunciation"},{"start_time":"109.594","end_time":"109.784","alternatives":[{"confidence":"0.8788","content":"분이"}],"type":"pronunciation"},{"start_time":"109.784","end_time":"110.144","alternatives":[{"confidence":"0.98155","content":"손상이"}],"type":"pronunciation"},{"start_time":"110.144","end_time":"110.364","alternatives":[{"confidence":"1.0","content":"되지"}],"type":"pronunciation"},{"start_time":"110.364","end_time":"110.944","alternatives":[{"confidence":"1.0","content":"않도록"}],"type":"pronunciation"},{"start_time":"111.354","end_time":"111.954","alternatives":[{"confidence":"0.9703","content":"뭐"}],"type":"pronunciation"},{"start_time":"111.984","end_time":"112.254","alternatives":[{"confidence":"0.7566","content":"저"}],"type":"pronunciation"},{"start_time":"112.264","end_time":"112.654","alternatives":[{"confidence":"0.9999","content":"되게"}],"type":"pronunciation"},{"start_time":"112.654","end_time":"112.974","alternatives":[{"confidence":"0.8466","content":"뭐"}],"type":"pronunciation"},{"start_time":"113.004","end_time":"113.684","alternatives":[{"confidence":"0.7478000000000001","content":"버리실만한"}],"type":"pronunciation"},{"start_time":"113.684","end_time":"114.374","alternatives":[{"confidence":"0.97685","content":"책이라든가"}],"type":"pronunciation"},{"start_time":"114.404","end_time":"114.494","alternatives":[{"confidence":"0.3074","content":"뭐"}],"type":"pronunciation"},{"start_time":"114.504","end_time":"115.164","alternatives":[{"confidence":"0.9390499999999999","content":"잡지나"}],"type":"pronunciation"},{"start_time":"115.224","end_time":"115.764","alternatives":[{"confidence":"0.5988","content":"신문"}],"type":"pronunciation"},{"start_time":"115.764","end_time":"115.964","alternatives":[{"confidence":"0.9643","content":"잘"}],"type":"pronunciation"},{"start_time":"115.964","end_time":"116.824","alternatives":[{"confidence":"0.9174249999999999","content":"이용하셔가지고"}],"type":"pronunciation"},{"start_time":"117.114","end_time":"117.464","alternatives":[{"confidence":"0.8424","content":"안에"}],"type":"pronunciation"},{"start_time":"117.554","end_time":"118.274","alternatives":[{"confidence":"0.9999","content":"책갈피식으로"}],"type":"pronunciation"},{"start_time":"118.274","end_time":"118.464","alternatives":[{"confidence":"0.8731","content":"잘"}],"type":"pronunciation"},{"start_time":"118.464","end_time":"118.824","alternatives":[{"confidence":"0.9963","content":"넣어서"}],"type":"pronunciation"},{"start_time":"118.824","end_time":"119.114","alternatives":[{"confidence":"0.8177","content":"상자"}],"type":"pronunciation"},{"start_time":"119.114","end_time":"119.274","alternatives":[{"confidence":"0.9992","content":"안에"}],"type":"pronunciation"},{"start_time":"119.274","end_time":"119.474","alternatives":[{"confidence":"0.8871","content":"넣어"}],"type":"pronunciation"},{"start_time":"119.474","end_time":"120.104","alternatives":[{"confidence":"0.9845999999999999","content":"주시고요"}],"type":"pronunciation"},{"alternatives":[{"confidence":"0.0","content":"."}],"type":"punctuation"},{"start_time":"120.404","end_time":"120.954","alternatives":[{"confidence":"1.0","content":"무게가"}],"type":"pronunciation"},{"start_time":"120.954","end_time":"121.154","alternatives":[{"confidence":"0.999","content":"너무"}],"type":"pronunciation"},{"start_time":"121.154","end_time":"121.534","alternatives":[{"confidence":"0.99995","content":"가볍지"}],"type":"pronunciation"},{"start_time":"121.534","end_time":"122.224","alternatives":[{"confidence":"1.0","content":"않도록"}],"type":"pronunciation"},{"start_time":"122.254","end_time":"123.114","alternatives":[{"confidence":"1.0","content":"의심받지"}],"type":"pronunciation"},{"start_time":"123.114","end_time":"123.624","alternatives":[{"confidence":"1.0","content":"않도록"}],"type":"pronunciation"},{"start_time":"124.044","end_time":"124.394","alternatives":[{"confidence":"0.7381","content":"상자"}],"type":"pronunciation"},{"start_time":"124.394","end_time":"124.634","alternatives":[{"confidence":"0.6364","content":"한"}],"type":"pronunciation"},{"start_time":"124.634","end_time":"124.944","alternatives":[{"confidence":"0.9755","content":"빈"}],"type":"pronunciation"},{"start_time":"124.944","end_time":"125.514","alternatives":[{"confidence":"0.7857","content":"공간에"}],"type":"pronunciation"},{"start_time":"125.544","end_time":"125.774","alternatives":[{"confidence":"0.8444","content":"뭐"}],"type":"pronunciation"},{"start_time":"125.984","end_time":"126.604","alternatives":[{"confidence":"1.0","content":"신문지를"}],"type":"pronunciation"},{"start_time":"126.604","end_time":"126.734","alternatives":[{"confidence":"0.5361","content":"넣어"}],"type":"pronunciation"},{"start_time":"126.734","end_time":"127.184","alternatives":[{"confidence":"0.979","content":"시거나"}],"type":"pronunciation"},{"start_time":"127.274","end_time":"127.614","alternatives":[{"confidence":"1.0","content":"아니면"}],"type":"pronunciation"},{"start_time":"127.614","end_time":"127.884","alternatives":[{"confidence":"0.9617","content":"뭐"}],"type":"pronunciation"},{"start_time":"128.174","end_time":"128.324","alternatives":[{"confidence":"1.0","content":"또"}],"type":"pronunciation"},{"start_time":"128.324","end_time":"128.554","alternatives":[{"confidence":"0.9986","content":"다른"}],"type":"pronunciation"},{"start_time":"128.554","end_time":"128.754","alternatives":[{"confidence":"0.8858","content":"벌이"}],"type":"pronunciation"},{"start_time":"128.754","end_time":"129.074","alternatives":[{"confidence":"0.8833500000000001","content":"실만한"}],"type":"pronunciation"},{"start_time":"129.074","end_time":"129.564","alternatives":[{"confidence":"0.9538","content":"책자나"}],"type":"pronunciation"},{"start_time":"129.564","end_time":"129.904","alternatives":[{"confidence":"0.736","content":"주변에"}],"type":"pronunciation"},{"start_time":"129.904","end_time":"130.53","alternatives":[{"confidence":"0.7458666666666667","content":"버리실만한"}],"type":"pronunciation"},{"start_time":"130.541","end_time":"131.151","alternatives":[{"confidence":"0.7482","content":"물건"}],"type":"pronunciation"},{"start_time":"131.181","end_time":"131.401","alternatives":[{"confidence":"0.9897","content":"뭐"}],"type":"pronunciation"},{"start_time":"131.411","end_time":"131.611","alternatives":[{"confidence":"0.8221","content":"이렇게"}],"type":"pronunciation"},{"start_time":"131.771","end_time":"132.281","alternatives":[{"confidence":"0.9661500000000001","content":"걸레나"}],"type":"pronunciation"},{"start_time":"132.281","end_time":"132.591","alternatives":[{"confidence":"0.5484","content":"옷도"}],"type":"pronunciation"},{"start_time":"132.591","end_time":"132.961","alternatives":[{"confidence":"0.9534499999999999","content":"좋고요"}],"type":"pronunciation"},{"alternatives":[{"confidence":"0.0","content":"."}],"type":"punctuation"},{"start_time":"132.961","end_time":"133.211","alternatives":[{"confidence":"0.9129","content":"그런"}],"type":"pronunciation"},{"start_time":"133.211","end_time":"133.391","alternatives":[{"confidence":"0.9697","content":"걸로"}],"type":"pronunciation"},{"start_time":"133.421","end_time":"133.791","alternatives":[{"confidence":"0.9634","content":"내용을"}],"type":"pronunciation"},{"start_time":"133.791","end_time":"134.021","alternatives":[{"confidence":"0.9912","content":"꽉"}],"type":"pronunciation"},{"start_time":"134.021","end_time":"134.221","alternatives":[{"confidence":"0.7039","content":"채워"}],"type":"pronunciation"},{"start_time":"134.221","end_time":"134.731","alternatives":[{"confidence":"0.9509","content":"주시면은"}],"type":"pronunciation"},{"start_time":"134.761","end_time":"135.371","alternatives":[{"confidence":"0.9819","content":"의심받지"}],"type":"pronunciation"},{"start_time":"135.371","end_time":"135.731","alternatives":[{"confidence":"0.9995","content":"않아요"}],"type":"pronunciation"},{"alternatives":[{"confidence":"0.0","content":"."}],"type":"punctuation"},{"start_time":"135.731","end_time":"136.001","alternatives":[{"confidence":"0.4351","content":"안에"}],"type":"pronunciation"},{"start_time":"136.401","end_time":"137.241","alternatives":[{"confidence":"0.78815","content":"물품처럼"}],"type":"pronunciation"},{"start_time":"137.271","end_time":"137.561","alternatives":[{"confidence":"1.0","content":"저희가"}],"type":"pronunciation"},{"start_time":"137.561","end_time":"138.061","alternatives":[{"confidence":"0.9989","content":"보여주기"}],"type":"pronunciation"},{"start_time":"138.061","end_time":"138.421","alternatives":[{"confidence":"0.9175","content":"위해서"}],"type":"pronunciation"},{"alternatives":[{"confidence":"0.0","content":"."}],"type":"punctuation"},{"start_time":"138.451","end_time":"138.761","alternatives":[{"confidence":"0.9814","content":"그래서"}],"type":"pronunciation"},{"start_time":"139.021","end_time":"139.381","alternatives":[{"confidence":"1.0","content":"내용을"}],"type":"pronunciation"},{"start_time":"139.381","end_time":"139.501","alternatives":[{"confidence":"1.0","content":"좀"}],"type":"pronunciation"},{"start_time":"139.501","end_time":"139.721","alternatives":[{"confidence":"0.992","content":"꽉"}],"type":"pronunciation"},{"start_time":"139.721","end_time":"140.281","alternatives":[{"confidence":"0.9153","content":"채워주시고"}],"type":"pronunciation"},{"start_time":"140.281","end_time":"140.781","alternatives":[{"confidence":"0.6565","content":"나서"}],"type":"pronunciation"},{"start_time":"141.301","end_time":"141.851","alternatives":[{"confidence":"0.6029","content":"박스"}],"type":"pronunciation"},{"start_time":"141.851","end_time":"142.401","alternatives":[{"confidence":"0.99585","content":"테이프로"}],"type":"pronunciation"},{"start_time":"142.401","end_time":"143.171","alternatives":[{"confidence":"0.8919","content":"상자는"}],"type":"pronunciation"},{"start_time":"143.201","end_time":"143.541","alternatives":[{"confidence":"0.8718","content":"막"}],"type":"pronunciation"},{"start_time":"143.541","end_time":"143.821","alternatives":[{"confidence":"0.9999","content":"칭칭"}],"type":"pronunciation"},{"start_time":"143.821","end_time":"144.071","alternatives":[{"confidence":"0.9043","content":"감아"}],"type":"pronunciation"},{"start_time":"144.071","end_time":"144.851","alternatives":[{"confidence":"0.9856","content":"주세요"}],"type":"pronunciation"},{"alternatives":[{"confidence":"0.0","content":"."}],"type":"punctuation"},{"start_time":"145.061","end_time":"145.341","alternatives":[{"confidence":"0.9859","content":"누가"}],"type":"pronunciation"},{"start_time":"145.341","end_time":"145.591","alternatives":[{"confidence":"0.721","content":"잘"}],"type":"pronunciation"},{"start_time":"145.591","end_time":"145.991","alternatives":[{"confidence":"0.90585","content":"열어보지"}],"type":"pronunciation"},{"start_time":"145.991","end_time":"146.371","alternatives":[{"confidence":"0.9925","content":"않고"}],"type":"pronunciation"},{"start_time":"146.521","end_time":"146.701","alternatives":[{"confidence":"0.8564","content":"저희"}],"type":"pronunciation"},{"start_time":"146.701","end_time":"147.251","alternatives":[{"confidence":"0.89645","content":"담당자님"}],"type":"pronunciation"},{"start_time":"147.251","end_time":"147.421","alternatives":[{"confidence":"0.8798","content":"만"}],"type":"pronunciation"},{"start_time":"147.421","end_time":"147.771","alternatives":[{"confidence":"1.0","content":"받아서"}],"type":"pronunciation"},{"start_time":"147.771","end_time":"147.991","alternatives":[{"confidence":"0.9652","content":"바로"}],"type":"pronunciation"},{"start_time":"147.991","end_time":"148.181","alternatives":[{"confidence":"0.6974","content":"여러"}],"type":"pronunciation"},{"start_time":"148.181","end_time":"148.431","alternatives":[{"confidence":"1.0","content":"보실"}],"type":"pronunciation"},{"start_time":"148.431","end_time":"148.531","alternatives":[{"confidence":"1.0","content":"수"}],"type":"pronunciation"},{"start_time":"148.531","end_time":"148.971","alternatives":[{"confidence":"0.9998","content":"있게끔"}],"type":"pronunciation"},{"start_time":"149.251","end_time":"149.521","alternatives":[{"confidence":"0.9932","content":"그렇게"}],"type":"pronunciation"},{"start_time":"149.521","end_time":"149.811","alternatives":[{"confidence":"0.7225","content":"박스"}],"type":"pronunciation"},{"start_time":"149.811","end_time":"150.871","alternatives":[{"confidence":"0.9046","content":"포장하시는데"}],"type":"pronunciation"},{"start_time":"150.901","end_time":"151.731","alternatives":[{"confidence":"0.8053","content":"시간"}],"type":"pronunciation"},{"start_time":"151.731","end_time":"152.061","alternatives":[{"confidence":"0.9998","content":"대략"}],"type":"pronunciation"},{"start_time":"152.061","end_time":"152.231","alternatives":[{"confidence":"0.8414","content":"어느"}],"type":"pronunciation"},{"start_time":"152.231","end_time":"152.451","alternatives":[{"confidence":"0.839","content":"정도"}],"type":"pronunciation"},{"start_time":"152.451","end_time":"153.371","alternatives":[{"confidence":"0.9936666666666666","content":"예상되실까요"}],"type":"pronunciation"},{"alternatives":[{"confidence":"0.0","content":"."}],"type":"punctuation"},{"start_time":"155.091","end_time":"155.571","alternatives":[{"confidence":"1.0","content":"그러세요"}],"type":"pronunciation"},{"alternatives":[{"confidence":"0.0","content":"."}],"type":"punctuation"},{"start_time":"155.601","end_time":"156.211","alternatives":[{"confidence":"0.625","content":"그러면"}],"type":"pronunciation"},{"start_time":"156.211","end_time":"156.731","alternatives":[{"confidence":"0.8472","content":"포장하신"}],"type":"pronunciation"},{"start_time":"156.731","end_time":"157.291","alternatives":[{"confidence":"0.9936","content":"다음에"}],"type":"pronunciation"},{"start_time":"157.451","end_time":"157.711","alternatives":[{"confidence":"0.9716","content":"전화"}],"type":"pronunciation"},{"start_time":"157.711","end_time":"157.811","alternatives":[{"confidence":"0.5292","content":"한"}],"type":"pronunciation"},{"start_time":"157.811","end_time":"158.111","alternatives":[{"confidence":"0.9592","content":"통화만"}],"type":"pronunciation"},{"start_time":"158.111","end_time":"158.331","alternatives":[{"confidence":"0.9666","content":"다시"}],"type":"pronunciation"},{"start_time":"158.331","end_time":"159.181","alternatives":[{"confidence":"0.9630000000000001","content":"부탁드리겠습니다"}],"type":"pronunciation"},{"alternatives":[{"confidence":"0.0","content":"."}],"type":"punctuation"},{"start_time":"159.95","end_time":"160.18","alternatives":[{"confidence":"1.0","content":"저도"}],"type":"pronunciation"},{"start_time":"160.18","end_time":"160.34","alternatives":[{"confidence":"0.9858","content":"지금"}],"type":"pronunciation"},{"start_time":"160.49","end_time":"160.85","alternatives":[{"confidence":"0.7112","content":"사무실"}],"type":"pronunciation"},{"start_time":"160.85","end_time":"161.1","alternatives":[{"confidence":"0.8768","content":"좀"}],"type":"pronunciation"},{"start_time":"161.13","end_time":"161.56","alternatives":[{"confidence":"0.94775","content":"섭외해야"}],"type":"pronunciation"},{"start_time":"161.56","end_time":"162.16","alternatives":[{"confidence":"0.98585","content":"되거든요"}],"type":"pronunciation"},{"alternatives":[{"confidence":"0.0","content":"."}],"type":"punctuation"},{"start_time":"162.19","end_time":"162.46","alternatives":[{"confidence":"0.8251","content":"그냥"}],"type":"pronunciation"},{"start_time":"162.7","end_time":"163.03","alternatives":[{"confidence":"0.9454","content":"주시고요"}],"type":"pronunciation"},{"alternatives":[{"confidence":"0.0","content":"."}],"type":"punctuation"},{"start_time":"163.03","end_time":"163.35","alternatives":[{"confidence":"0.9992","content":"제가"}],"type":"pronunciation"},{"start_time":"163.54","end_time":"163.77","alternatives":[{"confidence":"0.7463","content":"바로"}],"type":"pronunciation"},{"start_time":"164.02","end_time":"164.33","alternatives":[{"confidence":"0.1306","content":"볼게요"}],"type":"pronunciation"},{"alternatives":[{"confidence":"0.0","content":"."}],"type":"punctuation"},{"start_time":"165.26","end_time":"165.41","alternatives":[{"confidence":"0.3102","content":"뭐"}],"type":"pronunciation"},{"start_time":"165.41","end_time":"165.67","alternatives":[{"confidence":"1.0","content":"때문에"}],"type":"pronunciation"},{"start_time":"165.67","end_time":"166.26","alternatives":[{"confidence":"0.9817333333333332","content":"그러냐면요"}],"type":"pronunciation"},{"start_time":"166.44","end_time":"166.67","alternatives":[{"confidence":"0.9966","content":"제가"}],"type":"pronunciation"},{"start_time":"166.67","end_time":"166.9","alternatives":[{"confidence":"0.9028","content":"이제"}],"type":"pronunciation"},{"start_time":"167.81","end_time":"169.84","alternatives":[{"confidence":"0.8525","content":"박스외관상태라든가"}],"type":"pronunciation"},{"start_time":"169.84","end_time":"170.23","alternatives":[{"confidence":"0.9991","content":"아니면"}],"type":"pronunciation"},{"start_time":"170.23","end_time":"171.64","alternatives":[{"confidence":"0.7971","content":"내용물무게지금"}],"type":"pronunciation"},{"start_time":"171.65","end_time":"172.11","alternatives":[{"confidence":"0.9416","content":"대충"}],"type":"pronunciation"},{"start_time":"172.11","end_time":"172.57","alternatives":[{"confidence":"0.92425","content":"감이라도"}],"type":"pronunciation"},{"start_time":"172.57","end_time":"172.69","alternatives":[{"confidence":"0.9996","content":"좀"}],"type":"pronunciation"},{"start_time":"172.69","end_time":"172.9","alternatives":[{"confidence":"0.9837","content":"제가"}],"type":"pronunciation"},{"start_time":"173.12","end_time":"173.69","alternatives":[{"confidence":"0.8996","content":"잡아야지"}],"type":"pronunciation"},{"start_time":"173.72","end_time":"175.45","alternatives":[{"confidence":"0.7924","content":"물품예를"}],"type":"pronunciation"},{"start_time":"175.45","end_time":"175.63","alternatives":[{"confidence":"0.9853","content":"들면"}],"type":"pronunciation"},{"start_time":"175.63","end_time":"175.87","alternatives":[{"confidence":"0.9978","content":"어떤"}],"type":"pronunciation"},{"start_time":"175.87","end_time":"176.29","alternatives":[{"confidence":"0.9998","content":"품목으로"}],"type":"pronunciation"},{"start_time":"176.29","end_time":"176.69","alternatives":[{"confidence":"0.9593499999999999","content":"해가지고"}],"type":"pronunciation"},{"start_time":"176.69","end_time":"177.07","alternatives":[{"confidence":"0.9998","content":"접수를"}],"type":"pronunciation"},{"start_time":"177.07","end_time":"177.19","alternatives":[{"confidence":"0.3908","content":"될"}],"type":"pronunciation"},{"start_time":"177.19","end_time":"177.64","alternatives":[{"confidence":"0.9453","content":"거거든요"}],"type":"pronunciation"},{"alternatives":[{"confidence":"0.0","content":"."}],"type":"punctuation"},{"start_time":"177.67","end_time":"178.09","alternatives":[{"confidence":"0.9884","content":"그냥"}],"type":"pronunciation"},{"start_time":"178.33","end_time":"178.59","alternatives":[{"confidence":"0.9973","content":"그냥"}],"type":"pronunciation"},{"start_time":"178.59","end_time":"179.36","alternatives":[{"confidence":"0.9995499999999999","content":"품목없이"}],"type":"pronunciation"},{"start_time":"179.36","end_time":"179.79","alternatives":[{"confidence":"0.9964999999999999","content":"접수하면"}],"type":"pronunciation"},{"start_time":"179.79","end_time":"180.1","alternatives":[{"confidence":"0.99935","content":"접수를"}],"type":"pronunciation"},{"start_time":"180.1","end_time":"180.18","alternatives":[{"confidence":"0.9636","content":"안"}],"type":"pronunciation"},{"start_time":"180.18","end_time":"181.06","alternatives":[{"confidence":"0.9984999999999999","content":"받아줘요"}],"type":"pronunciation"},{"alternatives":[{"confidence":"0.0","content":"."}],"type":"punctuation"},{"start_time":"181.46","end_time":"181.8","alternatives":[{"confidence":"0.9719","content":"사무실"}],"type":"pronunciation"},{"start_time":"181.8","end_time":"182.08","alternatives":[{"confidence":"0.9761","content":"쪽에서"}],"type":"pronunciation"},{"alternatives":[{"confidence":"0.0","content":"."}],"type":"punctuation"},{"start_time":"182.08","end_time":"182.39","alternatives":[{"confidence":"0.9838","content":"그래서"}],"type":"pronunciation"},{"start_time":"182.65","end_time":"183.56","alternatives":[{"confidence":"0.934375","content":"대략적으로라도"}],"type":"pronunciation"},{"start_time":"183.68","end_time":"183.9","alternatives":[{"confidence":"1.0","content":"일단"}],"type":"pronunciation"},{"start_time":"183.9","end_time":"184.42","alternatives":[{"confidence":"0.91065","content":"포장하시고"}],"type":"pronunciation"},{"start_time":"184.42","end_time":"184.87","alternatives":[{"confidence":"0.5711","content":"나서"}],"type":"pronunciation"},{"start_time":"185.13","end_time":"185.47","alternatives":[{"confidence":"0.8802","content":"저하고"}],"type":"pronunciation"},{"start_time":"185.47","end_time":"185.88","alternatives":[{"confidence":"0.75685","content":"통화다시"}],"type":"pronunciation"},{"start_time":"185.88","end_time":"186.13","alternatives":[{"confidence":"0.9017","content":"한번"}],"type":"pronunciation"},{"start_time":"186.13","end_time":"186.65","alternatives":[{"confidence":"0.9975","content":"하겠습니다"}],"type":"pronunciation"},{"alternatives":[{"confidence":"0.0","content":"."}],"type":"punctuation"},{"start_time":"188.0","end_time":"188.47","alternatives":[{"confidence":"0.9958","content":"네"}],"type":"pronunciation"},{"alternatives":[{"confidence":"0.0","content":"."}],"type":"punctuation"},{"start_time":"188.47","end_time":"188.62","alternatives":[{"confidence":"0.9996","content":"네"}],"type":"pronunciation"},{"alternatives":[{"confidence":"0.0","content":"."}],"type":"punctuation"},{"start_time":"188.62","end_time":"189.34","alternatives":[{"confidence":"0.9999","content":"감사합니다"}],"type":"pronunciation"},{"alternatives":[{"confidence":"0.0","content":"."}],"type":"punctuation"},{"start_time":"189.34","end_time":"189.52","alternatives":[{"confidence":"0.9262","content":"네"}],"type":"pronunciation"},{"alternatives":[{"confidence":"0.0","content":"."}],"type":"punctuation"}]},"status":"COMPLETED"}