{"jobName":"transcribe_loan158","accountId":"097989105209","results":{"transcripts":[{"transcript":"안녕하세요 저희는 친해저축은행법인콜센터입니다 네, 저희가 타 서쪽의 높은 금리로 사용하시는 자금있으시면 저금리로 저희가 채무통합을 해드리고 있는데요 여보세요? 군사만나요 저희는 본사가 아니고 지점입니다 지정이 어디에요? 저희는 잠실이고요 네 혹시 뭐 자금필요 하시거나 타사의 고금리 쓰시는 것 대안하실 거 있으시면 딱 진행하기 전에 가드를 통해서 이유라고 한 도 먼저 알아봐드리고요 은행에서 직접 제가 받는 거예요 네, 좀 알려주시네요 저는 이혜경입니다 해경 님 인가요?"}],"items":[{"start_time":"0.39","end_time":"1.3","alternatives":[{"confidence":"1.0","content":"안녕하세요"}],"type":"pronunciation"},{"start_time":"1.33","end_time":"1.74","alternatives":[{"confidence":"1.0","content":"저희는"}],"type":"pronunciation"},{"start_time":"1.86","end_time":"4.15","alternatives":[{"confidence":"0.8248857142857142","content":"친해저축은행법인콜센터입니다"}],"type":"pronunciation"},{"start_time":"5.32","end_time":"5.53","alternatives":[{"confidence":"0.0268","content":"네"}],"type":"pronunciation"},{"alternatives":[{"confidence":"0.0","content":","}],"type":"punctuation"},{"start_time":"6.46","end_time":"6.81","alternatives":[{"confidence":"1.0","content":"저희가"}],"type":"pronunciation"},{"start_time":"6.81","end_time":"6.98","alternatives":[{"confidence":"0.3863","content":"타"}],"type":"pronunciation"},{"start_time":"6.98","end_time":"7.63","alternatives":[{"confidence":"0.4477","content":"서쪽의"}],"type":"pronunciation"},{"start_time":"7.63","end_time":"7.96","alternatives":[{"confidence":"0.9992","content":"높은"}],"type":"pronunciation"},{"start_time":"7.96","end_time":"8.32","alternatives":[{"confidence":"0.9973000000000001","content":"금리로"}],"type":"pronunciation"},{"start_time":"8.32","end_time":"8.96","alternatives":[{"confidence":"0.92525","content":"사용하시는"}],"type":"pronunciation"},{"start_time":"8.96","end_time":"9.92","alternatives":[{"confidence":"0.7364999999999999","content":"자금있으시면"}],"type":"pronunciation"},{"start_time":"9.92","end_time":"10.59","alternatives":[{"confidence":"0.9946333333333333","content":"저금리로"}],"type":"pronunciation"},{"start_time":"10.59","end_time":"10.82","alternatives":[{"confidence":"0.9997","content":"저희가"}],"type":"pronunciation"},{"start_time":"10.82","end_time":"11.45","alternatives":[{"confidence":"0.99985","content":"채무통합을"}],"type":"pronunciation"},{"start_time":"11.45","end_time":"11.83","alternatives":[{"confidence":"0.9036","content":"해드리고"}],"type":"pronunciation"},{"start_time":"11.83","end_time":"12.87","alternatives":[{"confidence":"1.0","content":"있는데요"}],"type":"pronunciation"},{"start_time":"16.21","end_time":"16.55","alternatives":[{"confidence":"0.0624","content":"여보세요"}],"type":"pronunciation"},{"alternatives":[{"confidence":"0.0","content":"?"}],"type":"punctuation"},{"start_time":"17.25","end_time":"17.83","alternatives":[{"confidence":"0.55535","content":"군사만나요"}],"type":"pronunciation"},{"start_time":"18.57","end_time":"18.96","alternatives":[{"confidence":"1.0","content":"저희는"}],"type":"pronunciation"},{"start_time":"18.96","end_time":"19.48","alternatives":[{"confidence":"0.9914000000000001","content":"본사가"}],"type":"pronunciation"},{"start_time":"19.48","end_time":"19.81","alternatives":[{"confidence":"1.0","content":"아니고"}],"type":"pronunciation"},{"start_time":"19.81","end_time":"20.7","alternatives":[{"confidence":"0.9843999999999999","content":"지점입니다"}],"type":"pronunciation"},{"start_time":"20.7","end_time":"21.08","alternatives":[{"confidence":"0.7448","content":"지정이"}],"type":"pronunciation"},{"start_time":"21.08","end_time":"21.91","alternatives":[{"confidence":"0.9746999999999999","content":"어디에요"}],"type":"pronunciation"},{"alternatives":[{"confidence":"0.0","content":"?"}],"type":"punctuation"},{"start_time":"21.97","end_time":"22.24","alternatives":[{"confidence":"0.814","content":"저희는"}],"type":"pronunciation"},{"start_time":"22.24","end_time":"23.13","alternatives":[{"confidence":"0.99185","content":"잠실이고요"}],"type":"pronunciation"},{"start_time":"24.23","end_time":"24.4","alternatives":[{"confidence":"0.0453","content":"네"}],"type":"pronunciation"},{"start_time":"25.19","end_time":"25.59","alternatives":[{"confidence":"1.0","content":"혹시"}],"type":"pronunciation"},{"start_time":"25.59","end_time":"25.96","alternatives":[{"confidence":"0.9913","content":"뭐"}],"type":"pronunciation"},{"start_time":"26.05","end_time":"26.61","alternatives":[{"confidence":"0.66205","content":"자금필요"}],"type":"pronunciation"},{"start_time":"26.61","end_time":"27.22","alternatives":[{"confidence":"0.9995","content":"하시거나"}],"type":"pronunciation"},{"start_time":"27.22","end_time":"27.62","alternatives":[{"confidence":"0.97605","content":"타사의"}],"type":"pronunciation"},{"start_time":"27.62","end_time":"28.09","alternatives":[{"confidence":"0.8644000000000001","content":"고금리"}],"type":"pronunciation"},{"start_time":"28.09","end_time":"28.48","alternatives":[{"confidence":"0.97715","content":"쓰시는"}],"type":"pronunciation"},{"start_time":"28.48","end_time":"28.62","alternatives":[{"confidence":"0.6889","content":"것"}],"type":"pronunciation"},{"start_time":"28.62","end_time":"29.15","alternatives":[{"confidence":"0.90845","content":"대안하실"}],"type":"pronunciation"},{"start_time":"29.15","end_time":"29.28","alternatives":[{"confidence":"0.9685","content":"거"}],"type":"pronunciation"},{"start_time":"29.28","end_time":"29.99","alternatives":[{"confidence":"0.9983","content":"있으시면"}],"type":"pronunciation"},{"start_time":"30.32","end_time":"30.48","alternatives":[{"confidence":"0.2905","content":"딱"}],"type":"pronunciation"},{"start_time":"30.48","end_time":"30.97","alternatives":[{"confidence":"0.9917","content":"진행하기"}],"type":"pronunciation"},{"start_time":"30.97","end_time":"31.22","alternatives":[{"confidence":"0.9991","content":"전에"}],"type":"pronunciation"},{"start_time":"31.22","end_time":"31.77","alternatives":[{"confidence":"0.3659","content":"가드를"}],"type":"pronunciation"},{"start_time":"31.77","end_time":"32.18","alternatives":[{"confidence":"0.9529","content":"통해서"}],"type":"pronunciation"},{"start_time":"32.18","end_time":"32.63","alternatives":[{"confidence":"0.9178999999999999","content":"이유라고"}],"type":"pronunciation"},{"start_time":"32.63","end_time":"32.78","alternatives":[{"confidence":"0.5166","content":"한"}],"type":"pronunciation"},{"start_time":"32.78","end_time":"32.9","alternatives":[{"confidence":"0.7829","content":"도"}],"type":"pronunciation"},{"start_time":"32.9","end_time":"33.18","alternatives":[{"confidence":"0.9973","content":"먼저"}],"type":"pronunciation"},{"start_time":"33.18","end_time":"34.36","alternatives":[{"confidence":"0.96105","content":"알아봐드리고요"}],"type":"pronunciation"},{"start_time":"35.01","end_time":"35.35","alternatives":[{"confidence":"0.9823","content":"은행에서"}],"type":"pronunciation"},{"start_time":"35.35","end_time":"35.61","alternatives":[{"confidence":"0.9938","content":"직접"}],"type":"pronunciation"},{"start_time":"35.61","end_time":"35.76","alternatives":[{"confidence":"0.9872","content":"제가"}],"type":"pronunciation"},{"start_time":"35.76","end_time":"36.0","alternatives":[{"confidence":"0.8906","content":"받는"}],"type":"pronunciation"},{"start_time":"36.0","end_time":"36.56","alternatives":[{"confidence":"0.9524","content":"거예요"}],"type":"pronunciation"},{"start_time":"36.59","end_time":"36.79","alternatives":[{"confidence":"0.0313","content":"네"}],"type":"pronunciation"},{"alternatives":[{"confidence":"0.0","content":","}],"type":"punctuation"},{"start_time":"38.48","end_time":"38.61","alternatives":[{"confidence":"0.9895","content":"좀"}],"type":"pronunciation"},{"start_time":"38.61","end_time":"39.23","alternatives":[{"confidence":"0.7067","content":"알려주시네요"}],"type":"pronunciation"},{"start_time":"39.9","end_time":"40.19","alternatives":[{"confidence":"0.993","content":"저는"}],"type":"pronunciation"},{"start_time":"40.19","end_time":"41.57","alternatives":[{"confidence":"0.9891333333333333","content":"이혜경입니다"}],"type":"pronunciation"},{"start_time":"41.57","end_time":"42.0","alternatives":[{"confidence":"0.7827999999999999","content":"해경"}],"type":"pronunciation"},{"start_time":"42.0","end_time":"42.24","alternatives":[{"confidence":"0.5365","content":"님"}],"type":"pronunciation"},{"start_time":"44.44","end_time":"44.75","alternatives":[{"confidence":"0.9745","content":"인가요"}],"type":"pronunciation"},{"alternatives":[{"confidence":"0.0","content":"?"}],"type":"punctuation"}]},"status":"COMPLETED"}