{"jobName":"transcribe_loan121","accountId":"097989105209","results":{"transcripts":[{"transcript":"안녕하세요. 네 안녕하세요. 담당자바뀌신 됩니다. 네, 공연점심 식사를 맛있게 드시러 가시나요? 이제 가시려고요 거기에 지금 승인 처리떨어지셨고요 지금 제가 지금 철이 부분 도움드릴건데요 메모조금 가능하세요? 네 바로 불러드릴게요. 잠시만요 영어 숫자다시 사 공 5 번 이십니다 다시 사 공 5 번 이시고요 고객만족센터에서 전화가 가실 건데요 마찬가지로 진행처를 해주셔야 되시는데 접수번호 물어보시면 다시 사고 불러 주시고요. 공인께서 직접 접수해주신 거라고 해주셔야 되십니다. 네, 그다음에 이제 물어보실 거에요. 마찬가지로 공연이 진행 두 번 해보셔도 잘 아시겠지만 한번만 더 설명드릴게요 왜 그 상한철이 하시냐고 물어보면 현금이 융통이 되어서 필요가 없으신거에요. 그래서 점수 올리려고 살아나는 게 아니라 현금이 융통이 되어서 필요 없어서 취소하시는 거고 자동 출근말고 내가 직접 유치하겠다는 얘기해주시면 되시는 거고요. 이때가 되신다면 전산기록 삭제 요청 해주셔야 하시고 완 남내역서 1833 회 오둘둘 만 요청해 주시면 됩니다. 네 원 남내역서는 공이 1833 회 52 번 이십니다. 네 잠시만요 의원님 여보세요? 외국인 백인원수 바로 그다음 고기님이. 다음 이시네요 한분 남으셨어요 아마 오 분 안쪽으로 전화가 실 것 같으시니까요 전화 받고 안내에 따라 진행한 번 해주시고 저한테 전화번 부탁 드릴게요. 네, 감사합니다."}],"items":[{"start_time":"1.77","end_time":"2.46","alternatives":[{"confidence":"1.0","content":"안녕하세요"}],"type":"pronunciation"},{"alternatives":[{"confidence":"0.0","content":"."}],"type":"punctuation"},{"start_time":"2.83","end_time":"2.95","alternatives":[{"confidence":"0.92","content":"네"}],"type":"pronunciation"},{"start_time":"2.95","end_time":"3.72","alternatives":[{"confidence":"1.0","content":"안녕하세요"}],"type":"pronunciation"},{"alternatives":[{"confidence":"0.0","content":"."}],"type":"punctuation"},{"start_time":"3.9","end_time":"4.61","alternatives":[{"confidence":"0.8769333333333332","content":"담당자바뀌신"}],"type":"pronunciation"},{"start_time":"4.61","end_time":"5.01","alternatives":[{"confidence":"0.7725","content":"됩니다"}],"type":"pronunciation"},{"alternatives":[{"confidence":"0.0","content":"."}],"type":"punctuation"},{"start_time":"6.18","end_time":"6.31","alternatives":[{"confidence":"0.31","content":"네"}],"type":"pronunciation"},{"alternatives":[{"confidence":"0.0","content":","}],"type":"punctuation"},{"start_time":"6.31","end_time":"6.86","alternatives":[{"confidence":"0.6494500000000001","content":"공연점심"}],"type":"pronunciation"},{"start_time":"6.86","end_time":"7.15","alternatives":[{"confidence":"0.7153","content":"식사를"}],"type":"pronunciation"},{"start_time":"7.15","end_time":"7.48","alternatives":[{"confidence":"1.0","content":"맛있게"}],"type":"pronunciation"},{"start_time":"7.48","end_time":"7.8","alternatives":[{"confidence":"0.99975","content":"드시러"}],"type":"pronunciation"},{"start_time":"7.8","end_time":"8.69","alternatives":[{"confidence":"0.99705","content":"가시나요"}],"type":"pronunciation"},{"alternatives":[{"confidence":"0.0","content":"?"}],"type":"punctuation"},{"start_time":"9.99","end_time":"10.16","alternatives":[{"confidence":"0.9951","content":"이제"}],"type":"pronunciation"},{"start_time":"10.16","end_time":"10.95","alternatives":[{"confidence":"0.9963500000000001","content":"가시려고요"}],"type":"pronunciation"},{"start_time":"11.27","end_time":"11.56","alternatives":[{"confidence":"0.8123","content":"거기에"}],"type":"pronunciation"},{"start_time":"11.62","end_time":"11.97","alternatives":[{"confidence":"0.9906","content":"지금"}],"type":"pronunciation"},{"start_time":"11.97","end_time":"12.2","alternatives":[{"confidence":"0.9848","content":"승인"}],"type":"pronunciation"},{"start_time":"12.2","end_time":"13.29","alternatives":[{"confidence":"0.98715","content":"처리떨어지셨고요"}],"type":"pronunciation"},{"start_time":"13.32","end_time":"13.52","alternatives":[{"confidence":"0.4787","content":"지금"}],"type":"pronunciation"},{"start_time":"13.53","end_time":"13.8","alternatives":[{"confidence":"0.9988","content":"제가"}],"type":"pronunciation"},{"start_time":"13.8","end_time":"13.99","alternatives":[{"confidence":"0.9936","content":"지금"}],"type":"pronunciation"},{"start_time":"13.99","end_time":"14.17","alternatives":[{"confidence":"0.4538","content":"철이"}],"type":"pronunciation"},{"start_time":"14.17","end_time":"14.38","alternatives":[{"confidence":"0.6916","content":"부분"}],"type":"pronunciation"},{"start_time":"14.38","end_time":"15.21","alternatives":[{"confidence":"0.8256333333333333","content":"도움드릴건데요"}],"type":"pronunciation"},{"start_time":"15.6","end_time":"16.38","alternatives":[{"confidence":"0.83735","content":"메모조금"}],"type":"pronunciation"},{"start_time":"16.38","end_time":"17.06","alternatives":[{"confidence":"0.9927","content":"가능하세요"}],"type":"pronunciation"},{"alternatives":[{"confidence":"0.0","content":"?"}],"type":"punctuation"},{"start_time":"17.84","end_time":"18.18","alternatives":[{"confidence":"0.9762","content":"네"}],"type":"pronunciation"},{"start_time":"18.18","end_time":"18.39","alternatives":[{"confidence":"0.9864","content":"바로"}],"type":"pronunciation"},{"start_time":"18.39","end_time":"18.99","alternatives":[{"confidence":"0.7785","content":"불러드릴게요"}],"type":"pronunciation"},{"alternatives":[{"confidence":"0.0","content":"."}],"type":"punctuation"},{"start_time":"18.99","end_time":"19.76","alternatives":[{"confidence":"0.9901","content":"잠시만요"}],"type":"pronunciation"},{"start_time":"20.47","end_time":"20.96","alternatives":[{"confidence":"0.9057","content":"영어"}],"type":"pronunciation"},{"start_time":"22.67","end_time":"24.89","alternatives":[{"confidence":"0.8046","content":"숫자다시"}],"type":"pronunciation"},{"start_time":"24.89","end_time":"25.16","alternatives":[{"confidence":"0.6696","content":"사"}],"type":"pronunciation"},{"start_time":"25.16","end_time":"25.48","alternatives":[{"confidence":"0.7596","content":"공"}],"type":"pronunciation"},{"start_time":"25.51","end_time":"25.82","alternatives":[{"confidence":"0.2152","content":"5"}],"type":"pronunciation"},{"start_time":"25.82","end_time":"26.04","alternatives":[{"confidence":"0.6192","content":"번"}],"type":"pronunciation"},{"start_time":"26.04","end_time":"26.69","alternatives":[{"confidence":"0.9455","content":"이십니다"}],"type":"pronunciation"},{"start_time":"28.79","end_time":"29.09","alternatives":[{"confidence":"0.9837","content":"다시"}],"type":"pronunciation"},{"start_time":"29.09","end_time":"29.26","alternatives":[{"confidence":"0.6441","content":"사"}],"type":"pronunciation"},{"start_time":"29.26","end_time":"29.48","alternatives":[{"confidence":"0.7484","content":"공"}],"type":"pronunciation"},{"start_time":"29.51","end_time":"29.77","alternatives":[{"confidence":"0.281","content":"5"}],"type":"pronunciation"},{"start_time":"29.77","end_time":"29.97","alternatives":[{"confidence":"0.7755","content":"번"}],"type":"pronunciation"},{"start_time":"29.97","end_time":"30.49","alternatives":[{"confidence":"0.9536","content":"이시고요"}],"type":"pronunciation"},{"start_time":"30.76","end_time":"32.16","alternatives":[{"confidence":"0.9848333333333333","content":"고객만족센터에서"}],"type":"pronunciation"},{"start_time":"32.16","end_time":"32.5","alternatives":[{"confidence":"0.9951","content":"전화가"}],"type":"pronunciation"},{"start_time":"32.5","end_time":"32.8","alternatives":[{"confidence":"0.6466","content":"가실"}],"type":"pronunciation"},{"start_time":"32.8","end_time":"33.52","alternatives":[{"confidence":"1.0","content":"건데요"}],"type":"pronunciation"},{"start_time":"33.85","end_time":"34.55","alternatives":[{"confidence":"1.0","content":"마찬가지로"}],"type":"pronunciation"},{"start_time":"34.55","end_time":"35.02","alternatives":[{"confidence":"0.8492","content":"진행처를"}],"type":"pronunciation"},{"start_time":"35.02","end_time":"35.53","alternatives":[{"confidence":"0.9056","content":"해주셔야"}],"type":"pronunciation"},{"start_time":"35.53","end_time":"36.22","alternatives":[{"confidence":"0.98085","content":"되시는데"}],"type":"pronunciation"},{"start_time":"36.27","end_time":"36.8","alternatives":[{"confidence":"0.98175","content":"접수번호"}],"type":"pronunciation"},{"start_time":"36.8","end_time":"37.54","alternatives":[{"confidence":"1.0","content":"물어보시면"}],"type":"pronunciation"},{"start_time":"37.79","end_time":"38.06","alternatives":[{"confidence":"0.9811","content":"다시"}],"type":"pronunciation"},{"start_time":"38.06","end_time":"38.62","alternatives":[{"confidence":"0.7125","content":"사고"}],"type":"pronunciation"},{"start_time":"38.62","end_time":"38.88","alternatives":[{"confidence":"0.9571","content":"불러"}],"type":"pronunciation"},{"start_time":"38.88","end_time":"39.6","alternatives":[{"confidence":"0.9989","content":"주시고요"}],"type":"pronunciation"},{"alternatives":[{"confidence":"0.0","content":"."}],"type":"punctuation"},{"start_time":"39.77","end_time":"40.3","alternatives":[{"confidence":"0.8914","content":"공인께서"}],"type":"pronunciation"},{"start_time":"40.3","end_time":"40.64","alternatives":[{"confidence":"0.9962","content":"직접"}],"type":"pronunciation"},{"start_time":"40.64","end_time":"41.21","alternatives":[{"confidence":"0.9210499999999999","content":"접수해주신"}],"type":"pronunciation"},{"start_time":"41.21","end_time":"41.46","alternatives":[{"confidence":"0.9535","content":"거라고"}],"type":"pronunciation"},{"start_time":"41.46","end_time":"41.79","alternatives":[{"confidence":"0.8691500000000001","content":"해주셔야"}],"type":"pronunciation"},{"start_time":"41.79","end_time":"42.49","alternatives":[{"confidence":"0.7633","content":"되십니다"}],"type":"pronunciation"},{"alternatives":[{"confidence":"0.0","content":"."}],"type":"punctuation"},{"start_time":"42.96","end_time":"43.19","alternatives":[{"confidence":"0.9434","content":"네"}],"type":"pronunciation"},{"alternatives":[{"confidence":"0.0","content":","}],"type":"punctuation"},{"start_time":"43.19","end_time":"43.54","alternatives":[{"confidence":"0.7746999999999999","content":"그다음에"}],"type":"pronunciation"},{"start_time":"43.54","end_time":"43.66","alternatives":[{"confidence":"0.7983","content":"이제"}],"type":"pronunciation"},{"start_time":"43.66","end_time":"44.16","alternatives":[{"confidence":"0.9142","content":"물어보실"}],"type":"pronunciation"},{"start_time":"44.16","end_time":"44.79","alternatives":[{"confidence":"0.9984","content":"거에요"}],"type":"pronunciation"},{"alternatives":[{"confidence":"0.0","content":"."}],"type":"punctuation"},{"start_time":"44.97","end_time":"45.52","alternatives":[{"confidence":"0.9999","content":"마찬가지로"}],"type":"pronunciation"},{"start_time":"45.52","end_time":"45.78","alternatives":[{"confidence":"0.1331","content":"공연이"}],"type":"pronunciation"},{"start_time":"45.96","end_time":"46.25","alternatives":[{"confidence":"0.7462","content":"진행"}],"type":"pronunciation"},{"start_time":"46.585","end_time":"46.705","alternatives":[{"confidence":"0.9061","content":"두"}],"type":"pronunciation"},{"start_time":"46.705","end_time":"46.835","alternatives":[{"confidence":"0.9529","content":"번"}],"type":"pronunciation"},{"start_time":"46.835","end_time":"47.205","alternatives":[{"confidence":"0.90925","content":"해보셔도"}],"type":"pronunciation"},{"start_time":"47.205","end_time":"47.385","alternatives":[{"confidence":"0.9929","content":"잘"}],"type":"pronunciation"},{"start_time":"47.385","end_time":"47.895","alternatives":[{"confidence":"1.0","content":"아시겠지만"}],"type":"pronunciation"},{"start_time":"47.895","end_time":"48.275","alternatives":[{"confidence":"0.693","content":"한번만"}],"type":"pronunciation"},{"start_time":"48.275","end_time":"48.375","alternatives":[{"confidence":"0.9897","content":"더"}],"type":"pronunciation"},{"start_time":"48.375","end_time":"49.355","alternatives":[{"confidence":"0.77825","content":"설명드릴게요"}],"type":"pronunciation"},{"start_time":"49.435","end_time":"50.215","alternatives":[{"confidence":"0.9147","content":"왜"}],"type":"pronunciation"},{"start_time":"50.215","end_time":"50.355","alternatives":[{"confidence":"0.5615","content":"그"}],"type":"pronunciation"},{"start_time":"50.355","end_time":"50.785","alternatives":[{"confidence":"0.4035333333333333","content":"상한철이"}],"type":"pronunciation"},{"start_time":"50.785","end_time":"51.145","alternatives":[{"confidence":"0.99745","content":"하시냐고"}],"type":"pronunciation"},{"start_time":"51.145","end_time":"51.755","alternatives":[{"confidence":"0.9994","content":"물어보면"}],"type":"pronunciation"},{"start_time":"51.905","end_time":"52.505","alternatives":[{"confidence":"0.9250499999999999","content":"현금이"}],"type":"pronunciation"},{"start_time":"52.505","end_time":"53.025","alternatives":[{"confidence":"0.9498333333333333","content":"융통이"}],"type":"pronunciation"},{"start_time":"53.025","end_time":"53.385","alternatives":[{"confidence":"0.9989","content":"되어서"}],"type":"pronunciation"},{"start_time":"53.385","end_time":"53.715","alternatives":[{"confidence":"0.9972","content":"필요가"}],"type":"pronunciation"},{"start_time":"53.715","end_time":"54.695","alternatives":[{"confidence":"0.9983500000000001","content":"없으신거에요"}],"type":"pronunciation"},{"alternatives":[{"confidence":"0.0","content":"."}],"type":"punctuation"},{"start_time":"54.775","end_time":"55.345","alternatives":[{"confidence":"0.9999","content":"그래서"}],"type":"pronunciation"},{"start_time":"55.345","end_time":"55.625","alternatives":[{"confidence":"0.7005","content":"점수"}],"type":"pronunciation"},{"start_time":"55.625","end_time":"55.995","alternatives":[{"confidence":"0.8766","content":"올리려고"}],"type":"pronunciation"},{"start_time":"55.995","end_time":"56.395","alternatives":[{"confidence":"0.8545499999999999","content":"살아나는"}],"type":"pronunciation"},{"start_time":"56.395","end_time":"56.485","alternatives":[{"confidence":"0.9035","content":"게"}],"type":"pronunciation"},{"start_time":"56.485","end_time":"56.845","alternatives":[{"confidence":"0.9959","content":"아니라"}],"type":"pronunciation"},{"start_time":"56.935","end_time":"57.385","alternatives":[{"confidence":"0.9032","content":"현금이"}],"type":"pronunciation"},{"start_time":"57.385","end_time":"57.755","alternatives":[{"confidence":"0.5767333333333333","content":"융통이"}],"type":"pronunciation"},{"start_time":"57.755","end_time":"58.045","alternatives":[{"confidence":"0.9949","content":"되어서"}],"type":"pronunciation"},{"start_time":"58.045","end_time":"58.265","alternatives":[{"confidence":"0.9879","content":"필요"}],"type":"pronunciation"},{"start_time":"58.265","end_time":"58.565","alternatives":[{"confidence":"0.9694","content":"없어서"}],"type":"pronunciation"},{"start_time":"58.565","end_time":"59.105","alternatives":[{"confidence":"0.7883","content":"취소하시는"}],"type":"pronunciation"},{"start_time":"59.105","end_time":"59.475","alternatives":[{"confidence":"0.9913","content":"거고"}],"type":"pronunciation"},{"start_time":"59.475","end_time":"59.785","alternatives":[{"confidence":"0.8008","content":"자동"}],"type":"pronunciation"},{"start_time":"59.785","end_time":"60.435","alternatives":[{"confidence":"0.9051499999999999","content":"출근말고"}],"type":"pronunciation"},{"start_time":"60.435","end_time":"60.655","alternatives":[{"confidence":"1.0","content":"내가"}],"type":"pronunciation"},{"start_time":"60.655","end_time":"60.985","alternatives":[{"confidence":"1.0","content":"직접"}],"type":"pronunciation"},{"start_time":"60.985","end_time":"61.665","alternatives":[{"confidence":"0.91655","content":"유치하겠다는"}],"type":"pronunciation"},{"start_time":"61.665","end_time":"62.225","alternatives":[{"confidence":"0.54805","content":"얘기해주시면"}],"type":"pronunciation"},{"start_time":"62.225","end_time":"62.555","alternatives":[{"confidence":"0.9005","content":"되시는"}],"type":"pronunciation"},{"start_time":"62.555","end_time":"63.005","alternatives":[{"confidence":"0.9757","content":"거고요"}],"type":"pronunciation"},{"alternatives":[{"confidence":"0.0","content":"."}],"type":"punctuation"},{"start_time":"63.295","end_time":"63.635","alternatives":[{"confidence":"0.8161499999999999","content":"이때가"}],"type":"pronunciation"},{"start_time":"63.635","end_time":"64.115","alternatives":[{"confidence":"0.8736999999999999","content":"되신다면"}],"type":"pronunciation"},{"start_time":"64.115","end_time":"64.745","alternatives":[{"confidence":"0.9998","content":"전산기록"}],"type":"pronunciation"},{"start_time":"64.745","end_time":"65.035","alternatives":[{"confidence":"0.9985","content":"삭제"}],"type":"pronunciation"},{"start_time":"65.035","end_time":"65.305","alternatives":[{"confidence":"0.6545","content":"요청"}],"type":"pronunciation"},{"start_time":"65.305","end_time":"65.665","alternatives":[{"confidence":"0.70685","content":"해주셔야"}],"type":"pronunciation"},{"start_time":"65.665","end_time":"66.165","alternatives":[{"confidence":"0.9584","content":"하시고"}],"type":"pronunciation"},{"start_time":"66.325","end_time":"66.565","alternatives":[{"confidence":"0.4074","content":"완"}],"type":"pronunciation"},{"start_time":"66.565","end_time":"67.285","alternatives":[{"confidence":"0.8491","content":"남내역서"}],"type":"pronunciation"},{"start_time":"67.285","end_time":"68.035","alternatives":[{"confidence":"0.7017","content":"1833"}],"type":"pronunciation"},{"start_time":"68.035","end_time":"68.165","alternatives":[{"confidence":"0.4821","content":"회"}],"type":"pronunciation"},{"start_time":"68.165","end_time":"68.935","alternatives":[{"confidence":"0.9004333333333333","content":"오둘둘"}],"type":"pronunciation"},{"start_time":"68.935","end_time":"69.105","alternatives":[{"confidence":"0.7135","content":"만"}],"type":"pronunciation"},{"start_time":"69.105","end_time":"69.445","alternatives":[{"confidence":"0.83585","content":"요청해"}],"type":"pronunciation"},{"start_time":"69.445","end_time":"69.695","alternatives":[{"confidence":"0.7941","content":"주시면"}],"type":"pronunciation"},{"start_time":"69.695","end_time":"70.105","alternatives":[{"confidence":"0.2328","content":"됩니다"}],"type":"pronunciation"},{"alternatives":[{"confidence":"0.0","content":"."}],"type":"punctuation"},{"start_time":"71.41","end_time":"71.69","alternatives":[{"confidence":"0.8009","content":"네"}],"type":"pronunciation"},{"start_time":"71.8","end_time":"71.99","alternatives":[{"confidence":"0.538","content":"원"}],"type":"pronunciation"},{"start_time":"71.99","end_time":"72.62","alternatives":[{"confidence":"0.4514666666666667","content":"남내역서는"}],"type":"pronunciation"},{"start_time":"72.62","end_time":"73.08","alternatives":[{"confidence":"0.992","content":"공이"}],"type":"pronunciation"},{"start_time":"73.08","end_time":"73.93","alternatives":[{"confidence":"0.721675","content":"1833"}],"type":"pronunciation"},{"start_time":"73.93","end_time":"74.19","alternatives":[{"confidence":"0.7532","content":"회"}],"type":"pronunciation"},{"start_time":"74.2","end_time":"75.0","alternatives":[{"confidence":"0.3788","content":"52"}],"type":"pronunciation"},{"start_time":"75.0","end_time":"75.18","alternatives":[{"confidence":"0.7016","content":"번"}],"type":"pronunciation"},{"start_time":"75.18","end_time":"75.76","alternatives":[{"confidence":"0.7572","content":"이십니다"}],"type":"pronunciation"},{"alternatives":[{"confidence":"0.0","content":"."}],"type":"punctuation"},{"start_time":"78.63","end_time":"78.78","alternatives":[{"confidence":"0.4968","content":"네"}],"type":"pronunciation"},{"start_time":"78.78","end_time":"79.3","alternatives":[{"confidence":"0.9934","content":"잠시만요"}],"type":"pronunciation"},{"start_time":"79.3","end_time":"79.83","alternatives":[{"confidence":"0.0181","content":"의원님"}],"type":"pronunciation"},{"start_time":"84.32","end_time":"85.31","alternatives":[{"confidence":"0.999","content":"여보세요"}],"type":"pronunciation"},{"alternatives":[{"confidence":"0.0","content":"?"}],"type":"punctuation"},{"start_time":"85.85","end_time":"86.12","alternatives":[{"confidence":"0.4379","content":"외국인"}],"type":"pronunciation"},{"start_time":"86.12","end_time":"86.72","alternatives":[{"confidence":"0.5196666666666667","content":"백인원수"}],"type":"pronunciation"},{"start_time":"86.72","end_time":"87.06","alternatives":[{"confidence":"0.9947","content":"바로"}],"type":"pronunciation"},{"start_time":"87.06","end_time":"87.56","alternatives":[{"confidence":"0.8009999999999999","content":"그다음"}],"type":"pronunciation"},{"start_time":"87.56","end_time":"87.99","alternatives":[{"confidence":"0.6930000000000001","content":"고기님이"}],"type":"pronunciation"},{"alternatives":[{"confidence":"0.0","content":"."}],"type":"punctuation"},{"start_time":"88.1","end_time":"88.4","alternatives":[{"confidence":"0.7049","content":"다음"}],"type":"pronunciation"},{"start_time":"88.4","end_time":"88.72","alternatives":[{"confidence":"0.8484499999999999","content":"이시네요"}],"type":"pronunciation"},{"start_time":"88.72","end_time":"89.0","alternatives":[{"confidence":"0.7385999999999999","content":"한분"}],"type":"pronunciation"},{"start_time":"89.0","end_time":"89.84","alternatives":[{"confidence":"0.9992000000000001","content":"남으셨어요"}],"type":"pronunciation"},{"start_time":"90.12","end_time":"90.39","alternatives":[{"confidence":"0.9823","content":"아마"}],"type":"pronunciation"},{"start_time":"90.39","end_time":"90.55","alternatives":[{"confidence":"0.4681","content":"오"}],"type":"pronunciation"},{"start_time":"90.55","end_time":"90.73","alternatives":[{"confidence":"0.9772","content":"분"}],"type":"pronunciation"},{"start_time":"90.73","end_time":"91.11","alternatives":[{"confidence":"0.9975","content":"안쪽으로"}],"type":"pronunciation"},{"start_time":"91.11","end_time":"91.45","alternatives":[{"confidence":"0.8723","content":"전화가"}],"type":"pronunciation"},{"start_time":"91.45","end_time":"91.61","alternatives":[{"confidence":"0.7074","content":"실"}],"type":"pronunciation"},{"start_time":"91.61","end_time":"91.73","alternatives":[{"confidence":"1.0","content":"것"}],"type":"pronunciation"},{"start_time":"91.73","end_time":"92.45","alternatives":[{"confidence":"0.9958","content":"같으시니까요"}],"type":"pronunciation"},{"start_time":"92.61","end_time":"92.84","alternatives":[{"confidence":"0.7406","content":"전화"}],"type":"pronunciation"},{"start_time":"92.84","end_time":"93.07","alternatives":[{"confidence":"0.8664","content":"받고"}],"type":"pronunciation"},{"start_time":"93.07","end_time":"93.26","alternatives":[{"confidence":"0.8774","content":"안내에"}],"type":"pronunciation"},{"start_time":"93.26","end_time":"93.47","alternatives":[{"confidence":"0.9925","content":"따라"}],"type":"pronunciation"},{"start_time":"93.47","end_time":"93.81","alternatives":[{"confidence":"0.7867","content":"진행한"}],"type":"pronunciation"},{"start_time":"93.81","end_time":"93.93","alternatives":[{"confidence":"0.5768","content":"번"}],"type":"pronunciation"},{"start_time":"93.93","end_time":"94.28","alternatives":[{"confidence":"0.8321","content":"해주시고"}],"type":"pronunciation"},{"start_time":"94.28","end_time":"94.53","alternatives":[{"confidence":"0.9994","content":"저한테"}],"type":"pronunciation"},{"start_time":"94.53","end_time":"94.89","alternatives":[{"confidence":"0.81","content":"전화번"}],"type":"pronunciation"},{"start_time":"94.89","end_time":"95.11","alternatives":[{"confidence":"0.5151","content":"부탁"}],"type":"pronunciation"},{"start_time":"95.11","end_time":"95.86","alternatives":[{"confidence":"0.9875","content":"드릴게요"}],"type":"pronunciation"},{"alternatives":[{"confidence":"0.0","content":"."}],"type":"punctuation"},{"start_time":"96.18","end_time":"96.46","alternatives":[{"confidence":"0.9993","content":"네"}],"type":"pronunciation"},{"alternatives":[{"confidence":"0.0","content":","}],"type":"punctuation"},{"start_time":"96.46","end_time":"97.25","alternatives":[{"confidence":"0.9999","content":"감사합니다"}],"type":"pronunciation"},{"alternatives":[{"confidence":"0.0","content":"."}],"type":"punctuation"}]},"status":"COMPLETED"}