{"jobName":"transcribe_loan167","accountId":"097989105209","results":{"transcripts":[{"transcript":"요청을 해서 필요하신 자금이 삼천만원 이시잖아요 최대한 증액을 해서 삼천만원이 다 안되더라도 이천팔백만원까지는 무조건 가능 하시니까 그러면 정확하게 국회에서 제가 서류를 받아보고 약간 받아보고 있는데 금리하고 있잖습니까? 그걸 알아야 되는데 지금 진행이 되지 않습니까? 원래 저기서 생활 기간이나 국민이 납부하시는 방식은 본 심사들어가실 때 직접 말씀을 해주시면 되시고요 그 부분은 다 녹취가 들어가니까 심사전화해서 그러면 혹시 오케이 에서 여기를 받았는데 제가 어떠냐면 같은 경우에는 십일점분간 이렇게 해서 삼천만원이 진행되고 있는데 에서 지금 이제 구 퍼센트를 안 받고 이렇게 진행하고 있거든요. 네. 그러면 이제 여기 과장님께서 정확하게 얘기를 된다고 얘기를 해주셔야 제가 저쪽에 빨리 진행을 할 수 있거든요. 저희 쪽에서는 이미 확정금리로 다 나오신 거기 때문에 무조건 진행이 가능하시고요. 퍼센트 육점이 프로예요. 네. 네. 네. 그러면은 어떻게 할까요? 지금 다시 진행할까요 어떻게 할까요? 페퍼저축은행처음에 접수가 언제 들어가셨죠 퍼가 접수가 들어간 게 아니고요. 페퍼는 심히 있는 부분들이 천삼백만원 시면 한다고 했고요. 그런데 이제 계기로 해도 해달라고 하셔서 제가 되기로 다시 진행을 해달라고 했거든요. 혹시 필요한 서류지금 천부가 안 되시나요? 전에 지금 하고 있어요. 그러면 저축은행으로 진행을 하시는 게 훨씬 빠르실 거예요. 저축은행이 서류가 들어가고 부터 사업자분들은 이 최소 이 일에서 삼 일 불리는 걸로 알고 있거든요. 제가 예전에 제가 여러분들이 되는 거고요. 만약에 그게 안 되면. 네. 알겠습니다. 네. 네. 바로 전화 좀 이번 호로 주셔서 이장우 과장한번 찾아주시면 감사하겠습니다. 네. 네. 감사합니다."}],"items":[{"start_time":"0.06","end_time":"0.54","alternatives":[{"confidence":"0.9655","content":"요청을"}],"type":"pronunciation"},{"start_time":"0.54","end_time":"1.01","alternatives":[{"confidence":"0.983","content":"해서"}],"type":"pronunciation"},{"start_time":"1.97","end_time":"2.39","alternatives":[{"confidence":"0.7922","content":"필요하신"}],"type":"pronunciation"},{"start_time":"2.39","end_time":"2.7","alternatives":[{"confidence":"0.8881","content":"자금이"}],"type":"pronunciation"},{"start_time":"2.7","end_time":"3.3","alternatives":[{"confidence":"0.6568","content":"삼천만원"}],"type":"pronunciation"},{"start_time":"3.3","end_time":"4.3","alternatives":[{"confidence":"1.0","content":"이시잖아요"}],"type":"pronunciation"},{"start_time":"5.27","end_time":"5.77","alternatives":[{"confidence":"0.9997","content":"최대한"}],"type":"pronunciation"},{"start_time":"5.77","end_time":"6.2","alternatives":[{"confidence":"0.99895","content":"증액을"}],"type":"pronunciation"},{"start_time":"6.2","end_time":"6.45","alternatives":[{"confidence":"0.9992","content":"해서"}],"type":"pronunciation"},{"start_time":"6.45","end_time":"7.14","alternatives":[{"confidence":"0.7109333333333333","content":"삼천만원이"}],"type":"pronunciation"},{"start_time":"7.14","end_time":"7.28","alternatives":[{"confidence":"0.9414","content":"다"}],"type":"pronunciation"},{"start_time":"7.28","end_time":"8.15","alternatives":[{"confidence":"0.6157","content":"안되더라도"}],"type":"pronunciation"},{"start_time":"8.99","end_time":"10.14","alternatives":[{"confidence":"0.57175","content":"이천팔백만원까지는"}],"type":"pronunciation"},{"start_time":"10.14","end_time":"10.5","alternatives":[{"confidence":"1.0","content":"무조건"}],"type":"pronunciation"},{"start_time":"10.5","end_time":"10.77","alternatives":[{"confidence":"0.4552","content":"가능"}],"type":"pronunciation"},{"start_time":"10.77","end_time":"11.43","alternatives":[{"confidence":"0.9149","content":"하시니까"}],"type":"pronunciation"},{"start_time":"11.96","end_time":"12.58","alternatives":[{"confidence":"0.9059","content":"그러면"}],"type":"pronunciation"},{"start_time":"12.58","end_time":"13.14","alternatives":[{"confidence":"1.0","content":"정확하게"}],"type":"pronunciation"},{"start_time":"13.2","end_time":"13.51","alternatives":[{"confidence":"0.8815","content":"국회에서"}],"type":"pronunciation"},{"start_time":"13.51","end_time":"13.65","alternatives":[{"confidence":"0.9698","content":"제가"}],"type":"pronunciation"},{"start_time":"13.65","end_time":"14.04","alternatives":[{"confidence":"0.9669","content":"서류를"}],"type":"pronunciation"},{"start_time":"14.1","end_time":"14.45","alternatives":[{"confidence":"0.90235","content":"받아보고"}],"type":"pronunciation"},{"start_time":"14.52","end_time":"14.72","alternatives":[{"confidence":"0.444","content":"약간"}],"type":"pronunciation"},{"start_time":"14.72","end_time":"14.99","alternatives":[{"confidence":"0.49855","content":"받아보고"}],"type":"pronunciation"},{"start_time":"14.99","end_time":"15.64","alternatives":[{"confidence":"0.7463","content":"있는데"}],"type":"pronunciation"},{"start_time":"15.67","end_time":"16.07","alternatives":[{"confidence":"0.8909499999999999","content":"금리하고"}],"type":"pronunciation"},{"start_time":"16.07","end_time":"16.52","alternatives":[{"confidence":"0.9142","content":"있잖습니까"}],"type":"pronunciation"},{"alternatives":[{"confidence":"0.0","content":"?"}],"type":"punctuation"},{"start_time":"17.06","end_time":"17.25","alternatives":[{"confidence":"0.9983","content":"그걸"}],"type":"pronunciation"},{"start_time":"17.25","end_time":"17.42","alternatives":[{"confidence":"0.9593","content":"알아야"}],"type":"pronunciation"},{"start_time":"17.42","end_time":"17.7","alternatives":[{"confidence":"0.7568","content":"되는데"}],"type":"pronunciation"},{"start_time":"18.08","end_time":"18.25","alternatives":[{"confidence":"0.993","content":"지금"}],"type":"pronunciation"},{"start_time":"18.25","end_time":"18.6","alternatives":[{"confidence":"0.9974000000000001","content":"진행이"}],"type":"pronunciation"},{"start_time":"18.6","end_time":"18.79","alternatives":[{"confidence":"1.0","content":"되지"}],"type":"pronunciation"},{"start_time":"18.79","end_time":"19.22","alternatives":[{"confidence":"1.0","content":"않습니까"}],"type":"pronunciation"},{"alternatives":[{"confidence":"0.0","content":"?"}],"type":"punctuation"},{"start_time":"19.22","end_time":"19.46","alternatives":[{"confidence":"0.7988","content":"원래"}],"type":"pronunciation"},{"start_time":"19.49","end_time":"19.76","alternatives":[{"confidence":"0.1049","content":"저기서"}],"type":"pronunciation"},{"start_time":"20.0","end_time":"20.3","alternatives":[{"confidence":"0.5185","content":"생활"}],"type":"pronunciation"},{"start_time":"20.3","end_time":"21.18","alternatives":[{"confidence":"0.8964000000000001","content":"기간이나"}],"type":"pronunciation"},{"start_time":"21.21","end_time":"21.53","alternatives":[{"confidence":"0.8761","content":"국민이"}],"type":"pronunciation"},{"start_time":"21.53","end_time":"22.21","alternatives":[{"confidence":"0.9923","content":"납부하시는"}],"type":"pronunciation"},{"start_time":"22.21","end_time":"23.06","alternatives":[{"confidence":"1.0","content":"방식은"}],"type":"pronunciation"},{"start_time":"23.43","end_time":"23.66","alternatives":[{"confidence":"0.5433","content":"본"}],"type":"pronunciation"},{"start_time":"23.66","end_time":"24.62","alternatives":[{"confidence":"0.8099666666666666","content":"심사들어가실"}],"type":"pronunciation"},{"start_time":"24.62","end_time":"25.2","alternatives":[{"confidence":"0.9014","content":"때"}],"type":"pronunciation"},{"start_time":"26.08","end_time":"26.43","alternatives":[{"confidence":"0.9799","content":"직접"}],"type":"pronunciation"},{"start_time":"26.43","end_time":"26.9","alternatives":[{"confidence":"0.9991","content":"말씀을"}],"type":"pronunciation"},{"start_time":"26.9","end_time":"27.4","alternatives":[{"confidence":"0.9696","content":"해주시면"}],"type":"pronunciation"},{"start_time":"27.4","end_time":"27.95","alternatives":[{"confidence":"0.95895","content":"되시고요"}],"type":"pronunciation"},{"start_time":"28.01","end_time":"28.14","alternatives":[{"confidence":"0.9515","content":"그"}],"type":"pronunciation"},{"start_time":"28.14","end_time":"28.61","alternatives":[{"confidence":"0.9971","content":"부분은"}],"type":"pronunciation"},{"start_time":"28.61","end_time":"28.78","alternatives":[{"confidence":"0.9885","content":"다"}],"type":"pronunciation"},{"start_time":"28.78","end_time":"29.24","alternatives":[{"confidence":"0.9951666666666666","content":"녹취가"}],"type":"pronunciation"},{"start_time":"29.24","end_time":"29.75","alternatives":[{"confidence":"0.99715","content":"들어가니까"}],"type":"pronunciation"},{"start_time":"29.75","end_time":"30.71","alternatives":[{"confidence":"0.708","content":"심사전화해서"}],"type":"pronunciation"},{"start_time":"31.32","end_time":"31.56","alternatives":[{"confidence":"0.9822","content":"그러면"}],"type":"pronunciation"},{"start_time":"31.56","end_time":"31.76","alternatives":[{"confidence":"0.9961","content":"혹시"}],"type":"pronunciation"},{"start_time":"31.76","end_time":"31.99","alternatives":[{"confidence":"0.2775","content":"오케이"}],"type":"pronunciation"},{"start_time":"31.99","end_time":"32.45","alternatives":[{"confidence":"0.8487","content":"에서"}],"type":"pronunciation"},{"start_time":"32.45","end_time":"32.79","alternatives":[{"confidence":"0.7027","content":"여기를"}],"type":"pronunciation"},{"start_time":"32.79","end_time":"33.64","alternatives":[{"confidence":"1.0","content":"받았는데"}],"type":"pronunciation"},{"start_time":"33.92","end_time":"34.4","alternatives":[{"confidence":"0.8932","content":"제가"}],"type":"pronunciation"},{"start_time":"34.4","end_time":"34.85","alternatives":[{"confidence":"0.9655","content":"어떠냐면"}],"type":"pronunciation"},{"start_time":"35.59","end_time":"35.8","alternatives":[{"confidence":"0.997","content":"같은"}],"type":"pronunciation"},{"start_time":"35.8","end_time":"36.39","alternatives":[{"confidence":"1.0","content":"경우에는"}],"type":"pronunciation"},{"start_time":"36.45","end_time":"37.26","alternatives":[{"confidence":"0.7089333333333333","content":"십일점분간"}],"type":"pronunciation"},{"start_time":"37.26","end_time":"37.44","alternatives":[{"confidence":"0.9495","content":"이렇게"}],"type":"pronunciation"},{"start_time":"37.44","end_time":"37.56","alternatives":[{"confidence":"0.2429","content":"해서"}],"type":"pronunciation"},{"start_time":"37.56","end_time":"37.98","alternatives":[{"confidence":"0.6051333333333333","content":"삼천만원이"}],"type":"pronunciation"},{"start_time":"37.98","end_time":"38.29","alternatives":[{"confidence":"0.9978","content":"진행되고"}],"type":"pronunciation"},{"start_time":"38.29","end_time":"38.91","alternatives":[{"confidence":"0.8277","content":"있는데"}],"type":"pronunciation"},{"start_time":"39.56","end_time":"39.83","alternatives":[{"confidence":"0.8838","content":"에서"}],"type":"pronunciation"},{"start_time":"39.83","end_time":"40.19","alternatives":[{"confidence":"0.9461","content":"지금"}],"type":"pronunciation"},{"start_time":"40.59","end_time":"40.71","alternatives":[{"confidence":"0.5239","content":"이제"}],"type":"pronunciation"},{"start_time":"41.0","end_time":"41.1","alternatives":[{"confidence":"0.2647","content":"구"}],"type":"pronunciation"},{"start_time":"41.1","end_time":"41.54","alternatives":[{"confidence":"0.884","content":"퍼센트를"}],"type":"pronunciation"},{"start_time":"41.54","end_time":"41.61","alternatives":[{"confidence":"0.757","content":"안"}],"type":"pronunciation"},{"start_time":"41.61","end_time":"41.87","alternatives":[{"confidence":"0.9934","content":"받고"}],"type":"pronunciation"},{"start_time":"41.87","end_time":"42.1","alternatives":[{"confidence":"0.9932","content":"이렇게"}],"type":"pronunciation"},{"start_time":"42.1","end_time":"42.42","alternatives":[{"confidence":"0.9469","content":"진행하고"}],"type":"pronunciation"},{"start_time":"42.42","end_time":"42.88","alternatives":[{"confidence":"1.0","content":"있거든요"}],"type":"pronunciation"},{"alternatives":[{"confidence":"0.0","content":"."}],"type":"punctuation"},{"start_time":"44.38","end_time":"45.12","alternatives":[{"confidence":"0.994","content":"네"}],"type":"pronunciation"},{"alternatives":[{"confidence":"0.0","content":"."}],"type":"punctuation"},{"start_time":"45.12","end_time":"45.75","alternatives":[{"confidence":"0.9998","content":"그러면"}],"type":"pronunciation"},{"start_time":"45.95","end_time":"46.19","alternatives":[{"confidence":"0.981","content":"이제"}],"type":"pronunciation"},{"start_time":"46.25","end_time":"46.51","alternatives":[{"confidence":"0.8055","content":"여기"}],"type":"pronunciation"},{"start_time":"46.51","end_time":"46.95","alternatives":[{"confidence":"0.9509000000000001","content":"과장님께서"}],"type":"pronunciation"},{"start_time":"46.95","end_time":"47.28","alternatives":[{"confidence":"1.0","content":"정확하게"}],"type":"pronunciation"},{"start_time":"47.28","end_time":"47.68","alternatives":[{"confidence":"0.9947","content":"얘기를"}],"type":"pronunciation"},{"start_time":"47.75","end_time":"48.03","alternatives":[{"confidence":"0.9997","content":"된다고"}],"type":"pronunciation"},{"start_time":"48.03","end_time":"48.23","alternatives":[{"confidence":"0.6946","content":"얘기를"}],"type":"pronunciation"},{"start_time":"48.23","end_time":"48.68","alternatives":[{"confidence":"0.8099","content":"해주셔야"}],"type":"pronunciation"},{"start_time":"48.68","end_time":"48.85","alternatives":[{"confidence":"0.9883","content":"제가"}],"type":"pronunciation"},{"start_time":"48.85","end_time":"49.1","alternatives":[{"confidence":"0.75625","content":"저쪽에"}],"type":"pronunciation"},{"start_time":"49.1","end_time":"49.31","alternatives":[{"confidence":"0.9947","content":"빨리"}],"type":"pronunciation"},{"start_time":"49.31","end_time":"49.61","alternatives":[{"confidence":"0.9328","content":"진행을"}],"type":"pronunciation"},{"start_time":"49.61","end_time":"49.91","alternatives":[{"confidence":"0.9503","content":"할"}],"type":"pronunciation"},{"start_time":"49.91","end_time":"49.98","alternatives":[{"confidence":"0.9998","content":"수"}],"type":"pronunciation"},{"start_time":"49.98","end_time":"50.41","alternatives":[{"confidence":"1.0","content":"있거든요"}],"type":"pronunciation"},{"alternatives":[{"confidence":"0.0","content":"."}],"type":"punctuation"},{"start_time":"51.91","end_time":"52.16","alternatives":[{"confidence":"0.9797","content":"저희"}],"type":"pronunciation"},{"start_time":"52.16","end_time":"52.81","alternatives":[{"confidence":"0.9982","content":"쪽에서는"}],"type":"pronunciation"},{"start_time":"52.81","end_time":"53.01","alternatives":[{"confidence":"0.98","content":"이미"}],"type":"pronunciation"},{"start_time":"53.01","end_time":"53.8","alternatives":[{"confidence":"0.9538333333333333","content":"확정금리로"}],"type":"pronunciation"},{"start_time":"53.8","end_time":"53.92","alternatives":[{"confidence":"0.8547","content":"다"}],"type":"pronunciation"},{"start_time":"53.92","end_time":"54.53","alternatives":[{"confidence":"0.3761","content":"나오신"}],"type":"pronunciation"},{"start_time":"54.53","end_time":"54.72","alternatives":[{"confidence":"0.065","content":"거기"}],"type":"pronunciation"},{"start_time":"54.72","end_time":"55.04","alternatives":[{"confidence":"0.9996","content":"때문에"}],"type":"pronunciation"},{"start_time":"55.04","end_time":"55.42","alternatives":[{"confidence":"1.0","content":"무조건"}],"type":"pronunciation"},{"start_time":"55.42","end_time":"55.75","alternatives":[{"confidence":"0.9973","content":"진행이"}],"type":"pronunciation"},{"start_time":"55.75","end_time":"56.64","alternatives":[{"confidence":"0.9808333333333333","content":"가능하시고요"}],"type":"pronunciation"},{"alternatives":[{"confidence":"0.0","content":"."}],"type":"punctuation"},{"start_time":"57.18","end_time":"57.44","alternatives":[{"confidence":"0.2477","content":"퍼센트"}],"type":"pronunciation"},{"start_time":"58.15","end_time":"58.68","alternatives":[{"confidence":"0.50525","content":"육점이"}],"type":"pronunciation"},{"start_time":"58.68","end_time":"59.19","alternatives":[{"confidence":"0.06005","content":"프로예요"}],"type":"pronunciation"},{"alternatives":[{"confidence":"0.0","content":"."}],"type":"punctuation"},{"start_time":"60.37","end_time":"60.53","alternatives":[{"confidence":"0.4166","content":"네"}],"type":"pronunciation"},{"alternatives":[{"confidence":"0.0","content":"."}],"type":"punctuation"},{"start_time":"60.6","end_time":"60.73","alternatives":[{"confidence":"0.4973","content":"네"}],"type":"pronunciation"},{"alternatives":[{"confidence":"0.0","content":"."}],"type":"punctuation"},{"start_time":"61.03","end_time":"61.23","alternatives":[{"confidence":"0.9115","content":"네"}],"type":"pronunciation"},{"alternatives":[{"confidence":"0.0","content":"."}],"type":"punctuation"},{"start_time":"61.23","end_time":"61.79","alternatives":[{"confidence":"0.74295","content":"그러면은"}],"type":"pronunciation"},{"start_time":"61.79","end_time":"62.02","alternatives":[{"confidence":"0.9995","content":"어떻게"}],"type":"pronunciation"},{"start_time":"62.02","end_time":"62.28","alternatives":[{"confidence":"0.9986","content":"할까요"}],"type":"pronunciation"},{"alternatives":[{"confidence":"0.0","content":"?"}],"type":"punctuation"},{"start_time":"62.28","end_time":"62.72","alternatives":[{"confidence":"0.8645","content":"지금"}],"type":"pronunciation"},{"start_time":"63.29","end_time":"63.48","alternatives":[{"confidence":"0.9274","content":"다시"}],"type":"pronunciation"},{"start_time":"63.48","end_time":"63.93","alternatives":[{"confidence":"0.6207499999999999","content":"진행할까요"}],"type":"pronunciation"},{"start_time":"63.93","end_time":"64.11","alternatives":[{"confidence":"0.9947","content":"어떻게"}],"type":"pronunciation"},{"start_time":"64.11","end_time":"64.5","alternatives":[{"confidence":"0.9999","content":"할까요"}],"type":"pronunciation"},{"alternatives":[{"confidence":"0.0","content":"?"}],"type":"punctuation"},{"start_time":"65.89","end_time":"67.17","alternatives":[{"confidence":"0.8066666666666666","content":"페퍼저축은행처음에"}],"type":"pronunciation"},{"start_time":"67.17","end_time":"67.62","alternatives":[{"confidence":"0.9985999999999999","content":"접수가"}],"type":"pronunciation"},{"start_time":"67.62","end_time":"67.87","alternatives":[{"confidence":"0.9071","content":"언제"}],"type":"pronunciation"},{"start_time":"67.87","end_time":"68.56","alternatives":[{"confidence":"0.9739","content":"들어가셨죠"}],"type":"pronunciation"},{"start_time":"69.5","end_time":"70.1","alternatives":[{"confidence":"0.6189","content":"퍼가"}],"type":"pronunciation"},{"start_time":"70.25","end_time":"70.66","alternatives":[{"confidence":"0.99935","content":"접수가"}],"type":"pronunciation"},{"start_time":"70.66","end_time":"70.88","alternatives":[{"confidence":"0.8211","content":"들어간"}],"type":"pronunciation"},{"start_time":"70.88","end_time":"70.95","alternatives":[{"confidence":"0.9992","content":"게"}],"type":"pronunciation"},{"start_time":"70.95","end_time":"71.45","alternatives":[{"confidence":"0.9981","content":"아니고요"}],"type":"pronunciation"},{"alternatives":[{"confidence":"0.0","content":"."}],"type":"punctuation"},{"start_time":"71.48","end_time":"72.16","alternatives":[{"confidence":"0.40535000000000004","content":"페퍼는"}],"type":"pronunciation"},{"start_time":"72.26","end_time":"72.66","alternatives":[{"confidence":"0.6641","content":"심히"}],"type":"pronunciation"},{"start_time":"72.66","end_time":"72.82","alternatives":[{"confidence":"0.999","content":"있는"}],"type":"pronunciation"},{"start_time":"72.82","end_time":"73.49","alternatives":[{"confidence":"0.7272000000000001","content":"부분들이"}],"type":"pronunciation"},{"start_time":"73.49","end_time":"74.27","alternatives":[{"confidence":"0.8598","content":"천삼백만원"}],"type":"pronunciation"},{"start_time":"74.36","end_time":"74.57","alternatives":[{"confidence":"0.4981","content":"시면"}],"type":"pronunciation"},{"start_time":"74.57","end_time":"74.79","alternatives":[{"confidence":"0.9839","content":"한다고"}],"type":"pronunciation"},{"start_time":"74.79","end_time":"75.32","alternatives":[{"confidence":"0.9972","content":"했고요"}],"type":"pronunciation"},{"alternatives":[{"confidence":"0.0","content":"."}],"type":"punctuation"},{"start_time":"75.48","end_time":"75.75","alternatives":[{"confidence":"1.0","content":"그런데"}],"type":"pronunciation"},{"start_time":"75.75","end_time":"76.16","alternatives":[{"confidence":"0.9658","content":"이제"}],"type":"pronunciation"},{"start_time":"76.29","end_time":"76.6","alternatives":[{"confidence":"0.2965","content":"계기로"}],"type":"pronunciation"},{"start_time":"76.6","end_time":"76.8","alternatives":[{"confidence":"0.8133","content":"해도"}],"type":"pronunciation"},{"start_time":"76.8","end_time":"77.29","alternatives":[{"confidence":"0.5092","content":"해달라고"}],"type":"pronunciation"},{"start_time":"77.29","end_time":"77.9","alternatives":[{"confidence":"1.0","content":"하셔서"}],"type":"pronunciation"},{"start_time":"77.9","end_time":"78.08","alternatives":[{"confidence":"0.9937","content":"제가"}],"type":"pronunciation"},{"start_time":"78.08","end_time":"78.38","alternatives":[{"confidence":"0.4729","content":"되기로"}],"type":"pronunciation"},{"start_time":"78.38","end_time":"78.68","alternatives":[{"confidence":"0.9715","content":"다시"}],"type":"pronunciation"},{"start_time":"78.78","end_time":"79.06","alternatives":[{"confidence":"0.8438","content":"진행을"}],"type":"pronunciation"},{"start_time":"79.06","end_time":"79.34","alternatives":[{"confidence":"0.9525","content":"해달라고"}],"type":"pronunciation"},{"start_time":"79.34","end_time":"80.0","alternatives":[{"confidence":"1.0","content":"했거든요"}],"type":"pronunciation"},{"alternatives":[{"confidence":"0.0","content":"."}],"type":"punctuation"},{"start_time":"81.62","end_time":"82.01","alternatives":[{"confidence":"1.0","content":"혹시"}],"type":"pronunciation"},{"start_time":"83.25","end_time":"83.6","alternatives":[{"confidence":"0.0747","content":"필요한"}],"type":"pronunciation"},{"start_time":"83.6","end_time":"84.08","alternatives":[{"confidence":"0.5273999999999999","content":"서류지금"}],"type":"pronunciation"},{"start_time":"84.08","end_time":"84.49","alternatives":[{"confidence":"0.6797","content":"천부가"}],"type":"pronunciation"},{"start_time":"84.49","end_time":"84.64","alternatives":[{"confidence":"0.9736","content":"안"}],"type":"pronunciation"},{"start_time":"84.64","end_time":"85.37","alternatives":[{"confidence":"0.9865999999999999","content":"되시나요"}],"type":"pronunciation"},{"alternatives":[{"confidence":"0.0","content":"?"}],"type":"punctuation"},{"start_time":"86.37","end_time":"86.6","alternatives":[{"confidence":"0.6455","content":"전에"}],"type":"pronunciation"},{"start_time":"86.6","end_time":"86.98","alternatives":[{"confidence":"0.7927","content":"지금"}],"type":"pronunciation"},{"start_time":"87.23","end_time":"87.37","alternatives":[{"confidence":"0.6733","content":"하고"}],"type":"pronunciation"},{"start_time":"87.37","end_time":"87.55","alternatives":[{"confidence":"0.653","content":"있어요"}],"type":"pronunciation"},{"alternatives":[{"confidence":"0.0","content":"."}],"type":"punctuation"},{"start_time":"89.4","end_time":"89.7","alternatives":[{"confidence":"0.984","content":"그러면"}],"type":"pronunciation"},{"start_time":"89.98","end_time":"90.64","alternatives":[{"confidence":"0.99305","content":"저축은행으로"}],"type":"pronunciation"},{"start_time":"90.64","end_time":"91.0","alternatives":[{"confidence":"0.7825","content":"진행을"}],"type":"pronunciation"},{"start_time":"91.0","end_time":"91.26","alternatives":[{"confidence":"0.773","content":"하시는"}],"type":"pronunciation"},{"start_time":"91.26","end_time":"91.33","alternatives":[{"confidence":"0.994","content":"게"}],"type":"pronunciation"},{"start_time":"91.33","end_time":"91.58","alternatives":[{"confidence":"0.9952","content":"훨씬"}],"type":"pronunciation"},{"start_time":"91.58","end_time":"91.99","alternatives":[{"confidence":"0.9733499999999999","content":"빠르실"}],"type":"pronunciation"},{"start_time":"91.99","end_time":"92.48","alternatives":[{"confidence":"0.9004","content":"거예요"}],"type":"pronunciation"},{"alternatives":[{"confidence":"0.0","content":"."}],"type":"punctuation"},{"start_time":"94.41","end_time":"95.49","alternatives":[{"confidence":"0.12245","content":"저축은행이"}],"type":"pronunciation"},{"start_time":"95.61","end_time":"96.03","alternatives":[{"confidence":"0.99525","content":"서류가"}],"type":"pronunciation"},{"start_time":"96.03","end_time":"96.61","alternatives":[{"confidence":"0.9109","content":"들어가고"}],"type":"pronunciation"},{"start_time":"96.61","end_time":"96.89","alternatives":[{"confidence":"0.8582","content":"부터"}],"type":"pronunciation"},{"start_time":"96.89","end_time":"98.01","alternatives":[{"confidence":"0.9929","content":"사업자분들은"}],"type":"pronunciation"},{"start_time":"98.01","end_time":"98.25","alternatives":[{"confidence":"0.2222","content":"이"}],"type":"pronunciation"},{"start_time":"98.28","end_time":"98.73","alternatives":[{"confidence":"0.9967","content":"최소"}],"type":"pronunciation"},{"start_time":"98.73","end_time":"98.93","alternatives":[{"confidence":"0.6079","content":"이"}],"type":"pronunciation"},{"start_time":"98.93","end_time":"99.32","alternatives":[{"confidence":"0.9978","content":"일에서"}],"type":"pronunciation"},{"start_time":"99.32","end_time":"99.54","alternatives":[{"confidence":"0.2472","content":"삼"}],"type":"pronunciation"},{"start_time":"99.54","end_time":"99.65","alternatives":[{"confidence":"0.1015","content":"일"}],"type":"pronunciation"},{"start_time":"99.65","end_time":"99.97","alternatives":[{"confidence":"0.1279","content":"불리는"}],"type":"pronunciation"},{"start_time":"99.97","end_time":"100.13","alternatives":[{"confidence":"0.99","content":"걸로"}],"type":"pronunciation"},{"start_time":"100.13","end_time":"100.29","alternatives":[{"confidence":"0.9999","content":"알고"}],"type":"pronunciation"},{"start_time":"100.29","end_time":"100.72","alternatives":[{"confidence":"1.0","content":"있거든요"}],"type":"pronunciation"},{"alternatives":[{"confidence":"0.0","content":"."}],"type":"punctuation"},{"start_time":"100.72","end_time":"101.0","alternatives":[{"confidence":"0.5538","content":"제가"}],"type":"pronunciation"},{"start_time":"101.55","end_time":"102.16","alternatives":[{"confidence":"0.1909","content":"예전에"}],"type":"pronunciation"},{"start_time":"102.19","end_time":"102.38","alternatives":[{"confidence":"0.2914","content":"제가"}],"type":"pronunciation"},{"start_time":"102.67","end_time":"103.03","alternatives":[{"confidence":"0.0635","content":"여러분들이"}],"type":"pronunciation"},{"start_time":"103.64","end_time":"103.8","alternatives":[{"confidence":"0.0046","content":"되는"}],"type":"pronunciation"},{"start_time":"103.8","end_time":"104.42","alternatives":[{"confidence":"0.0195","content":"거고요"}],"type":"pronunciation"},{"alternatives":[{"confidence":"0.0","content":"."}],"type":"punctuation"},{"start_time":"105.06","end_time":"105.41","alternatives":[{"confidence":"0.8531","content":"만약에"}],"type":"pronunciation"},{"start_time":"105.41","end_time":"105.61","alternatives":[{"confidence":"0.9995","content":"그게"}],"type":"pronunciation"},{"start_time":"105.61","end_time":"105.77","alternatives":[{"confidence":"0.0614","content":"안"}],"type":"pronunciation"},{"start_time":"105.77","end_time":"106.37","alternatives":[{"confidence":"0.0557","content":"되면"}],"type":"pronunciation"},{"alternatives":[{"confidence":"0.0","content":"."}],"type":"punctuation"},{"start_time":"108.11","end_time":"108.34","alternatives":[{"confidence":"0.9773","content":"네"}],"type":"pronunciation"},{"alternatives":[{"confidence":"0.0","content":"."}],"type":"punctuation"},{"start_time":"108.34","end_time":"109.05","alternatives":[{"confidence":"0.998","content":"알겠습니다"}],"type":"pronunciation"},{"alternatives":[{"confidence":"0.0","content":"."}],"type":"punctuation"},{"start_time":"110.25","end_time":"110.45","alternatives":[{"confidence":"0.0799","content":"네"}],"type":"pronunciation"},{"alternatives":[{"confidence":"0.0","content":"."}],"type":"punctuation"},{"start_time":"110.45","end_time":"110.59","alternatives":[{"confidence":"0.0633","content":"네"}],"type":"pronunciation"},{"alternatives":[{"confidence":"0.0","content":"."}],"type":"punctuation"},{"start_time":"110.59","end_time":"110.85","alternatives":[{"confidence":"0.9536","content":"바로"}],"type":"pronunciation"},{"start_time":"110.85","end_time":"111.11","alternatives":[{"confidence":"0.7726","content":"전화"}],"type":"pronunciation"},{"start_time":"111.11","end_time":"111.28","alternatives":[{"confidence":"0.8366","content":"좀"}],"type":"pronunciation"},{"start_time":"111.28","end_time":"111.52","alternatives":[{"confidence":"0.3015","content":"이번"}],"type":"pronunciation"},{"start_time":"111.52","end_time":"111.72","alternatives":[{"confidence":"0.1367","content":"호로"}],"type":"pronunciation"},{"start_time":"111.72","end_time":"112.13","alternatives":[{"confidence":"0.9999","content":"주셔서"}],"type":"pronunciation"},{"start_time":"112.13","end_time":"112.53","alternatives":[{"confidence":"0.977","content":"이장우"}],"type":"pronunciation"},{"start_time":"112.53","end_time":"112.97","alternatives":[{"confidence":"0.7908999999999999","content":"과장한번"}],"type":"pronunciation"},{"start_time":"112.97","end_time":"113.43","alternatives":[{"confidence":"0.9955499999999999","content":"찾아주시면"}],"type":"pronunciation"},{"start_time":"113.43","end_time":"114.09","alternatives":[{"confidence":"1.0","content":"감사하겠습니다"}],"type":"pronunciation"},{"alternatives":[{"confidence":"0.0","content":"."}],"type":"punctuation"},{"start_time":"114.47","end_time":"114.77","alternatives":[{"confidence":"0.9223","content":"네"}],"type":"pronunciation"},{"alternatives":[{"confidence":"0.0","content":"."}],"type":"punctuation"},{"start_time":"114.77","end_time":"114.89","alternatives":[{"confidence":"0.8737","content":"네"}],"type":"pronunciation"},{"alternatives":[{"confidence":"0.0","content":"."}],"type":"punctuation"},{"start_time":"114.89","end_time":"115.38","alternatives":[{"confidence":"0.9958","content":"감사합니다"}],"type":"pronunciation"},{"alternatives":[{"confidence":"0.0","content":"."}],"type":"punctuation"}]},"status":"COMPLETED"}