{"jobName":"transcribe_loan129","accountId":"097989105209","results":{"transcripts":[{"transcript":"안녕하세요. 안녕하세요? 컨설팅에서 전해드렸습니다. 고급 네. 혹시 고금리로 대출쓰고 계시면 은행권의 대화 니 가능하셔서 직장인대상으로 안내연락 드렸는데요. 혹시 십오 프로 이상이 고금리 사용하시는 거 혹시 있으신가요? 하셨어요? 네. 저는 유정하라고 하고요. 쓰시는 거 있으시면 오늘은 저희 쪽안내들어보시라고 연락드리는거고요 조건을 만족이 되시면 쓰시는 주세요. 이 누군지도 모르고요. 번호도 이거는 랜덤이기 때문에요. 몇가지를 여쭤서 안내를 드리는 부분입니다. 불법 불법 아니고 합법으로 하는 겁니다."}],"items":[{"start_time":"0.66","end_time":"1.59","alternatives":[{"confidence":"0.9417","content":"안녕하세요"}],"type":"pronunciation"},{"alternatives":[{"confidence":"0.0","content":"."}],"type":"punctuation"},{"start_time":"2.48","end_time":"3.12","alternatives":[{"confidence":"1.0","content":"안녕하세요"}],"type":"pronunciation"},{"alternatives":[{"confidence":"0.0","content":"?"}],"type":"punctuation"},{"start_time":"3.47","end_time":"4.07","alternatives":[{"confidence":"0.8061","content":"컨설팅에서"}],"type":"pronunciation"},{"start_time":"4.07","end_time":"5.22","alternatives":[{"confidence":"0.76355","content":"전해드렸습니다"}],"type":"pronunciation"},{"alternatives":[{"confidence":"0.0","content":"."}],"type":"punctuation"},{"start_time":"5.88","end_time":"6.16","alternatives":[{"confidence":"0.576","content":"고급"}],"type":"pronunciation"},{"start_time":"6.97","end_time":"7.44","alternatives":[{"confidence":"0.8475","content":"네"}],"type":"pronunciation"},{"alternatives":[{"confidence":"0.0","content":"."}],"type":"punctuation"},{"start_time":"7.44","end_time":"7.7","alternatives":[{"confidence":"1.0","content":"혹시"}],"type":"pronunciation"},{"start_time":"7.7","end_time":"8.19","alternatives":[{"confidence":"0.9880666666666666","content":"고금리로"}],"type":"pronunciation"},{"start_time":"8.19","end_time":"8.71","alternatives":[{"confidence":"0.85945","content":"대출쓰고"}],"type":"pronunciation"},{"start_time":"8.71","end_time":"9.61","alternatives":[{"confidence":"0.9878","content":"계시면"}],"type":"pronunciation"},{"start_time":"9.88","end_time":"10.56","alternatives":[{"confidence":"0.9652499999999999","content":"은행권의"}],"type":"pronunciation"},{"start_time":"10.56","end_time":"10.83","alternatives":[{"confidence":"0.6239","content":"대화"}],"type":"pronunciation"},{"start_time":"10.83","end_time":"10.95","alternatives":[{"confidence":"0.4797","content":"니"}],"type":"pronunciation"},{"start_time":"10.95","end_time":"11.6","alternatives":[{"confidence":"0.8651500000000001","content":"가능하셔서"}],"type":"pronunciation"},{"start_time":"11.6","end_time":"12.38","alternatives":[{"confidence":"0.99895","content":"직장인대상으로"}],"type":"pronunciation"},{"start_time":"12.38","end_time":"12.97","alternatives":[{"confidence":"0.5847","content":"안내연락"}],"type":"pronunciation"},{"start_time":"12.97","end_time":"13.79","alternatives":[{"confidence":"1.0","content":"드렸는데요"}],"type":"pronunciation"},{"alternatives":[{"confidence":"0.0","content":"."}],"type":"punctuation"},{"start_time":"14.24","end_time":"14.8","alternatives":[{"confidence":"0.9986","content":"혹시"}],"type":"pronunciation"},{"start_time":"14.83","end_time":"15.08","alternatives":[{"confidence":"0.8768","content":"십오"}],"type":"pronunciation"},{"start_time":"15.08","end_time":"15.27","alternatives":[{"confidence":"0.9127","content":"프로"}],"type":"pronunciation"},{"start_time":"15.27","end_time":"15.69","alternatives":[{"confidence":"0.8301","content":"이상이"}],"type":"pronunciation"},{"start_time":"15.69","end_time":"16.07","alternatives":[{"confidence":"0.82375","content":"고금리"}],"type":"pronunciation"},{"start_time":"16.07","end_time":"16.64","alternatives":[{"confidence":"0.96225","content":"사용하시는"}],"type":"pronunciation"},{"start_time":"16.64","end_time":"16.74","alternatives":[{"confidence":"0.9492","content":"거"}],"type":"pronunciation"},{"start_time":"16.74","end_time":"17.0","alternatives":[{"confidence":"1.0","content":"혹시"}],"type":"pronunciation"},{"start_time":"17.0","end_time":"17.84","alternatives":[{"confidence":"1.0","content":"있으신가요"}],"type":"pronunciation"},{"alternatives":[{"confidence":"0.0","content":"?"}],"type":"punctuation"},{"start_time":"19.85","end_time":"20.33","alternatives":[{"confidence":"0.1924","content":"하셨어요"}],"type":"pronunciation"},{"alternatives":[{"confidence":"0.0","content":"?"}],"type":"punctuation"},{"start_time":"21.33","end_time":"21.61","alternatives":[{"confidence":"0.9697","content":"네"}],"type":"pronunciation"},{"alternatives":[{"confidence":"0.0","content":"."}],"type":"punctuation"},{"start_time":"21.61","end_time":"21.91","alternatives":[{"confidence":"0.9995","content":"저는"}],"type":"pronunciation"},{"start_time":"21.91","end_time":"22.55","alternatives":[{"confidence":"0.9855","content":"유정하라고"}],"type":"pronunciation"},{"start_time":"22.55","end_time":"23.38","alternatives":[{"confidence":"0.9972","content":"하고요"}],"type":"pronunciation"},{"alternatives":[{"confidence":"0.0","content":"."}],"type":"punctuation"},{"start_time":"23.91","end_time":"24.24","alternatives":[{"confidence":"0.9307000000000001","content":"쓰시는"}],"type":"pronunciation"},{"start_time":"24.24","end_time":"24.34","alternatives":[{"confidence":"0.9","content":"거"}],"type":"pronunciation"},{"start_time":"24.34","end_time":"25.29","alternatives":[{"confidence":"0.9964","content":"있으시면"}],"type":"pronunciation"},{"start_time":"25.73","end_time":"26.09","alternatives":[{"confidence":"1.0","content":"오늘은"}],"type":"pronunciation"},{"start_time":"26.09","end_time":"26.29","alternatives":[{"confidence":"0.6767","content":"저희"}],"type":"pronunciation"},{"start_time":"26.29","end_time":"27.22","alternatives":[{"confidence":"0.8028600000000001","content":"쪽안내들어보시라고"}],"type":"pronunciation"},{"start_time":"27.22","end_time":"28.47","alternatives":[{"confidence":"0.837725","content":"연락드리는거고요"}],"type":"pronunciation"},{"start_time":"29.36","end_time":"29.78","alternatives":[{"confidence":"0.629","content":"조건을"}],"type":"pronunciation"},{"start_time":"29.78","end_time":"30.15","alternatives":[{"confidence":"0.9775","content":"만족이"}],"type":"pronunciation"},{"start_time":"30.15","end_time":"31.01","alternatives":[{"confidence":"0.72345","content":"되시면"}],"type":"pronunciation"},{"start_time":"31.07","end_time":"31.45","alternatives":[{"confidence":"0.8778999999999999","content":"쓰시는"}],"type":"pronunciation"},{"start_time":"31.87","end_time":"32.24","alternatives":[{"confidence":"0.0765","content":"주세요"}],"type":"pronunciation"},{"alternatives":[{"confidence":"0.0","content":"."}],"type":"punctuation"},{"start_time":"33.68","end_time":"33.78","alternatives":[{"confidence":"0.4188","content":"이"}],"type":"pronunciation"},{"start_time":"33.78","end_time":"34.23","alternatives":[{"confidence":"0.99195","content":"누군지도"}],"type":"pronunciation"},{"start_time":"34.23","end_time":"34.97","alternatives":[{"confidence":"0.9898","content":"모르고요"}],"type":"pronunciation"},{"alternatives":[{"confidence":"0.0","content":"."}],"type":"punctuation"},{"start_time":"35.0","end_time":"35.86","alternatives":[{"confidence":"0.8331500000000001","content":"번호도"}],"type":"pronunciation"},{"start_time":"35.86","end_time":"36.19","alternatives":[{"confidence":"0.65","content":"이거는"}],"type":"pronunciation"},{"start_time":"36.19","end_time":"36.72","alternatives":[{"confidence":"0.9680500000000001","content":"랜덤이기"}],"type":"pronunciation"},{"start_time":"36.72","end_time":"37.39","alternatives":[{"confidence":"0.9997","content":"때문에요"}],"type":"pronunciation"},{"alternatives":[{"confidence":"0.0","content":"."}],"type":"punctuation"},{"start_time":"37.42","end_time":"37.93","alternatives":[{"confidence":"0.80855","content":"몇가지를"}],"type":"pronunciation"},{"start_time":"37.93","end_time":"38.39","alternatives":[{"confidence":"0.88105","content":"여쭤서"}],"type":"pronunciation"},{"start_time":"38.39","end_time":"38.71","alternatives":[{"confidence":"0.9831","content":"안내를"}],"type":"pronunciation"},{"start_time":"38.71","end_time":"39.08","alternatives":[{"confidence":"0.8533","content":"드리는"}],"type":"pronunciation"},{"start_time":"39.08","end_time":"39.82","alternatives":[{"confidence":"0.98575","content":"부분입니다"}],"type":"pronunciation"},{"alternatives":[{"confidence":"0.0","content":"."}],"type":"punctuation"},{"start_time":"40.08","end_time":"40.34","alternatives":[{"confidence":"0.0907","content":"불법"}],"type":"pronunciation"},{"start_time":"41.25","end_time":"41.67","alternatives":[{"confidence":"0.5203","content":"불법"}],"type":"pronunciation"},{"start_time":"41.67","end_time":"41.99","alternatives":[{"confidence":"1.0","content":"아니고"}],"type":"pronunciation"},{"start_time":"41.99","end_time":"42.46","alternatives":[{"confidence":"0.9398","content":"합법으로"}],"type":"pronunciation"},{"start_time":"42.46","end_time":"42.66","alternatives":[{"confidence":"0.9319","content":"하는"}],"type":"pronunciation"},{"start_time":"42.66","end_time":"43.18","alternatives":[{"confidence":"0.9265","content":"겁니다"}],"type":"pronunciation"},{"alternatives":[{"confidence":"0.0","content":"."}],"type":"punctuation"}]},"status":"COMPLETED"}