{"jobName":"transcribe_loan185","accountId":"097989105209","results":{"transcripts":[{"transcript":"해요. 일단 잘 알겠고요 저희들이 금융계열사저축은행인데요 지금 오월달에 저희들이 대화한 대출플러스 생활자금 쪽으로 나온 대출 상품이 있어요. 네. 그리고 이런 이율이 칠 점 팔 프로 대로 진행하는 부분이고 상환기간이 5 년까지고요 중도상환가능하고 수수료발생이 없이 원리금 변동분열상황 혹은 만기 일시 상환쪽으로 이자만 갚으제도 되는 부분이에요. 네. 그리고 체류맥심 대환 대출 플러스 생활자금 쪽으로 오천만원까지 인데 오천만원 금도 다 받으실 거예요. 일단 잘 알겠고요 맞으시죠 지금 사용하고 있는 휴대폰은 본인 이름으로 되어 있는 것 같았어요. 통신사는 삼성 스마트폰맞주세요 혹시 가족은 사용하고 계세요? 그러면 카톡추가를 해서 저희들회사 상응하고. 제 이름 넣어드릴게요 왜요? 네요. 저한테 조사를 주셔서 통화 중에 제가 전화를 못 받으면 카톡으로 연락을 할 수도 있어서 있어서 그런 거 아니에요. 네. 전화로 주시면"}],"items":[{"start_time":"0.0","end_time":"0.25","alternatives":[{"confidence":"0.2146","content":"해요"}],"type":"pronunciation"},{"alternatives":[{"confidence":"0.0","content":"."}],"type":"punctuation"},{"start_time":"2.47","end_time":"2.81","alternatives":[{"confidence":"1.0","content":"일단"}],"type":"pronunciation"},{"start_time":"2.81","end_time":"3.01","alternatives":[{"confidence":"0.9418","content":"잘"}],"type":"pronunciation"},{"start_time":"3.01","end_time":"3.45","alternatives":[{"confidence":"0.9944999999999999","content":"알겠고요"}],"type":"pronunciation"},{"start_time":"3.45","end_time":"3.77","alternatives":[{"confidence":"0.72845","content":"저희들이"}],"type":"pronunciation"},{"start_time":"4.19","end_time":"6.46","alternatives":[{"confidence":"0.880125","content":"금융계열사저축은행인데요"}],"type":"pronunciation"},{"start_time":"6.49","end_time":"6.76","alternatives":[{"confidence":"0.9887","content":"지금"}],"type":"pronunciation"},{"start_time":"6.76","end_time":"7.2","alternatives":[{"confidence":"0.9706333333333333","content":"오월달에"}],"type":"pronunciation"},{"start_time":"7.2","end_time":"7.59","alternatives":[{"confidence":"0.9240999999999999","content":"저희들이"}],"type":"pronunciation"},{"start_time":"7.62","end_time":"8.01","alternatives":[{"confidence":"0.4541","content":"대화한"}],"type":"pronunciation"},{"start_time":"8.01","end_time":"8.73","alternatives":[{"confidence":"0.71305","content":"대출플러스"}],"type":"pronunciation"},{"start_time":"8.73","end_time":"9.49","alternatives":[{"confidence":"0.73605","content":"생활자금"}],"type":"pronunciation"},{"start_time":"9.49","end_time":"9.77","alternatives":[{"confidence":"0.9769","content":"쪽으로"}],"type":"pronunciation"},{"start_time":"9.77","end_time":"10.02","alternatives":[{"confidence":"0.9459","content":"나온"}],"type":"pronunciation"},{"start_time":"10.02","end_time":"10.28","alternatives":[{"confidence":"0.5989","content":"대출"}],"type":"pronunciation"},{"start_time":"10.28","end_time":"10.69","alternatives":[{"confidence":"0.7702","content":"상품이"}],"type":"pronunciation"},{"start_time":"10.69","end_time":"11.81","alternatives":[{"confidence":"0.994","content":"있어요"}],"type":"pronunciation"},{"alternatives":[{"confidence":"0.0","content":"."}],"type":"punctuation"},{"start_time":"12.62","end_time":"12.83","alternatives":[{"confidence":"0.9945","content":"네"}],"type":"pronunciation"},{"alternatives":[{"confidence":"0.0","content":"."}],"type":"punctuation"},{"start_time":"12.83","end_time":"13.09","alternatives":[{"confidence":"0.9989","content":"그리고"}],"type":"pronunciation"},{"start_time":"13.09","end_time":"13.32","alternatives":[{"confidence":"0.9462","content":"이런"}],"type":"pronunciation"},{"start_time":"13.32","end_time":"13.63","alternatives":[{"confidence":"0.36024999999999996","content":"이율이"}],"type":"pronunciation"},{"start_time":"13.63","end_time":"13.87","alternatives":[{"confidence":"0.3737","content":"칠"}],"type":"pronunciation"},{"start_time":"13.87","end_time":"14.06","alternatives":[{"confidence":"0.4455","content":"점"}],"type":"pronunciation"},{"start_time":"14.06","end_time":"14.25","alternatives":[{"confidence":"0.4577","content":"팔"}],"type":"pronunciation"},{"start_time":"14.25","end_time":"14.45","alternatives":[{"confidence":"0.432","content":"프로"}],"type":"pronunciation"},{"start_time":"14.45","end_time":"14.71","alternatives":[{"confidence":"0.986","content":"대로"}],"type":"pronunciation"},{"start_time":"14.71","end_time":"15.26","alternatives":[{"confidence":"0.7604","content":"진행하는"}],"type":"pronunciation"},{"start_time":"15.26","end_time":"15.94","alternatives":[{"confidence":"0.995","content":"부분이고"}],"type":"pronunciation"},{"start_time":"16.39","end_time":"17.11","alternatives":[{"confidence":"0.6916","content":"상환기간이"}],"type":"pronunciation"},{"start_time":"17.11","end_time":"17.28","alternatives":[{"confidence":"0.8194","content":"5"}],"type":"pronunciation"},{"start_time":"17.28","end_time":"18.14","alternatives":[{"confidence":"0.7338","content":"년까지고요"}],"type":"pronunciation"},{"start_time":"18.17","end_time":"19.49","alternatives":[{"confidence":"0.8908333333333333","content":"중도상환가능하고"}],"type":"pronunciation"},{"start_time":"19.49","end_time":"20.34","alternatives":[{"confidence":"0.9651","content":"수수료발생이"}],"type":"pronunciation"},{"start_time":"20.34","end_time":"20.58","alternatives":[{"confidence":"1.0","content":"없이"}],"type":"pronunciation"},{"start_time":"20.58","end_time":"21.04","alternatives":[{"confidence":"0.9190499999999999","content":"원리금"}],"type":"pronunciation"},{"start_time":"21.04","end_time":"21.96","alternatives":[{"confidence":"0.8714000000000001","content":"변동분열상황"}],"type":"pronunciation"},{"start_time":"21.96","end_time":"22.23","alternatives":[{"confidence":"0.9978","content":"혹은"}],"type":"pronunciation"},{"start_time":"22.23","end_time":"22.51","alternatives":[{"confidence":"0.65405","content":"만기"}],"type":"pronunciation"},{"start_time":"22.51","end_time":"22.7","alternatives":[{"confidence":"0.5072","content":"일시"}],"type":"pronunciation"},{"start_time":"22.7","end_time":"23.22","alternatives":[{"confidence":"0.65505","content":"상환쪽으로"}],"type":"pronunciation"},{"start_time":"23.22","end_time":"23.55","alternatives":[{"confidence":"0.80945","content":"이자만"}],"type":"pronunciation"},{"start_time":"23.55","end_time":"24.04","alternatives":[{"confidence":"0.4678","content":"갚으제도"}],"type":"pronunciation"},{"start_time":"24.04","end_time":"24.3","alternatives":[{"confidence":"0.9992","content":"되는"}],"type":"pronunciation"},{"start_time":"24.3","end_time":"25.87","alternatives":[{"confidence":"0.9994000000000001","content":"부분이에요"}],"type":"pronunciation"},{"alternatives":[{"confidence":"0.0","content":"."}],"type":"punctuation"},{"start_time":"27.02","end_time":"27.32","alternatives":[{"confidence":"0.9316","content":"네"}],"type":"pronunciation"},{"alternatives":[{"confidence":"0.0","content":"."}],"type":"punctuation"},{"start_time":"27.59","end_time":"27.85","alternatives":[{"confidence":"0.9954","content":"그리고"}],"type":"pronunciation"},{"start_time":"27.85","end_time":"28.77","alternatives":[{"confidence":"0.7795666666666667","content":"체류맥심"}],"type":"pronunciation"},{"start_time":"28.8","end_time":"29.15","alternatives":[{"confidence":"0.7518","content":"대환"}],"type":"pronunciation"},{"start_time":"29.15","end_time":"29.45","alternatives":[{"confidence":"0.2785","content":"대출"}],"type":"pronunciation"},{"start_time":"29.45","end_time":"29.78","alternatives":[{"confidence":"0.2287","content":"플러스"}],"type":"pronunciation"},{"start_time":"29.78","end_time":"30.55","alternatives":[{"confidence":"0.7752","content":"생활자금"}],"type":"pronunciation"},{"start_time":"30.55","end_time":"30.84","alternatives":[{"confidence":"0.9674","content":"쪽으로"}],"type":"pronunciation"},{"start_time":"30.84","end_time":"31.59","alternatives":[{"confidence":"0.8736666666666667","content":"오천만원까지"}],"type":"pronunciation"},{"start_time":"31.59","end_time":"32.16","alternatives":[{"confidence":"0.9927","content":"인데"}],"type":"pronunciation"},{"start_time":"32.16","end_time":"32.71","alternatives":[{"confidence":"0.6481","content":"오천만원"}],"type":"pronunciation"},{"start_time":"32.71","end_time":"33.0","alternatives":[{"confidence":"0.98315","content":"금도"}],"type":"pronunciation"},{"start_time":"33.0","end_time":"33.15","alternatives":[{"confidence":"0.9616","content":"다"}],"type":"pronunciation"},{"start_time":"33.15","end_time":"33.63","alternatives":[{"confidence":"0.9046","content":"받으실"}],"type":"pronunciation"},{"start_time":"33.63","end_time":"34.19","alternatives":[{"confidence":"0.9999","content":"거예요"}],"type":"pronunciation"},{"alternatives":[{"confidence":"0.0","content":"."}],"type":"punctuation"},{"start_time":"36.28","end_time":"36.6","alternatives":[{"confidence":"0.9996","content":"일단"}],"type":"pronunciation"},{"start_time":"36.6","end_time":"36.78","alternatives":[{"confidence":"0.9932","content":"잘"}],"type":"pronunciation"},{"start_time":"36.78","end_time":"37.58","alternatives":[{"confidence":"0.98325","content":"알겠고요"}],"type":"pronunciation"},{"start_time":"40.28","end_time":"41.54","alternatives":[{"confidence":"0.9554","content":"맞으시죠"}],"type":"pronunciation"},{"start_time":"43.32","end_time":"44.3","alternatives":[{"confidence":"0.848","content":"지금"}],"type":"pronunciation"},{"start_time":"45.58","end_time":"46.08","alternatives":[{"confidence":"1.0","content":"사용하고"}],"type":"pronunciation"},{"start_time":"46.08","end_time":"46.24","alternatives":[{"confidence":"0.9949","content":"있는"}],"type":"pronunciation"},{"start_time":"46.24","end_time":"46.97","alternatives":[{"confidence":"0.9597","content":"휴대폰은"}],"type":"pronunciation"},{"start_time":"46.97","end_time":"47.27","alternatives":[{"confidence":"0.8774","content":"본인"}],"type":"pronunciation"},{"start_time":"47.27","end_time":"47.66","alternatives":[{"confidence":"1.0","content":"이름으로"}],"type":"pronunciation"},{"start_time":"47.66","end_time":"47.8","alternatives":[{"confidence":"0.5455","content":"되어"}],"type":"pronunciation"},{"start_time":"47.8","end_time":"48.0","alternatives":[{"confidence":"0.798","content":"있는"}],"type":"pronunciation"},{"start_time":"48.0","end_time":"48.12","alternatives":[{"confidence":"0.9903","content":"것"}],"type":"pronunciation"},{"start_time":"48.12","end_time":"49.18","alternatives":[{"confidence":"0.9655","content":"같았어요"}],"type":"pronunciation"},{"alternatives":[{"confidence":"0.0","content":"."}],"type":"punctuation"},{"start_time":"49.94","end_time":"50.81","alternatives":[{"confidence":"0.5755","content":"통신사는"}],"type":"pronunciation"},{"start_time":"54.13","end_time":"54.56","alternatives":[{"confidence":"0.7275","content":"삼성"}],"type":"pronunciation"},{"start_time":"54.56","end_time":"56.17","alternatives":[{"confidence":"0.5269333333333334","content":"스마트폰맞주세요"}],"type":"pronunciation"},{"start_time":"57.35","end_time":"57.87","alternatives":[{"confidence":"1.0","content":"혹시"}],"type":"pronunciation"},{"start_time":"57.87","end_time":"58.32","alternatives":[{"confidence":"0.5301","content":"가족은"}],"type":"pronunciation"},{"start_time":"58.32","end_time":"58.75","alternatives":[{"confidence":"0.9488","content":"사용하고"}],"type":"pronunciation"},{"start_time":"58.75","end_time":"59.3","alternatives":[{"confidence":"0.9998","content":"계세요"}],"type":"pronunciation"},{"alternatives":[{"confidence":"0.0","content":"?"}],"type":"punctuation"},{"start_time":"61.02","end_time":"61.55","alternatives":[{"confidence":"0.9651","content":"그러면"}],"type":"pronunciation"},{"start_time":"61.61","end_time":"62.53","alternatives":[{"confidence":"0.99795","content":"카톡추가를"}],"type":"pronunciation"},{"start_time":"62.53","end_time":"62.96","alternatives":[{"confidence":"1.0","content":"해서"}],"type":"pronunciation"},{"start_time":"62.96","end_time":"63.66","alternatives":[{"confidence":"0.81225","content":"저희들회사"}],"type":"pronunciation"},{"start_time":"63.66","end_time":"64.22","alternatives":[{"confidence":"0.9366","content":"상응하고"}],"type":"pronunciation"},{"alternatives":[{"confidence":"0.0","content":"."}],"type":"punctuation"},{"start_time":"64.22","end_time":"64.42","alternatives":[{"confidence":"0.9775","content":"제"}],"type":"pronunciation"},{"start_time":"64.42","end_time":"64.82","alternatives":[{"confidence":"0.5095","content":"이름"}],"type":"pronunciation"},{"start_time":"64.82","end_time":"66.12","alternatives":[{"confidence":"0.75575","content":"넣어드릴게요"}],"type":"pronunciation"},{"start_time":"67.08","end_time":"67.46","alternatives":[{"confidence":"0.997","content":"왜요"}],"type":"pronunciation"},{"alternatives":[{"confidence":"0.0","content":"?"}],"type":"punctuation"},{"start_time":"69.02","end_time":"69.34","alternatives":[{"confidence":"0.9382","content":"네요"}],"type":"pronunciation"},{"alternatives":[{"confidence":"0.0","content":"."}],"type":"punctuation"},{"start_time":"72.34","end_time":"72.68","alternatives":[{"confidence":"1.0","content":"저한테"}],"type":"pronunciation"},{"start_time":"72.68","end_time":"72.99","alternatives":[{"confidence":"0.9125","content":"조사를"}],"type":"pronunciation"},{"start_time":"72.99","end_time":"73.29","alternatives":[{"confidence":"0.7343","content":"주셔서"}],"type":"pronunciation"},{"start_time":"73.29","end_time":"73.54","alternatives":[{"confidence":"0.7644","content":"통화"}],"type":"pronunciation"},{"start_time":"73.54","end_time":"74.39","alternatives":[{"confidence":"0.9988","content":"중에"}],"type":"pronunciation"},{"start_time":"75.55","end_time":"75.78","alternatives":[{"confidence":"0.9991","content":"제가"}],"type":"pronunciation"},{"start_time":"75.78","end_time":"76.08","alternatives":[{"confidence":"1.0","content":"전화를"}],"type":"pronunciation"},{"start_time":"76.08","end_time":"76.19","alternatives":[{"confidence":"0.4552","content":"못"}],"type":"pronunciation"},{"start_time":"76.2","end_time":"76.61","alternatives":[{"confidence":"0.9753","content":"받으면"}],"type":"pronunciation"},{"start_time":"76.61","end_time":"77.06","alternatives":[{"confidence":"0.99895","content":"카톡으로"}],"type":"pronunciation"},{"start_time":"77.68","end_time":"77.99","alternatives":[{"confidence":"1.0","content":"연락을"}],"type":"pronunciation"},{"start_time":"77.99","end_time":"78.1","alternatives":[{"confidence":"0.9988","content":"할"}],"type":"pronunciation"},{"start_time":"78.1","end_time":"78.32","alternatives":[{"confidence":"0.9856","content":"수도"}],"type":"pronunciation"},{"start_time":"78.32","end_time":"78.69","alternatives":[{"confidence":"0.4316","content":"있어서"}],"type":"pronunciation"},{"start_time":"78.72","end_time":"79.04","alternatives":[{"confidence":"0.9922","content":"있어서"}],"type":"pronunciation"},{"start_time":"79.04","end_time":"79.3","alternatives":[{"confidence":"0.917","content":"그런"}],"type":"pronunciation"},{"start_time":"79.3","end_time":"79.41","alternatives":[{"confidence":"0.9339","content":"거"}],"type":"pronunciation"},{"start_time":"79.41","end_time":"80.05","alternatives":[{"confidence":"0.9995","content":"아니에요"}],"type":"pronunciation"},{"alternatives":[{"confidence":"0.0","content":"."}],"type":"punctuation"},{"start_time":"81.96","end_time":"82.24","alternatives":[{"confidence":"0.8174","content":"네"}],"type":"pronunciation"},{"alternatives":[{"confidence":"0.0","content":"."}],"type":"punctuation"},{"start_time":"82.7","end_time":"82.99","alternatives":[{"confidence":"0.6267","content":"전화로"}],"type":"pronunciation"},{"start_time":"82.99","end_time":"83.25","alternatives":[{"confidence":"0.9883","content":"주시면"}],"type":"pronunciation"}]},"status":"COMPLETED"}