{"jobName":"transcribe_loan108","accountId":"097989105209","results":{"transcripts":[{"transcript":"앞전에 임현주 법무사님 영수증이 되셨는데 나머지 차입부분이 있지 않습니까? 차이부분은 아직 영수증확인이 안 돼서 지금 전산열어 놓고 자꾸 기다리고 있고요. 네. 저도 최대한 좀 기다리고 있습니다. 지금 잠깐만 확인 되시면은요 결제부서에서 전화 들어가셔서 자금 수령 되시는데 전혀 문제 없으실 겁니다. 이체 카드가 지금 이번 거 같은 경우에는 대출시간이 좀 많이 지연되지 않으셨습니까? 때문에 이천삼백만원 이나 이체 카드가 소진이 되어 계셨기 때문에 저희 쪽에서 이제 인위적으로 받아본 게 아니기 때문에 천칠백만원 그러면 제가 그렇게 괜찮으시겠습니까. 예. 그러면요 제가 일단 영수증확인되고 결제보세요 올려 드리고 고객님작은 받아가시면 제가 고객님께 문자를 남겨드리겠습니다. 그리고 전자 서명 전자서명 전자서명 하셔도 되시고 않으시면 어떤 거예요? 하는 거잖아요. 전자 서명이 어려우시면 분기로 이메일로 받으실 때 저희도 이제 받지 않습니까? 작은 전자 서명해야 된다 그러더라고요. 그래갖고 님한테 여쭤보라고 그래요. 안 보이세요? 그게 받았는데 넘어가등록해 주시면 전자 서명배출이렇게 나오는데요 하니까 그건 안 보이는데 그게 그게 보이셔야 되는데 그러시면은 그거전자 서명이 안 되시면 저희 쪽에서 저희 쪽으로 서류를 두 번 보내주셔야 되거든요. 직접 말로 하는 거잖아요. 그거는 근데 녹취전화가 또 들어가셔야 되가지고 그러세요. 그러시면은 제가 이거 자금 받으시면 전화로 제가 다시 한번 전화 좀 그렇죠. 고객님고 있는 자금밖에 전까지 금요일 퇴근못하지 않습니까? 근데 제가 영수증확인되는 대로 바로 드리고 제가 최대한 빠르게 결제보세요 올라가서요 630 분 이전에는 제가 빠르게 최대한 좀 도움드릴수 있도록 제가 하겠습니다. 예, 알겠습니다."}],"items":[{"start_time":"2.77","end_time":"3.47","alternatives":[{"confidence":"0.8936","content":"앞전에"}],"type":"pronunciation"},{"start_time":"3.47","end_time":"4.14","alternatives":[{"confidence":"0.9580666666666667","content":"임현주"}],"type":"pronunciation"},{"start_time":"4.14","end_time":"4.7","alternatives":[{"confidence":"0.9321","content":"법무사님"}],"type":"pronunciation"},{"start_time":"4.7","end_time":"5.28","alternatives":[{"confidence":"0.8349","content":"영수증이"}],"type":"pronunciation"},{"start_time":"5.28","end_time":"6.05","alternatives":[{"confidence":"0.9692000000000001","content":"되셨는데"}],"type":"pronunciation"},{"start_time":"6.22","end_time":"6.79","alternatives":[{"confidence":"0.9419","content":"나머지"}],"type":"pronunciation"},{"start_time":"6.83","end_time":"7.38","alternatives":[{"confidence":"0.5799","content":"차입부분이"}],"type":"pronunciation"},{"start_time":"7.38","end_time":"7.53","alternatives":[{"confidence":"0.9722","content":"있지"}],"type":"pronunciation"},{"start_time":"7.53","end_time":"8.18","alternatives":[{"confidence":"1.0","content":"않습니까"}],"type":"pronunciation"},{"alternatives":[{"confidence":"0.0","content":"?"}],"type":"punctuation"},{"start_time":"8.21","end_time":"8.77","alternatives":[{"confidence":"0.4964","content":"차이부분은"}],"type":"pronunciation"},{"start_time":"8.77","end_time":"9.01","alternatives":[{"confidence":"0.9953","content":"아직"}],"type":"pronunciation"},{"start_time":"9.01","end_time":"9.63","alternatives":[{"confidence":"0.9984333333333333","content":"영수증확인이"}],"type":"pronunciation"},{"start_time":"9.63","end_time":"9.74","alternatives":[{"confidence":"0.6119","content":"안"}],"type":"pronunciation"},{"start_time":"9.74","end_time":"10.31","alternatives":[{"confidence":"0.9999","content":"돼서"}],"type":"pronunciation"},{"start_time":"10.76","end_time":"10.98","alternatives":[{"confidence":"0.9954","content":"지금"}],"type":"pronunciation"},{"start_time":"10.98","end_time":"11.41","alternatives":[{"confidence":"0.8358","content":"전산열어"}],"type":"pronunciation"},{"start_time":"11.41","end_time":"11.61","alternatives":[{"confidence":"0.7101","content":"놓고"}],"type":"pronunciation"},{"start_time":"11.61","end_time":"11.82","alternatives":[{"confidence":"0.7818","content":"자꾸"}],"type":"pronunciation"},{"start_time":"11.82","end_time":"12.19","alternatives":[{"confidence":"1.0","content":"기다리고"}],"type":"pronunciation"},{"start_time":"12.19","end_time":"12.81","alternatives":[{"confidence":"0.9765","content":"있고요"}],"type":"pronunciation"},{"alternatives":[{"confidence":"0.0","content":"."}],"type":"punctuation"},{"start_time":"12.94","end_time":"13.08","alternatives":[{"confidence":"0.1253","content":"네"}],"type":"pronunciation"},{"alternatives":[{"confidence":"0.0","content":"."}],"type":"punctuation"},{"start_time":"13.23","end_time":"13.43","alternatives":[{"confidence":"0.0672","content":"저도"}],"type":"pronunciation"},{"start_time":"13.7","end_time":"13.99","alternatives":[{"confidence":"0.8206","content":"최대한"}],"type":"pronunciation"},{"start_time":"13.99","end_time":"14.1","alternatives":[{"confidence":"0.4595","content":"좀"}],"type":"pronunciation"},{"start_time":"14.1","end_time":"14.43","alternatives":[{"confidence":"1.0","content":"기다리고"}],"type":"pronunciation"},{"start_time":"14.43","end_time":"14.82","alternatives":[{"confidence":"0.964","content":"있습니다"}],"type":"pronunciation"},{"alternatives":[{"confidence":"0.0","content":"."}],"type":"punctuation"},{"start_time":"15.63","end_time":"15.86","alternatives":[{"confidence":"0.3971","content":"지금"}],"type":"pronunciation"},{"start_time":"17.21","end_time":"17.58","alternatives":[{"confidence":"0.0","content":"잠깐만"}],"type":"pronunciation"},{"start_time":"17.58","end_time":"17.79","alternatives":[{"confidence":"0.3853","content":"확인"}],"type":"pronunciation"},{"start_time":"17.79","end_time":"18.57","alternatives":[{"confidence":"0.6498","content":"되시면은요"}],"type":"pronunciation"},{"start_time":"18.755","end_time":"19.225","alternatives":[{"confidence":"0.5723","content":"결제부서에서"}],"type":"pronunciation"},{"start_time":"19.225","end_time":"19.395","alternatives":[{"confidence":"0.2358","content":"전화"}],"type":"pronunciation"},{"start_time":"19.395","end_time":"20.135","alternatives":[{"confidence":"0.99865","content":"들어가셔서"}],"type":"pronunciation"},{"start_time":"20.165","end_time":"20.475","alternatives":[{"confidence":"0.9303","content":"자금"}],"type":"pronunciation"},{"start_time":"20.475","end_time":"20.675","alternatives":[{"confidence":"0.5478","content":"수령"}],"type":"pronunciation"},{"start_time":"20.675","end_time":"21.015","alternatives":[{"confidence":"0.9863500000000001","content":"되시는데"}],"type":"pronunciation"},{"start_time":"21.015","end_time":"21.255","alternatives":[{"confidence":"1.0","content":"전혀"}],"type":"pronunciation"},{"start_time":"21.255","end_time":"21.475","alternatives":[{"confidence":"0.5787","content":"문제"}],"type":"pronunciation"},{"start_time":"21.475","end_time":"21.785","alternatives":[{"confidence":"0.9956499999999999","content":"없으실"}],"type":"pronunciation"},{"start_time":"21.785","end_time":"22.185","alternatives":[{"confidence":"1.0","content":"겁니다"}],"type":"pronunciation"},{"alternatives":[{"confidence":"0.0","content":"."}],"type":"punctuation"},{"start_time":"22.185","end_time":"22.515","alternatives":[{"confidence":"0.5532","content":"이체"}],"type":"pronunciation"},{"start_time":"22.515","end_time":"23.365","alternatives":[{"confidence":"0.9984","content":"카드가"}],"type":"pronunciation"},{"start_time":"23.425","end_time":"23.655","alternatives":[{"confidence":"0.9839","content":"지금"}],"type":"pronunciation"},{"start_time":"23.655","end_time":"23.875","alternatives":[{"confidence":"0.9027","content":"이번"}],"type":"pronunciation"},{"start_time":"23.875","end_time":"23.975","alternatives":[{"confidence":"0.4486","content":"거"}],"type":"pronunciation"},{"start_time":"23.975","end_time":"24.215","alternatives":[{"confidence":"0.9911","content":"같은"}],"type":"pronunciation"},{"start_time":"24.215","end_time":"24.855","alternatives":[{"confidence":"1.0","content":"경우에는"}],"type":"pronunciation"},{"start_time":"25.005","end_time":"25.575","alternatives":[{"confidence":"0.74385","content":"대출시간이"}],"type":"pronunciation"},{"start_time":"25.575","end_time":"25.685","alternatives":[{"confidence":"0.9794","content":"좀"}],"type":"pronunciation"},{"start_time":"25.685","end_time":"25.875","alternatives":[{"confidence":"0.9971","content":"많이"}],"type":"pronunciation"},{"start_time":"25.875","end_time":"26.345","alternatives":[{"confidence":"0.91855","content":"지연되지"}],"type":"pronunciation"},{"start_time":"26.345","end_time":"27.155","alternatives":[{"confidence":"0.9608","content":"않으셨습니까"}],"type":"pronunciation"},{"alternatives":[{"confidence":"0.0","content":"?"}],"type":"punctuation"},{"start_time":"27.605","end_time":"27.805","alternatives":[{"confidence":"0.8539","content":"때문에"}],"type":"pronunciation"},{"start_time":"27.805","end_time":"28.465","alternatives":[{"confidence":"0.8132333333333334","content":"이천삼백만원"}],"type":"pronunciation"},{"start_time":"28.465","end_time":"28.605","alternatives":[{"confidence":"0.7304","content":"이나"}],"type":"pronunciation"},{"start_time":"28.605","end_time":"28.845","alternatives":[{"confidence":"0.58795","content":"이체"}],"type":"pronunciation"},{"start_time":"28.845","end_time":"29.135","alternatives":[{"confidence":"0.9973","content":"카드가"}],"type":"pronunciation"},{"start_time":"29.135","end_time":"29.525","alternatives":[{"confidence":"0.9861500000000001","content":"소진이"}],"type":"pronunciation"},{"start_time":"29.525","end_time":"29.725","alternatives":[{"confidence":"0.7178","content":"되어"}],"type":"pronunciation"},{"start_time":"29.725","end_time":"30.065","alternatives":[{"confidence":"1.0","content":"계셨기"}],"type":"pronunciation"},{"start_time":"30.065","end_time":"30.945","alternatives":[{"confidence":"0.9994","content":"때문에"}],"type":"pronunciation"},{"start_time":"31.465","end_time":"31.675","alternatives":[{"confidence":"0.7807","content":"저희"}],"type":"pronunciation"},{"start_time":"31.675","end_time":"32.025","alternatives":[{"confidence":"1.0","content":"쪽에서"}],"type":"pronunciation"},{"start_time":"32.025","end_time":"32.385","alternatives":[{"confidence":"0.9981","content":"이제"}],"type":"pronunciation"},{"start_time":"32.415","end_time":"32.995","alternatives":[{"confidence":"1.0","content":"인위적으로"}],"type":"pronunciation"},{"start_time":"32.995","end_time":"33.325","alternatives":[{"confidence":"0.83215","content":"받아본"}],"type":"pronunciation"},{"start_time":"33.325","end_time":"33.425","alternatives":[{"confidence":"1.0","content":"게"}],"type":"pronunciation"},{"start_time":"33.425","end_time":"33.735","alternatives":[{"confidence":"1.0","content":"아니기"}],"type":"pronunciation"},{"start_time":"33.735","end_time":"34.375","alternatives":[{"confidence":"1.0","content":"때문에"}],"type":"pronunciation"},{"start_time":"34.555","end_time":"35.095","alternatives":[{"confidence":"0.5511666666666666","content":"천칠백만원"}],"type":"pronunciation"},{"start_time":"38.58","end_time":"38.94","alternatives":[{"confidence":"0.6149","content":"그러면"}],"type":"pronunciation"},{"start_time":"38.94","end_time":"39.11","alternatives":[{"confidence":"0.9992","content":"제가"}],"type":"pronunciation"},{"start_time":"39.11","end_time":"39.34","alternatives":[{"confidence":"0.9675","content":"그렇게"}],"type":"pronunciation"},{"start_time":"39.43","end_time":"40.18","alternatives":[{"confidence":"0.99865","content":"괜찮으시겠습니까"}],"type":"pronunciation"},{"alternatives":[{"confidence":"0.0","content":"."}],"type":"punctuation"},{"start_time":"42.41","end_time":"42.82","alternatives":[{"confidence":"0.0625","content":"예"}],"type":"pronunciation"},{"alternatives":[{"confidence":"0.0","content":"."}],"type":"punctuation"},{"start_time":"42.82","end_time":"43.43","alternatives":[{"confidence":"0.98535","content":"그러면요"}],"type":"pronunciation"},{"start_time":"43.46","end_time":"43.65","alternatives":[{"confidence":"0.9983","content":"제가"}],"type":"pronunciation"},{"start_time":"43.65","end_time":"43.81","alternatives":[{"confidence":"0.9985","content":"일단"}],"type":"pronunciation"},{"start_time":"43.81","end_time":"44.48","alternatives":[{"confidence":"0.965","content":"영수증확인되고"}],"type":"pronunciation"},{"start_time":"44.48","end_time":"44.96","alternatives":[{"confidence":"0.7248","content":"결제보세요"}],"type":"pronunciation"},{"start_time":"44.96","end_time":"45.17","alternatives":[{"confidence":"0.7549","content":"올려"}],"type":"pronunciation"},{"start_time":"45.17","end_time":"45.76","alternatives":[{"confidence":"0.9441","content":"드리고"}],"type":"pronunciation"},{"start_time":"45.76","end_time":"46.35","alternatives":[{"confidence":"0.9256","content":"고객님작은"}],"type":"pronunciation"},{"start_time":"46.35","end_time":"47.11","alternatives":[{"confidence":"0.45193333333333335","content":"받아가시면"}],"type":"pronunciation"},{"start_time":"47.11","end_time":"47.3","alternatives":[{"confidence":"0.9328","content":"제가"}],"type":"pronunciation"},{"start_time":"47.3","end_time":"47.69","alternatives":[{"confidence":"0.057900000000000014","content":"고객님께"}],"type":"pronunciation"},{"start_time":"47.69","end_time":"48.01","alternatives":[{"confidence":"0.0188","content":"문자를"}],"type":"pronunciation"},{"start_time":"48.29","end_time":"49.07","alternatives":[{"confidence":"0.96025","content":"남겨드리겠습니다"}],"type":"pronunciation"},{"alternatives":[{"confidence":"0.0","content":"."}],"type":"punctuation"},{"start_time":"49.18","end_time":"49.4","alternatives":[{"confidence":"0.1484","content":"그리고"}],"type":"pronunciation"},{"start_time":"49.69","end_time":"49.91","alternatives":[{"confidence":"0.0891","content":"전자"}],"type":"pronunciation"},{"start_time":"49.91","end_time":"50.11","alternatives":[{"confidence":"0.0158","content":"서명"}],"type":"pronunciation"},{"start_time":"51.47","end_time":"52.0","alternatives":[{"confidence":"0.23115000000000002","content":"전자서명"}],"type":"pronunciation"},{"start_time":"52.12","end_time":"52.59","alternatives":[{"confidence":"0.9319","content":"전자서명"}],"type":"pronunciation"},{"start_time":"52.59","end_time":"52.83","alternatives":[{"confidence":"0.9999","content":"하셔도"}],"type":"pronunciation"},{"start_time":"52.83","end_time":"53.27","alternatives":[{"confidence":"0.9963500000000001","content":"되시고"}],"type":"pronunciation"},{"start_time":"53.27","end_time":"54.05","alternatives":[{"confidence":"0.88405","content":"않으시면"}],"type":"pronunciation"},{"start_time":"57.9","end_time":"58.13","alternatives":[{"confidence":"0.3715","content":"어떤"}],"type":"pronunciation"},{"start_time":"58.13","end_time":"58.31","alternatives":[{"confidence":"0.2221","content":"거예요"}],"type":"pronunciation"},{"alternatives":[{"confidence":"0.0","content":"?"}],"type":"punctuation"},{"start_time":"59.07","end_time":"59.22","alternatives":[{"confidence":"0.8144","content":"하는"}],"type":"pronunciation"},{"start_time":"59.22","end_time":"59.61","alternatives":[{"confidence":"0.9102","content":"거잖아요"}],"type":"pronunciation"},{"alternatives":[{"confidence":"0.0","content":"."}],"type":"punctuation"},{"start_time":"60.53","end_time":"60.79","alternatives":[{"confidence":"0.6264","content":"전자"}],"type":"pronunciation"},{"start_time":"60.79","end_time":"61.09","alternatives":[{"confidence":"0.9795499999999999","content":"서명이"}],"type":"pronunciation"},{"start_time":"61.09","end_time":"62.03","alternatives":[{"confidence":"0.99835","content":"어려우시면"}],"type":"pronunciation"},{"start_time":"62.18","end_time":"63.03","alternatives":[{"confidence":"0.7333000000000001","content":"분기로"}],"type":"pronunciation"},{"start_time":"63.36","end_time":"63.93","alternatives":[{"confidence":"0.9571000000000001","content":"이메일로"}],"type":"pronunciation"},{"start_time":"63.93","end_time":"64.3","alternatives":[{"confidence":"0.9918","content":"받으실"}],"type":"pronunciation"},{"start_time":"64.3","end_time":"65.2","alternatives":[{"confidence":"0.9975","content":"때"}],"type":"pronunciation"},{"start_time":"65.54","end_time":"65.87","alternatives":[{"confidence":"0.8783","content":"저희도"}],"type":"pronunciation"},{"start_time":"65.87","end_time":"66.18","alternatives":[{"confidence":"0.9988","content":"이제"}],"type":"pronunciation"},{"start_time":"66.45","end_time":"66.77","alternatives":[{"confidence":"0.99","content":"받지"}],"type":"pronunciation"},{"start_time":"66.77","end_time":"67.56","alternatives":[{"confidence":"1.0","content":"않습니까"}],"type":"pronunciation"},{"alternatives":[{"confidence":"0.0","content":"?"}],"type":"punctuation"},{"start_time":"68.06","end_time":"68.28","alternatives":[{"confidence":"0.0111","content":"작은"}],"type":"pronunciation"},{"start_time":"69.16","end_time":"69.38","alternatives":[{"confidence":"0.2882","content":"전자"}],"type":"pronunciation"},{"start_time":"69.38","end_time":"69.65","alternatives":[{"confidence":"0.30435","content":"서명해야"}],"type":"pronunciation"},{"start_time":"69.65","end_time":"69.8","alternatives":[{"confidence":"0.0441","content":"된다"}],"type":"pronunciation"},{"start_time":"69.8","end_time":"70.9","alternatives":[{"confidence":"0.5011","content":"그러더라고요"}],"type":"pronunciation"},{"alternatives":[{"confidence":"0.0","content":"."}],"type":"punctuation"},{"start_time":"71.43","end_time":"71.8","alternatives":[{"confidence":"0.9084","content":"그래갖고"}],"type":"pronunciation"},{"start_time":"72.18","end_time":"72.45","alternatives":[{"confidence":"0.9708","content":"님한테"}],"type":"pronunciation"},{"start_time":"72.45","end_time":"72.82","alternatives":[{"confidence":"0.8146","content":"여쭤보라고"}],"type":"pronunciation"},{"start_time":"72.82","end_time":"73.24","alternatives":[{"confidence":"0.476","content":"그래요"}],"type":"pronunciation"},{"alternatives":[{"confidence":"0.0","content":"."}],"type":"punctuation"},{"start_time":"74.36","end_time":"74.47","alternatives":[{"confidence":"0.1289","content":"안"}],"type":"pronunciation"},{"start_time":"74.47","end_time":"75.16","alternatives":[{"confidence":"0.2158","content":"보이세요"}],"type":"pronunciation"},{"alternatives":[{"confidence":"0.0","content":"?"}],"type":"punctuation"},{"start_time":"75.26","end_time":"75.48","alternatives":[{"confidence":"0.4483","content":"그게"}],"type":"pronunciation"},{"start_time":"76.52","end_time":"76.93","alternatives":[{"confidence":"0.9996","content":"받았는데"}],"type":"pronunciation"},{"start_time":"77.17","end_time":"78.47","alternatives":[{"confidence":"0.34936666666666666","content":"넘어가등록해"}],"type":"pronunciation"},{"start_time":"78.47","end_time":"78.81","alternatives":[{"confidence":"0.1874","content":"주시면"}],"type":"pronunciation"},{"start_time":"78.81","end_time":"79.0","alternatives":[{"confidence":"0.5446","content":"전자"}],"type":"pronunciation"},{"start_time":"79.0","end_time":"80.99","alternatives":[{"confidence":"0.585","content":"서명배출이렇게"}],"type":"pronunciation"},{"start_time":"81.05","end_time":"81.56","alternatives":[{"confidence":"0.2838","content":"나오는데요"}],"type":"pronunciation"},{"start_time":"81.62","end_time":"81.93","alternatives":[{"confidence":"0.4422","content":"하니까"}],"type":"pronunciation"},{"start_time":"87.19","end_time":"87.52","alternatives":[{"confidence":"0.2095","content":"그건"}],"type":"pronunciation"},{"start_time":"87.52","end_time":"87.61","alternatives":[{"confidence":"0.5875","content":"안"}],"type":"pronunciation"},{"start_time":"87.61","end_time":"87.91","alternatives":[{"confidence":"0.5099","content":"보이는데"}],"type":"pronunciation"},{"start_time":"87.91","end_time":"88.1","alternatives":[{"confidence":"0.7043","content":"그게"}],"type":"pronunciation"},{"start_time":"89.5","end_time":"89.66","alternatives":[{"confidence":"0.7401","content":"그게"}],"type":"pronunciation"},{"start_time":"89.66","end_time":"89.99","alternatives":[{"confidence":"0.728","content":"보이셔야"}],"type":"pronunciation"},{"start_time":"89.99","end_time":"90.52","alternatives":[{"confidence":"0.9914","content":"되는데"}],"type":"pronunciation"},{"start_time":"90.68","end_time":"91.17","alternatives":[{"confidence":"0.75055","content":"그러시면은"}],"type":"pronunciation"},{"start_time":"91.44","end_time":"92.14","alternatives":[{"confidence":"0.71305","content":"그거전자"}],"type":"pronunciation"},{"start_time":"92.14","end_time":"92.45","alternatives":[{"confidence":"0.97665","content":"서명이"}],"type":"pronunciation"},{"start_time":"92.45","end_time":"92.57","alternatives":[{"confidence":"0.8774","content":"안"}],"type":"pronunciation"},{"start_time":"92.57","end_time":"93.49","alternatives":[{"confidence":"0.83535","content":"되시면"}],"type":"pronunciation"},{"start_time":"94.3","end_time":"94.55","alternatives":[{"confidence":"0.8045","content":"저희"}],"type":"pronunciation"},{"start_time":"94.55","end_time":"95.11","alternatives":[{"confidence":"1.0","content":"쪽에서"}],"type":"pronunciation"},{"start_time":"95.11","end_time":"95.32","alternatives":[{"confidence":"0.9435","content":"저희"}],"type":"pronunciation"},{"start_time":"95.32","end_time":"95.55","alternatives":[{"confidence":"0.9827","content":"쪽으로"}],"type":"pronunciation"},{"start_time":"95.55","end_time":"95.86","alternatives":[{"confidence":"0.9237","content":"서류를"}],"type":"pronunciation"},{"start_time":"95.86","end_time":"96.0","alternatives":[{"confidence":"0.6122","content":"두"}],"type":"pronunciation"},{"start_time":"96.0","end_time":"96.13","alternatives":[{"confidence":"0.5991","content":"번"}],"type":"pronunciation"},{"start_time":"96.13","end_time":"96.56","alternatives":[{"confidence":"0.962","content":"보내주셔야"}],"type":"pronunciation"},{"start_time":"96.56","end_time":"97.26","alternatives":[{"confidence":"0.9837","content":"되거든요"}],"type":"pronunciation"},{"alternatives":[{"confidence":"0.0","content":"."}],"type":"punctuation"},{"start_time":"97.99","end_time":"98.27","alternatives":[{"confidence":"0.629","content":"직접"}],"type":"pronunciation"},{"start_time":"99.83","end_time":"100.02","alternatives":[{"confidence":"0.0444","content":"말로"}],"type":"pronunciation"},{"start_time":"100.02","end_time":"100.17","alternatives":[{"confidence":"0.0193","content":"하는"}],"type":"pronunciation"},{"start_time":"100.17","end_time":"100.52","alternatives":[{"confidence":"0.0304","content":"거잖아요"}],"type":"pronunciation"},{"alternatives":[{"confidence":"0.0","content":"."}],"type":"punctuation"},{"start_time":"101.88","end_time":"102.26","alternatives":[{"confidence":"0.9945999999999999","content":"그거는"}],"type":"pronunciation"},{"start_time":"102.26","end_time":"102.42","alternatives":[{"confidence":"0.9088","content":"근데"}],"type":"pronunciation"},{"start_time":"102.42","end_time":"102.89","alternatives":[{"confidence":"0.5788333333333333","content":"녹취전화가"}],"type":"pronunciation"},{"start_time":"102.89","end_time":"103.0","alternatives":[{"confidence":"0.7627","content":"또"}],"type":"pronunciation"},{"start_time":"103.0","end_time":"103.43","alternatives":[{"confidence":"0.98815","content":"들어가셔야"}],"type":"pronunciation"},{"start_time":"103.43","end_time":"104.06","alternatives":[{"confidence":"0.7682","content":"되가지고"}],"type":"pronunciation"},{"start_time":"105.97","end_time":"106.29","alternatives":[{"confidence":"1.0","content":"그러세요"}],"type":"pronunciation"},{"alternatives":[{"confidence":"0.0","content":"."}],"type":"punctuation"},{"start_time":"106.29","end_time":"106.69","alternatives":[{"confidence":"0.7985","content":"그러시면은"}],"type":"pronunciation"},{"start_time":"106.69","end_time":"106.91","alternatives":[{"confidence":"0.9963","content":"제가"}],"type":"pronunciation"},{"start_time":"106.91","end_time":"107.08","alternatives":[{"confidence":"0.8441","content":"이거"}],"type":"pronunciation"},{"start_time":"107.08","end_time":"107.35","alternatives":[{"confidence":"0.4543","content":"자금"}],"type":"pronunciation"},{"start_time":"107.35","end_time":"108.12","alternatives":[{"confidence":"0.86345","content":"받으시면"}],"type":"pronunciation"},{"start_time":"108.39","end_time":"108.69","alternatives":[{"confidence":"0.9709","content":"전화로"}],"type":"pronunciation"},{"start_time":"108.69","end_time":"108.94","alternatives":[{"confidence":"0.997","content":"제가"}],"type":"pronunciation"},{"start_time":"109.0","end_time":"109.24","alternatives":[{"confidence":"0.9867","content":"다시"}],"type":"pronunciation"},{"start_time":"109.24","end_time":"109.42","alternatives":[{"confidence":"0.8014","content":"한번"}],"type":"pronunciation"},{"start_time":"109.42","end_time":"109.62","alternatives":[{"confidence":"0.5317","content":"전화"}],"type":"pronunciation"},{"start_time":"111.09","end_time":"111.29","alternatives":[{"confidence":"0.6139","content":"좀"}],"type":"pronunciation"},{"start_time":"111.32","end_time":"111.62","alternatives":[{"confidence":"0.9969","content":"그렇죠"}],"type":"pronunciation"},{"alternatives":[{"confidence":"0.0","content":"."}],"type":"punctuation"},{"start_time":"111.62","end_time":"112.33","alternatives":[{"confidence":"0.581","content":"고객님고"}],"type":"pronunciation"},{"start_time":"112.33","end_time":"112.5","alternatives":[{"confidence":"0.8297","content":"있는"}],"type":"pronunciation"},{"start_time":"112.5","end_time":"112.92","alternatives":[{"confidence":"0.59015","content":"자금밖에"}],"type":"pronunciation"},{"start_time":"112.92","end_time":"113.23","alternatives":[{"confidence":"0.9933","content":"전까지"}],"type":"pronunciation"},{"start_time":"113.23","end_time":"113.47","alternatives":[{"confidence":"0.7855","content":"금요일"}],"type":"pronunciation"},{"start_time":"113.47","end_time":"113.91","alternatives":[{"confidence":"0.8837333333333334","content":"퇴근못하지"}],"type":"pronunciation"},{"start_time":"113.91","end_time":"114.43","alternatives":[{"confidence":"0.9966","content":"않습니까"}],"type":"pronunciation"},{"alternatives":[{"confidence":"0.0","content":"?"}],"type":"punctuation"},{"start_time":"116.81","end_time":"117.06","alternatives":[{"confidence":"0.0365","content":"근데"}],"type":"pronunciation"},{"start_time":"117.06","end_time":"117.25","alternatives":[{"confidence":"1.0","content":"제가"}],"type":"pronunciation"},{"start_time":"117.25","end_time":"118.01","alternatives":[{"confidence":"0.9829333333333333","content":"영수증확인되는"}],"type":"pronunciation"},{"start_time":"118.01","end_time":"118.38","alternatives":[{"confidence":"1.0","content":"대로"}],"type":"pronunciation"},{"start_time":"118.38","end_time":"118.62","alternatives":[{"confidence":"0.9026","content":"바로"}],"type":"pronunciation"},{"start_time":"118.89","end_time":"119.5","alternatives":[{"confidence":"0.7708","content":"드리고"}],"type":"pronunciation"},{"start_time":"119.5","end_time":"119.65","alternatives":[{"confidence":"0.9025","content":"제가"}],"type":"pronunciation"},{"start_time":"119.65","end_time":"119.97","alternatives":[{"confidence":"1.0","content":"최대한"}],"type":"pronunciation"},{"start_time":"119.97","end_time":"120.24","alternatives":[{"confidence":"1.0","content":"빠르게"}],"type":"pronunciation"},{"start_time":"120.24","end_time":"120.72","alternatives":[{"confidence":"0.94215","content":"결제보세요"}],"type":"pronunciation"},{"start_time":"120.72","end_time":"121.33","alternatives":[{"confidence":"0.9921","content":"올라가서요"}],"type":"pronunciation"},{"start_time":"121.42","end_time":"121.85","alternatives":[{"confidence":"0.2048","content":"630"}],"type":"pronunciation"},{"start_time":"121.85","end_time":"121.98","alternatives":[{"confidence":"0.7188","content":"분"}],"type":"pronunciation"},{"start_time":"121.98","end_time":"122.68","alternatives":[{"confidence":"1.0","content":"이전에는"}],"type":"pronunciation"},{"start_time":"123.24","end_time":"123.48","alternatives":[{"confidence":"0.993","content":"제가"}],"type":"pronunciation"},{"start_time":"123.48","end_time":"123.79","alternatives":[{"confidence":"0.9952","content":"빠르게"}],"type":"pronunciation"},{"start_time":"123.79","end_time":"124.08","alternatives":[{"confidence":"0.9996","content":"최대한"}],"type":"pronunciation"},{"start_time":"124.08","end_time":"124.2","alternatives":[{"confidence":"0.9951","content":"좀"}],"type":"pronunciation"},{"start_time":"124.2","end_time":"124.66","alternatives":[{"confidence":"0.7228","content":"도움드릴수"}],"type":"pronunciation"},{"start_time":"124.66","end_time":"125.09","alternatives":[{"confidence":"1.0","content":"있도록"}],"type":"pronunciation"},{"start_time":"125.09","end_time":"125.25","alternatives":[{"confidence":"0.9494","content":"제가"}],"type":"pronunciation"},{"start_time":"125.25","end_time":"125.73","alternatives":[{"confidence":"0.9274","content":"하겠습니다"}],"type":"pronunciation"},{"alternatives":[{"confidence":"0.0","content":"."}],"type":"punctuation"},{"start_time":"126.68","end_time":"126.96","alternatives":[{"confidence":"0.6288","content":"예"}],"type":"pronunciation"},{"alternatives":[{"confidence":"0.0","content":","}],"type":"punctuation"},{"start_time":"126.96","end_time":"127.65","alternatives":[{"confidence":"0.997","content":"알겠습니다"}],"type":"pronunciation"},{"alternatives":[{"confidence":"0.0","content":"."}],"type":"punctuation"}]},"status":"COMPLETED"}