{"jobName":"transcribe_loan178","accountId":"097989105209","results":{"transcripts":[{"transcript":"안녕하세요 안녕하세요 김종연락이 너무 안 되셔가지고 지금 바빠서요 지금은 좀 연락이 가능하신 건가요? 네네 저희가 남해 동안 있으시니까 보세요 무슨 말씀이시죠? 제가 보니까 되게 상황이 다 안 돼 있더라고요 사안이 안 되셨다고요 어디가? 상황이 안 드셨다는 거죠? 국민은행상황이 다르던데요 고위 센터에서 알아보신 건가요? 어제 소환하신 거 수요일날 서한하시죠 근데 잠시만요 목요일날 사안하신 걸로 말씀하신 거죠? 네. 그게 지금 고객센터로 넘어가는 게 좀 서류가 늦게 들어가서 확인이 안 되실 수도 있어요 어떻게 기록되는데 그쪽에서 기록설치하고 그냥 납부하셨잖아요 납부가 완료되셨잖아요 그쪽에서도 전산망으로 이제 들한테 보내야 되요 서류를 그 부분이 지금 목요일날 그 전날 수요일엔 빨간 날이었잖아요 그래가지고 그게 아마 밀리셨화해할께 윌리셔가지고 오늘까지 안 되시면 월요일 쯤에 아마 그쪽에서 이제 고객들도 확인이 가능하신 부분이에요 그렇구나. 대리님 사기되지 마시고요. 다른 사람들이 해주지 마시고 그러다 벌 받아요. 무슨 소리하시는 거죠? 지금 제가 신고해 놨거든요 계좌에 돈을 가셨더라고요 바로"}],"items":[{"start_time":"0.0","end_time":"0.51","alternatives":[{"confidence":"1.0","content":"안녕하세요"}],"type":"pronunciation"},{"start_time":"0.54","end_time":"0.99","alternatives":[{"confidence":"1.0","content":"안녕하세요"}],"type":"pronunciation"},{"start_time":"1.17","end_time":"4.84","alternatives":[{"confidence":"0.80985","content":"김종연락이"}],"type":"pronunciation"},{"start_time":"4.84","end_time":"5.08","alternatives":[{"confidence":"0.9867","content":"너무"}],"type":"pronunciation"},{"start_time":"5.08","end_time":"5.22","alternatives":[{"confidence":"0.9106","content":"안"}],"type":"pronunciation"},{"start_time":"5.22","end_time":"5.74","alternatives":[{"confidence":"0.8723000000000001","content":"되셔가지고"}],"type":"pronunciation"},{"start_time":"5.74","end_time":"5.99","alternatives":[{"confidence":"0.8449","content":"지금"}],"type":"pronunciation"},{"start_time":"6.88","end_time":"7.59","alternatives":[{"confidence":"0.903","content":"바빠서요"}],"type":"pronunciation"},{"start_time":"8.71","end_time":"9.24","alternatives":[{"confidence":"0.9976","content":"지금은"}],"type":"pronunciation"},{"start_time":"9.24","end_time":"9.62","alternatives":[{"confidence":"0.9978","content":"좀"}],"type":"pronunciation"},{"start_time":"9.62","end_time":"9.93","alternatives":[{"confidence":"0.8059","content":"연락이"}],"type":"pronunciation"},{"start_time":"10.05","end_time":"10.54","alternatives":[{"confidence":"0.48150000000000004","content":"가능하신"}],"type":"pronunciation"},{"start_time":"10.54","end_time":"11.14","alternatives":[{"confidence":"1.0","content":"건가요"}],"type":"pronunciation"},{"alternatives":[{"confidence":"0.0","content":"?"}],"type":"punctuation"},{"start_time":"11.23","end_time":"11.46","alternatives":[{"confidence":"0.1271","content":"네네"}],"type":"pronunciation"},{"start_time":"12.03","end_time":"12.33","alternatives":[{"confidence":"0.907","content":"저희가"}],"type":"pronunciation"},{"start_time":"13.15","end_time":"13.59","alternatives":[{"confidence":"0.615","content":"남해"}],"type":"pronunciation"},{"start_time":"13.59","end_time":"13.77","alternatives":[{"confidence":"0.5031","content":"동안"}],"type":"pronunciation"},{"start_time":"13.77","end_time":"14.16","alternatives":[{"confidence":"0.4138000000000001","content":"있으시니까"}],"type":"pronunciation"},{"start_time":"14.24","end_time":"14.66","alternatives":[{"confidence":"0.5217","content":"보세요"}],"type":"pronunciation"},{"start_time":"15.87","end_time":"16.16","alternatives":[{"confidence":"0.9697","content":"무슨"}],"type":"pronunciation"},{"start_time":"16.16","end_time":"16.87","alternatives":[{"confidence":"0.9224","content":"말씀이시죠"}],"type":"pronunciation"},{"alternatives":[{"confidence":"0.0","content":"?"}],"type":"punctuation"},{"start_time":"17.64","end_time":"17.83","alternatives":[{"confidence":"0.9971","content":"제가"}],"type":"pronunciation"},{"start_time":"17.83","end_time":"18.54","alternatives":[{"confidence":"1.0","content":"보니까"}],"type":"pronunciation"},{"start_time":"18.54","end_time":"18.94","alternatives":[{"confidence":"0.9993","content":"되게"}],"type":"pronunciation"},{"start_time":"18.94","end_time":"19.19","alternatives":[{"confidence":"0.8134","content":"상황이"}],"type":"pronunciation"},{"start_time":"19.19","end_time":"19.27","alternatives":[{"confidence":"0.5857","content":"다"}],"type":"pronunciation"},{"start_time":"19.27","end_time":"19.35","alternatives":[{"confidence":"0.731","content":"안"}],"type":"pronunciation"},{"start_time":"19.35","end_time":"19.42","alternatives":[{"confidence":"0.4753","content":"돼"}],"type":"pronunciation"},{"start_time":"19.42","end_time":"20.13","alternatives":[{"confidence":"0.9454","content":"있더라고요"}],"type":"pronunciation"},{"start_time":"21.71","end_time":"22.06","alternatives":[{"confidence":"0.48014999999999997","content":"사안이"}],"type":"pronunciation"},{"start_time":"22.06","end_time":"22.2","alternatives":[{"confidence":"0.7719","content":"안"}],"type":"pronunciation"},{"start_time":"22.2","end_time":"23.33","alternatives":[{"confidence":"0.82365","content":"되셨다고요"}],"type":"pronunciation"},{"start_time":"24.83","end_time":"25.29","alternatives":[{"confidence":"0.5787","content":"어디가"}],"type":"pronunciation"},{"alternatives":[{"confidence":"0.0","content":"?"}],"type":"punctuation"},{"start_time":"25.29","end_time":"25.6","alternatives":[{"confidence":"0.9616","content":"상황이"}],"type":"pronunciation"},{"start_time":"25.6","end_time":"25.71","alternatives":[{"confidence":"0.7698","content":"안"}],"type":"pronunciation"},{"start_time":"25.71","end_time":"26.13","alternatives":[{"confidence":"0.5071333333333333","content":"드셨다는"}],"type":"pronunciation"},{"start_time":"26.13","end_time":"26.44","alternatives":[{"confidence":"0.9333","content":"거죠"}],"type":"pronunciation"},{"alternatives":[{"confidence":"0.0","content":"?"}],"type":"punctuation"},{"start_time":"27.89","end_time":"29.04","alternatives":[{"confidence":"0.7656499999999999","content":"국민은행상황이"}],"type":"pronunciation"},{"start_time":"29.04","end_time":"29.66","alternatives":[{"confidence":"0.6851","content":"다르던데요"}],"type":"pronunciation"},{"start_time":"30.9","end_time":"31.2","alternatives":[{"confidence":"0.5804","content":"고위"}],"type":"pronunciation"},{"start_time":"31.2","end_time":"31.7","alternatives":[{"confidence":"0.9981","content":"센터에서"}],"type":"pronunciation"},{"start_time":"31.7","end_time":"32.13","alternatives":[{"confidence":"0.8104","content":"알아보신"}],"type":"pronunciation"},{"start_time":"32.13","end_time":"32.77","alternatives":[{"confidence":"1.0","content":"건가요"}],"type":"pronunciation"},{"alternatives":[{"confidence":"0.0","content":"?"}],"type":"punctuation"},{"start_time":"35.08","end_time":"35.47","alternatives":[{"confidence":"0.9505","content":"어제"}],"type":"pronunciation"},{"start_time":"35.47","end_time":"36.02","alternatives":[{"confidence":"0.8725","content":"소환하신"}],"type":"pronunciation"},{"start_time":"36.02","end_time":"36.32","alternatives":[{"confidence":"0.3803","content":"거"}],"type":"pronunciation"},{"start_time":"36.57","end_time":"37.21","alternatives":[{"confidence":"0.3315","content":"수요일날"}],"type":"pronunciation"},{"start_time":"37.21","end_time":"37.83","alternatives":[{"confidence":"0.4796","content":"서한하시죠"}],"type":"pronunciation"},{"start_time":"37.95","end_time":"38.17","alternatives":[{"confidence":"0.4383","content":"근데"}],"type":"pronunciation"},{"start_time":"38.17","end_time":"38.83","alternatives":[{"confidence":"1.0","content":"잠시만요"}],"type":"pronunciation"},{"start_time":"45.24","end_time":"45.87","alternatives":[{"confidence":"0.8239000000000001","content":"목요일날"}],"type":"pronunciation"},{"start_time":"45.87","end_time":"46.34","alternatives":[{"confidence":"0.7709999999999999","content":"사안하신"}],"type":"pronunciation"},{"start_time":"46.34","end_time":"46.54","alternatives":[{"confidence":"0.3939","content":"걸로"}],"type":"pronunciation"},{"start_time":"46.54","end_time":"47.04","alternatives":[{"confidence":"0.5641","content":"말씀하신"}],"type":"pronunciation"},{"start_time":"47.04","end_time":"47.41","alternatives":[{"confidence":"0.998","content":"거죠"}],"type":"pronunciation"},{"alternatives":[{"confidence":"0.0","content":"?"}],"type":"punctuation"},{"start_time":"48.36","end_time":"48.53","alternatives":[{"confidence":"0.3733","content":"네"}],"type":"pronunciation"},{"alternatives":[{"confidence":"0.0","content":"."}],"type":"punctuation"},{"start_time":"49.73","end_time":"50.23","alternatives":[{"confidence":"1.0","content":"그게"}],"type":"pronunciation"},{"start_time":"50.23","end_time":"50.75","alternatives":[{"confidence":"0.9957","content":"지금"}],"type":"pronunciation"},{"start_time":"50.75","end_time":"51.45","alternatives":[{"confidence":"0.9359","content":"고객센터로"}],"type":"pronunciation"},{"start_time":"51.45","end_time":"51.92","alternatives":[{"confidence":"0.7713","content":"넘어가는"}],"type":"pronunciation"},{"start_time":"51.92","end_time":"52.04","alternatives":[{"confidence":"0.769","content":"게"}],"type":"pronunciation"},{"start_time":"52.04","end_time":"52.23","alternatives":[{"confidence":"0.9966","content":"좀"}],"type":"pronunciation"},{"start_time":"52.23","end_time":"52.83","alternatives":[{"confidence":"0.99415","content":"서류가"}],"type":"pronunciation"},{"start_time":"52.83","end_time":"53.1","alternatives":[{"confidence":"0.8971","content":"늦게"}],"type":"pronunciation"},{"start_time":"53.1","end_time":"53.53","alternatives":[{"confidence":"0.9994","content":"들어가서"}],"type":"pronunciation"},{"start_time":"53.53","end_time":"53.85","alternatives":[{"confidence":"0.99905","content":"확인이"}],"type":"pronunciation"},{"start_time":"53.85","end_time":"53.98","alternatives":[{"confidence":"0.9929","content":"안"}],"type":"pronunciation"},{"start_time":"53.98","end_time":"54.25","alternatives":[{"confidence":"0.93935","content":"되실"}],"type":"pronunciation"},{"start_time":"54.25","end_time":"54.46","alternatives":[{"confidence":"1.0","content":"수도"}],"type":"pronunciation"},{"start_time":"54.46","end_time":"55.17","alternatives":[{"confidence":"0.9985","content":"있어요"}],"type":"pronunciation"},{"start_time":"55.64","end_time":"56.1","alternatives":[{"confidence":"0.967","content":"어떻게"}],"type":"pronunciation"},{"start_time":"56.1","end_time":"57.02","alternatives":[{"confidence":"0.5023","content":"기록되는데"}],"type":"pronunciation"},{"start_time":"58.34","end_time":"58.89","alternatives":[{"confidence":"0.92135","content":"그쪽에서"}],"type":"pronunciation"},{"start_time":"58.89","end_time":"59.74","alternatives":[{"confidence":"0.82165","content":"기록설치하고"}],"type":"pronunciation"},{"start_time":"59.74","end_time":"59.98","alternatives":[{"confidence":"0.293","content":"그냥"}],"type":"pronunciation"},{"start_time":"59.98","end_time":"61.15","alternatives":[{"confidence":"0.9976","content":"납부하셨잖아요"}],"type":"pronunciation"},{"start_time":"61.3","end_time":"61.8","alternatives":[{"confidence":"0.9926","content":"납부가"}],"type":"pronunciation"},{"start_time":"61.8","end_time":"62.78","alternatives":[{"confidence":"0.9390000000000001","content":"완료되셨잖아요"}],"type":"pronunciation"},{"start_time":"62.87","end_time":"63.46","alternatives":[{"confidence":"0.3635","content":"그쪽에서도"}],"type":"pronunciation"},{"start_time":"63.46","end_time":"64.11","alternatives":[{"confidence":"0.99975","content":"전산망으로"}],"type":"pronunciation"},{"start_time":"64.11","end_time":"64.39","alternatives":[{"confidence":"0.9873","content":"이제"}],"type":"pronunciation"},{"start_time":"64.75","end_time":"65.04","alternatives":[{"confidence":"0.8361","content":"들한테"}],"type":"pronunciation"},{"start_time":"65.04","end_time":"65.45","alternatives":[{"confidence":"0.898","content":"보내야"}],"type":"pronunciation"},{"start_time":"65.45","end_time":"65.78","alternatives":[{"confidence":"0.6623","content":"되요"}],"type":"pronunciation"},{"start_time":"65.84","end_time":"66.54","alternatives":[{"confidence":"0.9999","content":"서류를"}],"type":"pronunciation"},{"start_time":"66.82","end_time":"66.98","alternatives":[{"confidence":"0.9247","content":"그"}],"type":"pronunciation"},{"start_time":"66.98","end_time":"67.59","alternatives":[{"confidence":"1.0","content":"부분이"}],"type":"pronunciation"},{"start_time":"67.59","end_time":"68.12","alternatives":[{"confidence":"0.9828","content":"지금"}],"type":"pronunciation"},{"start_time":"68.32","end_time":"69.24","alternatives":[{"confidence":"0.82005","content":"목요일날"}],"type":"pronunciation"},{"start_time":"70.71","end_time":"70.83","alternatives":[{"confidence":"0.9933","content":"그"}],"type":"pronunciation"},{"start_time":"70.83","end_time":"71.15","alternatives":[{"confidence":"0.6852","content":"전날"}],"type":"pronunciation"},{"start_time":"71.21","end_time":"71.5","alternatives":[{"confidence":"0.87225","content":"수요일엔"}],"type":"pronunciation"},{"start_time":"71.5","end_time":"71.78","alternatives":[{"confidence":"0.9234","content":"빨간"}],"type":"pronunciation"},{"start_time":"71.78","end_time":"73.01","alternatives":[{"confidence":"0.9511","content":"날이었잖아요"}],"type":"pronunciation"},{"start_time":"73.24","end_time":"73.63","alternatives":[{"confidence":"0.99065","content":"그래가지고"}],"type":"pronunciation"},{"start_time":"73.63","end_time":"73.82","alternatives":[{"confidence":"1.0","content":"그게"}],"type":"pronunciation"},{"start_time":"73.82","end_time":"74.2","alternatives":[{"confidence":"0.9998","content":"아마"}],"type":"pronunciation"},{"start_time":"74.2","end_time":"75.48","alternatives":[{"confidence":"0.43894999999999995","content":"밀리셨화해할께"}],"type":"pronunciation"},{"start_time":"75.48","end_time":"76.35","alternatives":[{"confidence":"0.6335333333333333","content":"윌리셔가지고"}],"type":"pronunciation"},{"start_time":"76.35","end_time":"77.12","alternatives":[{"confidence":"0.9988","content":"오늘까지"}],"type":"pronunciation"},{"start_time":"77.12","end_time":"77.26","alternatives":[{"confidence":"0.7764","content":"안"}],"type":"pronunciation"},{"start_time":"77.26","end_time":"77.62","alternatives":[{"confidence":"0.89505","content":"되시면"}],"type":"pronunciation"},{"start_time":"77.62","end_time":"77.93","alternatives":[{"confidence":"0.2963","content":"월요일"}],"type":"pronunciation"},{"start_time":"77.93","end_time":"78.14","alternatives":[{"confidence":"0.5241","content":"쯤에"}],"type":"pronunciation"},{"start_time":"78.14","end_time":"78.43","alternatives":[{"confidence":"0.9961","content":"아마"}],"type":"pronunciation"},{"start_time":"78.43","end_time":"78.88","alternatives":[{"confidence":"0.992","content":"그쪽에서"}],"type":"pronunciation"},{"start_time":"79.22","end_time":"79.35","alternatives":[{"confidence":"0.678","content":"이제"}],"type":"pronunciation"},{"start_time":"79.36","end_time":"79.79","alternatives":[{"confidence":"0.5956000000000001","content":"고객들도"}],"type":"pronunciation"},{"start_time":"79.79","end_time":"80.1","alternatives":[{"confidence":"0.9232","content":"확인이"}],"type":"pronunciation"},{"start_time":"80.1","end_time":"80.61","alternatives":[{"confidence":"0.85755","content":"가능하신"}],"type":"pronunciation"},{"start_time":"80.61","end_time":"81.2","alternatives":[{"confidence":"0.9559","content":"부분이에요"}],"type":"pronunciation"},{"start_time":"83.74","end_time":"84.61","alternatives":[{"confidence":"1.0","content":"그렇구나"}],"type":"pronunciation"},{"alternatives":[{"confidence":"0.0","content":"."}],"type":"punctuation"},{"start_time":"85.39","end_time":"85.86","alternatives":[{"confidence":"0.31725000000000003","content":"대리님"}],"type":"pronunciation"},{"start_time":"87.38","end_time":"87.84","alternatives":[{"confidence":"0.32625000000000004","content":"사기되지"}],"type":"pronunciation"},{"start_time":"87.84","end_time":"88.64","alternatives":[{"confidence":"0.98105","content":"마시고요"}],"type":"pronunciation"},{"alternatives":[{"confidence":"0.0","content":"."}],"type":"punctuation"},{"start_time":"88.75","end_time":"88.97","alternatives":[{"confidence":"0.98","content":"다른"}],"type":"pronunciation"},{"start_time":"88.97","end_time":"89.3","alternatives":[{"confidence":"0.6326","content":"사람들이"}],"type":"pronunciation"},{"start_time":"89.3","end_time":"89.52","alternatives":[{"confidence":"0.5738","content":"해주지"}],"type":"pronunciation"},{"start_time":"89.52","end_time":"89.79","alternatives":[{"confidence":"0.521","content":"마시고"}],"type":"pronunciation"},{"start_time":"89.79","end_time":"90.01","alternatives":[{"confidence":"0.837","content":"그러다"}],"type":"pronunciation"},{"start_time":"90.01","end_time":"90.15","alternatives":[{"confidence":"0.6317","content":"벌"}],"type":"pronunciation"},{"start_time":"90.15","end_time":"90.81","alternatives":[{"confidence":"0.9997","content":"받아요"}],"type":"pronunciation"},{"alternatives":[{"confidence":"0.0","content":"."}],"type":"punctuation"},{"start_time":"92.14","end_time":"92.46","alternatives":[{"confidence":"0.2558","content":"무슨"}],"type":"pronunciation"},{"start_time":"92.46","end_time":"92.93","alternatives":[{"confidence":"0.3948","content":"소리하시는"}],"type":"pronunciation"},{"start_time":"92.93","end_time":"93.45","alternatives":[{"confidence":"0.7974","content":"거죠"}],"type":"pronunciation"},{"alternatives":[{"confidence":"0.0","content":"?"}],"type":"punctuation"},{"start_time":"94.55","end_time":"94.91","alternatives":[{"confidence":"0.778","content":"지금"}],"type":"pronunciation"},{"start_time":"95.45","end_time":"96.0","alternatives":[{"confidence":"0.9092","content":"제가"}],"type":"pronunciation"},{"start_time":"96.0","end_time":"96.27","alternatives":[{"confidence":"0.611","content":"신고해"}],"type":"pronunciation"},{"start_time":"96.27","end_time":"96.72","alternatives":[{"confidence":"0.6194500000000001","content":"놨거든요"}],"type":"pronunciation"},{"start_time":"98.03","end_time":"98.45","alternatives":[{"confidence":"0.01575","content":"계좌에"}],"type":"pronunciation"},{"start_time":"98.45","end_time":"98.63","alternatives":[{"confidence":"0.2381","content":"돈을"}],"type":"pronunciation"},{"start_time":"98.8","end_time":"99.26","alternatives":[{"confidence":"0.65015","content":"가셨더라고요"}],"type":"pronunciation"},{"start_time":"99.26","end_time":"99.57","alternatives":[{"confidence":"0.4022","content":"바로"}],"type":"pronunciation"}]},"status":"COMPLETED"}