{"jobName":"transcribe_loan113","accountId":"097989105209","results":{"transcripts":[{"transcript":"무엇을 도와드릴까요? 제가 오전에 사관입금 확신이 어디시죠 잠시만요 이 어떻게 되신다고요? 담당자분 성함이 어떻게 되세요? 라고 하는데 잠시만요, 어떤 부분 때문에 그러시는거에요? 입금했는데 거기에 맞으세요 근데 입금을 했는데 제가 상환일부 상환을 했거든요 확인해주세요 상환처리가 되셨는지 확인하고 싶다는 거죠 잠시만요 거기는 사람이 어떻게 되신다고요? 생년월일앞의 여섯 차례 하게 부탁드릴게요. 네. 잠시만요 되시는데 그 상황금액에 있어서 전액 상환을 해주신 게 아니시네요? 네, 백팔십 만원상황받아 보신 건 확인되시고요 아마 있으신방송부분에 있어서는 안 처리 되신 있습니다 나서 그 합니다 강하라 그러더라고요 만나요 강승규 담당자를 받아 보신 것 같으시고요 지금 강승규 담당자상담중이신데 네. 잠시만요 네 맞으세요 그니까 상담 중 이신데요 그 상담끝나시는 대로 전화 받을 수 있도록 해드리겠고요 그 다음에 부분에 있어서는 그 입금하신 것 정상 처리되시고요 그 다음에 남아 있으신금액부분은 잠시만요 그 부분으로는 이제 고객이체 처리가 불편하시라고 하셔가지고 내일로 이 관철이 되신 걸로 확인이 되십니다 그래서 내일 사건 처리 시면 정상 처리 되실 거고 그 다음에 전산기록 삭제 요청하신 부분도 내일 부분으로 처리 되실 걸로 확인될 거 맞죠? 맞으세요 나서 그러신 거고요 근데 저희 쪽에 직접 님께서 접수해주신 걸로 확인이 되시는데 보이스피싱을 당하셨다는 말씀을 따로 어떤 분에게 안내를 받아 주셔서 진행을 하고 계신다는 말씀이세요? 상당히 돌아가는 나왔다고 많다고 그렇죠? 라고 그러더라고요 네, 그러시죠 당연히 개인 입금으로 처리주시면은 당연히 안 되시는 거고요 처리 같은 경우에는 이제 대북 자리라고 확인 처리가 되시거나 아니면 님께서 따르고 고객님같은 경우는 조금 특별한 게 있으세요. 님께서 인터넷에서 대출계약철회를 요청을 해주셨는데 대출계약철회같은 경우 담당자분이 배정 고객님이 계좌를 고객님께서 특별히 따로 요청을 해주신 걸로 확인이 됐는데요. 동의해주신 걸로 나오시는데 직접 해주신 게 접수를 직접 하신 게 아니에요. 그러니까 접수를 고객님께서 직접 접수해주신 거 아니시더라고요? 네. 맞으시죠 그러시면은. 당연히 저희 쪽에서 사람들이 되신 것은 당연히 확인되실 거죠. 제가 일정 등을 했거든요. 개인 계좌부분 아니시고요 고객님받아 보실 수 있는 담당자가상계좌신거에요. 그래서 처리부분에 있어서는 정상적으로 처리되셨으니까 너무 염려하지 않으셔도 되실 것 같으세요? 그래서 그 국민이 확인 되시는 바로는 전산기록 삭제 같은 경우에는 이제 매일 정상적으로 처리되시니까요. 내일 내일 되시면은 전부 다 다 확인처리 가능하실 거에요. 그래서 일단 저한테 한 번 전화연락기만달라고 하세요. 네, 알겠습니다."}],"items":[{"start_time":"1.54","end_time":"1.79","alternatives":[{"confidence":"1.0","content":"무엇을"}],"type":"pronunciation"},{"start_time":"1.79","end_time":"2.57","alternatives":[{"confidence":"0.99535","content":"도와드릴까요"}],"type":"pronunciation"},{"alternatives":[{"confidence":"0.0","content":"?"}],"type":"punctuation"},{"start_time":"5.52","end_time":"5.77","alternatives":[{"confidence":"0.9666","content":"제가"}],"type":"pronunciation"},{"start_time":"5.92","end_time":"6.61","alternatives":[{"confidence":"0.9707","content":"오전에"}],"type":"pronunciation"},{"start_time":"6.99","end_time":"7.62","alternatives":[{"confidence":"0.7121500000000001","content":"사관입금"}],"type":"pronunciation"},{"start_time":"10.5","end_time":"10.79","alternatives":[{"confidence":"0.7687","content":"확신이"}],"type":"pronunciation"},{"start_time":"10.79","end_time":"11.19","alternatives":[{"confidence":"0.9777","content":"어디시죠"}],"type":"pronunciation"},{"start_time":"11.92","end_time":"12.72","alternatives":[{"confidence":"0.9994","content":"잠시만요"}],"type":"pronunciation"},{"start_time":"14.42","end_time":"14.5","alternatives":[{"confidence":"0.2203","content":"이"}],"type":"pronunciation"},{"start_time":"14.5","end_time":"14.73","alternatives":[{"confidence":"0.9982","content":"어떻게"}],"type":"pronunciation"},{"start_time":"14.73","end_time":"15.6","alternatives":[{"confidence":"0.9369666666666667","content":"되신다고요"}],"type":"pronunciation"},{"alternatives":[{"confidence":"0.0","content":"?"}],"type":"punctuation"},{"start_time":"28.31","end_time":"28.89","alternatives":[{"confidence":"0.9719","content":"담당자분"}],"type":"pronunciation"},{"start_time":"28.89","end_time":"29.17","alternatives":[{"confidence":"0.9947","content":"성함이"}],"type":"pronunciation"},{"start_time":"29.17","end_time":"29.39","alternatives":[{"confidence":"1.0","content":"어떻게"}],"type":"pronunciation"},{"start_time":"29.39","end_time":"29.98","alternatives":[{"confidence":"1.0","content":"되세요"}],"type":"pronunciation"},{"alternatives":[{"confidence":"0.0","content":"?"}],"type":"punctuation"},{"start_time":"31.02","end_time":"31.16","alternatives":[{"confidence":"0.6541","content":"라고"}],"type":"pronunciation"},{"start_time":"31.16","end_time":"31.51","alternatives":[{"confidence":"0.8526","content":"하는데"}],"type":"pronunciation"},{"start_time":"41.6","end_time":"42.49","alternatives":[{"confidence":"1.0","content":"잠시만요"}],"type":"pronunciation"},{"alternatives":[{"confidence":"0.0","content":","}],"type":"punctuation"},{"start_time":"52.34","end_time":"52.72","alternatives":[{"confidence":"0.999","content":"어떤"}],"type":"pronunciation"},{"start_time":"52.72","end_time":"52.93","alternatives":[{"confidence":"0.9641","content":"부분"}],"type":"pronunciation"},{"start_time":"52.93","end_time":"53.2","alternatives":[{"confidence":"0.9999","content":"때문에"}],"type":"pronunciation"},{"start_time":"53.2","end_time":"54.24","alternatives":[{"confidence":"0.9284","content":"그러시는거에요"}],"type":"pronunciation"},{"alternatives":[{"confidence":"0.0","content":"?"}],"type":"punctuation"},{"start_time":"54.71","end_time":"55.22","alternatives":[{"confidence":"0.97995","content":"입금했는데"}],"type":"pronunciation"},{"start_time":"55.22","end_time":"55.47","alternatives":[{"confidence":"0.3701","content":"거기에"}],"type":"pronunciation"},{"start_time":"57.69","end_time":"58.4","alternatives":[{"confidence":"0.99625","content":"맞으세요"}],"type":"pronunciation"},{"start_time":"59.4","end_time":"59.67","alternatives":[{"confidence":"0.5663","content":"근데"}],"type":"pronunciation"},{"start_time":"59.67","end_time":"59.93","alternatives":[{"confidence":"0.995","content":"입금을"}],"type":"pronunciation"},{"start_time":"59.93","end_time":"60.3","alternatives":[{"confidence":"1.0","content":"했는데"}],"type":"pronunciation"},{"start_time":"60.3","end_time":"60.83","alternatives":[{"confidence":"0.9799","content":"제가"}],"type":"pronunciation"},{"start_time":"63.15","end_time":"63.86","alternatives":[{"confidence":"0.67185","content":"상환일부"}],"type":"pronunciation"},{"start_time":"63.86","end_time":"64.16","alternatives":[{"confidence":"0.6499","content":"상환을"}],"type":"pronunciation"},{"start_time":"64.16","end_time":"64.52","alternatives":[{"confidence":"1.0","content":"했거든요"}],"type":"pronunciation"},{"start_time":"64.61","end_time":"65.26","alternatives":[{"confidence":"0.14585","content":"확인해주세요"}],"type":"pronunciation"},{"start_time":"65.83","end_time":"66.35","alternatives":[{"confidence":"0.7515000000000001","content":"상환처리가"}],"type":"pronunciation"},{"start_time":"66.35","end_time":"66.81","alternatives":[{"confidence":"0.9642999999999999","content":"되셨는지"}],"type":"pronunciation"},{"start_time":"66.81","end_time":"67.19","alternatives":[{"confidence":"0.9939","content":"확인하고"}],"type":"pronunciation"},{"start_time":"67.19","end_time":"67.53","alternatives":[{"confidence":"0.8739","content":"싶다는"}],"type":"pronunciation"},{"start_time":"67.53","end_time":"68.1","alternatives":[{"confidence":"0.7184","content":"거죠"}],"type":"pronunciation"},{"start_time":"68.92","end_time":"69.78","alternatives":[{"confidence":"1.0","content":"잠시만요"}],"type":"pronunciation"},{"start_time":"70.88","end_time":"71.34","alternatives":[{"confidence":"0.49429999999999996","content":"거기는"}],"type":"pronunciation"},{"start_time":"71.34","end_time":"71.64","alternatives":[{"confidence":"0.7737","content":"사람이"}],"type":"pronunciation"},{"start_time":"71.64","end_time":"71.87","alternatives":[{"confidence":"0.9998","content":"어떻게"}],"type":"pronunciation"},{"start_time":"71.87","end_time":"72.85","alternatives":[{"confidence":"0.9710333333333333","content":"되신다고요"}],"type":"pronunciation"},{"alternatives":[{"confidence":"0.0","content":"?"}],"type":"punctuation"},{"start_time":"74.41","end_time":"75.15","alternatives":[{"confidence":"0.5284","content":"생년월일앞의"}],"type":"pronunciation"},{"start_time":"75.15","end_time":"75.37","alternatives":[{"confidence":"0.7009","content":"여섯"}],"type":"pronunciation"},{"start_time":"75.37","end_time":"75.55","alternatives":[{"confidence":"0.8535","content":"차례"}],"type":"pronunciation"},{"start_time":"75.55","end_time":"75.68","alternatives":[{"confidence":"0.5504","content":"하게"}],"type":"pronunciation"},{"start_time":"75.68","end_time":"76.66","alternatives":[{"confidence":"0.9181","content":"부탁드릴게요"}],"type":"pronunciation"},{"alternatives":[{"confidence":"0.0","content":"."}],"type":"punctuation"},{"start_time":"79.53","end_time":"79.87","alternatives":[{"confidence":"0.966","content":"네"}],"type":"pronunciation"},{"alternatives":[{"confidence":"0.0","content":"."}],"type":"punctuation"},{"start_time":"79.9","end_time":"80.66","alternatives":[{"confidence":"0.998","content":"잠시만요"}],"type":"pronunciation"},{"start_time":"85.4","end_time":"85.91","alternatives":[{"confidence":"0.60385","content":"되시는데"}],"type":"pronunciation"},{"start_time":"85.91","end_time":"86.09","alternatives":[{"confidence":"0.7549","content":"그"}],"type":"pronunciation"},{"start_time":"86.09","end_time":"86.76","alternatives":[{"confidence":"0.5979333333333333","content":"상황금액에"}],"type":"pronunciation"},{"start_time":"86.76","end_time":"87.06","alternatives":[{"confidence":"0.9854","content":"있어서"}],"type":"pronunciation"},{"start_time":"87.06","end_time":"87.4","alternatives":[{"confidence":"1.0","content":"전액"}],"type":"pronunciation"},{"start_time":"87.4","end_time":"87.75","alternatives":[{"confidence":"0.97245","content":"상환을"}],"type":"pronunciation"},{"start_time":"87.75","end_time":"88.06","alternatives":[{"confidence":"0.7616","content":"해주신"}],"type":"pronunciation"},{"start_time":"88.06","end_time":"88.14","alternatives":[{"confidence":"0.9959","content":"게"}],"type":"pronunciation"},{"start_time":"88.14","end_time":"88.95","alternatives":[{"confidence":"0.9962500000000001","content":"아니시네요"}],"type":"pronunciation"},{"alternatives":[{"confidence":"0.0","content":"?"}],"type":"punctuation"},{"start_time":"91.18","end_time":"91.42","alternatives":[{"confidence":"0.4079","content":"네"}],"type":"pronunciation"},{"alternatives":[{"confidence":"0.0","content":","}],"type":"punctuation"},{"start_time":"91.42","end_time":"91.86","alternatives":[{"confidence":"0.7185","content":"백팔십"}],"type":"pronunciation"},{"start_time":"91.86","end_time":"92.56","alternatives":[{"confidence":"0.4296","content":"만원상황받아"}],"type":"pronunciation"},{"start_time":"92.56","end_time":"92.78","alternatives":[{"confidence":"0.6978","content":"보신"}],"type":"pronunciation"},{"start_time":"92.78","end_time":"92.88","alternatives":[{"confidence":"0.0108","content":"건"}],"type":"pronunciation"},{"start_time":"92.88","end_time":"93.71","alternatives":[{"confidence":"0.42263333333333336","content":"확인되시고요"}],"type":"pronunciation"},{"start_time":"93.95","end_time":"94.13","alternatives":[{"confidence":"0.04","content":"아마"}],"type":"pronunciation"},{"start_time":"94.13","end_time":"95.16","alternatives":[{"confidence":"0.6969333333333333","content":"있으신방송부분에"}],"type":"pronunciation"},{"start_time":"95.16","end_time":"95.63","alternatives":[{"confidence":"1.0","content":"있어서는"}],"type":"pronunciation"},{"start_time":"96.25","end_time":"96.34","alternatives":[{"confidence":"0.001","content":"안"}],"type":"pronunciation"},{"start_time":"96.34","end_time":"96.57","alternatives":[{"confidence":"0.0437","content":"처리"}],"type":"pronunciation"},{"start_time":"96.57","end_time":"96.85","alternatives":[{"confidence":"0.0634","content":"되신"}],"type":"pronunciation"},{"start_time":"97.21","end_time":"97.62","alternatives":[{"confidence":"0.003","content":"있습니다"}],"type":"pronunciation"},{"start_time":"99.66","end_time":"100.09","alternatives":[{"confidence":"0.1425","content":"나서"}],"type":"pronunciation"},{"start_time":"100.09","end_time":"100.27","alternatives":[{"confidence":"0.0612","content":"그"}],"type":"pronunciation"},{"start_time":"101.39","end_time":"101.72","alternatives":[{"confidence":"0.0097","content":"합니다"}],"type":"pronunciation"},{"start_time":"102.04","end_time":"103.54","alternatives":[{"confidence":"0.22505","content":"강하라"}],"type":"pronunciation"},{"start_time":"103.54","end_time":"104.41","alternatives":[{"confidence":"0.7977000000000001","content":"그러더라고요"}],"type":"pronunciation"},{"start_time":"105.21","end_time":"105.57","alternatives":[{"confidence":"0.8238","content":"만나요"}],"type":"pronunciation"},{"start_time":"107.16","end_time":"107.73","alternatives":[{"confidence":"0.9870666666666666","content":"강승규"}],"type":"pronunciation"},{"start_time":"107.73","end_time":"108.45","alternatives":[{"confidence":"0.9991","content":"담당자를"}],"type":"pronunciation"},{"start_time":"108.45","end_time":"108.68","alternatives":[{"confidence":"0.581","content":"받아"}],"type":"pronunciation"},{"start_time":"108.68","end_time":"108.91","alternatives":[{"confidence":"0.9844","content":"보신"}],"type":"pronunciation"},{"start_time":"108.91","end_time":"109.02","alternatives":[{"confidence":"0.9921","content":"것"}],"type":"pronunciation"},{"start_time":"109.02","end_time":"109.76","alternatives":[{"confidence":"0.8389333333333333","content":"같으시고요"}],"type":"pronunciation"},{"start_time":"110.31","end_time":"110.51","alternatives":[{"confidence":"0.9783","content":"지금"}],"type":"pronunciation"},{"start_time":"110.51","end_time":"110.95","alternatives":[{"confidence":"0.9638333333333332","content":"강승규"}],"type":"pronunciation"},{"start_time":"110.95","end_time":"112.48","alternatives":[{"confidence":"0.7636000000000001","content":"담당자상담중이신데"}],"type":"pronunciation"},{"start_time":"113.63","end_time":"113.82","alternatives":[{"confidence":"0.683","content":"네"}],"type":"pronunciation"},{"alternatives":[{"confidence":"0.0","content":"."}],"type":"punctuation"},{"start_time":"113.82","end_time":"114.52","alternatives":[{"confidence":"1.0","content":"잠시만요"}],"type":"pronunciation"},{"start_time":"114.55","end_time":"114.67","alternatives":[{"confidence":"0.3473","content":"네"}],"type":"pronunciation"},{"start_time":"114.67","end_time":"115.15","alternatives":[{"confidence":"0.9323","content":"맞으세요"}],"type":"pronunciation"},{"start_time":"115.15","end_time":"115.57","alternatives":[{"confidence":"0.9704","content":"그니까"}],"type":"pronunciation"},{"start_time":"115.99","end_time":"116.3","alternatives":[{"confidence":"0.4628","content":"상담"}],"type":"pronunciation"},{"start_time":"116.3","end_time":"116.47","alternatives":[{"confidence":"0.2763","content":"중"}],"type":"pronunciation"},{"start_time":"116.47","end_time":"117.07","alternatives":[{"confidence":"0.7492","content":"이신데요"}],"type":"pronunciation"},{"start_time":"117.37","end_time":"117.48","alternatives":[{"confidence":"0.1084","content":"그"}],"type":"pronunciation"},{"start_time":"117.48","end_time":"118.25","alternatives":[{"confidence":"0.6296666666666667","content":"상담끝나시는"}],"type":"pronunciation"},{"start_time":"118.25","end_time":"118.43","alternatives":[{"confidence":"0.8623","content":"대로"}],"type":"pronunciation"},{"start_time":"118.43","end_time":"118.61","alternatives":[{"confidence":"0.7134","content":"전화"}],"type":"pronunciation"},{"start_time":"118.61","end_time":"118.84","alternatives":[{"confidence":"0.9846","content":"받을"}],"type":"pronunciation"},{"start_time":"118.84","end_time":"118.93","alternatives":[{"confidence":"1.0","content":"수"}],"type":"pronunciation"},{"start_time":"118.93","end_time":"119.18","alternatives":[{"confidence":"1.0","content":"있도록"}],"type":"pronunciation"},{"start_time":"119.53","end_time":"120.2","alternatives":[{"confidence":"0.8315666666666667","content":"해드리겠고요"}],"type":"pronunciation"},{"start_time":"120.23","end_time":"120.33","alternatives":[{"confidence":"0.7649","content":"그"}],"type":"pronunciation"},{"start_time":"120.33","end_time":"120.49","alternatives":[{"confidence":"0.9764","content":"다음에"}],"type":"pronunciation"},{"start_time":"120.71","end_time":"121.03","alternatives":[{"confidence":"0.9999","content":"부분에"}],"type":"pronunciation"},{"start_time":"121.03","end_time":"121.75","alternatives":[{"confidence":"1.0","content":"있어서는"}],"type":"pronunciation"},{"start_time":"122.02","end_time":"122.13","alternatives":[{"confidence":"0.3437","content":"그"}],"type":"pronunciation"},{"start_time":"122.13","end_time":"122.62","alternatives":[{"confidence":"0.8303","content":"입금하신"}],"type":"pronunciation"},{"start_time":"122.62","end_time":"122.72","alternatives":[{"confidence":"0.3705","content":"것"}],"type":"pronunciation"},{"start_time":"122.72","end_time":"123.04","alternatives":[{"confidence":"0.5107","content":"정상"}],"type":"pronunciation"},{"start_time":"123.04","end_time":"123.88","alternatives":[{"confidence":"0.8163999999999999","content":"처리되시고요"}],"type":"pronunciation"},{"start_time":"123.91","end_time":"124.01","alternatives":[{"confidence":"0.7478","content":"그"}],"type":"pronunciation"},{"start_time":"124.01","end_time":"124.17","alternatives":[{"confidence":"0.9997","content":"다음에"}],"type":"pronunciation"},{"start_time":"124.17","end_time":"124.49","alternatives":[{"confidence":"0.6402","content":"남아"}],"type":"pronunciation"},{"start_time":"124.49","end_time":"125.69","alternatives":[{"confidence":"0.7682666666666668","content":"있으신금액부분은"}],"type":"pronunciation"},{"start_time":"125.69","end_time":"126.56","alternatives":[{"confidence":"1.0","content":"잠시만요"}],"type":"pronunciation"},{"start_time":"129.58","end_time":"129.75","alternatives":[{"confidence":"0.9757","content":"그"}],"type":"pronunciation"},{"start_time":"129.75","end_time":"130.27","alternatives":[{"confidence":"0.9222","content":"부분으로는"}],"type":"pronunciation"},{"start_time":"130.27","end_time":"130.43","alternatives":[{"confidence":"0.999","content":"이제"}],"type":"pronunciation"},{"start_time":"130.43","end_time":"130.97","alternatives":[{"confidence":"0.5017666666666667","content":"고객이체"}],"type":"pronunciation"},{"start_time":"130.97","end_time":"131.24","alternatives":[{"confidence":"0.9932","content":"처리가"}],"type":"pronunciation"},{"start_time":"131.24","end_time":"131.94","alternatives":[{"confidence":"0.9802","content":"불편하시라고"}],"type":"pronunciation"},{"start_time":"131.94","end_time":"132.8","alternatives":[{"confidence":"0.8630666666666666","content":"하셔가지고"}],"type":"pronunciation"},{"start_time":"133.14","end_time":"133.51","alternatives":[{"confidence":"0.92265","content":"내일로"}],"type":"pronunciation"},{"start_time":"133.51","end_time":"133.59","alternatives":[{"confidence":"0.3762","content":"이"}],"type":"pronunciation"},{"start_time":"133.59","end_time":"133.92","alternatives":[{"confidence":"0.6699","content":"관철이"}],"type":"pronunciation"},{"start_time":"133.92","end_time":"134.16","alternatives":[{"confidence":"0.9464","content":"되신"}],"type":"pronunciation"},{"start_time":"134.16","end_time":"134.33","alternatives":[{"confidence":"0.9909","content":"걸로"}],"type":"pronunciation"},{"start_time":"134.33","end_time":"134.62","alternatives":[{"confidence":"0.9988","content":"확인이"}],"type":"pronunciation"},{"start_time":"134.62","end_time":"135.21","alternatives":[{"confidence":"0.99595","content":"되십니다"}],"type":"pronunciation"},{"start_time":"135.21","end_time":"135.48","alternatives":[{"confidence":"0.9993","content":"그래서"}],"type":"pronunciation"},{"start_time":"135.48","end_time":"135.74","alternatives":[{"confidence":"0.9114","content":"내일"}],"type":"pronunciation"},{"start_time":"135.74","end_time":"135.98","alternatives":[{"confidence":"0.5998","content":"사건"}],"type":"pronunciation"},{"start_time":"135.98","end_time":"136.21","alternatives":[{"confidence":"0.5498","content":"처리"}],"type":"pronunciation"},{"start_time":"136.21","end_time":"136.43","alternatives":[{"confidence":"0.4538","content":"시면"}],"type":"pronunciation"},{"start_time":"136.43","end_time":"136.75","alternatives":[{"confidence":"0.5892","content":"정상"}],"type":"pronunciation"},{"start_time":"136.75","end_time":"136.95","alternatives":[{"confidence":"0.4682","content":"처리"}],"type":"pronunciation"},{"start_time":"136.95","end_time":"137.22","alternatives":[{"confidence":"0.8792","content":"되실"}],"type":"pronunciation"},{"start_time":"137.22","end_time":"137.59","alternatives":[{"confidence":"1.0","content":"거고"}],"type":"pronunciation"},{"start_time":"137.87","end_time":"137.96","alternatives":[{"confidence":"0.8152","content":"그"}],"type":"pronunciation"},{"start_time":"137.96","end_time":"138.41","alternatives":[{"confidence":"0.9999","content":"다음에"}],"type":"pronunciation"},{"start_time":"138.76","end_time":"139.33","alternatives":[{"confidence":"1.0","content":"전산기록"}],"type":"pronunciation"},{"start_time":"139.33","end_time":"139.56","alternatives":[{"confidence":"0.9983","content":"삭제"}],"type":"pronunciation"},{"start_time":"139.56","end_time":"140.03","alternatives":[{"confidence":"0.7421","content":"요청하신"}],"type":"pronunciation"},{"start_time":"140.03","end_time":"140.33","alternatives":[{"confidence":"0.9996","content":"부분도"}],"type":"pronunciation"},{"start_time":"140.33","end_time":"140.57","alternatives":[{"confidence":"0.9013","content":"내일"}],"type":"pronunciation"},{"start_time":"140.57","end_time":"140.93","alternatives":[{"confidence":"0.9704","content":"부분으로"}],"type":"pronunciation"},{"start_time":"140.93","end_time":"141.13","alternatives":[{"confidence":"0.488","content":"처리"}],"type":"pronunciation"},{"start_time":"141.13","end_time":"141.38","alternatives":[{"confidence":"0.91205","content":"되실"}],"type":"pronunciation"},{"start_time":"141.38","end_time":"141.58","alternatives":[{"confidence":"0.9926","content":"걸로"}],"type":"pronunciation"},{"start_time":"141.58","end_time":"141.94","alternatives":[{"confidence":"0.47645","content":"확인될"}],"type":"pronunciation"},{"start_time":"141.97","end_time":"142.04","alternatives":[{"confidence":"1.0E-4","content":"거"}],"type":"pronunciation"},{"start_time":"142.95","end_time":"143.24","alternatives":[{"confidence":"0.0312","content":"맞죠"}],"type":"pronunciation"},{"alternatives":[{"confidence":"0.0","content":"?"}],"type":"punctuation"},{"start_time":"144.38","end_time":"145.01","alternatives":[{"confidence":"0.70185","content":"맞으세요"}],"type":"pronunciation"},{"start_time":"146.81","end_time":"147.23","alternatives":[{"confidence":"0.0493","content":"나서"}],"type":"pronunciation"},{"start_time":"147.78","end_time":"148.14","alternatives":[{"confidence":"0.9006000000000001","content":"그러신"}],"type":"pronunciation"},{"start_time":"148.14","end_time":"148.53","alternatives":[{"confidence":"0.89525","content":"거고요"}],"type":"pronunciation"},{"start_time":"148.79","end_time":"148.97","alternatives":[{"confidence":"0.0627","content":"근데"}],"type":"pronunciation"},{"start_time":"149.66","end_time":"149.95","alternatives":[{"confidence":"0.8986","content":"저희"}],"type":"pronunciation"},{"start_time":"149.95","end_time":"150.24","alternatives":[{"confidence":"0.9896","content":"쪽에"}],"type":"pronunciation"},{"start_time":"150.24","end_time":"150.62","alternatives":[{"confidence":"0.6353","content":"직접"}],"type":"pronunciation"},{"start_time":"150.82","end_time":"151.11","alternatives":[{"confidence":"0.1532","content":"님께서"}],"type":"pronunciation"},{"start_time":"151.11","end_time":"151.71","alternatives":[{"confidence":"0.98475","content":"접수해주신"}],"type":"pronunciation"},{"start_time":"151.71","end_time":"151.92","alternatives":[{"confidence":"0.9981","content":"걸로"}],"type":"pronunciation"},{"start_time":"151.92","end_time":"152.19","alternatives":[{"confidence":"0.9977","content":"확인이"}],"type":"pronunciation"},{"start_time":"152.19","end_time":"153.11","alternatives":[{"confidence":"0.9955","content":"되시는데"}],"type":"pronunciation"},{"start_time":"153.36","end_time":"154.09","alternatives":[{"confidence":"0.24687499999999998","content":"보이스피싱을"}],"type":"pronunciation"},{"start_time":"154.09","end_time":"154.69","alternatives":[{"confidence":"0.9914333333333333","content":"당하셨다는"}],"type":"pronunciation"},{"start_time":"154.69","end_time":"155.05","alternatives":[{"confidence":"0.67","content":"말씀을"}],"type":"pronunciation"},{"start_time":"155.17","end_time":"155.54","alternatives":[{"confidence":"0.9645","content":"따로"}],"type":"pronunciation"},{"start_time":"155.54","end_time":"155.79","alternatives":[{"confidence":"0.9433","content":"어떤"}],"type":"pronunciation"},{"start_time":"155.79","end_time":"156.03","alternatives":[{"confidence":"0.95655","content":"분에게"}],"type":"pronunciation"},{"start_time":"156.03","end_time":"156.38","alternatives":[{"confidence":"0.99875","content":"안내를"}],"type":"pronunciation"},{"start_time":"156.38","end_time":"156.62","alternatives":[{"confidence":"0.9967","content":"받아"}],"type":"pronunciation"},{"start_time":"156.62","end_time":"156.9","alternatives":[{"confidence":"1.0","content":"주셔서"}],"type":"pronunciation"},{"start_time":"156.9","end_time":"157.24","alternatives":[{"confidence":"0.9838","content":"진행을"}],"type":"pronunciation"},{"start_time":"157.24","end_time":"157.4","alternatives":[{"confidence":"0.9853","content":"하고"}],"type":"pronunciation"},{"start_time":"157.4","end_time":"157.84","alternatives":[{"confidence":"0.9963","content":"계신다는"}],"type":"pronunciation"},{"start_time":"157.84","end_time":"158.52","alternatives":[{"confidence":"0.96835","content":"말씀이세요"}],"type":"pronunciation"},{"alternatives":[{"confidence":"0.0","content":"?"}],"type":"punctuation"},{"start_time":"159.37","end_time":"159.63","alternatives":[{"confidence":"0.3632","content":"상당히"}],"type":"pronunciation"},{"start_time":"159.63","end_time":"160.0","alternatives":[{"confidence":"0.8725","content":"돌아가는"}],"type":"pronunciation"},{"start_time":"160.8","end_time":"161.19","alternatives":[{"confidence":"0.7212","content":"나왔다고"}],"type":"pronunciation"},{"start_time":"162.99","end_time":"163.61","alternatives":[{"confidence":"0.9749","content":"많다고"}],"type":"pronunciation"},{"start_time":"165.23","end_time":"165.57","alternatives":[{"confidence":"0.3181","content":"그렇죠"}],"type":"pronunciation"},{"alternatives":[{"confidence":"0.0","content":"?"}],"type":"punctuation"},{"start_time":"167.04","end_time":"167.16","alternatives":[{"confidence":"0.2545","content":"라고"}],"type":"pronunciation"},{"start_time":"167.16","end_time":"167.69","alternatives":[{"confidence":"0.78965","content":"그러더라고요"}],"type":"pronunciation"},{"start_time":"167.72","end_time":"167.88","alternatives":[{"confidence":"0.3089","content":"네"}],"type":"pronunciation"},{"alternatives":[{"confidence":"0.0","content":","}],"type":"punctuation"},{"start_time":"167.88","end_time":"168.3","alternatives":[{"confidence":"0.88045","content":"그러시죠"}],"type":"pronunciation"},{"start_time":"168.3","end_time":"168.66","alternatives":[{"confidence":"1.0","content":"당연히"}],"type":"pronunciation"},{"start_time":"169.26","end_time":"169.63","alternatives":[{"confidence":"0.7008","content":"개인"}],"type":"pronunciation"},{"start_time":"169.63","end_time":"170.01","alternatives":[{"confidence":"0.8262499999999999","content":"입금으로"}],"type":"pronunciation"},{"start_time":"170.21","end_time":"170.75","alternatives":[{"confidence":"0.5923666666666666","content":"처리주시면은"}],"type":"pronunciation"},{"start_time":"170.75","end_time":"171.13","alternatives":[{"confidence":"1.0","content":"당연히"}],"type":"pronunciation"},{"start_time":"171.13","end_time":"171.23","alternatives":[{"confidence":"0.9909","content":"안"}],"type":"pronunciation"},{"start_time":"171.23","end_time":"171.57","alternatives":[{"confidence":"0.9912000000000001","content":"되시는"}],"type":"pronunciation"},{"start_time":"171.57","end_time":"172.04","alternatives":[{"confidence":"0.9721","content":"거고요"}],"type":"pronunciation"},{"start_time":"172.67","end_time":"172.85","alternatives":[{"confidence":"0.3399","content":"처리"}],"type":"pronunciation"},{"start_time":"172.85","end_time":"173.1","alternatives":[{"confidence":"1.0","content":"같은"}],"type":"pronunciation"},{"start_time":"173.1","end_time":"173.68","alternatives":[{"confidence":"1.0","content":"경우에는"}],"type":"pronunciation"},{"start_time":"173.68","end_time":"173.83","alternatives":[{"confidence":"0.998","content":"이제"}],"type":"pronunciation"},{"start_time":"173.84","end_time":"174.09","alternatives":[{"confidence":"0.7112","content":"대북"}],"type":"pronunciation"},{"start_time":"174.28","end_time":"174.65","alternatives":[{"confidence":"0.33615","content":"자리라고"}],"type":"pronunciation"},{"start_time":"174.65","end_time":"174.86","alternatives":[{"confidence":"0.4247","content":"확인"}],"type":"pronunciation"},{"start_time":"174.86","end_time":"175.1","alternatives":[{"confidence":"0.3545","content":"처리가"}],"type":"pronunciation"},{"start_time":"175.1","end_time":"175.62","alternatives":[{"confidence":"0.6950000000000001","content":"되시거나"}],"type":"pronunciation"},{"start_time":"175.62","end_time":"175.84","alternatives":[{"confidence":"1.0","content":"아니면"}],"type":"pronunciation"},{"start_time":"176.03","end_time":"176.31","alternatives":[{"confidence":"0.542","content":"님께서"}],"type":"pronunciation"},{"start_time":"176.31","end_time":"176.62","alternatives":[{"confidence":"0.536","content":"따르고"}],"type":"pronunciation"},{"start_time":"176.62","end_time":"177.22","alternatives":[{"confidence":"0.9934000000000001","content":"고객님같은"}],"type":"pronunciation"},{"start_time":"177.22","end_time":"177.55","alternatives":[{"confidence":"0.5593","content":"경우는"}],"type":"pronunciation"},{"start_time":"177.55","end_time":"177.73","alternatives":[{"confidence":"0.9944","content":"조금"}],"type":"pronunciation"},{"start_time":"177.73","end_time":"178.11","alternatives":[{"confidence":"1.0","content":"특별한"}],"type":"pronunciation"},{"start_time":"178.11","end_time":"178.22","alternatives":[{"confidence":"0.1116","content":"게"}],"type":"pronunciation"},{"start_time":"178.22","end_time":"178.85","alternatives":[{"confidence":"0.4849","content":"있으세요"}],"type":"pronunciation"},{"alternatives":[{"confidence":"0.0","content":"."}],"type":"punctuation"},{"start_time":"179.35","end_time":"179.64","alternatives":[{"confidence":"0.7817","content":"님께서"}],"type":"pronunciation"},{"start_time":"179.64","end_time":"180.29","alternatives":[{"confidence":"0.9897","content":"인터넷에서"}],"type":"pronunciation"},{"start_time":"180.29","end_time":"181.42","alternatives":[{"confidence":"0.8543000000000001","content":"대출계약철회를"}],"type":"pronunciation"},{"start_time":"181.42","end_time":"181.76","alternatives":[{"confidence":"0.5225","content":"요청을"}],"type":"pronunciation"},{"start_time":"181.76","end_time":"182.63","alternatives":[{"confidence":"0.2974","content":"해주셨는데"}],"type":"pronunciation"},{"start_time":"182.81","end_time":"183.91","alternatives":[{"confidence":"0.349175","content":"대출계약철회같은"}],"type":"pronunciation"},{"start_time":"183.91","end_time":"184.1","alternatives":[{"confidence":"0.8159","content":"경우"}],"type":"pronunciation"},{"start_time":"184.1","end_time":"184.73","alternatives":[{"confidence":"0.5316500000000001","content":"담당자분이"}],"type":"pronunciation"},{"start_time":"184.73","end_time":"185.02","alternatives":[{"confidence":"0.1324","content":"배정"}],"type":"pronunciation"},{"start_time":"186.88","end_time":"187.52","alternatives":[{"confidence":"0.40885","content":"고객님이"}],"type":"pronunciation"},{"start_time":"187.52","end_time":"187.94","alternatives":[{"confidence":"0.9995","content":"계좌를"}],"type":"pronunciation"},{"start_time":"187.94","end_time":"188.47","alternatives":[{"confidence":"0.6099","content":"고객님께서"}],"type":"pronunciation"},{"start_time":"188.47","end_time":"188.85","alternatives":[{"confidence":"1.0","content":"특별히"}],"type":"pronunciation"},{"start_time":"188.85","end_time":"189.07","alternatives":[{"confidence":"0.9987","content":"따로"}],"type":"pronunciation"},{"start_time":"189.07","end_time":"189.41","alternatives":[{"confidence":"0.9683","content":"요청을"}],"type":"pronunciation"},{"start_time":"189.41","end_time":"189.69","alternatives":[{"confidence":"0.604","content":"해주신"}],"type":"pronunciation"},{"start_time":"189.69","end_time":"189.87","alternatives":[{"confidence":"0.9978","content":"걸로"}],"type":"pronunciation"},{"start_time":"189.87","end_time":"190.16","alternatives":[{"confidence":"0.9923500000000001","content":"확인이"}],"type":"pronunciation"},{"start_time":"190.16","end_time":"191.14","alternatives":[{"confidence":"0.8298","content":"됐는데요"}],"type":"pronunciation"},{"alternatives":[{"confidence":"0.0","content":"."}],"type":"punctuation"},{"start_time":"192.48","end_time":"193.04","alternatives":[{"confidence":"0.55225","content":"동의해주신"}],"type":"pronunciation"},{"start_time":"193.04","end_time":"193.22","alternatives":[{"confidence":"0.9963","content":"걸로"}],"type":"pronunciation"},{"start_time":"193.22","end_time":"193.73","alternatives":[{"confidence":"0.9114","content":"나오시는데"}],"type":"pronunciation"},{"start_time":"193.73","end_time":"194.05","alternatives":[{"confidence":"0.9464","content":"직접"}],"type":"pronunciation"},{"start_time":"194.05","end_time":"194.4","alternatives":[{"confidence":"0.8443","content":"해주신"}],"type":"pronunciation"},{"start_time":"194.4","end_time":"194.52","alternatives":[{"confidence":"0.5629","content":"게"}],"type":"pronunciation"},{"start_time":"194.66","end_time":"195.04","alternatives":[{"confidence":"1.0","content":"접수를"}],"type":"pronunciation"},{"start_time":"195.04","end_time":"195.3","alternatives":[{"confidence":"0.9653","content":"직접"}],"type":"pronunciation"},{"start_time":"195.3","end_time":"195.52","alternatives":[{"confidence":"0.7361","content":"하신"}],"type":"pronunciation"},{"start_time":"195.52","end_time":"195.61","alternatives":[{"confidence":"0.9507","content":"게"}],"type":"pronunciation"},{"start_time":"195.61","end_time":"196.15","alternatives":[{"confidence":"0.8906","content":"아니에요"}],"type":"pronunciation"},{"alternatives":[{"confidence":"0.0","content":"."}],"type":"punctuation"},{"start_time":"200.4","end_time":"200.88","alternatives":[{"confidence":"0.8726","content":"그러니까"}],"type":"pronunciation"},{"start_time":"200.97","end_time":"201.45","alternatives":[{"confidence":"0.86895","content":"접수를"}],"type":"pronunciation"},{"start_time":"201.54","end_time":"202.26","alternatives":[{"confidence":"0.6823000000000001","content":"고객님께서"}],"type":"pronunciation"},{"start_time":"202.26","end_time":"202.62","alternatives":[{"confidence":"0.9941","content":"직접"}],"type":"pronunciation"},{"start_time":"202.62","end_time":"203.16","alternatives":[{"confidence":"0.9531499999999999","content":"접수해주신"}],"type":"pronunciation"},{"start_time":"203.16","end_time":"203.24","alternatives":[{"confidence":"0.7969","content":"거"}],"type":"pronunciation"},{"start_time":"203.24","end_time":"203.98","alternatives":[{"confidence":"0.7199666666666666","content":"아니시더라고요"}],"type":"pronunciation"},{"alternatives":[{"confidence":"0.0","content":"?"}],"type":"punctuation"},{"start_time":"205.68","end_time":"205.86","alternatives":[{"confidence":"0.9362","content":"네"}],"type":"pronunciation"},{"alternatives":[{"confidence":"0.0","content":"."}],"type":"punctuation"},{"start_time":"205.86","end_time":"206.43","alternatives":[{"confidence":"0.9784333333333333","content":"맞으시죠"}],"type":"pronunciation"},{"start_time":"206.75","end_time":"207.29","alternatives":[{"confidence":"0.78285","content":"그러시면은"}],"type":"pronunciation"},{"alternatives":[{"confidence":"0.0","content":"."}],"type":"punctuation"},{"start_time":"207.29","end_time":"207.63","alternatives":[{"confidence":"1.0","content":"당연히"}],"type":"pronunciation"},{"start_time":"207.63","end_time":"207.84","alternatives":[{"confidence":"0.8718","content":"저희"}],"type":"pronunciation"},{"start_time":"207.84","end_time":"208.16","alternatives":[{"confidence":"0.9949","content":"쪽에서"}],"type":"pronunciation"},{"start_time":"208.55","end_time":"208.92","alternatives":[{"confidence":"0.2435","content":"사람들이"}],"type":"pronunciation"},{"start_time":"208.92","end_time":"209.16","alternatives":[{"confidence":"0.8022","content":"되신"}],"type":"pronunciation"},{"start_time":"209.16","end_time":"209.34","alternatives":[{"confidence":"0.6141","content":"것은"}],"type":"pronunciation"},{"start_time":"209.34","end_time":"209.6","alternatives":[{"confidence":"1.0","content":"당연히"}],"type":"pronunciation"},{"start_time":"209.6","end_time":"210.07","alternatives":[{"confidence":"0.8620666666666666","content":"확인되실"}],"type":"pronunciation"},{"start_time":"210.07","end_time":"210.53","alternatives":[{"confidence":"1.0","content":"거죠"}],"type":"pronunciation"},{"alternatives":[{"confidence":"0.0","content":"."}],"type":"punctuation"},{"start_time":"211.27","end_time":"211.55","alternatives":[{"confidence":"0.0195","content":"제가"}],"type":"pronunciation"},{"start_time":"211.55","end_time":"211.8","alternatives":[{"confidence":"0.0017","content":"일정"}],"type":"pronunciation"},{"start_time":"212.96","end_time":"213.12","alternatives":[{"confidence":"0.0296","content":"등을"}],"type":"pronunciation"},{"start_time":"213.12","end_time":"213.71","alternatives":[{"confidence":"0.9793","content":"했거든요"}],"type":"pronunciation"},{"alternatives":[{"confidence":"0.0","content":"."}],"type":"punctuation"},{"start_time":"214.19","end_time":"214.54","alternatives":[{"confidence":"0.877","content":"개인"}],"type":"pronunciation"},{"start_time":"214.54","end_time":"215.06","alternatives":[{"confidence":"0.7158","content":"계좌부분"}],"type":"pronunciation"},{"start_time":"215.06","end_time":"215.61","alternatives":[{"confidence":"0.9626333333333333","content":"아니시고요"}],"type":"pronunciation"},{"start_time":"215.61","end_time":"216.66","alternatives":[{"confidence":"0.7337","content":"고객님받아"}],"type":"pronunciation"},{"start_time":"216.66","end_time":"216.93","alternatives":[{"confidence":"1.0","content":"보실"}],"type":"pronunciation"},{"start_time":"216.93","end_time":"217.01","alternatives":[{"confidence":"1.0","content":"수"}],"type":"pronunciation"},{"start_time":"217.01","end_time":"217.19","alternatives":[{"confidence":"0.9897","content":"있는"}],"type":"pronunciation"},{"start_time":"217.19","end_time":"219.06","alternatives":[{"confidence":"0.87392","content":"담당자가상계좌신거에요"}],"type":"pronunciation"},{"alternatives":[{"confidence":"0.0","content":"."}],"type":"punctuation"},{"start_time":"219.15","end_time":"219.4","alternatives":[{"confidence":"0.9634","content":"그래서"}],"type":"pronunciation"},{"start_time":"219.61","end_time":"220.18","alternatives":[{"confidence":"0.73805","content":"처리부분에"}],"type":"pronunciation"},{"start_time":"220.18","end_time":"220.55","alternatives":[{"confidence":"0.9982","content":"있어서는"}],"type":"pronunciation"},{"start_time":"220.55","end_time":"221.11","alternatives":[{"confidence":"1.0","content":"정상적으로"}],"type":"pronunciation"},{"start_time":"221.11","end_time":"221.79","alternatives":[{"confidence":"0.9608333333333333","content":"처리되셨으니까"}],"type":"pronunciation"},{"start_time":"221.79","end_time":"222.0","alternatives":[{"confidence":"0.9996","content":"너무"}],"type":"pronunciation"},{"start_time":"222.0","end_time":"222.37","alternatives":[{"confidence":"1.0","content":"염려하지"}],"type":"pronunciation"},{"start_time":"222.37","end_time":"222.73","alternatives":[{"confidence":"1.0","content":"않으셔도"}],"type":"pronunciation"},{"start_time":"222.73","end_time":"222.95","alternatives":[{"confidence":"0.98905","content":"되실"}],"type":"pronunciation"},{"start_time":"222.95","end_time":"223.08","alternatives":[{"confidence":"0.9925","content":"것"}],"type":"pronunciation"},{"start_time":"223.08","end_time":"223.65","alternatives":[{"confidence":"1.0","content":"같으세요"}],"type":"pronunciation"},{"alternatives":[{"confidence":"0.0","content":"?"}],"type":"punctuation"},{"start_time":"226.08","end_time":"226.38","alternatives":[{"confidence":"1.0","content":"그래서"}],"type":"pronunciation"},{"start_time":"226.38","end_time":"226.7","alternatives":[{"confidence":"0.9643","content":"그"}],"type":"pronunciation"},{"start_time":"226.71","end_time":"227.08","alternatives":[{"confidence":"0.3098","content":"국민이"}],"type":"pronunciation"},{"start_time":"227.08","end_time":"227.32","alternatives":[{"confidence":"0.518","content":"확인"}],"type":"pronunciation"},{"start_time":"227.32","end_time":"227.66","alternatives":[{"confidence":"0.981","content":"되시는"}],"type":"pronunciation"},{"start_time":"227.66","end_time":"228.01","alternatives":[{"confidence":"0.9732","content":"바로는"}],"type":"pronunciation"},{"start_time":"228.01","end_time":"228.52","alternatives":[{"confidence":"0.99975","content":"전산기록"}],"type":"pronunciation"},{"start_time":"228.52","end_time":"228.77","alternatives":[{"confidence":"0.9976","content":"삭제"}],"type":"pronunciation"},{"start_time":"228.77","end_time":"229.02","alternatives":[{"confidence":"1.0","content":"같은"}],"type":"pronunciation"},{"start_time":"229.02","end_time":"229.41","alternatives":[{"confidence":"0.9992","content":"경우에는"}],"type":"pronunciation"},{"start_time":"229.41","end_time":"229.57","alternatives":[{"confidence":"0.999","content":"이제"}],"type":"pronunciation"},{"start_time":"229.57","end_time":"229.86","alternatives":[{"confidence":"0.813","content":"매일"}],"type":"pronunciation"},{"start_time":"229.86","end_time":"230.41","alternatives":[{"confidence":"1.0","content":"정상적으로"}],"type":"pronunciation"},{"start_time":"230.41","end_time":"231.33","alternatives":[{"confidence":"0.9080666666666667","content":"처리되시니까요"}],"type":"pronunciation"},{"alternatives":[{"confidence":"0.0","content":"."}],"type":"punctuation"},{"start_time":"231.77","end_time":"232.15","alternatives":[{"confidence":"0.9728","content":"내일"}],"type":"pronunciation"},{"start_time":"232.18","end_time":"232.55","alternatives":[{"confidence":"0.964","content":"내일"}],"type":"pronunciation"},{"start_time":"232.55","end_time":"232.99","alternatives":[{"confidence":"0.9577","content":"되시면은"}],"type":"pronunciation"},{"start_time":"232.99","end_time":"233.24","alternatives":[{"confidence":"0.8658","content":"전부"}],"type":"pronunciation"},{"start_time":"233.24","end_time":"233.36","alternatives":[{"confidence":"0.9984","content":"다"}],"type":"pronunciation"},{"start_time":"233.36","end_time":"233.49","alternatives":[{"confidence":"0.9678","content":"다"}],"type":"pronunciation"},{"start_time":"233.49","end_time":"233.91","alternatives":[{"confidence":"0.5846","content":"확인처리"}],"type":"pronunciation"},{"start_time":"233.91","end_time":"234.35","alternatives":[{"confidence":"0.60155","content":"가능하실"}],"type":"pronunciation"},{"start_time":"234.35","end_time":"234.84","alternatives":[{"confidence":"0.9861","content":"거에요"}],"type":"pronunciation"},{"alternatives":[{"confidence":"0.0","content":"."}],"type":"punctuation"},{"start_time":"235.57","end_time":"235.81","alternatives":[{"confidence":"0.6367","content":"그래서"}],"type":"pronunciation"},{"start_time":"235.81","end_time":"236.03","alternatives":[{"confidence":"1.0","content":"일단"}],"type":"pronunciation"},{"start_time":"236.03","end_time":"236.25","alternatives":[{"confidence":"0.9999","content":"저한테"}],"type":"pronunciation"},{"start_time":"236.25","end_time":"236.34","alternatives":[{"confidence":"0.9682","content":"한"}],"type":"pronunciation"},{"start_time":"236.34","end_time":"236.45","alternatives":[{"confidence":"0.9682","content":"번"}],"type":"pronunciation"},{"start_time":"236.45","end_time":"237.29","alternatives":[{"confidence":"0.8659749999999999","content":"전화연락기만달라고"}],"type":"pronunciation"},{"start_time":"237.29","end_time":"237.71","alternatives":[{"confidence":"1.0","content":"하세요"}],"type":"pronunciation"},{"alternatives":[{"confidence":"0.0","content":"."}],"type":"punctuation"},{"start_time":"238.6","end_time":"238.85","alternatives":[{"confidence":"0.9838","content":"네"}],"type":"pronunciation"},{"alternatives":[{"confidence":"0.0","content":","}],"type":"punctuation"},{"start_time":"238.85","end_time":"239.49","alternatives":[{"confidence":"0.9991","content":"알겠습니다"}],"type":"pronunciation"},{"alternatives":[{"confidence":"0.0","content":"."}],"type":"punctuation"}]},"status":"COMPLETED"}