{"jobName":"transcribe_loan98","accountId":"097989105209","results":{"transcripts":[{"transcript":"그거를 이제 그쪽통합 채권관리 붙었죠 제가 열람할 수 있게끔 어제 사장님 전화 해주셔가지고 동의하신 부분 때문에 받아왔고요. 자 거기 다시 한번 공무한. 부분전산확인해가지고요 열람한 다음에 사람한테 알려 드리면은 처리만 하시면 기업도 납부증명서납부처리하신데요. 제가 받아서 등기우편으로 보내드리고 대출진행해드리면 되는 거죠. 제가 은행에 바로 너무 거든요. 그렇죠. 제가 아니고 은행하고 국민은행하고 각각 하시는 건 아니고요. 지금 어차피 양쪽으로 나눠줬어두운대로 번거롭게 연락통화나 납부처리하셔야 되잖아요. 그렇게 처리안하고 카드사들어가지고 삼성 현대 들통틀어서 그 채권관리하는 부서쪽에 어제 제가 공무원 사실 전화 통화하시게끔 드린 거였고 그쪽에 어떻게 제가 전사자금 해가지고 그쪽으로 납부한 번만 하시면 되게끔 처리 되셔서 번거로운 건 없어 돼요. 그냥 금액이 한번에 납부처리하시면 되고 없도록 일반 상환처리 안하셔도 되게끔 해드린 거고요. 일반 상황 처리하시게 되면은 사장님 부채상환한 내역있죠 기록 자체가 저희 쪽에 당일날 전산입력을. 제가 못해드려서 삼 개월 육 개월 있다가 구출진행이 가능하세요. 근데 그렇게 하시게끔 안 되기 위해서 해드린 거죠. 돈을 까지 제가. 근데 저는 바로 은행에 바로 넘어서고 싶은데 그것들이 일어나는 것보다는 은행이 바로 어차피 거기 채권관리 부서회계 담당 로 제가 열람해가지고 드리는 거고요. 그쪽에 납부처리하시게 되면은 제가 어차피 사장님이랑 카드사두 군데중간에 껴서 업무처리 대신 지원해드리는 거기 때문에 바로 그 납부상환증명서를 발급받을 수가 있고요. 제가 어쨌든 어제부터 사장님 원래 안 되시는 거를 좀 도움을 드린거고요. 지금은 죄송한 얘기인데 사장님이 쪽이나 아니시면은 뭐 일반 이점명 정도 그쪽에서 자금이 나올지 안 나올지도 모르거든요. 어쨌든 자금을 받으셔야 되고. 저금리로 저도 어쨌든 자금을 받아야 영업하는 입장이니까 최대한 도움이 되려고 저희 외삼촌으로까지 제가 지인설정 에서 올려드린 거라. 그래서 도움을 드리는 것도 아니시면 이렇게까지 바로 하고 말았죠. 저도 아니면 바로 대출을 요쪽에 우리가 제가 이제 국민바로 갖고 있고 그 다음에 진행해야 되겠다 싶어 그러면 그렇게 하셔도 되는데요. 그렇게 하시고 나서 삼 개월 있다가 저한테 연락주시거나 넉넉잡고. 한 육 개월 주시면 그때 대출 관행을 하세요. 한번 알아보고 다시 연락을 드릴게요. 예, 알겠습니다."}],"items":[{"start_time":"0.61","end_time":"1.16","alternatives":[{"confidence":"0.9976","content":"그거를"}],"type":"pronunciation"},{"start_time":"1.17","end_time":"1.38","alternatives":[{"confidence":"0.9976","content":"이제"}],"type":"pronunciation"},{"start_time":"1.41","end_time":"3.15","alternatives":[{"confidence":"0.5549","content":"그쪽통합"}],"type":"pronunciation"},{"start_time":"3.27","end_time":"3.7","alternatives":[{"confidence":"0.4427","content":"채권관리"}],"type":"pronunciation"},{"start_time":"3.7","end_time":"4.16","alternatives":[{"confidence":"0.08315","content":"붙었죠"}],"type":"pronunciation"},{"start_time":"4.86","end_time":"5.21","alternatives":[{"confidence":"0.9934","content":"제가"}],"type":"pronunciation"},{"start_time":"5.21","end_time":"5.66","alternatives":[{"confidence":"1.0","content":"열람할"}],"type":"pronunciation"},{"start_time":"5.66","end_time":"5.75","alternatives":[{"confidence":"1.0","content":"수"}],"type":"pronunciation"},{"start_time":"5.75","end_time":"6.11","alternatives":[{"confidence":"0.999","content":"있게끔"}],"type":"pronunciation"},{"start_time":"6.11","end_time":"6.36","alternatives":[{"confidence":"0.4146","content":"어제"}],"type":"pronunciation"},{"start_time":"6.36","end_time":"6.66","alternatives":[{"confidence":"0.8124","content":"사장님"}],"type":"pronunciation"},{"start_time":"6.66","end_time":"6.84","alternatives":[{"confidence":"0.6768","content":"전화"}],"type":"pronunciation"},{"start_time":"6.84","end_time":"7.32","alternatives":[{"confidence":"0.8580666666666666","content":"해주셔가지고"}],"type":"pronunciation"},{"start_time":"7.32","end_time":"7.75","alternatives":[{"confidence":"0.87905","content":"동의하신"}],"type":"pronunciation"},{"start_time":"7.75","end_time":"7.96","alternatives":[{"confidence":"0.9581","content":"부분"}],"type":"pronunciation"},{"start_time":"7.96","end_time":"8.5","alternatives":[{"confidence":"0.9913","content":"때문에"}],"type":"pronunciation"},{"start_time":"9.28","end_time":"10.06","alternatives":[{"confidence":"0.8706333333333333","content":"받아왔고요"}],"type":"pronunciation"},{"alternatives":[{"confidence":"0.0","content":"."}],"type":"punctuation"},{"start_time":"10.41","end_time":"10.54","alternatives":[{"confidence":"0.6615","content":"자"}],"type":"pronunciation"},{"start_time":"10.54","end_time":"11.17","alternatives":[{"confidence":"0.2782","content":"거기"}],"type":"pronunciation"},{"start_time":"11.34","end_time":"11.56","alternatives":[{"confidence":"0.8064","content":"다시"}],"type":"pronunciation"},{"start_time":"11.56","end_time":"11.95","alternatives":[{"confidence":"0.741","content":"한번"}],"type":"pronunciation"},{"start_time":"11.95","end_time":"12.62","alternatives":[{"confidence":"0.7716000000000001","content":"공무한"}],"type":"pronunciation"},{"alternatives":[{"confidence":"0.0","content":"."}],"type":"punctuation"},{"start_time":"12.62","end_time":"14.38","alternatives":[{"confidence":"0.7450333333333333","content":"부분전산확인해가지고요"}],"type":"pronunciation"},{"start_time":"14.56","end_time":"14.91","alternatives":[{"confidence":"0.93235","content":"열람한"}],"type":"pronunciation"},{"start_time":"14.91","end_time":"15.1","alternatives":[{"confidence":"0.913","content":"다음에"}],"type":"pronunciation"},{"start_time":"15.1","end_time":"15.87","alternatives":[{"confidence":"0.5399","content":"사람한테"}],"type":"pronunciation"},{"start_time":"16.19","end_time":"16.44","alternatives":[{"confidence":"0.2439","content":"알려"}],"type":"pronunciation"},{"start_time":"16.44","end_time":"17.05","alternatives":[{"confidence":"0.27635","content":"드리면은"}],"type":"pronunciation"},{"start_time":"18.39","end_time":"18.69","alternatives":[{"confidence":"0.5522","content":"처리만"}],"type":"pronunciation"},{"start_time":"18.69","end_time":"19.3","alternatives":[{"confidence":"0.9956","content":"하시면"}],"type":"pronunciation"},{"start_time":"19.43","end_time":"19.75","alternatives":[{"confidence":"0.40915","content":"기업도"}],"type":"pronunciation"},{"start_time":"19.75","end_time":"21.92","alternatives":[{"confidence":"0.76235","content":"납부증명서납부처리하신데요"}],"type":"pronunciation"},{"alternatives":[{"confidence":"0.0","content":"."}],"type":"punctuation"},{"start_time":"21.98","end_time":"22.21","alternatives":[{"confidence":"0.9961","content":"제가"}],"type":"pronunciation"},{"start_time":"22.21","end_time":"22.62","alternatives":[{"confidence":"1.0","content":"받아서"}],"type":"pronunciation"},{"start_time":"23.99","end_time":"24.65","alternatives":[{"confidence":"0.7150666666666666","content":"등기우편으로"}],"type":"pronunciation"},{"start_time":"24.65","end_time":"25.26","alternatives":[{"confidence":"0.9568","content":"보내드리고"}],"type":"pronunciation"},{"start_time":"25.26","end_time":"26.07","alternatives":[{"confidence":"0.80665","content":"대출진행해드리면"}],"type":"pronunciation"},{"start_time":"26.07","end_time":"26.3","alternatives":[{"confidence":"0.0776","content":"되는"}],"type":"pronunciation"},{"start_time":"26.3","end_time":"26.75","alternatives":[{"confidence":"0.0776","content":"거죠"}],"type":"pronunciation"},{"alternatives":[{"confidence":"0.0","content":"."}],"type":"punctuation"},{"start_time":"26.93","end_time":"27.16","alternatives":[{"confidence":"0.1601","content":"제가"}],"type":"pronunciation"},{"start_time":"27.82","end_time":"28.1","alternatives":[{"confidence":"0.3299","content":"은행에"}],"type":"pronunciation"},{"start_time":"28.1","end_time":"28.35","alternatives":[{"confidence":"0.9197","content":"바로"}],"type":"pronunciation"},{"start_time":"28.35","end_time":"28.63","alternatives":[{"confidence":"0.6313","content":"너무"}],"type":"pronunciation"},{"start_time":"28.97","end_time":"29.3","alternatives":[{"confidence":"0.9693","content":"거든요"}],"type":"pronunciation"},{"alternatives":[{"confidence":"0.0","content":"."}],"type":"punctuation"},{"start_time":"29.62","end_time":"30.12","alternatives":[{"confidence":"0.9324","content":"그렇죠"}],"type":"pronunciation"},{"alternatives":[{"confidence":"0.0","content":"."}],"type":"punctuation"},{"start_time":"30.15","end_time":"30.35","alternatives":[{"confidence":"0.5819","content":"제가"}],"type":"pronunciation"},{"start_time":"30.94","end_time":"31.23","alternatives":[{"confidence":"0.2046","content":"아니고"}],"type":"pronunciation"},{"start_time":"31.51","end_time":"32.13","alternatives":[{"confidence":"0.7272000000000001","content":"은행하고"}],"type":"pronunciation"},{"start_time":"32.52","end_time":"33.16","alternatives":[{"confidence":"0.666","content":"국민은행하고"}],"type":"pronunciation"},{"start_time":"35.03","end_time":"35.34","alternatives":[{"confidence":"0.9672","content":"각각"}],"type":"pronunciation"},{"start_time":"35.34","end_time":"35.63","alternatives":[{"confidence":"0.8181","content":"하시는"}],"type":"pronunciation"},{"start_time":"35.63","end_time":"35.76","alternatives":[{"confidence":"0.9993","content":"건"}],"type":"pronunciation"},{"start_time":"35.76","end_time":"36.55","alternatives":[{"confidence":"0.9977","content":"아니고요"}],"type":"pronunciation"},{"alternatives":[{"confidence":"0.0","content":"."}],"type":"punctuation"},{"start_time":"38.41","end_time":"38.86","alternatives":[{"confidence":"0.9897","content":"지금"}],"type":"pronunciation"},{"start_time":"38.86","end_time":"39.16","alternatives":[{"confidence":"0.9593","content":"어차피"}],"type":"pronunciation"},{"start_time":"39.66","end_time":"40.11","alternatives":[{"confidence":"0.25765","content":"양쪽으로"}],"type":"pronunciation"},{"start_time":"40.26","end_time":"41.62","alternatives":[{"confidence":"0.46735","content":"나눠줬어두운대로"}],"type":"pronunciation"},{"start_time":"41.62","end_time":"42.47","alternatives":[{"confidence":"0.72715","content":"번거롭게"}],"type":"pronunciation"},{"start_time":"42.8","end_time":"43.55","alternatives":[{"confidence":"0.8345333333333333","content":"연락통화나"}],"type":"pronunciation"},{"start_time":"43.61","end_time":"44.23","alternatives":[{"confidence":"0.7731333333333333","content":"납부처리하셔야"}],"type":"pronunciation"},{"start_time":"44.23","end_time":"45.12","alternatives":[{"confidence":"0.9714","content":"되잖아요"}],"type":"pronunciation"},{"alternatives":[{"confidence":"0.0","content":"."}],"type":"punctuation"},{"start_time":"45.25","end_time":"45.56","alternatives":[{"confidence":"0.9171","content":"그렇게"}],"type":"pronunciation"},{"start_time":"45.56","end_time":"46.05","alternatives":[{"confidence":"0.7666999999999999","content":"처리안하고"}],"type":"pronunciation"},{"start_time":"46.11","end_time":"48.15","alternatives":[{"confidence":"0.7599666666666667","content":"카드사들어가지고"}],"type":"pronunciation"},{"start_time":"48.81","end_time":"49.12","alternatives":[{"confidence":"0.6081","content":"삼성"}],"type":"pronunciation"},{"start_time":"49.24","end_time":"49.54","alternatives":[{"confidence":"0.4624","content":"현대"}],"type":"pronunciation"},{"start_time":"49.54","end_time":"50.6","alternatives":[{"confidence":"0.8125","content":"들통틀어서"}],"type":"pronunciation"},{"start_time":"50.6","end_time":"50.75","alternatives":[{"confidence":"0.9753","content":"그"}],"type":"pronunciation"},{"start_time":"50.75","end_time":"52.21","alternatives":[{"confidence":"0.89595","content":"채권관리하는"}],"type":"pronunciation"},{"start_time":"52.21","end_time":"52.71","alternatives":[{"confidence":"0.8089","content":"부서쪽에"}],"type":"pronunciation"},{"start_time":"52.71","end_time":"53.3","alternatives":[{"confidence":"0.7105","content":"어제"}],"type":"pronunciation"},{"start_time":"53.75","end_time":"54.06","alternatives":[{"confidence":"0.9973","content":"제가"}],"type":"pronunciation"},{"start_time":"54.06","end_time":"54.4","alternatives":[{"confidence":"0.4247","content":"공무원"}],"type":"pronunciation"},{"start_time":"55.165","end_time":"55.385","alternatives":[{"confidence":"0.287","content":"사실"}],"type":"pronunciation"},{"start_time":"55.385","end_time":"55.605","alternatives":[{"confidence":"0.6229","content":"전화"}],"type":"pronunciation"},{"start_time":"55.605","end_time":"56.635","alternatives":[{"confidence":"0.8647","content":"통화하시게끔"}],"type":"pronunciation"},{"start_time":"56.845","end_time":"57.035","alternatives":[{"confidence":"0.6888","content":"드린"}],"type":"pronunciation"},{"start_time":"57.035","end_time":"57.575","alternatives":[{"confidence":"0.99115","content":"거였고"}],"type":"pronunciation"},{"start_time":"57.875","end_time":"58.215","alternatives":[{"confidence":"0.51915","content":"그쪽에"}],"type":"pronunciation"},{"start_time":"58.215","end_time":"58.475","alternatives":[{"confidence":"0.1446","content":"어떻게"}],"type":"pronunciation"},{"start_time":"58.475","end_time":"58.965","alternatives":[{"confidence":"0.977","content":"제가"}],"type":"pronunciation"},{"start_time":"59.105","end_time":"59.595","alternatives":[{"confidence":"0.5609","content":"전사자금"}],"type":"pronunciation"},{"start_time":"59.595","end_time":"59.935","alternatives":[{"confidence":"0.8852","content":"해가지고"}],"type":"pronunciation"},{"start_time":"59.935","end_time":"60.285","alternatives":[{"confidence":"0.8677","content":"그쪽으로"}],"type":"pronunciation"},{"start_time":"60.285","end_time":"60.755","alternatives":[{"confidence":"0.7272000000000001","content":"납부한"}],"type":"pronunciation"},{"start_time":"60.755","end_time":"60.985","alternatives":[{"confidence":"0.5164","content":"번만"}],"type":"pronunciation"},{"start_time":"60.985","end_time":"61.245","alternatives":[{"confidence":"1.0","content":"하시면"}],"type":"pronunciation"},{"start_time":"61.245","end_time":"61.665","alternatives":[{"confidence":"1.0","content":"되게끔"}],"type":"pronunciation"},{"start_time":"61.665","end_time":"61.855","alternatives":[{"confidence":"0.3915","content":"처리"}],"type":"pronunciation"},{"start_time":"61.855","end_time":"62.225","alternatives":[{"confidence":"0.9491499999999999","content":"되셔서"}],"type":"pronunciation"},{"start_time":"62.225","end_time":"62.595","alternatives":[{"confidence":"0.9722999999999999","content":"번거로운"}],"type":"pronunciation"},{"start_time":"62.595","end_time":"62.705","alternatives":[{"confidence":"0.9408","content":"건"}],"type":"pronunciation"},{"start_time":"62.705","end_time":"62.885","alternatives":[{"confidence":"0.7062","content":"없어"}],"type":"pronunciation"},{"start_time":"62.885","end_time":"63.165","alternatives":[{"confidence":"0.8014","content":"돼요"}],"type":"pronunciation"},{"alternatives":[{"confidence":"0.0","content":"."}],"type":"punctuation"},{"start_time":"64.195","end_time":"64.405","alternatives":[{"confidence":"0.9925","content":"그냥"}],"type":"pronunciation"},{"start_time":"64.405","end_time":"64.705","alternatives":[{"confidence":"0.9834","content":"금액이"}],"type":"pronunciation"},{"start_time":"64.705","end_time":"65.015","alternatives":[{"confidence":"0.9359","content":"한번에"}],"type":"pronunciation"},{"start_time":"65.015","end_time":"65.705","alternatives":[{"confidence":"0.7370666666666666","content":"납부처리하시면"}],"type":"pronunciation"},{"start_time":"65.705","end_time":"66.145","alternatives":[{"confidence":"0.9542","content":"되고"}],"type":"pronunciation"},{"start_time":"66.645","end_time":"66.985","alternatives":[{"confidence":"0.0265","content":"없도록"}],"type":"pronunciation"},{"start_time":"67.165","end_time":"67.525","alternatives":[{"confidence":"0.6777","content":"일반"}],"type":"pronunciation"},{"start_time":"67.525","end_time":"67.935","alternatives":[{"confidence":"0.69675","content":"상환처리"}],"type":"pronunciation"},{"start_time":"67.935","end_time":"68.325","alternatives":[{"confidence":"0.8447","content":"안하셔도"}],"type":"pronunciation"},{"start_time":"68.325","end_time":"68.685","alternatives":[{"confidence":"1.0","content":"되게끔"}],"type":"pronunciation"},{"start_time":"68.685","end_time":"68.945","alternatives":[{"confidence":"0.7717","content":"해드린"}],"type":"pronunciation"},{"start_time":"68.945","end_time":"69.745","alternatives":[{"confidence":"0.876","content":"거고요"}],"type":"pronunciation"},{"alternatives":[{"confidence":"0.0","content":"."}],"type":"punctuation"},{"start_time":"69.805","end_time":"70.065","alternatives":[{"confidence":"0.8654","content":"일반"}],"type":"pronunciation"},{"start_time":"70.065","end_time":"70.305","alternatives":[{"confidence":"0.513","content":"상황"}],"type":"pronunciation"},{"start_time":"70.305","end_time":"70.765","alternatives":[{"confidence":"0.8593000000000001","content":"처리하시게"}],"type":"pronunciation"},{"start_time":"70.765","end_time":"71.315","alternatives":[{"confidence":"0.6749499999999999","content":"되면은"}],"type":"pronunciation"},{"start_time":"71.315","end_time":"71.715","alternatives":[{"confidence":"0.5238","content":"사장님"}],"type":"pronunciation"},{"start_time":"72.375","end_time":"72.965","alternatives":[{"confidence":"0.8527","content":"부채상환한"}],"type":"pronunciation"},{"start_time":"72.965","end_time":"74.115","alternatives":[{"confidence":"0.9659","content":"내역있죠"}],"type":"pronunciation"},{"start_time":"74.215","end_time":"74.475","alternatives":[{"confidence":"0.7886","content":"기록"}],"type":"pronunciation"},{"start_time":"74.475","end_time":"75.335","alternatives":[{"confidence":"1.0","content":"자체가"}],"type":"pronunciation"},{"start_time":"75.865","end_time":"76.105","alternatives":[{"confidence":"0.8608","content":"저희"}],"type":"pronunciation"},{"start_time":"76.105","end_time":"76.295","alternatives":[{"confidence":"0.7407","content":"쪽에"}],"type":"pronunciation"},{"start_time":"76.295","end_time":"76.765","alternatives":[{"confidence":"0.8423666666666666","content":"당일날"}],"type":"pronunciation"},{"start_time":"76.765","end_time":"77.265","alternatives":[{"confidence":"0.43306666666666666","content":"전산입력을"}],"type":"pronunciation"},{"alternatives":[{"confidence":"0.0","content":"."}],"type":"punctuation"},{"start_time":"77.265","end_time":"77.395","alternatives":[{"confidence":"0.8294","content":"제가"}],"type":"pronunciation"},{"start_time":"77.395","end_time":"77.935","alternatives":[{"confidence":"0.7917000000000001","content":"못해드려서"}],"type":"pronunciation"},{"start_time":"77.935","end_time":"78.105","alternatives":[{"confidence":"0.6416","content":"삼"}],"type":"pronunciation"},{"start_time":"78.105","end_time":"78.315","alternatives":[{"confidence":"0.9753","content":"개월"}],"type":"pronunciation"},{"start_time":"78.315","end_time":"78.435","alternatives":[{"confidence":"0.5775","content":"육"}],"type":"pronunciation"},{"start_time":"78.435","end_time":"78.665","alternatives":[{"confidence":"0.9272","content":"개월"}],"type":"pronunciation"},{"start_time":"78.665","end_time":"79.415","alternatives":[{"confidence":"1.0","content":"있다가"}],"type":"pronunciation"},{"start_time":"79.605","end_time":"80.145","alternatives":[{"confidence":"0.6877333333333334","content":"구출진행이"}],"type":"pronunciation"},{"start_time":"80.145","end_time":"80.765","alternatives":[{"confidence":"0.9996499999999999","content":"가능하세요"}],"type":"pronunciation"},{"alternatives":[{"confidence":"0.0","content":"."}],"type":"punctuation"},{"start_time":"80.765","end_time":"80.935","alternatives":[{"confidence":"0.9997","content":"근데"}],"type":"pronunciation"},{"start_time":"80.935","end_time":"81.425","alternatives":[{"confidence":"0.9864","content":"그렇게"}],"type":"pronunciation"},{"start_time":"81.765","end_time":"82.245","alternatives":[{"confidence":"0.9995","content":"하시게끔"}],"type":"pronunciation"},{"start_time":"82.245","end_time":"82.385","alternatives":[{"confidence":"0.5011","content":"안"}],"type":"pronunciation"},{"start_time":"82.385","end_time":"82.615","alternatives":[{"confidence":"0.9987","content":"되기"}],"type":"pronunciation"},{"start_time":"82.615","end_time":"82.815","alternatives":[{"confidence":"0.9594","content":"위해서"}],"type":"pronunciation"},{"start_time":"82.815","end_time":"83.085","alternatives":[{"confidence":"0.68055","content":"해드린"}],"type":"pronunciation"},{"start_time":"83.085","end_time":"83.475","alternatives":[{"confidence":"1.0","content":"거죠"}],"type":"pronunciation"},{"alternatives":[{"confidence":"0.0","content":"."}],"type":"punctuation"},{"start_time":"83.815","end_time":"84.065","alternatives":[{"confidence":"0.5822","content":"돈을"}],"type":"pronunciation"},{"start_time":"84.065","end_time":"84.275","alternatives":[{"confidence":"0.5656","content":"까지"}],"type":"pronunciation"},{"start_time":"84.275","end_time":"84.535","alternatives":[{"confidence":"0.9775","content":"제가"}],"type":"pronunciation"},{"alternatives":[{"confidence":"0.0","content":"."}],"type":"punctuation"},{"start_time":"85.39","end_time":"85.63","alternatives":[{"confidence":"0.7218","content":"근데"}],"type":"pronunciation"},{"start_time":"85.63","end_time":"85.85","alternatives":[{"confidence":"0.9999","content":"저는"}],"type":"pronunciation"},{"start_time":"85.88","end_time":"86.1","alternatives":[{"confidence":"0.9909","content":"바로"}],"type":"pronunciation"},{"start_time":"86.1","end_time":"86.42","alternatives":[{"confidence":"0.8927","content":"은행에"}],"type":"pronunciation"},{"start_time":"86.42","end_time":"86.65","alternatives":[{"confidence":"0.7392","content":"바로"}],"type":"pronunciation"},{"start_time":"86.68","end_time":"87.05","alternatives":[{"confidence":"0.41505000000000003","content":"넘어서고"}],"type":"pronunciation"},{"start_time":"87.05","end_time":"87.33","alternatives":[{"confidence":"0.9804","content":"싶은데"}],"type":"pronunciation"},{"start_time":"87.33","end_time":"87.78","alternatives":[{"confidence":"0.9587","content":"그것들이"}],"type":"pronunciation"},{"start_time":"87.78","end_time":"88.12","alternatives":[{"confidence":"0.1036","content":"일어나는"}],"type":"pronunciation"},{"start_time":"88.12","end_time":"88.51","alternatives":[{"confidence":"0.8085","content":"것보다는"}],"type":"pronunciation"},{"start_time":"89.49","end_time":"90.04","alternatives":[{"confidence":"0.5425","content":"은행이"}],"type":"pronunciation"},{"start_time":"90.04","end_time":"90.68","alternatives":[{"confidence":"0.6865","content":"바로"}],"type":"pronunciation"},{"start_time":"91.69","end_time":"92.21","alternatives":[{"confidence":"0.9929","content":"어차피"}],"type":"pronunciation"},{"start_time":"92.21","end_time":"92.65","alternatives":[{"confidence":"0.4808","content":"거기"}],"type":"pronunciation"},{"start_time":"92.65","end_time":"93.21","alternatives":[{"confidence":"0.7172000000000001","content":"채권관리"}],"type":"pronunciation"},{"start_time":"93.21","end_time":"94.56","alternatives":[{"confidence":"0.6622","content":"부서회계"}],"type":"pronunciation"},{"start_time":"94.56","end_time":"95.23","alternatives":[{"confidence":"0.187","content":"담당"}],"type":"pronunciation"},{"start_time":"95.79","end_time":"95.91","alternatives":[{"confidence":"0.0129","content":"로"}],"type":"pronunciation"},{"start_time":"95.91","end_time":"96.14","alternatives":[{"confidence":"0.0447","content":"제가"}],"type":"pronunciation"},{"start_time":"96.14","end_time":"96.74","alternatives":[{"confidence":"0.46019999999999994","content":"열람해가지고"}],"type":"pronunciation"},{"start_time":"97.08","end_time":"97.36","alternatives":[{"confidence":"0.8431","content":"드리는"}],"type":"pronunciation"},{"start_time":"97.36","end_time":"98.18","alternatives":[{"confidence":"0.97245","content":"거고요"}],"type":"pronunciation"},{"alternatives":[{"confidence":"0.0","content":"."}],"type":"punctuation"},{"start_time":"98.3","end_time":"98.65","alternatives":[{"confidence":"0.74855","content":"그쪽에"}],"type":"pronunciation"},{"start_time":"98.65","end_time":"99.44","alternatives":[{"confidence":"0.869425","content":"납부처리하시게"}],"type":"pronunciation"},{"start_time":"99.44","end_time":"100.02","alternatives":[{"confidence":"0.92725","content":"되면은"}],"type":"pronunciation"},{"start_time":"100.02","end_time":"100.25","alternatives":[{"confidence":"0.985","content":"제가"}],"type":"pronunciation"},{"start_time":"100.25","end_time":"100.65","alternatives":[{"confidence":"1.0","content":"어차피"}],"type":"pronunciation"},{"start_time":"100.74","end_time":"101.43","alternatives":[{"confidence":"0.9048","content":"사장님이랑"}],"type":"pronunciation"},{"start_time":"101.81","end_time":"102.84","alternatives":[{"confidence":"0.90305","content":"카드사두"}],"type":"pronunciation"},{"start_time":"102.84","end_time":"103.41","alternatives":[{"confidence":"0.7379","content":"군데중간에"}],"type":"pronunciation"},{"start_time":"103.41","end_time":"104.04","alternatives":[{"confidence":"0.6212500000000001","content":"껴서"}],"type":"pronunciation"},{"start_time":"104.27","end_time":"104.78","alternatives":[{"confidence":"0.8828","content":"업무처리"}],"type":"pronunciation"},{"start_time":"104.78","end_time":"105.16","alternatives":[{"confidence":"0.7126","content":"대신"}],"type":"pronunciation"},{"start_time":"105.16","end_time":"105.72","alternatives":[{"confidence":"0.7376999999999999","content":"지원해드리는"}],"type":"pronunciation"},{"start_time":"105.72","end_time":"105.91","alternatives":[{"confidence":"0.9309","content":"거기"}],"type":"pronunciation"},{"start_time":"105.91","end_time":"106.38","alternatives":[{"confidence":"1.0","content":"때문에"}],"type":"pronunciation"},{"start_time":"106.59","end_time":"106.82","alternatives":[{"confidence":"0.9797","content":"바로"}],"type":"pronunciation"},{"start_time":"106.82","end_time":"106.89","alternatives":[{"confidence":"0.7899","content":"그"}],"type":"pronunciation"},{"start_time":"106.89","end_time":"108.09","alternatives":[{"confidence":"0.85825","content":"납부상환증명서를"}],"type":"pronunciation"},{"start_time":"108.3","end_time":"108.77","alternatives":[{"confidence":"0.9978","content":"발급받을"}],"type":"pronunciation"},{"start_time":"108.77","end_time":"108.97","alternatives":[{"confidence":"0.9601","content":"수가"}],"type":"pronunciation"},{"start_time":"108.97","end_time":"109.34","alternatives":[{"confidence":"0.7648","content":"있고요"}],"type":"pronunciation"},{"alternatives":[{"confidence":"0.0","content":"."}],"type":"punctuation"},{"start_time":"114.206","end_time":"114.476","alternatives":[{"confidence":"0.1657","content":"제가"}],"type":"pronunciation"},{"start_time":"114.476","end_time":"114.946","alternatives":[{"confidence":"0.8857","content":"어쨌든"}],"type":"pronunciation"},{"start_time":"114.946","end_time":"115.696","alternatives":[{"confidence":"0.9738","content":"어제부터"}],"type":"pronunciation"},{"start_time":"115.756","end_time":"116.076","alternatives":[{"confidence":"0.521","content":"사장님"}],"type":"pronunciation"},{"start_time":"116.076","end_time":"116.256","alternatives":[{"confidence":"0.7579","content":"원래"}],"type":"pronunciation"},{"start_time":"116.256","end_time":"116.376","alternatives":[{"confidence":"0.898","content":"안"}],"type":"pronunciation"},{"start_time":"116.376","end_time":"116.736","alternatives":[{"confidence":"0.9532","content":"되시는"}],"type":"pronunciation"},{"start_time":"116.736","end_time":"117.366","alternatives":[{"confidence":"0.7304","content":"거를"}],"type":"pronunciation"},{"start_time":"118.236","end_time":"118.406","alternatives":[{"confidence":"0.577","content":"좀"}],"type":"pronunciation"},{"start_time":"118.406","end_time":"118.696","alternatives":[{"confidence":"0.9998","content":"도움을"}],"type":"pronunciation"},{"start_time":"118.696","end_time":"119.616","alternatives":[{"confidence":"0.8061666666666666","content":"드린거고요"}],"type":"pronunciation"},{"alternatives":[{"confidence":"0.0","content":"."}],"type":"punctuation"},{"start_time":"119.656","end_time":"120.036","alternatives":[{"confidence":"0.9975","content":"지금은"}],"type":"pronunciation"},{"start_time":"120.036","end_time":"120.356","alternatives":[{"confidence":"0.1284","content":"죄송한"}],"type":"pronunciation"},{"start_time":"120.356","end_time":"120.586","alternatives":[{"confidence":"0.03145","content":"얘기인데"}],"type":"pronunciation"},{"start_time":"120.586","end_time":"120.966","alternatives":[{"confidence":"0.1669","content":"사장님이"}],"type":"pronunciation"},{"start_time":"122.456","end_time":"123.396","alternatives":[{"confidence":"0.9851","content":"쪽이나"}],"type":"pronunciation"},{"start_time":"123.546","end_time":"124.316","alternatives":[{"confidence":"0.7587333333333334","content":"아니시면은"}],"type":"pronunciation"},{"start_time":"124.376","end_time":"124.736","alternatives":[{"confidence":"0.9221","content":"뭐"}],"type":"pronunciation"},{"start_time":"125.356","end_time":"125.686","alternatives":[{"confidence":"0.6981","content":"일반"}],"type":"pronunciation"},{"start_time":"125.686","end_time":"126.406","alternatives":[{"confidence":"0.8519","content":"이점명"}],"type":"pronunciation"},{"start_time":"126.406","end_time":"126.796","alternatives":[{"confidence":"0.923","content":"정도"}],"type":"pronunciation"},{"start_time":"126.796","end_time":"127.196","alternatives":[{"confidence":"0.89975","content":"그쪽에서"}],"type":"pronunciation"},{"start_time":"127.196","end_time":"127.516","alternatives":[{"confidence":"0.9747","content":"자금이"}],"type":"pronunciation"},{"start_time":"127.516","end_time":"127.936","alternatives":[{"confidence":"0.74305","content":"나올지"}],"type":"pronunciation"},{"start_time":"127.936","end_time":"128.006","alternatives":[{"confidence":"0.8411","content":"안"}],"type":"pronunciation"},{"start_time":"128.006","end_time":"128.346","alternatives":[{"confidence":"0.92755","content":"나올지도"}],"type":"pronunciation"},{"start_time":"128.346","end_time":"129.276","alternatives":[{"confidence":"1.0","content":"모르거든요"}],"type":"pronunciation"},{"alternatives":[{"confidence":"0.0","content":"."}],"type":"punctuation"},{"start_time":"129.426","end_time":"129.926","alternatives":[{"confidence":"0.6323","content":"어쨌든"}],"type":"pronunciation"},{"start_time":"130.426","end_time":"130.756","alternatives":[{"confidence":"0.9699","content":"자금을"}],"type":"pronunciation"},{"start_time":"130.756","end_time":"131.166","alternatives":[{"confidence":"0.9975","content":"받으셔야"}],"type":"pronunciation"},{"start_time":"131.166","end_time":"131.336","alternatives":[{"confidence":"0.9869","content":"되고"}],"type":"pronunciation"},{"alternatives":[{"confidence":"0.0","content":"."}],"type":"punctuation"},{"start_time":"131.336","end_time":"132.126","alternatives":[{"confidence":"0.9860000000000001","content":"저금리로"}],"type":"pronunciation"},{"start_time":"132.642","end_time":"133.052","alternatives":[{"confidence":"0.9988","content":"저도"}],"type":"pronunciation"},{"start_time":"133.052","end_time":"133.432","alternatives":[{"confidence":"0.792","content":"어쨌든"}],"type":"pronunciation"},{"start_time":"133.832","end_time":"134.102","alternatives":[{"confidence":"0.5613","content":"자금을"}],"type":"pronunciation"},{"start_time":"134.102","end_time":"134.382","alternatives":[{"confidence":"0.7322","content":"받아야"}],"type":"pronunciation"},{"start_time":"134.562","end_time":"134.922","alternatives":[{"confidence":"0.8330500000000001","content":"영업하는"}],"type":"pronunciation"},{"start_time":"134.922","end_time":"135.832","alternatives":[{"confidence":"0.99275","content":"입장이니까"}],"type":"pronunciation"},{"start_time":"136.742","end_time":"137.092","alternatives":[{"confidence":"0.9975","content":"최대한"}],"type":"pronunciation"},{"start_time":"137.092","end_time":"137.322","alternatives":[{"confidence":"0.3069","content":"도움이"}],"type":"pronunciation"},{"start_time":"137.322","end_time":"137.772","alternatives":[{"confidence":"0.3657","content":"되려고"}],"type":"pronunciation"},{"start_time":"137.772","end_time":"138.002","alternatives":[{"confidence":"0.772","content":"저희"}],"type":"pronunciation"},{"start_time":"138.262","end_time":"138.992","alternatives":[{"confidence":"0.8776","content":"외삼촌으로까지"}],"type":"pronunciation"},{"start_time":"139.082","end_time":"139.352","alternatives":[{"confidence":"0.777","content":"제가"}],"type":"pronunciation"},{"start_time":"139.352","end_time":"139.842","alternatives":[{"confidence":"0.4048","content":"지인설정"}],"type":"pronunciation"},{"start_time":"139.842","end_time":"139.962","alternatives":[{"confidence":"0.6175","content":"에서"}],"type":"pronunciation"},{"start_time":"139.962","end_time":"140.292","alternatives":[{"confidence":"0.8765499999999999","content":"올려드린"}],"type":"pronunciation"},{"start_time":"140.292","end_time":"140.812","alternatives":[{"confidence":"0.8499","content":"거라"}],"type":"pronunciation"},{"alternatives":[{"confidence":"0.0","content":"."}],"type":"punctuation"},{"start_time":"141.912","end_time":"142.182","alternatives":[{"confidence":"0.9395","content":"그래서"}],"type":"pronunciation"},{"start_time":"142.182","end_time":"142.442","alternatives":[{"confidence":"0.7151","content":"도움을"}],"type":"pronunciation"},{"start_time":"142.442","end_time":"142.672","alternatives":[{"confidence":"0.9976","content":"드리는"}],"type":"pronunciation"},{"start_time":"142.672","end_time":"142.892","alternatives":[{"confidence":"0.6851","content":"것도"}],"type":"pronunciation"},{"start_time":"142.892","end_time":"143.622","alternatives":[{"confidence":"0.9439","content":"아니시면"}],"type":"pronunciation"},{"start_time":"144.012","end_time":"144.462","alternatives":[{"confidence":"0.9695","content":"이렇게까지"}],"type":"pronunciation"},{"start_time":"145.242","end_time":"145.562","alternatives":[{"confidence":"0.7079","content":"바로"}],"type":"pronunciation"},{"start_time":"145.962","end_time":"146.112","alternatives":[{"confidence":"0.9963","content":"하고"}],"type":"pronunciation"},{"start_time":"146.112","end_time":"146.502","alternatives":[{"confidence":"0.9983","content":"말았죠"}],"type":"pronunciation"},{"alternatives":[{"confidence":"0.0","content":"."}],"type":"punctuation"},{"start_time":"146.502","end_time":"146.782","alternatives":[{"confidence":"0.9373","content":"저도"}],"type":"pronunciation"},{"start_time":"150.272","end_time":"150.692","alternatives":[{"confidence":"0.9858","content":"아니면"}],"type":"pronunciation"},{"start_time":"150.842","end_time":"151.032","alternatives":[{"confidence":"0.2434","content":"바로"}],"type":"pronunciation"},{"start_time":"153.85","end_time":"154.25","alternatives":[{"confidence":"0.1543","content":"대출을"}],"type":"pronunciation"},{"start_time":"154.25","end_time":"155.18","alternatives":[{"confidence":"0.038","content":"요쪽에"}],"type":"pronunciation"},{"start_time":"156.29","end_time":"156.55","alternatives":[{"confidence":"0.7004","content":"우리가"}],"type":"pronunciation"},{"start_time":"156.55","end_time":"156.83","alternatives":[{"confidence":"0.99","content":"제가"}],"type":"pronunciation"},{"start_time":"156.83","end_time":"157.02","alternatives":[{"confidence":"0.9014","content":"이제"}],"type":"pronunciation"},{"start_time":"157.22","end_time":"157.98","alternatives":[{"confidence":"0.5297000000000001","content":"국민바로"}],"type":"pronunciation"},{"start_time":"158.27","end_time":"158.7","alternatives":[{"confidence":"0.7079","content":"갖고"}],"type":"pronunciation"},{"start_time":"159.42","end_time":"159.57","alternatives":[{"confidence":"0.1044","content":"있고"}],"type":"pronunciation"},{"start_time":"159.57","end_time":"159.63","alternatives":[{"confidence":"0.2811","content":"그"}],"type":"pronunciation"},{"start_time":"159.63","end_time":"159.82","alternatives":[{"confidence":"0.3569","content":"다음에"}],"type":"pronunciation"},{"start_time":"160.06","end_time":"160.38","alternatives":[{"confidence":"0.12025","content":"진행해야"}],"type":"pronunciation"},{"start_time":"160.54","end_time":"160.82","alternatives":[{"confidence":"0.0159","content":"되겠다"}],"type":"pronunciation"},{"start_time":"160.82","end_time":"160.97","alternatives":[{"confidence":"0.0155","content":"싶어"}],"type":"pronunciation"},{"start_time":"161.21","end_time":"161.47","alternatives":[{"confidence":"0.9556","content":"그러면"}],"type":"pronunciation"},{"start_time":"161.47","end_time":"161.71","alternatives":[{"confidence":"0.9982","content":"그렇게"}],"type":"pronunciation"},{"start_time":"161.71","end_time":"161.98","alternatives":[{"confidence":"0.9943","content":"하셔도"}],"type":"pronunciation"},{"start_time":"161.98","end_time":"162.8","alternatives":[{"confidence":"0.993","content":"되는데요"}],"type":"pronunciation"},{"alternatives":[{"confidence":"0.0","content":"."}],"type":"punctuation"},{"start_time":"162.86","end_time":"163.11","alternatives":[{"confidence":"0.9833","content":"그렇게"}],"type":"pronunciation"},{"start_time":"163.11","end_time":"163.35","alternatives":[{"confidence":"0.9966","content":"하시고"}],"type":"pronunciation"},{"start_time":"163.35","end_time":"163.88","alternatives":[{"confidence":"0.7993","content":"나서"}],"type":"pronunciation"},{"start_time":"163.88","end_time":"164.06","alternatives":[{"confidence":"0.7372","content":"삼"}],"type":"pronunciation"},{"start_time":"164.06","end_time":"164.24","alternatives":[{"confidence":"0.8257","content":"개월"}],"type":"pronunciation"},{"start_time":"164.24","end_time":"164.53","alternatives":[{"confidence":"0.9255","content":"있다가"}],"type":"pronunciation"},{"start_time":"164.53","end_time":"164.83","alternatives":[{"confidence":"0.9998","content":"저한테"}],"type":"pronunciation"},{"start_time":"164.83","end_time":"165.8","alternatives":[{"confidence":"0.8329333333333334","content":"연락주시거나"}],"type":"pronunciation"},{"start_time":"166.07","end_time":"166.81","alternatives":[{"confidence":"0.9887999999999999","content":"넉넉잡고"}],"type":"pronunciation"},{"alternatives":[{"confidence":"0.0","content":"."}],"type":"punctuation"},{"start_time":"166.81","end_time":"166.97","alternatives":[{"confidence":"0.9511","content":"한"}],"type":"pronunciation"},{"start_time":"166.97","end_time":"167.12","alternatives":[{"confidence":"0.4719","content":"육"}],"type":"pronunciation"},{"start_time":"167.12","end_time":"167.51","alternatives":[{"confidence":"0.6145","content":"개월"}],"type":"pronunciation"},{"start_time":"168.11","end_time":"168.42","alternatives":[{"confidence":"0.9771","content":"주시면"}],"type":"pronunciation"},{"start_time":"168.42","end_time":"168.65","alternatives":[{"confidence":"0.7045","content":"그때"}],"type":"pronunciation"},{"start_time":"168.65","end_time":"168.94","alternatives":[{"confidence":"0.6432","content":"대출"}],"type":"pronunciation"},{"start_time":"168.94","end_time":"169.28","alternatives":[{"confidence":"0.9283","content":"관행을"}],"type":"pronunciation"},{"start_time":"169.61","end_time":"170.37","alternatives":[{"confidence":"0.9993","content":"하세요"}],"type":"pronunciation"},{"alternatives":[{"confidence":"0.0","content":"."}],"type":"punctuation"},{"start_time":"170.9","end_time":"171.12","alternatives":[{"confidence":"0.2238","content":"한번"}],"type":"pronunciation"},{"start_time":"171.46","end_time":"171.83","alternatives":[{"confidence":"0.9966","content":"알아보고"}],"type":"pronunciation"},{"start_time":"171.83","end_time":"172.02","alternatives":[{"confidence":"0.956","content":"다시"}],"type":"pronunciation"},{"start_time":"172.02","end_time":"172.24","alternatives":[{"confidence":"0.8526","content":"연락을"}],"type":"pronunciation"},{"start_time":"172.24","end_time":"172.71","alternatives":[{"confidence":"0.9854","content":"드릴게요"}],"type":"pronunciation"},{"alternatives":[{"confidence":"0.0","content":"."}],"type":"punctuation"},{"start_time":"173.6","end_time":"173.64","alternatives":[{"confidence":"0.0483","content":"예"}],"type":"pronunciation"},{"alternatives":[{"confidence":"0.0","content":","}],"type":"punctuation"},{"start_time":"173.64","end_time":"174.25","alternatives":[{"confidence":"0.9951","content":"알겠습니다"}],"type":"pronunciation"},{"alternatives":[{"confidence":"0.0","content":"."}],"type":"punctuation"}]},"status":"COMPLETED"}