{"jobName":"transcribe_loan124","accountId":"097989105209","results":{"transcripts":[{"transcript":"정해진 저희 고객한테 저희 회사 자금을 회수를 하고 다시 회사로 재입금처리 하시는 외부 경리직을 보신다고 생각하시면 돼요. 네, 자금관리쪽으로 일하시는 거고요. 보통 현장으로 출근을 하셔가지고 현장 퇴근하신다고 보시면 되시고 이제 근무시간은 보통 오전 10 시부터 오후 5 시까지 라고 생각하시면 되시는데. 근무 시간은 오전 만 열시 반 정도로 생각하시면 돼요. 조금 일찍 제가 열시라고 좀 이렇게 작성을 해놨는데 그걸 오전 열시 보다 조금 더 느긋하실 거고. 출근은 이제 저희가 현장 출근이기 때문에 보통 저희 고객이 따로 있어요. 저희 고객 소재지에 따라서 좀 달라지기 때문에요. 서울 전 지역 이라고 보시면 돼요. 그날그날 출근하시는 그 장소는 다 잘하시고 그런데 요즘에는 서울 금만 에서 전철만 타면 다 왔다 갔다 한 시간에서 한 시간 반이면 왔다 갔다 하잖아요. 네네 뭐 따로 사무실 들어오실 필요 없고 현장에서 근무다 보시고 현장에서 바로 대구로 퇴근하시면 보신다고 생각하시면 돼요. 그러면 하루에 보통 몇 군데가 아니고 저희는 고객을 배정을 해 드리는 거거든요. 저희 업체를 가거나 그러는게 아니라 저희 고객을 배정을 해 드리는데 보통 하루에 한 분, 많게는 두 분 정도 이렇게 담당을 하게 되실 거고 뭐 그 정해진 고객한테 저희 회사 자금을 회수를 하고 다시 회사로 재입금처리 하시는 그 횟수자체는 하루에 세 건 정도밖에 안 돼요. 그렇게 많이 그렇게 되지 않고 어떤 저희는 이제 사업하시는 분들 있잖아요. 사업하시는 분들한테 이제 거래내역 같은 거를 만들어드리고 거기에 따른 수수료를 받고 있는 회사에요. 그러니까 그 수수료는 뭐 그분들께서 저희 쪽으로 알아서 해주시는 거고, 그 이제 씨하고는 뭐 크게 관계는 없는데 어차피 영업도 영업부에서 다 하는 거기 때문에 따로 영업을 하실 필요도 없고요. 보통 저희 쪽하고 이제 그 적게는 5 년, 많게는 10 년 까지도 이렇게 꾸준히 거래를 해오신 분들만 대상으로 하고 있고요. 그분들이 저희 쪽으로 거래내가 무례를 하는 이유가 이제 뭐 사업을 해보지는 않았을 것 아니에요? 사업하시는 부분들은 이제 부가세 신고라는 걸 하잖아요. 그래서 이번 분기의 현금매출이 좀 모자라가지고. 그걸로 시 공고금액을 좀 높여서 하시려는 분들도 좀 있고, 아니면은 뭐 사업체를 다른 분한테 양도하시려고 하시는 분들은 그걸로 매출잡아서 권리금 좀 더 받으려고 하시는 분들도 있고, 내역 같은 경우에는 사업하시는 분들한테 굉장히 용도가 다양하기 때문에 저희가 그거에 대해서는 크게 관여하지 관여하고 그렇진 않아요."}],"items":[{"start_time":"0.03","end_time":"0.44","alternatives":[{"confidence":"0.9977","content":"정해진"}],"type":"pronunciation"},{"start_time":"0.44","end_time":"0.66","alternatives":[{"confidence":"0.9195","content":"저희"}],"type":"pronunciation"},{"start_time":"0.66","end_time":"1.63","alternatives":[{"confidence":"0.97365","content":"고객한테"}],"type":"pronunciation"},{"start_time":"2.1","end_time":"2.37","alternatives":[{"confidence":"0.9859","content":"저희"}],"type":"pronunciation"},{"start_time":"2.37","end_time":"2.61","alternatives":[{"confidence":"0.5329","content":"회사"}],"type":"pronunciation"},{"start_time":"2.61","end_time":"2.99","alternatives":[{"confidence":"0.9999","content":"자금을"}],"type":"pronunciation"},{"start_time":"2.99","end_time":"3.35","alternatives":[{"confidence":"0.99985","content":"회수를"}],"type":"pronunciation"},{"start_time":"3.35","end_time":"3.57","alternatives":[{"confidence":"0.9975","content":"하고"}],"type":"pronunciation"},{"start_time":"3.57","end_time":"3.91","alternatives":[{"confidence":"0.9993","content":"다시"}],"type":"pronunciation"},{"start_time":"3.91","end_time":"4.3","alternatives":[{"confidence":"0.9961","content":"회사로"}],"type":"pronunciation"},{"start_time":"4.3","end_time":"4.94","alternatives":[{"confidence":"0.8118","content":"재입금처리"}],"type":"pronunciation"},{"start_time":"4.94","end_time":"5.27","alternatives":[{"confidence":"0.8608","content":"하시는"}],"type":"pronunciation"},{"start_time":"5.27","end_time":"5.49","alternatives":[{"confidence":"0.5577","content":"외부"}],"type":"pronunciation"},{"start_time":"5.49","end_time":"6.04","alternatives":[{"confidence":"0.9613","content":"경리직을"}],"type":"pronunciation"},{"start_time":"6.04","end_time":"6.46","alternatives":[{"confidence":"0.9852000000000001","content":"보신다고"}],"type":"pronunciation"},{"start_time":"6.46","end_time":"7.01","alternatives":[{"confidence":"1.0","content":"생각하시면"}],"type":"pronunciation"},{"start_time":"7.01","end_time":"7.48","alternatives":[{"confidence":"0.9913","content":"돼요"}],"type":"pronunciation"},{"alternatives":[{"confidence":"0.0","content":"."}],"type":"punctuation"},{"start_time":"9.1","end_time":"9.36","alternatives":[{"confidence":"0.4654","content":"네"}],"type":"pronunciation"},{"alternatives":[{"confidence":"0.0","content":","}],"type":"punctuation"},{"start_time":"9.39","end_time":"10.19","alternatives":[{"confidence":"0.6680666666666667","content":"자금관리쪽으로"}],"type":"pronunciation"},{"start_time":"10.19","end_time":"10.55","alternatives":[{"confidence":"0.9164","content":"일하시는"}],"type":"pronunciation"},{"start_time":"10.55","end_time":"11.08","alternatives":[{"confidence":"0.9708","content":"거고요"}],"type":"pronunciation"},{"alternatives":[{"confidence":"0.0","content":"."}],"type":"punctuation"},{"start_time":"11.59","end_time":"12.03","alternatives":[{"confidence":"0.9839","content":"보통"}],"type":"pronunciation"},{"start_time":"12.03","end_time":"12.54","alternatives":[{"confidence":"0.99695","content":"현장으로"}],"type":"pronunciation"},{"start_time":"12.54","end_time":"12.94","alternatives":[{"confidence":"0.99865","content":"출근을"}],"type":"pronunciation"},{"start_time":"12.94","end_time":"13.43","alternatives":[{"confidence":"0.9360666666666667","content":"하셔가지고"}],"type":"pronunciation"},{"start_time":"13.43","end_time":"13.72","alternatives":[{"confidence":"0.5211","content":"현장"}],"type":"pronunciation"},{"start_time":"13.72","end_time":"14.36","alternatives":[{"confidence":"0.9898666666666666","content":"퇴근하신다고"}],"type":"pronunciation"},{"start_time":"14.36","end_time":"14.7","alternatives":[{"confidence":"1.0","content":"보시면"}],"type":"pronunciation"},{"start_time":"14.7","end_time":"15.34","alternatives":[{"confidence":"0.77715","content":"되시고"}],"type":"pronunciation"},{"start_time":"16.73","end_time":"16.88","alternatives":[{"confidence":"0.3661","content":"이제"}],"type":"pronunciation"},{"start_time":"16.88","end_time":"17.48","alternatives":[{"confidence":"0.8237","content":"근무시간은"}],"type":"pronunciation"},{"start_time":"17.48","end_time":"17.77","alternatives":[{"confidence":"0.999","content":"보통"}],"type":"pronunciation"},{"start_time":"17.77","end_time":"18.05","alternatives":[{"confidence":"1.0","content":"오전"}],"type":"pronunciation"},{"start_time":"18.05","end_time":"18.23","alternatives":[{"confidence":"0.4896","content":"10"}],"type":"pronunciation"},{"start_time":"18.23","end_time":"18.56","alternatives":[{"confidence":"1.0","content":"시부터"}],"type":"pronunciation"},{"start_time":"18.56","end_time":"18.73","alternatives":[{"confidence":"1.0","content":"오후"}],"type":"pronunciation"},{"start_time":"18.73","end_time":"19.0","alternatives":[{"confidence":"0.7514","content":"5"}],"type":"pronunciation"},{"start_time":"19.0","end_time":"19.27","alternatives":[{"confidence":"0.6638","content":"시까지"}],"type":"pronunciation"},{"start_time":"19.27","end_time":"19.43","alternatives":[{"confidence":"0.9992","content":"라고"}],"type":"pronunciation"},{"start_time":"19.43","end_time":"19.95","alternatives":[{"confidence":"0.99995","content":"생각하시면"}],"type":"pronunciation"},{"start_time":"19.95","end_time":"20.37","alternatives":[{"confidence":"0.9925","content":"되시는데"}],"type":"pronunciation"},{"alternatives":[{"confidence":"0.0","content":"."}],"type":"punctuation"},{"start_time":"20.41","end_time":"20.65","alternatives":[{"confidence":"0.8933","content":"근무"}],"type":"pronunciation"},{"start_time":"20.65","end_time":"20.92","alternatives":[{"confidence":"0.8979","content":"시간은"}],"type":"pronunciation"},{"start_time":"20.98","end_time":"21.45","alternatives":[{"confidence":"1.0","content":"오전"}],"type":"pronunciation"},{"start_time":"21.45","end_time":"21.67","alternatives":[{"confidence":"0.8723","content":"만"}],"type":"pronunciation"},{"start_time":"21.67","end_time":"22.07","alternatives":[{"confidence":"0.6917","content":"열시"}],"type":"pronunciation"},{"start_time":"22.07","end_time":"22.34","alternatives":[{"confidence":"0.8651","content":"반"}],"type":"pronunciation"},{"start_time":"22.34","end_time":"22.68","alternatives":[{"confidence":"0.9924","content":"정도로"}],"type":"pronunciation"},{"start_time":"22.68","end_time":"23.17","alternatives":[{"confidence":"1.0","content":"생각하시면"}],"type":"pronunciation"},{"start_time":"23.17","end_time":"23.35","alternatives":[{"confidence":"0.9792","content":"돼요"}],"type":"pronunciation"},{"alternatives":[{"confidence":"0.0","content":"."}],"type":"punctuation"},{"start_time":"23.35","end_time":"23.59","alternatives":[{"confidence":"0.9974","content":"조금"}],"type":"pronunciation"},{"start_time":"23.59","end_time":"24.03","alternatives":[{"confidence":"0.9929","content":"일찍"}],"type":"pronunciation"},{"start_time":"24.04","end_time":"24.34","alternatives":[{"confidence":"0.876","content":"제가"}],"type":"pronunciation"},{"start_time":"24.44","end_time":"25.01","alternatives":[{"confidence":"0.7656000000000001","content":"열시라고"}],"type":"pronunciation"},{"start_time":"25.01","end_time":"25.13","alternatives":[{"confidence":"0.8564","content":"좀"}],"type":"pronunciation"},{"start_time":"25.13","end_time":"25.31","alternatives":[{"confidence":"0.9947","content":"이렇게"}],"type":"pronunciation"},{"start_time":"25.31","end_time":"25.63","alternatives":[{"confidence":"0.982","content":"작성을"}],"type":"pronunciation"},{"start_time":"25.63","end_time":"26.21","alternatives":[{"confidence":"0.79625","content":"해놨는데"}],"type":"pronunciation"},{"start_time":"26.24","end_time":"26.49","alternatives":[{"confidence":"0.2124","content":"그걸"}],"type":"pronunciation"},{"start_time":"26.58","end_time":"26.89","alternatives":[{"confidence":"1.0","content":"오전"}],"type":"pronunciation"},{"start_time":"26.89","end_time":"27.12","alternatives":[{"confidence":"0.67965","content":"열시"}],"type":"pronunciation"},{"start_time":"27.12","end_time":"27.27","alternatives":[{"confidence":"0.9781","content":"보다"}],"type":"pronunciation"},{"start_time":"27.27","end_time":"27.49","alternatives":[{"confidence":"0.998","content":"조금"}],"type":"pronunciation"},{"start_time":"27.49","end_time":"27.58","alternatives":[{"confidence":"0.9997","content":"더"}],"type":"pronunciation"},{"start_time":"27.58","end_time":"28.05","alternatives":[{"confidence":"0.78085","content":"느긋하실"}],"type":"pronunciation"},{"start_time":"28.05","end_time":"28.49","alternatives":[{"confidence":"1.0","content":"거고"}],"type":"pronunciation"},{"alternatives":[{"confidence":"0.0","content":"."}],"type":"punctuation"},{"start_time":"31.16","end_time":"31.73","alternatives":[{"confidence":"0.9757","content":"출근은"}],"type":"pronunciation"},{"start_time":"31.73","end_time":"32.0","alternatives":[{"confidence":"0.9992","content":"이제"}],"type":"pronunciation"},{"start_time":"32.03","end_time":"32.35","alternatives":[{"confidence":"0.9999","content":"저희가"}],"type":"pronunciation"},{"start_time":"32.35","end_time":"32.68","alternatives":[{"confidence":"0.7891","content":"현장"}],"type":"pronunciation"},{"start_time":"32.68","end_time":"33.17","alternatives":[{"confidence":"0.9978","content":"출근이기"}],"type":"pronunciation"},{"start_time":"33.17","end_time":"33.77","alternatives":[{"confidence":"0.9983","content":"때문에"}],"type":"pronunciation"},{"start_time":"33.97","end_time":"34.52","alternatives":[{"confidence":"0.965","content":"보통"}],"type":"pronunciation"},{"start_time":"34.52","end_time":"34.73","alternatives":[{"confidence":"0.863","content":"저희"}],"type":"pronunciation"},{"start_time":"34.73","end_time":"35.15","alternatives":[{"confidence":"1.0","content":"고객이"}],"type":"pronunciation"},{"start_time":"35.15","end_time":"35.41","alternatives":[{"confidence":"0.996","content":"따로"}],"type":"pronunciation"},{"start_time":"35.41","end_time":"36.16","alternatives":[{"confidence":"0.9998","content":"있어요"}],"type":"pronunciation"},{"alternatives":[{"confidence":"0.0","content":"."}],"type":"punctuation"},{"start_time":"36.32","end_time":"36.55","alternatives":[{"confidence":"0.9746","content":"저희"}],"type":"pronunciation"},{"start_time":"36.55","end_time":"36.99","alternatives":[{"confidence":"0.5115","content":"고객"}],"type":"pronunciation"},{"start_time":"37.08","end_time":"37.55","alternatives":[{"confidence":"0.99785","content":"소재지에"}],"type":"pronunciation"},{"start_time":"37.55","end_time":"37.85","alternatives":[{"confidence":"1.0","content":"따라서"}],"type":"pronunciation"},{"start_time":"37.85","end_time":"37.99","alternatives":[{"confidence":"0.9944","content":"좀"}],"type":"pronunciation"},{"start_time":"37.99","end_time":"38.44","alternatives":[{"confidence":"0.9996","content":"달라지기"}],"type":"pronunciation"},{"start_time":"38.44","end_time":"38.95","alternatives":[{"confidence":"0.6434","content":"때문에요"}],"type":"pronunciation"},{"alternatives":[{"confidence":"0.0","content":"."}],"type":"punctuation"},{"start_time":"38.98","end_time":"39.27","alternatives":[{"confidence":"0.9177","content":"서울"}],"type":"pronunciation"},{"start_time":"39.27","end_time":"39.5","alternatives":[{"confidence":"0.7514","content":"전"}],"type":"pronunciation"},{"start_time":"39.5","end_time":"39.78","alternatives":[{"confidence":"0.6847","content":"지역"}],"type":"pronunciation"},{"start_time":"39.78","end_time":"40.02","alternatives":[{"confidence":"0.91","content":"이라고"}],"type":"pronunciation"},{"start_time":"40.02","end_time":"40.38","alternatives":[{"confidence":"0.9997","content":"보시면"}],"type":"pronunciation"},{"start_time":"40.38","end_time":"40.65","alternatives":[{"confidence":"0.9682","content":"돼요"}],"type":"pronunciation"},{"alternatives":[{"confidence":"0.0","content":"."}],"type":"punctuation"},{"start_time":"41.59","end_time":"42.13","alternatives":[{"confidence":"0.8045","content":"그날그날"}],"type":"pronunciation"},{"start_time":"42.13","end_time":"42.73","alternatives":[{"confidence":"0.9983","content":"출근하시는"}],"type":"pronunciation"},{"start_time":"42.73","end_time":"43.0","alternatives":[{"confidence":"0.9828","content":"그"}],"type":"pronunciation"},{"start_time":"43.03","end_time":"43.42","alternatives":[{"confidence":"0.9801","content":"장소는"}],"type":"pronunciation"},{"start_time":"43.42","end_time":"43.55","alternatives":[{"confidence":"0.1568","content":"다"}],"type":"pronunciation"},{"start_time":"43.55","end_time":"44.4","alternatives":[{"confidence":"0.82275","content":"잘하시고"}],"type":"pronunciation"},{"start_time":"45.29","end_time":"45.54","alternatives":[{"confidence":"0.5831","content":"그런데"}],"type":"pronunciation"},{"start_time":"45.54","end_time":"46.0","alternatives":[{"confidence":"1.0","content":"요즘에는"}],"type":"pronunciation"},{"start_time":"46.07","end_time":"46.32","alternatives":[{"confidence":"0.8523","content":"서울"}],"type":"pronunciation"},{"start_time":"46.32","end_time":"46.58","alternatives":[{"confidence":"0.3647","content":"금만"}],"type":"pronunciation"},{"start_time":"46.58","end_time":"46.71","alternatives":[{"confidence":"0.6828","content":"에서"}],"type":"pronunciation"},{"start_time":"46.71","end_time":"47.19","alternatives":[{"confidence":"0.91875","content":"전철만"}],"type":"pronunciation"},{"start_time":"47.19","end_time":"47.55","alternatives":[{"confidence":"0.4826","content":"타면"}],"type":"pronunciation"},{"start_time":"47.55","end_time":"47.69","alternatives":[{"confidence":"0.9062","content":"다"}],"type":"pronunciation"},{"start_time":"47.69","end_time":"47.91","alternatives":[{"confidence":"0.937","content":"왔다"}],"type":"pronunciation"},{"start_time":"47.91","end_time":"48.13","alternatives":[{"confidence":"0.9297","content":"갔다"}],"type":"pronunciation"},{"start_time":"48.13","end_time":"48.28","alternatives":[{"confidence":"0.9608","content":"한"}],"type":"pronunciation"},{"start_time":"48.28","end_time":"48.62","alternatives":[{"confidence":"0.9742999999999999","content":"시간에서"}],"type":"pronunciation"},{"start_time":"48.62","end_time":"48.73","alternatives":[{"confidence":"0.9659","content":"한"}],"type":"pronunciation"},{"start_time":"48.73","end_time":"48.92","alternatives":[{"confidence":"0.9658","content":"시간"}],"type":"pronunciation"},{"start_time":"48.92","end_time":"49.26","alternatives":[{"confidence":"0.9959","content":"반이면"}],"type":"pronunciation"},{"start_time":"49.26","end_time":"49.45","alternatives":[{"confidence":"0.5984","content":"왔다"}],"type":"pronunciation"},{"start_time":"49.45","end_time":"49.72","alternatives":[{"confidence":"0.597","content":"갔다"}],"type":"pronunciation"},{"start_time":"49.72","end_time":"50.9","alternatives":[{"confidence":"1.0","content":"하잖아요"}],"type":"pronunciation"},{"alternatives":[{"confidence":"0.0","content":"."}],"type":"punctuation"},{"start_time":"51.48","end_time":"51.74","alternatives":[{"confidence":"0.6618","content":"네네"}],"type":"pronunciation"},{"start_time":"51.91","end_time":"52.21","alternatives":[{"confidence":"0.8932","content":"뭐"}],"type":"pronunciation"},{"start_time":"52.24","end_time":"52.47","alternatives":[{"confidence":"0.7857","content":"따로"}],"type":"pronunciation"},{"start_time":"52.47","end_time":"52.81","alternatives":[{"confidence":"0.9841","content":"사무실"}],"type":"pronunciation"},{"start_time":"52.81","end_time":"53.16","alternatives":[{"confidence":"0.9841","content":"들어오실"}],"type":"pronunciation"},{"start_time":"53.16","end_time":"53.34","alternatives":[{"confidence":"0.9986","content":"필요"}],"type":"pronunciation"},{"start_time":"53.34","end_time":"53.9","alternatives":[{"confidence":"1.0","content":"없고"}],"type":"pronunciation"},{"start_time":"53.94","end_time":"54.38","alternatives":[{"confidence":"0.9997","content":"현장에서"}],"type":"pronunciation"},{"start_time":"54.38","end_time":"54.77","alternatives":[{"confidence":"0.91265","content":"근무다"}],"type":"pronunciation"},{"start_time":"54.77","end_time":"55.14","alternatives":[{"confidence":"1.0","content":"보시고"}],"type":"pronunciation"},{"start_time":"55.14","end_time":"55.59","alternatives":[{"confidence":"1.0","content":"현장에서"}],"type":"pronunciation"},{"start_time":"55.59","end_time":"55.84","alternatives":[{"confidence":"0.9752","content":"바로"}],"type":"pronunciation"},{"start_time":"56.11","end_time":"56.59","alternatives":[{"confidence":"0.91605","content":"대구로"}],"type":"pronunciation"},{"start_time":"56.59","end_time":"57.13","alternatives":[{"confidence":"0.9998","content":"퇴근하시면"}],"type":"pronunciation"},{"start_time":"57.13","end_time":"57.54","alternatives":[{"confidence":"0.9814","content":"보신다고"}],"type":"pronunciation"},{"start_time":"57.54","end_time":"58.03","alternatives":[{"confidence":"1.0","content":"생각하시면"}],"type":"pronunciation"},{"start_time":"58.03","end_time":"58.28","alternatives":[{"confidence":"0.989","content":"돼요"}],"type":"pronunciation"},{"alternatives":[{"confidence":"0.0","content":"."}],"type":"punctuation"},{"start_time":"58.72","end_time":"58.98","alternatives":[{"confidence":"0.9989","content":"그러면"}],"type":"pronunciation"},{"start_time":"58.98","end_time":"59.25","alternatives":[{"confidence":"0.8246","content":"하루에"}],"type":"pronunciation"},{"start_time":"59.25","end_time":"59.56","alternatives":[{"confidence":"0.694","content":"보통"}],"type":"pronunciation"},{"start_time":"60.84","end_time":"61.03","alternatives":[{"confidence":"0.8283","content":"몇"}],"type":"pronunciation"},{"start_time":"61.03","end_time":"61.33","alternatives":[{"confidence":"0.98215","content":"군데가"}],"type":"pronunciation"},{"start_time":"61.33","end_time":"61.54","alternatives":[{"confidence":"1.0","content":"아니고"}],"type":"pronunciation"},{"start_time":"61.54","end_time":"61.81","alternatives":[{"confidence":"0.9993","content":"저희는"}],"type":"pronunciation"},{"start_time":"61.81","end_time":"62.23","alternatives":[{"confidence":"0.9993","content":"고객을"}],"type":"pronunciation"},{"start_time":"62.23","end_time":"62.58","alternatives":[{"confidence":"0.99915","content":"배정을"}],"type":"pronunciation"},{"start_time":"62.58","end_time":"62.66","alternatives":[{"confidence":"0.5966","content":"해"}],"type":"pronunciation"},{"start_time":"62.66","end_time":"62.92","alternatives":[{"confidence":"0.457","content":"드리는"}],"type":"pronunciation"},{"start_time":"62.92","end_time":"63.36","alternatives":[{"confidence":"0.8845000000000001","content":"거거든요"}],"type":"pronunciation"},{"alternatives":[{"confidence":"0.0","content":"."}],"type":"punctuation"},{"start_time":"63.7","end_time":"63.89","alternatives":[{"confidence":"0.4581","content":"저희"}],"type":"pronunciation"},{"start_time":"64.01","end_time":"64.48","alternatives":[{"confidence":"0.9625","content":"업체를"}],"type":"pronunciation"},{"start_time":"64.48","end_time":"64.75","alternatives":[{"confidence":"0.96965","content":"가거나"}],"type":"pronunciation"},{"start_time":"64.75","end_time":"65.12","alternatives":[{"confidence":"0.44784999999999997","content":"그러는게"}],"type":"pronunciation"},{"start_time":"65.12","end_time":"65.61","alternatives":[{"confidence":"0.9949","content":"아니라"}],"type":"pronunciation"},{"start_time":"65.83","end_time":"66.04","alternatives":[{"confidence":"0.9416","content":"저희"}],"type":"pronunciation"},{"start_time":"66.04","end_time":"66.4","alternatives":[{"confidence":"1.0","content":"고객을"}],"type":"pronunciation"},{"start_time":"66.4","end_time":"66.73","alternatives":[{"confidence":"0.99175","content":"배정을"}],"type":"pronunciation"},{"start_time":"66.73","end_time":"66.79","alternatives":[{"confidence":"0.8143","content":"해"}],"type":"pronunciation"},{"start_time":"66.79","end_time":"67.25","alternatives":[{"confidence":"0.9076","content":"드리는데"}],"type":"pronunciation"},{"start_time":"67.25","end_time":"67.54","alternatives":[{"confidence":"0.9999","content":"보통"}],"type":"pronunciation"},{"start_time":"67.54","end_time":"67.86","alternatives":[{"confidence":"0.9997","content":"하루에"}],"type":"pronunciation"},{"start_time":"67.86","end_time":"68.12","alternatives":[{"confidence":"0.9313","content":"한"}],"type":"pronunciation"},{"start_time":"68.12","end_time":"68.35","alternatives":[{"confidence":"0.4737","content":"분"}],"type":"pronunciation"},{"alternatives":[{"confidence":"0.0","content":","}],"type":"punctuation"},{"start_time":"68.75","end_time":"69.25","alternatives":[{"confidence":"1.0","content":"많게는"}],"type":"pronunciation"},{"start_time":"69.25","end_time":"69.4","alternatives":[{"confidence":"0.7376","content":"두"}],"type":"pronunciation"},{"start_time":"69.4","end_time":"69.6","alternatives":[{"confidence":"0.8746","content":"분"}],"type":"pronunciation"},{"start_time":"69.6","end_time":"70.07","alternatives":[{"confidence":"0.9821","content":"정도"}],"type":"pronunciation"},{"start_time":"70.07","end_time":"70.34","alternatives":[{"confidence":"0.992","content":"이렇게"}],"type":"pronunciation"},{"start_time":"70.34","end_time":"70.75","alternatives":[{"confidence":"0.96915","content":"담당을"}],"type":"pronunciation"},{"start_time":"70.75","end_time":"70.91","alternatives":[{"confidence":"0.9601","content":"하게"}],"type":"pronunciation"},{"start_time":"70.91","end_time":"71.16","alternatives":[{"confidence":"0.89025","content":"되실"}],"type":"pronunciation"},{"start_time":"71.16","end_time":"71.46","alternatives":[{"confidence":"0.9998","content":"거고"}],"type":"pronunciation"},{"start_time":"71.93","end_time":"72.17","alternatives":[{"confidence":"0.987","content":"뭐"}],"type":"pronunciation"},{"start_time":"72.18","end_time":"72.41","alternatives":[{"confidence":"0.8753","content":"그"}],"type":"pronunciation"},{"start_time":"72.42","end_time":"72.81","alternatives":[{"confidence":"0.9949","content":"정해진"}],"type":"pronunciation"},{"start_time":"72.81","end_time":"73.52","alternatives":[{"confidence":"0.9772000000000001","content":"고객한테"}],"type":"pronunciation"},{"start_time":"73.725","end_time":"73.885","alternatives":[{"confidence":"0.9946","content":"저희"}],"type":"pronunciation"},{"start_time":"73.885","end_time":"74.105","alternatives":[{"confidence":"0.6975","content":"회사"}],"type":"pronunciation"},{"start_time":"74.105","end_time":"74.465","alternatives":[{"confidence":"0.9998","content":"자금을"}],"type":"pronunciation"},{"start_time":"74.465","end_time":"74.805","alternatives":[{"confidence":"0.9997","content":"회수를"}],"type":"pronunciation"},{"start_time":"74.805","end_time":"74.985","alternatives":[{"confidence":"0.9975","content":"하고"}],"type":"pronunciation"},{"start_time":"74.985","end_time":"75.225","alternatives":[{"confidence":"0.9993","content":"다시"}],"type":"pronunciation"},{"start_time":"75.225","end_time":"75.525","alternatives":[{"confidence":"0.9956","content":"회사로"}],"type":"pronunciation"},{"start_time":"75.525","end_time":"76.155","alternatives":[{"confidence":"0.7381000000000001","content":"재입금처리"}],"type":"pronunciation"},{"start_time":"76.155","end_time":"76.435","alternatives":[{"confidence":"0.9231","content":"하시는"}],"type":"pronunciation"},{"start_time":"76.435","end_time":"76.545","alternatives":[{"confidence":"0.9602","content":"그"}],"type":"pronunciation"},{"start_time":"76.545","end_time":"77.455","alternatives":[{"confidence":"0.93885","content":"횟수자체는"}],"type":"pronunciation"},{"start_time":"77.735","end_time":"78.045","alternatives":[{"confidence":"0.9335","content":"하루에"}],"type":"pronunciation"},{"start_time":"78.055","end_time":"78.205","alternatives":[{"confidence":"0.4715","content":"세"}],"type":"pronunciation"},{"start_time":"78.205","end_time":"78.405","alternatives":[{"confidence":"0.9283","content":"건"}],"type":"pronunciation"},{"start_time":"78.405","end_time":"79.185","alternatives":[{"confidence":"0.9999","content":"정도밖에"}],"type":"pronunciation"},{"start_time":"79.275","end_time":"79.395","alternatives":[{"confidence":"0.6719","content":"안"}],"type":"pronunciation"},{"start_time":"79.395","end_time":"79.635","alternatives":[{"confidence":"0.6688","content":"돼요"}],"type":"pronunciation"},{"alternatives":[{"confidence":"0.0","content":"."}],"type":"punctuation"},{"start_time":"79.665","end_time":"79.905","alternatives":[{"confidence":"0.899","content":"그렇게"}],"type":"pronunciation"},{"start_time":"79.965","end_time":"80.325","alternatives":[{"confidence":"0.9664","content":"많이"}],"type":"pronunciation"},{"start_time":"80.325","end_time":"80.595","alternatives":[{"confidence":"0.996","content":"그렇게"}],"type":"pronunciation"},{"start_time":"80.595","end_time":"80.835","alternatives":[{"confidence":"0.8835","content":"되지"}],"type":"pronunciation"},{"start_time":"80.835","end_time":"81.185","alternatives":[{"confidence":"0.8663","content":"않고"}],"type":"pronunciation"},{"start_time":"84.425","end_time":"84.785","alternatives":[{"confidence":"0.1603","content":"어떤"}],"type":"pronunciation"},{"start_time":"86.195","end_time":"87.045","alternatives":[{"confidence":"1.0","content":"저희는"}],"type":"pronunciation"},{"start_time":"87.075","end_time":"87.275","alternatives":[{"confidence":"0.9967","content":"이제"}],"type":"pronunciation"},{"start_time":"87.325","end_time":"87.965","alternatives":[{"confidence":"0.8902","content":"사업하시는"}],"type":"pronunciation"},{"start_time":"87.965","end_time":"88.195","alternatives":[{"confidence":"0.6335","content":"분들"}],"type":"pronunciation"},{"start_time":"88.195","end_time":"88.735","alternatives":[{"confidence":"1.0","content":"있잖아요"}],"type":"pronunciation"},{"alternatives":[{"confidence":"0.0","content":"."}],"type":"punctuation"},{"start_time":"89.19","end_time":"89.82","alternatives":[{"confidence":"0.8832500000000001","content":"사업하시는"}],"type":"pronunciation"},{"start_time":"89.82","end_time":"90.43","alternatives":[{"confidence":"0.989","content":"분들한테"}],"type":"pronunciation"},{"start_time":"90.46","end_time":"90.59","alternatives":[{"confidence":"0.205","content":"이제"}],"type":"pronunciation"},{"start_time":"90.62","end_time":"91.17","alternatives":[{"confidence":"0.7221","content":"거래내역"}],"type":"pronunciation"},{"start_time":"91.17","end_time":"91.43","alternatives":[{"confidence":"0.9394","content":"같은"}],"type":"pronunciation"},{"start_time":"91.43","end_time":"91.6","alternatives":[{"confidence":"0.5683","content":"거를"}],"type":"pronunciation"},{"start_time":"91.6","end_time":"92.27","alternatives":[{"confidence":"0.7043","content":"만들어드리고"}],"type":"pronunciation"},{"start_time":"92.27","end_time":"92.65","alternatives":[{"confidence":"1.0","content":"거기에"}],"type":"pronunciation"},{"start_time":"92.65","end_time":"92.92","alternatives":[{"confidence":"0.9997","content":"따른"}],"type":"pronunciation"},{"start_time":"92.92","end_time":"93.34","alternatives":[{"confidence":"0.9989","content":"수수료를"}],"type":"pronunciation"},{"start_time":"93.34","end_time":"93.57","alternatives":[{"confidence":"0.9967","content":"받고"}],"type":"pronunciation"},{"start_time":"93.57","end_time":"93.75","alternatives":[{"confidence":"0.9985","content":"있는"}],"type":"pronunciation"},{"start_time":"93.75","end_time":"94.39","alternatives":[{"confidence":"0.9554","content":"회사에요"}],"type":"pronunciation"},{"alternatives":[{"confidence":"0.0","content":"."}],"type":"punctuation"},{"start_time":"95.8","end_time":"96.2","alternatives":[{"confidence":"0.9074","content":"그러니까"}],"type":"pronunciation"},{"start_time":"96.2","end_time":"96.49","alternatives":[{"confidence":"0.9489","content":"그"}],"type":"pronunciation"},{"start_time":"96.49","end_time":"96.92","alternatives":[{"confidence":"0.9981","content":"수수료는"}],"type":"pronunciation"},{"start_time":"96.92","end_time":"97.09","alternatives":[{"confidence":"0.8482","content":"뭐"}],"type":"pronunciation"},{"start_time":"97.15","end_time":"97.79","alternatives":[{"confidence":"0.9417","content":"그분들께서"}],"type":"pronunciation"},{"start_time":"97.79","end_time":"97.96","alternatives":[{"confidence":"0.9879","content":"저희"}],"type":"pronunciation"},{"start_time":"97.96","end_time":"98.2","alternatives":[{"confidence":"0.9802","content":"쪽으로"}],"type":"pronunciation"},{"start_time":"98.2","end_time":"98.46","alternatives":[{"confidence":"0.9999","content":"알아서"}],"type":"pronunciation"},{"start_time":"98.46","end_time":"98.84","alternatives":[{"confidence":"0.98925","content":"해주시는"}],"type":"pronunciation"},{"start_time":"98.84","end_time":"99.06","alternatives":[{"confidence":"0.9834","content":"거고"}],"type":"pronunciation"},{"alternatives":[{"confidence":"0.0","content":","}],"type":"punctuation"},{"start_time":"99.06","end_time":"99.29","alternatives":[{"confidence":"0.79","content":"그"}],"type":"pronunciation"},{"start_time":"99.66","end_time":"99.93","alternatives":[{"confidence":"0.9397","content":"이제"}],"type":"pronunciation"},{"start_time":"100.3","end_time":"100.74","alternatives":[{"confidence":"0.15675","content":"씨하고는"}],"type":"pronunciation"},{"start_time":"100.74","end_time":"100.83","alternatives":[{"confidence":"0.3683","content":"뭐"}],"type":"pronunciation"},{"start_time":"100.86","end_time":"101.03","alternatives":[{"confidence":"0.908","content":"크게"}],"type":"pronunciation"},{"start_time":"101.03","end_time":"101.46","alternatives":[{"confidence":"0.9997","content":"관계는"}],"type":"pronunciation"},{"start_time":"101.46","end_time":"101.81","alternatives":[{"confidence":"0.9346","content":"없는데"}],"type":"pronunciation"},{"start_time":"101.81","end_time":"102.12","alternatives":[{"confidence":"1.0","content":"어차피"}],"type":"pronunciation"},{"start_time":"102.12","end_time":"102.54","alternatives":[{"confidence":"0.87895","content":"영업도"}],"type":"pronunciation"},{"start_time":"102.54","end_time":"103.06","alternatives":[{"confidence":"0.94285","content":"영업부에서"}],"type":"pronunciation"},{"start_time":"103.06","end_time":"103.15","alternatives":[{"confidence":"0.5706","content":"다"}],"type":"pronunciation"},{"start_time":"103.15","end_time":"103.33","alternatives":[{"confidence":"0.8518","content":"하는"}],"type":"pronunciation"},{"start_time":"103.33","end_time":"103.56","alternatives":[{"confidence":"0.9805","content":"거기"}],"type":"pronunciation"},{"start_time":"103.56","end_time":"103.89","alternatives":[{"confidence":"1.0","content":"때문에"}],"type":"pronunciation"},{"start_time":"103.89","end_time":"104.11","alternatives":[{"confidence":"0.9644","content":"따로"}],"type":"pronunciation"},{"start_time":"104.11","end_time":"104.45","alternatives":[{"confidence":"0.9981","content":"영업을"}],"type":"pronunciation"},{"start_time":"104.45","end_time":"104.65","alternatives":[{"confidence":"0.9918","content":"하실"}],"type":"pronunciation"},{"start_time":"104.65","end_time":"104.89","alternatives":[{"confidence":"0.9802","content":"필요도"}],"type":"pronunciation"},{"start_time":"104.89","end_time":"106.03","alternatives":[{"confidence":"0.99395","content":"없고요"}],"type":"pronunciation"},{"alternatives":[{"confidence":"0.0","content":"."}],"type":"punctuation"},{"start_time":"106.2","end_time":"106.48","alternatives":[{"confidence":"0.9806","content":"보통"}],"type":"pronunciation"},{"start_time":"106.48","end_time":"106.78","alternatives":[{"confidence":"0.6364","content":"저희"}],"type":"pronunciation"},{"start_time":"106.78","end_time":"107.25","alternatives":[{"confidence":"0.8354","content":"쪽하고"}],"type":"pronunciation"},{"start_time":"107.25","end_time":"107.62","alternatives":[{"confidence":"0.996","content":"이제"}],"type":"pronunciation"},{"start_time":"107.65","end_time":"107.77","alternatives":[{"confidence":"0.5175","content":"그"}],"type":"pronunciation"},{"start_time":"108.45","end_time":"108.93","alternatives":[{"confidence":"0.9993000000000001","content":"적게는"}],"type":"pronunciation"},{"start_time":"109.02","end_time":"109.29","alternatives":[{"confidence":"0.4122","content":"5"}],"type":"pronunciation"},{"start_time":"109.29","end_time":"109.53","alternatives":[{"confidence":"0.9027","content":"년"}],"type":"pronunciation"},{"alternatives":[{"confidence":"0.0","content":","}],"type":"punctuation"},{"start_time":"109.56","end_time":"110.08","alternatives":[{"confidence":"1.0","content":"많게는"}],"type":"pronunciation"},{"start_time":"110.14","end_time":"110.36","alternatives":[{"confidence":"0.4787","content":"10"}],"type":"pronunciation"},{"start_time":"110.36","end_time":"110.57","alternatives":[{"confidence":"0.8454","content":"년"}],"type":"pronunciation"},{"start_time":"110.57","end_time":"110.89","alternatives":[{"confidence":"0.9343","content":"까지도"}],"type":"pronunciation"},{"start_time":"110.89","end_time":"111.14","alternatives":[{"confidence":"0.9859","content":"이렇게"}],"type":"pronunciation"},{"start_time":"111.33","end_time":"111.69","alternatives":[{"confidence":"1.0","content":"꾸준히"}],"type":"pronunciation"},{"start_time":"111.69","end_time":"112.09","alternatives":[{"confidence":"0.9777","content":"거래를"}],"type":"pronunciation"},{"start_time":"112.09","end_time":"112.4","alternatives":[{"confidence":"0.82905","content":"해오신"}],"type":"pronunciation"},{"start_time":"112.4","end_time":"112.85","alternatives":[{"confidence":"0.9822","content":"분들만"}],"type":"pronunciation"},{"start_time":"112.85","end_time":"113.25","alternatives":[{"confidence":"1.0","content":"대상으로"}],"type":"pronunciation"},{"start_time":"113.25","end_time":"113.42","alternatives":[{"confidence":"0.9965","content":"하고"}],"type":"pronunciation"},{"start_time":"113.42","end_time":"114.32","alternatives":[{"confidence":"0.8868","content":"있고요"}],"type":"pronunciation"},{"alternatives":[{"confidence":"0.0","content":"."}],"type":"punctuation"},{"start_time":"115.03","end_time":"115.47","alternatives":[{"confidence":"0.9577","content":"그분들이"}],"type":"pronunciation"},{"start_time":"115.47","end_time":"115.65","alternatives":[{"confidence":"0.9875","content":"저희"}],"type":"pronunciation"},{"start_time":"115.65","end_time":"115.87","alternatives":[{"confidence":"0.9839","content":"쪽으로"}],"type":"pronunciation"},{"start_time":"115.87","end_time":"116.25","alternatives":[{"confidence":"0.51005","content":"거래내가"}],"type":"pronunciation"},{"start_time":"116.25","end_time":"116.55","alternatives":[{"confidence":"0.6648499999999999","content":"무례를"}],"type":"pronunciation"},{"start_time":"116.55","end_time":"116.78","alternatives":[{"confidence":"0.9885","content":"하는"}],"type":"pronunciation"},{"start_time":"116.78","end_time":"117.05","alternatives":[{"confidence":"1.0","content":"이유가"}],"type":"pronunciation"},{"start_time":"117.05","end_time":"117.19","alternatives":[{"confidence":"0.9476","content":"이제"}],"type":"pronunciation"},{"start_time":"117.2","end_time":"117.49","alternatives":[{"confidence":"0.791","content":"뭐"}],"type":"pronunciation"},{"start_time":"118.045","end_time":"118.395","alternatives":[{"confidence":"0.9993","content":"사업을"}],"type":"pronunciation"},{"start_time":"118.395","end_time":"118.725","alternatives":[{"confidence":"0.8152999999999999","content":"해보지는"}],"type":"pronunciation"},{"start_time":"118.725","end_time":"119.025","alternatives":[{"confidence":"0.9753","content":"않았을"}],"type":"pronunciation"},{"start_time":"119.025","end_time":"119.155","alternatives":[{"confidence":"0.4234","content":"것"}],"type":"pronunciation"},{"start_time":"119.155","end_time":"120.005","alternatives":[{"confidence":"1.0","content":"아니에요"}],"type":"pronunciation"},{"alternatives":[{"confidence":"0.0","content":"?"}],"type":"punctuation"},{"start_time":"120.555","end_time":"121.125","alternatives":[{"confidence":"0.8470500000000001","content":"사업하시는"}],"type":"pronunciation"},{"start_time":"121.125","end_time":"121.545","alternatives":[{"confidence":"0.7316","content":"부분들은"}],"type":"pronunciation"},{"start_time":"121.545","end_time":"121.645","alternatives":[{"confidence":"0.6453","content":"이제"}],"type":"pronunciation"},{"start_time":"121.675","end_time":"122.045","alternatives":[{"confidence":"0.9289000000000001","content":"부가세"}],"type":"pronunciation"},{"start_time":"122.045","end_time":"122.475","alternatives":[{"confidence":"0.7437499999999999","content":"신고라는"}],"type":"pronunciation"},{"start_time":"122.475","end_time":"122.575","alternatives":[{"confidence":"0.8637","content":"걸"}],"type":"pronunciation"},{"start_time":"122.575","end_time":"123.625","alternatives":[{"confidence":"0.9997","content":"하잖아요"}],"type":"pronunciation"},{"alternatives":[{"confidence":"0.0","content":"."}],"type":"punctuation"},{"start_time":"124.435","end_time":"124.825","alternatives":[{"confidence":"1.0","content":"그래서"}],"type":"pronunciation"},{"start_time":"124.825","end_time":"125.095","alternatives":[{"confidence":"0.9948","content":"이번"}],"type":"pronunciation"},{"start_time":"125.095","end_time":"125.485","alternatives":[{"confidence":"0.8321000000000001","content":"분기의"}],"type":"pronunciation"},{"start_time":"125.575","end_time":"126.245","alternatives":[{"confidence":"0.77625","content":"현금매출이"}],"type":"pronunciation"},{"start_time":"126.245","end_time":"126.375","alternatives":[{"confidence":"0.9979","content":"좀"}],"type":"pronunciation"},{"start_time":"126.375","end_time":"127.125","alternatives":[{"confidence":"0.99185","content":"모자라가지고"}],"type":"pronunciation"},{"alternatives":[{"confidence":"0.0","content":"."}],"type":"punctuation"},{"start_time":"127.125","end_time":"127.505","alternatives":[{"confidence":"0.9793","content":"그걸로"}],"type":"pronunciation"},{"start_time":"127.505","end_time":"127.645","alternatives":[{"confidence":"0.4259","content":"시"}],"type":"pronunciation"},{"start_time":"127.645","end_time":"128.335","alternatives":[{"confidence":"0.7678","content":"공고금액을"}],"type":"pronunciation"},{"start_time":"128.335","end_time":"128.475","alternatives":[{"confidence":"0.9914","content":"좀"}],"type":"pronunciation"},{"start_time":"128.475","end_time":"128.825","alternatives":[{"confidence":"0.99825","content":"높여서"}],"type":"pronunciation"},{"start_time":"128.825","end_time":"129.245","alternatives":[{"confidence":"0.9991","content":"하시려는"}],"type":"pronunciation"},{"start_time":"129.245","end_time":"129.595","alternatives":[{"confidence":"0.9992","content":"분들도"}],"type":"pronunciation"},{"start_time":"129.595","end_time":"129.775","alternatives":[{"confidence":"0.9387","content":"좀"}],"type":"pronunciation"},{"start_time":"129.775","end_time":"130.245","alternatives":[{"confidence":"0.8941","content":"있고"}],"type":"pronunciation"},{"alternatives":[{"confidence":"0.0","content":","}],"type":"punctuation"},{"start_time":"131.215","end_time":"131.715","alternatives":[{"confidence":"0.9851","content":"아니면은"}],"type":"pronunciation"},{"start_time":"131.715","end_time":"131.825","alternatives":[{"confidence":"0.7982","content":"뭐"}],"type":"pronunciation"},{"start_time":"131.835","end_time":"132.255","alternatives":[{"confidence":"0.99875","content":"사업체를"}],"type":"pronunciation"},{"start_time":"132.255","end_time":"132.505","alternatives":[{"confidence":"0.912","content":"다른"}],"type":"pronunciation"},{"start_time":"132.505","end_time":"132.815","alternatives":[{"confidence":"0.98805","content":"분한테"}],"type":"pronunciation"},{"start_time":"132.815","end_time":"133.545","alternatives":[{"confidence":"0.8588999999999999","content":"양도하시려고"}],"type":"pronunciation"},{"start_time":"133.545","end_time":"133.865","alternatives":[{"confidence":"0.9969","content":"하시는"}],"type":"pronunciation"},{"start_time":"133.865","end_time":"134.235","alternatives":[{"confidence":"0.999","content":"분들은"}],"type":"pronunciation"},{"start_time":"134.325","end_time":"134.695","alternatives":[{"confidence":"0.9469","content":"그걸로"}],"type":"pronunciation"},{"start_time":"134.695","end_time":"135.585","alternatives":[{"confidence":"0.77035","content":"매출잡아서"}],"type":"pronunciation"},{"start_time":"135.625","end_time":"136.045","alternatives":[{"confidence":"0.8246","content":"권리금"}],"type":"pronunciation"},{"start_time":"136.045","end_time":"136.185","alternatives":[{"confidence":"0.9969","content":"좀"}],"type":"pronunciation"},{"start_time":"136.185","end_time":"136.295","alternatives":[{"confidence":"0.9973","content":"더"}],"type":"pronunciation"},{"start_time":"136.295","end_time":"136.695","alternatives":[{"confidence":"0.9528","content":"받으려고"}],"type":"pronunciation"},{"start_time":"136.695","end_time":"136.965","alternatives":[{"confidence":"0.9948","content":"하시는"}],"type":"pronunciation"},{"start_time":"136.965","end_time":"137.285","alternatives":[{"confidence":"1.0","content":"분들도"}],"type":"pronunciation"},{"start_time":"137.285","end_time":"137.645","alternatives":[{"confidence":"0.9973","content":"있고"}],"type":"pronunciation"},{"alternatives":[{"confidence":"0.0","content":","}],"type":"punctuation"},{"start_time":"140.275","end_time":"140.455","alternatives":[{"confidence":"0.6821","content":"내역"}],"type":"pronunciation"},{"start_time":"140.455","end_time":"140.695","alternatives":[{"confidence":"0.998","content":"같은"}],"type":"pronunciation"},{"start_time":"140.695","end_time":"141.005","alternatives":[{"confidence":"0.9891","content":"경우에는"}],"type":"pronunciation"},{"start_time":"141.005","end_time":"141.535","alternatives":[{"confidence":"0.9231","content":"사업하시는"}],"type":"pronunciation"},{"start_time":"141.535","end_time":"141.875","alternatives":[{"confidence":"0.9561999999999999","content":"분들한테"}],"type":"pronunciation"},{"start_time":"141.875","end_time":"142.285","alternatives":[{"confidence":"1.0","content":"굉장히"}],"type":"pronunciation"},{"start_time":"142.285","end_time":"142.595","alternatives":[{"confidence":"1.0","content":"용도가"}],"type":"pronunciation"},{"start_time":"142.595","end_time":"143.045","alternatives":[{"confidence":"0.99985","content":"다양하기"}],"type":"pronunciation"},{"start_time":"143.045","end_time":"143.435","alternatives":[{"confidence":"0.9999","content":"때문에"}],"type":"pronunciation"},{"start_time":"143.465","end_time":"143.725","alternatives":[{"confidence":"1.0","content":"저희가"}],"type":"pronunciation"},{"start_time":"143.725","end_time":"144.125","alternatives":[{"confidence":"0.96655","content":"그거에"}],"type":"pronunciation"},{"start_time":"144.125","end_time":"144.535","alternatives":[{"confidence":"0.9973","content":"대해서는"}],"type":"pronunciation"},{"start_time":"144.535","end_time":"144.775","alternatives":[{"confidence":"0.9998","content":"크게"}],"type":"pronunciation"},{"start_time":"144.775","end_time":"145.275","alternatives":[{"confidence":"0.9269499999999999","content":"관여하지"}],"type":"pronunciation"},{"start_time":"145.515","end_time":"146.005","alternatives":[{"confidence":"0.7466999999999999","content":"관여하고"}],"type":"pronunciation"},{"start_time":"146.005","end_time":"146.275","alternatives":[{"confidence":"0.6502","content":"그렇진"}],"type":"pronunciation"},{"start_time":"146.275","end_time":"146.645","alternatives":[{"confidence":"0.9995","content":"않아요"}],"type":"pronunciation"},{"alternatives":[{"confidence":"0.0","content":"."}],"type":"punctuation"}]},"status":"COMPLETED"}