{"jobName":"transcribe_loan151","accountId":"097989105209","results":{"transcripts":[{"transcript":"탈채권채용과정입니다. 안녕하세요. 네. 말씀하십시오. 저기 이거 려고 하는데요. 네. 저기 혹시 농협 등에서 요청받으셨는지? 네. 그게 그런 확인 차 주민번호 앞자리 여섯자리 부탁드리겠습니다. 네. 님으로 확인되시는데요. 네. 현재 저희 쪽대출 이용중이신데 지금 농협중앙회쪽으로 권이 공문이 접수가 되가지고요. 네. 두 가지 공문들어왔고요 혹시 저희쪽 자금 전액 상환하시고 농협에서 저금리 대출받아보시려고 하시는 거 아니에요? 아니고요. 네. 네. 그래가지고 이제 고객님일 금융권에서 대출이 안 되시는 분들이 그 상상담사 통해서 지금 신규 대출이나 기존 대출 상환하신 다음에 상환능력 높여서 이렇게 대출받아보신 사례가 있어서 그럽니다. 왜냐하면 지금 요청하신 공무원 들이 이런 사례랑 유사해서 많이 해드린 거고요. 네. 고객님이 아니시라고 하니까 제가 일단 요청해주신 거 지금 지금 기업부 납부증명서하고 전산기관 요청은 공이 님이 저희 쪽상한을 다 해주셔야 다 해주셔야 그게 확인 후 저희가 공문을 보내 드릴 수가 있습니다. 상한을 안 하신 상태에서는? 네. 일단 지금부터 상환절차 안내해드리겠습니다 고객님잠시만 기다려 주십시오. 네. 여보세요. 네네. 지금 저희쪽 채권으로 연락주셨고요. 네. 지금 현재 지금 지금 중도상환금액이? 네. 이천칠 이천칠백칠십사 만 삼천 삼백삼십칠원입니다. 삼십칠 네. 금액한번 불러 주시겠습니까? 이천칠백칠십 사만삼천삼백삼십칠. 네. 그리고 지금 담당자이고요. 네. 나쁘기 전에 지금 기업 기업은행으로 열람되셨고요. 네. 네. 메모가능 하신지요. 기업은행 네. 네. 고객님지금 어저께 나쁘게 부산은행 후 열람되셨는데. 네 고개 님께서 요청하신 것 때문에 저희 채권 회수팀으로 납부요청 들어오신 거라 담당자배정받고 계좌열람해드린 거고요. 지금 이 계좌열람시간이 지금 동협 측에서 오전에 처리하신다고 해서 지금 한 십오분 밖에 열람이 안되세요. 네. 지금 십오 분 안으로 납부해주시고 저희 쪽으로 다시 한번 연락주시겠습니까. 네. 그리고 납부하실 방법은 어떻게 되시나요? 라고 합니다. 이 시고요 이시고요 은행은 기업은행이시죠? 네. 기업은행 시고 지금 십오 분 됐으니까 빨리 납부해주시고 연락 주시고 한번에 이걸 이천칠백만원 나쁜 해주셔야 됩니다. 네. 감사합니다. 네."}],"items":[{"start_time":"1.06","end_time":"3.14","alternatives":[{"confidence":"0.65866","content":"탈채권채용과정입니다"}],"type":"pronunciation"},{"alternatives":[{"confidence":"0.0","content":"."}],"type":"punctuation"},{"start_time":"4.82","end_time":"5.44","alternatives":[{"confidence":"0.9948","content":"안녕하세요"}],"type":"pronunciation"},{"alternatives":[{"confidence":"0.0","content":"."}],"type":"punctuation"},{"start_time":"5.75","end_time":"6.04","alternatives":[{"confidence":"0.9929","content":"네"}],"type":"pronunciation"},{"alternatives":[{"confidence":"0.0","content":"."}],"type":"punctuation"},{"start_time":"6.04","end_time":"6.83","alternatives":[{"confidence":"0.9697","content":"말씀하십시오"}],"type":"pronunciation"},{"alternatives":[{"confidence":"0.0","content":"."}],"type":"punctuation"},{"start_time":"7.02","end_time":"7.41","alternatives":[{"confidence":"0.1782","content":"저기"}],"type":"pronunciation"},{"start_time":"8.27","end_time":"8.47","alternatives":[{"confidence":"0.1528","content":"이거"}],"type":"pronunciation"},{"start_time":"9.26","end_time":"9.39","alternatives":[{"confidence":"0.7129","content":"려고"}],"type":"pronunciation"},{"start_time":"9.39","end_time":"9.92","alternatives":[{"confidence":"0.9999","content":"하는데요"}],"type":"pronunciation"},{"alternatives":[{"confidence":"0.0","content":"."}],"type":"punctuation"},{"start_time":"10.27","end_time":"10.8","alternatives":[{"confidence":"0.4121","content":"네"}],"type":"pronunciation"},{"alternatives":[{"confidence":"0.0","content":"."}],"type":"punctuation"},{"start_time":"11.07","end_time":"11.35","alternatives":[{"confidence":"0.575","content":"저기"}],"type":"pronunciation"},{"start_time":"11.5","end_time":"11.83","alternatives":[{"confidence":"0.9996","content":"혹시"}],"type":"pronunciation"},{"start_time":"11.95","end_time":"12.36","alternatives":[{"confidence":"0.6291","content":"농협"}],"type":"pronunciation"},{"start_time":"12.36","end_time":"12.82","alternatives":[{"confidence":"0.7217","content":"등에서"}],"type":"pronunciation"},{"start_time":"13.01","end_time":"13.79","alternatives":[{"confidence":"0.967","content":"요청받으셨는지"}],"type":"pronunciation"},{"alternatives":[{"confidence":"0.0","content":"?"}],"type":"punctuation"},{"start_time":"15.51","end_time":"15.93","alternatives":[{"confidence":"0.9877","content":"네"}],"type":"pronunciation"},{"alternatives":[{"confidence":"0.0","content":"."}],"type":"punctuation"},{"start_time":"15.93","end_time":"16.13","alternatives":[{"confidence":"0.9421","content":"그게"}],"type":"pronunciation"},{"start_time":"16.13","end_time":"16.4","alternatives":[{"confidence":"0.7141","content":"그런"}],"type":"pronunciation"},{"start_time":"16.86","end_time":"17.2","alternatives":[{"confidence":"0.7972","content":"확인"}],"type":"pronunciation"},{"start_time":"17.2","end_time":"17.45","alternatives":[{"confidence":"0.9187","content":"차"}],"type":"pronunciation"},{"start_time":"17.45","end_time":"17.99","alternatives":[{"confidence":"0.9872000000000001","content":"주민번호"}],"type":"pronunciation"},{"start_time":"17.99","end_time":"18.44","alternatives":[{"confidence":"0.81865","content":"앞자리"}],"type":"pronunciation"},{"start_time":"18.44","end_time":"18.84","alternatives":[{"confidence":"0.5284","content":"여섯자리"}],"type":"pronunciation"},{"start_time":"18.84","end_time":"19.72","alternatives":[{"confidence":"0.93815","content":"부탁드리겠습니다"}],"type":"pronunciation"},{"alternatives":[{"confidence":"0.0","content":"."}],"type":"punctuation"},{"start_time":"23.61","end_time":"23.86","alternatives":[{"confidence":"0.3077","content":"네"}],"type":"pronunciation"},{"alternatives":[{"confidence":"0.0","content":"."}],"type":"punctuation"},{"start_time":"24.72","end_time":"24.96","alternatives":[{"confidence":"0.4392","content":"님으로"}],"type":"pronunciation"},{"start_time":"24.96","end_time":"25.86","alternatives":[{"confidence":"0.9147333333333334","content":"확인되시는데요"}],"type":"pronunciation"},{"alternatives":[{"confidence":"0.0","content":"."}],"type":"punctuation"},{"start_time":"26.76","end_time":"27.05","alternatives":[{"confidence":"0.0258","content":"네"}],"type":"pronunciation"},{"alternatives":[{"confidence":"0.0","content":"."}],"type":"punctuation"},{"start_time":"27.32","end_time":"27.67","alternatives":[{"confidence":"0.9601","content":"현재"}],"type":"pronunciation"},{"start_time":"27.67","end_time":"27.9","alternatives":[{"confidence":"0.643","content":"저희"}],"type":"pronunciation"},{"start_time":"27.9","end_time":"28.58","alternatives":[{"confidence":"0.4346","content":"쪽대출"}],"type":"pronunciation"},{"start_time":"28.58","end_time":"30.06","alternatives":[{"confidence":"0.74805","content":"이용중이신데"}],"type":"pronunciation"},{"start_time":"30.57","end_time":"30.79","alternatives":[{"confidence":"0.9744","content":"지금"}],"type":"pronunciation"},{"start_time":"31.19","end_time":"33.17","alternatives":[{"confidence":"0.9533333333333333","content":"농협중앙회쪽으로"}],"type":"pronunciation"},{"start_time":"33.97","end_time":"34.2","alternatives":[{"confidence":"0.1704","content":"권이"}],"type":"pronunciation"},{"start_time":"34.2","end_time":"34.58","alternatives":[{"confidence":"0.9962","content":"공문이"}],"type":"pronunciation"},{"start_time":"34.58","end_time":"34.96","alternatives":[{"confidence":"0.9999","content":"접수가"}],"type":"pronunciation"},{"start_time":"34.96","end_time":"35.58","alternatives":[{"confidence":"0.26043333333333335","content":"되가지고요"}],"type":"pronunciation"},{"alternatives":[{"confidence":"0.0","content":"."}],"type":"punctuation"},{"start_time":"39.05","end_time":"39.23","alternatives":[{"confidence":"0.1629","content":"네"}],"type":"pronunciation"},{"alternatives":[{"confidence":"0.0","content":"."}],"type":"punctuation"},{"start_time":"39.44","end_time":"39.58","alternatives":[{"confidence":"0.9038","content":"두"}],"type":"pronunciation"},{"start_time":"39.58","end_time":"39.97","alternatives":[{"confidence":"0.8667","content":"가지"}],"type":"pronunciation"},{"start_time":"39.97","end_time":"41.52","alternatives":[{"confidence":"0.868025","content":"공문들어왔고요"}],"type":"pronunciation"},{"start_time":"41.55","end_time":"42.27","alternatives":[{"confidence":"1.0","content":"혹시"}],"type":"pronunciation"},{"start_time":"42.27","end_time":"42.67","alternatives":[{"confidence":"0.5369","content":"저희쪽"}],"type":"pronunciation"},{"start_time":"42.67","end_time":"43.06","alternatives":[{"confidence":"0.8535","content":"자금"}],"type":"pronunciation"},{"start_time":"43.06","end_time":"43.36","alternatives":[{"confidence":"1.0","content":"전액"}],"type":"pronunciation"},{"start_time":"43.36","end_time":"44.37","alternatives":[{"confidence":"0.99855","content":"상환하시고"}],"type":"pronunciation"},{"start_time":"45.3","end_time":"45.88","alternatives":[{"confidence":"0.9934499999999999","content":"농협에서"}],"type":"pronunciation"},{"start_time":"45.88","end_time":"46.32","alternatives":[{"confidence":"0.9757","content":"저금리"}],"type":"pronunciation"},{"start_time":"46.32","end_time":"47.76","alternatives":[{"confidence":"0.9148000000000001","content":"대출받아보시려고"}],"type":"pronunciation"},{"start_time":"47.76","end_time":"48.03","alternatives":[{"confidence":"0.8399","content":"하시는"}],"type":"pronunciation"},{"start_time":"48.03","end_time":"48.13","alternatives":[{"confidence":"0.8347","content":"거"}],"type":"pronunciation"},{"start_time":"48.13","end_time":"48.72","alternatives":[{"confidence":"0.8894","content":"아니에요"}],"type":"pronunciation"},{"alternatives":[{"confidence":"0.0","content":"?"}],"type":"punctuation"},{"start_time":"49.05","end_time":"49.52","alternatives":[{"confidence":"0.4422","content":"아니고요"}],"type":"pronunciation"},{"alternatives":[{"confidence":"0.0","content":"."}],"type":"punctuation"},{"start_time":"52.27","end_time":"52.5","alternatives":[{"confidence":"0.6735","content":"네"}],"type":"pronunciation"},{"alternatives":[{"confidence":"0.0","content":"."}],"type":"punctuation"},{"start_time":"52.5","end_time":"52.86","alternatives":[{"confidence":"0.652","content":"네"}],"type":"pronunciation"},{"alternatives":[{"confidence":"0.0","content":"."}],"type":"punctuation"},{"start_time":"53.04","end_time":"53.47","alternatives":[{"confidence":"0.0988","content":"그래가지고"}],"type":"pronunciation"},{"start_time":"54.27","end_time":"54.4","alternatives":[{"confidence":"0.0164","content":"이제"}],"type":"pronunciation"},{"start_time":"54.4","end_time":"55.68","alternatives":[{"confidence":"0.85215","content":"고객님일"}],"type":"pronunciation"},{"start_time":"55.68","end_time":"56.43","alternatives":[{"confidence":"0.5810500000000001","content":"금융권에서"}],"type":"pronunciation"},{"start_time":"56.43","end_time":"56.86","alternatives":[{"confidence":"0.9826","content":"대출이"}],"type":"pronunciation"},{"start_time":"56.86","end_time":"57.03","alternatives":[{"confidence":"0.9915","content":"안"}],"type":"pronunciation"},{"start_time":"57.03","end_time":"57.41","alternatives":[{"confidence":"0.9991","content":"되시는"}],"type":"pronunciation"},{"start_time":"57.41","end_time":"58.19","alternatives":[{"confidence":"1.0","content":"분들이"}],"type":"pronunciation"},{"start_time":"58.71","end_time":"58.93","alternatives":[{"confidence":"0.5499","content":"그"}],"type":"pronunciation"},{"start_time":"58.94","end_time":"59.86","alternatives":[{"confidence":"0.7998666666666666","content":"상상담사"}],"type":"pronunciation"},{"start_time":"59.86","end_time":"60.68","alternatives":[{"confidence":"0.9608","content":"통해서"}],"type":"pronunciation"},{"start_time":"61.31","end_time":"61.59","alternatives":[{"confidence":"0.9833","content":"지금"}],"type":"pronunciation"},{"start_time":"61.62","end_time":"61.91","alternatives":[{"confidence":"0.9458","content":"신규"}],"type":"pronunciation"},{"start_time":"61.91","end_time":"62.34","alternatives":[{"confidence":"1.0","content":"대출이나"}],"type":"pronunciation"},{"start_time":"62.34","end_time":"62.64","alternatives":[{"confidence":"1.0","content":"기존"}],"type":"pronunciation"},{"start_time":"62.64","end_time":"63.29","alternatives":[{"confidence":"0.9796","content":"대출"}],"type":"pronunciation"},{"start_time":"63.5","end_time":"63.98","alternatives":[{"confidence":"0.9449","content":"상환하신"}],"type":"pronunciation"},{"start_time":"63.98","end_time":"64.69","alternatives":[{"confidence":"0.984","content":"다음에"}],"type":"pronunciation"},{"start_time":"65.36","end_time":"65.9","alternatives":[{"confidence":"0.84855","content":"상환능력"}],"type":"pronunciation"},{"start_time":"65.9","end_time":"66.27","alternatives":[{"confidence":"0.9989","content":"높여서"}],"type":"pronunciation"},{"start_time":"66.27","end_time":"66.53","alternatives":[{"confidence":"0.9713","content":"이렇게"}],"type":"pronunciation"},{"start_time":"66.83","end_time":"67.64","alternatives":[{"confidence":"0.7728999999999999","content":"대출받아보신"}],"type":"pronunciation"},{"start_time":"67.64","end_time":"67.95","alternatives":[{"confidence":"1.0","content":"사례가"}],"type":"pronunciation"},{"start_time":"67.95","end_time":"68.25","alternatives":[{"confidence":"0.992","content":"있어서"}],"type":"pronunciation"},{"start_time":"68.25","end_time":"68.69","alternatives":[{"confidence":"0.98885","content":"그럽니다"}],"type":"pronunciation"},{"alternatives":[{"confidence":"0.0","content":"."}],"type":"punctuation"},{"start_time":"71.58","end_time":"72.41","alternatives":[{"confidence":"0.9706","content":"왜냐하면"}],"type":"pronunciation"},{"start_time":"72.41","end_time":"72.71","alternatives":[{"confidence":"0.995","content":"지금"}],"type":"pronunciation"},{"start_time":"72.71","end_time":"73.17","alternatives":[{"confidence":"0.9199999999999999","content":"요청하신"}],"type":"pronunciation"},{"start_time":"73.17","end_time":"73.48","alternatives":[{"confidence":"0.2832","content":"공무원"}],"type":"pronunciation"},{"start_time":"73.48","end_time":"73.62","alternatives":[{"confidence":"0.7524","content":"들이"}],"type":"pronunciation"},{"start_time":"73.62","end_time":"73.82","alternatives":[{"confidence":"0.9867","content":"이런"}],"type":"pronunciation"},{"start_time":"73.82","end_time":"74.19","alternatives":[{"confidence":"0.90515","content":"사례랑"}],"type":"pronunciation"},{"start_time":"74.19","end_time":"74.64","alternatives":[{"confidence":"0.87225","content":"유사해서"}],"type":"pronunciation"},{"start_time":"75.22","end_time":"75.43","alternatives":[{"confidence":"0.6517","content":"많이"}],"type":"pronunciation"},{"start_time":"75.43","end_time":"75.67","alternatives":[{"confidence":"0.6899500000000001","content":"해드린"}],"type":"pronunciation"},{"start_time":"75.67","end_time":"76.17","alternatives":[{"confidence":"0.8681","content":"거고요"}],"type":"pronunciation"},{"alternatives":[{"confidence":"0.0","content":"."}],"type":"punctuation"},{"start_time":"76.49","end_time":"76.7","alternatives":[{"confidence":"0.971","content":"네"}],"type":"pronunciation"},{"alternatives":[{"confidence":"0.0","content":"."}],"type":"punctuation"},{"start_time":"76.7","end_time":"77.1","alternatives":[{"confidence":"0.9810000000000001","content":"고객님이"}],"type":"pronunciation"},{"start_time":"77.1","end_time":"77.63","alternatives":[{"confidence":"0.9765333333333333","content":"아니시라고"}],"type":"pronunciation"},{"start_time":"77.63","end_time":"78.12","alternatives":[{"confidence":"1.0","content":"하니까"}],"type":"pronunciation"},{"start_time":"78.12","end_time":"78.34","alternatives":[{"confidence":"1.0","content":"제가"}],"type":"pronunciation"},{"start_time":"78.34","end_time":"78.62","alternatives":[{"confidence":"1.0","content":"일단"}],"type":"pronunciation"},{"start_time":"78.88","end_time":"79.51","alternatives":[{"confidence":"0.97","content":"요청해주신"}],"type":"pronunciation"},{"start_time":"79.51","end_time":"79.95","alternatives":[{"confidence":"0.3761","content":"거"}],"type":"pronunciation"},{"start_time":"80.3","end_time":"80.7","alternatives":[{"confidence":"0.9157","content":"지금"}],"type":"pronunciation"},{"start_time":"80.72","end_time":"81.1","alternatives":[{"confidence":"0.1693","content":"지금"}],"type":"pronunciation"},{"start_time":"81.13","end_time":"81.53","alternatives":[{"confidence":"0.69035","content":"기업부"}],"type":"pronunciation"},{"start_time":"81.53","end_time":"82.91","alternatives":[{"confidence":"0.9960333333333334","content":"납부증명서하고"}],"type":"pronunciation"},{"start_time":"83.35","end_time":"83.97","alternatives":[{"confidence":"0.626","content":"전산기관"}],"type":"pronunciation"},{"start_time":"83.97","end_time":"84.27","alternatives":[{"confidence":"0.8231999999999999","content":"요청은"}],"type":"pronunciation"},{"start_time":"84.27","end_time":"84.51","alternatives":[{"confidence":"0.3443","content":"공이"}],"type":"pronunciation"},{"start_time":"84.51","end_time":"84.93","alternatives":[{"confidence":"0.8914","content":"님이"}],"type":"pronunciation"},{"start_time":"85.23","end_time":"85.44","alternatives":[{"confidence":"0.6855","content":"저희"}],"type":"pronunciation"},{"start_time":"85.44","end_time":"85.98","alternatives":[{"confidence":"0.708725","content":"쪽상한을"}],"type":"pronunciation"},{"start_time":"85.98","end_time":"86.09","alternatives":[{"confidence":"0.9506","content":"다"}],"type":"pronunciation"},{"start_time":"86.09","end_time":"87.53","alternatives":[{"confidence":"0.58405","content":"해주셔야"}],"type":"pronunciation"},{"start_time":"87.8","end_time":"87.94","alternatives":[{"confidence":"0.8976","content":"다"}],"type":"pronunciation"},{"start_time":"87.94","end_time":"88.81","alternatives":[{"confidence":"0.7781499999999999","content":"해주셔야"}],"type":"pronunciation"},{"start_time":"88.84","end_time":"89.06","alternatives":[{"confidence":"0.9998","content":"그게"}],"type":"pronunciation"},{"start_time":"89.06","end_time":"89.4","alternatives":[{"confidence":"0.8935","content":"확인"}],"type":"pronunciation"},{"start_time":"89.4","end_time":"89.49","alternatives":[{"confidence":"0.9593","content":"후"}],"type":"pronunciation"},{"start_time":"89.49","end_time":"89.87","alternatives":[{"confidence":"1.0","content":"저희가"}],"type":"pronunciation"},{"start_time":"90.06","end_time":"90.44","alternatives":[{"confidence":"0.9997","content":"공문을"}],"type":"pronunciation"},{"start_time":"90.44","end_time":"90.67","alternatives":[{"confidence":"0.5403","content":"보내"}],"type":"pronunciation"},{"start_time":"90.67","end_time":"90.87","alternatives":[{"confidence":"0.9777","content":"드릴"}],"type":"pronunciation"},{"start_time":"90.87","end_time":"91.04","alternatives":[{"confidence":"0.9781","content":"수가"}],"type":"pronunciation"},{"start_time":"91.04","end_time":"91.37","alternatives":[{"confidence":"0.9966","content":"있습니다"}],"type":"pronunciation"},{"alternatives":[{"confidence":"0.0","content":"."}],"type":"punctuation"},{"start_time":"92.83","end_time":"93.24","alternatives":[{"confidence":"0.6785333333333333","content":"상한을"}],"type":"pronunciation"},{"start_time":"93.24","end_time":"93.4","alternatives":[{"confidence":"0.6948","content":"안"}],"type":"pronunciation"},{"start_time":"93.4","end_time":"93.63","alternatives":[{"confidence":"0.8037","content":"하신"}],"type":"pronunciation"},{"start_time":"93.63","end_time":"94.36","alternatives":[{"confidence":"0.9959","content":"상태에서는"}],"type":"pronunciation"},{"alternatives":[{"confidence":"0.0","content":"?"}],"type":"punctuation"},{"start_time":"96.67","end_time":"96.95","alternatives":[{"confidence":"0.7945","content":"네"}],"type":"pronunciation"},{"alternatives":[{"confidence":"0.0","content":"."}],"type":"punctuation"},{"start_time":"96.95","end_time":"97.21","alternatives":[{"confidence":"1.0","content":"일단"}],"type":"pronunciation"},{"start_time":"97.21","end_time":"97.65","alternatives":[{"confidence":"0.7838","content":"지금부터"}],"type":"pronunciation"},{"start_time":"97.65","end_time":"98.19","alternatives":[{"confidence":"0.7173","content":"상환절차"}],"type":"pronunciation"},{"start_time":"98.19","end_time":"98.93","alternatives":[{"confidence":"0.7840333333333334","content":"안내해드리겠습니다"}],"type":"pronunciation"},{"start_time":"98.93","end_time":"100.62","alternatives":[{"confidence":"0.9985999999999999","content":"고객님잠시만"}],"type":"pronunciation"},{"start_time":"100.62","end_time":"100.86","alternatives":[{"confidence":"0.9565","content":"기다려"}],"type":"pronunciation"},{"start_time":"100.86","end_time":"101.6","alternatives":[{"confidence":"1.0","content":"주십시오"}],"type":"pronunciation"},{"alternatives":[{"confidence":"0.0","content":"."}],"type":"punctuation"},{"start_time":"109.32","end_time":"109.5","alternatives":[{"confidence":"0.8819","content":"네"}],"type":"pronunciation"},{"alternatives":[{"confidence":"0.0","content":"."}],"type":"punctuation"},{"start_time":"109.5","end_time":"110.48","alternatives":[{"confidence":"0.9991","content":"여보세요"}],"type":"pronunciation"},{"alternatives":[{"confidence":"0.0","content":"."}],"type":"punctuation"},{"start_time":"110.85","end_time":"111.2","alternatives":[{"confidence":"0.0065","content":"네네"}],"type":"pronunciation"},{"alternatives":[{"confidence":"0.0","content":"."}],"type":"punctuation"},{"start_time":"111.54","end_time":"111.74","alternatives":[{"confidence":"0.9827","content":"지금"}],"type":"pronunciation"},{"start_time":"111.74","end_time":"112.23","alternatives":[{"confidence":"0.5035499999999999","content":"저희쪽"}],"type":"pronunciation"},{"start_time":"112.28","end_time":"113.05","alternatives":[{"confidence":"0.6792","content":"채권으로"}],"type":"pronunciation"},{"start_time":"113.05","end_time":"114.12","alternatives":[{"confidence":"0.9712999999999999","content":"연락주셨고요"}],"type":"pronunciation"},{"alternatives":[{"confidence":"0.0","content":"."}],"type":"punctuation"},{"start_time":"114.75","end_time":"115.15","alternatives":[{"confidence":"0.9257","content":"네"}],"type":"pronunciation"},{"alternatives":[{"confidence":"0.0","content":"."}],"type":"punctuation"},{"start_time":"115.18","end_time":"115.51","alternatives":[{"confidence":"0.9935","content":"지금"}],"type":"pronunciation"},{"start_time":"115.51","end_time":"116.08","alternatives":[{"confidence":"0.9889","content":"현재"}],"type":"pronunciation"},{"start_time":"116.11","end_time":"116.66","alternatives":[{"confidence":"0.9904","content":"지금"}],"type":"pronunciation"},{"start_time":"117.48","end_time":"117.66","alternatives":[{"confidence":"0.9673","content":"지금"}],"type":"pronunciation"},{"start_time":"117.66","end_time":"118.99","alternatives":[{"confidence":"0.9674333333333333","content":"중도상환금액이"}],"type":"pronunciation"},{"alternatives":[{"confidence":"0.0","content":"?"}],"type":"punctuation"},{"start_time":"120.85","end_time":"121.13","alternatives":[{"confidence":"0.9285","content":"네"}],"type":"pronunciation"},{"alternatives":[{"confidence":"0.0","content":"."}],"type":"punctuation"},{"start_time":"121.13","end_time":"122.1","alternatives":[{"confidence":"0.7918","content":"이천칠"}],"type":"pronunciation"},{"start_time":"122.13","end_time":"125.24","alternatives":[{"confidence":"0.6466333333333333","content":"이천칠백칠십사"}],"type":"pronunciation"},{"start_time":"125.24","end_time":"125.51","alternatives":[{"confidence":"0.9276","content":"만"}],"type":"pronunciation"},{"start_time":"125.51","end_time":"126.21","alternatives":[{"confidence":"0.8154","content":"삼천"}],"type":"pronunciation"},{"start_time":"127.43","end_time":"128.84","alternatives":[{"confidence":"0.67054","content":"삼백삼십칠원입니다"}],"type":"pronunciation"},{"alternatives":[{"confidence":"0.0","content":"."}],"type":"punctuation"},{"start_time":"129.22","end_time":"129.54","alternatives":[{"confidence":"0.5999","content":"삼십칠"}],"type":"pronunciation"},{"start_time":"130.16","end_time":"130.38","alternatives":[{"confidence":"0.6259","content":"네"}],"type":"pronunciation"},{"alternatives":[{"confidence":"0.0","content":"."}],"type":"punctuation"},{"start_time":"130.38","end_time":"130.88","alternatives":[{"confidence":"0.9378","content":"금액한번"}],"type":"pronunciation"},{"start_time":"130.88","end_time":"131.08","alternatives":[{"confidence":"0.9986","content":"불러"}],"type":"pronunciation"},{"start_time":"131.08","end_time":"131.66","alternatives":[{"confidence":"1.0","content":"주시겠습니까"}],"type":"pronunciation"},{"alternatives":[{"confidence":"0.0","content":"?"}],"type":"punctuation"},{"start_time":"131.66","end_time":"132.69","alternatives":[{"confidence":"0.755","content":"이천칠백칠십"}],"type":"pronunciation"},{"start_time":"132.69","end_time":"134.05","alternatives":[{"confidence":"0.91805","content":"사만삼천삼백삼십칠"}],"type":"pronunciation"},{"alternatives":[{"confidence":"0.0","content":"."}],"type":"punctuation"},{"start_time":"134.95","end_time":"135.35","alternatives":[{"confidence":"0.9363","content":"네"}],"type":"pronunciation"},{"alternatives":[{"confidence":"0.0","content":"."}],"type":"punctuation"},{"start_time":"135.35","end_time":"135.61","alternatives":[{"confidence":"0.9996","content":"그리고"}],"type":"pronunciation"},{"start_time":"135.61","end_time":"135.77","alternatives":[{"confidence":"0.9921","content":"지금"}],"type":"pronunciation"},{"start_time":"135.77","end_time":"137.5","alternatives":[{"confidence":"0.9845999999999999","content":"담당자이고요"}],"type":"pronunciation"},{"alternatives":[{"confidence":"0.0","content":"."}],"type":"punctuation"},{"start_time":"138.67","end_time":"139.16","alternatives":[{"confidence":"0.114","content":"네"}],"type":"pronunciation"},{"alternatives":[{"confidence":"0.0","content":"."}],"type":"punctuation"},{"start_time":"140.5","end_time":"140.96","alternatives":[{"confidence":"1.0","content":"나쁘기"}],"type":"pronunciation"},{"start_time":"140.96","end_time":"141.23","alternatives":[{"confidence":"0.997","content":"전에"}],"type":"pronunciation"},{"start_time":"141.23","end_time":"141.5","alternatives":[{"confidence":"0.982","content":"지금"}],"type":"pronunciation"},{"start_time":"141.5","end_time":"142.04","alternatives":[{"confidence":"0.7204","content":"기업"}],"type":"pronunciation"},{"start_time":"142.04","end_time":"143.18","alternatives":[{"confidence":"0.9398","content":"기업은행으로"}],"type":"pronunciation"},{"start_time":"143.18","end_time":"144.24","alternatives":[{"confidence":"0.9859666666666667","content":"열람되셨고요"}],"type":"pronunciation"},{"alternatives":[{"confidence":"0.0","content":"."}],"type":"punctuation"},{"start_time":"145.23","end_time":"145.49","alternatives":[{"confidence":"0.4648","content":"네"}],"type":"pronunciation"},{"alternatives":[{"confidence":"0.0","content":"."}],"type":"punctuation"},{"start_time":"145.49","end_time":"145.8","alternatives":[{"confidence":"0.4487","content":"네"}],"type":"pronunciation"},{"alternatives":[{"confidence":"0.0","content":"."}],"type":"punctuation"},{"start_time":"146.0","end_time":"146.53","alternatives":[{"confidence":"0.8343","content":"메모가능"}],"type":"pronunciation"},{"start_time":"146.53","end_time":"147.48","alternatives":[{"confidence":"0.9813000000000001","content":"하신지요"}],"type":"pronunciation"},{"alternatives":[{"confidence":"0.0","content":"."}],"type":"punctuation"},{"start_time":"148.24","end_time":"149.11","alternatives":[{"confidence":"0.87445","content":"기업은행"}],"type":"pronunciation"},{"start_time":"152.59","end_time":"152.83","alternatives":[{"confidence":"0.6891","content":"네"}],"type":"pronunciation"},{"alternatives":[{"confidence":"0.0","content":"."}],"type":"punctuation"},{"start_time":"152.83","end_time":"153.06","alternatives":[{"confidence":"0.6775","content":"네"}],"type":"pronunciation"},{"alternatives":[{"confidence":"0.0","content":"."}],"type":"punctuation"},{"start_time":"153.32","end_time":"154.69","alternatives":[{"confidence":"0.8982","content":"고객님지금"}],"type":"pronunciation"},{"start_time":"155.05","end_time":"155.63","alternatives":[{"confidence":"0.9419666666666666","content":"어저께"}],"type":"pronunciation"},{"start_time":"155.75","end_time":"156.33","alternatives":[{"confidence":"0.9999","content":"나쁘게"}],"type":"pronunciation"},{"start_time":"156.48","end_time":"157.03","alternatives":[{"confidence":"0.8915500000000001","content":"부산은행"}],"type":"pronunciation"},{"start_time":"157.03","end_time":"157.12","alternatives":[{"confidence":"0.4587","content":"후"}],"type":"pronunciation"},{"start_time":"157.12","end_time":"158.05","alternatives":[{"confidence":"0.9719666666666668","content":"열람되셨는데"}],"type":"pronunciation"},{"alternatives":[{"confidence":"0.0","content":"."}],"type":"punctuation"},{"start_time":"158.58","end_time":"158.89","alternatives":[{"confidence":"0.7931","content":"네"}],"type":"pronunciation"},{"start_time":"158.89","end_time":"159.12","alternatives":[{"confidence":"0.3321","content":"고개"}],"type":"pronunciation"},{"start_time":"159.12","end_time":"159.58","alternatives":[{"confidence":"0.8908","content":"님께서"}],"type":"pronunciation"},{"start_time":"159.58","end_time":"160.2","alternatives":[{"confidence":"0.96445","content":"요청하신"}],"type":"pronunciation"},{"start_time":"160.2","end_time":"160.35","alternatives":[{"confidence":"0.9957","content":"것"}],"type":"pronunciation"},{"start_time":"160.35","end_time":"161.07","alternatives":[{"confidence":"0.9904","content":"때문에"}],"type":"pronunciation"},{"start_time":"161.87","end_time":"162.19","alternatives":[{"confidence":"0.8678","content":"저희"}],"type":"pronunciation"},{"start_time":"162.25","end_time":"162.57","alternatives":[{"confidence":"0.6975","content":"채권"}],"type":"pronunciation"},{"start_time":"162.57","end_time":"163.07","alternatives":[{"confidence":"0.982","content":"회수팀으로"}],"type":"pronunciation"},{"start_time":"163.07","end_time":"163.77","alternatives":[{"confidence":"0.7691","content":"납부요청"}],"type":"pronunciation"},{"start_time":"163.77","end_time":"164.11","alternatives":[{"confidence":"0.97175","content":"들어오신"}],"type":"pronunciation"},{"start_time":"164.11","end_time":"164.69","alternatives":[{"confidence":"0.5444","content":"거라"}],"type":"pronunciation"},{"start_time":"165.01","end_time":"166.87","alternatives":[{"confidence":"0.9979333333333334","content":"담당자배정받고"}],"type":"pronunciation"},{"start_time":"166.87","end_time":"167.66","alternatives":[{"confidence":"0.8523499999999999","content":"계좌열람해드린"}],"type":"pronunciation"},{"start_time":"167.66","end_time":"168.65","alternatives":[{"confidence":"0.97725","content":"거고요"}],"type":"pronunciation"},{"alternatives":[{"confidence":"0.0","content":"."}],"type":"punctuation"},{"start_time":"168.9","end_time":"169.22","alternatives":[{"confidence":"0.982","content":"지금"}],"type":"pronunciation"},{"start_time":"169.22","end_time":"169.36","alternatives":[{"confidence":"0.5975","content":"이"}],"type":"pronunciation"},{"start_time":"169.36","end_time":"170.87","alternatives":[{"confidence":"0.9999666666666668","content":"계좌열람시간이"}],"type":"pronunciation"},{"start_time":"171.33","end_time":"171.66","alternatives":[{"confidence":"0.8036","content":"지금"}],"type":"pronunciation"},{"start_time":"172.06","end_time":"172.31","alternatives":[{"confidence":"0.29125","content":"동협"}],"type":"pronunciation"},{"start_time":"172.31","end_time":"172.59","alternatives":[{"confidence":"0.6837","content":"측에서"}],"type":"pronunciation"},{"start_time":"172.59","end_time":"173.02","alternatives":[{"confidence":"0.9862","content":"오전에"}],"type":"pronunciation"},{"start_time":"173.02","end_time":"173.65","alternatives":[{"confidence":"0.8328333333333333","content":"처리하신다고"}],"type":"pronunciation"},{"start_time":"173.65","end_time":"174.23","alternatives":[{"confidence":"0.9867","content":"해서"}],"type":"pronunciation"},{"start_time":"175.01","end_time":"175.3","alternatives":[{"confidence":"0.9816","content":"지금"}],"type":"pronunciation"},{"start_time":"175.3","end_time":"175.41","alternatives":[{"confidence":"0.9854","content":"한"}],"type":"pronunciation"},{"start_time":"175.41","end_time":"175.77","alternatives":[{"confidence":"0.5709666666666666","content":"십오분"}],"type":"pronunciation"},{"start_time":"175.77","end_time":"176.0","alternatives":[{"confidence":"0.9945","content":"밖에"}],"type":"pronunciation"},{"start_time":"176.0","end_time":"176.34","alternatives":[{"confidence":"0.9922","content":"열람이"}],"type":"pronunciation"},{"start_time":"176.34","end_time":"177.48","alternatives":[{"confidence":"0.80015","content":"안되세요"}],"type":"pronunciation"},{"alternatives":[{"confidence":"0.0","content":"."}],"type":"punctuation"},{"start_time":"179.21","end_time":"179.56","alternatives":[{"confidence":"0.9895","content":"네"}],"type":"pronunciation"},{"alternatives":[{"confidence":"0.0","content":"."}],"type":"punctuation"},{"start_time":"179.56","end_time":"179.77","alternatives":[{"confidence":"0.9907","content":"지금"}],"type":"pronunciation"},{"start_time":"179.77","end_time":"180.01","alternatives":[{"confidence":"0.497","content":"십오"}],"type":"pronunciation"},{"start_time":"180.01","end_time":"180.16","alternatives":[{"confidence":"0.8876","content":"분"}],"type":"pronunciation"},{"start_time":"180.16","end_time":"180.36","alternatives":[{"confidence":"0.8021","content":"안으로"}],"type":"pronunciation"},{"start_time":"180.36","end_time":"181.69","alternatives":[{"confidence":"0.9734499999999999","content":"납부해주시고"}],"type":"pronunciation"},{"start_time":"182.61","end_time":"182.84","alternatives":[{"confidence":"0.9552","content":"저희"}],"type":"pronunciation"},{"start_time":"182.84","end_time":"183.07","alternatives":[{"confidence":"0.9962","content":"쪽으로"}],"type":"pronunciation"},{"start_time":"183.07","end_time":"183.32","alternatives":[{"confidence":"0.9992","content":"다시"}],"type":"pronunciation"},{"start_time":"183.32","end_time":"183.53","alternatives":[{"confidence":"0.9722","content":"한번"}],"type":"pronunciation"},{"start_time":"183.53","end_time":"184.52","alternatives":[{"confidence":"0.9596","content":"연락주시겠습니까"}],"type":"pronunciation"},{"alternatives":[{"confidence":"0.0","content":"."}],"type":"punctuation"},{"start_time":"185.75","end_time":"185.95","alternatives":[{"confidence":"0.4183","content":"네"}],"type":"pronunciation"},{"alternatives":[{"confidence":"0.0","content":"."}],"type":"punctuation"},{"start_time":"185.95","end_time":"186.21","alternatives":[{"confidence":"0.4025","content":"그리고"}],"type":"pronunciation"},{"start_time":"186.45","end_time":"186.96","alternatives":[{"confidence":"0.9732000000000001","content":"납부하실"}],"type":"pronunciation"},{"start_time":"186.96","end_time":"187.37","alternatives":[{"confidence":"0.9739","content":"방법은"}],"type":"pronunciation"},{"start_time":"187.37","end_time":"187.62","alternatives":[{"confidence":"1.0","content":"어떻게"}],"type":"pronunciation"},{"start_time":"187.62","end_time":"188.45","alternatives":[{"confidence":"1.0","content":"되시나요"}],"type":"pronunciation"},{"alternatives":[{"confidence":"0.0","content":"?"}],"type":"punctuation"},{"start_time":"189.94","end_time":"190.07","alternatives":[{"confidence":"9.0E-4","content":"라고"}],"type":"pronunciation"},{"start_time":"190.07","end_time":"190.34","alternatives":[{"confidence":"0.0012","content":"합니다"}],"type":"pronunciation"},{"alternatives":[{"confidence":"0.0","content":"."}],"type":"punctuation"},{"start_time":"191.63","end_time":"191.72","alternatives":[{"confidence":"0.1753","content":"이"}],"type":"pronunciation"},{"start_time":"191.72","end_time":"192.07","alternatives":[{"confidence":"0.5871500000000001","content":"시고요"}],"type":"pronunciation"},{"start_time":"192.55","end_time":"193.79","alternatives":[{"confidence":"0.98385","content":"이시고요"}],"type":"pronunciation"},{"start_time":"194.595","end_time":"194.935","alternatives":[{"confidence":"0.9545","content":"은행은"}],"type":"pronunciation"},{"start_time":"194.935","end_time":"195.885","alternatives":[{"confidence":"0.8684333333333334","content":"기업은행이시죠"}],"type":"pronunciation"},{"alternatives":[{"confidence":"0.0","content":"?"}],"type":"punctuation"},{"start_time":"196.855","end_time":"197.235","alternatives":[{"confidence":"0.7623","content":"네"}],"type":"pronunciation"},{"alternatives":[{"confidence":"0.0","content":"."}],"type":"punctuation"},{"start_time":"197.235","end_time":"197.765","alternatives":[{"confidence":"0.8019000000000001","content":"기업은행"}],"type":"pronunciation"},{"start_time":"197.765","end_time":"198.195","alternatives":[{"confidence":"0.9707","content":"시고"}],"type":"pronunciation"},{"start_time":"198.355","end_time":"198.595","alternatives":[{"confidence":"0.9739","content":"지금"}],"type":"pronunciation"},{"start_time":"198.595","end_time":"198.835","alternatives":[{"confidence":"0.3526","content":"십오"}],"type":"pronunciation"},{"start_time":"198.835","end_time":"199.005","alternatives":[{"confidence":"0.3869","content":"분"}],"type":"pronunciation"},{"start_time":"199.305","end_time":"200.075","alternatives":[{"confidence":"0.29069999999999996","content":"됐으니까"}],"type":"pronunciation"},{"start_time":"200.315","end_time":"200.505","alternatives":[{"confidence":"0.1162","content":"빨리"}],"type":"pronunciation"},{"start_time":"200.505","end_time":"201.655","alternatives":[{"confidence":"0.93005","content":"납부해주시고"}],"type":"pronunciation"},{"start_time":"202.215","end_time":"202.505","alternatives":[{"confidence":"0.9062","content":"연락"}],"type":"pronunciation"},{"start_time":"202.505","end_time":"202.965","alternatives":[{"confidence":"1.0","content":"주시고"}],"type":"pronunciation"},{"start_time":"203.185","end_time":"203.675","alternatives":[{"confidence":"0.9568","content":"한번에"}],"type":"pronunciation"},{"start_time":"203.675","end_time":"203.935","alternatives":[{"confidence":"0.9995","content":"이걸"}],"type":"pronunciation"},{"start_time":"203.935","end_time":"204.655","alternatives":[{"confidence":"0.8017","content":"이천칠백만원"}],"type":"pronunciation"},{"start_time":"204.655","end_time":"204.935","alternatives":[{"confidence":"0.369","content":"나쁜"}],"type":"pronunciation"},{"start_time":"204.935","end_time":"205.245","alternatives":[{"confidence":"0.8763","content":"해주셔야"}],"type":"pronunciation"},{"start_time":"205.245","end_time":"205.645","alternatives":[{"confidence":"0.8807","content":"됩니다"}],"type":"pronunciation"},{"alternatives":[{"confidence":"0.0","content":"."}],"type":"punctuation"},{"start_time":"207.145","end_time":"207.525","alternatives":[{"confidence":"0.9995","content":"네"}],"type":"pronunciation"},{"alternatives":[{"confidence":"0.0","content":"."}],"type":"punctuation"},{"start_time":"207.525","end_time":"208.015","alternatives":[{"confidence":"1.0","content":"감사합니다"}],"type":"pronunciation"},{"alternatives":[{"confidence":"0.0","content":"."}],"type":"punctuation"},{"start_time":"208.655","end_time":"209.025","alternatives":[{"confidence":"0.2872","content":"네"}],"type":"pronunciation"},{"alternatives":[{"confidence":"0.0","content":"."}],"type":"punctuation"}]},"status":"COMPLETED"}