{"jobName":"transcribe_loan166","accountId":"097989105209","results":{"transcripts":[{"transcript":"이백 이십 만원 처리하시고 받아가시라고 나올 수 있는데 그거맞으시자 지금 처리는 가능하신가요? 라고 하셨는데 그러는데 오십만원이에요 상담오십만원으로는 안 되시고요 하시고 가져가셨는데요 취소를 하시겠다고 선원의 드릴 수가 있는데 취소를 하시게 되시면 공인이 나쁘하셨던 거 납부하셨던 거 받아가시는데 까지는 한 일주일 정도 그러시면 잠깐 없으신가요? 알겠습니다. 취소해 드릴게요. 그러겠냐 그냥 저희 쪽에서 치도 처리올리면 돼요. 그마하나일주일 후에 다음 주 월요일 정도에 해서 황금자리 들어가실 겁니다. 저희 쪽으로 연락주시면 본사에 전화하시든 저희 쪽으로 연락을 본인들이 안 돼 있으시면 고객님한테. 저거 안 들어가실 거예요. 부터 바로 그 또 다른 핸드폰을 전화했더니 없 없다고 하시던데. 그 본인 인증한 게 무슨 얘기이세요? 제가 이거 핸드폰을 전화하니까. 본인 핸드폰으로 전화하셔야죠 확인을 해주시죠. 그리고 전화했을 때는 안 나 안 됐다고 하니까 본인 핸드폰으로 전화안 하시면은 확인 안 해주세요. 금융사들이 전부 다 명의 된 게 많다 보니까 본인이 본인의 하세요? 아닙니다. 정확하게 주실 거예요. 정확하게 말씀월요일날 한번 들어가실 거예요. 정확하게 들어오는 맞나요? 네, 맞습니다. 맞으시잖아요 아닙니다. 어떻게 하실 거예요? 도 하셨에서. 전화있는데 본사에서 본인안된다던데요 거기는 거예요. 그걸 자꾸 많이 달라지셨잖아요. 경찰에 신고해도 돼요? 먹는 거예요. 알겠습니다. 이런 간혹 있으니까 친구"}],"items":[{"start_time":"1.81","end_time":"2.29","alternatives":[{"confidence":"0.7336","content":"이백"}],"type":"pronunciation"},{"start_time":"2.29","end_time":"2.6","alternatives":[{"confidence":"0.7093","content":"이십"}],"type":"pronunciation"},{"start_time":"2.6","end_time":"3.24","alternatives":[{"confidence":"0.5771","content":"만원"}],"type":"pronunciation"},{"start_time":"3.24","end_time":"3.79","alternatives":[{"confidence":"0.82225","content":"처리하시고"}],"type":"pronunciation"},{"start_time":"3.79","end_time":"4.61","alternatives":[{"confidence":"0.8967","content":"받아가시라고"}],"type":"pronunciation"},{"start_time":"4.61","end_time":"4.96","alternatives":[{"confidence":"0.9863","content":"나올"}],"type":"pronunciation"},{"start_time":"4.96","end_time":"5.1","alternatives":[{"confidence":"0.9989","content":"수"}],"type":"pronunciation"},{"start_time":"5.19","end_time":"6.12","alternatives":[{"confidence":"0.9225","content":"있는데"}],"type":"pronunciation"},{"start_time":"7.23","end_time":"8.37","alternatives":[{"confidence":"0.710025","content":"그거맞으시자"}],"type":"pronunciation"},{"start_time":"8.45","end_time":"8.73","alternatives":[{"confidence":"0.9623","content":"지금"}],"type":"pronunciation"},{"start_time":"8.73","end_time":"9.15","alternatives":[{"confidence":"0.9486","content":"처리는"}],"type":"pronunciation"},{"start_time":"9.15","end_time":"10.09","alternatives":[{"confidence":"0.99885","content":"가능하신가요"}],"type":"pronunciation"},{"alternatives":[{"confidence":"0.0","content":"?"}],"type":"punctuation"},{"start_time":"10.64","end_time":"10.86","alternatives":[{"confidence":"0.0315","content":"라고"}],"type":"pronunciation"},{"start_time":"11.69","end_time":"12.08","alternatives":[{"confidence":"0.3672","content":"하셨는데"}],"type":"pronunciation"},{"start_time":"12.69","end_time":"13.15","alternatives":[{"confidence":"0.2652","content":"그러는데"}],"type":"pronunciation"},{"start_time":"14.81","end_time":"15.96","alternatives":[{"confidence":"0.41786666666666666","content":"오십만원이에요"}],"type":"pronunciation"},{"start_time":"16.92","end_time":"20.46","alternatives":[{"confidence":"0.707425","content":"상담오십만원으로는"}],"type":"pronunciation"},{"start_time":"20.46","end_time":"20.63","alternatives":[{"confidence":"0.9706","content":"안"}],"type":"pronunciation"},{"start_time":"20.63","end_time":"21.79","alternatives":[{"confidence":"0.96825","content":"되시고요"}],"type":"pronunciation"},{"start_time":"23.41","end_time":"23.69","alternatives":[{"confidence":"0.0182","content":"하시고"}],"type":"pronunciation"},{"start_time":"23.69","end_time":"24.47","alternatives":[{"confidence":"0.015433333333333334","content":"가져가셨는데요"}],"type":"pronunciation"},{"start_time":"27.36","end_time":"27.84","alternatives":[{"confidence":"0.99115","content":"취소를"}],"type":"pronunciation"},{"start_time":"27.84","end_time":"28.49","alternatives":[{"confidence":"0.9773499999999999","content":"하시겠다고"}],"type":"pronunciation"},{"start_time":"28.95","end_time":"29.46","alternatives":[{"confidence":"0.6394","content":"선원의"}],"type":"pronunciation"},{"start_time":"29.46","end_time":"29.79","alternatives":[{"confidence":"0.8645","content":"드릴"}],"type":"pronunciation"},{"start_time":"29.79","end_time":"29.99","alternatives":[{"confidence":"0.9985","content":"수가"}],"type":"pronunciation"},{"start_time":"29.99","end_time":"30.4","alternatives":[{"confidence":"0.9726","content":"있는데"}],"type":"pronunciation"},{"start_time":"30.4","end_time":"30.8","alternatives":[{"confidence":"0.94235","content":"취소를"}],"type":"pronunciation"},{"start_time":"30.8","end_time":"31.21","alternatives":[{"confidence":"0.99985","content":"하시게"}],"type":"pronunciation"},{"start_time":"31.21","end_time":"31.59","alternatives":[{"confidence":"0.9954000000000001","content":"되시면"}],"type":"pronunciation"},{"start_time":"31.59","end_time":"31.99","alternatives":[{"confidence":"0.85145","content":"공인이"}],"type":"pronunciation"},{"start_time":"31.99","end_time":"32.79","alternatives":[{"confidence":"0.566","content":"나쁘하셨던"}],"type":"pronunciation"},{"start_time":"32.79","end_time":"33.28","alternatives":[{"confidence":"0.0713","content":"거"}],"type":"pronunciation"},{"start_time":"34.72","end_time":"35.41","alternatives":[{"confidence":"0.8684499999999999","content":"납부하셨던"}],"type":"pronunciation"},{"start_time":"35.41","end_time":"35.59","alternatives":[{"confidence":"0.4159","content":"거"}],"type":"pronunciation"},{"start_time":"35.62","end_time":"36.55","alternatives":[{"confidence":"0.8435333333333334","content":"받아가시는데"}],"type":"pronunciation"},{"start_time":"36.55","end_time":"36.97","alternatives":[{"confidence":"0.7718","content":"까지는"}],"type":"pronunciation"},{"start_time":"36.97","end_time":"37.11","alternatives":[{"confidence":"0.9705","content":"한"}],"type":"pronunciation"},{"start_time":"37.11","end_time":"37.48","alternatives":[{"confidence":"0.9425","content":"일주일"}],"type":"pronunciation"},{"start_time":"37.48","end_time":"37.85","alternatives":[{"confidence":"0.7013","content":"정도"}],"type":"pronunciation"},{"start_time":"38.46","end_time":"38.89","alternatives":[{"confidence":"0.9860500000000001","content":"그러시면"}],"type":"pronunciation"},{"start_time":"38.89","end_time":"39.2","alternatives":[{"confidence":"0.9496","content":"잠깐"}],"type":"pronunciation"},{"start_time":"39.2","end_time":"39.99","alternatives":[{"confidence":"0.9989","content":"없으신가요"}],"type":"pronunciation"},{"alternatives":[{"confidence":"0.0","content":"?"}],"type":"punctuation"},{"start_time":"41.27","end_time":"41.97","alternatives":[{"confidence":"0.9951","content":"알겠습니다"}],"type":"pronunciation"},{"alternatives":[{"confidence":"0.0","content":"."}],"type":"punctuation"},{"start_time":"41.97","end_time":"42.3","alternatives":[{"confidence":"0.7001999999999999","content":"취소해"}],"type":"pronunciation"},{"start_time":"42.3","end_time":"42.69","alternatives":[{"confidence":"0.9572","content":"드릴게요"}],"type":"pronunciation"},{"alternatives":[{"confidence":"0.0","content":"."}],"type":"punctuation"},{"start_time":"42.69","end_time":"43.6","alternatives":[{"confidence":"0.8441","content":"그러겠냐"}],"type":"pronunciation"},{"start_time":"46.38","end_time":"46.63","alternatives":[{"confidence":"0.9992","content":"그냥"}],"type":"pronunciation"},{"start_time":"46.63","end_time":"46.81","alternatives":[{"confidence":"0.8738","content":"저희"}],"type":"pronunciation"},{"start_time":"46.81","end_time":"47.19","alternatives":[{"confidence":"0.9999","content":"쪽에서"}],"type":"pronunciation"},{"start_time":"47.19","end_time":"47.47","alternatives":[{"confidence":"0.39965","content":"치도"}],"type":"pronunciation"},{"start_time":"47.47","end_time":"48.21","alternatives":[{"confidence":"0.7516499999999999","content":"처리올리면"}],"type":"pronunciation"},{"start_time":"48.21","end_time":"48.48","alternatives":[{"confidence":"0.9226","content":"돼요"}],"type":"pronunciation"},{"alternatives":[{"confidence":"0.0","content":"."}],"type":"punctuation"},{"start_time":"48.48","end_time":"49.86","alternatives":[{"confidence":"0.59345","content":"그마하나일주일"}],"type":"pronunciation"},{"start_time":"49.86","end_time":"50.52","alternatives":[{"confidence":"0.9996","content":"후에"}],"type":"pronunciation"},{"start_time":"50.75","end_time":"51.01","alternatives":[{"confidence":"0.6063","content":"다음"}],"type":"pronunciation"},{"start_time":"51.01","end_time":"51.15","alternatives":[{"confidence":"0.6062","content":"주"}],"type":"pronunciation"},{"start_time":"51.15","end_time":"51.48","alternatives":[{"confidence":"0.8449","content":"월요일"}],"type":"pronunciation"},{"start_time":"51.48","end_time":"52.06","alternatives":[{"confidence":"0.802","content":"정도에"}],"type":"pronunciation"},{"start_time":"52.06","end_time":"52.52","alternatives":[{"confidence":"0.5534","content":"해서"}],"type":"pronunciation"},{"start_time":"52.52","end_time":"53.05","alternatives":[{"confidence":"0.44904999999999995","content":"황금자리"}],"type":"pronunciation"},{"start_time":"53.11","end_time":"53.54","alternatives":[{"confidence":"0.90305","content":"들어가실"}],"type":"pronunciation"},{"start_time":"53.54","end_time":"53.94","alternatives":[{"confidence":"1.0","content":"겁니다"}],"type":"pronunciation"},{"alternatives":[{"confidence":"0.0","content":"."}],"type":"punctuation"},{"start_time":"57.23","end_time":"57.46","alternatives":[{"confidence":"0.9562","content":"저희"}],"type":"pronunciation"},{"start_time":"57.46","end_time":"57.78","alternatives":[{"confidence":"0.9855","content":"쪽으로"}],"type":"pronunciation"},{"start_time":"57.78","end_time":"58.38","alternatives":[{"confidence":"0.7731","content":"연락주시면"}],"type":"pronunciation"},{"start_time":"58.38","end_time":"58.81","alternatives":[{"confidence":"0.7596499999999999","content":"본사에"}],"type":"pronunciation"},{"start_time":"58.81","end_time":"59.48","alternatives":[{"confidence":"0.49943333333333334","content":"전화하시든"}],"type":"pronunciation"},{"start_time":"59.48","end_time":"59.67","alternatives":[{"confidence":"0.8989","content":"저희"}],"type":"pronunciation"},{"start_time":"59.67","end_time":"59.96","alternatives":[{"confidence":"0.9861","content":"쪽으로"}],"type":"pronunciation"},{"start_time":"59.96","end_time":"60.27","alternatives":[{"confidence":"0.3323","content":"연락을"}],"type":"pronunciation"},{"start_time":"63.39","end_time":"64.08","alternatives":[{"confidence":"0.976","content":"본인들이"}],"type":"pronunciation"},{"start_time":"64.08","end_time":"64.21","alternatives":[{"confidence":"0.8512","content":"안"}],"type":"pronunciation"},{"start_time":"64.21","end_time":"64.33","alternatives":[{"confidence":"0.8044","content":"돼"}],"type":"pronunciation"},{"start_time":"64.33","end_time":"65.37","alternatives":[{"confidence":"0.9961","content":"있으시면"}],"type":"pronunciation"},{"start_time":"65.52","end_time":"66.4","alternatives":[{"confidence":"0.5784499999999999","content":"고객님한테"}],"type":"pronunciation"},{"alternatives":[{"confidence":"0.0","content":"."}],"type":"punctuation"},{"start_time":"66.4","end_time":"66.7","alternatives":[{"confidence":"0.4291","content":"저거"}],"type":"pronunciation"},{"start_time":"66.85","end_time":"67.1","alternatives":[{"confidence":"0.6559","content":"안"}],"type":"pronunciation"},{"start_time":"67.1","end_time":"67.56","alternatives":[{"confidence":"0.9507000000000001","content":"들어가실"}],"type":"pronunciation"},{"start_time":"67.56","end_time":"68.0","alternatives":[{"confidence":"0.9755","content":"거예요"}],"type":"pronunciation"},{"alternatives":[{"confidence":"0.0","content":"."}],"type":"punctuation"},{"start_time":"70.37","end_time":"70.91","alternatives":[{"confidence":"0.337","content":"부터"}],"type":"pronunciation"},{"start_time":"71.24","end_time":"71.45","alternatives":[{"confidence":"0.4253","content":"바로"}],"type":"pronunciation"},{"start_time":"71.55","end_time":"71.8","alternatives":[{"confidence":"0.2042","content":"그"}],"type":"pronunciation"},{"start_time":"72.17","end_time":"72.25","alternatives":[{"confidence":"0.441","content":"또"}],"type":"pronunciation"},{"start_time":"72.25","end_time":"72.48","alternatives":[{"confidence":"0.9726","content":"다른"}],"type":"pronunciation"},{"start_time":"72.48","end_time":"72.8","alternatives":[{"confidence":"0.9736","content":"핸드폰을"}],"type":"pronunciation"},{"start_time":"72.8","end_time":"73.28","alternatives":[{"confidence":"0.99115","content":"전화했더니"}],"type":"pronunciation"},{"start_time":"73.28","end_time":"73.4","alternatives":[{"confidence":"0.0928","content":"없"}],"type":"pronunciation"},{"start_time":"73.72","end_time":"74.08","alternatives":[{"confidence":"0.9966","content":"없다고"}],"type":"pronunciation"},{"start_time":"74.08","end_time":"74.57","alternatives":[{"confidence":"0.9998","content":"하시던데"}],"type":"pronunciation"},{"alternatives":[{"confidence":"0.0","content":"."}],"type":"punctuation"},{"start_time":"75.14","end_time":"75.29","alternatives":[{"confidence":"0.5038","content":"그"}],"type":"pronunciation"},{"start_time":"75.29","end_time":"75.54","alternatives":[{"confidence":"0.5559","content":"본인"}],"type":"pronunciation"},{"start_time":"75.54","end_time":"75.84","alternatives":[{"confidence":"0.6085","content":"인증한"}],"type":"pronunciation"},{"start_time":"75.84","end_time":"76.01","alternatives":[{"confidence":"0.6452","content":"게"}],"type":"pronunciation"},{"start_time":"77.02","end_time":"77.37","alternatives":[{"confidence":"0.9808","content":"무슨"}],"type":"pronunciation"},{"start_time":"77.37","end_time":"78.04","alternatives":[{"confidence":"0.69645","content":"얘기이세요"}],"type":"pronunciation"},{"alternatives":[{"confidence":"0.0","content":"?"}],"type":"punctuation"},{"start_time":"78.72","end_time":"79.1","alternatives":[{"confidence":"0.9992","content":"제가"}],"type":"pronunciation"},{"start_time":"79.1","end_time":"79.28","alternatives":[{"confidence":"0.5015","content":"이거"}],"type":"pronunciation"},{"start_time":"80.46","end_time":"80.88","alternatives":[{"confidence":"0.07039999999999999","content":"핸드폰을"}],"type":"pronunciation"},{"start_time":"80.88","end_time":"81.54","alternatives":[{"confidence":"0.83725","content":"전화하니까"}],"type":"pronunciation"},{"alternatives":[{"confidence":"0.0","content":"."}],"type":"punctuation"},{"start_time":"81.84","end_time":"82.24","alternatives":[{"confidence":"0.9133","content":"본인"}],"type":"pronunciation"},{"start_time":"82.24","end_time":"83.22","alternatives":[{"confidence":"0.99955","content":"핸드폰으로"}],"type":"pronunciation"},{"start_time":"83.22","end_time":"83.94","alternatives":[{"confidence":"0.9914333333333333","content":"전화하셔야죠"}],"type":"pronunciation"},{"start_time":"83.94","end_time":"84.37","alternatives":[{"confidence":"0.9817","content":"확인을"}],"type":"pronunciation"},{"start_time":"84.37","end_time":"85.11","alternatives":[{"confidence":"0.8148","content":"해주시죠"}],"type":"pronunciation"},{"alternatives":[{"confidence":"0.0","content":"."}],"type":"punctuation"},{"start_time":"85.23","end_time":"85.47","alternatives":[{"confidence":"0.9621","content":"그리고"}],"type":"pronunciation"},{"start_time":"85.98","end_time":"86.34","alternatives":[{"confidence":"0.8109999999999999","content":"전화했을"}],"type":"pronunciation"},{"start_time":"86.34","end_time":"86.53","alternatives":[{"confidence":"0.524","content":"때는"}],"type":"pronunciation"},{"start_time":"86.53","end_time":"86.69","alternatives":[{"confidence":"0.4857","content":"안"}],"type":"pronunciation"},{"start_time":"86.69","end_time":"86.87","alternatives":[{"confidence":"0.394","content":"나"}],"type":"pronunciation"},{"start_time":"86.87","end_time":"87.04","alternatives":[{"confidence":"0.554","content":"안"}],"type":"pronunciation"},{"start_time":"87.04","end_time":"87.32","alternatives":[{"confidence":"0.6607","content":"됐다고"}],"type":"pronunciation"},{"start_time":"87.32","end_time":"87.67","alternatives":[{"confidence":"0.0135","content":"하니까"}],"type":"pronunciation"},{"start_time":"87.67","end_time":"88.03","alternatives":[{"confidence":"0.935","content":"본인"}],"type":"pronunciation"},{"start_time":"88.03","end_time":"88.73","alternatives":[{"confidence":"0.99945","content":"핸드폰으로"}],"type":"pronunciation"},{"start_time":"88.73","end_time":"89.12","alternatives":[{"confidence":"0.60095","content":"전화안"}],"type":"pronunciation"},{"start_time":"89.12","end_time":"89.74","alternatives":[{"confidence":"0.75485","content":"하시면은"}],"type":"pronunciation"},{"start_time":"89.74","end_time":"90.11","alternatives":[{"confidence":"0.9281","content":"확인"}],"type":"pronunciation"},{"start_time":"90.11","end_time":"90.26","alternatives":[{"confidence":"0.8936","content":"안"}],"type":"pronunciation"},{"start_time":"90.26","end_time":"90.8","alternatives":[{"confidence":"0.2338","content":"해주세요"}],"type":"pronunciation"},{"alternatives":[{"confidence":"0.0","content":"."}],"type":"punctuation"},{"start_time":"91.24","end_time":"92.32","alternatives":[{"confidence":"0.9141666666666667","content":"금융사들이"}],"type":"pronunciation"},{"start_time":"92.69","end_time":"92.97","alternatives":[{"confidence":"0.9515","content":"전부"}],"type":"pronunciation"},{"start_time":"92.97","end_time":"93.14","alternatives":[{"confidence":"0.8601","content":"다"}],"type":"pronunciation"},{"start_time":"93.14","end_time":"93.45","alternatives":[{"confidence":"0.1351","content":"명의"}],"type":"pronunciation"},{"start_time":"93.45","end_time":"93.66","alternatives":[{"confidence":"0.1394","content":"된"}],"type":"pronunciation"},{"start_time":"93.66","end_time":"93.74","alternatives":[{"confidence":"0.2086","content":"게"}],"type":"pronunciation"},{"start_time":"93.74","end_time":"94.06","alternatives":[{"confidence":"0.6998","content":"많다"}],"type":"pronunciation"},{"start_time":"94.06","end_time":"94.59","alternatives":[{"confidence":"0.999","content":"보니까"}],"type":"pronunciation"},{"start_time":"94.59","end_time":"95.53","alternatives":[{"confidence":"1.0","content":"본인이"}],"type":"pronunciation"},{"start_time":"95.53","end_time":"96.07","alternatives":[{"confidence":"0.9935","content":"본인의"}],"type":"pronunciation"},{"start_time":"98.3","end_time":"98.82","alternatives":[{"confidence":"0.5214","content":"하세요"}],"type":"pronunciation"},{"alternatives":[{"confidence":"0.0","content":"?"}],"type":"punctuation"},{"start_time":"101.42","end_time":"102.01","alternatives":[{"confidence":"0.6073","content":"아닙니다"}],"type":"pronunciation"},{"alternatives":[{"confidence":"0.0","content":"."}],"type":"punctuation"},{"start_time":"103.35","end_time":"103.69","alternatives":[{"confidence":"0.2819","content":"정확하게"}],"type":"pronunciation"},{"start_time":"103.94","end_time":"104.11","alternatives":[{"confidence":"0.0462","content":"주실"}],"type":"pronunciation"},{"start_time":"104.11","end_time":"104.39","alternatives":[{"confidence":"0.316","content":"거예요"}],"type":"pronunciation"},{"alternatives":[{"confidence":"0.0","content":"."}],"type":"punctuation"},{"start_time":"104.39","end_time":"104.76","alternatives":[{"confidence":"0.999","content":"정확하게"}],"type":"pronunciation"},{"start_time":"104.76","end_time":"106.15","alternatives":[{"confidence":"0.7351000000000001","content":"말씀월요일날"}],"type":"pronunciation"},{"start_time":"106.15","end_time":"106.45","alternatives":[{"confidence":"0.759","content":"한번"}],"type":"pronunciation"},{"start_time":"106.48","end_time":"106.98","alternatives":[{"confidence":"0.8896999999999999","content":"들어가실"}],"type":"pronunciation"},{"start_time":"106.98","end_time":"107.61","alternatives":[{"confidence":"0.9905","content":"거예요"}],"type":"pronunciation"},{"alternatives":[{"confidence":"0.0","content":"."}],"type":"punctuation"},{"start_time":"108.23","end_time":"108.65","alternatives":[{"confidence":"0.9996","content":"정확하게"}],"type":"pronunciation"},{"start_time":"108.65","end_time":"108.92","alternatives":[{"confidence":"0.3741","content":"들어오는"}],"type":"pronunciation"},{"start_time":"108.96","end_time":"109.35","alternatives":[{"confidence":"0.17385","content":"맞나요"}],"type":"pronunciation"},{"alternatives":[{"confidence":"0.0","content":"?"}],"type":"punctuation"},{"start_time":"109.92","end_time":"110.23","alternatives":[{"confidence":"0.2085","content":"네"}],"type":"pronunciation"},{"alternatives":[{"confidence":"0.0","content":","}],"type":"punctuation"},{"start_time":"110.23","end_time":"110.89","alternatives":[{"confidence":"1.0","content":"맞습니다"}],"type":"pronunciation"},{"alternatives":[{"confidence":"0.0","content":"."}],"type":"punctuation"},{"start_time":"112.35","end_time":"113.04","alternatives":[{"confidence":"0.36496666666666666","content":"맞으시잖아요"}],"type":"pronunciation"},{"start_time":"113.51","end_time":"114.16","alternatives":[{"confidence":"0.7928","content":"아닙니다"}],"type":"pronunciation"},{"alternatives":[{"confidence":"0.0","content":"."}],"type":"punctuation"},{"start_time":"115.16","end_time":"115.44","alternatives":[{"confidence":"0.9996","content":"어떻게"}],"type":"pronunciation"},{"start_time":"115.59","end_time":"115.78","alternatives":[{"confidence":"0.9794","content":"하실"}],"type":"pronunciation"},{"start_time":"115.78","end_time":"116.55","alternatives":[{"confidence":"0.9979","content":"거예요"}],"type":"pronunciation"},{"alternatives":[{"confidence":"0.0","content":"?"}],"type":"punctuation"},{"start_time":"118.27","end_time":"118.37","alternatives":[{"confidence":"0.1847","content":"도"}],"type":"pronunciation"},{"start_time":"118.37","end_time":"119.72","alternatives":[{"confidence":"0.53015","content":"하셨에서"}],"type":"pronunciation"},{"alternatives":[{"confidence":"0.0","content":"."}],"type":"punctuation"},{"start_time":"119.72","end_time":"120.13","alternatives":[{"confidence":"0.39390000000000003","content":"전화있는데"}],"type":"pronunciation"},{"start_time":"120.13","end_time":"120.49","alternatives":[{"confidence":"0.6776500000000001","content":"본사에서"}],"type":"pronunciation"},{"start_time":"120.49","end_time":"121.41","alternatives":[{"confidence":"0.35906666666666665","content":"본인안된다던데요"}],"type":"pronunciation"},{"start_time":"122.7","end_time":"126.6","alternatives":[{"confidence":"0.27075","content":"거기는"}],"type":"pronunciation"},{"start_time":"126.6","end_time":"127.15","alternatives":[{"confidence":"0.993","content":"거예요"}],"type":"pronunciation"},{"alternatives":[{"confidence":"0.0","content":"."}],"type":"punctuation"},{"start_time":"127.24","end_time":"127.43","alternatives":[{"confidence":"0.3132","content":"그걸"}],"type":"pronunciation"},{"start_time":"127.43","end_time":"127.6","alternatives":[{"confidence":"0.9277","content":"자꾸"}],"type":"pronunciation"},{"start_time":"127.6","end_time":"127.81","alternatives":[{"confidence":"0.6917","content":"많이"}],"type":"pronunciation"},{"start_time":"127.81","end_time":"128.86","alternatives":[{"confidence":"0.77685","content":"달라지셨잖아요"}],"type":"pronunciation"},{"alternatives":[{"confidence":"0.0","content":"."}],"type":"punctuation"},{"start_time":"129.68","end_time":"130.03","alternatives":[{"confidence":"0.4081","content":"경찰에"}],"type":"pronunciation"},{"start_time":"130.06","end_time":"130.38","alternatives":[{"confidence":"0.6615499999999999","content":"신고해도"}],"type":"pronunciation"},{"start_time":"130.38","end_time":"130.63","alternatives":[{"confidence":"0.9845","content":"돼요"}],"type":"pronunciation"},{"alternatives":[{"confidence":"0.0","content":"?"}],"type":"punctuation"},{"start_time":"131.93","end_time":"132.29","alternatives":[{"confidence":"0.05","content":"먹는"}],"type":"pronunciation"},{"start_time":"132.29","end_time":"132.75","alternatives":[{"confidence":"0.6106","content":"거예요"}],"type":"pronunciation"},{"alternatives":[{"confidence":"0.0","content":"."}],"type":"punctuation"},{"start_time":"133.34","end_time":"134.04","alternatives":[{"confidence":"0.9977","content":"알겠습니다"}],"type":"pronunciation"},{"alternatives":[{"confidence":"0.0","content":"."}],"type":"punctuation"},{"start_time":"134.04","end_time":"134.21","alternatives":[{"confidence":"0.5238","content":"이런"}],"type":"pronunciation"},{"start_time":"134.21","end_time":"134.47","alternatives":[{"confidence":"0.1717","content":"간혹"}],"type":"pronunciation"},{"start_time":"134.63","end_time":"134.92","alternatives":[{"confidence":"0.3958","content":"있으니까"}],"type":"pronunciation"},{"start_time":"134.92","end_time":"135.11","alternatives":[{"confidence":"0.4348","content":"친구"}],"type":"pronunciation"}]},"status":"COMPLETED"}