{"jobName":"transcribe_loan153","accountId":"097989105209","results":{"transcripts":[{"transcript":"회의 좀 늦게 내려와 가지고 좀 늦었어요. 고객님혹시 매부 가능하실까요 그게. 예. 메모좀 해주세요. 전산기관요청. 네. 적으셨나요. 예. 그 다음에 기업부 납부증명서요청 네. 두 가지를 해주셔야 돼요. 고객님전세고객님납부를 그쪽에다 다 하시면은 납부증명서가 발급되거든요 납요청을 좀 해주셔야 돼요. 이게 이제 콜센터로 전화하는 게 아니라 이제 제가 채권 회수팀으로 제가 요청을 해놨어요 채권을 좀 회수좀 해달라거기 전화번호가 공이 육 칠 일 삼 공 삼 하나하나 네네 비행기 먼저 그쪽납부다 하실 건데요. 고객님납부하실 때 전산기간 요청을 좀 꼭 좀 해달라고 저도 이제 요청을 보내놨거든요. 이제 고객님아시는 지인이다 그 비행기 그쪽다 상환하시고 내가 이번에 이쪽에 늦게 알아가지고 친인척관계인데 열어 가지고 그쪽에서 대출을 잘못 받은 것 같다, 우리 쪽에서 해주려고 하는데 이렇게 근데 그쪽에서 이제 대출을 저희 쪽에서 대출을 한다고 얘기 안 하고요. 이제 등급관리를 좀 한 다음에 이렇게 이제 관리를 해드린다고 했거든요. 이제 고객을 저희 쪽에 대출을 해준다고 하면 고객을 뺏기는 장화를 안 받아줘요. 그래서 저희 쪽에 우회적인 방법으로는 꼭 전산기관을 받아야 하는데 분산 효과를 안 해주면 아무 말 창소용이 없는 지금 하시는 방법이 그런 거거든요. 채권회수팀에서 좀 뭐라고 하더라도 전화를 하시면 혹시 그쪽에서 대출을 받으려고하냐고 물어보면 절대 아니라고 말씀해주시고요. 그쪽이제 담당자배정되면은 이제 바로 납부이제 하실 수 있게끔 해줄거에요. 그럼 생각했었다고 전화 한번 더 주시고 전산하고 좀 빨리 좀 해달라고 오늘 내일 금요일이잖아요 고객님중에서 오늘 자금을 다 받으시는 게 좋을 것 같아요. 먼저 전화해 가지고 되는데 그러니까 안 해줄 수도 있어요. 요즘 이렇게 우회적인 방법을 많이 하기 때문에 지금 염초고이제 구정 전 이기 때문에 이제 아시는 지인들이나 뭐 이렇게 대출을 많이 받아 가거든요. 제가 일단 금액은요 함께 금액이 이천 칠백칠십 사만삼천삼백칠십칠 칠 월 이잖아요 그 뒷자리다 빼고 이천칠백칠십 만원만 저희쪽 나쁜 이자 있잖아요. 그 사만 삼천 원에 이자는 저희 쪽에서 이렇게 내주기로 했거든요. 그쪽에서도 긍정적으로 생각하느냐? 네. 그래가지고 이제 그쪽은 이제 그쪽에서 이제 저희 쪽으로 청구할 거에요. 공인납부하시면 이천칠백칠십만원만 납부해주시면 돼요. 그쪽에서 알려드릴 거예요. 고객님제품을 확인했다고 하면요. 알겠습니다. 네, 하고요. 그쪽에다가 뭐 납북까지 다 하신 다음에 저한테 전화주시면 될 것 같아요. 하시고요."}],"items":[{"start_time":"0.34","end_time":"0.87","alternatives":[{"confidence":"0.0526","content":"회의"}],"type":"pronunciation"},{"start_time":"0.93","end_time":"1.11","alternatives":[{"confidence":"0.9966","content":"좀"}],"type":"pronunciation"},{"start_time":"1.12","end_time":"1.39","alternatives":[{"confidence":"0.9209","content":"늦게"}],"type":"pronunciation"},{"start_time":"1.39","end_time":"1.68","alternatives":[{"confidence":"0.7763","content":"내려와"}],"type":"pronunciation"},{"start_time":"1.68","end_time":"2.28","alternatives":[{"confidence":"0.9879","content":"가지고"}],"type":"pronunciation"},{"start_time":"2.67","end_time":"2.83","alternatives":[{"confidence":"0.9822","content":"좀"}],"type":"pronunciation"},{"start_time":"2.86","end_time":"3.31","alternatives":[{"confidence":"0.99865","content":"늦었어요"}],"type":"pronunciation"},{"alternatives":[{"confidence":"0.0","content":"."}],"type":"punctuation"},{"start_time":"3.31","end_time":"4.29","alternatives":[{"confidence":"0.9997","content":"고객님혹시"}],"type":"pronunciation"},{"start_time":"4.29","end_time":"4.59","alternatives":[{"confidence":"0.79665","content":"매부"}],"type":"pronunciation"},{"start_time":"4.59","end_time":"5.35","alternatives":[{"confidence":"0.98655","content":"가능하실까요"}],"type":"pronunciation"},{"start_time":"5.35","end_time":"5.58","alternatives":[{"confidence":"0.3255","content":"그게"}],"type":"pronunciation"},{"alternatives":[{"confidence":"0.0","content":"."}],"type":"punctuation"},{"start_time":"6.76","end_time":"7.21","alternatives":[{"confidence":"0.705","content":"예"}],"type":"pronunciation"},{"alternatives":[{"confidence":"0.0","content":"."}],"type":"punctuation"},{"start_time":"7.27","end_time":"7.82","alternatives":[{"confidence":"0.8888","content":"메모좀"}],"type":"pronunciation"},{"start_time":"7.82","end_time":"8.17","alternatives":[{"confidence":"0.9915","content":"해주세요"}],"type":"pronunciation"},{"alternatives":[{"confidence":"0.0","content":"."}],"type":"punctuation"},{"start_time":"8.17","end_time":"9.54","alternatives":[{"confidence":"0.6082333333333333","content":"전산기관요청"}],"type":"pronunciation"},{"alternatives":[{"confidence":"0.0","content":"."}],"type":"punctuation"},{"start_time":"10.68","end_time":"11.09","alternatives":[{"confidence":"0.6043","content":"네"}],"type":"pronunciation"},{"alternatives":[{"confidence":"0.0","content":"."}],"type":"punctuation"},{"start_time":"11.1","end_time":"12.02","alternatives":[{"confidence":"0.9850333333333333","content":"적으셨나요"}],"type":"pronunciation"},{"alternatives":[{"confidence":"0.0","content":"."}],"type":"punctuation"},{"start_time":"12.84","end_time":"13.03","alternatives":[{"confidence":"0.6253","content":"예"}],"type":"pronunciation"},{"alternatives":[{"confidence":"0.0","content":"."}],"type":"punctuation"},{"start_time":"13.03","end_time":"13.14","alternatives":[{"confidence":"0.55","content":"그"}],"type":"pronunciation"},{"start_time":"13.14","end_time":"13.33","alternatives":[{"confidence":"0.9973","content":"다음에"}],"type":"pronunciation"},{"start_time":"13.33","end_time":"13.86","alternatives":[{"confidence":"0.50605","content":"기업부"}],"type":"pronunciation"},{"start_time":"13.86","end_time":"15.24","alternatives":[{"confidence":"0.8462666666666667","content":"납부증명서요청"}],"type":"pronunciation"},{"start_time":"16.64","end_time":"16.81","alternatives":[{"confidence":"0.7822","content":"네"}],"type":"pronunciation"},{"alternatives":[{"confidence":"0.0","content":"."}],"type":"punctuation"},{"start_time":"16.96","end_time":"17.16","alternatives":[{"confidence":"0.8174","content":"두"}],"type":"pronunciation"},{"start_time":"17.16","end_time":"17.6","alternatives":[{"confidence":"0.9917","content":"가지를"}],"type":"pronunciation"},{"start_time":"17.6","end_time":"18.08","alternatives":[{"confidence":"0.85555","content":"해주셔야"}],"type":"pronunciation"},{"start_time":"18.08","end_time":"18.26","alternatives":[{"confidence":"0.969","content":"돼요"}],"type":"pronunciation"},{"alternatives":[{"confidence":"0.0","content":"."}],"type":"punctuation"},{"start_time":"18.26","end_time":"20.48","alternatives":[{"confidence":"0.7998000000000001","content":"고객님전세고객님납부를"}],"type":"pronunciation"},{"start_time":"20.48","end_time":"20.88","alternatives":[{"confidence":"0.8792","content":"그쪽에다"}],"type":"pronunciation"},{"start_time":"20.88","end_time":"21.05","alternatives":[{"confidence":"0.8108","content":"다"}],"type":"pronunciation"},{"start_time":"21.05","end_time":"21.99","alternatives":[{"confidence":"0.61075","content":"하시면은"}],"type":"pronunciation"},{"start_time":"22.11","end_time":"22.77","alternatives":[{"confidence":"0.9420999999999999","content":"납부증명서가"}],"type":"pronunciation"},{"start_time":"22.77","end_time":"23.87","alternatives":[{"confidence":"0.9969","content":"발급되거든요"}],"type":"pronunciation"},{"start_time":"25.21","end_time":"26.57","alternatives":[{"confidence":"0.5301","content":"납요청을"}],"type":"pronunciation"},{"start_time":"26.57","end_time":"26.7","alternatives":[{"confidence":"0.9978","content":"좀"}],"type":"pronunciation"},{"start_time":"26.7","end_time":"27.17","alternatives":[{"confidence":"0.9029","content":"해주셔야"}],"type":"pronunciation"},{"start_time":"27.17","end_time":"27.29","alternatives":[{"confidence":"0.9022","content":"돼요"}],"type":"pronunciation"},{"alternatives":[{"confidence":"0.0","content":"."}],"type":"punctuation"},{"start_time":"27.29","end_time":"27.46","alternatives":[{"confidence":"1.0","content":"이게"}],"type":"pronunciation"},{"start_time":"27.47","end_time":"27.68","alternatives":[{"confidence":"0.9127","content":"이제"}],"type":"pronunciation"},{"start_time":"28.05","end_time":"28.59","alternatives":[{"confidence":"0.99995","content":"콜센터로"}],"type":"pronunciation"},{"start_time":"28.59","end_time":"29.01","alternatives":[{"confidence":"0.9559500000000001","content":"전화하는"}],"type":"pronunciation"},{"start_time":"29.01","end_time":"29.11","alternatives":[{"confidence":"0.9161","content":"게"}],"type":"pronunciation"},{"start_time":"29.11","end_time":"29.39","alternatives":[{"confidence":"0.9976","content":"아니라"}],"type":"pronunciation"},{"start_time":"29.39","end_time":"29.55","alternatives":[{"confidence":"0.5035","content":"이제"}],"type":"pronunciation"},{"start_time":"29.56","end_time":"29.91","alternatives":[{"confidence":"0.9963","content":"제가"}],"type":"pronunciation"},{"start_time":"30.03","end_time":"30.36","alternatives":[{"confidence":"0.6683","content":"채권"}],"type":"pronunciation"},{"start_time":"30.36","end_time":"30.88","alternatives":[{"confidence":"0.99075","content":"회수팀으로"}],"type":"pronunciation"},{"start_time":"30.88","end_time":"31.2","alternatives":[{"confidence":"0.9903","content":"제가"}],"type":"pronunciation"},{"start_time":"31.29","end_time":"32.1","alternatives":[{"confidence":"0.993","content":"요청을"}],"type":"pronunciation"},{"start_time":"32.1","end_time":"32.83","alternatives":[{"confidence":"0.93545","content":"해놨어요"}],"type":"pronunciation"},{"start_time":"33.38","end_time":"33.75","alternatives":[{"confidence":"0.9939","content":"채권을"}],"type":"pronunciation"},{"start_time":"33.75","end_time":"33.88","alternatives":[{"confidence":"0.6871","content":"좀"}],"type":"pronunciation"},{"start_time":"33.88","end_time":"34.28","alternatives":[{"confidence":"0.9928","content":"회수좀"}],"type":"pronunciation"},{"start_time":"34.28","end_time":"36.47","alternatives":[{"confidence":"0.96145","content":"해달라거기"}],"type":"pronunciation"},{"start_time":"36.47","end_time":"37.01","alternatives":[{"confidence":"0.9907","content":"전화번호가"}],"type":"pronunciation"},{"start_time":"37.01","end_time":"37.59","alternatives":[{"confidence":"0.9992","content":"공이"}],"type":"pronunciation"},{"start_time":"38.79","end_time":"39.09","alternatives":[{"confidence":"0.5557","content":"육"}],"type":"pronunciation"},{"start_time":"39.09","end_time":"39.33","alternatives":[{"confidence":"0.4942","content":"칠"}],"type":"pronunciation"},{"start_time":"39.33","end_time":"39.52","alternatives":[{"confidence":"0.6877","content":"일"}],"type":"pronunciation"},{"start_time":"39.52","end_time":"40.08","alternatives":[{"confidence":"0.1602","content":"삼"}],"type":"pronunciation"},{"start_time":"41.27","end_time":"41.64","alternatives":[{"confidence":"0.3252","content":"공"}],"type":"pronunciation"},{"start_time":"41.64","end_time":"41.96","alternatives":[{"confidence":"0.3135","content":"삼"}],"type":"pronunciation"},{"start_time":"41.96","end_time":"42.78","alternatives":[{"confidence":"0.8043","content":"하나하나"}],"type":"pronunciation"},{"start_time":"43.84","end_time":"44.72","alternatives":[{"confidence":"0.6883","content":"네네"}],"type":"pronunciation"},{"start_time":"45.18","end_time":"45.84","alternatives":[{"confidence":"0.3638","content":"비행기"}],"type":"pronunciation"},{"start_time":"45.84","end_time":"46.12","alternatives":[{"confidence":"0.9778","content":"먼저"}],"type":"pronunciation"},{"start_time":"46.12","end_time":"47.37","alternatives":[{"confidence":"0.7279","content":"그쪽납부다"}],"type":"pronunciation"},{"start_time":"47.37","end_time":"47.64","alternatives":[{"confidence":"0.9016","content":"하실"}],"type":"pronunciation"},{"start_time":"47.64","end_time":"47.97","alternatives":[{"confidence":"0.9977","content":"건데요"}],"type":"pronunciation"},{"alternatives":[{"confidence":"0.0","content":"."}],"type":"punctuation"},{"start_time":"47.97","end_time":"50.17","alternatives":[{"confidence":"0.9947","content":"고객님납부하실"}],"type":"pronunciation"},{"start_time":"50.17","end_time":"50.54","alternatives":[{"confidence":"0.955","content":"때"}],"type":"pronunciation"},{"start_time":"50.62","end_time":"51.2","alternatives":[{"confidence":"0.6005","content":"전산기간"}],"type":"pronunciation"},{"start_time":"51.2","end_time":"51.53","alternatives":[{"confidence":"0.928","content":"요청을"}],"type":"pronunciation"},{"start_time":"51.53","end_time":"51.71","alternatives":[{"confidence":"0.9922","content":"좀"}],"type":"pronunciation"},{"start_time":"51.71","end_time":"51.89","alternatives":[{"confidence":"0.8819","content":"꼭"}],"type":"pronunciation"},{"start_time":"51.99","end_time":"52.2","alternatives":[{"confidence":"1.0","content":"좀"}],"type":"pronunciation"},{"start_time":"52.2","end_time":"52.61","alternatives":[{"confidence":"0.9837","content":"해달라고"}],"type":"pronunciation"},{"start_time":"52.61","end_time":"52.83","alternatives":[{"confidence":"0.9987","content":"저도"}],"type":"pronunciation"},{"start_time":"52.83","end_time":"52.94","alternatives":[{"confidence":"0.9789","content":"이제"}],"type":"pronunciation"},{"start_time":"52.94","end_time":"53.3","alternatives":[{"confidence":"0.9571","content":"요청을"}],"type":"pronunciation"},{"start_time":"53.3","end_time":"53.89","alternatives":[{"confidence":"0.9071333333333333","content":"보내놨거든요"}],"type":"pronunciation"},{"alternatives":[{"confidence":"0.0","content":"."}],"type":"punctuation"},{"start_time":"54.685","end_time":"54.865","alternatives":[{"confidence":"0.1452","content":"이제"}],"type":"pronunciation"},{"start_time":"55.515","end_time":"56.475","alternatives":[{"confidence":"0.9999","content":"고객님아시는"}],"type":"pronunciation"},{"start_time":"56.475","end_time":"57.305","alternatives":[{"confidence":"0.98055","content":"지인이다"}],"type":"pronunciation"},{"start_time":"57.305","end_time":"57.585","alternatives":[{"confidence":"0.9325","content":"그"}],"type":"pronunciation"},{"start_time":"57.615","end_time":"58.125","alternatives":[{"confidence":"0.5605","content":"비행기"}],"type":"pronunciation"},{"start_time":"58.275","end_time":"59.135","alternatives":[{"confidence":"0.7353000000000001","content":"그쪽다"}],"type":"pronunciation"},{"start_time":"59.135","end_time":"60.615","alternatives":[{"confidence":"0.9754","content":"상환하시고"}],"type":"pronunciation"},{"start_time":"60.615","end_time":"60.865","alternatives":[{"confidence":"0.9991","content":"내가"}],"type":"pronunciation"},{"start_time":"60.865","end_time":"61.165","alternatives":[{"confidence":"0.9874","content":"이번에"}],"type":"pronunciation"},{"start_time":"61.255","end_time":"61.635","alternatives":[{"confidence":"0.7381","content":"이쪽에"}],"type":"pronunciation"},{"start_time":"62.025","end_time":"62.325","alternatives":[{"confidence":"0.9893","content":"늦게"}],"type":"pronunciation"},{"start_time":"62.325","end_time":"62.985","alternatives":[{"confidence":"0.9875499999999999","content":"알아가지고"}],"type":"pronunciation"},{"start_time":"62.985","end_time":"64.395","alternatives":[{"confidence":"0.9384333333333333","content":"친인척관계인데"}],"type":"pronunciation"},{"start_time":"64.645","end_time":"64.825","alternatives":[{"confidence":"0.5418","content":"열어"}],"type":"pronunciation"},{"start_time":"64.825","end_time":"65.065","alternatives":[{"confidence":"0.9919","content":"가지고"}],"type":"pronunciation"},{"start_time":"65.065","end_time":"65.425","alternatives":[{"confidence":"0.9957","content":"그쪽에서"}],"type":"pronunciation"},{"start_time":"65.455","end_time":"65.865","alternatives":[{"confidence":"0.8528","content":"대출을"}],"type":"pronunciation"},{"start_time":"65.865","end_time":"66.155","alternatives":[{"confidence":"0.8365","content":"잘못"}],"type":"pronunciation"},{"start_time":"66.165","end_time":"66.405","alternatives":[{"confidence":"0.9951","content":"받은"}],"type":"pronunciation"},{"start_time":"66.405","end_time":"66.515","alternatives":[{"confidence":"0.9976","content":"것"}],"type":"pronunciation"},{"start_time":"66.515","end_time":"67.135","alternatives":[{"confidence":"0.9143","content":"같다"}],"type":"pronunciation"},{"alternatives":[{"confidence":"0.0","content":","}],"type":"punctuation"},{"start_time":"67.135","end_time":"67.385","alternatives":[{"confidence":"0.7922","content":"우리"}],"type":"pronunciation"},{"start_time":"67.385","end_time":"67.655","alternatives":[{"confidence":"0.974","content":"쪽에서"}],"type":"pronunciation"},{"start_time":"67.655","end_time":"68.105","alternatives":[{"confidence":"0.9533499999999999","content":"해주려고"}],"type":"pronunciation"},{"start_time":"68.105","end_time":"68.495","alternatives":[{"confidence":"0.9969","content":"하는데"}],"type":"pronunciation"},{"start_time":"68.585","end_time":"68.965","alternatives":[{"confidence":"0.9727","content":"이렇게"}],"type":"pronunciation"},{"start_time":"69.39","end_time":"69.65","alternatives":[{"confidence":"0.9662","content":"근데"}],"type":"pronunciation"},{"start_time":"69.65","end_time":"70.09","alternatives":[{"confidence":"0.7748999999999999","content":"그쪽에서"}],"type":"pronunciation"},{"start_time":"70.09","end_time":"70.21","alternatives":[{"confidence":"0.9873","content":"이제"}],"type":"pronunciation"},{"start_time":"70.22","end_time":"70.88","alternatives":[{"confidence":"0.997","content":"대출을"}],"type":"pronunciation"},{"start_time":"70.88","end_time":"71.14","alternatives":[{"confidence":"0.7902","content":"저희"}],"type":"pronunciation"},{"start_time":"71.14","end_time":"71.47","alternatives":[{"confidence":"1.0","content":"쪽에서"}],"type":"pronunciation"},{"start_time":"71.53","end_time":"72.06","alternatives":[{"confidence":"0.9357","content":"대출을"}],"type":"pronunciation"},{"start_time":"72.83","end_time":"73.28","alternatives":[{"confidence":"0.996","content":"한다고"}],"type":"pronunciation"},{"start_time":"73.28","end_time":"73.52","alternatives":[{"confidence":"0.9129","content":"얘기"}],"type":"pronunciation"},{"start_time":"73.52","end_time":"73.66","alternatives":[{"confidence":"0.7603","content":"안"}],"type":"pronunciation"},{"start_time":"73.66","end_time":"74.1","alternatives":[{"confidence":"0.9915","content":"하고요"}],"type":"pronunciation"},{"alternatives":[{"confidence":"0.0","content":"."}],"type":"punctuation"},{"start_time":"74.13","end_time":"74.32","alternatives":[{"confidence":"0.936","content":"이제"}],"type":"pronunciation"},{"start_time":"74.44","end_time":"75.17","alternatives":[{"confidence":"0.77795","content":"등급관리를"}],"type":"pronunciation"},{"start_time":"75.17","end_time":"75.33","alternatives":[{"confidence":"0.998","content":"좀"}],"type":"pronunciation"},{"start_time":"75.33","end_time":"75.53","alternatives":[{"confidence":"0.9187","content":"한"}],"type":"pronunciation"},{"start_time":"75.53","end_time":"76.2","alternatives":[{"confidence":"0.9992","content":"다음에"}],"type":"pronunciation"},{"start_time":"76.2","end_time":"76.48","alternatives":[{"confidence":"0.9971","content":"이렇게"}],"type":"pronunciation"},{"start_time":"76.49","end_time":"76.69","alternatives":[{"confidence":"0.8785","content":"이제"}],"type":"pronunciation"},{"start_time":"77.27","end_time":"77.74","alternatives":[{"confidence":"0.9978","content":"관리를"}],"type":"pronunciation"},{"start_time":"77.74","end_time":"78.19","alternatives":[{"confidence":"0.985","content":"해드린다고"}],"type":"pronunciation"},{"start_time":"78.19","end_time":"79.16","alternatives":[{"confidence":"1.0","content":"했거든요"}],"type":"pronunciation"},{"alternatives":[{"confidence":"0.0","content":"."}],"type":"punctuation"},{"start_time":"79.56","end_time":"79.72","alternatives":[{"confidence":"0.838","content":"이제"}],"type":"pronunciation"},{"start_time":"79.75","end_time":"80.2","alternatives":[{"confidence":"0.9945","content":"고객을"}],"type":"pronunciation"},{"start_time":"80.23","end_time":"80.47","alternatives":[{"confidence":"0.8959","content":"저희"}],"type":"pronunciation"},{"start_time":"80.47","end_time":"80.68","alternatives":[{"confidence":"0.981","content":"쪽에"}],"type":"pronunciation"},{"start_time":"80.68","end_time":"81.02","alternatives":[{"confidence":"0.9999","content":"대출을"}],"type":"pronunciation"},{"start_time":"81.02","end_time":"81.4","alternatives":[{"confidence":"0.9951","content":"해준다고"}],"type":"pronunciation"},{"start_time":"81.4","end_time":"81.57","alternatives":[{"confidence":"0.8589","content":"하면"}],"type":"pronunciation"},{"start_time":"81.57","end_time":"81.94","alternatives":[{"confidence":"1.0","content":"고객을"}],"type":"pronunciation"},{"start_time":"81.94","end_time":"82.65","alternatives":[{"confidence":"0.9757499999999999","content":"뺏기는"}],"type":"pronunciation"},{"start_time":"83.48","end_time":"83.88","alternatives":[{"confidence":"0.54115","content":"장화를"}],"type":"pronunciation"},{"start_time":"83.88","end_time":"84.05","alternatives":[{"confidence":"0.9668","content":"안"}],"type":"pronunciation"},{"start_time":"84.05","end_time":"84.57","alternatives":[{"confidence":"0.9961","content":"받아줘요"}],"type":"pronunciation"},{"alternatives":[{"confidence":"0.0","content":"."}],"type":"punctuation"},{"start_time":"84.57","end_time":"84.88","alternatives":[{"confidence":"0.9986","content":"그래서"}],"type":"pronunciation"},{"start_time":"85.37","end_time":"85.63","alternatives":[{"confidence":"0.7421","content":"저희"}],"type":"pronunciation"},{"start_time":"85.63","end_time":"85.81","alternatives":[{"confidence":"0.3765","content":"쪽에"}],"type":"pronunciation"},{"start_time":"85.87","end_time":"86.4","alternatives":[{"confidence":"1.0","content":"우회적인"}],"type":"pronunciation"},{"start_time":"86.4","end_time":"87.09","alternatives":[{"confidence":"0.957","content":"방법으로는"}],"type":"pronunciation"},{"start_time":"87.09","end_time":"87.35","alternatives":[{"confidence":"0.9595","content":"꼭"}],"type":"pronunciation"},{"start_time":"87.44","end_time":"88.24","alternatives":[{"confidence":"0.73825","content":"전산기관을"}],"type":"pronunciation"},{"start_time":"88.24","end_time":"88.53","alternatives":[{"confidence":"0.8976","content":"받아야"}],"type":"pronunciation"},{"start_time":"88.53","end_time":"89.12","alternatives":[{"confidence":"0.9988","content":"하는데"}],"type":"pronunciation"},{"start_time":"89.18","end_time":"89.47","alternatives":[{"confidence":"0.1517","content":"분산"}],"type":"pronunciation"},{"start_time":"89.47","end_time":"89.76","alternatives":[{"confidence":"0.3049","content":"효과를"}],"type":"pronunciation"},{"start_time":"89.76","end_time":"89.87","alternatives":[{"confidence":"0.5488","content":"안"}],"type":"pronunciation"},{"start_time":"89.87","end_time":"90.65","alternatives":[{"confidence":"0.9842","content":"해주면"}],"type":"pronunciation"},{"start_time":"91.285","end_time":"91.635","alternatives":[{"confidence":"0.5896","content":"아무"}],"type":"pronunciation"},{"start_time":"91.635","end_time":"91.835","alternatives":[{"confidence":"0.5934","content":"말"}],"type":"pronunciation"},{"start_time":"91.835","end_time":"92.485","alternatives":[{"confidence":"0.6928","content":"창소용이"}],"type":"pronunciation"},{"start_time":"92.485","end_time":"93.125","alternatives":[{"confidence":"0.9039","content":"없는"}],"type":"pronunciation"},{"start_time":"93.745","end_time":"94.055","alternatives":[{"confidence":"0.9535","content":"지금"}],"type":"pronunciation"},{"start_time":"94.055","end_time":"94.395","alternatives":[{"confidence":"0.985","content":"하시는"}],"type":"pronunciation"},{"start_time":"94.395","end_time":"94.825","alternatives":[{"confidence":"1.0","content":"방법이"}],"type":"pronunciation"},{"start_time":"94.825","end_time":"95.065","alternatives":[{"confidence":"0.5497","content":"그런"}],"type":"pronunciation"},{"start_time":"95.065","end_time":"96.075","alternatives":[{"confidence":"0.762","content":"거거든요"}],"type":"pronunciation"},{"alternatives":[{"confidence":"0.0","content":"."}],"type":"punctuation"},{"start_time":"96.255","end_time":"97.155","alternatives":[{"confidence":"0.7888666666666667","content":"채권회수팀에서"}],"type":"pronunciation"},{"start_time":"97.155","end_time":"97.475","alternatives":[{"confidence":"0.9853","content":"좀"}],"type":"pronunciation"},{"start_time":"97.755","end_time":"98.125","alternatives":[{"confidence":"0.9447","content":"뭐라고"}],"type":"pronunciation"},{"start_time":"98.125","end_time":"98.805","alternatives":[{"confidence":"0.9995","content":"하더라도"}],"type":"pronunciation"},{"start_time":"99.105","end_time":"99.445","alternatives":[{"confidence":"0.9174","content":"전화를"}],"type":"pronunciation"},{"start_time":"99.445","end_time":"100.365","alternatives":[{"confidence":"0.9995","content":"하시면"}],"type":"pronunciation"},{"start_time":"100.515","end_time":"101.075","alternatives":[{"confidence":"1.0","content":"혹시"}],"type":"pronunciation"},{"start_time":"101.075","end_time":"101.485","alternatives":[{"confidence":"0.8040499999999999","content":"그쪽에서"}],"type":"pronunciation"},{"start_time":"101.485","end_time":"101.895","alternatives":[{"confidence":"1.0","content":"대출을"}],"type":"pronunciation"},{"start_time":"101.895","end_time":"103.175","alternatives":[{"confidence":"0.4004666666666667","content":"받으려고하냐고"}],"type":"pronunciation"},{"start_time":"103.175","end_time":"103.545","alternatives":[{"confidence":"0.1968","content":"물어보면"}],"type":"pronunciation"},{"start_time":"103.575","end_time":"103.865","alternatives":[{"confidence":"0.9947","content":"절대"}],"type":"pronunciation"},{"start_time":"103.865","end_time":"104.615","alternatives":[{"confidence":"1.0","content":"아니라고"}],"type":"pronunciation"},{"start_time":"105.135","end_time":"106.335","alternatives":[{"confidence":"0.9198","content":"말씀해주시고요"}],"type":"pronunciation"},{"alternatives":[{"confidence":"0.0","content":"."}],"type":"punctuation"},{"start_time":"106.545","end_time":"106.915","alternatives":[{"confidence":"0.6583","content":"그쪽이제"}],"type":"pronunciation"},{"start_time":"106.925","end_time":"108.785","alternatives":[{"confidence":"0.922125","content":"담당자배정되면은"}],"type":"pronunciation"},{"start_time":"108.815","end_time":"108.955","alternatives":[{"confidence":"0.7415","content":"이제"}],"type":"pronunciation"},{"start_time":"108.965","end_time":"109.625","alternatives":[{"confidence":"0.8679","content":"바로"}],"type":"pronunciation"},{"start_time":"109.775","end_time":"110.675","alternatives":[{"confidence":"0.668","content":"납부이제"}],"type":"pronunciation"},{"start_time":"110.675","end_time":"110.985","alternatives":[{"confidence":"0.9684","content":"하실"}],"type":"pronunciation"},{"start_time":"110.985","end_time":"111.105","alternatives":[{"confidence":"1.0","content":"수"}],"type":"pronunciation"},{"start_time":"111.105","end_time":"111.865","alternatives":[{"confidence":"0.9991","content":"있게끔"}],"type":"pronunciation"},{"start_time":"113.36","end_time":"114.27","alternatives":[{"confidence":"0.3218","content":"해줄거에요"}],"type":"pronunciation"},{"alternatives":[{"confidence":"0.0","content":"."}],"type":"punctuation"},{"start_time":"114.27","end_time":"114.59","alternatives":[{"confidence":"0.6731","content":"그럼"}],"type":"pronunciation"},{"start_time":"114.62","end_time":"115.73","alternatives":[{"confidence":"0.70385","content":"생각했었다고"}],"type":"pronunciation"},{"start_time":"115.79","end_time":"116.02","alternatives":[{"confidence":"0.8495","content":"전화"}],"type":"pronunciation"},{"start_time":"116.02","end_time":"116.21","alternatives":[{"confidence":"0.5854","content":"한번"}],"type":"pronunciation"},{"start_time":"116.21","end_time":"116.35","alternatives":[{"confidence":"0.9849","content":"더"}],"type":"pronunciation"},{"start_time":"116.35","end_time":"116.77","alternatives":[{"confidence":"0.9981","content":"주시고"}],"type":"pronunciation"},{"start_time":"117.25","end_time":"118.33","alternatives":[{"confidence":"0.8338","content":"전산하고"}],"type":"pronunciation"},{"start_time":"118.33","end_time":"118.47","alternatives":[{"confidence":"0.9987","content":"좀"}],"type":"pronunciation"},{"start_time":"118.47","end_time":"118.7","alternatives":[{"confidence":"0.9981","content":"빨리"}],"type":"pronunciation"},{"start_time":"118.7","end_time":"118.82","alternatives":[{"confidence":"1.0","content":"좀"}],"type":"pronunciation"},{"start_time":"118.82","end_time":"119.3","alternatives":[{"confidence":"0.965","content":"해달라고"}],"type":"pronunciation"},{"start_time":"119.3","end_time":"119.67","alternatives":[{"confidence":"0.8124","content":"오늘"}],"type":"pronunciation"},{"start_time":"120.01","end_time":"120.36","alternatives":[{"confidence":"0.5708","content":"내일"}],"type":"pronunciation"},{"start_time":"120.36","end_time":"121.03","alternatives":[{"confidence":"0.9073","content":"금요일이잖아요"}],"type":"pronunciation"},{"start_time":"121.03","end_time":"122.06","alternatives":[{"confidence":"0.8243","content":"고객님중에서"}],"type":"pronunciation"},{"start_time":"122.06","end_time":"122.38","alternatives":[{"confidence":"0.931","content":"오늘"}],"type":"pronunciation"},{"start_time":"122.41","end_time":"122.8","alternatives":[{"confidence":"0.9967","content":"자금을"}],"type":"pronunciation"},{"start_time":"122.8","end_time":"122.91","alternatives":[{"confidence":"0.892","content":"다"}],"type":"pronunciation"},{"start_time":"122.91","end_time":"123.5","alternatives":[{"confidence":"0.9924","content":"받으시는"}],"type":"pronunciation"},{"start_time":"123.5","end_time":"123.67","alternatives":[{"confidence":"0.9848","content":"게"}],"type":"pronunciation"},{"start_time":"123.7","end_time":"123.92","alternatives":[{"confidence":"0.9961","content":"좋을"}],"type":"pronunciation"},{"start_time":"123.92","end_time":"124.05","alternatives":[{"confidence":"0.9902","content":"것"}],"type":"pronunciation"},{"start_time":"124.05","end_time":"124.48","alternatives":[{"confidence":"0.9695","content":"같아요"}],"type":"pronunciation"},{"alternatives":[{"confidence":"0.0","content":"."}],"type":"punctuation"},{"start_time":"126.51","end_time":"126.8","alternatives":[{"confidence":"0.7944","content":"먼저"}],"type":"pronunciation"},{"start_time":"127.65","end_time":"127.9","alternatives":[{"confidence":"0.6749","content":"전화해"}],"type":"pronunciation"},{"start_time":"127.9","end_time":"128.15","alternatives":[{"confidence":"0.9587","content":"가지고"}],"type":"pronunciation"},{"start_time":"129.26","end_time":"129.65","alternatives":[{"confidence":"0.0604","content":"되는데"}],"type":"pronunciation"},{"start_time":"131.48","end_time":"132.19","alternatives":[{"confidence":"0.9677","content":"그러니까"}],"type":"pronunciation"},{"start_time":"132.4","end_time":"132.59","alternatives":[{"confidence":"0.8291","content":"안"}],"type":"pronunciation"},{"start_time":"132.59","end_time":"132.83","alternatives":[{"confidence":"0.8769","content":"해줄"}],"type":"pronunciation"},{"start_time":"132.83","end_time":"133.01","alternatives":[{"confidence":"0.9998","content":"수도"}],"type":"pronunciation"},{"start_time":"133.01","end_time":"133.28","alternatives":[{"confidence":"1.0","content":"있어요"}],"type":"pronunciation"},{"alternatives":[{"confidence":"0.0","content":"."}],"type":"punctuation"},{"start_time":"133.28","end_time":"133.52","alternatives":[{"confidence":"0.9472","content":"요즘"}],"type":"pronunciation"},{"start_time":"133.52","end_time":"133.79","alternatives":[{"confidence":"0.9743","content":"이렇게"}],"type":"pronunciation"},{"start_time":"133.79","end_time":"134.23","alternatives":[{"confidence":"1.0","content":"우회적인"}],"type":"pronunciation"},{"start_time":"134.23","end_time":"134.6","alternatives":[{"confidence":"0.9986","content":"방법을"}],"type":"pronunciation"},{"start_time":"134.6","end_time":"134.84","alternatives":[{"confidence":"0.9833","content":"많이"}],"type":"pronunciation"},{"start_time":"134.84","end_time":"135.07","alternatives":[{"confidence":"0.9921","content":"하기"}],"type":"pronunciation"},{"start_time":"135.07","end_time":"136.01","alternatives":[{"confidence":"0.9981","content":"때문에"}],"type":"pronunciation"},{"start_time":"136.13","end_time":"136.32","alternatives":[{"confidence":"0.4763","content":"지금"}],"type":"pronunciation"},{"start_time":"136.32","end_time":"137.41","alternatives":[{"confidence":"0.8989333333333334","content":"염초고이제"}],"type":"pronunciation"},{"start_time":"137.92","end_time":"138.37","alternatives":[{"confidence":"0.9129","content":"구정"}],"type":"pronunciation"},{"start_time":"138.37","end_time":"138.54","alternatives":[{"confidence":"0.7382","content":"전"}],"type":"pronunciation"},{"start_time":"138.54","end_time":"138.72","alternatives":[{"confidence":"0.9835","content":"이기"}],"type":"pronunciation"},{"start_time":"138.72","end_time":"139.33","alternatives":[{"confidence":"0.9981","content":"때문에"}],"type":"pronunciation"},{"start_time":"139.45","end_time":"139.58","alternatives":[{"confidence":"0.4602","content":"이제"}],"type":"pronunciation"},{"start_time":"139.58","end_time":"140.0","alternatives":[{"confidence":"0.784","content":"아시는"}],"type":"pronunciation"},{"start_time":"140.03","end_time":"140.63","alternatives":[{"confidence":"0.99995","content":"지인들이나"}],"type":"pronunciation"},{"start_time":"140.63","end_time":"140.72","alternatives":[{"confidence":"0.6508","content":"뭐"}],"type":"pronunciation"},{"start_time":"140.75","end_time":"141.09","alternatives":[{"confidence":"0.988","content":"이렇게"}],"type":"pronunciation"},{"start_time":"141.12","end_time":"141.49","alternatives":[{"confidence":"0.9986","content":"대출을"}],"type":"pronunciation"},{"start_time":"141.49","end_time":"141.72","alternatives":[{"confidence":"0.9981","content":"많이"}],"type":"pronunciation"},{"start_time":"141.72","end_time":"141.98","alternatives":[{"confidence":"0.7326","content":"받아"}],"type":"pronunciation"},{"start_time":"141.98","end_time":"143.49","alternatives":[{"confidence":"0.96915","content":"가거든요"}],"type":"pronunciation"},{"alternatives":[{"confidence":"0.0","content":"."}],"type":"punctuation"},{"start_time":"144.03","end_time":"144.28","alternatives":[{"confidence":"0.9998","content":"제가"}],"type":"pronunciation"},{"start_time":"144.28","end_time":"144.63","alternatives":[{"confidence":"1.0","content":"일단"}],"type":"pronunciation"},{"start_time":"144.63","end_time":"145.43","alternatives":[{"confidence":"1.0","content":"금액은요"}],"type":"pronunciation"},{"start_time":"145.74","end_time":"146.04","alternatives":[{"confidence":"0.0339","content":"함께"}],"type":"pronunciation"},{"start_time":"146.04","end_time":"146.65","alternatives":[{"confidence":"0.9999","content":"금액이"}],"type":"pronunciation"},{"start_time":"146.65","end_time":"147.11","alternatives":[{"confidence":"0.692","content":"이천"}],"type":"pronunciation"},{"start_time":"147.11","end_time":"147.78","alternatives":[{"confidence":"0.7124","content":"칠백칠십"}],"type":"pronunciation"},{"start_time":"147.78","end_time":"149.96","alternatives":[{"confidence":"0.9130499999999999","content":"사만삼천삼백칠십칠"}],"type":"pronunciation"},{"start_time":"149.97","end_time":"150.27","alternatives":[{"confidence":"0.3791","content":"칠"}],"type":"pronunciation"},{"start_time":"150.27","end_time":"150.37","alternatives":[{"confidence":"0.5183","content":"월"}],"type":"pronunciation"},{"start_time":"150.37","end_time":"151.23","alternatives":[{"confidence":"1.0","content":"이잖아요"}],"type":"pronunciation"},{"start_time":"152.29","end_time":"152.41","alternatives":[{"confidence":"0.7729","content":"그"}],"type":"pronunciation"},{"start_time":"152.44","end_time":"153.0","alternatives":[{"confidence":"0.8517333333333333","content":"뒷자리다"}],"type":"pronunciation"},{"start_time":"153.0","end_time":"153.61","alternatives":[{"confidence":"1.0","content":"빼고"}],"type":"pronunciation"},{"start_time":"153.61","end_time":"154.68","alternatives":[{"confidence":"0.6471","content":"이천칠백칠십"}],"type":"pronunciation"},{"start_time":"154.68","end_time":"155.28","alternatives":[{"confidence":"0.3147","content":"만원만"}],"type":"pronunciation"},{"start_time":"155.53","end_time":"155.93","alternatives":[{"confidence":"0.5924","content":"저희쪽"}],"type":"pronunciation"},{"start_time":"155.93","end_time":"156.45","alternatives":[{"confidence":"0.6658","content":"나쁜"}],"type":"pronunciation"},{"start_time":"156.92","end_time":"157.29","alternatives":[{"confidence":"0.7","content":"이자"}],"type":"pronunciation"},{"start_time":"157.29","end_time":"158.25","alternatives":[{"confidence":"0.996","content":"있잖아요"}],"type":"pronunciation"},{"alternatives":[{"confidence":"0.0","content":"."}],"type":"punctuation"},{"start_time":"158.78","end_time":"159.03","alternatives":[{"confidence":"0.8528","content":"그"}],"type":"pronunciation"},{"start_time":"159.04","end_time":"159.36","alternatives":[{"confidence":"0.7818","content":"사만"}],"type":"pronunciation"},{"start_time":"159.36","end_time":"159.68","alternatives":[{"confidence":"0.9011","content":"삼천"}],"type":"pronunciation"},{"start_time":"159.68","end_time":"159.84","alternatives":[{"confidence":"0.7809","content":"원에"}],"type":"pronunciation"},{"start_time":"159.84","end_time":"160.2","alternatives":[{"confidence":"0.9371499999999999","content":"이자는"}],"type":"pronunciation"},{"start_time":"160.2","end_time":"160.41","alternatives":[{"confidence":"0.8183","content":"저희"}],"type":"pronunciation"},{"start_time":"160.41","end_time":"160.74","alternatives":[{"confidence":"0.9995","content":"쪽에서"}],"type":"pronunciation"},{"start_time":"160.74","end_time":"161.09","alternatives":[{"confidence":"0.995","content":"이렇게"}],"type":"pronunciation"},{"start_time":"161.09","end_time":"161.56","alternatives":[{"confidence":"0.9702500000000001","content":"내주기로"}],"type":"pronunciation"},{"start_time":"161.56","end_time":"162.41","alternatives":[{"confidence":"1.0","content":"했거든요"}],"type":"pronunciation"},{"alternatives":[{"confidence":"0.0","content":"."}],"type":"punctuation"},{"start_time":"162.9","end_time":"163.48","alternatives":[{"confidence":"0.9915499999999999","content":"그쪽에서도"}],"type":"pronunciation"},{"start_time":"163.48","end_time":"164.04","alternatives":[{"confidence":"1.0","content":"긍정적으로"}],"type":"pronunciation"},{"start_time":"164.04","end_time":"165.1","alternatives":[{"confidence":"0.7556","content":"생각하느냐"}],"type":"pronunciation"},{"alternatives":[{"confidence":"0.0","content":"?"}],"type":"punctuation"},{"start_time":"165.13","end_time":"165.28","alternatives":[{"confidence":"0.5719","content":"네"}],"type":"pronunciation"},{"alternatives":[{"confidence":"0.0","content":"."}],"type":"punctuation"},{"start_time":"165.37","end_time":"166.08","alternatives":[{"confidence":"0.9131","content":"그래가지고"}],"type":"pronunciation"},{"start_time":"166.72","end_time":"166.86","alternatives":[{"confidence":"0.9775","content":"이제"}],"type":"pronunciation"},{"start_time":"166.86","end_time":"167.28","alternatives":[{"confidence":"0.5766","content":"그쪽은"}],"type":"pronunciation"},{"start_time":"167.28","end_time":"167.41","alternatives":[{"confidence":"0.7775","content":"이제"}],"type":"pronunciation"},{"start_time":"167.54","end_time":"168.07","alternatives":[{"confidence":"0.9748","content":"그쪽에서"}],"type":"pronunciation"},{"start_time":"168.07","end_time":"168.18","alternatives":[{"confidence":"0.9804","content":"이제"}],"type":"pronunciation"},{"start_time":"168.19","end_time":"168.39","alternatives":[{"confidence":"0.937","content":"저희"}],"type":"pronunciation"},{"start_time":"168.39","end_time":"168.59","alternatives":[{"confidence":"0.8657","content":"쪽으로"}],"type":"pronunciation"},{"start_time":"168.59","end_time":"168.99","alternatives":[{"confidence":"0.8949","content":"청구할"}],"type":"pronunciation"},{"start_time":"168.99","end_time":"169.2","alternatives":[{"confidence":"0.3904","content":"거에요"}],"type":"pronunciation"},{"alternatives":[{"confidence":"0.0","content":"."}],"type":"punctuation"},{"start_time":"169.2","end_time":"170.58","alternatives":[{"confidence":"0.7876","content":"공인납부하시면"}],"type":"pronunciation"},{"start_time":"171.115","end_time":"173.005","alternatives":[{"confidence":"0.6760999999999999","content":"이천칠백칠십만원만"}],"type":"pronunciation"},{"start_time":"174.155","end_time":"175.005","alternatives":[{"confidence":"0.8119000000000001","content":"납부해주시면"}],"type":"pronunciation"},{"start_time":"175.005","end_time":"175.165","alternatives":[{"confidence":"0.938","content":"돼요"}],"type":"pronunciation"},{"alternatives":[{"confidence":"0.0","content":"."}],"type":"punctuation"},{"start_time":"175.165","end_time":"175.555","alternatives":[{"confidence":"0.4679","content":"그쪽에서"}],"type":"pronunciation"},{"start_time":"175.555","end_time":"176.045","alternatives":[{"confidence":"0.7581","content":"알려드릴"}],"type":"pronunciation"},{"start_time":"176.045","end_time":"176.295","alternatives":[{"confidence":"0.523","content":"거예요"}],"type":"pronunciation"},{"alternatives":[{"confidence":"0.0","content":"."}],"type":"punctuation"},{"start_time":"176.295","end_time":"177.145","alternatives":[{"confidence":"0.9663999999999999","content":"고객님제품을"}],"type":"pronunciation"},{"start_time":"177.145","end_time":"177.545","alternatives":[{"confidence":"0.94955","content":"확인했다고"}],"type":"pronunciation"},{"start_time":"177.545","end_time":"177.925","alternatives":[{"confidence":"0.18625","content":"하면요"}],"type":"pronunciation"},{"alternatives":[{"confidence":"0.0","content":"."}],"type":"punctuation"},{"start_time":"178.195","end_time":"178.815","alternatives":[{"confidence":"0.9957","content":"알겠습니다"}],"type":"pronunciation"},{"alternatives":[{"confidence":"0.0","content":"."}],"type":"punctuation"},{"start_time":"181.075","end_time":"181.275","alternatives":[{"confidence":"0.2179","content":"네"}],"type":"pronunciation"},{"alternatives":[{"confidence":"0.0","content":","}],"type":"punctuation"},{"start_time":"181.275","end_time":"181.725","alternatives":[{"confidence":"0.7268","content":"하고요"}],"type":"pronunciation"},{"alternatives":[{"confidence":"0.0","content":"."}],"type":"punctuation"},{"start_time":"181.725","end_time":"182.515","alternatives":[{"confidence":"0.93495","content":"그쪽에다가"}],"type":"pronunciation"},{"start_time":"182.545","end_time":"182.745","alternatives":[{"confidence":"0.3169","content":"뭐"}],"type":"pronunciation"},{"start_time":"182.835","end_time":"183.535","alternatives":[{"confidence":"0.8321000000000001","content":"납북까지"}],"type":"pronunciation"},{"start_time":"183.535","end_time":"183.645","alternatives":[{"confidence":"0.9425","content":"다"}],"type":"pronunciation"},{"start_time":"183.645","end_time":"183.905","alternatives":[{"confidence":"0.8699","content":"하신"}],"type":"pronunciation"},{"start_time":"183.905","end_time":"184.125","alternatives":[{"confidence":"0.982","content":"다음에"}],"type":"pronunciation"},{"start_time":"184.125","end_time":"184.415","alternatives":[{"confidence":"0.9992","content":"저한테"}],"type":"pronunciation"},{"start_time":"184.415","end_time":"184.985","alternatives":[{"confidence":"0.83115","content":"전화주시면"}],"type":"pronunciation"},{"start_time":"184.985","end_time":"185.115","alternatives":[{"confidence":"0.9936","content":"될"}],"type":"pronunciation"},{"start_time":"185.115","end_time":"185.245","alternatives":[{"confidence":"0.9942","content":"것"}],"type":"pronunciation"},{"start_time":"185.245","end_time":"185.625","alternatives":[{"confidence":"0.9733","content":"같아요"}],"type":"pronunciation"},{"alternatives":[{"confidence":"0.0","content":"."}],"type":"punctuation"},{"start_time":"186.555","end_time":"186.955","alternatives":[{"confidence":"0.11019999999999999","content":"하시고요"}],"type":"pronunciation"},{"alternatives":[{"confidence":"0.0","content":"."}],"type":"punctuation"}]},"status":"COMPLETED"}