{"jobName":"transcribe_loan179","accountId":"097989105209","results":{"transcripts":[{"transcript":"안녕하세요 어저께 통화했던 최관입니다 어떻게 가정의 결과 안내제가? 오늘 아침에 전화 드린다고 제가 얘기를 했었는데 어떻게 통화 괜찮으세요? 일단 최대한 들은 고객이 신청하신 최대한 들은 삼천만원까지 가능하시고요 는 연금님 오점오프로의 상환기간 육십 개월입니다 오년이고요 매월 상환하시는 금액은 육십개월 기준 원금이죠 포함 되신 금액으로 오십칠 만 삼천 삼십 원 확인 되시는데 괜찮으세요? 그래요 이자 오점오프로입니다 금리가 예, 말씀하세요 말씀하세요 아니, 괜찮으시냐고요 그럼 간단하게 상품 설명 부탁드릴게요. 현재진행하시는 대출 상품은 신용대출은 아니고 이제 소득담보대출이라. 그래서 연체를 하실 경우 나 고의적인 상한의 피가 있으실 경우 향후 고객이 발생 하시는미래 소득부분에 대한 채권추심에 대한 권한을 부여받고 진행이 대신에 대출 상품입니다 괜찮으신가요? 이 효력을 부여하는 과정으로는 직접 보기 님께서 법무법인 이라고 해서 공중사무실을 지정해주셔서 저희 은행 직원 파견나가시는 부분을 만나 뵙고 삼자대면을 통해서 대출계획서를 공중서를 작성하게 됐고요. 이게 좀 어려우실 경우에는 저희은행쪽으로 위임처리하시는 방법도 있으시니까. 어떻게 어떤 방법으로 진행을 도와드릴까요? 만약에 지역이 지금 어디죠? 지방 같은 경우는 시간이 좀 걸려한 일주일 정도 위임처리하시면 당일로도 가능하시고 을 하면 어떻게 돼요? 위임하실 경우에는 방문이나 내방없이 드리는 전화 받으시고 녹취를 통해서 대출각서는 공중서류를 작성하고요 등기발송처리를 해 드리고요 그렇죠? 당일로도 가능하시고. 다만 처리하실 경우에는 이제 수수료는 저희가 대신 내들이지만 따로 발생이 되세요. 이십만이요 오점오프로는 고정금리죠 중도상환수수료는 최소 3 개월 동안만 없으시면 중도상을 수술을 안 받습니다. 방문을 하셨어요. 에는 거기 님께서 직접 법무법인이나. 변호사 공중사무실 지정하고 저희 은행 직원이 파견나가는 걸로 해드릴까요? 방문을 해달라고 하신거. 아니에요. 지금 하고 그런 아니에요. 유선상으로 대출할 때는 찾아가는 것은 최하위우선순위진행입니다. 그러면 저축은행입니다 햇살론 저축은행이야. 그렇죠. 그렇죠. 그렇죠. 그거는 뭐 께서 결정을 해주셔야죠. 제가 이렇게 저렇게 말할 수 없으니까 진행을 도와드릴까요. 발생되시는 금액같은 경우에는 실제 소모되시는 수수료는 아니시기 때문에 정상생이나 부결결과 받아 보시면 백프로 환급해 드립니다. 다만 단순히 취소하시면 환급이 안 됩니다. 네. 그럼 일단 서류 접수부터 한번 진행을 해볼게요. 사업자등록증이 있으시죠? 그리고 신분증안면두 가지 사진 찍어서 카톡으로 좀 보내 주시고요. 카카오톡으로 제가 지금 메시지를 먼저 하나 보내드릴게요 겠네요. 그렇죠. 지금 메시지나 보내드렸거든요 소통왔나요 이쪽으로 찍어서 보내시면 되세요. 다른 궁금하신 건 없으시고. 일단 하고 추가적인 접수으세요. 그거는 이제 등록하고 뭐 여쭤봐야죠 지금 다짜고짜면 어떡합니까? 고기는 지금 신분증도 접수도 안 해줬는데, 그냥 부족으로 만 여쭤보면 뭐 합니까? 절차가 있는 거니까. 알겠습니다. 알겠습니다. 제가 점심때 좀 다시 한번 드리겠습니다. 접수가 언제 가능 하신데요? 찍어서 보내주셔도 되는데 지금 바로 가능하세요. 그럼 지금 찍어서 보내 주세요. 그래요. 올려놓고 같이 찍어도 되냐고 올려놓고요 상관없어요. 알겠습니다. 여보세요? 보냅니다. 전화 좀 꺼낼 거예요. 그러면 제가 보냈거든요 왔네요. 지금 왔네요. 동화 중에 잠깐만요. 그러면 지금 바로 그냥 진행을 도와 도와드려볼게요. 울산 지금 실제 거주하시는 지역이 울산이세요 울산심사 자료 정리를 바로 돈행. 진행도와드리겠습니다 실제 거주하시는 지역은 울산 남구 사용하시는 히드사람으로 통신사람은 어떻게 되세요? 본인 명의세요 심사올라가시는 금액은 삼천만원 더 올라가시고요 금리는 오점오프로 고정금리의 상황기간은 육십 개월로 년이고요 상을 하시는 금액은 오십칠 만 삼천 삼십 원입니다. 맞죠? 상은 하시는 일단은 지금 좀 바쁘세요 집중을 안 하시는 것 같아요. 말씀드리는 건 말씀드렸는데 집중을 안 하시는 것 같다고요. 집중하실 거예요? 거든요 생활하시면 일단은 드릴까요? 창업의 변동안 되세요 하셨을 경우에 대출금을 받아 보실 수정계좌한번 부탁드릴게요 잠깐만 그렇게 생각하나요? 구나 본인 명의세요 담당자님 계좌번호는 바로 카카오톡으로 보내드릴 거고요 수납가능해지는 시간은 얼마나 걸리세요 해주신다고 하셨잖아요 먼저 돈을 들여 검사를 보죠 들었어요? 아니고요. 그러면은 저희가 이제 따로 승낙처리를 안 받고 공장을 직접 하시는 걸로 처리를 할 테니까요. 사무실을 좀 알아보시고 연락을 주세요. 먼저 처음 원래는 먼저 넣는 거 아니에요. 처리하실 경우에만 먼저 받는 거예요. 왜냐면 솔직히 필요하고 만 하면 돈도 아니겠지만 느낌이 생활하고 제가 그런 것 아니고 제가 중간에 대출을 받은 것 않으시겠지만 받으면 그것을 재하거나 해가지고 들어오이십만원 먼저 너가 이건 아니거든 데요. 그래서 말씀드리잖아요 이십만원도 없지 않으셔도 되고요. 변호사 선임해주시고 연락을 주시면은 저희가 파견나간다고 해요. 변호사까지 하면 된다고 합니다. 그럼 그런 공정을 지금 저희가 해드릴 수 있는 담보물이 있어요. 그럼 어떻게 이런 게 아니라 지금 자격 요건이 안 되잖아요 정말 먼저 늘어난 건 이해가 안 되네요 이해가 안 되는 게 많아서 그래요 말한 것 무슨 지금 대출진행하실 요여보세요 하실 수 있는 요건이 되세요 경찰에 청와대 안되니까 지금 같은 새끼가 그냥 그냥 안 되잖아요. 그 친구한테 잘 있어라. 아이고 근심만 가지고 안 할 거 알고 있었어. 그러니까 이런 은행"}],"items":[{"start_time":"1.08","end_time":"1.6","alternatives":[{"confidence":"0.3676","content":"안녕하세요"}],"type":"pronunciation"},{"start_time":"5.36","end_time":"5.65","alternatives":[{"confidence":"0.8009","content":"어저께"}],"type":"pronunciation"},{"start_time":"5.65","end_time":"6.02","alternatives":[{"confidence":"0.9885","content":"통화했던"}],"type":"pronunciation"},{"start_time":"6.02","end_time":"6.61","alternatives":[{"confidence":"0.9415666666666667","content":"최관입니다"}],"type":"pronunciation"},{"start_time":"7.87","end_time":"8.16","alternatives":[{"confidence":"0.968","content":"어떻게"}],"type":"pronunciation"},{"start_time":"8.16","end_time":"8.56","alternatives":[{"confidence":"0.6496","content":"가정의"}],"type":"pronunciation"},{"start_time":"8.56","end_time":"8.83","alternatives":[{"confidence":"0.6028","content":"결과"}],"type":"pronunciation"},{"start_time":"8.83","end_time":"9.2","alternatives":[{"confidence":"0.53825","content":"안내제가"}],"type":"pronunciation"},{"alternatives":[{"confidence":"0.0","content":"?"}],"type":"punctuation"},{"start_time":"9.2","end_time":"9.46","alternatives":[{"confidence":"0.9888","content":"오늘"}],"type":"pronunciation"},{"start_time":"9.46","end_time":"9.77","alternatives":[{"confidence":"0.9932","content":"아침에"}],"type":"pronunciation"},{"start_time":"9.77","end_time":"9.95","alternatives":[{"confidence":"0.6344","content":"전화"}],"type":"pronunciation"},{"start_time":"9.95","end_time":"10.31","alternatives":[{"confidence":"0.9749","content":"드린다고"}],"type":"pronunciation"},{"start_time":"10.31","end_time":"10.5","alternatives":[{"confidence":"0.9946","content":"제가"}],"type":"pronunciation"},{"start_time":"10.5","end_time":"10.79","alternatives":[{"confidence":"0.9963","content":"얘기를"}],"type":"pronunciation"},{"start_time":"10.79","end_time":"11.48","alternatives":[{"confidence":"1.0","content":"했었는데"}],"type":"pronunciation"},{"start_time":"11.48","end_time":"11.76","alternatives":[{"confidence":"0.9897","content":"어떻게"}],"type":"pronunciation"},{"start_time":"11.76","end_time":"11.95","alternatives":[{"confidence":"0.8747","content":"통화"}],"type":"pronunciation"},{"start_time":"12.07","end_time":"12.72","alternatives":[{"confidence":"1.0","content":"괜찮으세요"}],"type":"pronunciation"},{"alternatives":[{"confidence":"0.0","content":"?"}],"type":"punctuation"},{"start_time":"14.07","end_time":"14.33","alternatives":[{"confidence":"1.0","content":"일단"}],"type":"pronunciation"},{"start_time":"14.33","end_time":"14.71","alternatives":[{"confidence":"0.9981","content":"최대한"}],"type":"pronunciation"},{"start_time":"14.71","end_time":"15.12","alternatives":[{"confidence":"0.9841","content":"들은"}],"type":"pronunciation"},{"start_time":"15.12","end_time":"15.48","alternatives":[{"confidence":"0.9494","content":"고객이"}],"type":"pronunciation"},{"start_time":"15.48","end_time":"16.05","alternatives":[{"confidence":"0.9322","content":"신청하신"}],"type":"pronunciation"},{"start_time":"16.05","end_time":"16.39","alternatives":[{"confidence":"0.9945","content":"최대한"}],"type":"pronunciation"},{"start_time":"16.39","end_time":"16.7","alternatives":[{"confidence":"0.982","content":"들은"}],"type":"pronunciation"},{"start_time":"16.7","end_time":"17.55","alternatives":[{"confidence":"0.6920666666666667","content":"삼천만원까지"}],"type":"pronunciation"},{"start_time":"17.55","end_time":"18.64","alternatives":[{"confidence":"0.8010999999999999","content":"가능하시고요"}],"type":"pronunciation"},{"start_time":"19.22","end_time":"19.37","alternatives":[{"confidence":"0.8528","content":"는"}],"type":"pronunciation"},{"start_time":"19.37","end_time":"19.81","alternatives":[{"confidence":"0.40945","content":"연금님"}],"type":"pronunciation"},{"start_time":"19.81","end_time":"20.56","alternatives":[{"confidence":"0.80925","content":"오점오프로의"}],"type":"pronunciation"},{"start_time":"20.56","end_time":"21.08","alternatives":[{"confidence":"0.7686","content":"상환기간"}],"type":"pronunciation"},{"start_time":"21.08","end_time":"21.38","alternatives":[{"confidence":"0.729","content":"육십"}],"type":"pronunciation"},{"start_time":"21.38","end_time":"21.87","alternatives":[{"confidence":"0.8833","content":"개월입니다"}],"type":"pronunciation"},{"start_time":"21.87","end_time":"22.78","alternatives":[{"confidence":"0.7218666666666667","content":"오년이고요"}],"type":"pronunciation"},{"start_time":"23.38","end_time":"23.67","alternatives":[{"confidence":"0.9997","content":"매월"}],"type":"pronunciation"},{"start_time":"23.67","end_time":"24.15","alternatives":[{"confidence":"0.90705","content":"상환하시는"}],"type":"pronunciation"},{"start_time":"24.15","end_time":"24.63","alternatives":[{"confidence":"0.9999","content":"금액은"}],"type":"pronunciation"},{"start_time":"24.63","end_time":"25.07","alternatives":[{"confidence":"0.9051","content":"육십개월"}],"type":"pronunciation"},{"start_time":"25.07","end_time":"25.36","alternatives":[{"confidence":"0.9237","content":"기준"}],"type":"pronunciation"},{"start_time":"25.36","end_time":"25.79","alternatives":[{"confidence":"0.9944999999999999","content":"원금이죠"}],"type":"pronunciation"},{"start_time":"25.79","end_time":"26.0","alternatives":[{"confidence":"0.7527","content":"포함"}],"type":"pronunciation"},{"start_time":"26.0","end_time":"26.23","alternatives":[{"confidence":"0.6422","content":"되신"}],"type":"pronunciation"},{"start_time":"26.23","end_time":"26.72","alternatives":[{"confidence":"0.99475","content":"금액으로"}],"type":"pronunciation"},{"start_time":"26.72","end_time":"27.33","alternatives":[{"confidence":"0.5048","content":"오십칠"}],"type":"pronunciation"},{"start_time":"27.33","end_time":"27.52","alternatives":[{"confidence":"0.8202","content":"만"}],"type":"pronunciation"},{"start_time":"27.52","end_time":"27.87","alternatives":[{"confidence":"0.5897","content":"삼천"}],"type":"pronunciation"},{"start_time":"27.87","end_time":"28.23","alternatives":[{"confidence":"0.4592","content":"삼십"}],"type":"pronunciation"},{"start_time":"28.23","end_time":"28.37","alternatives":[{"confidence":"0.4424","content":"원"}],"type":"pronunciation"},{"start_time":"28.37","end_time":"28.57","alternatives":[{"confidence":"0.5364","content":"확인"}],"type":"pronunciation"},{"start_time":"28.57","end_time":"28.93","alternatives":[{"confidence":"0.9069","content":"되시는데"}],"type":"pronunciation"},{"start_time":"28.93","end_time":"29.64","alternatives":[{"confidence":"1.0","content":"괜찮으세요"}],"type":"pronunciation"},{"alternatives":[{"confidence":"0.0","content":"?"}],"type":"punctuation"},{"start_time":"33.29","end_time":"33.63","alternatives":[{"confidence":"0.9471","content":"그래요"}],"type":"pronunciation"},{"start_time":"34.45","end_time":"34.68","alternatives":[{"confidence":"0.7127","content":"이자"}],"type":"pronunciation"},{"start_time":"34.68","end_time":"35.44","alternatives":[{"confidence":"0.7283999999999999","content":"오점오프로입니다"}],"type":"pronunciation"},{"start_time":"35.44","end_time":"36.08","alternatives":[{"confidence":"0.9968","content":"금리가"}],"type":"pronunciation"},{"start_time":"40.11","end_time":"40.36","alternatives":[{"confidence":"0.2391","content":"예"}],"type":"pronunciation"},{"alternatives":[{"confidence":"0.0","content":","}],"type":"punctuation"},{"start_time":"40.39","end_time":"40.81","alternatives":[{"confidence":"0.41915","content":"말씀하세요"}],"type":"pronunciation"},{"start_time":"42.78","end_time":"43.31","alternatives":[{"confidence":"0.8362","content":"말씀하세요"}],"type":"pronunciation"},{"start_time":"44.42","end_time":"44.59","alternatives":[{"confidence":"0.9154","content":"아니"}],"type":"pronunciation"},{"alternatives":[{"confidence":"0.0","content":","}],"type":"punctuation"},{"start_time":"44.59","end_time":"45.95","alternatives":[{"confidence":"0.9547","content":"괜찮으시냐고요"}],"type":"pronunciation"},{"start_time":"46.47","end_time":"46.71","alternatives":[{"confidence":"0.7176","content":"그럼"}],"type":"pronunciation"},{"start_time":"46.71","end_time":"47.08","alternatives":[{"confidence":"0.9999","content":"간단하게"}],"type":"pronunciation"},{"start_time":"47.08","end_time":"47.36","alternatives":[{"confidence":"0.5133","content":"상품"}],"type":"pronunciation"},{"start_time":"47.36","end_time":"47.65","alternatives":[{"confidence":"0.9655","content":"설명"}],"type":"pronunciation"},{"start_time":"47.65","end_time":"48.65","alternatives":[{"confidence":"0.9305","content":"부탁드릴게요"}],"type":"pronunciation"},{"alternatives":[{"confidence":"0.0","content":"."}],"type":"punctuation"},{"start_time":"49.11","end_time":"49.85","alternatives":[{"confidence":"0.8240666666666666","content":"현재진행하시는"}],"type":"pronunciation"},{"start_time":"49.85","end_time":"50.13","alternatives":[{"confidence":"0.5002","content":"대출"}],"type":"pronunciation"},{"start_time":"50.13","end_time":"50.64","alternatives":[{"confidence":"0.7242","content":"상품은"}],"type":"pronunciation"},{"start_time":"50.64","end_time":"51.32","alternatives":[{"confidence":"0.9684666666666667","content":"신용대출은"}],"type":"pronunciation"},{"start_time":"51.32","end_time":"51.81","alternatives":[{"confidence":"1.0","content":"아니고"}],"type":"pronunciation"},{"start_time":"51.84","end_time":"51.97","alternatives":[{"confidence":"0.5186","content":"이제"}],"type":"pronunciation"},{"start_time":"51.98","end_time":"53.11","alternatives":[{"confidence":"0.669675","content":"소득담보대출이라"}],"type":"pronunciation"},{"alternatives":[{"confidence":"0.0","content":"."}],"type":"punctuation"},{"start_time":"53.11","end_time":"53.49","alternatives":[{"confidence":"0.786","content":"그래서"}],"type":"pronunciation"},{"start_time":"53.52","end_time":"53.92","alternatives":[{"confidence":"0.9875","content":"연체를"}],"type":"pronunciation"},{"start_time":"53.92","end_time":"54.14","alternatives":[{"confidence":"0.9405","content":"하실"}],"type":"pronunciation"},{"start_time":"54.14","end_time":"54.34","alternatives":[{"confidence":"0.7171","content":"경우"}],"type":"pronunciation"},{"start_time":"54.34","end_time":"54.44","alternatives":[{"confidence":"0.8874","content":"나"}],"type":"pronunciation"},{"start_time":"54.44","end_time":"54.86","alternatives":[{"confidence":"0.9964999999999999","content":"고의적인"}],"type":"pronunciation"},{"start_time":"54.86","end_time":"55.15","alternatives":[{"confidence":"0.3262","content":"상한의"}],"type":"pronunciation"},{"start_time":"55.15","end_time":"55.37","alternatives":[{"confidence":"0.9155","content":"피가"}],"type":"pronunciation"},{"start_time":"55.37","end_time":"55.68","alternatives":[{"confidence":"0.9787","content":"있으실"}],"type":"pronunciation"},{"start_time":"55.68","end_time":"56.05","alternatives":[{"confidence":"0.9858","content":"경우"}],"type":"pronunciation"},{"start_time":"56.3","end_time":"56.59","alternatives":[{"confidence":"0.9999","content":"향후"}],"type":"pronunciation"},{"start_time":"56.59","end_time":"56.93","alternatives":[{"confidence":"0.6063","content":"고객이"}],"type":"pronunciation"},{"start_time":"56.93","end_time":"57.25","alternatives":[{"confidence":"0.5182","content":"발생"}],"type":"pronunciation"},{"start_time":"57.25","end_time":"57.75","alternatives":[{"confidence":"0.6262999999999999","content":"하시는미래"}],"type":"pronunciation"},{"start_time":"57.75","end_time":"58.28","alternatives":[{"confidence":"0.9059","content":"소득부분에"}],"type":"pronunciation"},{"start_time":"58.28","end_time":"58.59","alternatives":[{"confidence":"0.9941","content":"대한"}],"type":"pronunciation"},{"start_time":"58.59","end_time":"59.41","alternatives":[{"confidence":"0.8780249999999999","content":"채권추심에"}],"type":"pronunciation"},{"start_time":"59.41","end_time":"59.61","alternatives":[{"confidence":"0.998","content":"대한"}],"type":"pronunciation"},{"start_time":"59.61","end_time":"59.94","alternatives":[{"confidence":"0.9993","content":"권한을"}],"type":"pronunciation"},{"start_time":"59.94","end_time":"60.39","alternatives":[{"confidence":"0.8308","content":"부여받고"}],"type":"pronunciation"},{"start_time":"60.39","end_time":"60.66","alternatives":[{"confidence":"0.9450000000000001","content":"진행이"}],"type":"pronunciation"},{"start_time":"60.66","end_time":"61.0","alternatives":[{"confidence":"0.9691","content":"대신에"}],"type":"pronunciation"},{"start_time":"61.0","end_time":"61.43","alternatives":[{"confidence":"0.6959","content":"대출"}],"type":"pronunciation"},{"start_time":"61.43","end_time":"62.21","alternatives":[{"confidence":"0.93995","content":"상품입니다"}],"type":"pronunciation"},{"start_time":"62.63","end_time":"63.38","alternatives":[{"confidence":"0.9997","content":"괜찮으신가요"}],"type":"pronunciation"},{"alternatives":[{"confidence":"0.0","content":"?"}],"type":"punctuation"},{"start_time":"65.3","end_time":"65.4","alternatives":[{"confidence":"0.7926","content":"이"}],"type":"pronunciation"},{"start_time":"65.4","end_time":"65.73","alternatives":[{"confidence":"1.0","content":"효력을"}],"type":"pronunciation"},{"start_time":"65.73","end_time":"66.05","alternatives":[{"confidence":"0.9864","content":"부여하는"}],"type":"pronunciation"},{"start_time":"66.05","end_time":"66.65","alternatives":[{"confidence":"0.8973","content":"과정으로는"}],"type":"pronunciation"},{"start_time":"66.65","end_time":"66.98","alternatives":[{"confidence":"0.8843","content":"직접"}],"type":"pronunciation"},{"start_time":"66.98","end_time":"67.2","alternatives":[{"confidence":"0.2483","content":"보기"}],"type":"pronunciation"},{"start_time":"67.2","end_time":"67.52","alternatives":[{"confidence":"0.9949","content":"님께서"}],"type":"pronunciation"},{"start_time":"67.52","end_time":"68.06","alternatives":[{"confidence":"0.7766500000000001","content":"법무법인"}],"type":"pronunciation"},{"start_time":"68.06","end_time":"68.25","alternatives":[{"confidence":"0.3328","content":"이라고"}],"type":"pronunciation"},{"start_time":"68.39","end_time":"68.56","alternatives":[{"confidence":"0.52","content":"해서"}],"type":"pronunciation"},{"start_time":"68.56","end_time":"69.26","alternatives":[{"confidence":"0.8283","content":"공중사무실을"}],"type":"pronunciation"},{"start_time":"69.26","end_time":"70.21","alternatives":[{"confidence":"0.6485","content":"지정해주셔서"}],"type":"pronunciation"},{"start_time":"70.43","end_time":"70.65","alternatives":[{"confidence":"0.6447","content":"저희"}],"type":"pronunciation"},{"start_time":"70.65","end_time":"70.88","alternatives":[{"confidence":"0.619","content":"은행"}],"type":"pronunciation"},{"start_time":"70.88","end_time":"71.14","alternatives":[{"confidence":"0.7949","content":"직원"}],"type":"pronunciation"},{"start_time":"71.14","end_time":"71.83","alternatives":[{"confidence":"0.5669666666666667","content":"파견나가시는"}],"type":"pronunciation"},{"start_time":"71.83","end_time":"72.36","alternatives":[{"confidence":"1.0","content":"부분을"}],"type":"pronunciation"},{"start_time":"72.58","end_time":"72.93","alternatives":[{"confidence":"0.8587","content":"만나"}],"type":"pronunciation"},{"start_time":"72.93","end_time":"73.32","alternatives":[{"confidence":"0.9998","content":"뵙고"}],"type":"pronunciation"},{"start_time":"73.32","end_time":"74.02","alternatives":[{"confidence":"0.923575","content":"삼자대면을"}],"type":"pronunciation"},{"start_time":"74.02","end_time":"74.42","alternatives":[{"confidence":"0.9591","content":"통해서"}],"type":"pronunciation"},{"start_time":"74.57","end_time":"75.16","alternatives":[{"confidence":"0.6019333333333333","content":"대출계획서를"}],"type":"pronunciation"},{"start_time":"75.16","end_time":"75.68","alternatives":[{"confidence":"0.7518499999999999","content":"공중서를"}],"type":"pronunciation"},{"start_time":"75.68","end_time":"76.13","alternatives":[{"confidence":"0.99595","content":"작성하게"}],"type":"pronunciation"},{"start_time":"76.13","end_time":"76.63","alternatives":[{"confidence":"0.9778","content":"됐고요"}],"type":"pronunciation"},{"alternatives":[{"confidence":"0.0","content":"."}],"type":"punctuation"},{"start_time":"77.27","end_time":"77.42","alternatives":[{"confidence":"0.9979","content":"이게"}],"type":"pronunciation"},{"start_time":"77.42","end_time":"77.57","alternatives":[{"confidence":"1.0","content":"좀"}],"type":"pronunciation"},{"start_time":"77.57","end_time":"77.95","alternatives":[{"confidence":"0.98255","content":"어려우실"}],"type":"pronunciation"},{"start_time":"77.95","end_time":"78.31","alternatives":[{"confidence":"0.858","content":"경우에는"}],"type":"pronunciation"},{"start_time":"78.31","end_time":"79.02","alternatives":[{"confidence":"0.8340333333333333","content":"저희은행쪽으로"}],"type":"pronunciation"},{"start_time":"79.02","end_time":"79.74","alternatives":[{"confidence":"0.8324333333333334","content":"위임처리하시는"}],"type":"pronunciation"},{"start_time":"79.74","end_time":"80.16","alternatives":[{"confidence":"1.0","content":"방법도"}],"type":"pronunciation"},{"start_time":"80.16","end_time":"80.83","alternatives":[{"confidence":"0.99715","content":"있으시니까"}],"type":"pronunciation"},{"alternatives":[{"confidence":"0.0","content":"."}],"type":"punctuation"},{"start_time":"81.18","end_time":"81.48","alternatives":[{"confidence":"0.9983","content":"어떻게"}],"type":"pronunciation"},{"start_time":"81.57","end_time":"81.91","alternatives":[{"confidence":"0.9985","content":"어떤"}],"type":"pronunciation"},{"start_time":"81.91","end_time":"82.26","alternatives":[{"confidence":"0.98","content":"방법으로"}],"type":"pronunciation"},{"start_time":"82.26","end_time":"82.54","alternatives":[{"confidence":"0.8378","content":"진행을"}],"type":"pronunciation"},{"start_time":"82.54","end_time":"83.37","alternatives":[{"confidence":"0.95455","content":"도와드릴까요"}],"type":"pronunciation"},{"alternatives":[{"confidence":"0.0","content":"?"}],"type":"punctuation"},{"start_time":"85.18","end_time":"85.85","alternatives":[{"confidence":"1.0","content":"만약에"}],"type":"pronunciation"},{"start_time":"85.88","end_time":"86.29","alternatives":[{"confidence":"0.9022","content":"지역이"}],"type":"pronunciation"},{"start_time":"86.29","end_time":"86.46","alternatives":[{"confidence":"0.9414","content":"지금"}],"type":"pronunciation"},{"start_time":"86.46","end_time":"86.83","alternatives":[{"confidence":"0.94765","content":"어디죠"}],"type":"pronunciation"},{"alternatives":[{"confidence":"0.0","content":"?"}],"type":"punctuation"},{"start_time":"88.4","end_time":"88.7","alternatives":[{"confidence":"0.5709","content":"지방"}],"type":"pronunciation"},{"start_time":"88.7","end_time":"88.96","alternatives":[{"confidence":"0.9989","content":"같은"}],"type":"pronunciation"},{"start_time":"88.96","end_time":"89.27","alternatives":[{"confidence":"0.7962","content":"경우는"}],"type":"pronunciation"},{"start_time":"89.27","end_time":"89.51","alternatives":[{"confidence":"0.9999","content":"시간이"}],"type":"pronunciation"},{"start_time":"89.51","end_time":"89.63","alternatives":[{"confidence":"0.9976","content":"좀"}],"type":"pronunciation"},{"start_time":"89.64","end_time":"90.06","alternatives":[{"confidence":"0.9796","content":"걸려한"}],"type":"pronunciation"},{"start_time":"90.06","end_time":"90.36","alternatives":[{"confidence":"0.9417","content":"일주일"}],"type":"pronunciation"},{"start_time":"90.36","end_time":"90.72","alternatives":[{"confidence":"0.9089","content":"정도"}],"type":"pronunciation"},{"start_time":"93.32","end_time":"93.99","alternatives":[{"confidence":"0.8431000000000001","content":"위임처리하시면"}],"type":"pronunciation"},{"start_time":"93.99","end_time":"94.43","alternatives":[{"confidence":"0.6495000000000001","content":"당일로도"}],"type":"pronunciation"},{"start_time":"94.43","end_time":"95.06","alternatives":[{"confidence":"0.80095","content":"가능하시고"}],"type":"pronunciation"},{"start_time":"97.49","end_time":"97.56","alternatives":[{"confidence":"0.4566","content":"을"}],"type":"pronunciation"},{"start_time":"97.56","end_time":"97.71","alternatives":[{"confidence":"0.9973","content":"하면"}],"type":"pronunciation"},{"start_time":"97.71","end_time":"97.88","alternatives":[{"confidence":"0.619","content":"어떻게"}],"type":"pronunciation"},{"start_time":"97.88","end_time":"98.07","alternatives":[{"confidence":"0.5445","content":"돼요"}],"type":"pronunciation"},{"alternatives":[{"confidence":"0.0","content":"?"}],"type":"punctuation"},{"start_time":"99.37","end_time":"99.79","alternatives":[{"confidence":"0.79585","content":"위임하실"}],"type":"pronunciation"},{"start_time":"99.79","end_time":"100.15","alternatives":[{"confidence":"0.9921","content":"경우에는"}],"type":"pronunciation"},{"start_time":"100.15","end_time":"100.54","alternatives":[{"confidence":"0.92115","content":"방문이나"}],"type":"pronunciation"},{"start_time":"100.54","end_time":"101.32","alternatives":[{"confidence":"0.7779333333333334","content":"내방없이"}],"type":"pronunciation"},{"start_time":"101.35","end_time":"101.71","alternatives":[{"confidence":"0.7615","content":"드리는"}],"type":"pronunciation"},{"start_time":"101.71","end_time":"101.91","alternatives":[{"confidence":"0.9766","content":"전화"}],"type":"pronunciation"},{"start_time":"101.91","end_time":"102.39","alternatives":[{"confidence":"0.9988","content":"받으시고"}],"type":"pronunciation"},{"start_time":"102.39","end_time":"102.82","alternatives":[{"confidence":"0.9971","content":"녹취를"}],"type":"pronunciation"},{"start_time":"102.82","end_time":"103.09","alternatives":[{"confidence":"0.9894","content":"통해서"}],"type":"pronunciation"},{"start_time":"103.09","end_time":"103.76","alternatives":[{"confidence":"0.6194666666666667","content":"대출각서는"}],"type":"pronunciation"},{"start_time":"103.76","end_time":"104.33","alternatives":[{"confidence":"0.70775","content":"공중서류를"}],"type":"pronunciation"},{"start_time":"104.33","end_time":"105.18","alternatives":[{"confidence":"0.9563999999999999","content":"작성하고요"}],"type":"pronunciation"},{"start_time":"105.75","end_time":"106.61","alternatives":[{"confidence":"0.9984999999999999","content":"등기발송처리를"}],"type":"pronunciation"},{"start_time":"106.61","end_time":"106.68","alternatives":[{"confidence":"0.8721","content":"해"}],"type":"pronunciation"},{"start_time":"106.68","end_time":"107.16","alternatives":[{"confidence":"0.938","content":"드리고요"}],"type":"pronunciation"},{"start_time":"111.37","end_time":"111.69","alternatives":[{"confidence":"1.0","content":"그렇죠"}],"type":"pronunciation"},{"alternatives":[{"confidence":"0.0","content":"?"}],"type":"punctuation"},{"start_time":"111.69","end_time":"112.09","alternatives":[{"confidence":"0.6222333333333333","content":"당일로도"}],"type":"pronunciation"},{"start_time":"112.09","end_time":"112.61","alternatives":[{"confidence":"0.7878499999999999","content":"가능하시고"}],"type":"pronunciation"},{"alternatives":[{"confidence":"0.0","content":"."}],"type":"punctuation"},{"start_time":"112.61","end_time":"112.98","alternatives":[{"confidence":"0.9515","content":"다만"}],"type":"pronunciation"},{"start_time":"113.63","end_time":"114.12","alternatives":[{"confidence":"0.8107500000000001","content":"처리하실"}],"type":"pronunciation"},{"start_time":"114.12","end_time":"114.58","alternatives":[{"confidence":"0.991","content":"경우에는"}],"type":"pronunciation"},{"start_time":"114.59","end_time":"114.73","alternatives":[{"confidence":"0.6791","content":"이제"}],"type":"pronunciation"},{"start_time":"114.85","end_time":"115.35","alternatives":[{"confidence":"0.99945","content":"수수료는"}],"type":"pronunciation"},{"start_time":"115.35","end_time":"115.59","alternatives":[{"confidence":"1.0","content":"저희가"}],"type":"pronunciation"},{"start_time":"115.59","end_time":"115.86","alternatives":[{"confidence":"0.9337","content":"대신"}],"type":"pronunciation"},{"start_time":"115.86","end_time":"116.5","alternatives":[{"confidence":"0.7302666666666666","content":"내들이지만"}],"type":"pronunciation"},{"start_time":"117.7","end_time":"117.96","alternatives":[{"confidence":"0.9491","content":"따로"}],"type":"pronunciation"},{"start_time":"117.96","end_time":"118.34","alternatives":[{"confidence":"0.8375","content":"발생이"}],"type":"pronunciation"},{"start_time":"118.34","end_time":"118.84","alternatives":[{"confidence":"0.9276","content":"되세요"}],"type":"pronunciation"},{"alternatives":[{"confidence":"0.0","content":"."}],"type":"punctuation"},{"start_time":"120.04","end_time":"121.14","alternatives":[{"confidence":"0.9642","content":"이십만이요"}],"type":"pronunciation"},{"start_time":"125.48","end_time":"126.22","alternatives":[{"confidence":"0.49885","content":"오점오프로는"}],"type":"pronunciation"},{"start_time":"126.22","end_time":"127.22","alternatives":[{"confidence":"0.6815666666666665","content":"고정금리죠"}],"type":"pronunciation"},{"start_time":"131.42","end_time":"132.39","alternatives":[{"confidence":"0.99505","content":"중도상환수수료는"}],"type":"pronunciation"},{"start_time":"132.39","end_time":"132.63","alternatives":[{"confidence":"0.9989","content":"최소"}],"type":"pronunciation"},{"start_time":"132.63","end_time":"132.8","alternatives":[{"confidence":"0.7797","content":"3"}],"type":"pronunciation"},{"start_time":"132.8","end_time":"133.02","alternatives":[{"confidence":"0.9965","content":"개월"}],"type":"pronunciation"},{"start_time":"133.02","end_time":"133.39","alternatives":[{"confidence":"0.9686","content":"동안만"}],"type":"pronunciation"},{"start_time":"133.63","end_time":"134.12","alternatives":[{"confidence":"0.8381000000000001","content":"없으시면"}],"type":"pronunciation"},{"start_time":"134.12","end_time":"134.6","alternatives":[{"confidence":"0.6471","content":"중도상을"}],"type":"pronunciation"},{"start_time":"134.6","end_time":"134.96","alternatives":[{"confidence":"0.8477","content":"수술을"}],"type":"pronunciation"},{"start_time":"134.96","end_time":"135.16","alternatives":[{"confidence":"0.8725","content":"안"}],"type":"pronunciation"},{"start_time":"135.16","end_time":"135.6","alternatives":[{"confidence":"0.9489","content":"받습니다"}],"type":"pronunciation"},{"alternatives":[{"confidence":"0.0","content":"."}],"type":"punctuation"},{"start_time":"137.24","end_time":"137.56","alternatives":[{"confidence":"0.0899","content":"방문을"}],"type":"pronunciation"},{"start_time":"137.56","end_time":"138.06","alternatives":[{"confidence":"0.0054","content":"하셨어요"}],"type":"pronunciation"},{"alternatives":[{"confidence":"0.0","content":"."}],"type":"punctuation"},{"start_time":"139.54","end_time":"139.77","alternatives":[{"confidence":"0.6153","content":"에는"}],"type":"pronunciation"},{"start_time":"139.96","end_time":"140.19","alternatives":[{"confidence":"0.7183","content":"거기"}],"type":"pronunciation"},{"start_time":"140.19","end_time":"140.42","alternatives":[{"confidence":"0.8166","content":"님께서"}],"type":"pronunciation"},{"start_time":"140.42","end_time":"140.73","alternatives":[{"confidence":"0.9821","content":"직접"}],"type":"pronunciation"},{"start_time":"140.73","end_time":"141.31","alternatives":[{"confidence":"0.6765333333333334","content":"법무법인이나"}],"type":"pronunciation"},{"alternatives":[{"confidence":"0.0","content":"."}],"type":"punctuation"},{"start_time":"141.31","end_time":"141.62","alternatives":[{"confidence":"0.5947","content":"변호사"}],"type":"pronunciation"},{"start_time":"141.62","end_time":"142.22","alternatives":[{"confidence":"0.5502","content":"공중사무실"}],"type":"pronunciation"},{"start_time":"142.22","end_time":"142.91","alternatives":[{"confidence":"0.9868","content":"지정하고"}],"type":"pronunciation"},{"start_time":"142.91","end_time":"143.08","alternatives":[{"confidence":"0.6931","content":"저희"}],"type":"pronunciation"},{"start_time":"143.08","end_time":"143.3","alternatives":[{"confidence":"0.7661","content":"은행"}],"type":"pronunciation"},{"start_time":"143.3","end_time":"143.58","alternatives":[{"confidence":"0.9814","content":"직원이"}],"type":"pronunciation"},{"start_time":"143.58","end_time":"144.12","alternatives":[{"confidence":"0.8933","content":"파견나가는"}],"type":"pronunciation"},{"start_time":"144.12","end_time":"144.28","alternatives":[{"confidence":"0.9829","content":"걸로"}],"type":"pronunciation"},{"start_time":"144.28","end_time":"144.88","alternatives":[{"confidence":"0.93295","content":"해드릴까요"}],"type":"pronunciation"},{"alternatives":[{"confidence":"0.0","content":"?"}],"type":"punctuation"},{"start_time":"147.69","end_time":"148.11","alternatives":[{"confidence":"0.9773","content":"방문을"}],"type":"pronunciation"},{"start_time":"148.11","end_time":"148.47","alternatives":[{"confidence":"0.9477","content":"해달라고"}],"type":"pronunciation"},{"start_time":"148.47","end_time":"148.75","alternatives":[{"confidence":"0.8296","content":"하신거"}],"type":"pronunciation"},{"alternatives":[{"confidence":"0.0","content":"."}],"type":"punctuation"},{"start_time":"148.75","end_time":"148.98","alternatives":[{"confidence":"0.9827","content":"아니에요"}],"type":"pronunciation"},{"alternatives":[{"confidence":"0.0","content":"."}],"type":"punctuation"},{"start_time":"148.98","end_time":"149.35","alternatives":[{"confidence":"0.8423","content":"지금"}],"type":"pronunciation"},{"start_time":"150.96","end_time":"151.12","alternatives":[{"confidence":"0.0135","content":"하고"}],"type":"pronunciation"},{"start_time":"151.12","end_time":"151.3","alternatives":[{"confidence":"0.0142","content":"그런"}],"type":"pronunciation"},{"start_time":"152.31","end_time":"152.86","alternatives":[{"confidence":"0.8827","content":"아니에요"}],"type":"pronunciation"},{"alternatives":[{"confidence":"0.0","content":"."}],"type":"punctuation"},{"start_time":"152.86","end_time":"153.4","alternatives":[{"confidence":"0.9959","content":"유선상으로"}],"type":"pronunciation"},{"start_time":"153.4","end_time":"153.82","alternatives":[{"confidence":"0.7784500000000001","content":"대출할"}],"type":"pronunciation"},{"start_time":"153.82","end_time":"154.13","alternatives":[{"confidence":"0.6471","content":"때는"}],"type":"pronunciation"},{"start_time":"154.13","end_time":"154.61","alternatives":[{"confidence":"0.8778","content":"찾아가는"}],"type":"pronunciation"},{"start_time":"154.61","end_time":"154.82","alternatives":[{"confidence":"0.8499","content":"것은"}],"type":"pronunciation"},{"start_time":"154.82","end_time":"157.44","alternatives":[{"confidence":"0.567475","content":"최하위우선순위진행입니다"}],"type":"pronunciation"},{"alternatives":[{"confidence":"0.0","content":"."}],"type":"punctuation"},{"start_time":"159.05","end_time":"159.33","alternatives":[{"confidence":"0.3756","content":"그러면"}],"type":"pronunciation"},{"start_time":"161.48","end_time":"162.15","alternatives":[{"confidence":"0.9845999999999999","content":"저축은행입니다"}],"type":"pronunciation"},{"start_time":"163.5","end_time":"163.96","alternatives":[{"confidence":"0.7314","content":"햇살론"}],"type":"pronunciation"},{"start_time":"163.96","end_time":"164.92","alternatives":[{"confidence":"0.94865","content":"저축은행이야"}],"type":"pronunciation"},{"alternatives":[{"confidence":"0.0","content":"."}],"type":"punctuation"},{"start_time":"172.25","end_time":"172.67","alternatives":[{"confidence":"0.9276","content":"그렇죠"}],"type":"pronunciation"},{"alternatives":[{"confidence":"0.0","content":"."}],"type":"punctuation"},{"start_time":"174.67","end_time":"174.99","alternatives":[{"confidence":"6.0E-4","content":"그렇죠"}],"type":"pronunciation"},{"alternatives":[{"confidence":"0.0","content":"."}],"type":"punctuation"},{"start_time":"178.46","end_time":"178.79","alternatives":[{"confidence":"0.1434","content":"그렇죠"}],"type":"pronunciation"},{"alternatives":[{"confidence":"0.0","content":"."}],"type":"punctuation"},{"start_time":"186.17","end_time":"186.51","alternatives":[{"confidence":"0.5827","content":"그거는"}],"type":"pronunciation"},{"start_time":"186.51","end_time":"186.66","alternatives":[{"confidence":"0.5978","content":"뭐"}],"type":"pronunciation"},{"start_time":"186.97","end_time":"187.14","alternatives":[{"confidence":"0.482","content":"께서"}],"type":"pronunciation"},{"start_time":"187.14","end_time":"187.51","alternatives":[{"confidence":"0.9873","content":"결정을"}],"type":"pronunciation"},{"start_time":"187.51","end_time":"188.63","alternatives":[{"confidence":"0.9661500000000001","content":"해주셔야죠"}],"type":"pronunciation"},{"alternatives":[{"confidence":"0.0","content":"."}],"type":"punctuation"},{"start_time":"188.74","end_time":"188.96","alternatives":[{"confidence":"0.9928","content":"제가"}],"type":"pronunciation"},{"start_time":"188.96","end_time":"189.25","alternatives":[{"confidence":"0.9552","content":"이렇게"}],"type":"pronunciation"},{"start_time":"189.39","end_time":"189.72","alternatives":[{"confidence":"0.969","content":"저렇게"}],"type":"pronunciation"},{"start_time":"189.72","end_time":"189.96","alternatives":[{"confidence":"0.1404","content":"말할"}],"type":"pronunciation"},{"start_time":"189.99","end_time":"190.09","alternatives":[{"confidence":"0.1238","content":"수"}],"type":"pronunciation"},{"start_time":"190.09","end_time":"190.77","alternatives":[{"confidence":"0.9895","content":"없으니까"}],"type":"pronunciation"},{"start_time":"194.53","end_time":"194.8","alternatives":[{"confidence":"0.8743","content":"진행을"}],"type":"pronunciation"},{"start_time":"194.8","end_time":"195.48","alternatives":[{"confidence":"0.95305","content":"도와드릴까요"}],"type":"pronunciation"},{"alternatives":[{"confidence":"0.0","content":"."}],"type":"punctuation"},{"start_time":"197.15","end_time":"197.7","alternatives":[{"confidence":"0.28496666666666665","content":"발생되시는"}],"type":"pronunciation"},{"start_time":"197.7","end_time":"198.17","alternatives":[{"confidence":"0.9592","content":"금액같은"}],"type":"pronunciation"},{"start_time":"198.17","end_time":"198.63","alternatives":[{"confidence":"0.9881","content":"경우에는"}],"type":"pronunciation"},{"start_time":"198.63","end_time":"198.96","alternatives":[{"confidence":"0.6424","content":"실제"}],"type":"pronunciation"},{"start_time":"198.96","end_time":"199.52","alternatives":[{"confidence":"0.5830000000000001","content":"소모되시는"}],"type":"pronunciation"},{"start_time":"199.52","end_time":"200.09","alternatives":[{"confidence":"0.9999","content":"수수료는"}],"type":"pronunciation"},{"start_time":"200.09","end_time":"200.6","alternatives":[{"confidence":"0.66135","content":"아니시기"}],"type":"pronunciation"},{"start_time":"200.6","end_time":"200.96","alternatives":[{"confidence":"0.9767","content":"때문에"}],"type":"pronunciation"},{"start_time":"201.02","end_time":"201.8","alternatives":[{"confidence":"0.3306","content":"정상생이나"}],"type":"pronunciation"},{"start_time":"201.8","end_time":"202.4","alternatives":[{"confidence":"0.33095","content":"부결결과"}],"type":"pronunciation"},{"start_time":"202.4","end_time":"202.59","alternatives":[{"confidence":"0.6833","content":"받아"}],"type":"pronunciation"},{"start_time":"202.59","end_time":"202.9","alternatives":[{"confidence":"0.9996","content":"보시면"}],"type":"pronunciation"},{"start_time":"202.9","end_time":"203.24","alternatives":[{"confidence":"0.78145","content":"백프로"}],"type":"pronunciation"},{"start_time":"203.24","end_time":"203.8","alternatives":[{"confidence":"0.63815","content":"환급해"}],"type":"pronunciation"},{"start_time":"203.8","end_time":"204.23","alternatives":[{"confidence":"0.9483","content":"드립니다"}],"type":"pronunciation"},{"alternatives":[{"confidence":"0.0","content":"."}],"type":"punctuation"},{"start_time":"204.23","end_time":"204.67","alternatives":[{"confidence":"0.9613","content":"다만"}],"type":"pronunciation"},{"start_time":"205.9","end_time":"206.37","alternatives":[{"confidence":"0.0648","content":"단순히"}],"type":"pronunciation"},{"start_time":"207.14","end_time":"207.67","alternatives":[{"confidence":"0.86065","content":"취소하시면"}],"type":"pronunciation"},{"start_time":"207.67","end_time":"207.99","alternatives":[{"confidence":"0.9753000000000001","content":"환급이"}],"type":"pronunciation"},{"start_time":"207.99","end_time":"208.1","alternatives":[{"confidence":"0.2067","content":"안"}],"type":"pronunciation"},{"start_time":"208.1","end_time":"208.49","alternatives":[{"confidence":"0.2066","content":"됩니다"}],"type":"pronunciation"},{"alternatives":[{"confidence":"0.0","content":"."}],"type":"punctuation"},{"start_time":"210.22","end_time":"210.45","alternatives":[{"confidence":"0.9347","content":"네"}],"type":"pronunciation"},{"alternatives":[{"confidence":"0.0","content":"."}],"type":"punctuation"},{"start_time":"210.48","end_time":"210.71","alternatives":[{"confidence":"0.9987","content":"그럼"}],"type":"pronunciation"},{"start_time":"210.71","end_time":"210.97","alternatives":[{"confidence":"0.7465","content":"일단"}],"type":"pronunciation"},{"start_time":"210.97","end_time":"211.14","alternatives":[{"confidence":"0.9032","content":"서류"}],"type":"pronunciation"},{"start_time":"211.14","end_time":"211.71","alternatives":[{"confidence":"0.9976","content":"접수부터"}],"type":"pronunciation"},{"start_time":"211.71","end_time":"211.9","alternatives":[{"confidence":"0.9743","content":"한번"}],"type":"pronunciation"},{"start_time":"211.9","end_time":"212.15","alternatives":[{"confidence":"0.9953","content":"진행을"}],"type":"pronunciation"},{"start_time":"212.15","end_time":"212.69","alternatives":[{"confidence":"0.8653","content":"해볼게요"}],"type":"pronunciation"},{"alternatives":[{"confidence":"0.0","content":"."}],"type":"punctuation"},{"start_time":"213.04","end_time":"213.76","alternatives":[{"confidence":"0.8379666666666666","content":"사업자등록증이"}],"type":"pronunciation"},{"start_time":"213.76","end_time":"214.35","alternatives":[{"confidence":"1.0","content":"있으시죠"}],"type":"pronunciation"},{"alternatives":[{"confidence":"0.0","content":"?"}],"type":"punctuation"},{"start_time":"215.37","end_time":"215.72","alternatives":[{"confidence":"0.998","content":"그리고"}],"type":"pronunciation"},{"start_time":"215.72","end_time":"217.0","alternatives":[{"confidence":"0.8971333333333332","content":"신분증안면두"}],"type":"pronunciation"},{"start_time":"217.0","end_time":"217.21","alternatives":[{"confidence":"0.7429","content":"가지"}],"type":"pronunciation"},{"start_time":"217.21","end_time":"217.47","alternatives":[{"confidence":"0.9985","content":"사진"}],"type":"pronunciation"},{"start_time":"217.47","end_time":"217.78","alternatives":[{"confidence":"1.0","content":"찍어서"}],"type":"pronunciation"},{"start_time":"217.78","end_time":"218.21","alternatives":[{"confidence":"0.99975","content":"카톡으로"}],"type":"pronunciation"},{"start_time":"218.21","end_time":"218.36","alternatives":[{"confidence":"0.9992","content":"좀"}],"type":"pronunciation"},{"start_time":"218.36","end_time":"218.56","alternatives":[{"confidence":"0.9318","content":"보내"}],"type":"pronunciation"},{"start_time":"218.56","end_time":"219.17","alternatives":[{"confidence":"0.9958","content":"주시고요"}],"type":"pronunciation"},{"alternatives":[{"confidence":"0.0","content":"."}],"type":"punctuation"},{"start_time":"219.69","end_time":"220.31","alternatives":[{"confidence":"0.9809666666666667","content":"카카오톡으로"}],"type":"pronunciation"},{"start_time":"220.31","end_time":"220.5","alternatives":[{"confidence":"0.9985","content":"제가"}],"type":"pronunciation"},{"start_time":"220.5","end_time":"220.69","alternatives":[{"confidence":"0.9924","content":"지금"}],"type":"pronunciation"},{"start_time":"220.69","end_time":"221.11","alternatives":[{"confidence":"0.9909","content":"메시지를"}],"type":"pronunciation"},{"start_time":"221.11","end_time":"221.36","alternatives":[{"confidence":"0.9842","content":"먼저"}],"type":"pronunciation"},{"start_time":"221.36","end_time":"221.52","alternatives":[{"confidence":"0.9894","content":"하나"}],"type":"pronunciation"},{"start_time":"221.52","end_time":"222.44","alternatives":[{"confidence":"0.99875","content":"보내드릴게요"}],"type":"pronunciation"},{"start_time":"226.66","end_time":"227.25","alternatives":[{"confidence":"0.9903","content":"겠네요"}],"type":"pronunciation"},{"alternatives":[{"confidence":"0.0","content":"."}],"type":"punctuation"},{"start_time":"230.36","end_time":"230.54","alternatives":[{"confidence":"0.7654","content":"그렇죠"}],"type":"pronunciation"},{"alternatives":[{"confidence":"0.0","content":"."}],"type":"punctuation"},{"start_time":"231.82","end_time":"232.01","alternatives":[{"confidence":"0.9816","content":"지금"}],"type":"pronunciation"},{"start_time":"232.01","end_time":"232.42","alternatives":[{"confidence":"0.78955","content":"메시지나"}],"type":"pronunciation"},{"start_time":"232.42","end_time":"233.22","alternatives":[{"confidence":"0.9933333333333333","content":"보내드렸거든요"}],"type":"pronunciation"},{"start_time":"235.25","end_time":"235.91","alternatives":[{"confidence":"0.7446999999999999","content":"소통왔나요"}],"type":"pronunciation"},{"start_time":"242.76","end_time":"243.15","alternatives":[{"confidence":"0.8411","content":"이쪽으로"}],"type":"pronunciation"},{"start_time":"243.63","end_time":"243.9","alternatives":[{"confidence":"1.0","content":"찍어서"}],"type":"pronunciation"},{"start_time":"243.9","end_time":"244.31","alternatives":[{"confidence":"0.99705","content":"보내시면"}],"type":"pronunciation"},{"start_time":"244.31","end_time":"245.09","alternatives":[{"confidence":"1.0","content":"되세요"}],"type":"pronunciation"},{"alternatives":[{"confidence":"0.0","content":"."}],"type":"punctuation"},{"start_time":"246.57","end_time":"246.77","alternatives":[{"confidence":"0.9225","content":"다른"}],"type":"pronunciation"},{"start_time":"246.77","end_time":"247.16","alternatives":[{"confidence":"0.9595499999999999","content":"궁금하신"}],"type":"pronunciation"},{"start_time":"247.16","end_time":"247.26","alternatives":[{"confidence":"0.9497","content":"건"}],"type":"pronunciation"},{"start_time":"247.26","end_time":"247.71","alternatives":[{"confidence":"0.97765","content":"없으시고"}],"type":"pronunciation"},{"alternatives":[{"confidence":"0.0","content":"."}],"type":"punctuation"},{"start_time":"251.92","end_time":"252.17","alternatives":[{"confidence":"0.6818","content":"일단"}],"type":"pronunciation"},{"start_time":"252.87","end_time":"253.26","alternatives":[{"confidence":"0.2183","content":"하고"}],"type":"pronunciation"},{"start_time":"259.71","end_time":"260.12","alternatives":[{"confidence":"1.0","content":"추가적인"}],"type":"pronunciation"},{"start_time":"260.12","end_time":"261.3","alternatives":[{"confidence":"0.6628","content":"접수으세요"}],"type":"pronunciation"},{"alternatives":[{"confidence":"0.0","content":"."}],"type":"punctuation"},{"start_time":"264.03","end_time":"264.34","alternatives":[{"confidence":"0.9926","content":"그거는"}],"type":"pronunciation"},{"start_time":"264.34","end_time":"264.52","alternatives":[{"confidence":"0.9998","content":"이제"}],"type":"pronunciation"},{"start_time":"264.62","end_time":"265.24","alternatives":[{"confidence":"0.9461","content":"등록하고"}],"type":"pronunciation"},{"start_time":"265.24","end_time":"265.36","alternatives":[{"confidence":"0.9238","content":"뭐"}],"type":"pronunciation"},{"start_time":"265.36","end_time":"265.93","alternatives":[{"confidence":"0.8912666666666667","content":"여쭤봐야죠"}],"type":"pronunciation"},{"start_time":"265.93","end_time":"266.18","alternatives":[{"confidence":"0.9673","content":"지금"}],"type":"pronunciation"},{"start_time":"266.19","end_time":"267.09","alternatives":[{"confidence":"0.6851200000000001","content":"다짜고짜면"}],"type":"pronunciation"},{"start_time":"267.09","end_time":"267.56","alternatives":[{"confidence":"0.80795","content":"어떡합니까"}],"type":"pronunciation"},{"alternatives":[{"confidence":"0.0","content":"?"}],"type":"punctuation"},{"start_time":"268.91","end_time":"269.32","alternatives":[{"confidence":"0.6930000000000001","content":"고기는"}],"type":"pronunciation"},{"start_time":"269.32","end_time":"269.49","alternatives":[{"confidence":"0.9726","content":"지금"}],"type":"pronunciation"},{"start_time":"269.49","end_time":"269.97","alternatives":[{"confidence":"0.99675","content":"신분증도"}],"type":"pronunciation"},{"start_time":"269.97","end_time":"270.32","alternatives":[{"confidence":"0.82035","content":"접수도"}],"type":"pronunciation"},{"start_time":"270.32","end_time":"270.41","alternatives":[{"confidence":"0.8863","content":"안"}],"type":"pronunciation"},{"start_time":"270.41","end_time":"270.84","alternatives":[{"confidence":"0.9885999999999999","content":"해줬는데"}],"type":"pronunciation"},{"alternatives":[{"confidence":"0.0","content":","}],"type":"punctuation"},{"start_time":"270.84","end_time":"271.21","alternatives":[{"confidence":"0.9885","content":"그냥"}],"type":"pronunciation"},{"start_time":"271.3","end_time":"271.68","alternatives":[{"confidence":"0.6998","content":"부족으로"}],"type":"pronunciation"},{"start_time":"271.68","end_time":"271.82","alternatives":[{"confidence":"0.6205","content":"만"}],"type":"pronunciation"},{"start_time":"271.82","end_time":"272.23","alternatives":[{"confidence":"0.9054","content":"여쭤보면"}],"type":"pronunciation"},{"start_time":"272.23","end_time":"272.34","alternatives":[{"confidence":"0.4751","content":"뭐"}],"type":"pronunciation"},{"start_time":"272.34","end_time":"272.79","alternatives":[{"confidence":"1.0","content":"합니까"}],"type":"pronunciation"},{"alternatives":[{"confidence":"0.0","content":"?"}],"type":"punctuation"},{"start_time":"274.89","end_time":"275.31","alternatives":[{"confidence":"0.9995","content":"절차가"}],"type":"pronunciation"},{"start_time":"275.31","end_time":"275.54","alternatives":[{"confidence":"0.9838","content":"있는"}],"type":"pronunciation"},{"start_time":"275.54","end_time":"276.34","alternatives":[{"confidence":"0.9843","content":"거니까"}],"type":"pronunciation"},{"alternatives":[{"confidence":"0.0","content":"."}],"type":"punctuation"},{"start_time":"281.94","end_time":"282.47","alternatives":[{"confidence":"0.9999","content":"알겠습니다"}],"type":"pronunciation"},{"alternatives":[{"confidence":"0.0","content":"."}],"type":"punctuation"},{"start_time":"283.31","end_time":"284.09","alternatives":[{"confidence":"0.9999","content":"알겠습니다"}],"type":"pronunciation"},{"alternatives":[{"confidence":"0.0","content":"."}],"type":"punctuation"},{"start_time":"284.09","end_time":"285.06","alternatives":[{"confidence":"0.9986","content":"제가"}],"type":"pronunciation"},{"start_time":"285.35","end_time":"286.27","alternatives":[{"confidence":"0.2827","content":"점심때"}],"type":"pronunciation"},{"start_time":"286.27","end_time":"286.4","alternatives":[{"confidence":"0.5088","content":"좀"}],"type":"pronunciation"},{"start_time":"286.4","end_time":"286.58","alternatives":[{"confidence":"0.989","content":"다시"}],"type":"pronunciation"},{"start_time":"286.58","end_time":"286.76","alternatives":[{"confidence":"0.841","content":"한번"}],"type":"pronunciation"},{"start_time":"286.89","end_time":"287.43","alternatives":[{"confidence":"1.0","content":"드리겠습니다"}],"type":"pronunciation"},{"alternatives":[{"confidence":"0.0","content":"."}],"type":"punctuation"},{"start_time":"290.37","end_time":"290.73","alternatives":[{"confidence":"0.3073","content":"접수가"}],"type":"pronunciation"},{"start_time":"290.73","end_time":"290.96","alternatives":[{"confidence":"0.8357","content":"언제"}],"type":"pronunciation"},{"start_time":"290.96","end_time":"291.2","alternatives":[{"confidence":"0.8852","content":"가능"}],"type":"pronunciation"},{"start_time":"291.2","end_time":"292.23","alternatives":[{"confidence":"0.9823","content":"하신데요"}],"type":"pronunciation"},{"alternatives":[{"confidence":"0.0","content":"?"}],"type":"punctuation"},{"start_time":"294.94","end_time":"295.2","alternatives":[{"confidence":"0.9934","content":"찍어서"}],"type":"pronunciation"},{"start_time":"295.2","end_time":"296.13","alternatives":[{"confidence":"0.9795499999999999","content":"보내주셔도"}],"type":"pronunciation"},{"start_time":"296.13","end_time":"296.49","alternatives":[{"confidence":"0.9997","content":"되는데"}],"type":"pronunciation"},{"start_time":"296.49","end_time":"297.05","alternatives":[{"confidence":"0.9957","content":"지금"}],"type":"pronunciation"},{"start_time":"297.48","end_time":"297.74","alternatives":[{"confidence":"0.9773","content":"바로"}],"type":"pronunciation"},{"start_time":"297.74","end_time":"298.38","alternatives":[{"confidence":"0.99075","content":"가능하세요"}],"type":"pronunciation"},{"alternatives":[{"confidence":"0.0","content":"."}],"type":"punctuation"},{"start_time":"299.62","end_time":"299.81","alternatives":[{"confidence":"0.9814","content":"그럼"}],"type":"pronunciation"},{"start_time":"299.81","end_time":"300.02","alternatives":[{"confidence":"0.9357","content":"지금"}],"type":"pronunciation"},{"start_time":"300.02","end_time":"300.3","alternatives":[{"confidence":"0.9953","content":"찍어서"}],"type":"pronunciation"},{"start_time":"300.3","end_time":"300.48","alternatives":[{"confidence":"0.332","content":"보내"}],"type":"pronunciation"},{"start_time":"300.48","end_time":"300.85","alternatives":[{"confidence":"0.3425","content":"주세요"}],"type":"pronunciation"},{"alternatives":[{"confidence":"0.0","content":"."}],"type":"punctuation"},{"start_time":"313.33","end_time":"313.62","alternatives":[{"confidence":"0.1414","content":"그래요"}],"type":"pronunciation"},{"alternatives":[{"confidence":"0.0","content":"."}],"type":"punctuation"},{"start_time":"315.59","end_time":"315.95","alternatives":[{"confidence":"0.7083","content":"올려놓고"}],"type":"pronunciation"},{"start_time":"317.18","end_time":"317.56","alternatives":[{"confidence":"0.9737","content":"같이"}],"type":"pronunciation"},{"start_time":"317.56","end_time":"317.93","alternatives":[{"confidence":"0.9992","content":"찍어도"}],"type":"pronunciation"},{"start_time":"317.93","end_time":"318.36","alternatives":[{"confidence":"0.9971","content":"되냐고"}],"type":"pronunciation"},{"start_time":"318.36","end_time":"319.25","alternatives":[{"confidence":"0.08850000000000001","content":"올려놓고요"}],"type":"pronunciation"},{"start_time":"320.41","end_time":"320.87","alternatives":[{"confidence":"0.9743","content":"상관없어요"}],"type":"pronunciation"},{"alternatives":[{"confidence":"0.0","content":"."}],"type":"punctuation"},{"start_time":"326.08","end_time":"326.55","alternatives":[{"confidence":"0.004","content":"알겠습니다"}],"type":"pronunciation"},{"alternatives":[{"confidence":"0.0","content":"."}],"type":"punctuation"},{"start_time":"339.1","end_time":"340.3","alternatives":[{"confidence":"0.3605","content":"여보세요"}],"type":"pronunciation"},{"alternatives":[{"confidence":"0.0","content":"?"}],"type":"punctuation"},{"start_time":"340.49","end_time":"340.89","alternatives":[{"confidence":"0.9988","content":"보냅니다"}],"type":"pronunciation"},{"alternatives":[{"confidence":"0.0","content":"."}],"type":"punctuation"},{"start_time":"341.98","end_time":"342.24","alternatives":[{"confidence":"0.9325","content":"전화"}],"type":"pronunciation"},{"start_time":"342.24","end_time":"342.4","alternatives":[{"confidence":"0.9942","content":"좀"}],"type":"pronunciation"},{"start_time":"342.4","end_time":"342.62","alternatives":[{"confidence":"0.3106","content":"꺼낼"}],"type":"pronunciation"},{"start_time":"342.62","end_time":"342.78","alternatives":[{"confidence":"0.9324","content":"거예요"}],"type":"pronunciation"},{"alternatives":[{"confidence":"0.0","content":"."}],"type":"punctuation"},{"start_time":"342.78","end_time":"343.06","alternatives":[{"confidence":"1.0","content":"그러면"}],"type":"pronunciation"},{"start_time":"343.06","end_time":"343.28","alternatives":[{"confidence":"0.9976","content":"제가"}],"type":"pronunciation"},{"start_time":"347.59","end_time":"348.06","alternatives":[{"confidence":"0.98985","content":"보냈거든요"}],"type":"pronunciation"},{"start_time":"350.73","end_time":"351.03","alternatives":[{"confidence":"0.99945","content":"왔네요"}],"type":"pronunciation"},{"alternatives":[{"confidence":"0.0","content":"."}],"type":"punctuation"},{"start_time":"351.03","end_time":"351.21","alternatives":[{"confidence":"0.8911","content":"지금"}],"type":"pronunciation"},{"start_time":"351.21","end_time":"351.45","alternatives":[{"confidence":"0.9781500000000001","content":"왔네요"}],"type":"pronunciation"},{"alternatives":[{"confidence":"0.0","content":"."}],"type":"punctuation"},{"start_time":"351.45","end_time":"351.64","alternatives":[{"confidence":"0.6465","content":"동화"}],"type":"pronunciation"},{"start_time":"351.64","end_time":"351.9","alternatives":[{"confidence":"0.9874","content":"중에"}],"type":"pronunciation"},{"start_time":"354.03","end_time":"354.72","alternatives":[{"confidence":"1.0","content":"잠깐만요"}],"type":"pronunciation"},{"alternatives":[{"confidence":"0.0","content":"."}],"type":"punctuation"},{"start_time":"354.78","end_time":"355.17","alternatives":[{"confidence":"0.5883","content":"그러면"}],"type":"pronunciation"},{"start_time":"355.17","end_time":"355.37","alternatives":[{"confidence":"0.9981","content":"지금"}],"type":"pronunciation"},{"start_time":"355.37","end_time":"355.6","alternatives":[{"confidence":"0.9894","content":"바로"}],"type":"pronunciation"},{"start_time":"355.6","end_time":"355.81","alternatives":[{"confidence":"0.9976","content":"그냥"}],"type":"pronunciation"},{"start_time":"355.81","end_time":"356.08","alternatives":[{"confidence":"0.886","content":"진행을"}],"type":"pronunciation"},{"start_time":"356.08","end_time":"356.22","alternatives":[{"confidence":"0.1118","content":"도와"}],"type":"pronunciation"},{"start_time":"356.46","end_time":"357.6","alternatives":[{"confidence":"0.9792333333333333","content":"도와드려볼게요"}],"type":"pronunciation"},{"alternatives":[{"confidence":"0.0","content":"."}],"type":"punctuation"},{"start_time":"360.87","end_time":"361.44","alternatives":[{"confidence":"0.4979","content":"울산"}],"type":"pronunciation"},{"start_time":"361.47","end_time":"361.7","alternatives":[{"confidence":"0.9663","content":"지금"}],"type":"pronunciation"},{"start_time":"361.7","end_time":"361.99","alternatives":[{"confidence":"0.9961","content":"실제"}],"type":"pronunciation"},{"start_time":"361.99","end_time":"362.42","alternatives":[{"confidence":"0.99185","content":"거주하시는"}],"type":"pronunciation"},{"start_time":"362.42","end_time":"362.98","alternatives":[{"confidence":"1.0","content":"지역이"}],"type":"pronunciation"},{"start_time":"362.98","end_time":"363.65","alternatives":[{"confidence":"0.8173999999999999","content":"울산이세요"}],"type":"pronunciation"},{"start_time":"363.68","end_time":"366.46","alternatives":[{"confidence":"0.7215499999999999","content":"울산심사"}],"type":"pronunciation"},{"start_time":"366.46","end_time":"366.65","alternatives":[{"confidence":"0.9992","content":"자료"}],"type":"pronunciation"},{"start_time":"366.65","end_time":"367.1","alternatives":[{"confidence":"1.0","content":"정리를"}],"type":"pronunciation"},{"start_time":"367.1","end_time":"367.34","alternatives":[{"confidence":"0.7611","content":"바로"}],"type":"pronunciation"},{"start_time":"367.34","end_time":"367.8","alternatives":[{"confidence":"0.18405","content":"돈행"}],"type":"pronunciation"},{"alternatives":[{"confidence":"0.0","content":"."}],"type":"punctuation"},{"start_time":"367.8","end_time":"369.19","alternatives":[{"confidence":"0.9207333333333333","content":"진행도와드리겠습니다"}],"type":"pronunciation"},{"start_time":"370.84","end_time":"371.11","alternatives":[{"confidence":"0.9977","content":"실제"}],"type":"pronunciation"},{"start_time":"371.11","end_time":"371.73","alternatives":[{"confidence":"0.993","content":"거주하시는"}],"type":"pronunciation"},{"start_time":"371.73","end_time":"372.07","alternatives":[{"confidence":"0.9948","content":"지역은"}],"type":"pronunciation"},{"start_time":"372.07","end_time":"372.36","alternatives":[{"confidence":"0.977","content":"울산"}],"type":"pronunciation"},{"start_time":"372.36","end_time":"372.72","alternatives":[{"confidence":"0.6687","content":"남구"}],"type":"pronunciation"},{"start_time":"372.72","end_time":"373.21","alternatives":[{"confidence":"0.8818999999999999","content":"사용하시는"}],"type":"pronunciation"},{"start_time":"373.21","end_time":"373.76","alternatives":[{"confidence":"0.7051499999999999","content":"히드사람으로"}],"type":"pronunciation"},{"start_time":"373.76","end_time":"374.28","alternatives":[{"confidence":"0.6974499999999999","content":"통신사람은"}],"type":"pronunciation"},{"start_time":"374.28","end_time":"374.48","alternatives":[{"confidence":"1.0","content":"어떻게"}],"type":"pronunciation"},{"start_time":"374.48","end_time":"375.13","alternatives":[{"confidence":"1.0","content":"되세요"}],"type":"pronunciation"},{"alternatives":[{"confidence":"0.0","content":"?"}],"type":"punctuation"},{"start_time":"377.65","end_time":"377.88","alternatives":[{"confidence":"0.7492","content":"본인"}],"type":"pronunciation"},{"start_time":"377.88","end_time":"378.34","alternatives":[{"confidence":"0.35965","content":"명의세요"}],"type":"pronunciation"},{"start_time":"381.38","end_time":"382.16","alternatives":[{"confidence":"0.7968333333333334","content":"심사올라가시는"}],"type":"pronunciation"},{"start_time":"382.16","end_time":"383.06","alternatives":[{"confidence":"0.9996","content":"금액은"}],"type":"pronunciation"},{"start_time":"384.68","end_time":"385.22","alternatives":[{"confidence":"0.65145","content":"삼천만원"}],"type":"pronunciation"},{"start_time":"385.34","end_time":"385.43","alternatives":[{"confidence":"0.3866","content":"더"}],"type":"pronunciation"},{"start_time":"385.43","end_time":"386.18","alternatives":[{"confidence":"0.9820333333333333","content":"올라가시고요"}],"type":"pronunciation"},{"start_time":"386.58","end_time":"386.98","alternatives":[{"confidence":"0.9979","content":"금리는"}],"type":"pronunciation"},{"start_time":"386.98","end_time":"387.48","alternatives":[{"confidence":"0.9062666666666667","content":"오점오프로"}],"type":"pronunciation"},{"start_time":"387.48","end_time":"388.27","alternatives":[{"confidence":"0.8726333333333334","content":"고정금리의"}],"type":"pronunciation"},{"start_time":"388.27","end_time":"388.84","alternatives":[{"confidence":"0.79","content":"상황기간은"}],"type":"pronunciation"},{"start_time":"388.84","end_time":"389.14","alternatives":[{"confidence":"0.9543","content":"육십"}],"type":"pronunciation"},{"start_time":"389.14","end_time":"389.82","alternatives":[{"confidence":"0.6574","content":"개월로"}],"type":"pronunciation"},{"start_time":"389.82","end_time":"390.39","alternatives":[{"confidence":"0.83455","content":"년이고요"}],"type":"pronunciation"},{"start_time":"390.9","end_time":"391.14","alternatives":[{"confidence":"0.6492","content":"상을"}],"type":"pronunciation"},{"start_time":"391.14","end_time":"391.41","alternatives":[{"confidence":"0.8701","content":"하시는"}],"type":"pronunciation"},{"start_time":"391.41","end_time":"391.9","alternatives":[{"confidence":"0.9969","content":"금액은"}],"type":"pronunciation"},{"start_time":"391.9","end_time":"392.51","alternatives":[{"confidence":"0.5732","content":"오십칠"}],"type":"pronunciation"},{"start_time":"392.51","end_time":"392.68","alternatives":[{"confidence":"0.7926","content":"만"}],"type":"pronunciation"},{"start_time":"392.68","end_time":"392.97","alternatives":[{"confidence":"0.588","content":"삼천"}],"type":"pronunciation"},{"start_time":"392.97","end_time":"393.27","alternatives":[{"confidence":"0.5738","content":"삼십"}],"type":"pronunciation"},{"start_time":"393.27","end_time":"393.76","alternatives":[{"confidence":"0.9067000000000001","content":"원입니다"}],"type":"pronunciation"},{"alternatives":[{"confidence":"0.0","content":"."}],"type":"punctuation"},{"start_time":"393.76","end_time":"394.55","alternatives":[{"confidence":"1.0","content":"맞죠"}],"type":"pronunciation"},{"alternatives":[{"confidence":"0.0","content":"?"}],"type":"punctuation"},{"start_time":"396.36","end_time":"396.6","alternatives":[{"confidence":"0.4408","content":"상은"}],"type":"pronunciation"},{"start_time":"396.6","end_time":"396.9","alternatives":[{"confidence":"0.8813","content":"하시는"}],"type":"pronunciation"},{"start_time":"396.9","end_time":"397.26","alternatives":[{"confidence":"0.7811","content":"일단은"}],"type":"pronunciation"},{"start_time":"397.26","end_time":"397.42","alternatives":[{"confidence":"0.8552","content":"지금"}],"type":"pronunciation"},{"start_time":"397.42","end_time":"397.55","alternatives":[{"confidence":"0.9965","content":"좀"}],"type":"pronunciation"},{"start_time":"397.55","end_time":"398.33","alternatives":[{"confidence":"0.99985","content":"바쁘세요"}],"type":"pronunciation"},{"start_time":"398.36","end_time":"398.8","alternatives":[{"confidence":"0.9920500000000001","content":"집중을"}],"type":"pronunciation"},{"start_time":"398.8","end_time":"398.91","alternatives":[{"confidence":"0.8511","content":"안"}],"type":"pronunciation"},{"start_time":"398.91","end_time":"399.16","alternatives":[{"confidence":"0.6233","content":"하시는"}],"type":"pronunciation"},{"start_time":"399.16","end_time":"399.26","alternatives":[{"confidence":"0.99","content":"것"}],"type":"pronunciation"},{"start_time":"399.26","end_time":"399.81","alternatives":[{"confidence":"0.9803","content":"같아요"}],"type":"pronunciation"},{"alternatives":[{"confidence":"0.0","content":"."}],"type":"punctuation"},{"start_time":"401.87","end_time":"402.55","alternatives":[{"confidence":"0.95795","content":"말씀드리는"}],"type":"pronunciation"},{"start_time":"402.55","end_time":"402.67","alternatives":[{"confidence":"0.9335","content":"건"}],"type":"pronunciation"},{"start_time":"402.67","end_time":"403.31","alternatives":[{"confidence":"0.86905","content":"말씀드렸는데"}],"type":"pronunciation"},{"start_time":"403.31","end_time":"403.74","alternatives":[{"confidence":"0.9987","content":"집중을"}],"type":"pronunciation"},{"start_time":"403.74","end_time":"403.86","alternatives":[{"confidence":"0.821","content":"안"}],"type":"pronunciation"},{"start_time":"403.86","end_time":"404.12","alternatives":[{"confidence":"0.947","content":"하시는"}],"type":"pronunciation"},{"start_time":"404.12","end_time":"404.22","alternatives":[{"confidence":"0.9927","content":"것"}],"type":"pronunciation"},{"start_time":"404.22","end_time":"405.36","alternatives":[{"confidence":"0.9943","content":"같다고요"}],"type":"pronunciation"},{"alternatives":[{"confidence":"0.0","content":"."}],"type":"punctuation"},{"start_time":"406.22","end_time":"406.72","alternatives":[{"confidence":"0.87775","content":"집중하실"}],"type":"pronunciation"},{"start_time":"406.72","end_time":"407.06","alternatives":[{"confidence":"0.9392","content":"거예요"}],"type":"pronunciation"},{"alternatives":[{"confidence":"0.0","content":"?"}],"type":"punctuation"},{"start_time":"409.38","end_time":"409.74","alternatives":[{"confidence":"0.9954","content":"거든요"}],"type":"pronunciation"},{"start_time":"411.14","end_time":"411.64","alternatives":[{"confidence":"0.97285","content":"생활하시면"}],"type":"pronunciation"},{"start_time":"411.64","end_time":"411.98","alternatives":[{"confidence":"0.9937","content":"일단은"}],"type":"pronunciation"},{"start_time":"412.37","end_time":"413.13","alternatives":[{"confidence":"0.994","content":"드릴까요"}],"type":"pronunciation"},{"alternatives":[{"confidence":"0.0","content":"?"}],"type":"punctuation"},{"start_time":"419.04","end_time":"419.34","alternatives":[{"confidence":"0.1172","content":"창업의"}],"type":"pronunciation"},{"start_time":"419.34","end_time":"419.74","alternatives":[{"confidence":"0.86895","content":"변동안"}],"type":"pronunciation"},{"start_time":"419.74","end_time":"420.38","alternatives":[{"confidence":"0.9748","content":"되세요"}],"type":"pronunciation"},{"start_time":"421.08","end_time":"421.45","alternatives":[{"confidence":"0.9108","content":"하셨을"}],"type":"pronunciation"},{"start_time":"421.45","end_time":"421.72","alternatives":[{"confidence":"0.1942","content":"경우에"}],"type":"pronunciation"},{"start_time":"421.72","end_time":"422.32","alternatives":[{"confidence":"0.06865","content":"대출금을"}],"type":"pronunciation"},{"start_time":"422.32","end_time":"422.51","alternatives":[{"confidence":"0.8855","content":"받아"}],"type":"pronunciation"},{"start_time":"422.51","end_time":"422.77","alternatives":[{"confidence":"0.9975","content":"보실"}],"type":"pronunciation"},{"start_time":"422.77","end_time":"423.47","alternatives":[{"confidence":"0.5065666666666667","content":"수정계좌한번"}],"type":"pronunciation"},{"start_time":"423.47","end_time":"424.48","alternatives":[{"confidence":"0.89865","content":"부탁드릴게요"}],"type":"pronunciation"},{"start_time":"429.76","end_time":"430.05","alternatives":[{"confidence":"0.995","content":"잠깐만"}],"type":"pronunciation"},{"start_time":"430.05","end_time":"430.26","alternatives":[{"confidence":"0.8795","content":"그렇게"}],"type":"pronunciation"},{"start_time":"430.26","end_time":"430.73","alternatives":[{"confidence":"0.7734000000000001","content":"생각하나요"}],"type":"pronunciation"},{"alternatives":[{"confidence":"0.0","content":"?"}],"type":"punctuation"},{"start_time":"430.85","end_time":"431.07","alternatives":[{"confidence":"0.4848","content":"구나"}],"type":"pronunciation"},{"start_time":"436.0","end_time":"436.24","alternatives":[{"confidence":"0.6164","content":"본인"}],"type":"pronunciation"},{"start_time":"436.24","end_time":"437.29","alternatives":[{"confidence":"0.1534","content":"명의세요"}],"type":"pronunciation"},{"start_time":"438.09","end_time":"438.63","alternatives":[{"confidence":"0.9863500000000001","content":"담당자님"}],"type":"pronunciation"},{"start_time":"438.63","end_time":"439.2","alternatives":[{"confidence":"0.9716","content":"계좌번호는"}],"type":"pronunciation"},{"start_time":"439.2","end_time":"439.43","alternatives":[{"confidence":"0.9599","content":"바로"}],"type":"pronunciation"},{"start_time":"439.43","end_time":"440.04","alternatives":[{"confidence":"0.9922","content":"카카오톡으로"}],"type":"pronunciation"},{"start_time":"440.04","end_time":"440.44","alternatives":[{"confidence":"0.95105","content":"보내드릴"}],"type":"pronunciation"},{"start_time":"440.44","end_time":"440.78","alternatives":[{"confidence":"0.96905","content":"거고요"}],"type":"pronunciation"},{"start_time":"440.78","end_time":"441.49","alternatives":[{"confidence":"0.5599","content":"수납가능해지는"}],"type":"pronunciation"},{"start_time":"441.49","end_time":"441.82","alternatives":[{"confidence":"0.9372","content":"시간은"}],"type":"pronunciation"},{"start_time":"441.82","end_time":"442.09","alternatives":[{"confidence":"0.9999","content":"얼마나"}],"type":"pronunciation"},{"start_time":"442.09","end_time":"442.83","alternatives":[{"confidence":"0.9513","content":"걸리세요"}],"type":"pronunciation"},{"start_time":"447.36","end_time":"447.73","alternatives":[{"confidence":"0.9377","content":"해주신다고"}],"type":"pronunciation"},{"start_time":"447.73","end_time":"448.29","alternatives":[{"confidence":"1.0","content":"하셨잖아요"}],"type":"pronunciation"},{"start_time":"449.14","end_time":"449.41","alternatives":[{"confidence":"0.8707","content":"먼저"}],"type":"pronunciation"},{"start_time":"449.41","end_time":"449.57","alternatives":[{"confidence":"0.9272","content":"돈을"}],"type":"pronunciation"},{"start_time":"449.57","end_time":"449.73","alternatives":[{"confidence":"0.4924","content":"들여"}],"type":"pronunciation"},{"start_time":"451.04","end_time":"451.4","alternatives":[{"confidence":"0.0024","content":"검사를"}],"type":"pronunciation"},{"start_time":"451.4","end_time":"451.68","alternatives":[{"confidence":"0.0477","content":"보죠"}],"type":"pronunciation"},{"start_time":"456.21","end_time":"456.61","alternatives":[{"confidence":"0.0622","content":"들었어요"}],"type":"pronunciation"},{"alternatives":[{"confidence":"0.0","content":"?"}],"type":"punctuation"},{"start_time":"457.72","end_time":"458.3","alternatives":[{"confidence":"0.9865","content":"아니고요"}],"type":"pronunciation"},{"alternatives":[{"confidence":"0.0","content":"."}],"type":"punctuation"},{"start_time":"458.64","end_time":"459.13","alternatives":[{"confidence":"0.9684","content":"그러면은"}],"type":"pronunciation"},{"start_time":"459.13","end_time":"459.39","alternatives":[{"confidence":"1.0","content":"저희가"}],"type":"pronunciation"},{"start_time":"459.39","end_time":"459.69","alternatives":[{"confidence":"0.9993","content":"이제"}],"type":"pronunciation"},{"start_time":"459.72","end_time":"459.97","alternatives":[{"confidence":"0.9222","content":"따로"}],"type":"pronunciation"},{"start_time":"459.97","end_time":"460.46","alternatives":[{"confidence":"0.14005","content":"승낙처리를"}],"type":"pronunciation"},{"start_time":"460.46","end_time":"460.59","alternatives":[{"confidence":"0.6673","content":"안"}],"type":"pronunciation"},{"start_time":"460.59","end_time":"461.18","alternatives":[{"confidence":"0.9841","content":"받고"}],"type":"pronunciation"},{"start_time":"461.18","end_time":"461.6","alternatives":[{"confidence":"0.3155","content":"공장을"}],"type":"pronunciation"},{"start_time":"461.6","end_time":"461.88","alternatives":[{"confidence":"0.9843","content":"직접"}],"type":"pronunciation"},{"start_time":"461.88","end_time":"462.16","alternatives":[{"confidence":"0.9865","content":"하시는"}],"type":"pronunciation"},{"start_time":"462.16","end_time":"462.33","alternatives":[{"confidence":"0.9736","content":"걸로"}],"type":"pronunciation"},{"start_time":"462.33","end_time":"462.61","alternatives":[{"confidence":"0.9918","content":"처리를"}],"type":"pronunciation"},{"start_time":"462.61","end_time":"462.73","alternatives":[{"confidence":"0.6511","content":"할"}],"type":"pronunciation"},{"start_time":"462.73","end_time":"463.5","alternatives":[{"confidence":"0.9999","content":"테니까요"}],"type":"pronunciation"},{"alternatives":[{"confidence":"0.0","content":"."}],"type":"punctuation"},{"start_time":"463.89","end_time":"464.27","alternatives":[{"confidence":"0.9981","content":"사무실을"}],"type":"pronunciation"},{"start_time":"464.27","end_time":"464.43","alternatives":[{"confidence":"0.9997","content":"좀"}],"type":"pronunciation"},{"start_time":"464.43","end_time":"465.03","alternatives":[{"confidence":"0.9896","content":"알아보시고"}],"type":"pronunciation"},{"start_time":"465.03","end_time":"465.33","alternatives":[{"confidence":"1.0","content":"연락을"}],"type":"pronunciation"},{"start_time":"465.33","end_time":"465.82","alternatives":[{"confidence":"0.9972","content":"주세요"}],"type":"pronunciation"},{"alternatives":[{"confidence":"0.0","content":"."}],"type":"punctuation"},{"start_time":"467.94","end_time":"468.15","alternatives":[{"confidence":"0.0863","content":"먼저"}],"type":"pronunciation"},{"start_time":"468.42","end_time":"468.65","alternatives":[{"confidence":"0.4249","content":"처음"}],"type":"pronunciation"},{"start_time":"469.83","end_time":"470.24","alternatives":[{"confidence":"0.9902","content":"원래는"}],"type":"pronunciation"},{"start_time":"470.24","end_time":"470.48","alternatives":[{"confidence":"0.9489","content":"먼저"}],"type":"pronunciation"},{"start_time":"470.48","end_time":"470.73","alternatives":[{"confidence":"0.8636","content":"넣는"}],"type":"pronunciation"},{"start_time":"470.73","end_time":"470.84","alternatives":[{"confidence":"0.9129","content":"거"}],"type":"pronunciation"},{"start_time":"470.84","end_time":"471.55","alternatives":[{"confidence":"1.0","content":"아니에요"}],"type":"pronunciation"},{"alternatives":[{"confidence":"0.0","content":"."}],"type":"punctuation"},{"start_time":"471.99","end_time":"472.41","alternatives":[{"confidence":"0.5899","content":"처리하실"}],"type":"pronunciation"},{"start_time":"472.41","end_time":"472.83","alternatives":[{"confidence":"0.7505","content":"경우에만"}],"type":"pronunciation"},{"start_time":"472.83","end_time":"473.06","alternatives":[{"confidence":"0.9857","content":"먼저"}],"type":"pronunciation"},{"start_time":"473.06","end_time":"473.33","alternatives":[{"confidence":"0.952","content":"받는"}],"type":"pronunciation"},{"start_time":"473.33","end_time":"473.78","alternatives":[{"confidence":"0.9618","content":"거예요"}],"type":"pronunciation"},{"alternatives":[{"confidence":"0.0","content":"."}],"type":"punctuation"},{"start_time":"481.22","end_time":"481.77","alternatives":[{"confidence":"0.735","content":"왜냐면"}],"type":"pronunciation"},{"start_time":"481.8","end_time":"482.07","alternatives":[{"confidence":"0.9997","content":"솔직히"}],"type":"pronunciation"},{"start_time":"482.64","end_time":"483.21","alternatives":[{"confidence":"0.9684","content":"필요하고"}],"type":"pronunciation"},{"start_time":"483.75","end_time":"483.84","alternatives":[{"confidence":"0.3871","content":"만"}],"type":"pronunciation"},{"start_time":"483.84","end_time":"483.99","alternatives":[{"confidence":"0.6499","content":"하면"}],"type":"pronunciation"},{"start_time":"483.99","end_time":"484.19","alternatives":[{"confidence":"0.7264","content":"돈도"}],"type":"pronunciation"},{"start_time":"484.19","end_time":"484.69","alternatives":[{"confidence":"0.9520500000000001","content":"아니겠지만"}],"type":"pronunciation"},{"start_time":"484.78","end_time":"485.1","alternatives":[{"confidence":"0.7","content":"느낌이"}],"type":"pronunciation"},{"start_time":"485.1","end_time":"485.43","alternatives":[{"confidence":"0.2907","content":"생활하고"}],"type":"pronunciation"},{"start_time":"485.43","end_time":"485.68","alternatives":[{"confidence":"0.7503","content":"제가"}],"type":"pronunciation"},{"start_time":"485.91","end_time":"486.12","alternatives":[{"confidence":"0.8517","content":"그런"}],"type":"pronunciation"},{"start_time":"486.12","end_time":"486.22","alternatives":[{"confidence":"0.307","content":"것"}],"type":"pronunciation"},{"start_time":"486.22","end_time":"486.38","alternatives":[{"confidence":"0.7067","content":"아니고"}],"type":"pronunciation"},{"start_time":"486.38","end_time":"486.51","alternatives":[{"confidence":"0.9868","content":"제가"}],"type":"pronunciation"},{"start_time":"486.51","end_time":"486.77","alternatives":[{"confidence":"0.9161","content":"중간에"}],"type":"pronunciation"},{"start_time":"486.86","end_time":"487.16","alternatives":[{"confidence":"0.9945","content":"대출을"}],"type":"pronunciation"},{"start_time":"487.16","end_time":"487.35","alternatives":[{"confidence":"0.9822","content":"받은"}],"type":"pronunciation"},{"start_time":"487.35","end_time":"487.46","alternatives":[{"confidence":"0.1107","content":"것"}],"type":"pronunciation"},{"start_time":"487.82","end_time":"488.5","alternatives":[{"confidence":"0.80235","content":"않으시겠지만"}],"type":"pronunciation"},{"start_time":"489.09","end_time":"489.65","alternatives":[{"confidence":"0.9907","content":"받으면"}],"type":"pronunciation"},{"start_time":"489.71","end_time":"489.97","alternatives":[{"confidence":"0.6161","content":"그것을"}],"type":"pronunciation"},{"start_time":"490.03","end_time":"490.62","alternatives":[{"confidence":"0.68135","content":"재하거나"}],"type":"pronunciation"},{"start_time":"491.15","end_time":"491.43","alternatives":[{"confidence":"0.7222500000000001","content":"해가지고"}],"type":"pronunciation"},{"start_time":"491.43","end_time":"492.09","alternatives":[{"confidence":"0.5162333333333333","content":"들어오이십만원"}],"type":"pronunciation"},{"start_time":"492.09","end_time":"492.28","alternatives":[{"confidence":"0.8748","content":"먼저"}],"type":"pronunciation"},{"start_time":"492.28","end_time":"492.46","alternatives":[{"confidence":"0.295","content":"너가"}],"type":"pronunciation"},{"start_time":"492.46","end_time":"492.62","alternatives":[{"confidence":"0.6876","content":"이건"}],"type":"pronunciation"},{"start_time":"492.62","end_time":"492.96","alternatives":[{"confidence":"0.2108","content":"아니거든"}],"type":"pronunciation"},{"start_time":"492.96","end_time":"493.16","alternatives":[{"confidence":"0.207","content":"데요"}],"type":"pronunciation"},{"alternatives":[{"confidence":"0.0","content":"."}],"type":"punctuation"},{"start_time":"494.26","end_time":"494.58","alternatives":[{"confidence":"0.7653","content":"그래서"}],"type":"pronunciation"},{"start_time":"494.58","end_time":"495.32","alternatives":[{"confidence":"0.9380999999999999","content":"말씀드리잖아요"}],"type":"pronunciation"},{"start_time":"495.5","end_time":"496.0","alternatives":[{"confidence":"0.25443333333333334","content":"이십만원도"}],"type":"pronunciation"},{"start_time":"496.0","end_time":"496.2","alternatives":[{"confidence":"0.0559","content":"없지"}],"type":"pronunciation"},{"start_time":"496.2","end_time":"496.58","alternatives":[{"confidence":"0.4818","content":"않으셔도"}],"type":"pronunciation"},{"start_time":"496.58","end_time":"497.48","alternatives":[{"confidence":"0.99985","content":"되고요"}],"type":"pronunciation"},{"alternatives":[{"confidence":"0.0","content":"."}],"type":"punctuation"},{"start_time":"498.48","end_time":"498.81","alternatives":[{"confidence":"0.8726","content":"변호사"}],"type":"pronunciation"},{"start_time":"499.02","end_time":"499.78","alternatives":[{"confidence":"0.7583500000000001","content":"선임해주시고"}],"type":"pronunciation"},{"start_time":"499.78","end_time":"500.14","alternatives":[{"confidence":"1.0","content":"연락을"}],"type":"pronunciation"},{"start_time":"500.14","end_time":"500.73","alternatives":[{"confidence":"0.8644","content":"주시면은"}],"type":"pronunciation"},{"start_time":"500.73","end_time":"501.05","alternatives":[{"confidence":"0.9982","content":"저희가"}],"type":"pronunciation"},{"start_time":"501.37","end_time":"502.12","alternatives":[{"confidence":"0.5834666666666667","content":"파견나간다고"}],"type":"pronunciation"},{"start_time":"502.12","end_time":"502.45","alternatives":[{"confidence":"0.1447","content":"해요"}],"type":"pronunciation"},{"alternatives":[{"confidence":"0.0","content":"."}],"type":"punctuation"},{"start_time":"502.49","end_time":"503.56","alternatives":[{"confidence":"0.5693","content":"변호사까지"}],"type":"pronunciation"},{"start_time":"503.56","end_time":"503.76","alternatives":[{"confidence":"0.9321","content":"하면"}],"type":"pronunciation"},{"start_time":"504.21","end_time":"504.44","alternatives":[{"confidence":"0.0736","content":"된다고"}],"type":"pronunciation"},{"start_time":"504.44","end_time":"504.73","alternatives":[{"confidence":"0.3723","content":"합니다"}],"type":"pronunciation"},{"alternatives":[{"confidence":"0.0","content":"."}],"type":"punctuation"},{"start_time":"504.96","end_time":"505.15","alternatives":[{"confidence":"0.5747","content":"그럼"}],"type":"pronunciation"},{"start_time":"506.05","end_time":"506.24","alternatives":[{"confidence":"0.557","content":"그런"}],"type":"pronunciation"},{"start_time":"506.24","end_time":"506.69","alternatives":[{"confidence":"0.87355","content":"공정을"}],"type":"pronunciation"},{"start_time":"506.69","end_time":"507.26","alternatives":[{"confidence":"0.8721","content":"지금"}],"type":"pronunciation"},{"start_time":"508.21","end_time":"508.52","alternatives":[{"confidence":"1.0","content":"저희가"}],"type":"pronunciation"},{"start_time":"508.52","end_time":"508.84","alternatives":[{"confidence":"0.90255","content":"해드릴"}],"type":"pronunciation"},{"start_time":"508.84","end_time":"508.96","alternatives":[{"confidence":"1.0","content":"수"}],"type":"pronunciation"},{"start_time":"508.96","end_time":"509.31","alternatives":[{"confidence":"0.9933","content":"있는"}],"type":"pronunciation"},{"start_time":"509.31","end_time":"509.97","alternatives":[{"confidence":"0.82675","content":"담보물이"}],"type":"pronunciation"},{"start_time":"509.97","end_time":"510.53","alternatives":[{"confidence":"0.9489","content":"있어요"}],"type":"pronunciation"},{"alternatives":[{"confidence":"0.0","content":"."}],"type":"punctuation"},{"start_time":"511.51","end_time":"511.75","alternatives":[{"confidence":"0.0287","content":"그럼"}],"type":"pronunciation"},{"start_time":"511.75","end_time":"511.98","alternatives":[{"confidence":"0.1321","content":"어떻게"}],"type":"pronunciation"},{"start_time":"515.0","end_time":"515.32","alternatives":[{"confidence":"0.8888","content":"이런"}],"type":"pronunciation"},{"start_time":"515.32","end_time":"515.42","alternatives":[{"confidence":"0.9396","content":"게"}],"type":"pronunciation"},{"start_time":"515.42","end_time":"515.66","alternatives":[{"confidence":"0.998","content":"아니라"}],"type":"pronunciation"},{"start_time":"515.66","end_time":"515.85","alternatives":[{"confidence":"0.9938","content":"지금"}],"type":"pronunciation"},{"start_time":"515.85","end_time":"516.16","alternatives":[{"confidence":"0.7301","content":"자격"}],"type":"pronunciation"},{"start_time":"516.16","end_time":"516.49","alternatives":[{"confidence":"0.9995499999999999","content":"요건이"}],"type":"pronunciation"},{"start_time":"516.49","end_time":"516.59","alternatives":[{"confidence":"0.9065","content":"안"}],"type":"pronunciation"},{"start_time":"516.59","end_time":"517.42","alternatives":[{"confidence":"0.9901","content":"되잖아요"}],"type":"pronunciation"},{"start_time":"520.39","end_time":"520.61","alternatives":[{"confidence":"0.7374","content":"정말"}],"type":"pronunciation"},{"start_time":"520.61","end_time":"520.8","alternatives":[{"confidence":"0.8269","content":"먼저"}],"type":"pronunciation"},{"start_time":"520.8","end_time":"521.06","alternatives":[{"confidence":"0.4536","content":"늘어난"}],"type":"pronunciation"},{"start_time":"521.06","end_time":"521.17","alternatives":[{"confidence":"0.0111","content":"건"}],"type":"pronunciation"},{"start_time":"521.99","end_time":"522.23","alternatives":[{"confidence":"0.9069","content":"이해가"}],"type":"pronunciation"},{"start_time":"522.23","end_time":"522.31","alternatives":[{"confidence":"0.5272","content":"안"}],"type":"pronunciation"},{"start_time":"522.31","end_time":"522.57","alternatives":[{"confidence":"0.7103","content":"되네요"}],"type":"pronunciation"},{"start_time":"523.62","end_time":"523.8","alternatives":[{"confidence":"0.9239","content":"이해가"}],"type":"pronunciation"},{"start_time":"523.8","end_time":"523.88","alternatives":[{"confidence":"0.351","content":"안"}],"type":"pronunciation"},{"start_time":"523.88","end_time":"524.1","alternatives":[{"confidence":"0.2098","content":"되는"}],"type":"pronunciation"},{"start_time":"524.1","end_time":"524.19","alternatives":[{"confidence":"0.2268","content":"게"}],"type":"pronunciation"},{"start_time":"524.75","end_time":"525.05","alternatives":[{"confidence":"0.0115","content":"많아서"}],"type":"pronunciation"},{"start_time":"525.05","end_time":"525.86","alternatives":[{"confidence":"1.0","content":"그래요"}],"type":"pronunciation"},{"start_time":"526.38","end_time":"526.66","alternatives":[{"confidence":"0.6331","content":"말한"}],"type":"pronunciation"},{"start_time":"526.66","end_time":"526.75","alternatives":[{"confidence":"0.0142","content":"것"}],"type":"pronunciation"},{"start_time":"528.28","end_time":"528.56","alternatives":[{"confidence":"0.0453","content":"무슨"}],"type":"pronunciation"},{"start_time":"530.28","end_time":"530.46","alternatives":[{"confidence":"0.0432","content":"지금"}],"type":"pronunciation"},{"start_time":"530.46","end_time":"531.17","alternatives":[{"confidence":"0.22193333333333332","content":"대출진행하실"}],"type":"pronunciation"},{"start_time":"531.69","end_time":"532.39","alternatives":[{"confidence":"0.24049999999999996","content":"요여보세요"}],"type":"pronunciation"},{"start_time":"533.71","end_time":"533.87","alternatives":[{"confidence":"0.3708","content":"하실"}],"type":"pronunciation"},{"start_time":"533.87","end_time":"533.96","alternatives":[{"confidence":"0.6352","content":"수"}],"type":"pronunciation"},{"start_time":"533.96","end_time":"534.17","alternatives":[{"confidence":"0.8523","content":"있는"}],"type":"pronunciation"},{"start_time":"534.17","end_time":"534.53","alternatives":[{"confidence":"0.9727","content":"요건이"}],"type":"pronunciation"},{"start_time":"534.53","end_time":"535.2","alternatives":[{"confidence":"0.9931","content":"되세요"}],"type":"pronunciation"},{"start_time":"538.03","end_time":"538.38","alternatives":[{"confidence":"0.0605","content":"경찰에"}],"type":"pronunciation"},{"start_time":"538.76","end_time":"539.08","alternatives":[{"confidence":"0.0528","content":"청와대"}],"type":"pronunciation"},{"start_time":"539.43","end_time":"539.92","alternatives":[{"confidence":"0.04595","content":"안되니까"}],"type":"pronunciation"},{"start_time":"539.92","end_time":"540.11","alternatives":[{"confidence":"0.0298","content":"지금"}],"type":"pronunciation"},{"start_time":"541.64","end_time":"541.87","alternatives":[{"confidence":"0.9502","content":"같은"}],"type":"pronunciation"},{"start_time":"541.87","end_time":"542.18","alternatives":[{"confidence":"0.917","content":"새끼가"}],"type":"pronunciation"},{"start_time":"542.18","end_time":"542.4","alternatives":[{"confidence":"0.9042","content":"그냥"}],"type":"pronunciation"},{"start_time":"542.59","end_time":"542.88","alternatives":[{"confidence":"0.7693","content":"그냥"}],"type":"pronunciation"},{"start_time":"544.06","end_time":"544.22","alternatives":[{"confidence":"0.4297","content":"안"}],"type":"pronunciation"},{"start_time":"544.22","end_time":"544.58","alternatives":[{"confidence":"0.9547","content":"되잖아요"}],"type":"pronunciation"},{"alternatives":[{"confidence":"0.0","content":"."}],"type":"punctuation"},{"start_time":"544.58","end_time":"544.68","alternatives":[{"confidence":"0.0759","content":"그"}],"type":"pronunciation"},{"start_time":"545.51","end_time":"545.9","alternatives":[{"confidence":"0.0885","content":"친구한테"}],"type":"pronunciation"},{"start_time":"546.08","end_time":"546.22","alternatives":[{"confidence":"0.3365","content":"잘"}],"type":"pronunciation"},{"start_time":"546.26","end_time":"546.52","alternatives":[{"confidence":"0.5715","content":"있어라"}],"type":"pronunciation"},{"alternatives":[{"confidence":"0.0","content":"."}],"type":"punctuation"},{"start_time":"548.53","end_time":"548.79","alternatives":[{"confidence":"0.014","content":"아이고"}],"type":"pronunciation"},{"start_time":"548.79","end_time":"549.15","alternatives":[{"confidence":"7.0E-4","content":"근심만"}],"type":"pronunciation"},{"start_time":"549.15","end_time":"549.35","alternatives":[{"confidence":"0.0018","content":"가지고"}],"type":"pronunciation"},{"start_time":"550.79","end_time":"550.98","alternatives":[{"confidence":"0.6363","content":"안"}],"type":"pronunciation"},{"start_time":"550.98","end_time":"551.11","alternatives":[{"confidence":"0.9501","content":"할"}],"type":"pronunciation"},{"start_time":"551.11","end_time":"551.23","alternatives":[{"confidence":"0.7951","content":"거"}],"type":"pronunciation"},{"start_time":"551.23","end_time":"551.49","alternatives":[{"confidence":"0.9906","content":"알고"}],"type":"pronunciation"},{"start_time":"551.49","end_time":"551.91","alternatives":[{"confidence":"0.9718","content":"있었어"}],"type":"pronunciation"},{"alternatives":[{"confidence":"0.0","content":"."}],"type":"punctuation"},{"start_time":"551.91","end_time":"552.31","alternatives":[{"confidence":"0.9861","content":"그러니까"}],"type":"pronunciation"},{"start_time":"552.43","end_time":"552.62","alternatives":[{"confidence":"0.2126","content":"이런"}],"type":"pronunciation"},{"start_time":"555.8","end_time":"556.04","alternatives":[{"confidence":"0.3495","content":"은행"}],"type":"pronunciation"}]},"status":"COMPLETED"}