{"jobName":"transcribe_loan97","accountId":"097989105209","results":{"transcripts":[{"transcript":"네. 나가지고. 잠시만요. 그렇죠. 제가 잠시만요. 오류가 나온다구요. 이게 금융감독원에서 발급요청을 해서 그분께서 에스크로 계좌발급신청이 된 거잖아요. 그렇기 때문에 문제 권을 저희 쪽에서 확인할 수 없는데 전시는요 제가 그러면요 일단은 그 고객님납부하시게 되시는데 납부시간이 너무 지연이 되셨어요. 근데 에스크로 계좌같은 경우는 납부를 하시겠다고 했는데 지연시간이 너무 오래 걸리시면은. 이게 다시 회수처리가 되거든요. 지금 현재 시간이 너무 오래됐기 때문에 입금이 안 되실 거예요. 그렇죠. 입금이 안 되시는 거죠. 오르나오는 거잖아요. 그래서 제가 이거 다시 한번 발급요청을 해야 돼요. 그래서 일단은 직장 근무를 하셔야 되기 때문에 일단 복귀하세요 복귀하시고. 제가 산업 산업 쪽에 제가 통화를 해서 다시 한번 의 스크를 위해서 발급요청을 할게요. 그런데 이게 발급되는 요청이 저희가 발급했어 라고 하는 해서 바로 나오는 게 아니거든요. 네. 에스크로 계좌같은 경우 금융감독원에서 이제 안전하게 시신을 해드리기 위해서 이제 고교님께서. 만일에 저희 쪽에서 상대 쪽이 이제 산업어머니 쪽의 납부를 중도상환없이 다 했는데도 불구하고 저희 쪽에서 만일 대체 부결날 부결났을 때 다시 환급받을 수 있는 계좌를 발급받는 거예요. 그렇기 때문에 지금 시간이 오래 지연됐잖아요. 그래서 제가 산하 머니쪽에 지금 통화를 해서 에스크로 계좌밝고 새로 발급해 드리고 나서 전화 드리겠습니다. 그러세요. 그러면 이렇게 이렇게 하시죠. 오늘 지금 시간이 네시 이십 분 있잖아요. 그래서 시간이 좀 6 시면은 저희 금융권업무 마감시간이기 때문에 오늘 납부를 하시고 난다 하셨더라도 내일 내일로 해서 송금처리가 받으실 수가 있거든요. 시간이 너무 촉박하니까. 그래서 내일 오전 중으로 처리하시는 게 어떠실까요 편하신 시간대에 그렇죠? 네, 알겠습니다. 그러면 내일 오전 몇 시정도로 해서 진행을 해드릴까요? 24 오후 한시에서 두 시 사이로 해서 진행을 해드릴게요. 네, 알겠습니다 그럼 오늘은 근무하시고요? 네, 괜찮죠. 내일 대출금수령할 수 있게끔 처리해 드릴 건데 괜찮네, 알겠습니다, 위원님 네?"}],"items":[{"start_time":"2.22","end_time":"2.36","alternatives":[{"confidence":"0.001","content":"네"}],"type":"pronunciation"},{"alternatives":[{"confidence":"0.0","content":"."}],"type":"punctuation"},{"start_time":"4.34","end_time":"4.74","alternatives":[{"confidence":"0.317","content":"나가지고"}],"type":"pronunciation"},{"alternatives":[{"confidence":"0.0","content":"."}],"type":"punctuation"},{"start_time":"7.27","end_time":"8.12","alternatives":[{"confidence":"1.0","content":"잠시만요"}],"type":"pronunciation"},{"alternatives":[{"confidence":"0.0","content":"."}],"type":"punctuation"},{"start_time":"13.39","end_time":"13.6","alternatives":[{"confidence":"0.9235","content":"그렇죠"}],"type":"pronunciation"},{"alternatives":[{"confidence":"0.0","content":"."}],"type":"punctuation"},{"start_time":"14.9","end_time":"15.51","alternatives":[{"confidence":"0.9676","content":"제가"}],"type":"pronunciation"},{"start_time":"17.35","end_time":"18.04","alternatives":[{"confidence":"1.0","content":"잠시만요"}],"type":"pronunciation"},{"alternatives":[{"confidence":"0.0","content":"."}],"type":"punctuation"},{"start_time":"21.64","end_time":"22.0","alternatives":[{"confidence":"0.9815","content":"오류가"}],"type":"pronunciation"},{"start_time":"22.0","end_time":"22.68","alternatives":[{"confidence":"0.81765","content":"나온다구요"}],"type":"pronunciation"},{"alternatives":[{"confidence":"0.0","content":"."}],"type":"punctuation"},{"start_time":"22.68","end_time":"22.94","alternatives":[{"confidence":"0.9982","content":"이게"}],"type":"pronunciation"},{"start_time":"22.94","end_time":"24.19","alternatives":[{"confidence":"0.9991","content":"금융감독원에서"}],"type":"pronunciation"},{"start_time":"24.22","end_time":"24.97","alternatives":[{"confidence":"0.99135","content":"발급요청을"}],"type":"pronunciation"},{"start_time":"24.97","end_time":"25.44","alternatives":[{"confidence":"0.9857","content":"해서"}],"type":"pronunciation"},{"start_time":"26.02","end_time":"26.59","alternatives":[{"confidence":"0.6951","content":"그분께서"}],"type":"pronunciation"},{"start_time":"26.62","end_time":"27.06","alternatives":[{"confidence":"0.99985","content":"에스크로"}],"type":"pronunciation"},{"start_time":"27.06","end_time":"28.08","alternatives":[{"confidence":"0.973725","content":"계좌발급신청이"}],"type":"pronunciation"},{"start_time":"28.08","end_time":"28.23","alternatives":[{"confidence":"0.9581","content":"된"}],"type":"pronunciation"},{"start_time":"28.23","end_time":"28.99","alternatives":[{"confidence":"0.9574","content":"거잖아요"}],"type":"pronunciation"},{"alternatives":[{"confidence":"0.0","content":"."}],"type":"punctuation"},{"start_time":"29.66","end_time":"29.99","alternatives":[{"confidence":"1.0","content":"그렇기"}],"type":"pronunciation"},{"start_time":"29.99","end_time":"30.56","alternatives":[{"confidence":"0.9969","content":"때문에"}],"type":"pronunciation"},{"start_time":"30.59","end_time":"31.12","alternatives":[{"confidence":"0.5296","content":"문제"}],"type":"pronunciation"},{"start_time":"31.12","end_time":"31.64","alternatives":[{"confidence":"0.9991","content":"권을"}],"type":"pronunciation"},{"start_time":"31.67","end_time":"31.9","alternatives":[{"confidence":"0.7901","content":"저희"}],"type":"pronunciation"},{"start_time":"31.9","end_time":"32.27","alternatives":[{"confidence":"1.0","content":"쪽에서"}],"type":"pronunciation"},{"start_time":"32.27","end_time":"32.6","alternatives":[{"confidence":"0.9912","content":"확인할"}],"type":"pronunciation"},{"start_time":"32.6","end_time":"32.73","alternatives":[{"confidence":"1.0","content":"수"}],"type":"pronunciation"},{"start_time":"32.73","end_time":"33.41","alternatives":[{"confidence":"0.925","content":"없는데"}],"type":"pronunciation"},{"start_time":"34.29","end_time":"35.31","alternatives":[{"confidence":"0.47919999999999996","content":"전시는요"}],"type":"pronunciation"},{"start_time":"40.68","end_time":"40.93","alternatives":[{"confidence":"0.9966","content":"제가"}],"type":"pronunciation"},{"start_time":"40.93","end_time":"41.57","alternatives":[{"confidence":"0.64495","content":"그러면요"}],"type":"pronunciation"},{"start_time":"42.53","end_time":"43.13","alternatives":[{"confidence":"1.0","content":"일단은"}],"type":"pronunciation"},{"start_time":"43.16","end_time":"43.34","alternatives":[{"confidence":"0.1055","content":"그"}],"type":"pronunciation"},{"start_time":"43.84","end_time":"45.3","alternatives":[{"confidence":"0.999","content":"고객님납부하시게"}],"type":"pronunciation"},{"start_time":"45.3","end_time":"45.9","alternatives":[{"confidence":"0.88425","content":"되시는데"}],"type":"pronunciation"},{"start_time":"45.9","end_time":"46.6","alternatives":[{"confidence":"0.8524499999999999","content":"납부시간이"}],"type":"pronunciation"},{"start_time":"46.6","end_time":"46.81","alternatives":[{"confidence":"0.999","content":"너무"}],"type":"pronunciation"},{"start_time":"46.84","end_time":"47.21","alternatives":[{"confidence":"0.9869","content":"지연이"}],"type":"pronunciation"},{"start_time":"47.21","end_time":"48.28","alternatives":[{"confidence":"0.9885999999999999","content":"되셨어요"}],"type":"pronunciation"},{"alternatives":[{"confidence":"0.0","content":"."}],"type":"punctuation"},{"start_time":"48.66","end_time":"48.9","alternatives":[{"confidence":"0.0231","content":"근데"}],"type":"pronunciation"},{"start_time":"48.93","end_time":"49.44","alternatives":[{"confidence":"0.9952000000000001","content":"에스크로"}],"type":"pronunciation"},{"start_time":"49.44","end_time":"49.88","alternatives":[{"confidence":"0.9971","content":"계좌같은"}],"type":"pronunciation"},{"start_time":"49.88","end_time":"50.28","alternatives":[{"confidence":"0.9625","content":"경우는"}],"type":"pronunciation"},{"start_time":"50.28","end_time":"50.73","alternatives":[{"confidence":"0.988","content":"납부를"}],"type":"pronunciation"},{"start_time":"50.73","end_time":"51.27","alternatives":[{"confidence":"0.99985","content":"하시겠다고"}],"type":"pronunciation"},{"start_time":"51.27","end_time":"51.94","alternatives":[{"confidence":"1.0","content":"했는데"}],"type":"pronunciation"},{"start_time":"52.06","end_time":"52.76","alternatives":[{"confidence":"0.80865","content":"지연시간이"}],"type":"pronunciation"},{"start_time":"52.76","end_time":"52.96","alternatives":[{"confidence":"1.0","content":"너무"}],"type":"pronunciation"},{"start_time":"52.96","end_time":"53.16","alternatives":[{"confidence":"0.9954","content":"오래"}],"type":"pronunciation"},{"start_time":"53.16","end_time":"53.88","alternatives":[{"confidence":"0.9959000000000001","content":"걸리시면은"}],"type":"pronunciation"},{"alternatives":[{"confidence":"0.0","content":"."}],"type":"punctuation"},{"start_time":"54.2","end_time":"54.52","alternatives":[{"confidence":"0.965","content":"이게"}],"type":"pronunciation"},{"start_time":"54.62","end_time":"55.03","alternatives":[{"confidence":"0.993","content":"다시"}],"type":"pronunciation"},{"start_time":"55.15","end_time":"55.75","alternatives":[{"confidence":"0.98795","content":"회수처리가"}],"type":"pronunciation"},{"start_time":"55.75","end_time":"56.5","alternatives":[{"confidence":"0.9992","content":"되거든요"}],"type":"pronunciation"},{"alternatives":[{"confidence":"0.0","content":"."}],"type":"punctuation"},{"start_time":"56.74","end_time":"56.96","alternatives":[{"confidence":"0.9964","content":"지금"}],"type":"pronunciation"},{"start_time":"56.96","end_time":"57.22","alternatives":[{"confidence":"0.9488","content":"현재"}],"type":"pronunciation"},{"start_time":"57.22","end_time":"57.52","alternatives":[{"confidence":"1.0","content":"시간이"}],"type":"pronunciation"},{"start_time":"57.52","end_time":"57.73","alternatives":[{"confidence":"1.0","content":"너무"}],"type":"pronunciation"},{"start_time":"57.73","end_time":"58.19","alternatives":[{"confidence":"0.6067","content":"오래됐기"}],"type":"pronunciation"},{"start_time":"58.19","end_time":"58.82","alternatives":[{"confidence":"0.9989","content":"때문에"}],"type":"pronunciation"},{"start_time":"58.98","end_time":"59.32","alternatives":[{"confidence":"0.9986999999999999","content":"입금이"}],"type":"pronunciation"},{"start_time":"59.32","end_time":"59.42","alternatives":[{"confidence":"0.9805","content":"안"}],"type":"pronunciation"},{"start_time":"59.42","end_time":"59.65","alternatives":[{"confidence":"0.98385","content":"되실"}],"type":"pronunciation"},{"start_time":"59.65","end_time":"60.34","alternatives":[{"confidence":"1.0","content":"거예요"}],"type":"pronunciation"},{"alternatives":[{"confidence":"0.0","content":"."}],"type":"punctuation"},{"start_time":"60.76","end_time":"61.06","alternatives":[{"confidence":"0.8788","content":"그렇죠"}],"type":"pronunciation"},{"alternatives":[{"confidence":"0.0","content":"."}],"type":"punctuation"},{"start_time":"61.06","end_time":"61.33","alternatives":[{"confidence":"0.99575","content":"입금이"}],"type":"pronunciation"},{"start_time":"61.33","end_time":"61.42","alternatives":[{"confidence":"0.899","content":"안"}],"type":"pronunciation"},{"start_time":"61.42","end_time":"61.7","alternatives":[{"confidence":"0.88905","content":"되시는"}],"type":"pronunciation"},{"start_time":"61.7","end_time":"61.95","alternatives":[{"confidence":"0.9599","content":"거죠"}],"type":"pronunciation"},{"alternatives":[{"confidence":"0.0","content":"."}],"type":"punctuation"},{"start_time":"61.95","end_time":"62.48","alternatives":[{"confidence":"0.8599000000000001","content":"오르나오는"}],"type":"pronunciation"},{"start_time":"62.48","end_time":"63.12","alternatives":[{"confidence":"0.8921","content":"거잖아요"}],"type":"pronunciation"},{"alternatives":[{"confidence":"0.0","content":"."}],"type":"punctuation"},{"start_time":"63.57","end_time":"63.88","alternatives":[{"confidence":"0.9996","content":"그래서"}],"type":"pronunciation"},{"start_time":"63.88","end_time":"64.12","alternatives":[{"confidence":"0.9999","content":"제가"}],"type":"pronunciation"},{"start_time":"64.12","end_time":"64.33","alternatives":[{"confidence":"0.8843","content":"이거"}],"type":"pronunciation"},{"start_time":"64.33","end_time":"64.65","alternatives":[{"confidence":"0.9924","content":"다시"}],"type":"pronunciation"},{"start_time":"64.65","end_time":"65.0","alternatives":[{"confidence":"0.8456","content":"한번"}],"type":"pronunciation"},{"start_time":"65.0","end_time":"65.71","alternatives":[{"confidence":"0.9896499999999999","content":"발급요청을"}],"type":"pronunciation"},{"start_time":"65.71","end_time":"65.9","alternatives":[{"confidence":"0.8584","content":"해야"}],"type":"pronunciation"},{"start_time":"65.9","end_time":"66.35","alternatives":[{"confidence":"0.9844","content":"돼요"}],"type":"pronunciation"},{"alternatives":[{"confidence":"0.0","content":"."}],"type":"punctuation"},{"start_time":"66.38","end_time":"66.87","alternatives":[{"confidence":"0.9983","content":"그래서"}],"type":"pronunciation"},{"start_time":"67.47","end_time":"68.26","alternatives":[{"confidence":"1.0","content":"일단은"}],"type":"pronunciation"},{"start_time":"69.23","end_time":"69.82","alternatives":[{"confidence":"0.9133","content":"직장"}],"type":"pronunciation"},{"start_time":"69.82","end_time":"70.21","alternatives":[{"confidence":"0.9937","content":"근무를"}],"type":"pronunciation"},{"start_time":"70.21","end_time":"70.41","alternatives":[{"confidence":"0.9895","content":"하셔야"}],"type":"pronunciation"},{"start_time":"70.41","end_time":"70.6","alternatives":[{"confidence":"0.9966","content":"되기"}],"type":"pronunciation"},{"start_time":"70.6","end_time":"71.02","alternatives":[{"confidence":"1.0","content":"때문에"}],"type":"pronunciation"},{"start_time":"71.02","end_time":"71.29","alternatives":[{"confidence":"1.0","content":"일단"}],"type":"pronunciation"},{"start_time":"71.29","end_time":"71.88","alternatives":[{"confidence":"0.9432","content":"복귀하세요"}],"type":"pronunciation"},{"start_time":"71.88","end_time":"72.48","alternatives":[{"confidence":"0.9103","content":"복귀하시고"}],"type":"pronunciation"},{"alternatives":[{"confidence":"0.0","content":"."}],"type":"punctuation"},{"start_time":"72.48","end_time":"72.7","alternatives":[{"confidence":"0.9962","content":"제가"}],"type":"pronunciation"},{"start_time":"72.7","end_time":"72.97","alternatives":[{"confidence":"0.0223","content":"산업"}],"type":"pronunciation"},{"start_time":"73.62","end_time":"73.91","alternatives":[{"confidence":"0.1088","content":"산업"}],"type":"pronunciation"},{"start_time":"74.08","end_time":"74.63","alternatives":[{"confidence":"0.727","content":"쪽에"}],"type":"pronunciation"},{"start_time":"75.27","end_time":"75.49","alternatives":[{"confidence":"0.9973","content":"제가"}],"type":"pronunciation"},{"start_time":"75.49","end_time":"75.82","alternatives":[{"confidence":"0.9985","content":"통화를"}],"type":"pronunciation"},{"start_time":"75.82","end_time":"76.13","alternatives":[{"confidence":"0.9998","content":"해서"}],"type":"pronunciation"},{"start_time":"76.13","end_time":"76.38","alternatives":[{"confidence":"0.9876","content":"다시"}],"type":"pronunciation"},{"start_time":"76.38","end_time":"76.62","alternatives":[{"confidence":"0.8483","content":"한번"}],"type":"pronunciation"},{"start_time":"76.65","end_time":"76.73","alternatives":[{"confidence":"0.3418","content":"의"}],"type":"pronunciation"},{"start_time":"76.73","end_time":"77.03","alternatives":[{"confidence":"0.7624","content":"스크를"}],"type":"pronunciation"},{"start_time":"77.03","end_time":"77.2","alternatives":[{"confidence":"0.8953","content":"위해서"}],"type":"pronunciation"},{"start_time":"77.2","end_time":"77.84","alternatives":[{"confidence":"0.98655","content":"발급요청을"}],"type":"pronunciation"},{"start_time":"77.84","end_time":"78.24","alternatives":[{"confidence":"0.8653","content":"할게요"}],"type":"pronunciation"},{"alternatives":[{"confidence":"0.0","content":"."}],"type":"punctuation"},{"start_time":"78.24","end_time":"78.64","alternatives":[{"confidence":"1.0","content":"그런데"}],"type":"pronunciation"},{"start_time":"78.67","end_time":"78.81","alternatives":[{"confidence":"0.9431","content":"이게"}],"type":"pronunciation"},{"start_time":"78.81","end_time":"79.4","alternatives":[{"confidence":"0.98895","content":"발급되는"}],"type":"pronunciation"},{"start_time":"79.4","end_time":"79.93","alternatives":[{"confidence":"1.0","content":"요청이"}],"type":"pronunciation"},{"start_time":"79.96","end_time":"80.39","alternatives":[{"confidence":"1.0","content":"저희가"}],"type":"pronunciation"},{"start_time":"80.73","end_time":"81.45","alternatives":[{"confidence":"0.8522000000000001","content":"발급했어"}],"type":"pronunciation"},{"start_time":"81.45","end_time":"81.63","alternatives":[{"confidence":"0.9962","content":"라고"}],"type":"pronunciation"},{"start_time":"81.63","end_time":"81.81","alternatives":[{"confidence":"0.5557","content":"하는"}],"type":"pronunciation"},{"start_time":"81.81","end_time":"81.97","alternatives":[{"confidence":"0.3225","content":"해서"}],"type":"pronunciation"},{"start_time":"81.97","end_time":"82.22","alternatives":[{"confidence":"0.9677","content":"바로"}],"type":"pronunciation"},{"start_time":"82.22","end_time":"82.52","alternatives":[{"confidence":"0.8321","content":"나오는"}],"type":"pronunciation"},{"start_time":"82.52","end_time":"82.61","alternatives":[{"confidence":"1.0","content":"게"}],"type":"pronunciation"},{"start_time":"82.61","end_time":"83.46","alternatives":[{"confidence":"0.99995","content":"아니거든요"}],"type":"pronunciation"},{"alternatives":[{"confidence":"0.0","content":"."}],"type":"punctuation"},{"start_time":"84.06","end_time":"84.27","alternatives":[{"confidence":"0.7112","content":"네"}],"type":"pronunciation"},{"alternatives":[{"confidence":"0.0","content":"."}],"type":"punctuation"},{"start_time":"84.53","end_time":"84.92","alternatives":[{"confidence":"0.43289999999999995","content":"에스크로"}],"type":"pronunciation"},{"start_time":"84.92","end_time":"85.3","alternatives":[{"confidence":"0.63115","content":"계좌같은"}],"type":"pronunciation"},{"start_time":"85.3","end_time":"85.48","alternatives":[{"confidence":"0.3882","content":"경우"}],"type":"pronunciation"},{"start_time":"85.48","end_time":"86.58","alternatives":[{"confidence":"0.9954000000000001","content":"금융감독원에서"}],"type":"pronunciation"},{"start_time":"86.61","end_time":"86.76","alternatives":[{"confidence":"0.3835","content":"이제"}],"type":"pronunciation"},{"start_time":"86.76","end_time":"87.16","alternatives":[{"confidence":"0.9999","content":"안전하게"}],"type":"pronunciation"},{"start_time":"87.16","end_time":"87.43","alternatives":[{"confidence":"0.7282","content":"시신을"}],"type":"pronunciation"},{"start_time":"87.43","end_time":"87.74","alternatives":[{"confidence":"0.85695","content":"해드리기"}],"type":"pronunciation"},{"start_time":"87.74","end_time":"87.93","alternatives":[{"confidence":"0.9723","content":"위해서"}],"type":"pronunciation"},{"start_time":"87.93","end_time":"88.08","alternatives":[{"confidence":"0.845","content":"이제"}],"type":"pronunciation"},{"start_time":"88.09","end_time":"88.68","alternatives":[{"confidence":"0.86775","content":"고교님께서"}],"type":"pronunciation"},{"alternatives":[{"confidence":"0.0","content":"."}],"type":"punctuation"},{"start_time":"88.68","end_time":"89.24","alternatives":[{"confidence":"0.985","content":"만일에"}],"type":"pronunciation"},{"start_time":"89.27","end_time":"89.51","alternatives":[{"confidence":"0.8416","content":"저희"}],"type":"pronunciation"},{"start_time":"89.51","end_time":"90.03","alternatives":[{"confidence":"1.0","content":"쪽에서"}],"type":"pronunciation"},{"start_time":"90.76","end_time":"91.19","alternatives":[{"confidence":"0.5169","content":"상대"}],"type":"pronunciation"},{"start_time":"91.19","end_time":"91.42","alternatives":[{"confidence":"0.6066","content":"쪽이"}],"type":"pronunciation"},{"start_time":"91.42","end_time":"91.57","alternatives":[{"confidence":"0.7715","content":"이제"}],"type":"pronunciation"},{"start_time":"91.6","end_time":"92.3","alternatives":[{"confidence":"0.65135","content":"산업어머니"}],"type":"pronunciation"},{"start_time":"92.3","end_time":"92.64","alternatives":[{"confidence":"0.5998","content":"쪽의"}],"type":"pronunciation"},{"start_time":"92.93","end_time":"93.5","alternatives":[{"confidence":"0.9875","content":"납부를"}],"type":"pronunciation"},{"start_time":"93.5","end_time":"94.39","alternatives":[{"confidence":"0.6067333333333332","content":"중도상환없이"}],"type":"pronunciation"},{"start_time":"94.39","end_time":"94.52","alternatives":[{"confidence":"0.8427","content":"다"}],"type":"pronunciation"},{"start_time":"94.52","end_time":"95.1","alternatives":[{"confidence":"1.0","content":"했는데도"}],"type":"pronunciation"},{"start_time":"95.1","end_time":"95.5","alternatives":[{"confidence":"1.0","content":"불구하고"}],"type":"pronunciation"},{"start_time":"95.5","end_time":"95.69","alternatives":[{"confidence":"0.7517","content":"저희"}],"type":"pronunciation"},{"start_time":"95.69","end_time":"95.91","alternatives":[{"confidence":"0.9987","content":"쪽에서"}],"type":"pronunciation"},{"start_time":"95.91","end_time":"96.3","alternatives":[{"confidence":"0.4426","content":"만일"}],"type":"pronunciation"},{"start_time":"96.43","end_time":"96.75","alternatives":[{"confidence":"0.4846","content":"대체"}],"type":"pronunciation"},{"start_time":"96.75","end_time":"97.3","alternatives":[{"confidence":"0.51465","content":"부결날"}],"type":"pronunciation"},{"start_time":"97.92","end_time":"98.45","alternatives":[{"confidence":"0.983","content":"부결났을"}],"type":"pronunciation"},{"start_time":"98.45","end_time":"98.73","alternatives":[{"confidence":"0.9919","content":"때"}],"type":"pronunciation"},{"start_time":"98.76","end_time":"99.05","alternatives":[{"confidence":"0.9852","content":"다시"}],"type":"pronunciation"},{"start_time":"99.05","end_time":"99.53","alternatives":[{"confidence":"0.9999","content":"환급받을"}],"type":"pronunciation"},{"start_time":"99.53","end_time":"99.67","alternatives":[{"confidence":"0.983","content":"수"}],"type":"pronunciation"},{"start_time":"99.67","end_time":"100.02","alternatives":[{"confidence":"0.9639","content":"있는"}],"type":"pronunciation"},{"start_time":"100.43","end_time":"100.75","alternatives":[{"confidence":"0.9979","content":"계좌를"}],"type":"pronunciation"},{"start_time":"100.75","end_time":"101.22","alternatives":[{"confidence":"0.9977","content":"발급받는"}],"type":"pronunciation"},{"start_time":"101.22","end_time":"101.88","alternatives":[{"confidence":"0.9959","content":"거예요"}],"type":"pronunciation"},{"alternatives":[{"confidence":"0.0","content":"."}],"type":"punctuation"},{"start_time":"102.04","end_time":"102.31","alternatives":[{"confidence":"0.95","content":"그렇기"}],"type":"pronunciation"},{"start_time":"102.31","end_time":"102.74","alternatives":[{"confidence":"0.9998","content":"때문에"}],"type":"pronunciation"},{"start_time":"102.77","end_time":"102.95","alternatives":[{"confidence":"0.9982","content":"지금"}],"type":"pronunciation"},{"start_time":"102.95","end_time":"103.17","alternatives":[{"confidence":"0.9972","content":"시간이"}],"type":"pronunciation"},{"start_time":"103.17","end_time":"103.36","alternatives":[{"confidence":"0.9708","content":"오래"}],"type":"pronunciation"},{"start_time":"103.36","end_time":"104.15","alternatives":[{"confidence":"0.8718666666666667","content":"지연됐잖아요"}],"type":"pronunciation"},{"alternatives":[{"confidence":"0.0","content":"."}],"type":"punctuation"},{"start_time":"104.18","end_time":"104.63","alternatives":[{"confidence":"0.9999","content":"그래서"}],"type":"pronunciation"},{"start_time":"104.66","end_time":"104.89","alternatives":[{"confidence":"0.9988","content":"제가"}],"type":"pronunciation"},{"start_time":"104.89","end_time":"105.28","alternatives":[{"confidence":"0.6989","content":"산하"}],"type":"pronunciation"},{"start_time":"105.28","end_time":"105.77","alternatives":[{"confidence":"0.5754999999999999","content":"머니쪽에"}],"type":"pronunciation"},{"start_time":"105.86","end_time":"106.08","alternatives":[{"confidence":"0.9087","content":"지금"}],"type":"pronunciation"},{"start_time":"106.08","end_time":"106.38","alternatives":[{"confidence":"0.9958","content":"통화를"}],"type":"pronunciation"},{"start_time":"106.38","end_time":"106.71","alternatives":[{"confidence":"0.9973","content":"해서"}],"type":"pronunciation"},{"start_time":"106.74","end_time":"107.22","alternatives":[{"confidence":"1.0","content":"에스크로"}],"type":"pronunciation"},{"start_time":"107.22","end_time":"107.81","alternatives":[{"confidence":"0.74065","content":"계좌밝고"}],"type":"pronunciation"},{"start_time":"108.24","end_time":"108.62","alternatives":[{"confidence":"0.9988","content":"새로"}],"type":"pronunciation"},{"start_time":"108.65","end_time":"109.27","alternatives":[{"confidence":"0.8444","content":"발급해"}],"type":"pronunciation"},{"start_time":"109.27","end_time":"109.5","alternatives":[{"confidence":"0.851","content":"드리고"}],"type":"pronunciation"},{"start_time":"109.5","end_time":"109.72","alternatives":[{"confidence":"0.8405","content":"나서"}],"type":"pronunciation"},{"start_time":"109.72","end_time":"109.95","alternatives":[{"confidence":"0.7652","content":"전화"}],"type":"pronunciation"},{"start_time":"109.95","end_time":"110.59","alternatives":[{"confidence":"1.0","content":"드리겠습니다"}],"type":"pronunciation"},{"alternatives":[{"confidence":"0.0","content":"."}],"type":"punctuation"},{"start_time":"113.32","end_time":"114.11","alternatives":[{"confidence":"1.0","content":"그러세요"}],"type":"pronunciation"},{"alternatives":[{"confidence":"0.0","content":"."}],"type":"punctuation"},{"start_time":"115.22","end_time":"115.56","alternatives":[{"confidence":"0.9889","content":"그러면"}],"type":"pronunciation"},{"start_time":"115.56","end_time":"115.94","alternatives":[{"confidence":"0.9774","content":"이렇게"}],"type":"pronunciation"},{"start_time":"116.29","end_time":"116.56","alternatives":[{"confidence":"0.9931","content":"이렇게"}],"type":"pronunciation"},{"start_time":"116.56","end_time":"117.03","alternatives":[{"confidence":"0.9998","content":"하시죠"}],"type":"pronunciation"},{"alternatives":[{"confidence":"0.0","content":"."}],"type":"punctuation"},{"start_time":"118.03","end_time":"118.35","alternatives":[{"confidence":"0.9691","content":"오늘"}],"type":"pronunciation"},{"start_time":"118.35","end_time":"118.64","alternatives":[{"confidence":"0.9941","content":"지금"}],"type":"pronunciation"},{"start_time":"118.64","end_time":"118.98","alternatives":[{"confidence":"0.9984","content":"시간이"}],"type":"pronunciation"},{"start_time":"118.98","end_time":"119.34","alternatives":[{"confidence":"0.72905","content":"네시"}],"type":"pronunciation"},{"start_time":"119.34","end_time":"119.66","alternatives":[{"confidence":"0.3954","content":"이십"}],"type":"pronunciation"},{"start_time":"119.67","end_time":"119.8","alternatives":[{"confidence":"0.8623","content":"분"}],"type":"pronunciation"},{"start_time":"119.8","end_time":"120.73","alternatives":[{"confidence":"0.8731","content":"있잖아요"}],"type":"pronunciation"},{"alternatives":[{"confidence":"0.0","content":"."}],"type":"punctuation"},{"start_time":"121.18","end_time":"121.54","alternatives":[{"confidence":"0.995","content":"그래서"}],"type":"pronunciation"},{"start_time":"121.54","end_time":"122.0","alternatives":[{"confidence":"1.0","content":"시간이"}],"type":"pronunciation"},{"start_time":"122.0","end_time":"122.41","alternatives":[{"confidence":"0.993","content":"좀"}],"type":"pronunciation"},{"start_time":"122.58","end_time":"122.85","alternatives":[{"confidence":"0.4417","content":"6"}],"type":"pronunciation"},{"start_time":"122.85","end_time":"123.18","alternatives":[{"confidence":"0.3805","content":"시면은"}],"type":"pronunciation"},{"start_time":"123.18","end_time":"123.38","alternatives":[{"confidence":"0.8826","content":"저희"}],"type":"pronunciation"},{"start_time":"123.38","end_time":"123.93","alternatives":[{"confidence":"0.95275","content":"금융권업무"}],"type":"pronunciation"},{"start_time":"123.93","end_time":"124.58","alternatives":[{"confidence":"0.9347333333333333","content":"마감시간이기"}],"type":"pronunciation"},{"start_time":"124.58","end_time":"124.95","alternatives":[{"confidence":"0.9965","content":"때문에"}],"type":"pronunciation"},{"start_time":"125.53","end_time":"126.12","alternatives":[{"confidence":"0.9707","content":"오늘"}],"type":"pronunciation"},{"start_time":"126.12","end_time":"126.61","alternatives":[{"confidence":"0.9956499999999999","content":"납부를"}],"type":"pronunciation"},{"start_time":"126.61","end_time":"126.87","alternatives":[{"confidence":"0.9999","content":"하시고"}],"type":"pronunciation"},{"start_time":"126.87","end_time":"127.17","alternatives":[{"confidence":"0.8816","content":"난다"}],"type":"pronunciation"},{"start_time":"128.11","end_time":"128.95","alternatives":[{"confidence":"1.0","content":"하셨더라도"}],"type":"pronunciation"},{"start_time":"129.36","end_time":"129.75","alternatives":[{"confidence":"0.7737","content":"내일"}],"type":"pronunciation"},{"start_time":"129.99","end_time":"130.69","alternatives":[{"confidence":"0.9049","content":"내일로"}],"type":"pronunciation"},{"start_time":"130.69","end_time":"130.93","alternatives":[{"confidence":"0.9981","content":"해서"}],"type":"pronunciation"},{"start_time":"130.93","end_time":"131.43","alternatives":[{"confidence":"0.95575","content":"송금처리가"}],"type":"pronunciation"},{"start_time":"131.43","end_time":"131.81","alternatives":[{"confidence":"0.9997","content":"받으실"}],"type":"pronunciation"},{"start_time":"131.81","end_time":"132.04","alternatives":[{"confidence":"0.9264","content":"수가"}],"type":"pronunciation"},{"start_time":"132.04","end_time":"132.67","alternatives":[{"confidence":"1.0","content":"있거든요"}],"type":"pronunciation"},{"alternatives":[{"confidence":"0.0","content":"."}],"type":"punctuation"},{"start_time":"132.7","end_time":"132.98","alternatives":[{"confidence":"0.9951","content":"시간이"}],"type":"pronunciation"},{"start_time":"132.98","end_time":"133.17","alternatives":[{"confidence":"1.0","content":"너무"}],"type":"pronunciation"},{"start_time":"133.17","end_time":"134.0","alternatives":[{"confidence":"0.9984333333333334","content":"촉박하니까"}],"type":"pronunciation"},{"alternatives":[{"confidence":"0.0","content":"."}],"type":"punctuation"},{"start_time":"134.06","end_time":"134.3","alternatives":[{"confidence":"0.9993","content":"그래서"}],"type":"pronunciation"},{"start_time":"134.3","end_time":"134.77","alternatives":[{"confidence":"0.9943","content":"내일"}],"type":"pronunciation"},{"start_time":"135.18","end_time":"135.53","alternatives":[{"confidence":"0.9987","content":"오전"}],"type":"pronunciation"},{"start_time":"135.53","end_time":"135.78","alternatives":[{"confidence":"0.8279","content":"중으로"}],"type":"pronunciation"},{"start_time":"135.78","end_time":"136.21","alternatives":[{"confidence":"0.60085","content":"처리하시는"}],"type":"pronunciation"},{"start_time":"136.21","end_time":"136.28","alternatives":[{"confidence":"0.9899","content":"게"}],"type":"pronunciation"},{"start_time":"136.28","end_time":"136.82","alternatives":[{"confidence":"0.9992","content":"어떠실까요"}],"type":"pronunciation"},{"start_time":"136.94","end_time":"137.33","alternatives":[{"confidence":"0.85385","content":"편하신"}],"type":"pronunciation"},{"start_time":"137.33","end_time":"137.81","alternatives":[{"confidence":"0.9654","content":"시간대에"}],"type":"pronunciation"},{"start_time":"139.6","end_time":"140.12","alternatives":[{"confidence":"0.9205","content":"그렇죠"}],"type":"pronunciation"},{"alternatives":[{"confidence":"0.0","content":"?"}],"type":"punctuation"},{"start_time":"140.68","end_time":"140.88","alternatives":[{"confidence":"0.9961","content":"네"}],"type":"pronunciation"},{"alternatives":[{"confidence":"0.0","content":","}],"type":"punctuation"},{"start_time":"140.94","end_time":"141.42","alternatives":[{"confidence":"1.0","content":"알겠습니다"}],"type":"pronunciation"},{"alternatives":[{"confidence":"0.0","content":"."}],"type":"punctuation"},{"start_time":"141.42","end_time":"141.66","alternatives":[{"confidence":"0.9865","content":"그러면"}],"type":"pronunciation"},{"start_time":"141.66","end_time":"141.89","alternatives":[{"confidence":"0.9864","content":"내일"}],"type":"pronunciation"},{"start_time":"141.89","end_time":"142.21","alternatives":[{"confidence":"1.0","content":"오전"}],"type":"pronunciation"},{"start_time":"142.21","end_time":"142.37","alternatives":[{"confidence":"0.7528","content":"몇"}],"type":"pronunciation"},{"start_time":"142.37","end_time":"142.83","alternatives":[{"confidence":"0.5493","content":"시정도로"}],"type":"pronunciation"},{"start_time":"142.83","end_time":"143.0","alternatives":[{"confidence":"0.9867","content":"해서"}],"type":"pronunciation"},{"start_time":"143.0","end_time":"143.3","alternatives":[{"confidence":"0.9689","content":"진행을"}],"type":"pronunciation"},{"start_time":"143.3","end_time":"143.87","alternatives":[{"confidence":"0.9654","content":"해드릴까요"}],"type":"pronunciation"},{"alternatives":[{"confidence":"0.0","content":"?"}],"type":"punctuation"},{"start_time":"148.58","end_time":"150.82","alternatives":[{"confidence":"0.1185","content":"24"}],"type":"pronunciation"},{"start_time":"151.01","end_time":"151.55","alternatives":[{"confidence":"0.981","content":"오후"}],"type":"pronunciation"},{"start_time":"151.55","end_time":"152.5","alternatives":[{"confidence":"0.7926","content":"한시에서"}],"type":"pronunciation"},{"start_time":"152.67","end_time":"152.85","alternatives":[{"confidence":"0.4879","content":"두"}],"type":"pronunciation"},{"start_time":"152.85","end_time":"153.01","alternatives":[{"confidence":"0.8553","content":"시"}],"type":"pronunciation"},{"start_time":"153.01","end_time":"153.34","alternatives":[{"confidence":"0.9908","content":"사이로"}],"type":"pronunciation"},{"start_time":"153.34","end_time":"153.54","alternatives":[{"confidence":"0.9798","content":"해서"}],"type":"pronunciation"},{"start_time":"153.54","end_time":"153.87","alternatives":[{"confidence":"0.9794","content":"진행을"}],"type":"pronunciation"},{"start_time":"153.87","end_time":"154.53","alternatives":[{"confidence":"0.92225","content":"해드릴게요"}],"type":"pronunciation"},{"alternatives":[{"confidence":"0.0","content":"."}],"type":"punctuation"},{"start_time":"154.93","end_time":"155.12","alternatives":[{"confidence":"0.9937","content":"네"}],"type":"pronunciation"},{"alternatives":[{"confidence":"0.0","content":","}],"type":"punctuation"},{"start_time":"155.15","end_time":"155.73","alternatives":[{"confidence":"1.0","content":"알겠습니다"}],"type":"pronunciation"},{"start_time":"155.73","end_time":"155.89","alternatives":[{"confidence":"0.7878","content":"그럼"}],"type":"pronunciation"},{"start_time":"155.92","end_time":"156.43","alternatives":[{"confidence":"1.0","content":"오늘은"}],"type":"pronunciation"},{"start_time":"156.95","end_time":"157.88","alternatives":[{"confidence":"0.9491","content":"근무하시고요"}],"type":"pronunciation"},{"alternatives":[{"confidence":"0.0","content":"?"}],"type":"punctuation"},{"start_time":"158.34","end_time":"158.64","alternatives":[{"confidence":"0.8561","content":"네"}],"type":"pronunciation"},{"alternatives":[{"confidence":"0.0","content":","}],"type":"punctuation"},{"start_time":"158.85","end_time":"159.32","alternatives":[{"confidence":"0.99605","content":"괜찮죠"}],"type":"pronunciation"},{"alternatives":[{"confidence":"0.0","content":"."}],"type":"punctuation"},{"start_time":"159.32","end_time":"159.58","alternatives":[{"confidence":"0.8762","content":"내일"}],"type":"pronunciation"},{"start_time":"159.73","end_time":"160.51","alternatives":[{"confidence":"0.9321","content":"대출금수령할"}],"type":"pronunciation"},{"start_time":"160.51","end_time":"160.6","alternatives":[{"confidence":"0.9999","content":"수"}],"type":"pronunciation"},{"start_time":"160.6","end_time":"160.88","alternatives":[{"confidence":"0.9985","content":"있게끔"}],"type":"pronunciation"},{"start_time":"160.88","end_time":"161.08","alternatives":[{"confidence":"0.1184","content":"처리해"}],"type":"pronunciation"},{"start_time":"161.08","end_time":"161.23","alternatives":[{"confidence":"0.4203","content":"드릴"}],"type":"pronunciation"},{"start_time":"161.23","end_time":"161.56","alternatives":[{"confidence":"0.9971","content":"건데"}],"type":"pronunciation"},{"start_time":"161.59","end_time":"163.8","alternatives":[{"confidence":"0.495","content":"괜찮네"}],"type":"pronunciation"},{"alternatives":[{"confidence":"0.0","content":","}],"type":"punctuation"},{"start_time":"163.83","end_time":"164.33","alternatives":[{"confidence":"0.9995","content":"알겠습니다"}],"type":"pronunciation"},{"alternatives":[{"confidence":"0.0","content":","}],"type":"punctuation"},{"start_time":"164.42","end_time":"164.79","alternatives":[{"confidence":"0.01095","content":"위원님"}],"type":"pronunciation"},{"start_time":"165.64","end_time":"166.08","alternatives":[{"confidence":"0.2424","content":"네"}],"type":"pronunciation"},{"alternatives":[{"confidence":"0.0","content":"?"}],"type":"punctuation"}]},"status":"COMPLETED"}