{"jobName":"transcribe_loan130","accountId":"097989105209","results":{"transcripts":[{"transcript":"그렇게 해서 지금 대출 자금받아가게끔 해줘라. 이것만 약속을 해주세요. 저도. 왜냐면. 그러니까 저도 아까 가서 다시 한번 못을 박아 놓겠다 고요. 이렇게 해서 제철이 들어가면은 뭐 해서 대출자금나가는데 뭐 문제없이 해서 이거 상위권으로 올려줄 거냐 얘기를 할 거란 말이에요. 그렇게 확답을 듣고 올게요 대신에 저도 입장이라는 게 있습니다. 어제부터 해서 지금 고인이 저는 그 감사과 직원들은 몰라요. 정확한 내용에 대해서 아직도 지금 기다리고 있는 상황이란 말이에요. 처리가 된다고 해서 그러니까 다른 얘기하지 마시라는 거예요. 또 뭐 있다가 제가 이렇게 얘기를 해놨는데 말하는 말씀입니까, 뭐 또 안돼 돈이 뭐 안됐는데 보이고 처리 안되겠다 뭐 이런 얘기 하지 마시라는 거예요. 그걸 약속해 달라는 거예요. 그러니까 서로 해서 저도 확답을 드리겠다 이거에요. 가서 얘기를 해서 문제없이 대출자금나갈 수 있냐, 이건만 처리되면 확 딱 듣고 올테니까. 그러니까 다른 얘기하지 마시라는 거에요. 봤어요. 님이 나중에. 아 이거 도저히 해봤는데 나 안 될 것 같아요. 이런 얘기해버리시면은. 저도 솔직히 그렇잖아요. 저희 입장이라는 게 있는데 원하시는 게 뭔지 아니까 저도 그렇게 해서 지금 일처리를 해보겠다 이거에요. 그러니까 약속을 해달라고 그러니까 저는 약속해 드릴게요. 그러면 제가 한 시간 되던 도시가 되는 내가 이렇게 해가지고 그걸 삼백팔 만원만 내가 입금을 다시 그걸 하면 되겠습니까? 가능합니다. 내용은 제가 다시 한번 얘기해가지고 거기서 확답을 받아 올 수 있습니까? 받아야죠 어떻게든 받아야죠 그렇게 드릴게요. 그러면 삼십 분이 다가 저한테 다시 전화를 되죠. 알겠습니다. 전화 드릴게요. 그럼 저도 돈을 구하는 게 정확하게 저도 답변을 드릴테니까 알겠습니다."}],"items":[{"start_time":"0.08","end_time":"0.34","alternatives":[{"confidence":"0.9471","content":"그렇게"}],"type":"pronunciation"},{"start_time":"0.34","end_time":"0.49","alternatives":[{"confidence":"0.9999","content":"해서"}],"type":"pronunciation"},{"start_time":"0.49","end_time":"0.81","alternatives":[{"confidence":"0.9871","content":"지금"}],"type":"pronunciation"},{"start_time":"0.81","end_time":"1.07","alternatives":[{"confidence":"0.5628","content":"대출"}],"type":"pronunciation"},{"start_time":"1.07","end_time":"1.75","alternatives":[{"confidence":"0.40545000000000003","content":"자금받아가게끔"}],"type":"pronunciation"},{"start_time":"1.75","end_time":"2.27","alternatives":[{"confidence":"0.9780500000000001","content":"해줘라"}],"type":"pronunciation"},{"alternatives":[{"confidence":"0.0","content":"."}],"type":"punctuation"},{"start_time":"2.63","end_time":"3.06","alternatives":[{"confidence":"0.88995","content":"이것만"}],"type":"pronunciation"},{"start_time":"3.06","end_time":"3.36","alternatives":[{"confidence":"0.9765","content":"약속을"}],"type":"pronunciation"},{"start_time":"3.36","end_time":"4.32","alternatives":[{"confidence":"0.69","content":"해주세요"}],"type":"pronunciation"},{"alternatives":[{"confidence":"0.0","content":"."}],"type":"punctuation"},{"start_time":"5.65","end_time":"5.91","alternatives":[{"confidence":"0.9896","content":"저도"}],"type":"pronunciation"},{"alternatives":[{"confidence":"0.0","content":"."}],"type":"punctuation"},{"start_time":"5.91","end_time":"6.5","alternatives":[{"confidence":"0.886","content":"왜냐면"}],"type":"pronunciation"},{"alternatives":[{"confidence":"0.0","content":"."}],"type":"punctuation"},{"start_time":"9.58","end_time":"9.97","alternatives":[{"confidence":"0.8782","content":"그러니까"}],"type":"pronunciation"},{"start_time":"9.97","end_time":"10.53","alternatives":[{"confidence":"0.9563","content":"저도"}],"type":"pronunciation"},{"start_time":"10.83","end_time":"11.0","alternatives":[{"confidence":"0.5877","content":"아까"}],"type":"pronunciation"},{"start_time":"11.0","end_time":"11.54","alternatives":[{"confidence":"1.0","content":"가서"}],"type":"pronunciation"},{"start_time":"11.54","end_time":"11.82","alternatives":[{"confidence":"0.9991","content":"다시"}],"type":"pronunciation"},{"start_time":"11.82","end_time":"12.04","alternatives":[{"confidence":"0.7457","content":"한번"}],"type":"pronunciation"},{"start_time":"12.04","end_time":"12.3","alternatives":[{"confidence":"0.9542999999999999","content":"못을"}],"type":"pronunciation"},{"start_time":"12.3","end_time":"12.57","alternatives":[{"confidence":"0.92765","content":"박아"}],"type":"pronunciation"},{"start_time":"12.57","end_time":"13.01","alternatives":[{"confidence":"0.88415","content":"놓겠다"}],"type":"pronunciation"},{"start_time":"13.01","end_time":"13.38","alternatives":[{"confidence":"0.7567","content":"고요"}],"type":"pronunciation"},{"alternatives":[{"confidence":"0.0","content":"."}],"type":"punctuation"},{"start_time":"13.41","end_time":"13.64","alternatives":[{"confidence":"0.9305","content":"이렇게"}],"type":"pronunciation"},{"start_time":"13.64","end_time":"14.16","alternatives":[{"confidence":"0.982","content":"해서"}],"type":"pronunciation"},{"start_time":"14.61","end_time":"15.01","alternatives":[{"confidence":"0.6584000000000001","content":"제철이"}],"type":"pronunciation"},{"start_time":"15.01","end_time":"15.96","alternatives":[{"confidence":"0.93645","content":"들어가면은"}],"type":"pronunciation"},{"start_time":"15.96","end_time":"16.46","alternatives":[{"confidence":"0.9542","content":"뭐"}],"type":"pronunciation"},{"start_time":"16.47","end_time":"16.7","alternatives":[{"confidence":"0.9542","content":"해서"}],"type":"pronunciation"},{"start_time":"16.7","end_time":"18.23","alternatives":[{"confidence":"0.821325","content":"대출자금나가는데"}],"type":"pronunciation"},{"start_time":"18.23","end_time":"18.35","alternatives":[{"confidence":"0.6647","content":"뭐"}],"type":"pronunciation"},{"start_time":"18.36","end_time":"18.83","alternatives":[{"confidence":"0.8432","content":"문제없이"}],"type":"pronunciation"},{"start_time":"18.83","end_time":"19.01","alternatives":[{"confidence":"0.9997","content":"해서"}],"type":"pronunciation"},{"start_time":"19.01","end_time":"19.18","alternatives":[{"confidence":"0.7074","content":"이거"}],"type":"pronunciation"},{"start_time":"19.18","end_time":"19.7","alternatives":[{"confidence":"0.9985999999999999","content":"상위권으로"}],"type":"pronunciation"},{"start_time":"19.7","end_time":"20.05","alternatives":[{"confidence":"0.944","content":"올려줄"}],"type":"pronunciation"},{"start_time":"20.05","end_time":"20.59","alternatives":[{"confidence":"0.9982","content":"거냐"}],"type":"pronunciation"},{"start_time":"20.59","end_time":"21.02","alternatives":[{"confidence":"0.9993","content":"얘기를"}],"type":"pronunciation"},{"start_time":"21.02","end_time":"21.16","alternatives":[{"confidence":"0.9868","content":"할"}],"type":"pronunciation"},{"start_time":"21.16","end_time":"21.41","alternatives":[{"confidence":"0.9874","content":"거란"}],"type":"pronunciation"},{"start_time":"21.41","end_time":"21.83","alternatives":[{"confidence":"0.7241","content":"말이에요"}],"type":"pronunciation"},{"alternatives":[{"confidence":"0.0","content":"."}],"type":"punctuation"},{"start_time":"21.86","end_time":"22.11","alternatives":[{"confidence":"0.9726","content":"그렇게"}],"type":"pronunciation"},{"start_time":"22.14","end_time":"22.52","alternatives":[{"confidence":"0.99885","content":"확답을"}],"type":"pronunciation"},{"start_time":"22.52","end_time":"22.78","alternatives":[{"confidence":"0.9958","content":"듣고"}],"type":"pronunciation"},{"start_time":"22.78","end_time":"23.64","alternatives":[{"confidence":"0.9983","content":"올게요"}],"type":"pronunciation"},{"start_time":"24.46","end_time":"25.22","alternatives":[{"confidence":"1.0","content":"대신에"}],"type":"pronunciation"},{"start_time":"25.25","end_time":"25.51","alternatives":[{"confidence":"0.966","content":"저도"}],"type":"pronunciation"},{"start_time":"25.51","end_time":"26.07","alternatives":[{"confidence":"0.88545","content":"입장이라는"}],"type":"pronunciation"},{"start_time":"26.07","end_time":"26.15","alternatives":[{"confidence":"0.9187","content":"게"}],"type":"pronunciation"},{"start_time":"26.15","end_time":"26.62","alternatives":[{"confidence":"0.9998","content":"있습니다"}],"type":"pronunciation"},{"alternatives":[{"confidence":"0.0","content":"."}],"type":"punctuation"},{"start_time":"26.62","end_time":"27.13","alternatives":[{"confidence":"0.8572","content":"어제부터"}],"type":"pronunciation"},{"start_time":"27.13","end_time":"27.3","alternatives":[{"confidence":"0.992","content":"해서"}],"type":"pronunciation"},{"start_time":"27.3","end_time":"27.45","alternatives":[{"confidence":"0.9998","content":"지금"}],"type":"pronunciation"},{"start_time":"27.45","end_time":"27.83","alternatives":[{"confidence":"0.92265","content":"고인이"}],"type":"pronunciation"},{"start_time":"28.57","end_time":"29.02","alternatives":[{"confidence":"0.9931","content":"저는"}],"type":"pronunciation"},{"start_time":"29.02","end_time":"29.15","alternatives":[{"confidence":"0.6556","content":"그"}],"type":"pronunciation"},{"start_time":"29.16","end_time":"29.68","alternatives":[{"confidence":"0.8080499999999999","content":"감사과"}],"type":"pronunciation"},{"start_time":"29.68","end_time":"30.12","alternatives":[{"confidence":"0.6775","content":"직원들은"}],"type":"pronunciation"},{"start_time":"30.12","end_time":"30.82","alternatives":[{"confidence":"1.0","content":"몰라요"}],"type":"pronunciation"},{"alternatives":[{"confidence":"0.0","content":"."}],"type":"punctuation"},{"start_time":"30.85","end_time":"31.22","alternatives":[{"confidence":"1.0","content":"정확한"}],"type":"pronunciation"},{"start_time":"31.22","end_time":"31.49","alternatives":[{"confidence":"0.9983","content":"내용에"}],"type":"pronunciation"},{"start_time":"31.49","end_time":"31.68","alternatives":[{"confidence":"0.9999","content":"대해서"}],"type":"pronunciation"},{"start_time":"31.68","end_time":"31.93","alternatives":[{"confidence":"0.9985","content":"아직도"}],"type":"pronunciation"},{"start_time":"31.93","end_time":"32.1","alternatives":[{"confidence":"0.9939","content":"지금"}],"type":"pronunciation"},{"start_time":"32.1","end_time":"32.49","alternatives":[{"confidence":"1.0","content":"기다리고"}],"type":"pronunciation"},{"start_time":"32.49","end_time":"32.65","alternatives":[{"confidence":"0.9982","content":"있는"}],"type":"pronunciation"},{"start_time":"32.65","end_time":"33.09","alternatives":[{"confidence":"0.89495","content":"상황이란"}],"type":"pronunciation"},{"start_time":"33.09","end_time":"33.33","alternatives":[{"confidence":"0.9378","content":"말이에요"}],"type":"pronunciation"},{"alternatives":[{"confidence":"0.0","content":"."}],"type":"punctuation"},{"start_time":"33.33","end_time":"33.65","alternatives":[{"confidence":"1.0","content":"처리가"}],"type":"pronunciation"},{"start_time":"33.65","end_time":"34.02","alternatives":[{"confidence":"1.0","content":"된다고"}],"type":"pronunciation"},{"start_time":"34.02","end_time":"34.66","alternatives":[{"confidence":"0.988","content":"해서"}],"type":"pronunciation"},{"start_time":"35.33","end_time":"35.68","alternatives":[{"confidence":"0.836","content":"그러니까"}],"type":"pronunciation"},{"start_time":"35.71","end_time":"36.02","alternatives":[{"confidence":"0.9685","content":"다른"}],"type":"pronunciation"},{"start_time":"36.02","end_time":"36.38","alternatives":[{"confidence":"0.8719","content":"얘기하지"}],"type":"pronunciation"},{"start_time":"36.38","end_time":"36.87","alternatives":[{"confidence":"0.95495","content":"마시라는"}],"type":"pronunciation"},{"start_time":"36.87","end_time":"37.41","alternatives":[{"confidence":"0.7199","content":"거예요"}],"type":"pronunciation"},{"alternatives":[{"confidence":"0.0","content":"."}],"type":"punctuation"},{"start_time":"39.39","end_time":"39.56","alternatives":[{"confidence":"0.07","content":"또"}],"type":"pronunciation"},{"start_time":"39.56","end_time":"39.68","alternatives":[{"confidence":"0.032","content":"뭐"}],"type":"pronunciation"},{"start_time":"39.71","end_time":"40.03","alternatives":[{"confidence":"0.9839","content":"있다가"}],"type":"pronunciation"},{"start_time":"40.2","end_time":"40.4","alternatives":[{"confidence":"0.9927","content":"제가"}],"type":"pronunciation"},{"start_time":"40.4","end_time":"40.63","alternatives":[{"confidence":"0.9978","content":"이렇게"}],"type":"pronunciation"},{"start_time":"40.63","end_time":"40.98","alternatives":[{"confidence":"0.9848","content":"얘기를"}],"type":"pronunciation"},{"start_time":"40.98","end_time":"41.64","alternatives":[{"confidence":"0.30185","content":"해놨는데"}],"type":"pronunciation"},{"start_time":"42.9","end_time":"43.23","alternatives":[{"confidence":"0.9597","content":"말하는"}],"type":"pronunciation"},{"start_time":"43.23","end_time":"43.8","alternatives":[{"confidence":"0.8024","content":"말씀입니까"}],"type":"pronunciation"},{"alternatives":[{"confidence":"0.0","content":","}],"type":"punctuation"},{"start_time":"44.54","end_time":"44.77","alternatives":[{"confidence":"0.2039","content":"뭐"}],"type":"pronunciation"},{"start_time":"44.77","end_time":"44.94","alternatives":[{"confidence":"0.3934","content":"또"}],"type":"pronunciation"},{"start_time":"44.94","end_time":"45.3","alternatives":[{"confidence":"0.1304","content":"안돼"}],"type":"pronunciation"},{"start_time":"45.39","end_time":"45.73","alternatives":[{"confidence":"0.9779","content":"돈이"}],"type":"pronunciation"},{"start_time":"45.73","end_time":"45.86","alternatives":[{"confidence":"0.4225","content":"뭐"}],"type":"pronunciation"},{"start_time":"45.89","end_time":"46.46","alternatives":[{"confidence":"0.63365","content":"안됐는데"}],"type":"pronunciation"},{"start_time":"46.46","end_time":"46.77","alternatives":[{"confidence":"0.458","content":"보이고"}],"type":"pronunciation"},{"start_time":"46.77","end_time":"47.02","alternatives":[{"confidence":"0.546","content":"처리"}],"type":"pronunciation"},{"start_time":"47.02","end_time":"47.58","alternatives":[{"confidence":"0.7806500000000001","content":"안되겠다"}],"type":"pronunciation"},{"start_time":"47.58","end_time":"47.72","alternatives":[{"confidence":"0.4106","content":"뭐"}],"type":"pronunciation"},{"start_time":"47.75","end_time":"47.98","alternatives":[{"confidence":"0.991","content":"이런"}],"type":"pronunciation"},{"start_time":"47.98","end_time":"48.13","alternatives":[{"confidence":"0.7401","content":"얘기"}],"type":"pronunciation"},{"start_time":"48.13","end_time":"48.3","alternatives":[{"confidence":"0.7738","content":"하지"}],"type":"pronunciation"},{"start_time":"48.3","end_time":"48.79","alternatives":[{"confidence":"0.91395","content":"마시라는"}],"type":"pronunciation"},{"start_time":"48.79","end_time":"49.31","alternatives":[{"confidence":"0.8701","content":"거예요"}],"type":"pronunciation"},{"alternatives":[{"confidence":"0.0","content":"."}],"type":"punctuation"},{"start_time":"53.66","end_time":"53.94","alternatives":[{"confidence":"0.9985","content":"그걸"}],"type":"pronunciation"},{"start_time":"53.94","end_time":"54.24","alternatives":[{"confidence":"0.70145","content":"약속해"}],"type":"pronunciation"},{"start_time":"54.24","end_time":"54.57","alternatives":[{"confidence":"0.4948","content":"달라는"}],"type":"pronunciation"},{"start_time":"54.57","end_time":"54.82","alternatives":[{"confidence":"0.7355","content":"거예요"}],"type":"pronunciation"},{"alternatives":[{"confidence":"0.0","content":"."}],"type":"punctuation"},{"start_time":"54.82","end_time":"55.09","alternatives":[{"confidence":"0.9967","content":"그러니까"}],"type":"pronunciation"},{"start_time":"55.09","end_time":"55.34","alternatives":[{"confidence":"0.9475","content":"서로"}],"type":"pronunciation"},{"start_time":"55.34","end_time":"55.76","alternatives":[{"confidence":"0.6714","content":"해서"}],"type":"pronunciation"},{"start_time":"55.76","end_time":"55.97","alternatives":[{"confidence":"0.9916","content":"저도"}],"type":"pronunciation"},{"start_time":"55.97","end_time":"56.3","alternatives":[{"confidence":"0.9998","content":"확답을"}],"type":"pronunciation"},{"start_time":"56.3","end_time":"56.68","alternatives":[{"confidence":"0.9995","content":"드리겠다"}],"type":"pronunciation"},{"start_time":"56.68","end_time":"57.35","alternatives":[{"confidence":"0.74285","content":"이거에요"}],"type":"pronunciation"},{"alternatives":[{"confidence":"0.0","content":"."}],"type":"punctuation"},{"start_time":"57.62","end_time":"57.88","alternatives":[{"confidence":"1.0","content":"가서"}],"type":"pronunciation"},{"start_time":"57.88","end_time":"58.17","alternatives":[{"confidence":"0.9973","content":"얘기를"}],"type":"pronunciation"},{"start_time":"58.17","end_time":"58.73","alternatives":[{"confidence":"0.9964","content":"해서"}],"type":"pronunciation"},{"start_time":"58.88","end_time":"59.31","alternatives":[{"confidence":"0.8208","content":"문제없이"}],"type":"pronunciation"},{"start_time":"59.31","end_time":"59.98","alternatives":[{"confidence":"0.7394666666666666","content":"대출자금나갈"}],"type":"pronunciation"},{"start_time":"59.98","end_time":"60.09","alternatives":[{"confidence":"1.0","content":"수"}],"type":"pronunciation"},{"start_time":"60.09","end_time":"60.54","alternatives":[{"confidence":"0.8767","content":"있냐"}],"type":"pronunciation"},{"alternatives":[{"confidence":"0.0","content":","}],"type":"punctuation"},{"start_time":"60.57","end_time":"60.88","alternatives":[{"confidence":"0.72895","content":"이건만"}],"type":"pronunciation"},{"start_time":"60.88","end_time":"61.57","alternatives":[{"confidence":"0.633","content":"처리되면"}],"type":"pronunciation"},{"start_time":"62.01","end_time":"62.2","alternatives":[{"confidence":"0.4815","content":"확"}],"type":"pronunciation"},{"start_time":"62.2","end_time":"62.35","alternatives":[{"confidence":"0.6316","content":"딱"}],"type":"pronunciation"},{"start_time":"62.35","end_time":"62.59","alternatives":[{"confidence":"0.9716","content":"듣고"}],"type":"pronunciation"},{"start_time":"62.59","end_time":"63.33","alternatives":[{"confidence":"0.8262499999999999","content":"올테니까"}],"type":"pronunciation"},{"alternatives":[{"confidence":"0.0","content":"."}],"type":"punctuation"},{"start_time":"63.77","end_time":"64.01","alternatives":[{"confidence":"0.1371","content":"그러니까"}],"type":"pronunciation"},{"start_time":"64.04","end_time":"64.3","alternatives":[{"confidence":"0.9766","content":"다른"}],"type":"pronunciation"},{"start_time":"64.3","end_time":"64.61","alternatives":[{"confidence":"0.8084","content":"얘기하지"}],"type":"pronunciation"},{"start_time":"64.61","end_time":"65.07","alternatives":[{"confidence":"0.67125","content":"마시라는"}],"type":"pronunciation"},{"start_time":"65.07","end_time":"65.55","alternatives":[{"confidence":"0.2698","content":"거에요"}],"type":"pronunciation"},{"alternatives":[{"confidence":"0.0","content":"."}],"type":"punctuation"},{"start_time":"66.73","end_time":"67.36","alternatives":[{"confidence":"0.3631","content":"봤어요"}],"type":"pronunciation"},{"alternatives":[{"confidence":"0.0","content":"."}],"type":"punctuation"},{"start_time":"67.67","end_time":"67.81","alternatives":[{"confidence":"0.6896","content":"님이"}],"type":"pronunciation"},{"start_time":"67.81","end_time":"68.32","alternatives":[{"confidence":"0.9903","content":"나중에"}],"type":"pronunciation"},{"alternatives":[{"confidence":"0.0","content":"."}],"type":"punctuation"},{"start_time":"68.56","end_time":"68.79","alternatives":[{"confidence":"0.0832","content":"아"}],"type":"pronunciation"},{"start_time":"68.79","end_time":"68.98","alternatives":[{"confidence":"0.7236","content":"이거"}],"type":"pronunciation"},{"start_time":"69.16","end_time":"69.47","alternatives":[{"confidence":"1.0","content":"도저히"}],"type":"pronunciation"},{"start_time":"69.47","end_time":"69.93","alternatives":[{"confidence":"0.9872","content":"해봤는데"}],"type":"pronunciation"},{"start_time":"69.93","end_time":"70.05","alternatives":[{"confidence":"0.8093","content":"나"}],"type":"pronunciation"},{"start_time":"70.05","end_time":"70.17","alternatives":[{"confidence":"0.5677","content":"안"}],"type":"pronunciation"},{"start_time":"70.17","end_time":"70.32","alternatives":[{"confidence":"0.5682","content":"될"}],"type":"pronunciation"},{"start_time":"70.32","end_time":"70.45","alternatives":[{"confidence":"0.9902","content":"것"}],"type":"pronunciation"},{"start_time":"70.45","end_time":"70.95","alternatives":[{"confidence":"0.9821","content":"같아요"}],"type":"pronunciation"},{"alternatives":[{"confidence":"0.0","content":"."}],"type":"punctuation"},{"start_time":"71.33","end_time":"71.61","alternatives":[{"confidence":"0.9783","content":"이런"}],"type":"pronunciation"},{"start_time":"71.61","end_time":"72.37","alternatives":[{"confidence":"0.6919","content":"얘기해버리시면은"}],"type":"pronunciation"},{"alternatives":[{"confidence":"0.0","content":"."}],"type":"punctuation"},{"start_time":"72.37","end_time":"73.11","alternatives":[{"confidence":"0.9993","content":"저도"}],"type":"pronunciation"},{"start_time":"73.11","end_time":"73.47","alternatives":[{"confidence":"1.0","content":"솔직히"}],"type":"pronunciation"},{"start_time":"73.47","end_time":"74.05","alternatives":[{"confidence":"0.8654999999999999","content":"그렇잖아요"}],"type":"pronunciation"},{"alternatives":[{"confidence":"0.0","content":"."}],"type":"punctuation"},{"start_time":"74.05","end_time":"74.21","alternatives":[{"confidence":"0.4495","content":"저희"}],"type":"pronunciation"},{"start_time":"74.21","end_time":"74.74","alternatives":[{"confidence":"0.897","content":"입장이라는"}],"type":"pronunciation"},{"start_time":"74.74","end_time":"74.83","alternatives":[{"confidence":"0.8875","content":"게"}],"type":"pronunciation"},{"start_time":"74.83","end_time":"75.43","alternatives":[{"confidence":"0.953","content":"있는데"}],"type":"pronunciation"},{"start_time":"77.0","end_time":"77.51","alternatives":[{"confidence":"0.7136","content":"원하시는"}],"type":"pronunciation"},{"start_time":"77.51","end_time":"77.59","alternatives":[{"confidence":"0.9956","content":"게"}],"type":"pronunciation"},{"start_time":"77.59","end_time":"77.84","alternatives":[{"confidence":"0.9307","content":"뭔지"}],"type":"pronunciation"},{"start_time":"77.84","end_time":"78.15","alternatives":[{"confidence":"0.6974","content":"아니까"}],"type":"pronunciation"},{"start_time":"78.15","end_time":"78.34","alternatives":[{"confidence":"0.9935","content":"저도"}],"type":"pronunciation"},{"start_time":"78.34","end_time":"78.56","alternatives":[{"confidence":"0.9924","content":"그렇게"}],"type":"pronunciation"},{"start_time":"78.56","end_time":"78.73","alternatives":[{"confidence":"0.9996","content":"해서"}],"type":"pronunciation"},{"start_time":"78.73","end_time":"78.93","alternatives":[{"confidence":"0.9944","content":"지금"}],"type":"pronunciation"},{"start_time":"78.93","end_time":"79.33","alternatives":[{"confidence":"0.94355","content":"일처리를"}],"type":"pronunciation"},{"start_time":"79.33","end_time":"79.75","alternatives":[{"confidence":"0.84685","content":"해보겠다"}],"type":"pronunciation"},{"start_time":"79.75","end_time":"80.25","alternatives":[{"confidence":"0.91995","content":"이거에요"}],"type":"pronunciation"},{"alternatives":[{"confidence":"0.0","content":"."}],"type":"punctuation"},{"start_time":"80.36","end_time":"80.63","alternatives":[{"confidence":"0.9251","content":"그러니까"}],"type":"pronunciation"},{"start_time":"80.63","end_time":"80.94","alternatives":[{"confidence":"0.9967","content":"약속을"}],"type":"pronunciation"},{"start_time":"80.94","end_time":"81.38","alternatives":[{"confidence":"0.9641","content":"해달라고"}],"type":"pronunciation"},{"start_time":"81.38","end_time":"81.71","alternatives":[{"confidence":"0.1156","content":"그러니까"}],"type":"pronunciation"},{"start_time":"81.83","end_time":"82.07","alternatives":[{"confidence":"0.9765","content":"저는"}],"type":"pronunciation"},{"start_time":"82.07","end_time":"82.39","alternatives":[{"confidence":"0.88995","content":"약속해"}],"type":"pronunciation"},{"start_time":"82.39","end_time":"82.93","alternatives":[{"confidence":"0.9752","content":"드릴게요"}],"type":"pronunciation"},{"alternatives":[{"confidence":"0.0","content":"."}],"type":"punctuation"},{"start_time":"84.11","end_time":"84.58","alternatives":[{"confidence":"1.0","content":"그러면"}],"type":"pronunciation"},{"start_time":"84.64","end_time":"85.01","alternatives":[{"confidence":"0.9813","content":"제가"}],"type":"pronunciation"},{"start_time":"86.93","end_time":"87.07","alternatives":[{"confidence":"0.2873","content":"한"}],"type":"pronunciation"},{"start_time":"87.07","end_time":"87.29","alternatives":[{"confidence":"0.3952","content":"시간"}],"type":"pronunciation"},{"start_time":"87.29","end_time":"87.48","alternatives":[{"confidence":"0.7303","content":"되던"}],"type":"pronunciation"},{"start_time":"87.48","end_time":"87.74","alternatives":[{"confidence":"0.9914","content":"도시가"}],"type":"pronunciation"},{"start_time":"87.74","end_time":"87.93","alternatives":[{"confidence":"0.4301","content":"되는"}],"type":"pronunciation"},{"start_time":"87.93","end_time":"88.09","alternatives":[{"confidence":"0.9907","content":"내가"}],"type":"pronunciation"},{"start_time":"88.09","end_time":"88.27","alternatives":[{"confidence":"0.9988","content":"이렇게"}],"type":"pronunciation"},{"start_time":"88.27","end_time":"88.58","alternatives":[{"confidence":"0.88195","content":"해가지고"}],"type":"pronunciation"},{"start_time":"88.85","end_time":"89.09","alternatives":[{"confidence":"0.5135","content":"그걸"}],"type":"pronunciation"},{"start_time":"89.09","end_time":"89.49","alternatives":[{"confidence":"0.7677","content":"삼백팔"}],"type":"pronunciation"},{"start_time":"89.49","end_time":"89.79","alternatives":[{"confidence":"0.7716000000000001","content":"만원만"}],"type":"pronunciation"},{"start_time":"89.79","end_time":"89.95","alternatives":[{"confidence":"0.9705","content":"내가"}],"type":"pronunciation"},{"start_time":"89.95","end_time":"90.22","alternatives":[{"confidence":"0.9543","content":"입금을"}],"type":"pronunciation"},{"start_time":"90.25","end_time":"90.48","alternatives":[{"confidence":"0.9859","content":"다시"}],"type":"pronunciation"},{"start_time":"90.48","end_time":"90.71","alternatives":[{"confidence":"0.8143","content":"그걸"}],"type":"pronunciation"},{"start_time":"91.23","end_time":"91.48","alternatives":[{"confidence":"0.9986","content":"하면"}],"type":"pronunciation"},{"start_time":"91.68","end_time":"92.22","alternatives":[{"confidence":"1.0","content":"되겠습니까"}],"type":"pronunciation"},{"alternatives":[{"confidence":"0.0","content":"?"}],"type":"punctuation"},{"start_time":"93.36","end_time":"94.02","alternatives":[{"confidence":"0.9936","content":"가능합니다"}],"type":"pronunciation"},{"alternatives":[{"confidence":"0.0","content":"."}],"type":"punctuation"},{"start_time":"94.3","end_time":"95.05","alternatives":[{"confidence":"0.9087","content":"내용은"}],"type":"pronunciation"},{"start_time":"95.05","end_time":"95.32","alternatives":[{"confidence":"0.9996","content":"제가"}],"type":"pronunciation"},{"start_time":"95.32","end_time":"95.61","alternatives":[{"confidence":"0.7024","content":"다시"}],"type":"pronunciation"},{"start_time":"95.61","end_time":"95.85","alternatives":[{"confidence":"0.6042","content":"한번"}],"type":"pronunciation"},{"start_time":"96.91","end_time":"97.6","alternatives":[{"confidence":"0.8294333333333334","content":"얘기해가지고"}],"type":"pronunciation"},{"start_time":"97.6","end_time":"97.95","alternatives":[{"confidence":"0.8502","content":"거기서"}],"type":"pronunciation"},{"start_time":"98.31","end_time":"98.62","alternatives":[{"confidence":"0.60165","content":"확답을"}],"type":"pronunciation"},{"start_time":"98.62","end_time":"98.78","alternatives":[{"confidence":"0.5107","content":"받아"}],"type":"pronunciation"},{"start_time":"98.78","end_time":"98.86","alternatives":[{"confidence":"0.5313","content":"올"}],"type":"pronunciation"},{"start_time":"98.86","end_time":"98.93","alternatives":[{"confidence":"1.0","content":"수"}],"type":"pronunciation"},{"start_time":"98.93","end_time":"99.33","alternatives":[{"confidence":"0.9997","content":"있습니까"}],"type":"pronunciation"},{"alternatives":[{"confidence":"0.0","content":"?"}],"type":"punctuation"},{"start_time":"100.37","end_time":"101.08","alternatives":[{"confidence":"0.9793499999999999","content":"받아야죠"}],"type":"pronunciation"},{"start_time":"103.49","end_time":"103.98","alternatives":[{"confidence":"0.9981","content":"어떻게든"}],"type":"pronunciation"},{"start_time":"103.98","end_time":"104.48","alternatives":[{"confidence":"0.26944999999999997","content":"받아야죠"}],"type":"pronunciation"},{"start_time":"104.63","end_time":"104.87","alternatives":[{"confidence":"0.1013","content":"그렇게"}],"type":"pronunciation"},{"start_time":"104.87","end_time":"105.41","alternatives":[{"confidence":"0.5988","content":"드릴게요"}],"type":"pronunciation"},{"alternatives":[{"confidence":"0.0","content":"."}],"type":"punctuation"},{"start_time":"105.53","end_time":"105.98","alternatives":[{"confidence":"0.9999","content":"그러면"}],"type":"pronunciation"},{"start_time":"106.01","end_time":"106.28","alternatives":[{"confidence":"0.1601","content":"삼십"}],"type":"pronunciation"},{"start_time":"106.28","end_time":"106.44","alternatives":[{"confidence":"0.0933","content":"분이"}],"type":"pronunciation"},{"start_time":"106.44","end_time":"106.61","alternatives":[{"confidence":"0.1328","content":"다가"}],"type":"pronunciation"},{"start_time":"106.61","end_time":"106.83","alternatives":[{"confidence":"0.389","content":"저한테"}],"type":"pronunciation"},{"start_time":"106.83","end_time":"107.01","alternatives":[{"confidence":"0.3039","content":"다시"}],"type":"pronunciation"},{"start_time":"107.01","end_time":"107.27","alternatives":[{"confidence":"0.1826","content":"전화를"}],"type":"pronunciation"},{"start_time":"107.27","end_time":"107.58","alternatives":[{"confidence":"0.5687","content":"되죠"}],"type":"pronunciation"},{"alternatives":[{"confidence":"0.0","content":"."}],"type":"punctuation"},{"start_time":"109.28","end_time":"109.77","alternatives":[{"confidence":"0.9999","content":"알겠습니다"}],"type":"pronunciation"},{"alternatives":[{"confidence":"0.0","content":"."}],"type":"punctuation"},{"start_time":"109.77","end_time":"109.96","alternatives":[{"confidence":"0.5611","content":"전화"}],"type":"pronunciation"},{"start_time":"109.96","end_time":"110.59","alternatives":[{"confidence":"0.9488","content":"드릴게요"}],"type":"pronunciation"},{"alternatives":[{"confidence":"0.0","content":"."}],"type":"punctuation"},{"start_time":"110.65","end_time":"110.87","alternatives":[{"confidence":"0.1164","content":"그럼"}],"type":"pronunciation"},{"start_time":"110.87","end_time":"111.09","alternatives":[{"confidence":"0.2801","content":"저도"}],"type":"pronunciation"},{"start_time":"111.51","end_time":"111.7","alternatives":[{"confidence":"0.5275","content":"돈을"}],"type":"pronunciation"},{"start_time":"111.7","end_time":"111.93","alternatives":[{"confidence":"0.1698","content":"구하는"}],"type":"pronunciation"},{"start_time":"111.93","end_time":"112.03","alternatives":[{"confidence":"0.0829","content":"게"}],"type":"pronunciation"},{"start_time":"112.09","end_time":"112.45","alternatives":[{"confidence":"0.9998","content":"정확하게"}],"type":"pronunciation"},{"start_time":"112.6","end_time":"112.79","alternatives":[{"confidence":"0.4316","content":"저도"}],"type":"pronunciation"},{"start_time":"112.79","end_time":"113.07","alternatives":[{"confidence":"1.0","content":"답변을"}],"type":"pronunciation"},{"start_time":"113.07","end_time":"113.65","alternatives":[{"confidence":"0.759","content":"드릴테니까"}],"type":"pronunciation"},{"start_time":"114.41","end_time":"115.05","alternatives":[{"confidence":"0.9952","content":"알겠습니다"}],"type":"pronunciation"},{"alternatives":[{"confidence":"0.0","content":"."}],"type":"punctuation"}]},"status":"COMPLETED"}