{"jobName":"transcribe_loan140","accountId":"097989105209","results":{"transcripts":[{"transcript":"여보세요 여기 지금 대출보증을 쓴다고 햇는데 보증을 쓰신다고 하셨다고요 보증을 쓴다고 햇는데 보증이 보증이 안 돼요. 안 된다고 얘기했어요. 근데 그 거기서 기록이 나올 수가 있고 있다고 얘기했거든요. 지금 전화 지금 내가 지금 내게 맞는 건가요? 지금 서로를 저희한테 보내주시고 보세요. 그러면 저희가 안 넘죠. 그렇죠. 그런데 왜 지금 아까 여기 번으로 전화 오신 여자분이 남는다고 저한테 막 약간 협박얘기를 해요. 어떤 분이 되셨는데요 모르겠는데 했는데 핸드폰분은 어떻게 되세요? 그쪽으로 나와 주셨다고요. 잠시만요. 셨는데 거기 중개업체고요 네. 네. 라고 하는데 신한은행이나 저축은행쪽으로. 네네 네네 그쪽으로 저희가 중개를 해드리고 있어요. 근데 아까 전에 신한금융이 아니에요. 신한금융이라고 통화를 하죠. 신한금융이에요. 네. 네네 네네. 정확하게 업체라고 생각해주시면 되세요. 라고 얘기한 쪽으로 나온 계열사니까 신한적으로 저희가 중개역할을 해 드리는 거니까 그냥 신한금융라고 얘기를 드리는 겁니다. 제가 근데 안 보냈거든요. 그러니까 이번 으로 연락오기 전에 그 때는 하잖아요. 삼 상사전화가 아무것도 안 오시고 이번 으로 그냥 한번에 전화가 들어가셨다고요 아니에요. 이게 마지막 최종 번호, 번호 핸드폰 번호로 가니까 근데 거기는 이라고 해가지고 아니요. 거기가 아닌데 라고 하는데 사람이 어떻게 되세요? 휴대폰으로 좀 가르쳐 주겠습니까. 지금 지금 요거 말고요. 전화 들어가셨다고 최초로 저한테 연락이 왔던 제가 확인해 보고 드리겠습니다. 핸드폰 보면 여기 있으니까 연락드릴게요 지금 바뀌는 과장입니다. 네. 네. 그런건가요 부서 같은 거 있는데 저희가 다 요청에 들어가시니까요 전화드릴게요 서류서로서로 들어오신 거 없으시니까 조류가 나거나 그런 건 전혀 없으세요? 겠죠 왜 그렇게 얘기드릴께요 알겠습니다 저희 남기신 거 그런거 없으시니까 말씀 잘 못 들으신걸 수도 있으시니깐요 확인해보고 연락을 드립니다"}],"items":[{"start_time":"0.65","end_time":"1.14","alternatives":[{"confidence":"0.4045","content":"여보세요"}],"type":"pronunciation"},{"start_time":"1.2","end_time":"1.38","alternatives":[{"confidence":"0.0028","content":"여기"}],"type":"pronunciation"},{"start_time":"2.93","end_time":"3.34","alternatives":[{"confidence":"0.8797","content":"지금"}],"type":"pronunciation"},{"start_time":"3.61","end_time":"5.22","alternatives":[{"confidence":"0.915","content":"대출보증을"}],"type":"pronunciation"},{"start_time":"5.22","end_time":"5.44","alternatives":[{"confidence":"0.9958","content":"쓴다고"}],"type":"pronunciation"},{"start_time":"5.44","end_time":"6.03","alternatives":[{"confidence":"0.8436","content":"햇는데"}],"type":"pronunciation"},{"start_time":"6.55","end_time":"7.11","alternatives":[{"confidence":"0.9717","content":"보증을"}],"type":"pronunciation"},{"start_time":"7.11","end_time":"7.55","alternatives":[{"confidence":"0.9984999999999999","content":"쓰신다고"}],"type":"pronunciation"},{"start_time":"7.55","end_time":"8.06","alternatives":[{"confidence":"0.94065","content":"하셨다고요"}],"type":"pronunciation"},{"start_time":"8.12","end_time":"8.37","alternatives":[{"confidence":"0.5689","content":"보증을"}],"type":"pronunciation"},{"start_time":"8.37","end_time":"8.58","alternatives":[{"confidence":"0.1188","content":"쓴다고"}],"type":"pronunciation"},{"start_time":"8.58","end_time":"8.83","alternatives":[{"confidence":"0.084","content":"햇는데"}],"type":"pronunciation"},{"start_time":"8.83","end_time":"9.11","alternatives":[{"confidence":"0.849","content":"보증이"}],"type":"pronunciation"},{"start_time":"9.29","end_time":"9.55","alternatives":[{"confidence":"0.9853000000000001","content":"보증이"}],"type":"pronunciation"},{"start_time":"9.55","end_time":"9.65","alternatives":[{"confidence":"0.3905","content":"안"}],"type":"pronunciation"},{"start_time":"9.65","end_time":"10.31","alternatives":[{"confidence":"0.3733","content":"돼요"}],"type":"pronunciation"},{"alternatives":[{"confidence":"0.0","content":"."}],"type":"punctuation"},{"start_time":"10.61","end_time":"10.69","alternatives":[{"confidence":"0.0165","content":"안"}],"type":"pronunciation"},{"start_time":"10.69","end_time":"10.92","alternatives":[{"confidence":"0.0749","content":"된다고"}],"type":"pronunciation"},{"start_time":"11.39","end_time":"12.31","alternatives":[{"confidence":"0.79785","content":"얘기했어요"}],"type":"pronunciation"},{"alternatives":[{"confidence":"0.0","content":"."}],"type":"punctuation"},{"start_time":"12.92","end_time":"13.18","alternatives":[{"confidence":"0.6187","content":"근데"}],"type":"pronunciation"},{"start_time":"13.24","end_time":"13.52","alternatives":[{"confidence":"0.7826","content":"그"}],"type":"pronunciation"},{"start_time":"13.62","end_time":"14.09","alternatives":[{"confidence":"0.9993","content":"거기서"}],"type":"pronunciation"},{"start_time":"14.09","end_time":"14.39","alternatives":[{"confidence":"0.9964","content":"기록이"}],"type":"pronunciation"},{"start_time":"14.39","end_time":"14.56","alternatives":[{"confidence":"0.9314","content":"나올"}],"type":"pronunciation"},{"start_time":"14.56","end_time":"14.7","alternatives":[{"confidence":"0.9329","content":"수가"}],"type":"pronunciation"},{"start_time":"14.7","end_time":"14.84","alternatives":[{"confidence":"0.8498","content":"있고"}],"type":"pronunciation"},{"start_time":"15.24","end_time":"15.54","alternatives":[{"confidence":"0.9872","content":"있다고"}],"type":"pronunciation"},{"start_time":"15.54","end_time":"15.99","alternatives":[{"confidence":"0.8549","content":"얘기했거든요"}],"type":"pronunciation"},{"alternatives":[{"confidence":"0.0","content":"."}],"type":"punctuation"},{"start_time":"15.99","end_time":"16.16","alternatives":[{"confidence":"0.9606","content":"지금"}],"type":"pronunciation"},{"start_time":"16.16","end_time":"16.36","alternatives":[{"confidence":"0.317","content":"전화"}],"type":"pronunciation"},{"start_time":"16.48","end_time":"16.72","alternatives":[{"confidence":"0.9896","content":"지금"}],"type":"pronunciation"},{"start_time":"16.75","end_time":"16.92","alternatives":[{"confidence":"0.8724","content":"내가"}],"type":"pronunciation"},{"start_time":"16.92","end_time":"17.09","alternatives":[{"confidence":"0.9341","content":"지금"}],"type":"pronunciation"},{"start_time":"19.88","end_time":"20.07","alternatives":[{"confidence":"0.1294","content":"내게"}],"type":"pronunciation"},{"start_time":"20.07","end_time":"20.3","alternatives":[{"confidence":"0.8655","content":"맞는"}],"type":"pronunciation"},{"start_time":"20.3","end_time":"20.64","alternatives":[{"confidence":"0.9999","content":"건가요"}],"type":"pronunciation"},{"alternatives":[{"confidence":"0.0","content":"?"}],"type":"punctuation"},{"start_time":"21.85","end_time":"22.13","alternatives":[{"confidence":"0.9675","content":"지금"}],"type":"pronunciation"},{"start_time":"22.13","end_time":"22.94","alternatives":[{"confidence":"0.8163","content":"서로를"}],"type":"pronunciation"},{"start_time":"22.94","end_time":"23.29","alternatives":[{"confidence":"0.9936499999999999","content":"저희한테"}],"type":"pronunciation"},{"start_time":"23.29","end_time":"24.24","alternatives":[{"confidence":"0.98865","content":"보내주시고"}],"type":"pronunciation"},{"start_time":"24.98","end_time":"25.34","alternatives":[{"confidence":"0.4184","content":"보세요"}],"type":"pronunciation"},{"alternatives":[{"confidence":"0.0","content":"."}],"type":"punctuation"},{"start_time":"25.76","end_time":"26.07","alternatives":[{"confidence":"0.9995","content":"그러면"}],"type":"pronunciation"},{"start_time":"26.07","end_time":"26.39","alternatives":[{"confidence":"0.9919","content":"저희가"}],"type":"pronunciation"},{"start_time":"26.39","end_time":"26.5","alternatives":[{"confidence":"0.58","content":"안"}],"type":"pronunciation"},{"start_time":"26.5","end_time":"27.11","alternatives":[{"confidence":"0.794","content":"넘죠"}],"type":"pronunciation"},{"alternatives":[{"confidence":"0.0","content":"."}],"type":"punctuation"},{"start_time":"27.96","end_time":"28.64","alternatives":[{"confidence":"0.9881","content":"그렇죠"}],"type":"pronunciation"},{"alternatives":[{"confidence":"0.0","content":"."}],"type":"punctuation"},{"start_time":"29.24","end_time":"29.48","alternatives":[{"confidence":"0.7576","content":"그런데"}],"type":"pronunciation"},{"start_time":"29.48","end_time":"29.7","alternatives":[{"confidence":"0.9767","content":"왜"}],"type":"pronunciation"},{"start_time":"29.95","end_time":"30.19","alternatives":[{"confidence":"0.9327","content":"지금"}],"type":"pronunciation"},{"start_time":"30.19","end_time":"30.34","alternatives":[{"confidence":"0.6647","content":"아까"}],"type":"pronunciation"},{"start_time":"30.34","end_time":"30.46","alternatives":[{"confidence":"0.2988","content":"여기"}],"type":"pronunciation"},{"start_time":"30.46","end_time":"30.67","alternatives":[{"confidence":"0.8771","content":"번으로"}],"type":"pronunciation"},{"start_time":"30.67","end_time":"30.82","alternatives":[{"confidence":"0.7415","content":"전화"}],"type":"pronunciation"},{"start_time":"30.82","end_time":"30.97","alternatives":[{"confidence":"0.7587","content":"오신"}],"type":"pronunciation"},{"start_time":"30.97","end_time":"31.3","alternatives":[{"confidence":"0.87575","content":"여자분이"}],"type":"pronunciation"},{"start_time":"31.39","end_time":"31.74","alternatives":[{"confidence":"0.9754","content":"남는다고"}],"type":"pronunciation"},{"start_time":"31.74","end_time":"31.96","alternatives":[{"confidence":"0.9992","content":"저한테"}],"type":"pronunciation"},{"start_time":"31.96","end_time":"32.12","alternatives":[{"confidence":"0.7487","content":"막"}],"type":"pronunciation"},{"start_time":"32.21","end_time":"32.38","alternatives":[{"confidence":"0.6201","content":"약간"}],"type":"pronunciation"},{"start_time":"32.38","end_time":"33.24","alternatives":[{"confidence":"0.92205","content":"협박얘기를"}],"type":"pronunciation"},{"start_time":"33.24","end_time":"33.42","alternatives":[{"confidence":"0.9892","content":"해요"}],"type":"pronunciation"},{"alternatives":[{"confidence":"0.0","content":"."}],"type":"punctuation"},{"start_time":"34.54","end_time":"34.88","alternatives":[{"confidence":"0.9515","content":"어떤"}],"type":"pronunciation"},{"start_time":"34.88","end_time":"35.06","alternatives":[{"confidence":"0.9967","content":"분이"}],"type":"pronunciation"},{"start_time":"35.06","end_time":"35.81","alternatives":[{"confidence":"0.7462","content":"되셨는데요"}],"type":"pronunciation"},{"start_time":"36.0","end_time":"36.45","alternatives":[{"confidence":"0.9994","content":"모르겠는데"}],"type":"pronunciation"},{"start_time":"36.96","end_time":"37.21","alternatives":[{"confidence":"0.0234","content":"했는데"}],"type":"pronunciation"},{"start_time":"37.71","end_time":"38.36","alternatives":[{"confidence":"0.0523","content":"핸드폰분은"}],"type":"pronunciation"},{"start_time":"38.36","end_time":"38.58","alternatives":[{"confidence":"0.9997","content":"어떻게"}],"type":"pronunciation"},{"start_time":"38.58","end_time":"39.18","alternatives":[{"confidence":"0.9958","content":"되세요"}],"type":"pronunciation"},{"alternatives":[{"confidence":"0.0","content":"?"}],"type":"punctuation"},{"start_time":"40.57","end_time":"43.81","alternatives":[{"confidence":"0.4069","content":"그쪽으로"}],"type":"pronunciation"},{"start_time":"43.87","end_time":"44.2","alternatives":[{"confidence":"0.6105","content":"나와"}],"type":"pronunciation"},{"start_time":"44.2","end_time":"45.08","alternatives":[{"confidence":"0.9089","content":"주셨다고요"}],"type":"pronunciation"},{"alternatives":[{"confidence":"0.0","content":"."}],"type":"punctuation"},{"start_time":"46.8","end_time":"47.58","alternatives":[{"confidence":"1.0","content":"잠시만요"}],"type":"pronunciation"},{"alternatives":[{"confidence":"0.0","content":"."}],"type":"punctuation"},{"start_time":"48.4","end_time":"49.15","alternatives":[{"confidence":"0.2415","content":"셨는데"}],"type":"pronunciation"},{"start_time":"49.18","end_time":"49.37","alternatives":[{"confidence":"0.026","content":"거기"}],"type":"pronunciation"},{"start_time":"50.23","end_time":"52.39","alternatives":[{"confidence":"0.4148","content":"중개업체고요"}],"type":"pronunciation"},{"start_time":"52.48","end_time":"52.6","alternatives":[{"confidence":"0.0057","content":"네"}],"type":"pronunciation"},{"alternatives":[{"confidence":"0.0","content":"."}],"type":"punctuation"},{"start_time":"52.63","end_time":"52.77","alternatives":[{"confidence":"0.0015","content":"네"}],"type":"pronunciation"},{"alternatives":[{"confidence":"0.0","content":"."}],"type":"punctuation"},{"start_time":"54.4","end_time":"54.52","alternatives":[{"confidence":"0.0366","content":"라고"}],"type":"pronunciation"},{"start_time":"54.52","end_time":"54.85","alternatives":[{"confidence":"0.0717","content":"하는데"}],"type":"pronunciation"},{"start_time":"55.29","end_time":"55.97","alternatives":[{"confidence":"0.8073","content":"신한은행이나"}],"type":"pronunciation"},{"start_time":"56.8","end_time":"58.04","alternatives":[{"confidence":"0.9707","content":"저축은행쪽으로"}],"type":"pronunciation"},{"alternatives":[{"confidence":"0.0","content":"."}],"type":"punctuation"},{"start_time":"58.76","end_time":"59.04","alternatives":[{"confidence":"0.9115","content":"네네"}],"type":"pronunciation"},{"start_time":"59.32","end_time":"59.6","alternatives":[{"confidence":"0.9407","content":"네네"}],"type":"pronunciation"},{"start_time":"59.63","end_time":"60.07","alternatives":[{"confidence":"0.8884","content":"그쪽으로"}],"type":"pronunciation"},{"start_time":"60.07","end_time":"60.27","alternatives":[{"confidence":"0.9983","content":"저희가"}],"type":"pronunciation"},{"start_time":"60.27","end_time":"61.23","alternatives":[{"confidence":"0.63225","content":"중개를"}],"type":"pronunciation"},{"start_time":"61.23","end_time":"61.6","alternatives":[{"confidence":"0.7859","content":"해드리고"}],"type":"pronunciation"},{"start_time":"61.6","end_time":"62.06","alternatives":[{"confidence":"0.9709","content":"있어요"}],"type":"pronunciation"},{"alternatives":[{"confidence":"0.0","content":"."}],"type":"punctuation"},{"start_time":"62.96","end_time":"63.11","alternatives":[{"confidence":"0.0028","content":"근데"}],"type":"pronunciation"},{"start_time":"63.11","end_time":"63.24","alternatives":[{"confidence":"0.003","content":"아까"}],"type":"pronunciation"},{"start_time":"63.24","end_time":"63.43","alternatives":[{"confidence":"0.0053","content":"전에"}],"type":"pronunciation"},{"start_time":"63.43","end_time":"63.86","alternatives":[{"confidence":"0.0162","content":"신한금융이"}],"type":"pronunciation"},{"start_time":"63.86","end_time":"64.19","alternatives":[{"confidence":"0.051","content":"아니에요"}],"type":"pronunciation"},{"alternatives":[{"confidence":"0.0","content":"."}],"type":"punctuation"},{"start_time":"65.63","end_time":"66.58","alternatives":[{"confidence":"0.8638666666666667","content":"신한금융이라고"}],"type":"pronunciation"},{"start_time":"66.58","end_time":"66.96","alternatives":[{"confidence":"0.9994","content":"통화를"}],"type":"pronunciation"},{"start_time":"66.96","end_time":"67.49","alternatives":[{"confidence":"1.0","content":"하죠"}],"type":"pronunciation"},{"alternatives":[{"confidence":"0.0","content":"."}],"type":"punctuation"},{"start_time":"67.84","end_time":"69.06","alternatives":[{"confidence":"0.24276666666666666","content":"신한금융이에요"}],"type":"pronunciation"},{"alternatives":[{"confidence":"0.0","content":"."}],"type":"punctuation"},{"start_time":"69.15","end_time":"69.27","alternatives":[{"confidence":"0.3102","content":"네"}],"type":"pronunciation"},{"alternatives":[{"confidence":"0.0","content":"."}],"type":"punctuation"},{"start_time":"69.3","end_time":"69.62","alternatives":[{"confidence":"0.8041","content":"네네"}],"type":"pronunciation"},{"start_time":"69.77","end_time":"70.16","alternatives":[{"confidence":"0.5523","content":"네네"}],"type":"pronunciation"},{"alternatives":[{"confidence":"0.0","content":"."}],"type":"punctuation"},{"start_time":"70.74","end_time":"71.04","alternatives":[{"confidence":"0.9887","content":"정확하게"}],"type":"pronunciation"},{"start_time":"72.82","end_time":"73.16","alternatives":[{"confidence":"0.6595499999999999","content":"업체라고"}],"type":"pronunciation"},{"start_time":"73.16","end_time":"73.82","alternatives":[{"confidence":"0.893","content":"생각해주시면"}],"type":"pronunciation"},{"start_time":"73.82","end_time":"74.36","alternatives":[{"confidence":"0.9999","content":"되세요"}],"type":"pronunciation"},{"alternatives":[{"confidence":"0.0","content":"."}],"type":"punctuation"},{"start_time":"75.66","end_time":"75.78","alternatives":[{"confidence":"0.0223","content":"라고"}],"type":"pronunciation"},{"start_time":"75.78","end_time":"76.19","alternatives":[{"confidence":"0.0281","content":"얘기한"}],"type":"pronunciation"},{"start_time":"76.19","end_time":"76.5","alternatives":[{"confidence":"0.8177","content":"쪽으로"}],"type":"pronunciation"},{"start_time":"76.5","end_time":"76.78","alternatives":[{"confidence":"0.9325","content":"나온"}],"type":"pronunciation"},{"start_time":"76.78","end_time":"77.43","alternatives":[{"confidence":"0.30915000000000004","content":"계열사니까"}],"type":"pronunciation"},{"start_time":"77.49","end_time":"78.05","alternatives":[{"confidence":"0.17035","content":"신한적으로"}],"type":"pronunciation"},{"start_time":"78.05","end_time":"78.29","alternatives":[{"confidence":"1.0","content":"저희가"}],"type":"pronunciation"},{"start_time":"78.29","end_time":"79.09","alternatives":[{"confidence":"0.86035","content":"중개역할을"}],"type":"pronunciation"},{"start_time":"79.09","end_time":"79.15","alternatives":[{"confidence":"0.8099","content":"해"}],"type":"pronunciation"},{"start_time":"79.15","end_time":"79.42","alternatives":[{"confidence":"0.8854","content":"드리는"}],"type":"pronunciation"},{"start_time":"79.42","end_time":"80.21","alternatives":[{"confidence":"0.9921","content":"거니까"}],"type":"pronunciation"},{"start_time":"80.93","end_time":"81.15","alternatives":[{"confidence":"0.6157","content":"그냥"}],"type":"pronunciation"},{"start_time":"81.15","end_time":"81.87","alternatives":[{"confidence":"0.5785","content":"신한금융라고"}],"type":"pronunciation"},{"start_time":"81.87","end_time":"82.2","alternatives":[{"confidence":"0.9558","content":"얘기를"}],"type":"pronunciation"},{"start_time":"82.23","end_time":"82.55","alternatives":[{"confidence":"0.9911","content":"드리는"}],"type":"pronunciation"},{"start_time":"82.55","end_time":"82.83","alternatives":[{"confidence":"1.0","content":"겁니다"}],"type":"pronunciation"},{"alternatives":[{"confidence":"0.0","content":"."}],"type":"punctuation"},{"start_time":"83.53","end_time":"83.7","alternatives":[{"confidence":"0.0658","content":"제가"}],"type":"pronunciation"},{"start_time":"84.37","end_time":"84.89","alternatives":[{"confidence":"0.054","content":"근데"}],"type":"pronunciation"},{"start_time":"85.97","end_time":"86.12","alternatives":[{"confidence":"0.8431","content":"안"}],"type":"pronunciation"},{"start_time":"86.12","end_time":"86.59","alternatives":[{"confidence":"0.9890000000000001","content":"보냈거든요"}],"type":"pronunciation"},{"alternatives":[{"confidence":"0.0","content":"."}],"type":"punctuation"},{"start_time":"87.03","end_time":"87.31","alternatives":[{"confidence":"0.9019","content":"그러니까"}],"type":"pronunciation"},{"start_time":"87.31","end_time":"87.46","alternatives":[{"confidence":"0.4735","content":"이번"}],"type":"pronunciation"},{"start_time":"87.46","end_time":"87.58","alternatives":[{"confidence":"0.3746","content":"으로"}],"type":"pronunciation"},{"start_time":"87.58","end_time":"87.84","alternatives":[{"confidence":"0.44270000000000004","content":"연락오기"}],"type":"pronunciation"},{"start_time":"87.84","end_time":"88.06","alternatives":[{"confidence":"0.5926","content":"전에"}],"type":"pronunciation"},{"start_time":"88.12","end_time":"88.2","alternatives":[{"confidence":"0.0482","content":"그"}],"type":"pronunciation"},{"start_time":"88.45","end_time":"88.72","alternatives":[{"confidence":"0.1899","content":"때는"}],"type":"pronunciation"},{"start_time":"89.86","end_time":"90.09","alternatives":[{"confidence":"0.1615","content":"하잖아요"}],"type":"pronunciation"},{"alternatives":[{"confidence":"0.0","content":"."}],"type":"punctuation"},{"start_time":"90.86","end_time":"91.07","alternatives":[{"confidence":"0.0934","content":"삼"}],"type":"pronunciation"},{"start_time":"91.07","end_time":"92.2","alternatives":[{"confidence":"0.56005","content":"상사전화가"}],"type":"pronunciation"},{"start_time":"92.2","end_time":"92.66","alternatives":[{"confidence":"0.933","content":"아무것도"}],"type":"pronunciation"},{"start_time":"92.66","end_time":"92.82","alternatives":[{"confidence":"0.9481","content":"안"}],"type":"pronunciation"},{"start_time":"92.82","end_time":"93.08","alternatives":[{"confidence":"0.8911","content":"오시고"}],"type":"pronunciation"},{"start_time":"93.08","end_time":"93.37","alternatives":[{"confidence":"0.5215","content":"이번"}],"type":"pronunciation"},{"start_time":"93.37","end_time":"93.55","alternatives":[{"confidence":"0.9794","content":"으로"}],"type":"pronunciation"},{"start_time":"93.55","end_time":"93.74","alternatives":[{"confidence":"0.9958","content":"그냥"}],"type":"pronunciation"},{"start_time":"93.74","end_time":"94.07","alternatives":[{"confidence":"0.6297","content":"한번에"}],"type":"pronunciation"},{"start_time":"94.07","end_time":"94.37","alternatives":[{"confidence":"0.9921","content":"전화가"}],"type":"pronunciation"},{"start_time":"94.37","end_time":"95.1","alternatives":[{"confidence":"0.9683999999999999","content":"들어가셨다고요"}],"type":"pronunciation"},{"start_time":"95.47","end_time":"95.75","alternatives":[{"confidence":"0.0933","content":"아니에요"}],"type":"pronunciation"},{"alternatives":[{"confidence":"0.0","content":"."}],"type":"punctuation"},{"start_time":"95.75","end_time":"95.87","alternatives":[{"confidence":"0.4441","content":"이게"}],"type":"pronunciation"},{"start_time":"95.87","end_time":"96.1","alternatives":[{"confidence":"0.8994","content":"마지막"}],"type":"pronunciation"},{"start_time":"96.1","end_time":"96.27","alternatives":[{"confidence":"0.5211","content":"최종"}],"type":"pronunciation"},{"start_time":"96.27","end_time":"96.46","alternatives":[{"confidence":"0.6459","content":"번호"}],"type":"pronunciation"},{"alternatives":[{"confidence":"0.0","content":","}],"type":"punctuation"},{"start_time":"97.63","end_time":"97.92","alternatives":[{"confidence":"0.7147","content":"번호"}],"type":"pronunciation"},{"start_time":"98.13","end_time":"98.52","alternatives":[{"confidence":"0.4213","content":"핸드폰"}],"type":"pronunciation"},{"start_time":"98.52","end_time":"98.81","alternatives":[{"confidence":"0.2146","content":"번호로"}],"type":"pronunciation"},{"start_time":"98.81","end_time":"99.07","alternatives":[{"confidence":"0.0166","content":"가니까"}],"type":"pronunciation"},{"start_time":"99.89","end_time":"100.12","alternatives":[{"confidence":"0.5708","content":"근데"}],"type":"pronunciation"},{"start_time":"100.35","end_time":"100.7","alternatives":[{"confidence":"0.65215","content":"거기는"}],"type":"pronunciation"},{"start_time":"101.16","end_time":"101.32","alternatives":[{"confidence":"0.6588","content":"이라고"}],"type":"pronunciation"},{"start_time":"101.32","end_time":"101.63","alternatives":[{"confidence":"0.9533","content":"해가지고"}],"type":"pronunciation"},{"start_time":"101.63","end_time":"101.8","alternatives":[{"confidence":"0.0565","content":"아니요"}],"type":"pronunciation"},{"alternatives":[{"confidence":"0.0","content":"."}],"type":"punctuation"},{"start_time":"101.98","end_time":"102.22","alternatives":[{"confidence":"0.12359999999999999","content":"거기가"}],"type":"pronunciation"},{"start_time":"102.22","end_time":"102.45","alternatives":[{"confidence":"0.201","content":"아닌데"}],"type":"pronunciation"},{"start_time":"105.21","end_time":"105.33","alternatives":[{"confidence":"0.1458","content":"라고"}],"type":"pronunciation"},{"start_time":"105.33","end_time":"105.65","alternatives":[{"confidence":"0.3278","content":"하는데"}],"type":"pronunciation"},{"start_time":"108.09","end_time":"108.53","alternatives":[{"confidence":"0.5308","content":"사람이"}],"type":"pronunciation"},{"start_time":"108.53","end_time":"108.81","alternatives":[{"confidence":"1.0","content":"어떻게"}],"type":"pronunciation"},{"start_time":"108.81","end_time":"109.48","alternatives":[{"confidence":"0.9992","content":"되세요"}],"type":"pronunciation"},{"alternatives":[{"confidence":"0.0","content":"?"}],"type":"punctuation"},{"start_time":"113.28","end_time":"113.93","alternatives":[{"confidence":"0.96485","content":"휴대폰으로"}],"type":"pronunciation"},{"start_time":"113.93","end_time":"114.05","alternatives":[{"confidence":"0.9918","content":"좀"}],"type":"pronunciation"},{"start_time":"114.05","end_time":"114.3","alternatives":[{"confidence":"0.8493","content":"가르쳐"}],"type":"pronunciation"},{"start_time":"114.3","end_time":"114.76","alternatives":[{"confidence":"0.8271","content":"주겠습니까"}],"type":"pronunciation"},{"alternatives":[{"confidence":"0.0","content":"."}],"type":"punctuation"},{"start_time":"114.76","end_time":"114.99","alternatives":[{"confidence":"0.8923","content":"지금"}],"type":"pronunciation"},{"start_time":"115.21","end_time":"115.48","alternatives":[{"confidence":"0.5717","content":"지금"}],"type":"pronunciation"},{"start_time":"115.48","end_time":"117.57","alternatives":[{"confidence":"0.23570000000000002","content":"요거"}],"type":"pronunciation"},{"start_time":"117.57","end_time":"118.35","alternatives":[{"confidence":"1.0","content":"말고요"}],"type":"pronunciation"},{"alternatives":[{"confidence":"0.0","content":"."}],"type":"punctuation"},{"start_time":"118.89","end_time":"119.14","alternatives":[{"confidence":"0.5058","content":"전화"}],"type":"pronunciation"},{"start_time":"119.14","end_time":"119.68","alternatives":[{"confidence":"0.41076666666666667","content":"들어가셨다고"}],"type":"pronunciation"},{"start_time":"129.35","end_time":"129.65","alternatives":[{"confidence":"0.2677","content":"최초로"}],"type":"pronunciation"},{"start_time":"129.65","end_time":"129.87","alternatives":[{"confidence":"0.3408","content":"저한테"}],"type":"pronunciation"},{"start_time":"130.02","end_time":"130.23","alternatives":[{"confidence":"0.0758","content":"연락이"}],"type":"pronunciation"},{"start_time":"130.23","end_time":"130.44","alternatives":[{"confidence":"0.1825","content":"왔던"}],"type":"pronunciation"},{"start_time":"131.71","end_time":"131.97","alternatives":[{"confidence":"0.9981","content":"제가"}],"type":"pronunciation"},{"start_time":"131.97","end_time":"132.31","alternatives":[{"confidence":"0.9202","content":"확인해"}],"type":"pronunciation"},{"start_time":"132.31","end_time":"132.86","alternatives":[{"confidence":"0.6338","content":"보고"}],"type":"pronunciation"},{"start_time":"133.26","end_time":"133.83","alternatives":[{"confidence":"1.0","content":"드리겠습니다"}],"type":"pronunciation"},{"alternatives":[{"confidence":"0.0","content":"."}],"type":"punctuation"},{"start_time":"134.28","end_time":"134.59","alternatives":[{"confidence":"0.0112","content":"핸드폰"}],"type":"pronunciation"},{"start_time":"134.59","end_time":"134.8","alternatives":[{"confidence":"0.4029","content":"보면"}],"type":"pronunciation"},{"start_time":"134.8","end_time":"134.93","alternatives":[{"confidence":"0.1356","content":"여기"}],"type":"pronunciation"},{"start_time":"135.27","end_time":"135.64","alternatives":[{"confidence":"0.9904","content":"있으니까"}],"type":"pronunciation"},{"start_time":"135.64","end_time":"136.45","alternatives":[{"confidence":"0.8334","content":"연락드릴게요"}],"type":"pronunciation"},{"start_time":"136.52","end_time":"136.67","alternatives":[{"confidence":"0.1517","content":"지금"}],"type":"pronunciation"},{"start_time":"137.92","end_time":"138.35","alternatives":[{"confidence":"0.9305","content":"바뀌는"}],"type":"pronunciation"},{"start_time":"138.35","end_time":"138.89","alternatives":[{"confidence":"0.8386","content":"과장입니다"}],"type":"pronunciation"},{"alternatives":[{"confidence":"0.0","content":"."}],"type":"punctuation"},{"start_time":"140.49","end_time":"140.62","alternatives":[{"confidence":"0.0028","content":"네"}],"type":"pronunciation"},{"alternatives":[{"confidence":"0.0","content":"."}],"type":"punctuation"},{"start_time":"140.65","end_time":"140.77","alternatives":[{"confidence":"0.0011","content":"네"}],"type":"pronunciation"},{"alternatives":[{"confidence":"0.0","content":"."}],"type":"punctuation"},{"start_time":"141.1","end_time":"141.78","alternatives":[{"confidence":"0.32075000000000004","content":"그런건가요"}],"type":"pronunciation"},{"start_time":"142.58","end_time":"142.85","alternatives":[{"confidence":"0.9497","content":"부서"}],"type":"pronunciation"},{"start_time":"142.85","end_time":"143.07","alternatives":[{"confidence":"0.9009","content":"같은"}],"type":"pronunciation"},{"start_time":"143.07","end_time":"143.15","alternatives":[{"confidence":"0.7261","content":"거"}],"type":"pronunciation"},{"start_time":"143.15","end_time":"143.92","alternatives":[{"confidence":"0.9917","content":"있는데"}],"type":"pronunciation"},{"start_time":"144.01","end_time":"144.24","alternatives":[{"confidence":"0.9996","content":"저희가"}],"type":"pronunciation"},{"start_time":"144.24","end_time":"144.41","alternatives":[{"confidence":"0.9133","content":"다"}],"type":"pronunciation"},{"start_time":"144.41","end_time":"144.7","alternatives":[{"confidence":"0.4693","content":"요청에"}],"type":"pronunciation"},{"start_time":"144.7","end_time":"145.6","alternatives":[{"confidence":"0.9286666666666666","content":"들어가시니까요"}],"type":"pronunciation"},{"start_time":"145.84","end_time":"146.52","alternatives":[{"confidence":"0.73605","content":"전화드릴게요"}],"type":"pronunciation"},{"start_time":"147.28","end_time":"148.24","alternatives":[{"confidence":"0.7083666666666667","content":"서류서로서로"}],"type":"pronunciation"},{"start_time":"148.24","end_time":"148.6","alternatives":[{"confidence":"0.7947","content":"들어오신"}],"type":"pronunciation"},{"start_time":"148.6","end_time":"148.7","alternatives":[{"confidence":"0.8764","content":"거"}],"type":"pronunciation"},{"start_time":"148.7","end_time":"149.58","alternatives":[{"confidence":"0.99945","content":"없으시니까"}],"type":"pronunciation"},{"start_time":"149.61","end_time":"149.94","alternatives":[{"confidence":"0.5425","content":"조류가"}],"type":"pronunciation"},{"start_time":"149.94","end_time":"150.28","alternatives":[{"confidence":"0.74","content":"나거나"}],"type":"pronunciation"},{"start_time":"150.28","end_time":"150.53","alternatives":[{"confidence":"0.9946","content":"그런"}],"type":"pronunciation"},{"start_time":"150.53","end_time":"150.62","alternatives":[{"confidence":"0.9803","content":"건"}],"type":"pronunciation"},{"start_time":"150.62","end_time":"150.8","alternatives":[{"confidence":"1.0","content":"전혀"}],"type":"pronunciation"},{"start_time":"150.8","end_time":"151.56","alternatives":[{"confidence":"1.0","content":"없으세요"}],"type":"pronunciation"},{"alternatives":[{"confidence":"0.0","content":"?"}],"type":"punctuation"},{"start_time":"153.94","end_time":"154.3","alternatives":[{"confidence":"0.4676","content":"겠죠"}],"type":"pronunciation"},{"start_time":"154.33","end_time":"154.78","alternatives":[{"confidence":"0.9957","content":"왜"}],"type":"pronunciation"},{"start_time":"154.78","end_time":"155.02","alternatives":[{"confidence":"0.9978","content":"그렇게"}],"type":"pronunciation"},{"start_time":"155.02","end_time":"156.54","alternatives":[{"confidence":"0.45180000000000003","content":"얘기드릴께요"}],"type":"pronunciation"},{"start_time":"157.82","end_time":"158.35","alternatives":[{"confidence":"0.9964","content":"알겠습니다"}],"type":"pronunciation"},{"start_time":"158.45","end_time":"158.64","alternatives":[{"confidence":"0.5144","content":"저희"}],"type":"pronunciation"},{"start_time":"158.64","end_time":"158.94","alternatives":[{"confidence":"0.9593","content":"남기신"}],"type":"pronunciation"},{"start_time":"158.94","end_time":"159.01","alternatives":[{"confidence":"0.8234","content":"거"}],"type":"pronunciation"},{"start_time":"159.01","end_time":"159.26","alternatives":[{"confidence":"0.8294","content":"그런거"}],"type":"pronunciation"},{"start_time":"159.26","end_time":"159.99","alternatives":[{"confidence":"0.9993000000000001","content":"없으시니까"}],"type":"pronunciation"},{"start_time":"159.99","end_time":"160.25","alternatives":[{"confidence":"0.7767","content":"말씀"}],"type":"pronunciation"},{"start_time":"160.25","end_time":"160.35","alternatives":[{"confidence":"0.6117","content":"잘"}],"type":"pronunciation"},{"start_time":"160.35","end_time":"160.45","alternatives":[{"confidence":"0.5498","content":"못"}],"type":"pronunciation"},{"start_time":"160.45","end_time":"160.86","alternatives":[{"confidence":"0.6011333333333333","content":"들으신걸"}],"type":"pronunciation"},{"start_time":"160.86","end_time":"161.03","alternatives":[{"confidence":"0.9653","content":"수도"}],"type":"pronunciation"},{"start_time":"161.03","end_time":"161.88","alternatives":[{"confidence":"0.8364499999999999","content":"있으시니깐요"}],"type":"pronunciation"},{"start_time":"162.57","end_time":"163.19","alternatives":[{"confidence":"0.9627","content":"확인해보고"}],"type":"pronunciation"},{"start_time":"163.19","end_time":"163.46","alternatives":[{"confidence":"1.0","content":"연락을"}],"type":"pronunciation"},{"start_time":"163.46","end_time":"163.88","alternatives":[{"confidence":"0.2741","content":"드립니다"}],"type":"pronunciation"}]},"status":"COMPLETED"}