{"jobName":"transcribe_loan146","accountId":"097989105209","results":{"transcripts":[{"transcript":"지금 제가 답답해 죽겠네. 지금 힘이 본인이래요. 자기가 그 섬이 아니에요. 그분이 아니요. 있어요. 답답하십니다 진짜 제가 있습니까? 그니까 결과는 보시면 아실 거예요. 지금 어떤 사태가 지금 발생을 했냐지금 복잡하게 됐어요. 지금 굉장히 복잡한 경찰서에서 아는 사실이고요. 저도 경찰서에 신고를 해서 제가 편지를 했으면 이거는 제가 벌을 받을 거고 그쪽에서 먼저 받겠죠. 근데 이거를 뭐 그거는 네. 그렇죠. 사람이 이런 식으로 먼저 개통만들어 놓고 진짜 이런 얘기가 없네요. 지금 저는 지금 납득이 안 됩니다. 납득이 지금 어떻게 돌아가는지 모르겠네요. 지금 고객님이 하시는 말씀이 전부 거짓이에요. 지금 제가 무슨 지금 상황이 그 상황이 아닌데 지금 무슨 한번 말씀해 보세요. 통화를 하신 적이 없으시대요. 네. 네. 제가 은행, 은행, 고객센터에서 직접 하셨기 때문에 은행에서 않아 하겠죠. 그걸 지금 은행, 은행 지금 어디 통화하셔서 하신 거예요. 은행고객님은행이에요 아니면은 저기 반대쪽은행이요 입금하신 쪽 은행이에요 번호가 입금하신 본 본 본 센터 콜센터에 전화온 거예요. 그렇죠. 있었으면 어쩔 수 없고요. 저도 어쨌든 지금 너무나 상당한 제가 지금 범죄자로 신고가 되어 있는 부분이고 어쨌든 저는 님을 통합 했고요. 이 돈을 돌려드릴 수가 없고 경찰서를 통해서 돌려 드릴테니까 그렇게 알고 계세요. 그리고 지금까지 통하는 모든 녹취가 되어 있기 때문에 그쪽에서도 저를 신고했으면 저도 그쪽으로 신고를 할 거예요. 알고 계세요. 사람은 정신지급에도 이런 고객님지금 요구하시는 것도 다 녹음저희도 하고 있어요. 하세요. 하세요. 네. 네. 말씀 있으세요? 저는 그리고 저는 은행을 통해 공식적으로 확인하는 부분이기 때문에 은행을 통해서 더 이상 이렇게 처리가 안 된다고 하면 저는 경찰의 통해서 처리할 거고요. 그 중에서도 저희 저희가 신고했던 친구가 되어있더라고요 지금 신고가 있다니까 으로 신고가 되어 있더라고요. 저희가 지금 당한 거라구요. 저희가 제가 지금 이렇게 비싼 밥 먹고 지금 장난을 외치겠습니까. 지금. 그러게요. 그래서 제가 정당하게 요청을 했는데도 지금 그렇게 한다면 저는 무고죄로도 신고를 할 거에요. 그렇게 알고 계시고 나중에 통할게요."}],"items":[{"start_time":"0.0","end_time":"0.15","alternatives":[{"confidence":"0.9862","content":"지금"}],"type":"pronunciation"},{"start_time":"0.15","end_time":"0.31","alternatives":[{"confidence":"0.9923","content":"제가"}],"type":"pronunciation"},{"start_time":"0.31","end_time":"0.68","alternatives":[{"confidence":"0.9992","content":"답답해"}],"type":"pronunciation"},{"start_time":"0.68","end_time":"1.04","alternatives":[{"confidence":"0.9977","content":"죽겠네"}],"type":"pronunciation"},{"alternatives":[{"confidence":"0.0","content":"."}],"type":"punctuation"},{"start_time":"1.04","end_time":"1.37","alternatives":[{"confidence":"0.6666","content":"지금"}],"type":"pronunciation"},{"start_time":"3.36","end_time":"3.58","alternatives":[{"confidence":"0.7183","content":"힘이"}],"type":"pronunciation"},{"start_time":"3.58","end_time":"4.12","alternatives":[{"confidence":"0.7679","content":"본인이래요"}],"type":"pronunciation"},{"alternatives":[{"confidence":"0.0","content":"."}],"type":"punctuation"},{"start_time":"4.12","end_time":"4.58","alternatives":[{"confidence":"0.9994","content":"자기가"}],"type":"pronunciation"},{"start_time":"6.13","end_time":"6.27","alternatives":[{"confidence":"0.1177","content":"그"}],"type":"pronunciation"},{"start_time":"6.27","end_time":"6.85","alternatives":[{"confidence":"0.0074","content":"섬이"}],"type":"pronunciation"},{"start_time":"6.85","end_time":"7.27","alternatives":[{"confidence":"0.9947","content":"아니에요"}],"type":"pronunciation"},{"alternatives":[{"confidence":"0.0","content":"."}],"type":"punctuation"},{"start_time":"7.27","end_time":"8.13","alternatives":[{"confidence":"0.9717","content":"그분이"}],"type":"pronunciation"},{"start_time":"8.25","end_time":"8.66","alternatives":[{"confidence":"0.7403","content":"아니요"}],"type":"pronunciation"},{"alternatives":[{"confidence":"0.0","content":"."}],"type":"punctuation"},{"start_time":"9.77","end_time":"10.1","alternatives":[{"confidence":"0.5471","content":"있어요"}],"type":"pronunciation"},{"alternatives":[{"confidence":"0.0","content":"."}],"type":"punctuation"},{"start_time":"11.17","end_time":"11.98","alternatives":[{"confidence":"0.99995","content":"답답하십니다"}],"type":"pronunciation"},{"start_time":"11.98","end_time":"12.32","alternatives":[{"confidence":"0.0977","content":"진짜"}],"type":"pronunciation"},{"start_time":"12.55","end_time":"12.75","alternatives":[{"confidence":"0.0217","content":"제가"}],"type":"pronunciation"},{"start_time":"13.83","end_time":"14.25","alternatives":[{"confidence":"0.2621","content":"있습니까"}],"type":"pronunciation"},{"alternatives":[{"confidence":"0.0","content":"?"}],"type":"punctuation"},{"start_time":"15.17","end_time":"15.7","alternatives":[{"confidence":"0.6309","content":"그니까"}],"type":"pronunciation"},{"start_time":"15.7","end_time":"16.27","alternatives":[{"confidence":"0.9999","content":"결과는"}],"type":"pronunciation"},{"start_time":"16.27","end_time":"16.68","alternatives":[{"confidence":"1.0","content":"보시면"}],"type":"pronunciation"},{"start_time":"16.68","end_time":"16.9","alternatives":[{"confidence":"0.95765","content":"아실"}],"type":"pronunciation"},{"start_time":"16.9","end_time":"17.17","alternatives":[{"confidence":"0.8014","content":"거예요"}],"type":"pronunciation"},{"alternatives":[{"confidence":"0.0","content":"."}],"type":"punctuation"},{"start_time":"17.17","end_time":"17.44","alternatives":[{"confidence":"0.99","content":"지금"}],"type":"pronunciation"},{"start_time":"17.44","end_time":"17.75","alternatives":[{"confidence":"0.9983","content":"어떤"}],"type":"pronunciation"},{"start_time":"17.75","end_time":"18.11","alternatives":[{"confidence":"0.9998","content":"사태가"}],"type":"pronunciation"},{"start_time":"18.11","end_time":"18.29","alternatives":[{"confidence":"0.547","content":"지금"}],"type":"pronunciation"},{"start_time":"18.29","end_time":"18.65","alternatives":[{"confidence":"0.9923","content":"발생을"}],"type":"pronunciation"},{"start_time":"18.65","end_time":"19.05","alternatives":[{"confidence":"0.74775","content":"했냐지금"}],"type":"pronunciation"},{"start_time":"19.24","end_time":"19.76","alternatives":[{"confidence":"0.9972","content":"복잡하게"}],"type":"pronunciation"},{"start_time":"19.76","end_time":"20.12","alternatives":[{"confidence":"0.9231","content":"됐어요"}],"type":"pronunciation"},{"alternatives":[{"confidence":"0.0","content":"."}],"type":"punctuation"},{"start_time":"20.12","end_time":"20.48","alternatives":[{"confidence":"0.9979","content":"지금"}],"type":"pronunciation"},{"start_time":"20.48","end_time":"21.34","alternatives":[{"confidence":"1.0","content":"굉장히"}],"type":"pronunciation"},{"start_time":"21.88","end_time":"22.21","alternatives":[{"confidence":"0.6717","content":"복잡한"}],"type":"pronunciation"},{"start_time":"22.66","end_time":"23.1","alternatives":[{"confidence":"0.63635","content":"경찰서에서"}],"type":"pronunciation"},{"start_time":"23.1","end_time":"23.23","alternatives":[{"confidence":"0.2469","content":"아는"}],"type":"pronunciation"},{"start_time":"23.23","end_time":"23.93","alternatives":[{"confidence":"0.5421500000000001","content":"사실이고요"}],"type":"pronunciation"},{"alternatives":[{"confidence":"0.0","content":"."}],"type":"punctuation"},{"start_time":"24.57","end_time":"24.77","alternatives":[{"confidence":"0.9643","content":"저도"}],"type":"pronunciation"},{"start_time":"24.77","end_time":"25.16","alternatives":[{"confidence":"0.6439","content":"경찰서에"}],"type":"pronunciation"},{"start_time":"25.16","end_time":"25.41","alternatives":[{"confidence":"0.9625","content":"신고를"}],"type":"pronunciation"},{"start_time":"25.41","end_time":"25.65","alternatives":[{"confidence":"0.9985","content":"해서"}],"type":"pronunciation"},{"start_time":"25.65","end_time":"25.91","alternatives":[{"confidence":"0.9989","content":"제가"}],"type":"pronunciation"},{"start_time":"25.91","end_time":"26.2","alternatives":[{"confidence":"0.9002","content":"편지를"}],"type":"pronunciation"},{"start_time":"26.2","end_time":"26.75","alternatives":[{"confidence":"0.9875","content":"했으면"}],"type":"pronunciation"},{"start_time":"26.98","end_time":"27.23","alternatives":[{"confidence":"0.8875","content":"이거는"}],"type":"pronunciation"},{"start_time":"27.23","end_time":"27.48","alternatives":[{"confidence":"0.9935","content":"제가"}],"type":"pronunciation"},{"start_time":"27.48","end_time":"27.68","alternatives":[{"confidence":"0.2729","content":"벌을"}],"type":"pronunciation"},{"start_time":"27.68","end_time":"27.88","alternatives":[{"confidence":"0.9729","content":"받을"}],"type":"pronunciation"},{"start_time":"27.88","end_time":"28.36","alternatives":[{"confidence":"0.9997","content":"거고"}],"type":"pronunciation"},{"start_time":"28.45","end_time":"29.3","alternatives":[{"confidence":"0.3035","content":"그쪽에서"}],"type":"pronunciation"},{"start_time":"29.3","end_time":"29.45","alternatives":[{"confidence":"0.4788","content":"먼저"}],"type":"pronunciation"},{"start_time":"29.45","end_time":"30.02","alternatives":[{"confidence":"0.6233500000000001","content":"받겠죠"}],"type":"pronunciation"},{"alternatives":[{"confidence":"0.0","content":"."}],"type":"punctuation"},{"start_time":"30.05","end_time":"30.32","alternatives":[{"confidence":"0.5727","content":"근데"}],"type":"pronunciation"},{"start_time":"30.32","end_time":"30.61","alternatives":[{"confidence":"0.8504499999999999","content":"이거를"}],"type":"pronunciation"},{"start_time":"30.88","end_time":"31.0","alternatives":[{"confidence":"0.7398","content":"뭐"}],"type":"pronunciation"},{"start_time":"31.01","end_time":"31.38","alternatives":[{"confidence":"0.9806999999999999","content":"그거는"}],"type":"pronunciation"},{"start_time":"31.38","end_time":"31.5","alternatives":[{"confidence":"0.8499","content":"네"}],"type":"pronunciation"},{"alternatives":[{"confidence":"0.0","content":"."}],"type":"punctuation"},{"start_time":"31.5","end_time":"32.19","alternatives":[{"confidence":"0.9928","content":"그렇죠"}],"type":"pronunciation"},{"alternatives":[{"confidence":"0.0","content":"."}],"type":"punctuation"},{"start_time":"32.54","end_time":"32.86","alternatives":[{"confidence":"0.6288","content":"사람이"}],"type":"pronunciation"},{"start_time":"32.95","end_time":"33.18","alternatives":[{"confidence":"0.1684","content":"이런"}],"type":"pronunciation"},{"start_time":"33.18","end_time":"33.73","alternatives":[{"confidence":"0.1684","content":"식으로"}],"type":"pronunciation"},{"start_time":"33.82","end_time":"34.04","alternatives":[{"confidence":"0.4155","content":"먼저"}],"type":"pronunciation"},{"start_time":"34.04","end_time":"34.52","alternatives":[{"confidence":"0.33715","content":"개통만들어"}],"type":"pronunciation"},{"start_time":"34.52","end_time":"35.0","alternatives":[{"confidence":"0.9205","content":"놓고"}],"type":"pronunciation"},{"start_time":"35.95","end_time":"36.17","alternatives":[{"confidence":"0.3318","content":"진짜"}],"type":"pronunciation"},{"start_time":"36.47","end_time":"36.68","alternatives":[{"confidence":"0.9082","content":"이런"}],"type":"pronunciation"},{"start_time":"36.71","end_time":"36.87","alternatives":[{"confidence":"0.3907","content":"얘기가"}],"type":"pronunciation"},{"start_time":"36.87","end_time":"37.31","alternatives":[{"confidence":"0.9985","content":"없네요"}],"type":"pronunciation"},{"alternatives":[{"confidence":"0.0","content":"."}],"type":"punctuation"},{"start_time":"38.65","end_time":"38.9","alternatives":[{"confidence":"0.9974","content":"지금"}],"type":"pronunciation"},{"start_time":"38.9","end_time":"39.13","alternatives":[{"confidence":"0.9259","content":"저는"}],"type":"pronunciation"},{"start_time":"39.13","end_time":"39.36","alternatives":[{"confidence":"0.992","content":"지금"}],"type":"pronunciation"},{"start_time":"39.36","end_time":"39.82","alternatives":[{"confidence":"1.0","content":"납득이"}],"type":"pronunciation"},{"start_time":"39.82","end_time":"39.93","alternatives":[{"confidence":"0.9383","content":"안"}],"type":"pronunciation"},{"start_time":"39.93","end_time":"40.26","alternatives":[{"confidence":"0.9378","content":"됩니다"}],"type":"pronunciation"},{"alternatives":[{"confidence":"0.0","content":"."}],"type":"punctuation"},{"start_time":"40.26","end_time":"40.73","alternatives":[{"confidence":"0.9996499999999999","content":"납득이"}],"type":"pronunciation"},{"start_time":"40.73","end_time":"41.24","alternatives":[{"confidence":"0.8655","content":"지금"}],"type":"pronunciation"},{"start_time":"41.66","end_time":"41.83","alternatives":[{"confidence":"0.6301","content":"어떻게"}],"type":"pronunciation"},{"start_time":"41.83","end_time":"42.22","alternatives":[{"confidence":"0.9844","content":"돌아가는지"}],"type":"pronunciation"},{"start_time":"42.22","end_time":"42.7","alternatives":[{"confidence":"0.9464","content":"모르겠네요"}],"type":"pronunciation"},{"alternatives":[{"confidence":"0.0","content":"."}],"type":"punctuation"},{"start_time":"43.02","end_time":"43.18","alternatives":[{"confidence":"0.6266","content":"지금"}],"type":"pronunciation"},{"start_time":"43.18","end_time":"43.66","alternatives":[{"confidence":"0.98065","content":"고객님이"}],"type":"pronunciation"},{"start_time":"43.66","end_time":"44.0","alternatives":[{"confidence":"1.0","content":"하시는"}],"type":"pronunciation"},{"start_time":"44.0","end_time":"44.56","alternatives":[{"confidence":"0.9984","content":"말씀이"}],"type":"pronunciation"},{"start_time":"44.56","end_time":"44.9","alternatives":[{"confidence":"0.9965","content":"전부"}],"type":"pronunciation"},{"start_time":"44.9","end_time":"45.49","alternatives":[{"confidence":"0.92925","content":"거짓이에요"}],"type":"pronunciation"},{"alternatives":[{"confidence":"0.0","content":"."}],"type":"punctuation"},{"start_time":"45.49","end_time":"46.18","alternatives":[{"confidence":"0.9349","content":"지금"}],"type":"pronunciation"},{"start_time":"46.21","end_time":"46.38","alternatives":[{"confidence":"0.7996","content":"제가"}],"type":"pronunciation"},{"start_time":"46.38","end_time":"46.54","alternatives":[{"confidence":"0.8198","content":"무슨"}],"type":"pronunciation"},{"start_time":"47.56","end_time":"47.76","alternatives":[{"confidence":"0.9977","content":"지금"}],"type":"pronunciation"},{"start_time":"47.76","end_time":"48.13","alternatives":[{"confidence":"0.9726","content":"상황이"}],"type":"pronunciation"},{"start_time":"48.13","end_time":"48.27","alternatives":[{"confidence":"0.99","content":"그"}],"type":"pronunciation"},{"start_time":"48.27","end_time":"48.65","alternatives":[{"confidence":"0.9994","content":"상황이"}],"type":"pronunciation"},{"start_time":"48.65","end_time":"49.04","alternatives":[{"confidence":"0.9206","content":"아닌데"}],"type":"pronunciation"},{"start_time":"49.04","end_time":"49.5","alternatives":[{"confidence":"0.9927","content":"지금"}],"type":"pronunciation"},{"start_time":"49.53","end_time":"49.85","alternatives":[{"confidence":"0.8353","content":"무슨"}],"type":"pronunciation"},{"start_time":"50.52","end_time":"50.7","alternatives":[{"confidence":"0.9267","content":"한번"}],"type":"pronunciation"},{"start_time":"50.7","end_time":"50.97","alternatives":[{"confidence":"0.7506","content":"말씀해"}],"type":"pronunciation"},{"start_time":"50.97","end_time":"51.33","alternatives":[{"confidence":"0.6985","content":"보세요"}],"type":"pronunciation"},{"alternatives":[{"confidence":"0.0","content":"."}],"type":"punctuation"},{"start_time":"52.16","end_time":"52.56","alternatives":[{"confidence":"0.9916","content":"통화를"}],"type":"pronunciation"},{"start_time":"52.56","end_time":"52.81","alternatives":[{"confidence":"0.9754","content":"하신"}],"type":"pronunciation"},{"start_time":"52.81","end_time":"53.01","alternatives":[{"confidence":"0.9995","content":"적이"}],"type":"pronunciation"},{"start_time":"53.01","end_time":"54.33","alternatives":[{"confidence":"0.7821","content":"없으시대요"}],"type":"pronunciation"},{"alternatives":[{"confidence":"0.0","content":"."}],"type":"punctuation"},{"start_time":"55.66","end_time":"55.85","alternatives":[{"confidence":"0.031","content":"네"}],"type":"pronunciation"},{"alternatives":[{"confidence":"0.0","content":"."}],"type":"punctuation"},{"start_time":"55.97","end_time":"56.36","alternatives":[{"confidence":"0.1848","content":"네"}],"type":"pronunciation"},{"alternatives":[{"confidence":"0.0","content":"."}],"type":"punctuation"},{"start_time":"56.61","end_time":"56.8","alternatives":[{"confidence":"0.0971","content":"제가"}],"type":"pronunciation"},{"start_time":"56.8","end_time":"56.98","alternatives":[{"confidence":"0.0168","content":"은행"}],"type":"pronunciation"},{"alternatives":[{"confidence":"0.0","content":","}],"type":"punctuation"},{"start_time":"57.76","end_time":"58.06","alternatives":[{"confidence":"0.1358","content":"은행"}],"type":"pronunciation"},{"alternatives":[{"confidence":"0.0","content":","}],"type":"punctuation"},{"start_time":"58.06","end_time":"58.69","alternatives":[{"confidence":"0.5188000000000001","content":"고객센터에서"}],"type":"pronunciation"},{"start_time":"58.69","end_time":"58.92","alternatives":[{"confidence":"0.9035","content":"직접"}],"type":"pronunciation"},{"start_time":"59.04","end_time":"59.29","alternatives":[{"confidence":"0.87755","content":"하셨기"}],"type":"pronunciation"},{"start_time":"59.29","end_time":"59.74","alternatives":[{"confidence":"0.9791","content":"때문에"}],"type":"pronunciation"},{"start_time":"59.86","end_time":"60.19","alternatives":[{"confidence":"0.3317","content":"은행에서"}],"type":"pronunciation"},{"start_time":"60.19","end_time":"60.31","alternatives":[{"confidence":"0.0275","content":"않아"}],"type":"pronunciation"},{"start_time":"60.31","end_time":"60.82","alternatives":[{"confidence":"0.8211","content":"하겠죠"}],"type":"pronunciation"},{"alternatives":[{"confidence":"0.0","content":"."}],"type":"punctuation"},{"start_time":"62.0","end_time":"62.35","alternatives":[{"confidence":"0.9987","content":"그걸"}],"type":"pronunciation"},{"start_time":"62.52","end_time":"62.79","alternatives":[{"confidence":"0.9857","content":"지금"}],"type":"pronunciation"},{"start_time":"62.8","end_time":"63.18","alternatives":[{"confidence":"0.8664","content":"은행"}],"type":"pronunciation"},{"alternatives":[{"confidence":"0.0","content":","}],"type":"punctuation"},{"start_time":"63.18","end_time":"63.44","alternatives":[{"confidence":"0.6652","content":"은행"}],"type":"pronunciation"},{"start_time":"63.44","end_time":"63.63","alternatives":[{"confidence":"0.9702","content":"지금"}],"type":"pronunciation"},{"start_time":"63.63","end_time":"63.86","alternatives":[{"confidence":"0.8201","content":"어디"}],"type":"pronunciation"},{"start_time":"63.86","end_time":"64.32","alternatives":[{"confidence":"0.74435","content":"통화하셔서"}],"type":"pronunciation"},{"start_time":"64.32","end_time":"64.58","alternatives":[{"confidence":"0.8223","content":"하신"}],"type":"pronunciation"},{"start_time":"64.58","end_time":"64.86","alternatives":[{"confidence":"0.9473","content":"거예요"}],"type":"pronunciation"},{"alternatives":[{"confidence":"0.0","content":"."}],"type":"punctuation"},{"start_time":"64.86","end_time":"66.38","alternatives":[{"confidence":"0.8098000000000001","content":"은행고객님은행이에요"}],"type":"pronunciation"},{"start_time":"66.38","end_time":"66.86","alternatives":[{"confidence":"0.89645","content":"아니면은"}],"type":"pronunciation"},{"start_time":"66.86","end_time":"67.37","alternatives":[{"confidence":"0.7225","content":"저기"}],"type":"pronunciation"},{"start_time":"67.44","end_time":"68.33","alternatives":[{"confidence":"0.8197333333333333","content":"반대쪽은행이요"}],"type":"pronunciation"},{"start_time":"68.72","end_time":"69.17","alternatives":[{"confidence":"0.83735","content":"입금하신"}],"type":"pronunciation"},{"start_time":"69.17","end_time":"69.3","alternatives":[{"confidence":"0.6626","content":"쪽"}],"type":"pronunciation"},{"start_time":"69.31","end_time":"69.68","alternatives":[{"confidence":"0.16605","content":"은행이에요"}],"type":"pronunciation"},{"start_time":"70.6","end_time":"71.07","alternatives":[{"confidence":"0.9999","content":"번호가"}],"type":"pronunciation"},{"start_time":"71.74","end_time":"72.34","alternatives":[{"confidence":"0.8666499999999999","content":"입금하신"}],"type":"pronunciation"},{"start_time":"72.45","end_time":"72.68","alternatives":[{"confidence":"0.4783","content":"본"}],"type":"pronunciation"},{"start_time":"72.74","end_time":"73.66","alternatives":[{"confidence":"0.7101","content":"본"}],"type":"pronunciation"},{"start_time":"73.72","end_time":"74.01","alternatives":[{"confidence":"0.7083","content":"본"}],"type":"pronunciation"},{"start_time":"74.01","end_time":"74.25","alternatives":[{"confidence":"0.9132","content":"센터"}],"type":"pronunciation"},{"start_time":"74.25","end_time":"74.68","alternatives":[{"confidence":"0.70235","content":"콜센터에"}],"type":"pronunciation"},{"start_time":"74.68","end_time":"75.0","alternatives":[{"confidence":"0.7659","content":"전화온"}],"type":"pronunciation"},{"start_time":"75.0","end_time":"75.39","alternatives":[{"confidence":"0.8731","content":"거예요"}],"type":"pronunciation"},{"alternatives":[{"confidence":"0.0","content":"."}],"type":"punctuation"},{"start_time":"76.17","end_time":"76.55","alternatives":[{"confidence":"0.9986","content":"그렇죠"}],"type":"pronunciation"},{"alternatives":[{"confidence":"0.0","content":"."}],"type":"punctuation"},{"start_time":"80.96","end_time":"81.26","alternatives":[{"confidence":"0.5516","content":"있었으면"}],"type":"pronunciation"},{"start_time":"81.26","end_time":"81.4","alternatives":[{"confidence":"0.9933","content":"어쩔"}],"type":"pronunciation"},{"start_time":"81.4","end_time":"81.47","alternatives":[{"confidence":"0.9984","content":"수"}],"type":"pronunciation"},{"start_time":"81.47","end_time":"81.96","alternatives":[{"confidence":"0.9997","content":"없고요"}],"type":"pronunciation"},{"alternatives":[{"confidence":"0.0","content":"."}],"type":"punctuation"},{"start_time":"82.09","end_time":"82.31","alternatives":[{"confidence":"0.9993","content":"저도"}],"type":"pronunciation"},{"start_time":"82.31","end_time":"82.59","alternatives":[{"confidence":"0.9874","content":"어쨌든"}],"type":"pronunciation"},{"start_time":"82.59","end_time":"82.81","alternatives":[{"confidence":"0.888","content":"지금"}],"type":"pronunciation"},{"start_time":"82.81","end_time":"83.13","alternatives":[{"confidence":"0.9894","content":"너무나"}],"type":"pronunciation"},{"start_time":"83.13","end_time":"83.43","alternatives":[{"confidence":"0.1599","content":"상당한"}],"type":"pronunciation"},{"start_time":"83.62","end_time":"83.75","alternatives":[{"confidence":"0.9757","content":"제가"}],"type":"pronunciation"},{"start_time":"83.75","end_time":"83.9","alternatives":[{"confidence":"0.9898","content":"지금"}],"type":"pronunciation"},{"start_time":"83.9","end_time":"84.28","alternatives":[{"confidence":"0.99795","content":"범죄자로"}],"type":"pronunciation"},{"start_time":"84.28","end_time":"84.52","alternatives":[{"confidence":"0.9988","content":"신고가"}],"type":"pronunciation"},{"start_time":"84.52","end_time":"84.62","alternatives":[{"confidence":"0.9135","content":"되어"}],"type":"pronunciation"},{"start_time":"84.62","end_time":"84.77","alternatives":[{"confidence":"0.9841","content":"있는"}],"type":"pronunciation"},{"start_time":"84.77","end_time":"85.33","alternatives":[{"confidence":"0.9984500000000001","content":"부분이고"}],"type":"pronunciation"},{"start_time":"85.49","end_time":"85.82","alternatives":[{"confidence":"0.9634","content":"어쨌든"}],"type":"pronunciation"},{"start_time":"85.82","end_time":"86.01","alternatives":[{"confidence":"0.7797","content":"저는"}],"type":"pronunciation"},{"start_time":"86.25","end_time":"86.6","alternatives":[{"confidence":"0.9442","content":"님을"}],"type":"pronunciation"},{"start_time":"86.69","end_time":"86.94","alternatives":[{"confidence":"0.536","content":"통합"}],"type":"pronunciation"},{"start_time":"86.94","end_time":"87.45","alternatives":[{"confidence":"0.9989","content":"했고요"}],"type":"pronunciation"},{"alternatives":[{"confidence":"0.0","content":"."}],"type":"punctuation"},{"start_time":"87.54","end_time":"87.67","alternatives":[{"confidence":"0.9287","content":"이"}],"type":"pronunciation"},{"start_time":"87.67","end_time":"87.85","alternatives":[{"confidence":"0.5144","content":"돈을"}],"type":"pronunciation"},{"start_time":"87.85","end_time":"88.19","alternatives":[{"confidence":"0.97995","content":"돌려드릴"}],"type":"pronunciation"},{"start_time":"88.19","end_time":"88.31","alternatives":[{"confidence":"0.9253","content":"수가"}],"type":"pronunciation"},{"start_time":"88.31","end_time":"88.68","alternatives":[{"confidence":"0.9992","content":"없고"}],"type":"pronunciation"},{"start_time":"88.94","end_time":"89.44","alternatives":[{"confidence":"0.9874","content":"경찰서를"}],"type":"pronunciation"},{"start_time":"89.44","end_time":"89.66","alternatives":[{"confidence":"0.9876","content":"통해서"}],"type":"pronunciation"},{"start_time":"89.66","end_time":"89.82","alternatives":[{"confidence":"0.4702","content":"돌려"}],"type":"pronunciation"},{"start_time":"89.82","end_time":"90.38","alternatives":[{"confidence":"0.7685","content":"드릴테니까"}],"type":"pronunciation"},{"start_time":"90.38","end_time":"90.62","alternatives":[{"confidence":"0.9995","content":"그렇게"}],"type":"pronunciation"},{"start_time":"90.62","end_time":"90.78","alternatives":[{"confidence":"0.9066","content":"알고"}],"type":"pronunciation"},{"start_time":"90.78","end_time":"91.13","alternatives":[{"confidence":"1.0","content":"계세요"}],"type":"pronunciation"},{"alternatives":[{"confidence":"0.0","content":"."}],"type":"punctuation"},{"start_time":"91.22","end_time":"91.45","alternatives":[{"confidence":"0.998","content":"그리고"}],"type":"pronunciation"},{"start_time":"91.45","end_time":"91.74","alternatives":[{"confidence":"0.9774","content":"지금까지"}],"type":"pronunciation"},{"start_time":"91.74","end_time":"92.0","alternatives":[{"confidence":"0.7637","content":"통하는"}],"type":"pronunciation"},{"start_time":"92.0","end_time":"92.19","alternatives":[{"confidence":"0.9179","content":"모든"}],"type":"pronunciation"},{"start_time":"92.19","end_time":"92.44","alternatives":[{"confidence":"0.9951","content":"녹취가"}],"type":"pronunciation"},{"start_time":"92.44","end_time":"92.57","alternatives":[{"confidence":"0.6908","content":"되어"}],"type":"pronunciation"},{"start_time":"92.57","end_time":"92.73","alternatives":[{"confidence":"0.9985","content":"있기"}],"type":"pronunciation"},{"start_time":"92.73","end_time":"93.21","alternatives":[{"confidence":"0.9988","content":"때문에"}],"type":"pronunciation"},{"start_time":"93.33","end_time":"93.81","alternatives":[{"confidence":"0.9752000000000001","content":"그쪽에서도"}],"type":"pronunciation"},{"start_time":"94.08","end_time":"94.28","alternatives":[{"confidence":"0.2795","content":"저를"}],"type":"pronunciation"},{"start_time":"94.28","end_time":"94.83","alternatives":[{"confidence":"0.74135","content":"신고했으면"}],"type":"pronunciation"},{"start_time":"94.83","end_time":"94.98","alternatives":[{"confidence":"0.9849","content":"저도"}],"type":"pronunciation"},{"start_time":"94.98","end_time":"95.26","alternatives":[{"confidence":"0.8588","content":"그쪽으로"}],"type":"pronunciation"},{"start_time":"95.26","end_time":"95.53","alternatives":[{"confidence":"0.9999","content":"신고를"}],"type":"pronunciation"},{"start_time":"95.53","end_time":"95.73","alternatives":[{"confidence":"0.9611","content":"할"}],"type":"pronunciation"},{"start_time":"95.73","end_time":"96.17","alternatives":[{"confidence":"0.7848","content":"거예요"}],"type":"pronunciation"},{"alternatives":[{"confidence":"0.0","content":"."}],"type":"punctuation"},{"start_time":"96.47","end_time":"96.68","alternatives":[{"confidence":"0.8897","content":"알고"}],"type":"pronunciation"},{"start_time":"96.68","end_time":"97.08","alternatives":[{"confidence":"1.0","content":"계세요"}],"type":"pronunciation"},{"alternatives":[{"confidence":"0.0","content":"."}],"type":"punctuation"},{"start_time":"97.57","end_time":"97.93","alternatives":[{"confidence":"0.9991","content":"사람은"}],"type":"pronunciation"},{"start_time":"97.93","end_time":"98.44","alternatives":[{"confidence":"0.5345333333333333","content":"정신지급에도"}],"type":"pronunciation"},{"start_time":"98.44","end_time":"98.66","alternatives":[{"confidence":"0.7401","content":"이런"}],"type":"pronunciation"},{"start_time":"100.68","end_time":"101.47","alternatives":[{"confidence":"0.9727","content":"고객님지금"}],"type":"pronunciation"},{"start_time":"101.47","end_time":"101.92","alternatives":[{"confidence":"0.96765","content":"요구하시는"}],"type":"pronunciation"},{"start_time":"101.92","end_time":"102.14","alternatives":[{"confidence":"0.9984","content":"것도"}],"type":"pronunciation"},{"start_time":"102.14","end_time":"102.31","alternatives":[{"confidence":"0.9839","content":"다"}],"type":"pronunciation"},{"start_time":"102.31","end_time":"102.86","alternatives":[{"confidence":"0.89825","content":"녹음저희도"}],"type":"pronunciation"},{"start_time":"102.86","end_time":"103.05","alternatives":[{"confidence":"0.9525","content":"하고"}],"type":"pronunciation"},{"start_time":"103.05","end_time":"103.37","alternatives":[{"confidence":"0.6239","content":"있어요"}],"type":"pronunciation"},{"alternatives":[{"confidence":"0.0","content":"."}],"type":"punctuation"},{"start_time":"104.12","end_time":"104.39","alternatives":[{"confidence":"0.0406","content":"하세요"}],"type":"pronunciation"},{"alternatives":[{"confidence":"0.0","content":"."}],"type":"punctuation"},{"start_time":"104.39","end_time":"104.82","alternatives":[{"confidence":"0.1053","content":"하세요"}],"type":"pronunciation"},{"alternatives":[{"confidence":"0.0","content":"."}],"type":"punctuation"},{"start_time":"105.19","end_time":"105.43","alternatives":[{"confidence":"0.011","content":"네"}],"type":"pronunciation"},{"alternatives":[{"confidence":"0.0","content":"."}],"type":"punctuation"},{"start_time":"105.49","end_time":"105.62","alternatives":[{"confidence":"0.0135","content":"네"}],"type":"pronunciation"},{"alternatives":[{"confidence":"0.0","content":"."}],"type":"punctuation"},{"start_time":"108.05","end_time":"108.36","alternatives":[{"confidence":"0.7598","content":"말씀"}],"type":"pronunciation"},{"start_time":"108.36","end_time":"108.84","alternatives":[{"confidence":"1.0","content":"있으세요"}],"type":"pronunciation"},{"alternatives":[{"confidence":"0.0","content":"?"}],"type":"punctuation"},{"start_time":"109.02","end_time":"109.23","alternatives":[{"confidence":"0.9961","content":"저는"}],"type":"pronunciation"},{"start_time":"109.23","end_time":"109.64","alternatives":[{"confidence":"0.8711","content":"그리고"}],"type":"pronunciation"},{"start_time":"112.03","end_time":"112.2","alternatives":[{"confidence":"0.1345","content":"저는"}],"type":"pronunciation"},{"start_time":"112.2","end_time":"112.41","alternatives":[{"confidence":"0.9345","content":"은행을"}],"type":"pronunciation"},{"start_time":"112.41","end_time":"112.56","alternatives":[{"confidence":"0.8617","content":"통해"}],"type":"pronunciation"},{"start_time":"112.61","end_time":"113.03","alternatives":[{"confidence":"0.7405","content":"공식적으로"}],"type":"pronunciation"},{"start_time":"113.03","end_time":"113.39","alternatives":[{"confidence":"0.5095","content":"확인하는"}],"type":"pronunciation"},{"start_time":"113.39","end_time":"113.63","alternatives":[{"confidence":"0.8131","content":"부분이기"}],"type":"pronunciation"},{"start_time":"113.63","end_time":"114.06","alternatives":[{"confidence":"0.9989","content":"때문에"}],"type":"pronunciation"},{"start_time":"114.12","end_time":"114.52","alternatives":[{"confidence":"0.9753","content":"은행을"}],"type":"pronunciation"},{"start_time":"114.52","end_time":"114.84","alternatives":[{"confidence":"0.9684","content":"통해서"}],"type":"pronunciation"},{"start_time":"114.84","end_time":"114.95","alternatives":[{"confidence":"0.7157","content":"더"}],"type":"pronunciation"},{"start_time":"114.95","end_time":"115.1","alternatives":[{"confidence":"0.7165","content":"이상"}],"type":"pronunciation"},{"start_time":"115.1","end_time":"115.3","alternatives":[{"confidence":"0.9811","content":"이렇게"}],"type":"pronunciation"},{"start_time":"115.3","end_time":"115.52","alternatives":[{"confidence":"0.9353","content":"처리가"}],"type":"pronunciation"},{"start_time":"115.52","end_time":"115.59","alternatives":[{"confidence":"0.9046","content":"안"}],"type":"pronunciation"},{"start_time":"115.59","end_time":"115.8","alternatives":[{"confidence":"0.9149","content":"된다고"}],"type":"pronunciation"},{"start_time":"115.8","end_time":"116.32","alternatives":[{"confidence":"0.9957","content":"하면"}],"type":"pronunciation"},{"start_time":"116.44","end_time":"116.64","alternatives":[{"confidence":"0.9938","content":"저는"}],"type":"pronunciation"},{"start_time":"116.64","end_time":"116.94","alternatives":[{"confidence":"0.3297","content":"경찰의"}],"type":"pronunciation"},{"start_time":"116.94","end_time":"117.15","alternatives":[{"confidence":"0.1223","content":"통해서"}],"type":"pronunciation"},{"start_time":"117.15","end_time":"117.37","alternatives":[{"confidence":"0.106","content":"처리할"}],"type":"pronunciation"},{"start_time":"117.37","end_time":"117.66","alternatives":[{"confidence":"0.60925","content":"거고요"}],"type":"pronunciation"},{"alternatives":[{"confidence":"0.0","content":"."}],"type":"punctuation"},{"start_time":"117.66","end_time":"117.76","alternatives":[{"confidence":"0.3348","content":"그"}],"type":"pronunciation"},{"start_time":"117.76","end_time":"118.02","alternatives":[{"confidence":"0.232","content":"중에서도"}],"type":"pronunciation"},{"start_time":"118.02","end_time":"118.19","alternatives":[{"confidence":"0.0682","content":"저희"}],"type":"pronunciation"},{"start_time":"118.85","end_time":"119.21","alternatives":[{"confidence":"0.9931","content":"저희가"}],"type":"pronunciation"},{"start_time":"119.21","end_time":"119.69","alternatives":[{"confidence":"0.3039","content":"신고했던"}],"type":"pronunciation"},{"start_time":"120.36","end_time":"120.58","alternatives":[{"confidence":"0.819","content":"친구가"}],"type":"pronunciation"},{"start_time":"120.58","end_time":"121.17","alternatives":[{"confidence":"0.8546333333333332","content":"되어있더라고요"}],"type":"pronunciation"},{"start_time":"121.54","end_time":"121.8","alternatives":[{"confidence":"0.9598","content":"지금"}],"type":"pronunciation"},{"start_time":"121.8","end_time":"122.14","alternatives":[{"confidence":"0.94825","content":"신고가"}],"type":"pronunciation"},{"start_time":"122.32","end_time":"122.77","alternatives":[{"confidence":"0.48250000000000004","content":"있다니까"}],"type":"pronunciation"},{"start_time":"123.68","end_time":"123.8","alternatives":[{"confidence":"0.2005","content":"으로"}],"type":"pronunciation"},{"start_time":"123.8","end_time":"124.02","alternatives":[{"confidence":"0.8390500000000001","content":"신고가"}],"type":"pronunciation"},{"start_time":"124.02","end_time":"124.11","alternatives":[{"confidence":"0.4609","content":"되어"}],"type":"pronunciation"},{"start_time":"124.11","end_time":"124.68","alternatives":[{"confidence":"0.97985","content":"있더라고요"}],"type":"pronunciation"},{"alternatives":[{"confidence":"0.0","content":"."}],"type":"punctuation"},{"start_time":"125.15","end_time":"125.58","alternatives":[{"confidence":"0.9956","content":"저희가"}],"type":"pronunciation"},{"start_time":"126.27","end_time":"126.42","alternatives":[{"confidence":"0.572","content":"지금"}],"type":"pronunciation"},{"start_time":"126.42","end_time":"126.72","alternatives":[{"confidence":"0.7654","content":"당한"}],"type":"pronunciation"},{"start_time":"126.72","end_time":"127.15","alternatives":[{"confidence":"0.2615","content":"거라구요"}],"type":"pronunciation"},{"alternatives":[{"confidence":"0.0","content":"."}],"type":"punctuation"},{"start_time":"127.15","end_time":"127.93","alternatives":[{"confidence":"1.0","content":"저희가"}],"type":"pronunciation"},{"start_time":"129.92","end_time":"130.18","alternatives":[{"confidence":"0.4241","content":"제가"}],"type":"pronunciation"},{"start_time":"130.53","end_time":"130.78","alternatives":[{"confidence":"0.994","content":"지금"}],"type":"pronunciation"},{"start_time":"130.81","end_time":"131.01","alternatives":[{"confidence":"0.2572","content":"이렇게"}],"type":"pronunciation"},{"start_time":"131.01","end_time":"131.33","alternatives":[{"confidence":"0.9833","content":"비싼"}],"type":"pronunciation"},{"start_time":"131.33","end_time":"131.46","alternatives":[{"confidence":"0.999","content":"밥"}],"type":"pronunciation"},{"start_time":"131.46","end_time":"131.68","alternatives":[{"confidence":"0.9941","content":"먹고"}],"type":"pronunciation"},{"start_time":"131.68","end_time":"131.89","alternatives":[{"confidence":"0.9795","content":"지금"}],"type":"pronunciation"},{"start_time":"131.89","end_time":"132.31","alternatives":[{"confidence":"0.6889","content":"장난을"}],"type":"pronunciation"},{"start_time":"132.31","end_time":"132.97","alternatives":[{"confidence":"0.6949500000000001","content":"외치겠습니까"}],"type":"pronunciation"},{"alternatives":[{"confidence":"0.0","content":"."}],"type":"punctuation"},{"start_time":"132.97","end_time":"133.25","alternatives":[{"confidence":"0.979","content":"지금"}],"type":"pronunciation"},{"alternatives":[{"confidence":"0.0","content":"."}],"type":"punctuation"},{"start_time":"133.42","end_time":"133.83","alternatives":[{"confidence":"0.9987","content":"그러게요"}],"type":"pronunciation"},{"alternatives":[{"confidence":"0.0","content":"."}],"type":"punctuation"},{"start_time":"133.83","end_time":"134.03","alternatives":[{"confidence":"0.5224","content":"그래서"}],"type":"pronunciation"},{"start_time":"134.03","end_time":"134.16","alternatives":[{"confidence":"0.9591","content":"제가"}],"type":"pronunciation"},{"start_time":"134.16","end_time":"134.5","alternatives":[{"confidence":"0.57515","content":"정당하게"}],"type":"pronunciation"},{"start_time":"134.86","end_time":"135.06","alternatives":[{"confidence":"0.9384","content":"요청을"}],"type":"pronunciation"},{"start_time":"135.06","end_time":"135.37","alternatives":[{"confidence":"0.944","content":"했는데도"}],"type":"pronunciation"},{"start_time":"135.37","end_time":"135.58","alternatives":[{"confidence":"0.9598","content":"지금"}],"type":"pronunciation"},{"start_time":"135.7","end_time":"135.9","alternatives":[{"confidence":"0.978","content":"그렇게"}],"type":"pronunciation"},{"start_time":"135.9","end_time":"136.36","alternatives":[{"confidence":"0.9993","content":"한다면"}],"type":"pronunciation"},{"start_time":"136.51","end_time":"136.69","alternatives":[{"confidence":"0.5385","content":"저는"}],"type":"pronunciation"},{"start_time":"136.69","end_time":"137.12","alternatives":[{"confidence":"0.283325","content":"무고죄로도"}],"type":"pronunciation"},{"start_time":"137.12","end_time":"137.37","alternatives":[{"confidence":"0.9998","content":"신고를"}],"type":"pronunciation"},{"start_time":"137.37","end_time":"137.46","alternatives":[{"confidence":"0.9287","content":"할"}],"type":"pronunciation"},{"start_time":"137.46","end_time":"137.94","alternatives":[{"confidence":"0.7457","content":"거에요"}],"type":"pronunciation"},{"alternatives":[{"confidence":"0.0","content":"."}],"type":"punctuation"},{"start_time":"138.0","end_time":"138.24","alternatives":[{"confidence":"0.9992","content":"그렇게"}],"type":"pronunciation"},{"start_time":"138.24","end_time":"138.4","alternatives":[{"confidence":"0.9858","content":"알고"}],"type":"pronunciation"},{"start_time":"138.4","end_time":"138.87","alternatives":[{"confidence":"0.994","content":"계시고"}],"type":"pronunciation"},{"start_time":"138.96","end_time":"139.27","alternatives":[{"confidence":"0.9903","content":"나중에"}],"type":"pronunciation"},{"start_time":"139.27","end_time":"139.92","alternatives":[{"confidence":"0.58575","content":"통할게요"}],"type":"pronunciation"},{"alternatives":[{"confidence":"0.0","content":"."}],"type":"punctuation"}]},"status":"COMPLETED"}