{"jobName":"transcribe_loan103","accountId":"097989105209","results":{"transcripts":[{"transcript":"그 아까 좀 전에 전해 드렸는데 담당자가 모른다고 말씀 드리면서 했던 사람이거든요. 네. 잠시만요. 주민번호 확인 부탁 드리겠습니다. 혹시 공 철 팀장님 앞으로 지금 접수되는 걸 나오는데 바로 연결해드릴까요 공처료. 공 철 팀장님 네. 잠시만요. 네. 감사합니다. 네. 아까 저기 심사 결과 하신다고 했는데 잠시만요. 잠깐 말씀해주세요. 잠시만요. 그 저기 뭐야, 제가 궁금한 게 일단 바꿔들은 부분에 대해서 얘기를 하셨잖아요. 그래서 바꿔들은 논의하는데 제가 찾아보니까 고금리를 사용하는 사람한테 한해서 이렇게 된다고 알고 있는데 이렇게 캐피탈에서 으로 넘어가는데 그게 가능한가요? 일단 캐피탈권에서 몇 프로급 이상 하세요. 이거는 제가 같은 경우는 이 국민행복기금에서 고객님한테 이제 보증을 서서 저금리로 가능 하신거잖아요. 그렇기 때문에 일단 이십 프로 이상 사용하시는 금 상품이 있으시면 그 부분을 저금리로 해서 팔 프로에서 십이 프로 금리로 해서 갈아타시는 상품 이세요 십사점육 프로예요 십팔 프로에요 아이고, 최대 최저 십 이십 프로 이상 사용하시는 한해서 하실 수가 있으세요? 그런거 물어보지도 않으셔서. 그래서 저는 개인적으로 말씀드리려 했는데 가지고 한 번도 전화 드린거거든요 확인 차 잘하신 거예요. 그런데 죄송한데요, 아직까지 현재 결과가 안 나왔어요. 아까 말씀을 드렸는데 빠르면 이십 분, 길면 한 시간 정도 소요가 될 거라고 거기가 그러면 없네요. 영점이에요 검색하시면 나오시는데 만나서 너무 본사대표부를 확인 안 되세요. 그리고 지점이 번호는 저희 심사부 번호 세요. 제가 아까 인사드릴 때 심사부 라고 안내인사먼저. 드렸어요. 그러면 제가 전화를 해서 요즘 이런 하기가 많으니까 제가 사실 불안해가지고. 그런데 지금 여부를 확인상관없을까요 확인해 주시고요. 네, 알겠습니다. 다시 한번만 공 철입니다 영등포지점이라고 하셨죠. 네, 알겠습니다."}],"items":[{"start_time":"0.06","end_time":"0.18","alternatives":[{"confidence":"0.4463","content":"그"}],"type":"pronunciation"},{"start_time":"0.18","end_time":"0.39","alternatives":[{"confidence":"0.9941","content":"아까"}],"type":"pronunciation"},{"start_time":"0.39","end_time":"0.5","alternatives":[{"confidence":"0.9629","content":"좀"}],"type":"pronunciation"},{"start_time":"0.5","end_time":"0.63","alternatives":[{"confidence":"0.9996","content":"전에"}],"type":"pronunciation"},{"start_time":"0.63","end_time":"0.78","alternatives":[{"confidence":"0.4398","content":"전해"}],"type":"pronunciation"},{"start_time":"0.78","end_time":"1.77","alternatives":[{"confidence":"0.5553","content":"드렸는데"}],"type":"pronunciation"},{"start_time":"1.98","end_time":"2.37","alternatives":[{"confidence":"0.251","content":"담당자가"}],"type":"pronunciation"},{"start_time":"2.37","end_time":"2.72","alternatives":[{"confidence":"0.9998","content":"모른다고"}],"type":"pronunciation"},{"start_time":"2.75","end_time":"3.05","alternatives":[{"confidence":"0.7501","content":"말씀"}],"type":"pronunciation"},{"start_time":"3.05","end_time":"3.33","alternatives":[{"confidence":"0.8732","content":"드리면서"}],"type":"pronunciation"},{"start_time":"3.33","end_time":"3.72","alternatives":[{"confidence":"0.9898","content":"했던"}],"type":"pronunciation"},{"start_time":"4.02","end_time":"4.76","alternatives":[{"confidence":"0.8829","content":"사람이거든요"}],"type":"pronunciation"},{"alternatives":[{"confidence":"0.0","content":"."}],"type":"punctuation"},{"start_time":"8.33","end_time":"8.99","alternatives":[{"confidence":"0.994","content":"네"}],"type":"pronunciation"},{"alternatives":[{"confidence":"0.0","content":"."}],"type":"punctuation"},{"start_time":"9.11","end_time":"9.69","alternatives":[{"confidence":"1.0","content":"잠시만요"}],"type":"pronunciation"},{"alternatives":[{"confidence":"0.0","content":"."}],"type":"punctuation"},{"start_time":"9.75","end_time":"10.27","alternatives":[{"confidence":"0.767","content":"주민번호"}],"type":"pronunciation"},{"start_time":"10.63","end_time":"10.83","alternatives":[{"confidence":"0.3647","content":"확인"}],"type":"pronunciation"},{"start_time":"10.83","end_time":"11.05","alternatives":[{"confidence":"0.2959","content":"부탁"}],"type":"pronunciation"},{"start_time":"11.05","end_time":"11.66","alternatives":[{"confidence":"1.0","content":"드리겠습니다"}],"type":"pronunciation"},{"alternatives":[{"confidence":"0.0","content":"."}],"type":"punctuation"},{"start_time":"14.34","end_time":"15.2","alternatives":[{"confidence":"1.0","content":"혹시"}],"type":"pronunciation"},{"start_time":"15.34","end_time":"15.69","alternatives":[{"confidence":"0.5803","content":"공"}],"type":"pronunciation"},{"start_time":"15.69","end_time":"16.01","alternatives":[{"confidence":"0.6175","content":"철"}],"type":"pronunciation"},{"start_time":"16.01","end_time":"16.76","alternatives":[{"confidence":"0.99505","content":"팀장님"}],"type":"pronunciation"},{"start_time":"16.76","end_time":"17.0","alternatives":[{"confidence":"0.9962","content":"앞으로"}],"type":"pronunciation"},{"start_time":"17.0","end_time":"17.17","alternatives":[{"confidence":"0.9","content":"지금"}],"type":"pronunciation"},{"start_time":"17.17","end_time":"17.66","alternatives":[{"confidence":"0.96355","content":"접수되는"}],"type":"pronunciation"},{"start_time":"17.66","end_time":"17.79","alternatives":[{"confidence":"0.8989","content":"걸"}],"type":"pronunciation"},{"start_time":"17.79","end_time":"18.31","alternatives":[{"confidence":"0.9994","content":"나오는데"}],"type":"pronunciation"},{"start_time":"18.63","end_time":"18.85","alternatives":[{"confidence":"0.9928","content":"바로"}],"type":"pronunciation"},{"start_time":"18.85","end_time":"19.58","alternatives":[{"confidence":"0.898","content":"연결해드릴까요"}],"type":"pronunciation"},{"start_time":"24.36","end_time":"25.31","alternatives":[{"confidence":"0.4991666666666667","content":"공처료"}],"type":"pronunciation"},{"alternatives":[{"confidence":"0.0","content":"."}],"type":"punctuation"},{"start_time":"25.37","end_time":"25.59","alternatives":[{"confidence":"0.4554","content":"공"}],"type":"pronunciation"},{"start_time":"25.59","end_time":"25.75","alternatives":[{"confidence":"0.5157","content":"철"}],"type":"pronunciation"},{"start_time":"25.75","end_time":"26.3","alternatives":[{"confidence":"0.7666999999999999","content":"팀장님"}],"type":"pronunciation"},{"start_time":"27.69","end_time":"28.08","alternatives":[{"confidence":"0.7661","content":"네"}],"type":"pronunciation"},{"alternatives":[{"confidence":"0.0","content":"."}],"type":"punctuation"},{"start_time":"28.08","end_time":"29.31","alternatives":[{"confidence":"1.0","content":"잠시만요"}],"type":"pronunciation"},{"alternatives":[{"confidence":"0.0","content":"."}],"type":"punctuation"},{"start_time":"31.88","end_time":"32.04","alternatives":[{"confidence":"0.9685","content":"네"}],"type":"pronunciation"},{"alternatives":[{"confidence":"0.0","content":"."}],"type":"punctuation"},{"start_time":"32.04","end_time":"32.61","alternatives":[{"confidence":"1.0","content":"감사합니다"}],"type":"pronunciation"},{"alternatives":[{"confidence":"0.0","content":"."}],"type":"punctuation"},{"start_time":"32.93","end_time":"33.07","alternatives":[{"confidence":"0.0189","content":"네"}],"type":"pronunciation"},{"alternatives":[{"confidence":"0.0","content":"."}],"type":"punctuation"},{"start_time":"33.66","end_time":"33.83","alternatives":[{"confidence":"0.5227","content":"아까"}],"type":"pronunciation"},{"start_time":"33.83","end_time":"34.09","alternatives":[{"confidence":"0.3215","content":"저기"}],"type":"pronunciation"},{"start_time":"34.43","end_time":"35.06","alternatives":[{"confidence":"0.4164","content":"심사"}],"type":"pronunciation"},{"start_time":"35.56","end_time":"35.79","alternatives":[{"confidence":"0.0071","content":"결과"}],"type":"pronunciation"},{"start_time":"36.16","end_time":"36.48","alternatives":[{"confidence":"0.94245","content":"하신다고"}],"type":"pronunciation"},{"start_time":"36.48","end_time":"37.1","alternatives":[{"confidence":"0.9095","content":"했는데"}],"type":"pronunciation"},{"start_time":"37.61","end_time":"38.14","alternatives":[{"confidence":"0.9597","content":"잠시만요"}],"type":"pronunciation"},{"alternatives":[{"confidence":"0.0","content":"."}],"type":"punctuation"},{"start_time":"38.44","end_time":"38.62","alternatives":[{"confidence":"0.2334","content":"잠깐"}],"type":"pronunciation"},{"start_time":"38.62","end_time":"39.46","alternatives":[{"confidence":"0.24215","content":"말씀해주세요"}],"type":"pronunciation"},{"alternatives":[{"confidence":"0.0","content":"."}],"type":"punctuation"},{"start_time":"42.7","end_time":"43.54","alternatives":[{"confidence":"1.0","content":"잠시만요"}],"type":"pronunciation"},{"alternatives":[{"confidence":"0.0","content":"."}],"type":"punctuation"},{"start_time":"47.88","end_time":"48.15","alternatives":[{"confidence":"0.9892","content":"그"}],"type":"pronunciation"},{"start_time":"48.15","end_time":"48.5","alternatives":[{"confidence":"0.9984","content":"저기"}],"type":"pronunciation"},{"start_time":"48.5","end_time":"48.97","alternatives":[{"confidence":"1.0","content":"뭐야"}],"type":"pronunciation"},{"alternatives":[{"confidence":"0.0","content":","}],"type":"punctuation"},{"start_time":"49.14","end_time":"49.29","alternatives":[{"confidence":"0.9996","content":"제가"}],"type":"pronunciation"},{"start_time":"49.29","end_time":"49.58","alternatives":[{"confidence":"0.6926","content":"궁금한"}],"type":"pronunciation"},{"start_time":"49.58","end_time":"50.02","alternatives":[{"confidence":"0.9903","content":"게"}],"type":"pronunciation"},{"start_time":"50.29","end_time":"50.55","alternatives":[{"confidence":"1.0","content":"일단"}],"type":"pronunciation"},{"start_time":"50.55","end_time":"50.92","alternatives":[{"confidence":"0.7059500000000001","content":"바꿔들은"}],"type":"pronunciation"},{"start_time":"50.92","end_time":"51.37","alternatives":[{"confidence":"0.7441","content":"부분에"}],"type":"pronunciation"},{"start_time":"51.37","end_time":"51.64","alternatives":[{"confidence":"0.9993","content":"대해서"}],"type":"pronunciation"},{"start_time":"51.64","end_time":"51.88","alternatives":[{"confidence":"0.9462","content":"얘기를"}],"type":"pronunciation"},{"start_time":"51.88","end_time":"52.8","alternatives":[{"confidence":"0.9962","content":"하셨잖아요"}],"type":"pronunciation"},{"alternatives":[{"confidence":"0.0","content":"."}],"type":"punctuation"},{"start_time":"53.36","end_time":"53.62","alternatives":[{"confidence":"0.9335","content":"그래서"}],"type":"pronunciation"},{"start_time":"53.62","end_time":"53.95","alternatives":[{"confidence":"0.6003000000000001","content":"바꿔들은"}],"type":"pronunciation"},{"start_time":"53.95","end_time":"54.33","alternatives":[{"confidence":"0.53915","content":"논의하는데"}],"type":"pronunciation"},{"start_time":"54.33","end_time":"54.51","alternatives":[{"confidence":"0.9992","content":"제가"}],"type":"pronunciation"},{"start_time":"54.51","end_time":"55.47","alternatives":[{"confidence":"0.9877499999999999","content":"찾아보니까"}],"type":"pronunciation"},{"start_time":"56.59","end_time":"57.12","alternatives":[{"confidence":"0.9399500000000001","content":"고금리를"}],"type":"pronunciation"},{"start_time":"57.12","end_time":"57.41","alternatives":[{"confidence":"0.9868","content":"사용하는"}],"type":"pronunciation"},{"start_time":"57.41","end_time":"57.78","alternatives":[{"confidence":"0.94","content":"사람한테"}],"type":"pronunciation"},{"start_time":"57.78","end_time":"58.11","alternatives":[{"confidence":"0.75505","content":"한해서"}],"type":"pronunciation"},{"start_time":"58.11","end_time":"58.26","alternatives":[{"confidence":"0.4587","content":"이렇게"}],"type":"pronunciation"},{"start_time":"58.26","end_time":"58.53","alternatives":[{"confidence":"0.9992","content":"된다고"}],"type":"pronunciation"},{"start_time":"58.53","end_time":"58.68","alternatives":[{"confidence":"0.9769","content":"알고"}],"type":"pronunciation"},{"start_time":"58.68","end_time":"59.5","alternatives":[{"confidence":"0.8929","content":"있는데"}],"type":"pronunciation"},{"start_time":"59.73","end_time":"59.97","alternatives":[{"confidence":"0.0546","content":"이렇게"}],"type":"pronunciation"},{"start_time":"60.28","end_time":"60.78","alternatives":[{"confidence":"0.51075","content":"캐피탈에서"}],"type":"pronunciation"},{"start_time":"60.99","end_time":"61.11","alternatives":[{"confidence":"0.099","content":"으로"}],"type":"pronunciation"},{"start_time":"61.11","end_time":"61.53","alternatives":[{"confidence":"0.26655","content":"넘어가는데"}],"type":"pronunciation"},{"start_time":"61.53","end_time":"61.65","alternatives":[{"confidence":"0.4544","content":"그게"}],"type":"pronunciation"},{"start_time":"61.65","end_time":"62.12","alternatives":[{"confidence":"0.9867999999999999","content":"가능한가요"}],"type":"pronunciation"},{"alternatives":[{"confidence":"0.0","content":"?"}],"type":"punctuation"},{"start_time":"62.92","end_time":"63.41","alternatives":[{"confidence":"1.0","content":"일단"}],"type":"pronunciation"},{"start_time":"63.67","end_time":"64.5","alternatives":[{"confidence":"0.6827","content":"캐피탈권에서"}],"type":"pronunciation"},{"start_time":"64.5","end_time":"64.66","alternatives":[{"confidence":"0.9805","content":"몇"}],"type":"pronunciation"},{"start_time":"64.66","end_time":"64.95","alternatives":[{"confidence":"0.4622","content":"프로급"}],"type":"pronunciation"},{"start_time":"64.98","end_time":"65.2","alternatives":[{"confidence":"0.5766","content":"이상"}],"type":"pronunciation"},{"start_time":"65.2","end_time":"65.5","alternatives":[{"confidence":"1.0","content":"하세요"}],"type":"pronunciation"},{"alternatives":[{"confidence":"0.0","content":"."}],"type":"punctuation"},{"start_time":"65.5","end_time":"66.1","alternatives":[{"confidence":"0.9997","content":"이거는"}],"type":"pronunciation"},{"start_time":"66.13","end_time":"66.36","alternatives":[{"confidence":"0.868","content":"제가"}],"type":"pronunciation"},{"start_time":"66.42","end_time":"66.68","alternatives":[{"confidence":"0.9966","content":"같은"}],"type":"pronunciation"},{"start_time":"66.68","end_time":"67.12","alternatives":[{"confidence":"1.0","content":"경우는"}],"type":"pronunciation"},{"start_time":"67.56","end_time":"67.68","alternatives":[{"confidence":"0.9211","content":"이"}],"type":"pronunciation"},{"start_time":"67.68","end_time":"69.09","alternatives":[{"confidence":"0.973075","content":"국민행복기금에서"}],"type":"pronunciation"},{"start_time":"69.21","end_time":"70.36","alternatives":[{"confidence":"0.9997","content":"고객님한테"}],"type":"pronunciation"},{"start_time":"70.39","end_time":"70.51","alternatives":[{"confidence":"0.5364","content":"이제"}],"type":"pronunciation"},{"start_time":"70.52","end_time":"70.92","alternatives":[{"confidence":"0.9998","content":"보증을"}],"type":"pronunciation"},{"start_time":"70.92","end_time":"71.24","alternatives":[{"confidence":"0.9946","content":"서서"}],"type":"pronunciation"},{"start_time":"71.24","end_time":"71.74","alternatives":[{"confidence":"0.9964","content":"저금리로"}],"type":"pronunciation"},{"start_time":"71.74","end_time":"71.98","alternatives":[{"confidence":"0.6371","content":"가능"}],"type":"pronunciation"},{"start_time":"71.98","end_time":"72.56","alternatives":[{"confidence":"0.7898000000000001","content":"하신거잖아요"}],"type":"pronunciation"},{"alternatives":[{"confidence":"0.0","content":"."}],"type":"punctuation"},{"start_time":"72.56","end_time":"72.86","alternatives":[{"confidence":"1.0","content":"그렇기"}],"type":"pronunciation"},{"start_time":"72.86","end_time":"73.28","alternatives":[{"confidence":"0.9914","content":"때문에"}],"type":"pronunciation"},{"start_time":"73.65","end_time":"74.01","alternatives":[{"confidence":"1.0","content":"일단"}],"type":"pronunciation"},{"start_time":"74.01","end_time":"74.35","alternatives":[{"confidence":"0.5463","content":"이십"}],"type":"pronunciation"},{"start_time":"74.35","end_time":"74.61","alternatives":[{"confidence":"0.9706","content":"프로"}],"type":"pronunciation"},{"start_time":"74.61","end_time":"75.18","alternatives":[{"confidence":"0.8426","content":"이상"}],"type":"pronunciation"},{"start_time":"75.21","end_time":"75.76","alternatives":[{"confidence":"0.8956500000000001","content":"사용하시는"}],"type":"pronunciation"},{"start_time":"75.76","end_time":"76.15","alternatives":[{"confidence":"0.2633","content":"금"}],"type":"pronunciation"},{"start_time":"76.73","end_time":"77.17","alternatives":[{"confidence":"0.656","content":"상품이"}],"type":"pronunciation"},{"start_time":"77.17","end_time":"77.61","alternatives":[{"confidence":"0.9964","content":"있으시면"}],"type":"pronunciation"},{"start_time":"77.61","end_time":"77.79","alternatives":[{"confidence":"0.9602","content":"그"}],"type":"pronunciation"},{"start_time":"77.79","end_time":"78.24","alternatives":[{"confidence":"1.0","content":"부분을"}],"type":"pronunciation"},{"start_time":"78.27","end_time":"78.82","alternatives":[{"confidence":"0.9947666666666667","content":"저금리로"}],"type":"pronunciation"},{"start_time":"78.82","end_time":"79.03","alternatives":[{"confidence":"0.9983","content":"해서"}],"type":"pronunciation"},{"start_time":"79.03","end_time":"79.28","alternatives":[{"confidence":"0.6583","content":"팔"}],"type":"pronunciation"},{"start_time":"79.28","end_time":"79.85","alternatives":[{"confidence":"0.95885","content":"프로에서"}],"type":"pronunciation"},{"start_time":"79.85","end_time":"80.1","alternatives":[{"confidence":"0.8734","content":"십이"}],"type":"pronunciation"},{"start_time":"80.1","end_time":"80.3","alternatives":[{"confidence":"0.7569","content":"프로"}],"type":"pronunciation"},{"start_time":"80.3","end_time":"80.62","alternatives":[{"confidence":"0.9599","content":"금리로"}],"type":"pronunciation"},{"start_time":"80.62","end_time":"80.88","alternatives":[{"confidence":"0.9969","content":"해서"}],"type":"pronunciation"},{"start_time":"80.88","end_time":"81.55","alternatives":[{"confidence":"0.915","content":"갈아타시는"}],"type":"pronunciation"},{"start_time":"81.55","end_time":"81.88","alternatives":[{"confidence":"0.5047","content":"상품"}],"type":"pronunciation"},{"start_time":"81.88","end_time":"82.41","alternatives":[{"confidence":"0.9989","content":"이세요"}],"type":"pronunciation"},{"start_time":"84.48","end_time":"85.25","alternatives":[{"confidence":"0.9883666666666667","content":"십사점육"}],"type":"pronunciation"},{"start_time":"85.25","end_time":"85.68","alternatives":[{"confidence":"0.8448500000000001","content":"프로예요"}],"type":"pronunciation"},{"start_time":"86.97","end_time":"87.37","alternatives":[{"confidence":"0.8991","content":"십팔"}],"type":"pronunciation"},{"start_time":"87.37","end_time":"88.08","alternatives":[{"confidence":"0.5466","content":"프로에요"}],"type":"pronunciation"},{"start_time":"88.53","end_time":"88.95","alternatives":[{"confidence":"0.695","content":"아이고"}],"type":"pronunciation"},{"alternatives":[{"confidence":"0.0","content":","}],"type":"punctuation"},{"start_time":"88.95","end_time":"89.25","alternatives":[{"confidence":"0.0471","content":"최대"}],"type":"pronunciation"},{"start_time":"89.49","end_time":"90.01","alternatives":[{"confidence":"0.745","content":"최저"}],"type":"pronunciation"},{"start_time":"90.04","end_time":"90.4","alternatives":[{"confidence":"0.6754","content":"십"}],"type":"pronunciation"},{"start_time":"90.43","end_time":"90.75","alternatives":[{"confidence":"0.7416","content":"이십"}],"type":"pronunciation"},{"start_time":"90.75","end_time":"90.96","alternatives":[{"confidence":"0.9678","content":"프로"}],"type":"pronunciation"},{"start_time":"90.96","end_time":"91.45","alternatives":[{"confidence":"0.9224","content":"이상"}],"type":"pronunciation"},{"start_time":"91.45","end_time":"92.01","alternatives":[{"confidence":"0.78625","content":"사용하시는"}],"type":"pronunciation"},{"start_time":"93.26","end_time":"94.06","alternatives":[{"confidence":"0.61615","content":"한해서"}],"type":"pronunciation"},{"start_time":"94.57","end_time":"94.81","alternatives":[{"confidence":"0.8408","content":"하실"}],"type":"pronunciation"},{"start_time":"94.81","end_time":"95.02","alternatives":[{"confidence":"0.6465","content":"수가"}],"type":"pronunciation"},{"start_time":"95.02","end_time":"95.56","alternatives":[{"confidence":"0.999","content":"있으세요"}],"type":"pronunciation"},{"alternatives":[{"confidence":"0.0","content":"?"}],"type":"punctuation"},{"start_time":"95.8","end_time":"96.04","alternatives":[{"confidence":"0.4353","content":"그런거"}],"type":"pronunciation"},{"start_time":"96.04","end_time":"96.46","alternatives":[{"confidence":"0.9993000000000001","content":"물어보지도"}],"type":"pronunciation"},{"start_time":"96.46","end_time":"97.32","alternatives":[{"confidence":"0.9855","content":"않으셔서"}],"type":"pronunciation"},{"alternatives":[{"confidence":"0.0","content":"."}],"type":"punctuation"},{"start_time":"98.08","end_time":"98.29","alternatives":[{"confidence":"0.9998","content":"그래서"}],"type":"pronunciation"},{"start_time":"98.29","end_time":"98.47","alternatives":[{"confidence":"0.9999","content":"저는"}],"type":"pronunciation"},{"start_time":"98.7","end_time":"99.04","alternatives":[{"confidence":"0.8592","content":"개인적으로"}],"type":"pronunciation"},{"start_time":"99.04","end_time":"99.4","alternatives":[{"confidence":"0.66295","content":"말씀드리려"}],"type":"pronunciation"},{"start_time":"99.4","end_time":"100.15","alternatives":[{"confidence":"0.5423","content":"했는데"}],"type":"pronunciation"},{"start_time":"100.87","end_time":"101.07","alternatives":[{"confidence":"0.9781","content":"가지고"}],"type":"pronunciation"},{"start_time":"101.07","end_time":"101.16","alternatives":[{"confidence":"0.3762","content":"한"}],"type":"pronunciation"},{"start_time":"101.16","end_time":"101.31","alternatives":[{"confidence":"0.2286","content":"번도"}],"type":"pronunciation"},{"start_time":"101.31","end_time":"101.47","alternatives":[{"confidence":"0.5788","content":"전화"}],"type":"pronunciation"},{"start_time":"101.47","end_time":"102.25","alternatives":[{"confidence":"0.6146666666666666","content":"드린거거든요"}],"type":"pronunciation"},{"start_time":"102.53","end_time":"102.94","alternatives":[{"confidence":"0.4171","content":"확인"}],"type":"pronunciation"},{"start_time":"102.94","end_time":"103.04","alternatives":[{"confidence":"0.1154","content":"차"}],"type":"pronunciation"},{"start_time":"103.04","end_time":"103.46","alternatives":[{"confidence":"0.65195","content":"잘하신"}],"type":"pronunciation"},{"start_time":"103.46","end_time":"103.84","alternatives":[{"confidence":"0.9972","content":"거예요"}],"type":"pronunciation"},{"alternatives":[{"confidence":"0.0","content":"."}],"type":"punctuation"},{"start_time":"104.62","end_time":"104.97","alternatives":[{"confidence":"1.0","content":"그런데"}],"type":"pronunciation"},{"start_time":"105.0","end_time":"105.53","alternatives":[{"confidence":"0.97345","content":"죄송한데요"}],"type":"pronunciation"},{"alternatives":[{"confidence":"0.0","content":","}],"type":"punctuation"},{"start_time":"105.53","end_time":"106.21","alternatives":[{"confidence":"0.9994","content":"아직까지"}],"type":"pronunciation"},{"start_time":"106.21","end_time":"106.77","alternatives":[{"confidence":"0.696","content":"현재"}],"type":"pronunciation"},{"start_time":"107.63","end_time":"108.03","alternatives":[{"confidence":"1.0","content":"결과가"}],"type":"pronunciation"},{"start_time":"108.03","end_time":"108.15","alternatives":[{"confidence":"0.7256","content":"안"}],"type":"pronunciation"},{"start_time":"108.15","end_time":"108.82","alternatives":[{"confidence":"0.9656","content":"나왔어요"}],"type":"pronunciation"},{"alternatives":[{"confidence":"0.0","content":"."}],"type":"punctuation"},{"start_time":"109.21","end_time":"109.39","alternatives":[{"confidence":"0.948","content":"아까"}],"type":"pronunciation"},{"start_time":"109.39","end_time":"109.74","alternatives":[{"confidence":"0.9835","content":"말씀을"}],"type":"pronunciation"},{"start_time":"109.74","end_time":"110.24","alternatives":[{"confidence":"0.99285","content":"드렸는데"}],"type":"pronunciation"},{"start_time":"110.4","end_time":"110.8","alternatives":[{"confidence":"0.9437","content":"빠르면"}],"type":"pronunciation"},{"start_time":"110.8","end_time":"111.1","alternatives":[{"confidence":"0.4411","content":"이십"}],"type":"pronunciation"},{"start_time":"111.11","end_time":"111.29","alternatives":[{"confidence":"0.3399","content":"분"}],"type":"pronunciation"},{"alternatives":[{"confidence":"0.0","content":","}],"type":"punctuation"},{"start_time":"111.35","end_time":"111.72","alternatives":[{"confidence":"0.2599","content":"길면"}],"type":"pronunciation"},{"start_time":"111.72","end_time":"111.84","alternatives":[{"confidence":"0.8992","content":"한"}],"type":"pronunciation"},{"start_time":"111.84","end_time":"112.04","alternatives":[{"confidence":"0.9214","content":"시간"}],"type":"pronunciation"},{"start_time":"112.04","end_time":"112.32","alternatives":[{"confidence":"1.0","content":"정도"}],"type":"pronunciation"},{"start_time":"112.32","end_time":"112.56","alternatives":[{"confidence":"0.9990000000000001","content":"소요가"}],"type":"pronunciation"},{"start_time":"112.56","end_time":"112.71","alternatives":[{"confidence":"0.9998","content":"될"}],"type":"pronunciation"},{"start_time":"112.71","end_time":"112.96","alternatives":[{"confidence":"0.9974","content":"거라고"}],"type":"pronunciation"},{"start_time":"113.4","end_time":"113.76","alternatives":[{"confidence":"0.3476","content":"거기가"}],"type":"pronunciation"},{"start_time":"113.76","end_time":"114.04","alternatives":[{"confidence":"0.9541","content":"그러면"}],"type":"pronunciation"},{"start_time":"114.76","end_time":"115.16","alternatives":[{"confidence":"8.0E-4","content":"없네요"}],"type":"pronunciation"},{"alternatives":[{"confidence":"0.0","content":"."}],"type":"punctuation"},{"start_time":"115.99","end_time":"117.08","alternatives":[{"confidence":"0.24776666666666666","content":"영점이에요"}],"type":"pronunciation"},{"start_time":"118.48","end_time":"119.1","alternatives":[{"confidence":"0.994","content":"검색하시면"}],"type":"pronunciation"},{"start_time":"119.1","end_time":"119.75","alternatives":[{"confidence":"0.6916000000000001","content":"나오시는데"}],"type":"pronunciation"},{"start_time":"121.31","end_time":"121.72","alternatives":[{"confidence":"0.3265","content":"만나서"}],"type":"pronunciation"},{"start_time":"122.48","end_time":"122.69","alternatives":[{"confidence":"0.0141","content":"너무"}],"type":"pronunciation"},{"start_time":"123.89","end_time":"125.21","alternatives":[{"confidence":"0.44416666666666665","content":"본사대표부를"}],"type":"pronunciation"},{"start_time":"125.21","end_time":"125.44","alternatives":[{"confidence":"0.8948","content":"확인"}],"type":"pronunciation"},{"start_time":"125.44","end_time":"125.57","alternatives":[{"confidence":"0.8771","content":"안"}],"type":"pronunciation"},{"start_time":"125.57","end_time":"126.05","alternatives":[{"confidence":"0.8993","content":"되세요"}],"type":"pronunciation"},{"alternatives":[{"confidence":"0.0","content":"."}],"type":"punctuation"},{"start_time":"126.62","end_time":"127.24","alternatives":[{"confidence":"0.9216","content":"그리고"}],"type":"pronunciation"},{"start_time":"127.87","end_time":"128.5","alternatives":[{"confidence":"0.9344","content":"지점이"}],"type":"pronunciation"},{"start_time":"128.5","end_time":"129.1","alternatives":[{"confidence":"0.9701","content":"번호는"}],"type":"pronunciation"},{"start_time":"129.1","end_time":"129.48","alternatives":[{"confidence":"0.7505","content":"저희"}],"type":"pronunciation"},{"start_time":"129.57","end_time":"130.34","alternatives":[{"confidence":"0.7844500000000001","content":"심사부"}],"type":"pronunciation"},{"start_time":"130.82","end_time":"131.03","alternatives":[{"confidence":"0.1044","content":"번호"}],"type":"pronunciation"},{"start_time":"131.03","end_time":"132.14","alternatives":[{"confidence":"0.062","content":"세요"}],"type":"pronunciation"},{"alternatives":[{"confidence":"0.0","content":"."}],"type":"punctuation"},{"start_time":"132.41","end_time":"132.6","alternatives":[{"confidence":"0.121","content":"제가"}],"type":"pronunciation"},{"start_time":"132.6","end_time":"132.95","alternatives":[{"confidence":"0.8301","content":"아까"}],"type":"pronunciation"},{"start_time":"132.95","end_time":"133.55","alternatives":[{"confidence":"0.9740500000000001","content":"인사드릴"}],"type":"pronunciation"},{"start_time":"133.55","end_time":"133.68","alternatives":[{"confidence":"0.9137","content":"때"}],"type":"pronunciation"},{"start_time":"133.69","end_time":"134.22","alternatives":[{"confidence":"0.6709","content":"심사부"}],"type":"pronunciation"},{"start_time":"134.22","end_time":"134.71","alternatives":[{"confidence":"0.9375","content":"라고"}],"type":"pronunciation"},{"start_time":"134.88","end_time":"136.07","alternatives":[{"confidence":"0.7262","content":"안내인사먼저"}],"type":"pronunciation"},{"alternatives":[{"confidence":"0.0","content":"."}],"type":"punctuation"},{"start_time":"136.07","end_time":"136.52","alternatives":[{"confidence":"0.6668","content":"드렸어요"}],"type":"pronunciation"},{"alternatives":[{"confidence":"0.0","content":"."}],"type":"punctuation"},{"start_time":"138.91","end_time":"139.24","alternatives":[{"confidence":"0.6444","content":"그러면"}],"type":"pronunciation"},{"start_time":"139.24","end_time":"139.41","alternatives":[{"confidence":"0.9997","content":"제가"}],"type":"pronunciation"},{"start_time":"139.41","end_time":"139.71","alternatives":[{"confidence":"1.0","content":"전화를"}],"type":"pronunciation"},{"start_time":"139.71","end_time":"140.26","alternatives":[{"confidence":"0.9983","content":"해서"}],"type":"pronunciation"},{"start_time":"140.35","end_time":"140.59","alternatives":[{"confidence":"0.7132","content":"요즘"}],"type":"pronunciation"},{"start_time":"140.74","end_time":"140.9","alternatives":[{"confidence":"0.8801","content":"이런"}],"type":"pronunciation"},{"start_time":"140.9","end_time":"141.11","alternatives":[{"confidence":"0.4235","content":"하기가"}],"type":"pronunciation"},{"start_time":"141.11","end_time":"141.49","alternatives":[{"confidence":"0.9967","content":"많으니까"}],"type":"pronunciation"},{"start_time":"141.49","end_time":"141.64","alternatives":[{"confidence":"0.9915","content":"제가"}],"type":"pronunciation"},{"start_time":"141.64","end_time":"141.8","alternatives":[{"confidence":"0.9845","content":"사실"}],"type":"pronunciation"},{"start_time":"141.8","end_time":"142.2","alternatives":[{"confidence":"0.96305","content":"불안해가지고"}],"type":"pronunciation"},{"alternatives":[{"confidence":"0.0","content":"."}],"type":"punctuation"},{"start_time":"142.2","end_time":"142.88","alternatives":[{"confidence":"0.1064","content":"그런데"}],"type":"pronunciation"},{"start_time":"143.39","end_time":"143.65","alternatives":[{"confidence":"0.782","content":"지금"}],"type":"pronunciation"},{"start_time":"143.93","end_time":"144.23","alternatives":[{"confidence":"0.9998","content":"여부를"}],"type":"pronunciation"},{"start_time":"144.23","end_time":"145.15","alternatives":[{"confidence":"0.6863666666666667","content":"확인상관없을까요"}],"type":"pronunciation"},{"start_time":"146.55","end_time":"146.88","alternatives":[{"confidence":"0.1692","content":"확인해"}],"type":"pronunciation"},{"start_time":"146.88","end_time":"147.42","alternatives":[{"confidence":"0.6003499999999999","content":"주시고요"}],"type":"pronunciation"},{"alternatives":[{"confidence":"0.0","content":"."}],"type":"punctuation"},{"start_time":"148.41","end_time":"148.51","alternatives":[{"confidence":"0.0158","content":"네"}],"type":"pronunciation"},{"alternatives":[{"confidence":"0.0","content":","}],"type":"punctuation"},{"start_time":"148.51","end_time":"148.89","alternatives":[{"confidence":"0.1014","content":"알겠습니다"}],"type":"pronunciation"},{"alternatives":[{"confidence":"0.0","content":"."}],"type":"punctuation"},{"start_time":"149.22","end_time":"149.35","alternatives":[{"confidence":"0.561","content":"다시"}],"type":"pronunciation"},{"start_time":"149.35","end_time":"149.72","alternatives":[{"confidence":"0.8169","content":"한번만"}],"type":"pronunciation"},{"start_time":"150.51","end_time":"150.92","alternatives":[{"confidence":"0.006","content":"공"}],"type":"pronunciation"},{"start_time":"150.92","end_time":"151.38","alternatives":[{"confidence":"0.00505","content":"철입니다"}],"type":"pronunciation"},{"start_time":"152.38","end_time":"153.08","alternatives":[{"confidence":"0.6909666666666667","content":"영등포지점이라고"}],"type":"pronunciation"},{"start_time":"153.08","end_time":"153.76","alternatives":[{"confidence":"0.9996","content":"하셨죠"}],"type":"pronunciation"},{"alternatives":[{"confidence":"0.0","content":"."}],"type":"punctuation"},{"start_time":"154.13","end_time":"154.22","alternatives":[{"confidence":"0.5962","content":"네"}],"type":"pronunciation"},{"alternatives":[{"confidence":"0.0","content":","}],"type":"punctuation"},{"start_time":"154.22","end_time":"154.71","alternatives":[{"confidence":"0.9953","content":"알겠습니다"}],"type":"pronunciation"},{"alternatives":[{"confidence":"0.0","content":"."}],"type":"punctuation"}]},"status":"COMPLETED"}