{"jobName":"transcribe_loan144","accountId":"097989105209","results":{"transcripts":[{"transcript":"님께서 진행한다고 발급해 달라고 해서 되는 건 아니고요. 일단은 대출금님께서 얼마 받을 수 있는지는 모르겠는데 죽음이 이십 프로는 금액을 현재 공님께서 상공계신다고 지금 를 하셔야 확인 드셔야. 저희도 계약서를 발급해드리거든요. 그러면 이천 만원 필요한데 20 일단 그거는 이천받아가십니까. 그리고 지금 지금까지가 돼 갖고 급한 자금을 그랬는데 드셨는데요 그게 한 한 칠백 만원 가까이 될 거예요. 여보세요. 연체그러시면 받아 가시는 대출금이십. 프로 나빠하실 필요 없으시고요 연체금액이 이십 프로를 유치를 하시면 됩니다. 그러시면은 7 백이면 백 사십 만원가량 계시는 거잖아요. 그 금액은 해당업체에서 대출받아가실 때 어차피 자연적으로 반납이 되시는 거예요. 저희 쪽에서 보증서가 발급되시면은 이렇게 진행하는 방식으로 진행을 하는 거고요. 님께서 괜찮으시면 이렇게 진행을 하셔서 쪽으로 연락을 해서 진행을 하시면 되고요. 그런데 지금 저희 쪽에서는 지금 확인을 해봤는데 이렇게 말하시면 다 발급이 가능합니다. 그런데 제가 그쪽서류나 이런 건 없는데 어떻게 넘어가있다? 그런데 그거는 너무 하고 확인을 하셔야죠. 이제 중개업체에서 이쪽에 지금 중개업체에서 연락이 온 것도 없는 한 번도 없는데 인터넷으로 신청하시고 전화상으로 신청을 하시다가 이렇게 정보 수집을 해가지고 가끔씩 이렇게 으로 접수시키는 경우가 많더라고요. 그래가지고 어떤 분들은 하루에 전화 보고 그래도 그러더라고요. 그러니까 저는 이거 제가 직장도 안 되는 걸로 해놓고 지금 지금 지금 중간에 지금 그리고 지금 서류가 넘어가있으니까 빨리 진행하세요 이런 식으로 말씀을 하시더라고요. 일단은 가능하니까 개별적으로 전화를 했어요. 진행을 하시면 되겠습니다. 일단 그러면 선생님 되죠. 그렇죠. 일단 제가 한번 보고 저는 다시 드릴게요."}],"items":[{"start_time":"0.53","end_time":"0.94","alternatives":[{"confidence":"0.986","content":"님께서"}],"type":"pronunciation"},{"start_time":"0.94","end_time":"1.91","alternatives":[{"confidence":"0.95165","content":"진행한다고"}],"type":"pronunciation"},{"start_time":"2.89","end_time":"3.31","alternatives":[{"confidence":"0.82245","content":"발급해"}],"type":"pronunciation"},{"start_time":"3.31","end_time":"3.57","alternatives":[{"confidence":"0.646","content":"달라고"}],"type":"pronunciation"},{"start_time":"3.57","end_time":"4.14","alternatives":[{"confidence":"0.9932","content":"해서"}],"type":"pronunciation"},{"start_time":"4.51","end_time":"4.76","alternatives":[{"confidence":"0.8207","content":"되는"}],"type":"pronunciation"},{"start_time":"4.76","end_time":"4.9","alternatives":[{"confidence":"0.8081","content":"건"}],"type":"pronunciation"},{"start_time":"4.9","end_time":"5.88","alternatives":[{"confidence":"0.999","content":"아니고요"}],"type":"pronunciation"},{"alternatives":[{"confidence":"0.0","content":"."}],"type":"punctuation"},{"start_time":"6.29","end_time":"6.68","alternatives":[{"confidence":"0.1584","content":"일단은"}],"type":"pronunciation"},{"start_time":"6.77","end_time":"7.83","alternatives":[{"confidence":"0.97555","content":"대출금님께서"}],"type":"pronunciation"},{"start_time":"7.83","end_time":"8.1","alternatives":[{"confidence":"0.9416","content":"얼마"}],"type":"pronunciation"},{"start_time":"8.1","end_time":"8.39","alternatives":[{"confidence":"0.6941","content":"받을"}],"type":"pronunciation"},{"start_time":"8.39","end_time":"8.49","alternatives":[{"confidence":"0.9961","content":"수"}],"type":"pronunciation"},{"start_time":"8.49","end_time":"8.86","alternatives":[{"confidence":"0.8584","content":"있는지는"}],"type":"pronunciation"},{"start_time":"8.86","end_time":"9.7","alternatives":[{"confidence":"0.9983","content":"모르겠는데"}],"type":"pronunciation"},{"start_time":"10.29","end_time":"10.72","alternatives":[{"confidence":"0.711","content":"죽음이"}],"type":"pronunciation"},{"start_time":"10.72","end_time":"10.99","alternatives":[{"confidence":"0.2748","content":"이십"}],"type":"pronunciation"},{"start_time":"10.99","end_time":"11.28","alternatives":[{"confidence":"0.19095","content":"프로는"}],"type":"pronunciation"},{"start_time":"11.28","end_time":"11.84","alternatives":[{"confidence":"0.9767","content":"금액을"}],"type":"pronunciation"},{"start_time":"12.13","end_time":"12.4","alternatives":[{"confidence":"0.5344","content":"현재"}],"type":"pronunciation"},{"start_time":"12.4","end_time":"12.93","alternatives":[{"confidence":"0.4292","content":"공님께서"}],"type":"pronunciation"},{"start_time":"12.93","end_time":"14.38","alternatives":[{"confidence":"0.2965666666666667","content":"상공계신다고"}],"type":"pronunciation"},{"start_time":"14.73","end_time":"14.98","alternatives":[{"confidence":"0.4995","content":"지금"}],"type":"pronunciation"},{"start_time":"15.29","end_time":"15.39","alternatives":[{"confidence":"0.3854","content":"를"}],"type":"pronunciation"},{"start_time":"15.39","end_time":"16.05","alternatives":[{"confidence":"0.7521","content":"하셔야"}],"type":"pronunciation"},{"start_time":"16.63","end_time":"16.92","alternatives":[{"confidence":"0.4766","content":"확인"}],"type":"pronunciation"},{"start_time":"16.92","end_time":"17.35","alternatives":[{"confidence":"0.5179","content":"드셔야"}],"type":"pronunciation"},{"alternatives":[{"confidence":"0.0","content":"."}],"type":"punctuation"},{"start_time":"17.35","end_time":"17.66","alternatives":[{"confidence":"0.9952","content":"저희도"}],"type":"pronunciation"},{"start_time":"17.66","end_time":"18.11","alternatives":[{"confidence":"0.9996499999999999","content":"계약서를"}],"type":"pronunciation"},{"start_time":"18.11","end_time":"19.3","alternatives":[{"confidence":"0.9137666666666666","content":"발급해드리거든요"}],"type":"pronunciation"},{"alternatives":[{"confidence":"0.0","content":"."}],"type":"punctuation"},{"start_time":"21.85","end_time":"22.13","alternatives":[{"confidence":"0.7757","content":"그러면"}],"type":"pronunciation"},{"start_time":"22.13","end_time":"22.33","alternatives":[{"confidence":"0.401","content":"이천"}],"type":"pronunciation"},{"start_time":"22.33","end_time":"22.52","alternatives":[{"confidence":"0.3079","content":"만원"}],"type":"pronunciation"},{"start_time":"22.52","end_time":"23.01","alternatives":[{"confidence":"0.6102","content":"필요한데"}],"type":"pronunciation"},{"start_time":"23.07","end_time":"23.3","alternatives":[{"confidence":"0.2269","content":"20"}],"type":"pronunciation"},{"start_time":"25.19","end_time":"25.52","alternatives":[{"confidence":"1.0","content":"일단"}],"type":"pronunciation"},{"start_time":"25.52","end_time":"26.26","alternatives":[{"confidence":"0.9761","content":"그거는"}],"type":"pronunciation"},{"start_time":"27.61","end_time":"28.88","alternatives":[{"confidence":"0.707125","content":"이천받아가십니까"}],"type":"pronunciation"},{"alternatives":[{"confidence":"0.0","content":"."}],"type":"punctuation"},{"start_time":"29.3","end_time":"29.52","alternatives":[{"confidence":"0.7566","content":"그리고"}],"type":"pronunciation"},{"start_time":"29.52","end_time":"29.82","alternatives":[{"confidence":"0.9811","content":"지금"}],"type":"pronunciation"},{"start_time":"29.85","end_time":"31.17","alternatives":[{"confidence":"0.3192","content":"지금까지가"}],"type":"pronunciation"},{"start_time":"31.17","end_time":"31.27","alternatives":[{"confidence":"0.0119","content":"돼"}],"type":"pronunciation"},{"start_time":"31.27","end_time":"31.47","alternatives":[{"confidence":"0.3348","content":"갖고"}],"type":"pronunciation"},{"start_time":"31.62","end_time":"31.93","alternatives":[{"confidence":"0.8912","content":"급한"}],"type":"pronunciation"},{"start_time":"31.93","end_time":"32.19","alternatives":[{"confidence":"0.8928","content":"자금을"}],"type":"pronunciation"},{"start_time":"32.44","end_time":"32.84","alternatives":[{"confidence":"0.9451","content":"그랬는데"}],"type":"pronunciation"},{"start_time":"34.71","end_time":"35.45","alternatives":[{"confidence":"0.6352333333333333","content":"드셨는데요"}],"type":"pronunciation"},{"start_time":"36.24","end_time":"36.43","alternatives":[{"confidence":"0.9554","content":"그게"}],"type":"pronunciation"},{"start_time":"36.43","end_time":"36.62","alternatives":[{"confidence":"0.8826","content":"한"}],"type":"pronunciation"},{"start_time":"36.62","end_time":"36.83","alternatives":[{"confidence":"0.8181","content":"한"}],"type":"pronunciation"},{"start_time":"36.86","end_time":"37.16","alternatives":[{"confidence":"0.4909","content":"칠백"}],"type":"pronunciation"},{"start_time":"37.16","end_time":"37.35","alternatives":[{"confidence":"0.9035","content":"만원"}],"type":"pronunciation"},{"start_time":"37.35","end_time":"37.58","alternatives":[{"confidence":"0.5355","content":"가까이"}],"type":"pronunciation"},{"start_time":"37.58","end_time":"37.69","alternatives":[{"confidence":"0.5581","content":"될"}],"type":"pronunciation"},{"start_time":"37.69","end_time":"38.02","alternatives":[{"confidence":"0.7113","content":"거예요"}],"type":"pronunciation"},{"alternatives":[{"confidence":"0.0","content":"."}],"type":"punctuation"},{"start_time":"54.25","end_time":"55.09","alternatives":[{"confidence":"0.6279","content":"여보세요"}],"type":"pronunciation"},{"alternatives":[{"confidence":"0.0","content":"."}],"type":"punctuation"},{"start_time":"55.78","end_time":"57.19","alternatives":[{"confidence":"0.8812666666666668","content":"연체그러시면"}],"type":"pronunciation"},{"start_time":"57.4","end_time":"57.68","alternatives":[{"confidence":"0.388","content":"받아"}],"type":"pronunciation"},{"start_time":"57.68","end_time":"58.05","alternatives":[{"confidence":"0.9737","content":"가시는"}],"type":"pronunciation"},{"start_time":"58.05","end_time":"58.77","alternatives":[{"confidence":"0.8019499999999999","content":"대출금이십"}],"type":"pronunciation"},{"alternatives":[{"confidence":"0.0","content":"."}],"type":"punctuation"},{"start_time":"58.77","end_time":"59.39","alternatives":[{"confidence":"0.6882","content":"프로"}],"type":"pronunciation"},{"start_time":"59.39","end_time":"59.83","alternatives":[{"confidence":"0.9521","content":"나빠하실"}],"type":"pronunciation"},{"start_time":"59.83","end_time":"60.07","alternatives":[{"confidence":"0.9858","content":"필요"}],"type":"pronunciation"},{"start_time":"60.07","end_time":"61.18","alternatives":[{"confidence":"0.99525","content":"없으시고요"}],"type":"pronunciation"},{"start_time":"61.93","end_time":"63.0","alternatives":[{"confidence":"0.98915","content":"연체금액이"}],"type":"pronunciation"},{"start_time":"63.0","end_time":"63.25","alternatives":[{"confidence":"0.9415","content":"이십"}],"type":"pronunciation"},{"start_time":"63.25","end_time":"63.66","alternatives":[{"confidence":"0.8673","content":"프로를"}],"type":"pronunciation"},{"start_time":"63.66","end_time":"63.99","alternatives":[{"confidence":"0.89975","content":"유치를"}],"type":"pronunciation"},{"start_time":"63.99","end_time":"64.29","alternatives":[{"confidence":"1.0","content":"하시면"}],"type":"pronunciation"},{"start_time":"64.29","end_time":"64.77","alternatives":[{"confidence":"1.0","content":"됩니다"}],"type":"pronunciation"},{"alternatives":[{"confidence":"0.0","content":"."}],"type":"punctuation"},{"start_time":"64.98","end_time":"65.72","alternatives":[{"confidence":"0.70955","content":"그러시면은"}],"type":"pronunciation"},{"start_time":"67.4","end_time":"67.64","alternatives":[{"confidence":"3.0E-4","content":"7"}],"type":"pronunciation"},{"start_time":"67.64","end_time":"68.21","alternatives":[{"confidence":"0.16735","content":"백이면"}],"type":"pronunciation"},{"start_time":"68.21","end_time":"68.38","alternatives":[{"confidence":"0.3762","content":"백"}],"type":"pronunciation"},{"start_time":"68.38","end_time":"68.61","alternatives":[{"confidence":"0.17","content":"사십"}],"type":"pronunciation"},{"start_time":"68.61","end_time":"69.03","alternatives":[{"confidence":"0.20195","content":"만원가량"}],"type":"pronunciation"},{"start_time":"69.03","end_time":"69.39","alternatives":[{"confidence":"0.6332","content":"계시는"}],"type":"pronunciation"},{"start_time":"69.39","end_time":"70.26","alternatives":[{"confidence":"0.9739","content":"거잖아요"}],"type":"pronunciation"},{"alternatives":[{"confidence":"0.0","content":"."}],"type":"punctuation"},{"start_time":"70.35","end_time":"70.56","alternatives":[{"confidence":"0.9515","content":"그"}],"type":"pronunciation"},{"start_time":"70.56","end_time":"71.39","alternatives":[{"confidence":"0.9991","content":"금액은"}],"type":"pronunciation"},{"start_time":"71.53","end_time":"72.41","alternatives":[{"confidence":"0.8897","content":"해당업체에서"}],"type":"pronunciation"},{"start_time":"72.41","end_time":"73.39","alternatives":[{"confidence":"0.6909333333333333","content":"대출받아가실"}],"type":"pronunciation"},{"start_time":"73.42","end_time":"73.8","alternatives":[{"confidence":"0.9979","content":"때"}],"type":"pronunciation"},{"start_time":"73.83","end_time":"74.17","alternatives":[{"confidence":"0.959","content":"어차피"}],"type":"pronunciation"},{"start_time":"74.26","end_time":"74.79","alternatives":[{"confidence":"0.6689","content":"자연적으로"}],"type":"pronunciation"},{"start_time":"74.79","end_time":"75.17","alternatives":[{"confidence":"0.9226000000000001","content":"반납이"}],"type":"pronunciation"},{"start_time":"75.17","end_time":"75.56","alternatives":[{"confidence":"0.9215","content":"되시는"}],"type":"pronunciation"},{"start_time":"75.56","end_time":"75.81","alternatives":[{"confidence":"0.8939","content":"거예요"}],"type":"pronunciation"},{"alternatives":[{"confidence":"0.0","content":"."}],"type":"punctuation"},{"start_time":"75.81","end_time":"76.03","alternatives":[{"confidence":"0.8348","content":"저희"}],"type":"pronunciation"},{"start_time":"76.03","end_time":"76.38","alternatives":[{"confidence":"0.9606","content":"쪽에서"}],"type":"pronunciation"},{"start_time":"77.5","end_time":"78.16","alternatives":[{"confidence":"0.55195","content":"보증서가"}],"type":"pronunciation"},{"start_time":"78.16","end_time":"79.14","alternatives":[{"confidence":"0.8872333333333332","content":"발급되시면은"}],"type":"pronunciation"},{"start_time":"79.63","end_time":"80.04","alternatives":[{"confidence":"0.992","content":"이렇게"}],"type":"pronunciation"},{"start_time":"80.04","end_time":"80.5","alternatives":[{"confidence":"0.9805","content":"진행하는"}],"type":"pronunciation"},{"start_time":"80.5","end_time":"81.02","alternatives":[{"confidence":"1.0","content":"방식으로"}],"type":"pronunciation"},{"start_time":"81.02","end_time":"81.4","alternatives":[{"confidence":"0.687","content":"진행을"}],"type":"pronunciation"},{"start_time":"81.4","end_time":"81.61","alternatives":[{"confidence":"0.8148","content":"하는"}],"type":"pronunciation"},{"start_time":"81.61","end_time":"82.09","alternatives":[{"confidence":"0.9019","content":"거고요"}],"type":"pronunciation"},{"alternatives":[{"confidence":"0.0","content":"."}],"type":"punctuation"},{"start_time":"82.43","end_time":"82.98","alternatives":[{"confidence":"0.9256","content":"님께서"}],"type":"pronunciation"},{"start_time":"83.56","end_time":"84.81","alternatives":[{"confidence":"0.259","content":"괜찮으시면"}],"type":"pronunciation"},{"start_time":"84.81","end_time":"85.12","alternatives":[{"confidence":"0.9966","content":"이렇게"}],"type":"pronunciation"},{"start_time":"85.12","end_time":"85.51","alternatives":[{"confidence":"0.9804","content":"진행을"}],"type":"pronunciation"},{"start_time":"85.51","end_time":"86.07","alternatives":[{"confidence":"0.9992","content":"하셔서"}],"type":"pronunciation"},{"start_time":"86.78","end_time":"87.03","alternatives":[{"confidence":"0.9889","content":"쪽으로"}],"type":"pronunciation"},{"start_time":"87.03","end_time":"87.35","alternatives":[{"confidence":"1.0","content":"연락을"}],"type":"pronunciation"},{"start_time":"87.35","end_time":"87.59","alternatives":[{"confidence":"0.9989","content":"해서"}],"type":"pronunciation"},{"start_time":"87.59","end_time":"87.92","alternatives":[{"confidence":"0.9912","content":"진행을"}],"type":"pronunciation"},{"start_time":"87.92","end_time":"88.24","alternatives":[{"confidence":"1.0","content":"하시면"}],"type":"pronunciation"},{"start_time":"88.24","end_time":"88.67","alternatives":[{"confidence":"0.9955499999999999","content":"되고요"}],"type":"pronunciation"},{"alternatives":[{"confidence":"0.0","content":"."}],"type":"punctuation"},{"start_time":"89.476","end_time":"89.776","alternatives":[{"confidence":"0.6854","content":"그런데"}],"type":"pronunciation"},{"start_time":"89.776","end_time":"89.936","alternatives":[{"confidence":"0.8825","content":"지금"}],"type":"pronunciation"},{"start_time":"90.746","end_time":"90.946","alternatives":[{"confidence":"0.9528","content":"저희"}],"type":"pronunciation"},{"start_time":"90.946","end_time":"91.406","alternatives":[{"confidence":"0.9962","content":"쪽에서는"}],"type":"pronunciation"},{"start_time":"91.406","end_time":"91.556","alternatives":[{"confidence":"0.4176","content":"지금"}],"type":"pronunciation"},{"start_time":"91.556","end_time":"91.866","alternatives":[{"confidence":"0.9895","content":"확인을"}],"type":"pronunciation"},{"start_time":"91.866","end_time":"92.726","alternatives":[{"confidence":"0.9951","content":"해봤는데"}],"type":"pronunciation"},{"start_time":"92.756","end_time":"93.006","alternatives":[{"confidence":"0.1953","content":"이렇게"}],"type":"pronunciation"},{"start_time":"93.006","end_time":"93.586","alternatives":[{"confidence":"0.5574","content":"말하시면"}],"type":"pronunciation"},{"start_time":"93.586","end_time":"93.716","alternatives":[{"confidence":"0.6546","content":"다"}],"type":"pronunciation"},{"start_time":"93.716","end_time":"94.136","alternatives":[{"confidence":"0.99785","content":"발급이"}],"type":"pronunciation"},{"start_time":"94.136","end_time":"94.756","alternatives":[{"confidence":"0.9437","content":"가능합니다"}],"type":"pronunciation"},{"alternatives":[{"confidence":"0.0","content":"."}],"type":"punctuation"},{"start_time":"95.626","end_time":"95.926","alternatives":[{"confidence":"0.3444","content":"그런데"}],"type":"pronunciation"},{"start_time":"95.956","end_time":"96.176","alternatives":[{"confidence":"0.9976","content":"제가"}],"type":"pronunciation"},{"start_time":"96.176","end_time":"96.956","alternatives":[{"confidence":"0.33390000000000003","content":"그쪽서류나"}],"type":"pronunciation"},{"start_time":"96.956","end_time":"97.096","alternatives":[{"confidence":"0.1462","content":"이런"}],"type":"pronunciation"},{"start_time":"97.096","end_time":"97.186","alternatives":[{"confidence":"0.0386","content":"건"}],"type":"pronunciation"},{"start_time":"97.436","end_time":"97.716","alternatives":[{"confidence":"0.9394","content":"없는데"}],"type":"pronunciation"},{"start_time":"97.716","end_time":"97.976","alternatives":[{"confidence":"0.98","content":"어떻게"}],"type":"pronunciation"},{"start_time":"98.266","end_time":"98.626","alternatives":[{"confidence":"0.7127000000000001","content":"넘어가있다"}],"type":"pronunciation"},{"alternatives":[{"confidence":"0.0","content":"?"}],"type":"punctuation"},{"start_time":"98.626","end_time":"98.886","alternatives":[{"confidence":"0.1187","content":"그런데"}],"type":"pronunciation"},{"start_time":"99.176","end_time":"99.866","alternatives":[{"confidence":"0.974","content":"그거는"}],"type":"pronunciation"},{"start_time":"99.866","end_time":"100.056","alternatives":[{"confidence":"0.833","content":"너무"}],"type":"pronunciation"},{"start_time":"100.646","end_time":"100.836","alternatives":[{"confidence":"0.8034","content":"하고"}],"type":"pronunciation"},{"start_time":"100.836","end_time":"101.206","alternatives":[{"confidence":"0.9015","content":"확인을"}],"type":"pronunciation"},{"start_time":"101.206","end_time":"101.766","alternatives":[{"confidence":"0.9993000000000001","content":"하셔야죠"}],"type":"pronunciation"},{"alternatives":[{"confidence":"0.0","content":"."}],"type":"punctuation"},{"start_time":"103.286","end_time":"103.436","alternatives":[{"confidence":"0.1086","content":"이제"}],"type":"pronunciation"},{"start_time":"103.436","end_time":"104.076","alternatives":[{"confidence":"0.5200333333333333","content":"중개업체에서"}],"type":"pronunciation"},{"start_time":"104.076","end_time":"104.446","alternatives":[{"confidence":"0.29535","content":"이쪽에"}],"type":"pronunciation"},{"start_time":"104.616","end_time":"104.866","alternatives":[{"confidence":"0.1805","content":"지금"}],"type":"pronunciation"},{"start_time":"106.616","end_time":"107.166","alternatives":[{"confidence":"0.38149999999999995","content":"중개업체에서"}],"type":"pronunciation"},{"start_time":"107.166","end_time":"107.416","alternatives":[{"confidence":"0.4543","content":"연락이"}],"type":"pronunciation"},{"start_time":"107.416","end_time":"107.486","alternatives":[{"confidence":"0.7349","content":"온"}],"type":"pronunciation"},{"start_time":"107.486","end_time":"107.666","alternatives":[{"confidence":"0.9974","content":"것도"}],"type":"pronunciation"},{"start_time":"107.666","end_time":"107.816","alternatives":[{"confidence":"0.977","content":"없는"}],"type":"pronunciation"},{"start_time":"107.816","end_time":"107.926","alternatives":[{"confidence":"0.7007","content":"한"}],"type":"pronunciation"},{"start_time":"107.926","end_time":"108.086","alternatives":[{"confidence":"0.6982","content":"번도"}],"type":"pronunciation"},{"start_time":"108.086","end_time":"108.476","alternatives":[{"confidence":"0.8419","content":"없는데"}],"type":"pronunciation"},{"start_time":"112.472","end_time":"113.132","alternatives":[{"confidence":"0.5664","content":"인터넷으로"}],"type":"pronunciation"},{"start_time":"113.132","end_time":"113.762","alternatives":[{"confidence":"0.3895","content":"신청하시고"}],"type":"pronunciation"},{"start_time":"114.782","end_time":"115.332","alternatives":[{"confidence":"0.9983500000000001","content":"전화상으로"}],"type":"pronunciation"},{"start_time":"115.332","end_time":"115.682","alternatives":[{"confidence":"0.997","content":"신청을"}],"type":"pronunciation"},{"start_time":"115.682","end_time":"116.082","alternatives":[{"confidence":"0.38384999999999997","content":"하시다가"}],"type":"pronunciation"},{"start_time":"116.472","end_time":"116.742","alternatives":[{"confidence":"0.944","content":"이렇게"}],"type":"pronunciation"},{"start_time":"116.742","end_time":"117.092","alternatives":[{"confidence":"0.99","content":"정보"}],"type":"pronunciation"},{"start_time":"117.092","end_time":"117.502","alternatives":[{"confidence":"0.9914000000000001","content":"수집을"}],"type":"pronunciation"},{"start_time":"117.502","end_time":"118.222","alternatives":[{"confidence":"0.9616","content":"해가지고"}],"type":"pronunciation"},{"start_time":"118.582","end_time":"119.092","alternatives":[{"confidence":"0.9833","content":"가끔씩"}],"type":"pronunciation"},{"start_time":"119.092","end_time":"119.732","alternatives":[{"confidence":"0.9477","content":"이렇게"}],"type":"pronunciation"},{"start_time":"120.032","end_time":"120.222","alternatives":[{"confidence":"0.3954","content":"으로"}],"type":"pronunciation"},{"start_time":"120.222","end_time":"120.822","alternatives":[{"confidence":"0.9944","content":"접수시키는"}],"type":"pronunciation"},{"start_time":"120.822","end_time":"121.162","alternatives":[{"confidence":"1.0","content":"경우가"}],"type":"pronunciation"},{"start_time":"121.162","end_time":"122.022","alternatives":[{"confidence":"0.9936","content":"많더라고요"}],"type":"pronunciation"},{"alternatives":[{"confidence":"0.0","content":"."}],"type":"punctuation"},{"start_time":"122.542","end_time":"123.272","alternatives":[{"confidence":"0.9555","content":"그래가지고"}],"type":"pronunciation"},{"start_time":"123.762","end_time":"124.062","alternatives":[{"confidence":"0.9555","content":"어떤"}],"type":"pronunciation"},{"start_time":"124.062","end_time":"124.502","alternatives":[{"confidence":"0.9994","content":"분들은"}],"type":"pronunciation"},{"start_time":"124.592","end_time":"124.932","alternatives":[{"confidence":"0.8429","content":"하루에"}],"type":"pronunciation"},{"start_time":"124.932","end_time":"125.142","alternatives":[{"confidence":"0.4627","content":"전화"}],"type":"pronunciation"},{"start_time":"125.822","end_time":"126.222","alternatives":[{"confidence":"0.7632","content":"보고"}],"type":"pronunciation"},{"start_time":"126.222","end_time":"126.622","alternatives":[{"confidence":"0.9992","content":"그래도"}],"type":"pronunciation"},{"start_time":"126.682","end_time":"127.352","alternatives":[{"confidence":"0.8426","content":"그러더라고요"}],"type":"pronunciation"},{"alternatives":[{"confidence":"0.0","content":"."}],"type":"punctuation"},{"start_time":"128.252","end_time":"128.692","alternatives":[{"confidence":"0.999","content":"그러니까"}],"type":"pronunciation"},{"start_time":"128.692","end_time":"128.932","alternatives":[{"confidence":"0.9121","content":"저는"}],"type":"pronunciation"},{"start_time":"128.932","end_time":"129.092","alternatives":[{"confidence":"0.2899","content":"이거"}],"type":"pronunciation"},{"start_time":"129.862","end_time":"130.042","alternatives":[{"confidence":"0.8817","content":"제가"}],"type":"pronunciation"},{"start_time":"130.042","end_time":"130.372","alternatives":[{"confidence":"0.8264","content":"직장도"}],"type":"pronunciation"},{"start_time":"130.642","end_time":"130.722","alternatives":[{"confidence":"0.7101","content":"안"}],"type":"pronunciation"},{"start_time":"130.722","end_time":"130.912","alternatives":[{"confidence":"0.8757","content":"되는"}],"type":"pronunciation"},{"start_time":"130.912","end_time":"131.092","alternatives":[{"confidence":"0.9309","content":"걸로"}],"type":"pronunciation"},{"start_time":"131.392","end_time":"131.782","alternatives":[{"confidence":"0.9606","content":"해놓고"}],"type":"pronunciation"},{"start_time":"131.782","end_time":"132.142","alternatives":[{"confidence":"0.9508","content":"지금"}],"type":"pronunciation"},{"start_time":"132.382","end_time":"132.842","alternatives":[{"confidence":"0.9822","content":"지금"}],"type":"pronunciation"},{"start_time":"132.872","end_time":"133.122","alternatives":[{"confidence":"0.9843","content":"지금"}],"type":"pronunciation"},{"start_time":"133.122","end_time":"133.422","alternatives":[{"confidence":"0.9424","content":"중간에"}],"type":"pronunciation"},{"start_time":"133.422","end_time":"133.722","alternatives":[{"confidence":"0.85","content":"지금"}],"type":"pronunciation"},{"start_time":"136.24","end_time":"136.44","alternatives":[{"confidence":"0.2394","content":"그리고"}],"type":"pronunciation"},{"start_time":"136.44","end_time":"136.65","alternatives":[{"confidence":"0.9416","content":"지금"}],"type":"pronunciation"},{"start_time":"136.65","end_time":"136.9","alternatives":[{"confidence":"0.51135","content":"서류가"}],"type":"pronunciation"},{"start_time":"136.9","end_time":"137.42","alternatives":[{"confidence":"0.9624999999999999","content":"넘어가있으니까"}],"type":"pronunciation"},{"start_time":"137.42","end_time":"137.63","alternatives":[{"confidence":"0.9994","content":"빨리"}],"type":"pronunciation"},{"start_time":"137.63","end_time":"138.05","alternatives":[{"confidence":"0.9822500000000001","content":"진행하세요"}],"type":"pronunciation"},{"start_time":"138.05","end_time":"138.21","alternatives":[{"confidence":"0.9314","content":"이런"}],"type":"pronunciation"},{"start_time":"138.21","end_time":"138.44","alternatives":[{"confidence":"0.9314","content":"식으로"}],"type":"pronunciation"},{"start_time":"138.44","end_time":"138.73","alternatives":[{"confidence":"0.9713","content":"말씀을"}],"type":"pronunciation"},{"start_time":"138.73","end_time":"139.22","alternatives":[{"confidence":"0.9823","content":"하시더라고요"}],"type":"pronunciation"},{"alternatives":[{"confidence":"0.0","content":"."}],"type":"punctuation"},{"start_time":"140.52","end_time":"140.95","alternatives":[{"confidence":"0.9938","content":"일단은"}],"type":"pronunciation"},{"start_time":"142.41","end_time":"143.29","alternatives":[{"confidence":"0.9046000000000001","content":"가능하니까"}],"type":"pronunciation"},{"start_time":"143.69","end_time":"144.18","alternatives":[{"confidence":"0.985","content":"개별적으로"}],"type":"pronunciation"},{"start_time":"144.18","end_time":"144.52","alternatives":[{"confidence":"0.9999","content":"전화를"}],"type":"pronunciation"},{"start_time":"144.52","end_time":"144.99","alternatives":[{"confidence":"0.9912","content":"했어요"}],"type":"pronunciation"},{"alternatives":[{"confidence":"0.0","content":"."}],"type":"punctuation"},{"start_time":"145.08","end_time":"145.45","alternatives":[{"confidence":"0.9979","content":"진행을"}],"type":"pronunciation"},{"start_time":"145.45","end_time":"145.78","alternatives":[{"confidence":"1.0","content":"하시면"}],"type":"pronunciation"},{"start_time":"145.78","end_time":"146.4","alternatives":[{"confidence":"0.9991","content":"되겠습니다"}],"type":"pronunciation"},{"alternatives":[{"confidence":"0.0","content":"."}],"type":"punctuation"},{"start_time":"148.01","end_time":"148.31","alternatives":[{"confidence":"1.0","content":"일단"}],"type":"pronunciation"},{"start_time":"148.52","end_time":"148.9","alternatives":[{"confidence":"0.963","content":"그러면"}],"type":"pronunciation"},{"start_time":"149.7","end_time":"150.03","alternatives":[{"confidence":"0.8073","content":"선생님"}],"type":"pronunciation"},{"start_time":"150.42","end_time":"150.7","alternatives":[{"confidence":"0.5804","content":"되죠"}],"type":"pronunciation"},{"alternatives":[{"confidence":"0.0","content":"."}],"type":"punctuation"},{"start_time":"152.86","end_time":"153.16","alternatives":[{"confidence":"0.0984","content":"그렇죠"}],"type":"pronunciation"},{"alternatives":[{"confidence":"0.0","content":"."}],"type":"punctuation"},{"start_time":"153.86","end_time":"154.12","alternatives":[{"confidence":"1.0","content":"일단"}],"type":"pronunciation"},{"start_time":"154.12","end_time":"154.26","alternatives":[{"confidence":"0.996","content":"제가"}],"type":"pronunciation"},{"start_time":"154.26","end_time":"154.47","alternatives":[{"confidence":"0.8838","content":"한번"}],"type":"pronunciation"},{"start_time":"154.53","end_time":"154.87","alternatives":[{"confidence":"0.9921","content":"보고"}],"type":"pronunciation"},{"start_time":"154.87","end_time":"155.07","alternatives":[{"confidence":"0.7725","content":"저는"}],"type":"pronunciation"},{"start_time":"155.19","end_time":"155.41","alternatives":[{"confidence":"0.6938","content":"다시"}],"type":"pronunciation"},{"start_time":"155.53","end_time":"156.03","alternatives":[{"confidence":"0.9548","content":"드릴게요"}],"type":"pronunciation"},{"alternatives":[{"confidence":"0.0","content":"."}],"type":"punctuation"}]},"status":"COMPLETED"}