{"jobName":"transcribe_loan102","accountId":"097989105209","results":{"transcripts":[{"transcript":"있습니다. 대출금추정이후 연체가 없어질 경우 원리금 균등분할상환원금만개 이상 한 방식 중 상업방식일 회 변경 가능 하시며 중도상환수수료으니. 계약 만기 이전이라도 여유롭게 여유자금 있으실 때 부분 혹은 자유롭게 수술 없이 중도상환가능 하십니다. 대출약정기간은 어떻게 설정도와드릴까요 잠시만 설정 더 드리겠습니다. 그렇죠? 예, 다음으로 상환방식 설정 녹취하도록 하겠습니다. 상환방식은 원리금 균등분할상환과 원금만기 시상한 마디 두 가지 방식이 있으십니다 상환방식 원리금 으로 설정도와드릴 거고요. 지만요 다음으로 상한결제설정 놓지 하도록 하겠습니다. 지만요 예. 그리고 다음으로 이제 상한방법 설정 놓지 하도록 하겠습니다. 이자상환방법은 자동 이체와 상한전용계좌로 직접 송금하시는 방법 두 가지 방법이 자동이체 는 농협 계좌맞나요 점심을 들어주세요. 계약를 끝으로 대출 계약 및 보증서 발급계약 후에 주의사항에 대해서 안내 말씀 드리도록 하겠습니다. 예, 저희 한국자산관리공사는 고객님께서 대출금을 수령하신 계좌를 이 개월 정도 전산으로 자동 모니터링을 하게 됩니다. 그래서 모니터링 기간 동안 고객님께서는 이 개월 동안 카드사타대출 사 및 금융사에 대해 오늘 승인 되신 그 대출금을 포함해서 절대로 연체를 하시면 안 됩니다. 그리고 두 번째는 고객님께서는. 그런 것은 없으시겠지만 여러 다른 고객분들. 이들은 대출금액을 이용하여서, 사행성 오락이나, 불법 스포츠 도박자금 등으로 사용하셔서 전액 환수가 되신 분들이 가끔 계시는데 대출승인 금액을 사행성 오락, 유흥비 혹은 도박자금 이런 불법자금으로 사용되시는 게 거래 내역이 기재가 되면 불미스럽게도 드시고 회수이 계약이 취소될 수 있으니 이 점 참고해주시고 오개월 동안만 주의 해 주시기 바랍니다. 어제 모든 계약 완료 되셨고요. 예, 수고하셨습니다. 예. 한국자산관리공사 캠코 심사팀 과장이었습니다"}],"items":[{"start_time":"0.06","end_time":"0.63","alternatives":[{"confidence":"0.9646","content":"있습니다"}],"type":"pronunciation"},{"alternatives":[{"confidence":"0.0","content":"."}],"type":"punctuation"},{"start_time":"0.94","end_time":"1.74","alternatives":[{"confidence":"0.8095666666666667","content":"대출금추정이후"}],"type":"pronunciation"},{"start_time":"1.74","end_time":"2.08","alternatives":[{"confidence":"0.99725","content":"연체가"}],"type":"pronunciation"},{"start_time":"2.08","end_time":"2.4","alternatives":[{"confidence":"0.7941","content":"없어질"}],"type":"pronunciation"},{"start_time":"2.4","end_time":"2.72","alternatives":[{"confidence":"0.9963","content":"경우"}],"type":"pronunciation"},{"start_time":"2.72","end_time":"2.99","alternatives":[{"confidence":"0.83815","content":"원리금"}],"type":"pronunciation"},{"start_time":"2.99","end_time":"4.32","alternatives":[{"confidence":"0.7804666666666668","content":"균등분할상환원금만개"}],"type":"pronunciation"},{"start_time":"4.42","end_time":"4.6","alternatives":[{"confidence":"0.2534","content":"이상"}],"type":"pronunciation"},{"start_time":"4.6","end_time":"4.7","alternatives":[{"confidence":"0.2149","content":"한"}],"type":"pronunciation"},{"start_time":"4.7","end_time":"4.98","alternatives":[{"confidence":"0.8759","content":"방식"}],"type":"pronunciation"},{"start_time":"4.98","end_time":"5.26","alternatives":[{"confidence":"0.8572","content":"중"}],"type":"pronunciation"},{"start_time":"5.55","end_time":"6.23","alternatives":[{"confidence":"0.35733333333333334","content":"상업방식일"}],"type":"pronunciation"},{"start_time":"6.23","end_time":"6.31","alternatives":[{"confidence":"0.5601","content":"회"}],"type":"pronunciation"},{"start_time":"6.31","end_time":"6.63","alternatives":[{"confidence":"0.8939","content":"변경"}],"type":"pronunciation"},{"start_time":"6.63","end_time":"6.89","alternatives":[{"confidence":"0.8034","content":"가능"}],"type":"pronunciation"},{"start_time":"6.89","end_time":"7.35","alternatives":[{"confidence":"0.9916","content":"하시며"}],"type":"pronunciation"},{"start_time":"7.35","end_time":"8.59","alternatives":[{"confidence":"0.851325","content":"중도상환수수료으니"}],"type":"pronunciation"},{"alternatives":[{"confidence":"0.0","content":"."}],"type":"punctuation"},{"start_time":"8.96","end_time":"9.22","alternatives":[{"confidence":"0.537","content":"계약"}],"type":"pronunciation"},{"start_time":"9.22","end_time":"9.48","alternatives":[{"confidence":"0.9608","content":"만기"}],"type":"pronunciation"},{"start_time":"9.48","end_time":"9.97","alternatives":[{"confidence":"0.99245","content":"이전이라도"}],"type":"pronunciation"},{"start_time":"9.97","end_time":"10.85","alternatives":[{"confidence":"0.9998","content":"여유롭게"}],"type":"pronunciation"},{"start_time":"11.06","end_time":"11.49","alternatives":[{"confidence":"0.6919500000000001","content":"여유자금"}],"type":"pronunciation"},{"start_time":"11.49","end_time":"11.79","alternatives":[{"confidence":"0.97515","content":"있으실"}],"type":"pronunciation"},{"start_time":"11.79","end_time":"11.98","alternatives":[{"confidence":"0.8781","content":"때"}],"type":"pronunciation"},{"start_time":"11.98","end_time":"12.27","alternatives":[{"confidence":"0.7829","content":"부분"}],"type":"pronunciation"},{"start_time":"12.27","end_time":"12.66","alternatives":[{"confidence":"0.9925","content":"혹은"}],"type":"pronunciation"},{"start_time":"12.87","end_time":"13.35","alternatives":[{"confidence":"0.9994","content":"자유롭게"}],"type":"pronunciation"},{"start_time":"13.38","end_time":"13.64","alternatives":[{"confidence":"0.6972","content":"수술"}],"type":"pronunciation"},{"start_time":"13.64","end_time":"13.86","alternatives":[{"confidence":"1.0","content":"없이"}],"type":"pronunciation"},{"start_time":"13.86","end_time":"14.59","alternatives":[{"confidence":"0.6701666666666667","content":"중도상환가능"}],"type":"pronunciation"},{"start_time":"14.59","end_time":"14.97","alternatives":[{"confidence":"0.9987","content":"하십니다"}],"type":"pronunciation"},{"alternatives":[{"confidence":"0.0","content":"."}],"type":"punctuation"},{"start_time":"15.47","end_time":"16.55","alternatives":[{"confidence":"0.8375","content":"대출약정기간은"}],"type":"pronunciation"},{"start_time":"16.55","end_time":"16.81","alternatives":[{"confidence":"0.999","content":"어떻게"}],"type":"pronunciation"},{"start_time":"16.81","end_time":"17.8","alternatives":[{"confidence":"0.8443999999999999","content":"설정도와드릴까요"}],"type":"pronunciation"},{"start_time":"20.26","end_time":"20.65","alternatives":[{"confidence":"0.983","content":"잠시만"}],"type":"pronunciation"},{"start_time":"21.04","end_time":"21.32","alternatives":[{"confidence":"0.802","content":"설정"}],"type":"pronunciation"},{"start_time":"21.32","end_time":"21.44","alternatives":[{"confidence":"0.9615","content":"더"}],"type":"pronunciation"},{"start_time":"21.44","end_time":"22.17","alternatives":[{"confidence":"0.9997","content":"드리겠습니다"}],"type":"pronunciation"},{"alternatives":[{"confidence":"0.0","content":"."}],"type":"punctuation"},{"start_time":"23.83","end_time":"24.08","alternatives":[{"confidence":"0.7239","content":"그렇죠"}],"type":"pronunciation"},{"alternatives":[{"confidence":"0.0","content":"?"}],"type":"punctuation"},{"start_time":"25.02","end_time":"25.22","alternatives":[{"confidence":"0.6603","content":"예"}],"type":"pronunciation"},{"alternatives":[{"confidence":"0.0","content":","}],"type":"punctuation"},{"start_time":"25.25","end_time":"25.94","alternatives":[{"confidence":"0.9991","content":"다음으로"}],"type":"pronunciation"},{"start_time":"25.94","end_time":"26.48","alternatives":[{"confidence":"0.6724","content":"상환방식"}],"type":"pronunciation"},{"start_time":"26.48","end_time":"26.73","alternatives":[{"confidence":"0.7944","content":"설정"}],"type":"pronunciation"},{"start_time":"26.73","end_time":"27.19","alternatives":[{"confidence":"0.8912333333333334","content":"녹취하도록"}],"type":"pronunciation"},{"start_time":"27.19","end_time":"27.77","alternatives":[{"confidence":"0.9968","content":"하겠습니다"}],"type":"pronunciation"},{"alternatives":[{"confidence":"0.0","content":"."}],"type":"punctuation"},{"start_time":"28.25","end_time":"28.89","alternatives":[{"confidence":"0.7767","content":"상환방식은"}],"type":"pronunciation"},{"start_time":"28.89","end_time":"29.22","alternatives":[{"confidence":"0.78725","content":"원리금"}],"type":"pronunciation"},{"start_time":"29.22","end_time":"30.33","alternatives":[{"confidence":"0.54245","content":"균등분할상환과"}],"type":"pronunciation"},{"start_time":"30.45","end_time":"31.11","alternatives":[{"confidence":"0.8219333333333334","content":"원금만기"}],"type":"pronunciation"},{"start_time":"31.11","end_time":"31.51","alternatives":[{"confidence":"0.45640000000000003","content":"시상한"}],"type":"pronunciation"},{"start_time":"31.51","end_time":"31.79","alternatives":[{"confidence":"0.2218","content":"마디"}],"type":"pronunciation"},{"start_time":"31.82","end_time":"31.95","alternatives":[{"confidence":"0.8505","content":"두"}],"type":"pronunciation"},{"start_time":"31.95","end_time":"32.13","alternatives":[{"confidence":"0.8512","content":"가지"}],"type":"pronunciation"},{"start_time":"32.13","end_time":"32.49","alternatives":[{"confidence":"0.9992","content":"방식이"}],"type":"pronunciation"},{"start_time":"32.49","end_time":"33.04","alternatives":[{"confidence":"0.9978","content":"있으십니다"}],"type":"pronunciation"},{"start_time":"33.04","end_time":"33.55","alternatives":[{"confidence":"0.5185","content":"상환방식"}],"type":"pronunciation"},{"start_time":"36.74","end_time":"37.14","alternatives":[{"confidence":"0.31184999999999996","content":"원리금"}],"type":"pronunciation"},{"start_time":"37.47","end_time":"37.7","alternatives":[{"confidence":"0.9042","content":"으로"}],"type":"pronunciation"},{"start_time":"37.7","end_time":"38.42","alternatives":[{"confidence":"0.7314333333333334","content":"설정도와드릴"}],"type":"pronunciation"},{"start_time":"38.42","end_time":"38.84","alternatives":[{"confidence":"0.9934000000000001","content":"거고요"}],"type":"pronunciation"},{"alternatives":[{"confidence":"0.0","content":"."}],"type":"punctuation"},{"start_time":"39.0","end_time":"39.58","alternatives":[{"confidence":"0.9262","content":"지만요"}],"type":"pronunciation"},{"start_time":"42.69","end_time":"43.0","alternatives":[{"confidence":"1.0","content":"다음으로"}],"type":"pronunciation"},{"start_time":"43.0","end_time":"44.67","alternatives":[{"confidence":"0.565425","content":"상한결제설정"}],"type":"pronunciation"},{"start_time":"44.67","end_time":"44.92","alternatives":[{"confidence":"0.5801","content":"놓지"}],"type":"pronunciation"},{"start_time":"44.92","end_time":"45.22","alternatives":[{"confidence":"0.9999","content":"하도록"}],"type":"pronunciation"},{"start_time":"45.22","end_time":"45.63","alternatives":[{"confidence":"0.9991","content":"하겠습니다"}],"type":"pronunciation"},{"alternatives":[{"confidence":"0.0","content":"."}],"type":"punctuation"},{"start_time":"47.54","end_time":"48.25","alternatives":[{"confidence":"0.9147","content":"지만요"}],"type":"pronunciation"},{"start_time":"52.69","end_time":"52.88","alternatives":[{"confidence":"0.9136","content":"예"}],"type":"pronunciation"},{"alternatives":[{"confidence":"0.0","content":"."}],"type":"punctuation"},{"start_time":"52.88","end_time":"53.17","alternatives":[{"confidence":"0.9996","content":"그리고"}],"type":"pronunciation"},{"start_time":"53.17","end_time":"53.56","alternatives":[{"confidence":"0.9998","content":"다음으로"}],"type":"pronunciation"},{"start_time":"53.56","end_time":"53.82","alternatives":[{"confidence":"0.6292","content":"이제"}],"type":"pronunciation"},{"start_time":"53.85","end_time":"54.49","alternatives":[{"confidence":"0.5245333333333333","content":"상한방법"}],"type":"pronunciation"},{"start_time":"54.49","end_time":"54.75","alternatives":[{"confidence":"0.8417","content":"설정"}],"type":"pronunciation"},{"start_time":"54.75","end_time":"54.96","alternatives":[{"confidence":"0.4301","content":"놓지"}],"type":"pronunciation"},{"start_time":"54.96","end_time":"55.21","alternatives":[{"confidence":"0.9997","content":"하도록"}],"type":"pronunciation"},{"start_time":"55.21","end_time":"55.7","alternatives":[{"confidence":"0.9993","content":"하겠습니다"}],"type":"pronunciation"},{"alternatives":[{"confidence":"0.0","content":"."}],"type":"punctuation"},{"start_time":"55.7","end_time":"56.77","alternatives":[{"confidence":"0.5631","content":"이자상환방법은"}],"type":"pronunciation"},{"start_time":"57.04","end_time":"57.36","alternatives":[{"confidence":"0.7245","content":"자동"}],"type":"pronunciation"},{"start_time":"57.36","end_time":"57.71","alternatives":[{"confidence":"0.9574666666666666","content":"이체와"}],"type":"pronunciation"},{"start_time":"57.71","end_time":"58.65","alternatives":[{"confidence":"0.6204","content":"상한전용계좌로"}],"type":"pronunciation"},{"start_time":"58.65","end_time":"58.97","alternatives":[{"confidence":"0.9992","content":"직접"}],"type":"pronunciation"},{"start_time":"58.97","end_time":"59.48","alternatives":[{"confidence":"0.9697","content":"송금하시는"}],"type":"pronunciation"},{"start_time":"59.48","end_time":"59.71","alternatives":[{"confidence":"0.6856","content":"방법"}],"type":"pronunciation"},{"start_time":"59.71","end_time":"59.83","alternatives":[{"confidence":"0.9769","content":"두"}],"type":"pronunciation"},{"start_time":"59.83","end_time":"60.0","alternatives":[{"confidence":"0.978","content":"가지"}],"type":"pronunciation"},{"start_time":"60.0","end_time":"60.34","alternatives":[{"confidence":"0.6876","content":"방법이"}],"type":"pronunciation"},{"start_time":"62.11","end_time":"62.63","alternatives":[{"confidence":"0.7252000000000001","content":"자동이체"}],"type":"pronunciation"},{"start_time":"62.63","end_time":"62.87","alternatives":[{"confidence":"0.7036","content":"는"}],"type":"pronunciation"},{"start_time":"62.87","end_time":"63.18","alternatives":[{"confidence":"0.7221","content":"농협"}],"type":"pronunciation"},{"start_time":"63.18","end_time":"64.81","alternatives":[{"confidence":"0.7835666666666666","content":"계좌맞나요"}],"type":"pronunciation"},{"start_time":"65.87","end_time":"66.26","alternatives":[{"confidence":"0.3692","content":"점심을"}],"type":"pronunciation"},{"start_time":"66.32","end_time":"67.04","alternatives":[{"confidence":"0.8140499999999999","content":"들어주세요"}],"type":"pronunciation"},{"alternatives":[{"confidence":"0.0","content":"."}],"type":"punctuation"},{"start_time":"70.35","end_time":"70.94","alternatives":[{"confidence":"0.49739999999999995","content":"계약를"}],"type":"pronunciation"},{"start_time":"70.94","end_time":"71.84","alternatives":[{"confidence":"1.0","content":"끝으로"}],"type":"pronunciation"},{"start_time":"71.93","end_time":"72.23","alternatives":[{"confidence":"0.5359","content":"대출"}],"type":"pronunciation"},{"start_time":"72.23","end_time":"72.47","alternatives":[{"confidence":"0.647","content":"계약"}],"type":"pronunciation"},{"start_time":"72.47","end_time":"72.61","alternatives":[{"confidence":"0.9716","content":"및"}],"type":"pronunciation"},{"start_time":"72.61","end_time":"72.9","alternatives":[{"confidence":"0.9604","content":"보증서"}],"type":"pronunciation"},{"start_time":"72.9","end_time":"73.45","alternatives":[{"confidence":"0.7571","content":"발급계약"}],"type":"pronunciation"},{"start_time":"73.45","end_time":"73.71","alternatives":[{"confidence":"0.9859","content":"후에"}],"type":"pronunciation"},{"start_time":"73.71","end_time":"74.32","alternatives":[{"confidence":"0.9219999999999999","content":"주의사항에"}],"type":"pronunciation"},{"start_time":"74.32","end_time":"74.59","alternatives":[{"confidence":"0.9996","content":"대해서"}],"type":"pronunciation"},{"start_time":"74.59","end_time":"74.8","alternatives":[{"confidence":"0.8411","content":"안내"}],"type":"pronunciation"},{"start_time":"74.8","end_time":"75.09","alternatives":[{"confidence":"0.9798","content":"말씀"}],"type":"pronunciation"},{"start_time":"75.09","end_time":"75.43","alternatives":[{"confidence":"0.98935","content":"드리도록"}],"type":"pronunciation"},{"start_time":"75.43","end_time":"76.06","alternatives":[{"confidence":"1.0","content":"하겠습니다"}],"type":"pronunciation"},{"alternatives":[{"confidence":"0.0","content":"."}],"type":"punctuation"},{"start_time":"76.47","end_time":"76.65","alternatives":[{"confidence":"0.7474","content":"예"}],"type":"pronunciation"},{"alternatives":[{"confidence":"0.0","content":","}],"type":"punctuation"},{"start_time":"76.87","end_time":"77.05","alternatives":[{"confidence":"0.9764","content":"저희"}],"type":"pronunciation"},{"start_time":"77.05","end_time":"78.07","alternatives":[{"confidence":"0.979925","content":"한국자산관리공사는"}],"type":"pronunciation"},{"start_time":"78.07","end_time":"78.7","alternatives":[{"confidence":"0.9714","content":"고객님께서"}],"type":"pronunciation"},{"start_time":"78.7","end_time":"79.17","alternatives":[{"confidence":"0.9876499999999999","content":"대출금을"}],"type":"pronunciation"},{"start_time":"79.17","end_time":"79.61","alternatives":[{"confidence":"0.7880499999999999","content":"수령하신"}],"type":"pronunciation"},{"start_time":"79.61","end_time":"80.26","alternatives":[{"confidence":"0.9989","content":"계좌를"}],"type":"pronunciation"},{"start_time":"80.5","end_time":"80.64","alternatives":[{"confidence":"0.4859","content":"이"}],"type":"pronunciation"},{"start_time":"80.64","end_time":"80.86","alternatives":[{"confidence":"0.8478","content":"개월"}],"type":"pronunciation"},{"start_time":"80.86","end_time":"81.29","alternatives":[{"confidence":"0.9398","content":"정도"}],"type":"pronunciation"},{"start_time":"81.29","end_time":"81.78","alternatives":[{"confidence":"1.0","content":"전산으로"}],"type":"pronunciation"},{"start_time":"81.78","end_time":"82.08","alternatives":[{"confidence":"0.9656","content":"자동"}],"type":"pronunciation"},{"start_time":"82.08","end_time":"82.67","alternatives":[{"confidence":"0.9944500000000001","content":"모니터링을"}],"type":"pronunciation"},{"start_time":"82.67","end_time":"82.85","alternatives":[{"confidence":"0.9911","content":"하게"}],"type":"pronunciation"},{"start_time":"82.85","end_time":"83.23","alternatives":[{"confidence":"1.0","content":"됩니다"}],"type":"pronunciation"},{"alternatives":[{"confidence":"0.0","content":"."}],"type":"punctuation"},{"start_time":"83.23","end_time":"83.47","alternatives":[{"confidence":"0.9999","content":"그래서"}],"type":"pronunciation"},{"start_time":"83.47","end_time":"83.91","alternatives":[{"confidence":"0.9247","content":"모니터링"}],"type":"pronunciation"},{"start_time":"83.91","end_time":"84.17","alternatives":[{"confidence":"0.904","content":"기간"}],"type":"pronunciation"},{"start_time":"84.17","end_time":"84.56","alternatives":[{"confidence":"0.898","content":"동안"}],"type":"pronunciation"},{"start_time":"84.56","end_time":"85.25","alternatives":[{"confidence":"0.5186","content":"고객님께서는"}],"type":"pronunciation"},{"start_time":"85.25","end_time":"85.39","alternatives":[{"confidence":"0.5219","content":"이"}],"type":"pronunciation"},{"start_time":"85.39","end_time":"85.61","alternatives":[{"confidence":"0.6332","content":"개월"}],"type":"pronunciation"},{"start_time":"85.61","end_time":"85.99","alternatives":[{"confidence":"0.9843","content":"동안"}],"type":"pronunciation"},{"start_time":"85.99","end_time":"87.01","alternatives":[{"confidence":"0.7012666666666667","content":"카드사타대출"}],"type":"pronunciation"},{"start_time":"87.01","end_time":"87.15","alternatives":[{"confidence":"0.5473","content":"사"}],"type":"pronunciation"},{"start_time":"87.15","end_time":"87.48","alternatives":[{"confidence":"0.9829","content":"및"}],"type":"pronunciation"},{"start_time":"87.68","end_time":"88.22","alternatives":[{"confidence":"0.9722500000000001","content":"금융사에"}],"type":"pronunciation"},{"start_time":"88.22","end_time":"88.42","alternatives":[{"confidence":"1.0","content":"대해"}],"type":"pronunciation"},{"start_time":"88.42","end_time":"88.76","alternatives":[{"confidence":"0.9631","content":"오늘"}],"type":"pronunciation"},{"start_time":"88.76","end_time":"89.02","alternatives":[{"confidence":"0.6902","content":"승인"}],"type":"pronunciation"},{"start_time":"89.02","end_time":"89.51","alternatives":[{"confidence":"0.8636","content":"되신"}],"type":"pronunciation"},{"start_time":"90.0","end_time":"90.12","alternatives":[{"confidence":"0.348","content":"그"}],"type":"pronunciation"},{"start_time":"90.12","end_time":"90.57","alternatives":[{"confidence":"0.9998","content":"대출금을"}],"type":"pronunciation"},{"start_time":"90.57","end_time":"90.94","alternatives":[{"confidence":"0.9981","content":"포함해서"}],"type":"pronunciation"},{"start_time":"90.94","end_time":"91.33","alternatives":[{"confidence":"0.9989","content":"절대로"}],"type":"pronunciation"},{"start_time":"91.33","end_time":"91.68","alternatives":[{"confidence":"0.9592499999999999","content":"연체를"}],"type":"pronunciation"},{"start_time":"91.68","end_time":"91.94","alternatives":[{"confidence":"1.0","content":"하시면"}],"type":"pronunciation"},{"start_time":"91.94","end_time":"92.04","alternatives":[{"confidence":"0.7745","content":"안"}],"type":"pronunciation"},{"start_time":"92.04","end_time":"92.44","alternatives":[{"confidence":"0.7749","content":"됩니다"}],"type":"pronunciation"},{"alternatives":[{"confidence":"0.0","content":"."}],"type":"punctuation"},{"start_time":"92.9","end_time":"93.17","alternatives":[{"confidence":"1.0","content":"그리고"}],"type":"pronunciation"},{"start_time":"93.17","end_time":"93.3","alternatives":[{"confidence":"0.903","content":"두"}],"type":"pronunciation"},{"start_time":"93.3","end_time":"93.65","alternatives":[{"confidence":"0.902","content":"번째는"}],"type":"pronunciation"},{"start_time":"93.65","end_time":"94.3","alternatives":[{"confidence":"0.5522499999999999","content":"고객님께서는"}],"type":"pronunciation"},{"alternatives":[{"confidence":"0.0","content":"."}],"type":"punctuation"},{"start_time":"94.3","end_time":"94.55","alternatives":[{"confidence":"0.5817","content":"그런"}],"type":"pronunciation"},{"start_time":"94.97","end_time":"95.36","alternatives":[{"confidence":"0.4771","content":"것은"}],"type":"pronunciation"},{"start_time":"95.36","end_time":"96.31","alternatives":[{"confidence":"1.0","content":"없으시겠지만"}],"type":"pronunciation"},{"start_time":"96.61","end_time":"96.85","alternatives":[{"confidence":"0.9195","content":"여러"}],"type":"pronunciation"},{"start_time":"96.85","end_time":"97.14","alternatives":[{"confidence":"0.9926","content":"다른"}],"type":"pronunciation"},{"start_time":"97.14","end_time":"97.59","alternatives":[{"confidence":"0.8636","content":"고객분들"}],"type":"pronunciation"},{"alternatives":[{"confidence":"0.0","content":"."}],"type":"punctuation"},{"start_time":"97.63","end_time":"97.9","alternatives":[{"confidence":"0.1061","content":"이들은"}],"type":"pronunciation"},{"start_time":"98.0","end_time":"98.7","alternatives":[{"confidence":"0.69665","content":"대출금액을"}],"type":"pronunciation"},{"start_time":"98.7","end_time":"99.62","alternatives":[{"confidence":"0.98495","content":"이용하여서"}],"type":"pronunciation"},{"alternatives":[{"confidence":"0.0","content":","}],"type":"punctuation"},{"start_time":"99.85","end_time":"100.4","alternatives":[{"confidence":"0.99865","content":"사행성"}],"type":"pronunciation"},{"start_time":"100.4","end_time":"100.89","alternatives":[{"confidence":"0.99295","content":"오락이나"}],"type":"pronunciation"},{"alternatives":[{"confidence":"0.0","content":","}],"type":"punctuation"},{"start_time":"100.89","end_time":"101.25","alternatives":[{"confidence":"0.9675","content":"불법"}],"type":"pronunciation"},{"start_time":"101.25","end_time":"101.72","alternatives":[{"confidence":"0.8054","content":"스포츠"}],"type":"pronunciation"},{"start_time":"101.72","end_time":"102.25","alternatives":[{"confidence":"0.9996","content":"도박자금"}],"type":"pronunciation"},{"start_time":"102.25","end_time":"102.56","alternatives":[{"confidence":"0.9999","content":"등으로"}],"type":"pronunciation"},{"start_time":"102.56","end_time":"103.35","alternatives":[{"confidence":"0.9790000000000001","content":"사용하셔서"}],"type":"pronunciation"},{"start_time":"103.35","end_time":"103.64","alternatives":[{"confidence":"0.7687","content":"전액"}],"type":"pronunciation"},{"start_time":"103.64","end_time":"104.02","alternatives":[{"confidence":"0.9660500000000001","content":"환수가"}],"type":"pronunciation"},{"start_time":"104.02","end_time":"104.27","alternatives":[{"confidence":"0.9937","content":"되신"}],"type":"pronunciation"},{"start_time":"104.27","end_time":"104.53","alternatives":[{"confidence":"1.0","content":"분들이"}],"type":"pronunciation"},{"start_time":"104.53","end_time":"104.79","alternatives":[{"confidence":"0.989","content":"가끔"}],"type":"pronunciation"},{"start_time":"104.79","end_time":"105.43","alternatives":[{"confidence":"0.9988","content":"계시는데"}],"type":"pronunciation"},{"start_time":"105.46","end_time":"106.05","alternatives":[{"confidence":"0.79985","content":"대출승인"}],"type":"pronunciation"},{"start_time":"106.05","end_time":"106.43","alternatives":[{"confidence":"0.9596","content":"금액을"}],"type":"pronunciation"},{"start_time":"106.43","end_time":"107.0","alternatives":[{"confidence":"0.99735","content":"사행성"}],"type":"pronunciation"},{"start_time":"107.0","end_time":"107.32","alternatives":[{"confidence":"0.9924","content":"오락"}],"type":"pronunciation"},{"alternatives":[{"confidence":"0.0","content":","}],"type":"punctuation"},{"start_time":"107.32","end_time":"107.75","alternatives":[{"confidence":"0.9822500000000001","content":"유흥비"}],"type":"pronunciation"},{"start_time":"107.75","end_time":"108.03","alternatives":[{"confidence":"0.9937","content":"혹은"}],"type":"pronunciation"},{"start_time":"108.03","end_time":"108.53","alternatives":[{"confidence":"0.8912","content":"도박자금"}],"type":"pronunciation"},{"start_time":"108.53","end_time":"108.69","alternatives":[{"confidence":"0.9766","content":"이런"}],"type":"pronunciation"},{"start_time":"108.69","end_time":"109.39","alternatives":[{"confidence":"0.92655","content":"불법자금으로"}],"type":"pronunciation"},{"start_time":"109.39","end_time":"109.98","alternatives":[{"confidence":"0.8349333333333333","content":"사용되시는"}],"type":"pronunciation"},{"start_time":"109.98","end_time":"110.09","alternatives":[{"confidence":"0.5013","content":"게"}],"type":"pronunciation"},{"start_time":"110.15","end_time":"110.39","alternatives":[{"confidence":"0.536","content":"거래"}],"type":"pronunciation"},{"start_time":"110.39","end_time":"110.77","alternatives":[{"confidence":"0.81325","content":"내역이"}],"type":"pronunciation"},{"start_time":"110.77","end_time":"111.14","alternatives":[{"confidence":"0.99675","content":"기재가"}],"type":"pronunciation"},{"start_time":"111.14","end_time":"111.62","alternatives":[{"confidence":"0.991","content":"되면"}],"type":"pronunciation"},{"start_time":"111.91","end_time":"112.84","alternatives":[{"confidence":"0.768875","content":"불미스럽게도"}],"type":"pronunciation"},{"start_time":"112.84","end_time":"113.21","alternatives":[{"confidence":"0.8758","content":"드시고"}],"type":"pronunciation"},{"start_time":"113.21","end_time":"113.66","alternatives":[{"confidence":"0.76615","content":"회수이"}],"type":"pronunciation"},{"start_time":"113.66","end_time":"114.02","alternatives":[{"confidence":"1.0","content":"계약이"}],"type":"pronunciation"},{"start_time":"114.02","end_time":"114.32","alternatives":[{"confidence":"0.99915","content":"취소될"}],"type":"pronunciation"},{"start_time":"114.32","end_time":"114.46","alternatives":[{"confidence":"1.0","content":"수"}],"type":"pronunciation"},{"start_time":"114.46","end_time":"115.02","alternatives":[{"confidence":"1.0","content":"있으니"}],"type":"pronunciation"},{"start_time":"115.23","end_time":"115.33","alternatives":[{"confidence":"0.8454","content":"이"}],"type":"pronunciation"},{"start_time":"115.33","end_time":"115.54","alternatives":[{"confidence":"0.8486","content":"점"}],"type":"pronunciation"},{"start_time":"115.54","end_time":"116.32","alternatives":[{"confidence":"0.94695","content":"참고해주시고"}],"type":"pronunciation"},{"start_time":"116.32","end_time":"116.62","alternatives":[{"confidence":"0.67055","content":"오개월"}],"type":"pronunciation"},{"start_time":"116.62","end_time":"117.15","alternatives":[{"confidence":"0.9496","content":"동안만"}],"type":"pronunciation"},{"start_time":"117.15","end_time":"117.37","alternatives":[{"confidence":"0.545","content":"주의"}],"type":"pronunciation"},{"start_time":"117.37","end_time":"117.46","alternatives":[{"confidence":"0.3538","content":"해"}],"type":"pronunciation"},{"start_time":"117.46","end_time":"117.83","alternatives":[{"confidence":"0.3691","content":"주시기"}],"type":"pronunciation"},{"start_time":"117.83","end_time":"118.2","alternatives":[{"confidence":"0.9845","content":"바랍니다"}],"type":"pronunciation"},{"alternatives":[{"confidence":"0.0","content":"."}],"type":"punctuation"},{"start_time":"119.9","end_time":"120.11","alternatives":[{"confidence":"0.4444","content":"어제"}],"type":"pronunciation"},{"start_time":"120.11","end_time":"120.36","alternatives":[{"confidence":"0.9945","content":"모든"}],"type":"pronunciation"},{"start_time":"120.36","end_time":"120.57","alternatives":[{"confidence":"0.3584","content":"계약"}],"type":"pronunciation"},{"start_time":"121.17","end_time":"121.5","alternatives":[{"confidence":"0.2632","content":"완료"}],"type":"pronunciation"},{"start_time":"121.5","end_time":"122.1","alternatives":[{"confidence":"0.9904","content":"되셨고요"}],"type":"pronunciation"},{"alternatives":[{"confidence":"0.0","content":"."}],"type":"punctuation"},{"start_time":"122.13","end_time":"122.26","alternatives":[{"confidence":"0.7915","content":"예"}],"type":"pronunciation"},{"alternatives":[{"confidence":"0.0","content":","}],"type":"punctuation"},{"start_time":"122.29","end_time":"123.0","alternatives":[{"confidence":"0.9994","content":"수고하셨습니다"}],"type":"pronunciation"},{"alternatives":[{"confidence":"0.0","content":"."}],"type":"punctuation"},{"start_time":"124.29","end_time":"124.85","alternatives":[{"confidence":"0.8997","content":"예"}],"type":"pronunciation"},{"alternatives":[{"confidence":"0.0","content":"."}],"type":"punctuation"},{"start_time":"124.85","end_time":"125.71","alternatives":[{"confidence":"0.9863","content":"한국자산관리공사"}],"type":"pronunciation"},{"start_time":"125.71","end_time":"125.97","alternatives":[{"confidence":"0.4149","content":"캠코"}],"type":"pronunciation"},{"start_time":"125.97","end_time":"126.39","alternatives":[{"confidence":"0.0022500000000000003","content":"심사팀"}],"type":"pronunciation"},{"start_time":"126.6","end_time":"127.23","alternatives":[{"confidence":"0.52825","content":"과장이었습니다"}],"type":"pronunciation"}]},"status":"COMPLETED"}