{"jobName":"transcribe_loan164","accountId":"097989105209","results":{"transcripts":[{"transcript":"네. 님입니다 지금 일단 심사 결과 나오셨는데요 잠시 통화 괜찮으실까요 일단 지금 가능하신 겁니까? 지금 삼천만원의 구점칠 프로 육십 개월로 지금 일단 서류심사좋게 나오셨어요 매달 아빠 시 금액이 정확한 금액이 육십 삼 만 이천구백구십이 원이시고요 이 중에 원금은 삼십구 만 사백구십 원씩 이자는 이십사 만 이천오백 원 씩 나가실 예정이십니다 저희가 이쪽으로 설정잡아드릴 건데 이정대해서 동의하십니까 그러시고 지금 약정이는 저희가 며칠 남았도움드려볼까요 대출약정님 매달 원금하고 이제 납부하실 날짜 설정이 가능하십니다 오일 십오 일 이십오 일 삼십일 늦게까지 님 그러면은 이십일 날짜로 저희가 압적인 국무 공지해드릴 거고 일단은 저희가 이제 운동할 겁니다. 지금 연말이기 때문에 좀 지연이 돼가지고 몇 십분 정도 걸리적이신데 연동기자가 들어가시면 고인이 국민은 계좌에서 저희 쪽으로 지급보증 비용 납부가 바로 가능 하신겁니까 그러시면 자동으로 바로 고인께서 이체를 해주셔야 되는 거예요. 증서발행의사가 있는지 없는지 직접 위치를 해주셔서 송금을 해주셔야 됩니다. 어떤 님 회사 계좌에 말씀하시는 거예요? 아니죠. 계좌는 개인 실명기자 들어가실 거예요. 저희가 팀장이 이상급 들로 팀장이 성함을 직접 들어가실 겁니다. 개인 기자가 그러면 원래 그게 그랬다라고. 지금 확정승리서까지 나오셨으면 대충 나가시는 거고 왜 개인 기자로 말씀드리면은? 작년까지만 해도 법인기자 설정으로 이제 가능하셨는데 은 받는 과정 중에서 문제 상의 가루가 발생이 되십니다, 그때마다 이제 담당자들이 책임을 회피하기 때문에 일대일 멘토형식으로 담당자가 팀장이상급 들로 지적이 되시는 거예요. 나중에 안 처리까지 사십팔 만원 받아 가시는 거니까요. 이해가 되십니까? 번호 공일공 어떻게 된 거죠? 김민철입니다 지금 바로 통일가능하신가요 그러시면은. 알겠습니다. 네"}],"items":[{"start_time":"1.62","end_time":"1.83","alternatives":[{"confidence":"0.0023","content":"네"}],"type":"pronunciation"},{"alternatives":[{"confidence":"0.0","content":"."}],"type":"punctuation"},{"start_time":"2.16","end_time":"3.21","alternatives":[{"confidence":"0.5312","content":"님입니다"}],"type":"pronunciation"},{"start_time":"3.65","end_time":"3.91","alternatives":[{"confidence":"0.9894","content":"지금"}],"type":"pronunciation"},{"start_time":"3.91","end_time":"4.32","alternatives":[{"confidence":"1.0","content":"일단"}],"type":"pronunciation"},{"start_time":"4.32","end_time":"4.58","alternatives":[{"confidence":"0.8474","content":"심사"}],"type":"pronunciation"},{"start_time":"4.58","end_time":"4.79","alternatives":[{"confidence":"0.489","content":"결과"}],"type":"pronunciation"},{"start_time":"4.79","end_time":"5.56","alternatives":[{"confidence":"0.9965666666666667","content":"나오셨는데요"}],"type":"pronunciation"},{"start_time":"5.62","end_time":"5.83","alternatives":[{"confidence":"0.942","content":"잠시"}],"type":"pronunciation"},{"start_time":"5.83","end_time":"6.0","alternatives":[{"confidence":"0.9973","content":"통화"}],"type":"pronunciation"},{"start_time":"6.0","end_time":"6.95","alternatives":[{"confidence":"1.0","content":"괜찮으실까요"}],"type":"pronunciation"},{"start_time":"8.59","end_time":"8.84","alternatives":[{"confidence":"1.0","content":"일단"}],"type":"pronunciation"},{"start_time":"8.84","end_time":"9.02","alternatives":[{"confidence":"0.9485","content":"지금"}],"type":"pronunciation"},{"start_time":"9.21","end_time":"9.6","alternatives":[{"confidence":"0.5661","content":"가능하신"}],"type":"pronunciation"},{"start_time":"9.6","end_time":"9.88","alternatives":[{"confidence":"1.0","content":"겁니까"}],"type":"pronunciation"},{"alternatives":[{"confidence":"0.0","content":"?"}],"type":"punctuation"},{"start_time":"12.21","end_time":"12.42","alternatives":[{"confidence":"0.9803","content":"지금"}],"type":"pronunciation"},{"start_time":"12.42","end_time":"13.06","alternatives":[{"confidence":"0.42849999999999994","content":"삼천만원의"}],"type":"pronunciation"},{"start_time":"13.06","end_time":"13.6","alternatives":[{"confidence":"0.9018","content":"구점칠"}],"type":"pronunciation"},{"start_time":"13.6","end_time":"14.04","alternatives":[{"confidence":"0.9113","content":"프로"}],"type":"pronunciation"},{"start_time":"14.04","end_time":"14.31","alternatives":[{"confidence":"0.9271","content":"육십"}],"type":"pronunciation"},{"start_time":"14.31","end_time":"14.66","alternatives":[{"confidence":"0.9706","content":"개월로"}],"type":"pronunciation"},{"start_time":"14.66","end_time":"14.96","alternatives":[{"confidence":"0.994","content":"지금"}],"type":"pronunciation"},{"start_time":"14.96","end_time":"15.21","alternatives":[{"confidence":"0.8643","content":"일단"}],"type":"pronunciation"},{"start_time":"15.21","end_time":"15.95","alternatives":[{"confidence":"0.7553","content":"서류심사좋게"}],"type":"pronunciation"},{"start_time":"15.95","end_time":"16.82","alternatives":[{"confidence":"0.9961","content":"나오셨어요"}],"type":"pronunciation"},{"start_time":"17.33","end_time":"17.66","alternatives":[{"confidence":"0.9695","content":"매달"}],"type":"pronunciation"},{"start_time":"17.66","end_time":"17.91","alternatives":[{"confidence":"0.3325","content":"아빠"}],"type":"pronunciation"},{"start_time":"17.91","end_time":"18.01","alternatives":[{"confidence":"0.1656","content":"시"}],"type":"pronunciation"},{"start_time":"18.01","end_time":"18.34","alternatives":[{"confidence":"0.9993","content":"금액이"}],"type":"pronunciation"},{"start_time":"18.34","end_time":"18.7","alternatives":[{"confidence":"1.0","content":"정확한"}],"type":"pronunciation"},{"start_time":"18.7","end_time":"19.13","alternatives":[{"confidence":"1.0","content":"금액이"}],"type":"pronunciation"},{"start_time":"19.13","end_time":"19.43","alternatives":[{"confidence":"0.534","content":"육십"}],"type":"pronunciation"},{"start_time":"19.43","end_time":"19.65","alternatives":[{"confidence":"0.3881","content":"삼"}],"type":"pronunciation"},{"start_time":"19.65","end_time":"19.99","alternatives":[{"confidence":"0.9211","content":"만"}],"type":"pronunciation"},{"start_time":"19.99","end_time":"21.1","alternatives":[{"confidence":"0.95365","content":"이천구백구십이"}],"type":"pronunciation"},{"start_time":"21.1","end_time":"21.83","alternatives":[{"confidence":"0.9174000000000001","content":"원이시고요"}],"type":"pronunciation"},{"start_time":"23.63","end_time":"23.75","alternatives":[{"confidence":"0.5943","content":"이"}],"type":"pronunciation"},{"start_time":"23.75","end_time":"23.97","alternatives":[{"confidence":"0.9172","content":"중에"}],"type":"pronunciation"},{"start_time":"23.97","end_time":"24.37","alternatives":[{"confidence":"0.9995","content":"원금은"}],"type":"pronunciation"},{"start_time":"24.37","end_time":"24.77","alternatives":[{"confidence":"0.5813","content":"삼십구"}],"type":"pronunciation"},{"start_time":"24.77","end_time":"24.95","alternatives":[{"confidence":"0.5822","content":"만"}],"type":"pronunciation"},{"start_time":"24.95","end_time":"25.58","alternatives":[{"confidence":"0.987","content":"사백구십"}],"type":"pronunciation"},{"start_time":"25.7","end_time":"26.12","alternatives":[{"confidence":"0.3068","content":"원씩"}],"type":"pronunciation"},{"start_time":"26.5","end_time":"26.87","alternatives":[{"confidence":"0.8324","content":"이자는"}],"type":"pronunciation"},{"start_time":"26.87","end_time":"27.19","alternatives":[{"confidence":"0.8334","content":"이십사"}],"type":"pronunciation"},{"start_time":"27.19","end_time":"27.32","alternatives":[{"confidence":"0.977","content":"만"}],"type":"pronunciation"},{"start_time":"27.32","end_time":"27.73","alternatives":[{"confidence":"0.6691","content":"이천오백"}],"type":"pronunciation"},{"start_time":"27.73","end_time":"27.79","alternatives":[{"confidence":"0.4046","content":"원"}],"type":"pronunciation"},{"start_time":"27.79","end_time":"27.89","alternatives":[{"confidence":"0.3951","content":"씩"}],"type":"pronunciation"},{"start_time":"27.89","end_time":"28.16","alternatives":[{"confidence":"0.7474000000000001","content":"나가실"}],"type":"pronunciation"},{"start_time":"28.16","end_time":"28.96","alternatives":[{"confidence":"0.8685","content":"예정이십니다"}],"type":"pronunciation"},{"start_time":"29.41","end_time":"29.66","alternatives":[{"confidence":"1.0","content":"저희가"}],"type":"pronunciation"},{"start_time":"29.66","end_time":"29.94","alternatives":[{"confidence":"0.9996","content":"이쪽으로"}],"type":"pronunciation"},{"start_time":"29.94","end_time":"30.56","alternatives":[{"confidence":"0.8140000000000001","content":"설정잡아드릴"}],"type":"pronunciation"},{"start_time":"30.56","end_time":"30.98","alternatives":[{"confidence":"0.9989","content":"건데"}],"type":"pronunciation"},{"start_time":"30.98","end_time":"31.46","alternatives":[{"confidence":"0.47225","content":"이정대해서"}],"type":"pronunciation"},{"start_time":"31.46","end_time":"32.16","alternatives":[{"confidence":"0.9902","content":"동의하십니까"}],"type":"pronunciation"},{"start_time":"35.08","end_time":"35.51","alternatives":[{"confidence":"0.8717","content":"그러시고"}],"type":"pronunciation"},{"start_time":"35.51","end_time":"36.05","alternatives":[{"confidence":"0.9705","content":"지금"}],"type":"pronunciation"},{"start_time":"36.05","end_time":"36.56","alternatives":[{"confidence":"0.9521999999999999","content":"약정이는"}],"type":"pronunciation"},{"start_time":"36.56","end_time":"36.77","alternatives":[{"confidence":"0.9999","content":"저희가"}],"type":"pronunciation"},{"start_time":"36.77","end_time":"37.08","alternatives":[{"confidence":"0.9726","content":"며칠"}],"type":"pronunciation"},{"start_time":"37.08","end_time":"38.34","alternatives":[{"confidence":"0.7481249999999999","content":"남았도움드려볼까요"}],"type":"pronunciation"},{"start_time":"41.11","end_time":"42.41","alternatives":[{"confidence":"0.6669666666666667","content":"대출약정님"}],"type":"pronunciation"},{"start_time":"42.66","end_time":"43.06","alternatives":[{"confidence":"0.9978","content":"매달"}],"type":"pronunciation"},{"start_time":"43.06","end_time":"43.42","alternatives":[{"confidence":"0.9964","content":"원금하고"}],"type":"pronunciation"},{"start_time":"43.42","end_time":"43.57","alternatives":[{"confidence":"0.9956","content":"이제"}],"type":"pronunciation"},{"start_time":"43.57","end_time":"44.01","alternatives":[{"confidence":"0.9689","content":"납부하실"}],"type":"pronunciation"},{"start_time":"44.01","end_time":"44.36","alternatives":[{"confidence":"0.6577","content":"날짜"}],"type":"pronunciation"},{"start_time":"49.53","end_time":"49.78","alternatives":[{"confidence":"0.7027","content":"설정이"}],"type":"pronunciation"},{"start_time":"49.78","end_time":"50.36","alternatives":[{"confidence":"0.9049","content":"가능하십니다"}],"type":"pronunciation"},{"start_time":"50.36","end_time":"50.77","alternatives":[{"confidence":"0.01115","content":"오일"}],"type":"pronunciation"},{"start_time":"50.77","end_time":"51.05","alternatives":[{"confidence":"0.041","content":"십오"}],"type":"pronunciation"},{"start_time":"51.05","end_time":"51.22","alternatives":[{"confidence":"0.0632","content":"일"}],"type":"pronunciation"},{"start_time":"51.79","end_time":"52.15","alternatives":[{"confidence":"0.6284","content":"이십오"}],"type":"pronunciation"},{"start_time":"52.15","end_time":"52.27","alternatives":[{"confidence":"0.595","content":"일"}],"type":"pronunciation"},{"start_time":"52.3","end_time":"52.7","alternatives":[{"confidence":"0.8635","content":"삼십일"}],"type":"pronunciation"},{"start_time":"52.76","end_time":"53.24","alternatives":[{"confidence":"0.9655","content":"늦게까지"}],"type":"pronunciation"},{"start_time":"55.15","end_time":"55.38","alternatives":[{"confidence":"0.0862","content":"님"}],"type":"pronunciation"},{"start_time":"56.65","end_time":"57.18","alternatives":[{"confidence":"0.0033","content":"그러면은"}],"type":"pronunciation"},{"start_time":"57.18","end_time":"57.55","alternatives":[{"confidence":"0.4727","content":"이십일"}],"type":"pronunciation"},{"start_time":"57.55","end_time":"57.9","alternatives":[{"confidence":"0.98885","content":"날짜로"}],"type":"pronunciation"},{"start_time":"57.9","end_time":"58.46","alternatives":[{"confidence":"1.0","content":"저희가"}],"type":"pronunciation"},{"start_time":"59.7","end_time":"60.0","alternatives":[{"confidence":"0.35514999999999997","content":"압적인"}],"type":"pronunciation"},{"start_time":"60.0","end_time":"60.23","alternatives":[{"confidence":"0.1964","content":"국무"}],"type":"pronunciation"},{"start_time":"60.29","end_time":"60.75","alternatives":[{"confidence":"0.7098333333333334","content":"공지해드릴"}],"type":"pronunciation"},{"start_time":"60.75","end_time":"61.1","alternatives":[{"confidence":"0.9998","content":"거고"}],"type":"pronunciation"},{"start_time":"61.38","end_time":"61.77","alternatives":[{"confidence":"1.0","content":"일단은"}],"type":"pronunciation"},{"start_time":"61.77","end_time":"62.04","alternatives":[{"confidence":"1.0","content":"저희가"}],"type":"pronunciation"},{"start_time":"62.04","end_time":"62.17","alternatives":[{"confidence":"0.999","content":"이제"}],"type":"pronunciation"},{"start_time":"62.17","end_time":"63.12","alternatives":[{"confidence":"0.79175","content":"운동할"}],"type":"pronunciation"},{"start_time":"63.12","end_time":"63.81","alternatives":[{"confidence":"0.9967","content":"겁니다"}],"type":"pronunciation"},{"alternatives":[{"confidence":"0.0","content":"."}],"type":"punctuation"},{"start_time":"64.03","end_time":"64.26","alternatives":[{"confidence":"0.9889","content":"지금"}],"type":"pronunciation"},{"start_time":"64.26","end_time":"64.69","alternatives":[{"confidence":"0.9515","content":"연말이기"}],"type":"pronunciation"},{"start_time":"64.69","end_time":"64.94","alternatives":[{"confidence":"0.9998","content":"때문에"}],"type":"pronunciation"},{"start_time":"64.94","end_time":"65.1","alternatives":[{"confidence":"0.9976","content":"좀"}],"type":"pronunciation"},{"start_time":"65.1","end_time":"65.37","alternatives":[{"confidence":"0.9887","content":"지연이"}],"type":"pronunciation"},{"start_time":"65.37","end_time":"66.05","alternatives":[{"confidence":"0.7635000000000001","content":"돼가지고"}],"type":"pronunciation"},{"start_time":"66.49","end_time":"67.13","alternatives":[{"confidence":"0.9001","content":"몇"}],"type":"pronunciation"},{"start_time":"67.13","end_time":"67.35","alternatives":[{"confidence":"0.7436499999999999","content":"십분"}],"type":"pronunciation"},{"start_time":"67.35","end_time":"67.54","alternatives":[{"confidence":"0.8221","content":"정도"}],"type":"pronunciation"},{"start_time":"67.69","end_time":"68.52","alternatives":[{"confidence":"0.51065","content":"걸리적이신데"}],"type":"pronunciation"},{"start_time":"68.68","end_time":"69.16","alternatives":[{"confidence":"0.98475","content":"연동기자가"}],"type":"pronunciation"},{"start_time":"69.16","end_time":"69.68","alternatives":[{"confidence":"0.9975499999999999","content":"들어가시면"}],"type":"pronunciation"},{"start_time":"69.68","end_time":"69.93","alternatives":[{"confidence":"0.8488","content":"고인이"}],"type":"pronunciation"},{"start_time":"69.93","end_time":"70.27","alternatives":[{"confidence":"0.7712","content":"국민은"}],"type":"pronunciation"},{"start_time":"70.27","end_time":"70.95","alternatives":[{"confidence":"0.9995499999999999","content":"계좌에서"}],"type":"pronunciation"},{"start_time":"70.95","end_time":"71.18","alternatives":[{"confidence":"0.9507","content":"저희"}],"type":"pronunciation"},{"start_time":"71.18","end_time":"71.5","alternatives":[{"confidence":"0.9816","content":"쪽으로"}],"type":"pronunciation"},{"start_time":"71.5","end_time":"71.93","alternatives":[{"confidence":"0.53725","content":"지급보증"}],"type":"pronunciation"},{"start_time":"71.93","end_time":"72.07","alternatives":[{"confidence":"0.5275","content":"비용"}],"type":"pronunciation"},{"start_time":"72.07","end_time":"72.36","alternatives":[{"confidence":"0.9632499999999999","content":"납부가"}],"type":"pronunciation"},{"start_time":"72.36","end_time":"72.53","alternatives":[{"confidence":"0.9648","content":"바로"}],"type":"pronunciation"},{"start_time":"72.53","end_time":"72.71","alternatives":[{"confidence":"0.5176","content":"가능"}],"type":"pronunciation"},{"start_time":"72.71","end_time":"73.27","alternatives":[{"confidence":"0.7222999999999999","content":"하신겁니까"}],"type":"pronunciation"},{"start_time":"73.3","end_time":"73.79","alternatives":[{"confidence":"0.7038","content":"그러시면"}],"type":"pronunciation"},{"start_time":"76.21","end_time":"76.52","alternatives":[{"confidence":"0.0148","content":"자동으로"}],"type":"pronunciation"},{"start_time":"76.52","end_time":"76.68","alternatives":[{"confidence":"0.0164","content":"바로"}],"type":"pronunciation"},{"start_time":"78.06","end_time":"78.76","alternatives":[{"confidence":"0.22296666666666665","content":"고인께서"}],"type":"pronunciation"},{"start_time":"78.76","end_time":"79.17","alternatives":[{"confidence":"0.94875","content":"이체를"}],"type":"pronunciation"},{"start_time":"79.17","end_time":"79.45","alternatives":[{"confidence":"0.93835","content":"해주셔야"}],"type":"pronunciation"},{"start_time":"79.45","end_time":"79.64","alternatives":[{"confidence":"0.9091","content":"되는"}],"type":"pronunciation"},{"start_time":"79.64","end_time":"80.06","alternatives":[{"confidence":"0.8565","content":"거예요"}],"type":"pronunciation"},{"alternatives":[{"confidence":"0.0","content":"."}],"type":"punctuation"},{"start_time":"80.26","end_time":"81.22","alternatives":[{"confidence":"0.9129999999999999","content":"증서발행의사가"}],"type":"pronunciation"},{"start_time":"81.22","end_time":"81.56","alternatives":[{"confidence":"1.0","content":"있는지"}],"type":"pronunciation"},{"start_time":"81.56","end_time":"82.12","alternatives":[{"confidence":"1.0","content":"없는지"}],"type":"pronunciation"},{"start_time":"82.15","end_time":"82.51","alternatives":[{"confidence":"0.9345","content":"직접"}],"type":"pronunciation"},{"start_time":"82.51","end_time":"82.77","alternatives":[{"confidence":"0.2836","content":"위치를"}],"type":"pronunciation"},{"start_time":"82.77","end_time":"83.12","alternatives":[{"confidence":"0.9466","content":"해주셔서"}],"type":"pronunciation"},{"start_time":"83.12","end_time":"83.45","alternatives":[{"confidence":"0.52245","content":"송금을"}],"type":"pronunciation"},{"start_time":"83.45","end_time":"83.69","alternatives":[{"confidence":"0.8727499999999999","content":"해주셔야"}],"type":"pronunciation"},{"start_time":"83.69","end_time":"84.01","alternatives":[{"confidence":"0.8134","content":"됩니다"}],"type":"pronunciation"},{"alternatives":[{"confidence":"0.0","content":"."}],"type":"punctuation"},{"start_time":"86.97","end_time":"87.23","alternatives":[{"confidence":"0.6187","content":"어떤"}],"type":"pronunciation"},{"start_time":"87.47","end_time":"87.7","alternatives":[{"confidence":"0.3897","content":"님"}],"type":"pronunciation"},{"start_time":"88.21","end_time":"88.43","alternatives":[{"confidence":"0.1239","content":"회사"}],"type":"pronunciation"},{"start_time":"89.35","end_time":"89.67","alternatives":[{"confidence":"0.7703500000000001","content":"계좌에"}],"type":"pronunciation"},{"start_time":"89.67","end_time":"90.18","alternatives":[{"confidence":"0.97035","content":"말씀하시는"}],"type":"pronunciation"},{"start_time":"90.18","end_time":"90.63","alternatives":[{"confidence":"0.9609","content":"거예요"}],"type":"pronunciation"},{"alternatives":[{"confidence":"0.0","content":"?"}],"type":"punctuation"},{"start_time":"90.9","end_time":"91.2","alternatives":[{"confidence":"0.9794","content":"아니죠"}],"type":"pronunciation"},{"alternatives":[{"confidence":"0.0","content":"."}],"type":"punctuation"},{"start_time":"91.2","end_time":"91.58","alternatives":[{"confidence":"0.37975000000000003","content":"계좌는"}],"type":"pronunciation"},{"start_time":"91.91","end_time":"92.18","alternatives":[{"confidence":"0.7291","content":"개인"}],"type":"pronunciation"},{"start_time":"92.18","end_time":"92.59","alternatives":[{"confidence":"0.6192500000000001","content":"실명기자"}],"type":"pronunciation"},{"start_time":"92.59","end_time":"92.96","alternatives":[{"confidence":"0.92995","content":"들어가실"}],"type":"pronunciation"},{"start_time":"92.96","end_time":"93.41","alternatives":[{"confidence":"0.9432","content":"거예요"}],"type":"pronunciation"},{"alternatives":[{"confidence":"0.0","content":"."}],"type":"punctuation"},{"start_time":"93.79","end_time":"94.14","alternatives":[{"confidence":"1.0","content":"저희가"}],"type":"pronunciation"},{"start_time":"94.14","end_time":"94.64","alternatives":[{"confidence":"0.96105","content":"팀장이"}],"type":"pronunciation"},{"start_time":"94.64","end_time":"95.04","alternatives":[{"confidence":"0.5439499999999999","content":"이상급"}],"type":"pronunciation"},{"start_time":"95.04","end_time":"95.41","alternatives":[{"confidence":"0.9855","content":"들로"}],"type":"pronunciation"},{"start_time":"95.41","end_time":"95.8","alternatives":[{"confidence":"0.95845","content":"팀장이"}],"type":"pronunciation"},{"start_time":"95.8","end_time":"96.11","alternatives":[{"confidence":"0.92595","content":"성함을"}],"type":"pronunciation"},{"start_time":"96.11","end_time":"96.33","alternatives":[{"confidence":"0.9941","content":"직접"}],"type":"pronunciation"},{"start_time":"96.33","end_time":"96.65","alternatives":[{"confidence":"0.83495","content":"들어가실"}],"type":"pronunciation"},{"start_time":"96.65","end_time":"96.99","alternatives":[{"confidence":"1.0","content":"겁니다"}],"type":"pronunciation"},{"alternatives":[{"confidence":"0.0","content":"."}],"type":"punctuation"},{"start_time":"97.09","end_time":"97.33","alternatives":[{"confidence":"0.9176","content":"개인"}],"type":"pronunciation"},{"start_time":"97.33","end_time":"97.74","alternatives":[{"confidence":"0.9997","content":"기자가"}],"type":"pronunciation"},{"start_time":"100.28","end_time":"100.67","alternatives":[{"confidence":"0.9913","content":"그러면"}],"type":"pronunciation"},{"start_time":"100.67","end_time":"100.84","alternatives":[{"confidence":"0.8431","content":"원래"}],"type":"pronunciation"},{"start_time":"100.84","end_time":"101.36","alternatives":[{"confidence":"0.9963","content":"그게"}],"type":"pronunciation"},{"start_time":"104.24","end_time":"104.99","alternatives":[{"confidence":"0.05325","content":"그랬다라고"}],"type":"pronunciation"},{"alternatives":[{"confidence":"0.0","content":"."}],"type":"punctuation"},{"start_time":"107.24","end_time":"107.53","alternatives":[{"confidence":"0.9695","content":"지금"}],"type":"pronunciation"},{"start_time":"107.53","end_time":"108.35","alternatives":[{"confidence":"0.69165","content":"확정승리서까지"}],"type":"pronunciation"},{"start_time":"108.35","end_time":"108.81","alternatives":[{"confidence":"0.9851","content":"나오셨으면"}],"type":"pronunciation"},{"start_time":"108.81","end_time":"109.05","alternatives":[{"confidence":"0.3919","content":"대충"}],"type":"pronunciation"},{"start_time":"109.05","end_time":"109.46","alternatives":[{"confidence":"0.9343","content":"나가시는"}],"type":"pronunciation"},{"start_time":"109.46","end_time":"109.91","alternatives":[{"confidence":"0.9174","content":"거고"}],"type":"pronunciation"},{"start_time":"110.21","end_time":"110.52","alternatives":[{"confidence":"0.9359","content":"왜"}],"type":"pronunciation"},{"start_time":"110.52","end_time":"110.81","alternatives":[{"confidence":"0.9058","content":"개인"}],"type":"pronunciation"},{"start_time":"110.81","end_time":"111.06","alternatives":[{"confidence":"0.9733499999999999","content":"기자로"}],"type":"pronunciation"},{"start_time":"111.06","end_time":"111.82","alternatives":[{"confidence":"0.6529500000000001","content":"말씀드리면은"}],"type":"pronunciation"},{"alternatives":[{"confidence":"0.0","content":"?"}],"type":"punctuation"},{"start_time":"112.24","end_time":"112.98","alternatives":[{"confidence":"0.9834499999999999","content":"작년까지만"}],"type":"pronunciation"},{"start_time":"112.98","end_time":"113.19","alternatives":[{"confidence":"0.9951","content":"해도"}],"type":"pronunciation"},{"start_time":"113.22","end_time":"113.75","alternatives":[{"confidence":"0.6146","content":"법인기자"}],"type":"pronunciation"},{"start_time":"113.75","end_time":"114.16","alternatives":[{"confidence":"0.8626","content":"설정으로"}],"type":"pronunciation"},{"start_time":"114.16","end_time":"114.28","alternatives":[{"confidence":"0.4748","content":"이제"}],"type":"pronunciation"},{"start_time":"114.29","end_time":"115.22","alternatives":[{"confidence":"0.7707999999999999","content":"가능하셨는데"}],"type":"pronunciation"},{"start_time":"115.65","end_time":"115.73","alternatives":[{"confidence":"0.6389","content":"은"}],"type":"pronunciation"},{"start_time":"115.73","end_time":"115.98","alternatives":[{"confidence":"0.9755","content":"받는"}],"type":"pronunciation"},{"start_time":"115.98","end_time":"116.28","alternatives":[{"confidence":"0.5871","content":"과정"}],"type":"pronunciation"},{"start_time":"116.28","end_time":"116.53","alternatives":[{"confidence":"0.9983","content":"중에서"}],"type":"pronunciation"},{"start_time":"116.53","end_time":"116.78","alternatives":[{"confidence":"0.5854","content":"문제"}],"type":"pronunciation"},{"start_time":"116.78","end_time":"116.94","alternatives":[{"confidence":"0.118","content":"상의"}],"type":"pronunciation"},{"start_time":"116.94","end_time":"117.43","alternatives":[{"confidence":"0.2071","content":"가루가"}],"type":"pronunciation"},{"start_time":"117.43","end_time":"117.76","alternatives":[{"confidence":"0.733","content":"발생이"}],"type":"pronunciation"},{"start_time":"117.76","end_time":"118.43","alternatives":[{"confidence":"0.7676499999999999","content":"되십니다"}],"type":"pronunciation"},{"alternatives":[{"confidence":"0.0","content":","}],"type":"punctuation"},{"start_time":"118.87","end_time":"119.34","alternatives":[{"confidence":"0.9068","content":"그때마다"}],"type":"pronunciation"},{"start_time":"119.34","end_time":"119.49","alternatives":[{"confidence":"0.4814","content":"이제"}],"type":"pronunciation"},{"start_time":"119.5","end_time":"120.11","alternatives":[{"confidence":"0.9339","content":"담당자들이"}],"type":"pronunciation"},{"start_time":"120.11","end_time":"120.38","alternatives":[{"confidence":"0.9987","content":"책임을"}],"type":"pronunciation"},{"start_time":"120.38","end_time":"120.73","alternatives":[{"confidence":"0.9997","content":"회피하기"}],"type":"pronunciation"},{"start_time":"120.73","end_time":"121.14","alternatives":[{"confidence":"0.9995","content":"때문에"}],"type":"pronunciation"},{"start_time":"121.14","end_time":"121.65","alternatives":[{"confidence":"0.9456","content":"일대일"}],"type":"pronunciation"},{"start_time":"121.96","end_time":"123.01","alternatives":[{"confidence":"0.9521999999999999","content":"멘토형식으로"}],"type":"pronunciation"},{"start_time":"123.01","end_time":"123.88","alternatives":[{"confidence":"0.9998","content":"담당자가"}],"type":"pronunciation"},{"start_time":"124.04","end_time":"124.93","alternatives":[{"confidence":"0.6710666666666666","content":"팀장이상급"}],"type":"pronunciation"},{"start_time":"124.93","end_time":"125.08","alternatives":[{"confidence":"0.7768","content":"들로"}],"type":"pronunciation"},{"start_time":"125.08","end_time":"125.29","alternatives":[{"confidence":"0.7377","content":"지적이"}],"type":"pronunciation"},{"start_time":"125.29","end_time":"125.58","alternatives":[{"confidence":"0.82715","content":"되시는"}],"type":"pronunciation"},{"start_time":"125.58","end_time":"126.01","alternatives":[{"confidence":"0.6637","content":"거예요"}],"type":"pronunciation"},{"alternatives":[{"confidence":"0.0","content":"."}],"type":"punctuation"},{"start_time":"126.45","end_time":"126.87","alternatives":[{"confidence":"0.9852","content":"나중에"}],"type":"pronunciation"},{"start_time":"127.14","end_time":"127.24","alternatives":[{"confidence":"0.2743","content":"안"}],"type":"pronunciation"},{"start_time":"127.24","end_time":"127.63","alternatives":[{"confidence":"0.88045","content":"처리까지"}],"type":"pronunciation"},{"start_time":"127.63","end_time":"127.94","alternatives":[{"confidence":"0.6197","content":"사십팔"}],"type":"pronunciation"},{"start_time":"127.94","end_time":"128.09","alternatives":[{"confidence":"0.8791","content":"만원"}],"type":"pronunciation"},{"start_time":"128.09","end_time":"128.24","alternatives":[{"confidence":"0.5513","content":"받아"}],"type":"pronunciation"},{"start_time":"128.24","end_time":"128.54","alternatives":[{"confidence":"0.5609","content":"가시는"}],"type":"pronunciation"},{"start_time":"128.54","end_time":"129.02","alternatives":[{"confidence":"0.9845","content":"거니까요"}],"type":"pronunciation"},{"alternatives":[{"confidence":"0.0","content":"."}],"type":"punctuation"},{"start_time":"130.32","end_time":"130.56","alternatives":[{"confidence":"1.0","content":"이해가"}],"type":"pronunciation"},{"start_time":"130.56","end_time":"131.07","alternatives":[{"confidence":"1.0","content":"되십니까"}],"type":"pronunciation"},{"alternatives":[{"confidence":"0.0","content":"?"}],"type":"punctuation"},{"start_time":"134.52","end_time":"134.72","alternatives":[{"confidence":"0.0127","content":"번호"}],"type":"pronunciation"},{"start_time":"134.99","end_time":"135.79","alternatives":[{"confidence":"0.5065000000000001","content":"공일공"}],"type":"pronunciation"},{"start_time":"138.02","end_time":"138.17","alternatives":[{"confidence":"0.0477","content":"어떻게"}],"type":"pronunciation"},{"start_time":"138.17","end_time":"138.31","alternatives":[{"confidence":"0.8509","content":"된"}],"type":"pronunciation"},{"start_time":"138.31","end_time":"138.68","alternatives":[{"confidence":"0.4597","content":"거죠"}],"type":"pronunciation"},{"alternatives":[{"confidence":"0.0","content":"?"}],"type":"punctuation"},{"start_time":"139.05","end_time":"140.26","alternatives":[{"confidence":"0.9897666666666667","content":"김민철입니다"}],"type":"pronunciation"},{"start_time":"141.41","end_time":"141.65","alternatives":[{"confidence":"0.9925","content":"지금"}],"type":"pronunciation"},{"start_time":"141.65","end_time":"141.83","alternatives":[{"confidence":"0.923","content":"바로"}],"type":"pronunciation"},{"start_time":"141.83","end_time":"142.54","alternatives":[{"confidence":"0.2083","content":"통일가능하신가요"}],"type":"pronunciation"},{"start_time":"145.33","end_time":"145.86","alternatives":[{"confidence":"0.17765","content":"그러시면은"}],"type":"pronunciation"},{"alternatives":[{"confidence":"0.0","content":"."}],"type":"punctuation"},{"start_time":"146.73","end_time":"147.14","alternatives":[{"confidence":"0.1917","content":"알겠습니다"}],"type":"pronunciation"},{"alternatives":[{"confidence":"0.0","content":"."}],"type":"punctuation"},{"start_time":"147.62","end_time":"147.79","alternatives":[{"confidence":"0.0093","content":"네"}],"type":"pronunciation"}]},"status":"COMPLETED"}