{"jobName":"transcribe_loan117","accountId":"097989105209","results":{"transcripts":[{"transcript":"이 저희 서민지원 나눔이 됐는데요. 필요하신 자금, 얼마 정도 되시나요? 네. 네. 서민지원 나눔이 대출이 됐죠? 네. 네. 자금 있으시면 저희가 저희 기로 남는거 아니니까 간단하게 몇 가지만 여쭤보고 진행 여부 말씀해 드려도 괜찮을까? 저는 여기서 대체 어디서 대책저희는 중계는 아니시고요 저희 자체 내에서 나가시는 거기 때문에 년 자체에서 받으시는 거예요. 네. 네. 네. 아니시고요. 네네. 저희 자체에서 받으시는 거예요. 건가요? 일 전에 저희 법률쪽으로 해서 대출상담 받으신 이력이 있으셔서 전화를 드리는 거고요. 결혼 남는거 아니니까 간단하게 저희 거는 몇 가지만 여쭤봐도 괜찮을까요? 고객님그러나 제가 상담사고는 상황먼저 알 수 있을까요? 저는 최수정 이고요. 저희는 접수이기 때문에 일단 접수를 하고 님 전화를 드릴 거예요. 그런데 제가 이런 것과 관련된 내역을 전화를 하는 걸 원치 않는데 그리고 이렇게 전화 주셔도 된다 라고 한 적도 없는데 이렇게 전화를 주셨네요 이렇게 하시는 거예요. 그러면 저희는 기록이 있을 수 전화를 드리는 거예요. 기록이요 개인정보기록을 하는 그 기간이 넘었을 텐데 그 기록을 가지고 저한테 그런 전화를 주신 거네요. 저희는 저희는 무턱대고 전화드리는 건 아니에요. 그런 개인정보를 회사에서 가지고 있어야 되는 기간이 정해져 있는 건 아시는 거죠. 그거는 알고 있죠. 그런데 그게 폐기가 되어야 되는데 폐기가 안 되고 지금 그 번호를 확인하고 주신 거고요. 다음 하죠. 네, 알겠습니다. 그럼 이 내용의 전부다 녹음을 했고요. 저는 진행을 하도록 하겠습니다. 감사합니다. 네, 그렇게 하세요."}],"items":[{"start_time":"2.78","end_time":"2.95","alternatives":[{"confidence":"0.3745","content":"이"}],"type":"pronunciation"},{"start_time":"2.95","end_time":"3.19","alternatives":[{"confidence":"0.7633","content":"저희"}],"type":"pronunciation"},{"start_time":"3.19","end_time":"3.68","alternatives":[{"confidence":"0.87","content":"서민지원"}],"type":"pronunciation"},{"start_time":"3.68","end_time":"4.01","alternatives":[{"confidence":"0.8606499999999999","content":"나눔이"}],"type":"pronunciation"},{"start_time":"4.01","end_time":"4.7","alternatives":[{"confidence":"0.8238000000000001","content":"됐는데요"}],"type":"pronunciation"},{"alternatives":[{"confidence":"0.0","content":"."}],"type":"punctuation"},{"start_time":"4.7","end_time":"5.09","alternatives":[{"confidence":"0.9105000000000001","content":"필요하신"}],"type":"pronunciation"},{"start_time":"5.09","end_time":"5.59","alternatives":[{"confidence":"0.5482","content":"자금"}],"type":"pronunciation"},{"alternatives":[{"confidence":"0.0","content":","}],"type":"punctuation"},{"start_time":"5.59","end_time":"5.83","alternatives":[{"confidence":"0.636","content":"얼마"}],"type":"pronunciation"},{"start_time":"5.83","end_time":"6.04","alternatives":[{"confidence":"0.9833","content":"정도"}],"type":"pronunciation"},{"start_time":"6.04","end_time":"6.98","alternatives":[{"confidence":"0.97915","content":"되시나요"}],"type":"pronunciation"},{"alternatives":[{"confidence":"0.0","content":"?"}],"type":"punctuation"},{"start_time":"8.45","end_time":"8.62","alternatives":[{"confidence":"0.0921","content":"네"}],"type":"pronunciation"},{"alternatives":[{"confidence":"0.0","content":"."}],"type":"punctuation"},{"start_time":"8.62","end_time":"8.81","alternatives":[{"confidence":"0.0959","content":"네"}],"type":"pronunciation"},{"alternatives":[{"confidence":"0.0","content":"."}],"type":"punctuation"},{"start_time":"8.84","end_time":"9.6","alternatives":[{"confidence":"0.87","content":"서민지원"}],"type":"pronunciation"},{"start_time":"9.6","end_time":"9.99","alternatives":[{"confidence":"0.7257","content":"나눔이"}],"type":"pronunciation"},{"start_time":"9.99","end_time":"10.97","alternatives":[{"confidence":"0.03185","content":"대출이"}],"type":"pronunciation"},{"start_time":"11.34","end_time":"11.56","alternatives":[{"confidence":"0.0041","content":"됐죠"}],"type":"pronunciation"},{"alternatives":[{"confidence":"0.0","content":"?"}],"type":"punctuation"},{"start_time":"12.37","end_time":"12.57","alternatives":[{"confidence":"0.6098","content":"네"}],"type":"pronunciation"},{"alternatives":[{"confidence":"0.0","content":"."}],"type":"punctuation"},{"start_time":"12.57","end_time":"13.08","alternatives":[{"confidence":"0.5512","content":"네"}],"type":"pronunciation"},{"alternatives":[{"confidence":"0.0","content":"."}],"type":"punctuation"},{"start_time":"13.56","end_time":"13.95","alternatives":[{"confidence":"0.5438","content":"자금"}],"type":"pronunciation"},{"start_time":"13.95","end_time":"14.6","alternatives":[{"confidence":"0.9992","content":"있으시면"}],"type":"pronunciation"},{"start_time":"14.6","end_time":"14.85","alternatives":[{"confidence":"0.9991","content":"저희가"}],"type":"pronunciation"},{"start_time":"14.85","end_time":"15.05","alternatives":[{"confidence":"0.6036","content":"저희"}],"type":"pronunciation"},{"start_time":"15.05","end_time":"15.23","alternatives":[{"confidence":"0.7464","content":"기로"}],"type":"pronunciation"},{"start_time":"15.23","end_time":"15.59","alternatives":[{"confidence":"0.5700000000000001","content":"남는거"}],"type":"pronunciation"},{"start_time":"15.59","end_time":"16.06","alternatives":[{"confidence":"0.1379","content":"아니니까"}],"type":"pronunciation"},{"start_time":"16.06","end_time":"16.42","alternatives":[{"confidence":"0.9996","content":"간단하게"}],"type":"pronunciation"},{"start_time":"16.42","end_time":"16.58","alternatives":[{"confidence":"0.9911","content":"몇"}],"type":"pronunciation"},{"start_time":"16.58","end_time":"16.92","alternatives":[{"confidence":"1.0","content":"가지만"}],"type":"pronunciation"},{"start_time":"16.92","end_time":"17.64","alternatives":[{"confidence":"0.98385","content":"여쭤보고"}],"type":"pronunciation"},{"start_time":"17.92","end_time":"18.23","alternatives":[{"confidence":"0.8331","content":"진행"}],"type":"pronunciation"},{"start_time":"18.23","end_time":"18.4","alternatives":[{"confidence":"0.7685","content":"여부"}],"type":"pronunciation"},{"start_time":"18.4","end_time":"18.73","alternatives":[{"confidence":"0.4695","content":"말씀해"}],"type":"pronunciation"},{"start_time":"18.73","end_time":"18.97","alternatives":[{"confidence":"0.95225","content":"드려도"}],"type":"pronunciation"},{"start_time":"18.97","end_time":"19.45","alternatives":[{"confidence":"0.68655","content":"괜찮을까"}],"type":"pronunciation"},{"alternatives":[{"confidence":"0.0","content":"?"}],"type":"punctuation"},{"start_time":"19.85","end_time":"20.08","alternatives":[{"confidence":"0.9907","content":"저는"}],"type":"pronunciation"},{"start_time":"20.08","end_time":"20.29","alternatives":[{"confidence":"0.9958","content":"여기서"}],"type":"pronunciation"},{"start_time":"20.29","end_time":"20.49","alternatives":[{"confidence":"0.5919","content":"대체"}],"type":"pronunciation"},{"start_time":"20.68","end_time":"21.05","alternatives":[{"confidence":"0.9681","content":"어디서"}],"type":"pronunciation"},{"start_time":"21.05","end_time":"22.16","alternatives":[{"confidence":"0.51405","content":"대책저희는"}],"type":"pronunciation"},{"start_time":"22.16","end_time":"22.65","alternatives":[{"confidence":"0.9648","content":"중계는"}],"type":"pronunciation"},{"start_time":"22.65","end_time":"23.47","alternatives":[{"confidence":"0.9826333333333332","content":"아니시고요"}],"type":"pronunciation"},{"start_time":"23.53","end_time":"23.73","alternatives":[{"confidence":"0.9839","content":"저희"}],"type":"pronunciation"},{"start_time":"23.73","end_time":"24.02","alternatives":[{"confidence":"0.1479","content":"자체"}],"type":"pronunciation"},{"start_time":"24.02","end_time":"24.57","alternatives":[{"confidence":"0.0445","content":"내에서"}],"type":"pronunciation"},{"start_time":"24.57","end_time":"24.95","alternatives":[{"confidence":"0.97285","content":"나가시는"}],"type":"pronunciation"},{"start_time":"24.95","end_time":"25.16","alternatives":[{"confidence":"0.8455","content":"거기"}],"type":"pronunciation"},{"start_time":"25.16","end_time":"25.73","alternatives":[{"confidence":"1.0","content":"때문에"}],"type":"pronunciation"},{"start_time":"26.6","end_time":"26.72","alternatives":[{"confidence":"0.2936","content":"년"}],"type":"pronunciation"},{"start_time":"26.72","end_time":"27.12","alternatives":[{"confidence":"0.9852000000000001","content":"자체에서"}],"type":"pronunciation"},{"start_time":"27.12","end_time":"27.62","alternatives":[{"confidence":"0.95045","content":"받으시는"}],"type":"pronunciation"},{"start_time":"27.62","end_time":"28.15","alternatives":[{"confidence":"0.8718","content":"거예요"}],"type":"pronunciation"},{"alternatives":[{"confidence":"0.0","content":"."}],"type":"punctuation"},{"start_time":"29.49","end_time":"29.69","alternatives":[{"confidence":"0.278","content":"네"}],"type":"pronunciation"},{"alternatives":[{"confidence":"0.0","content":"."}],"type":"punctuation"},{"start_time":"29.69","end_time":"30.15","alternatives":[{"confidence":"0.2164","content":"네"}],"type":"pronunciation"},{"alternatives":[{"confidence":"0.0","content":"."}],"type":"punctuation"},{"start_time":"31.98","end_time":"32.11","alternatives":[{"confidence":"0.135","content":"네"}],"type":"pronunciation"},{"alternatives":[{"confidence":"0.0","content":"."}],"type":"punctuation"},{"start_time":"33.09","end_time":"33.93","alternatives":[{"confidence":"0.47266666666666657","content":"아니시고요"}],"type":"pronunciation"},{"alternatives":[{"confidence":"0.0","content":"."}],"type":"punctuation"},{"start_time":"35.36","end_time":"35.98","alternatives":[{"confidence":"0.6014","content":"네네"}],"type":"pronunciation"},{"alternatives":[{"confidence":"0.0","content":"."}],"type":"punctuation"},{"start_time":"36.33","end_time":"36.53","alternatives":[{"confidence":"0.8423","content":"저희"}],"type":"pronunciation"},{"start_time":"36.53","end_time":"37.0","alternatives":[{"confidence":"0.65215","content":"자체에서"}],"type":"pronunciation"},{"start_time":"37.0","end_time":"37.5","alternatives":[{"confidence":"0.9741500000000001","content":"받으시는"}],"type":"pronunciation"},{"start_time":"37.5","end_time":"38.1","alternatives":[{"confidence":"0.9994","content":"거예요"}],"type":"pronunciation"},{"alternatives":[{"confidence":"0.0","content":"."}],"type":"punctuation"},{"start_time":"39.79","end_time":"40.08","alternatives":[{"confidence":"0.2349","content":"건가요"}],"type":"pronunciation"},{"alternatives":[{"confidence":"0.0","content":"?"}],"type":"punctuation"},{"start_time":"40.48","end_time":"40.7","alternatives":[{"confidence":"0.1153","content":"일"}],"type":"pronunciation"},{"start_time":"40.7","end_time":"41.14","alternatives":[{"confidence":"0.4132","content":"전에"}],"type":"pronunciation"},{"start_time":"41.14","end_time":"41.4","alternatives":[{"confidence":"0.5353","content":"저희"}],"type":"pronunciation"},{"start_time":"41.74","end_time":"42.22","alternatives":[{"confidence":"0.52105","content":"법률쪽으로"}],"type":"pronunciation"},{"start_time":"42.22","end_time":"42.4","alternatives":[{"confidence":"0.9422","content":"해서"}],"type":"pronunciation"},{"start_time":"42.4","end_time":"43.32","alternatives":[{"confidence":"0.6630499999999999","content":"대출상담"}],"type":"pronunciation"},{"start_time":"43.32","end_time":"43.71","alternatives":[{"confidence":"0.99735","content":"받으신"}],"type":"pronunciation"},{"start_time":"43.71","end_time":"44.08","alternatives":[{"confidence":"0.99935","content":"이력이"}],"type":"pronunciation"},{"start_time":"44.08","end_time":"44.47","alternatives":[{"confidence":"0.99965","content":"있으셔서"}],"type":"pronunciation"},{"start_time":"44.47","end_time":"44.81","alternatives":[{"confidence":"0.9995","content":"전화를"}],"type":"pronunciation"},{"start_time":"44.81","end_time":"45.11","alternatives":[{"confidence":"0.8683","content":"드리는"}],"type":"pronunciation"},{"start_time":"45.11","end_time":"46.08","alternatives":[{"confidence":"0.93745","content":"거고요"}],"type":"pronunciation"},{"alternatives":[{"confidence":"0.0","content":"."}],"type":"punctuation"},{"start_time":"48.15","end_time":"48.34","alternatives":[{"confidence":"0.5614","content":"결혼"}],"type":"pronunciation"},{"start_time":"48.34","end_time":"48.68","alternatives":[{"confidence":"0.8513","content":"남는거"}],"type":"pronunciation"},{"start_time":"48.68","end_time":"49.13","alternatives":[{"confidence":"0.9815","content":"아니니까"}],"type":"pronunciation"},{"start_time":"49.13","end_time":"49.58","alternatives":[{"confidence":"0.9482","content":"간단하게"}],"type":"pronunciation"},{"start_time":"49.58","end_time":"49.76","alternatives":[{"confidence":"0.6882","content":"저희"}],"type":"pronunciation"},{"start_time":"49.76","end_time":"50.04","alternatives":[{"confidence":"0.6636","content":"거는"}],"type":"pronunciation"},{"start_time":"50.04","end_time":"50.19","alternatives":[{"confidence":"0.8955","content":"몇"}],"type":"pronunciation"},{"start_time":"50.19","end_time":"50.47","alternatives":[{"confidence":"1.0","content":"가지만"}],"type":"pronunciation"},{"start_time":"50.47","end_time":"50.88","alternatives":[{"confidence":"1.0","content":"여쭤봐도"}],"type":"pronunciation"},{"start_time":"50.88","end_time":"51.58","alternatives":[{"confidence":"1.0","content":"괜찮을까요"}],"type":"pronunciation"},{"alternatives":[{"confidence":"0.0","content":"?"}],"type":"punctuation"},{"start_time":"51.58","end_time":"52.95","alternatives":[{"confidence":"0.9857","content":"고객님그러나"}],"type":"pronunciation"},{"start_time":"52.95","end_time":"53.25","alternatives":[{"confidence":"0.9987","content":"제가"}],"type":"pronunciation"},{"start_time":"53.28","end_time":"53.8","alternatives":[{"confidence":"0.75805","content":"상담사고는"}],"type":"pronunciation"},{"start_time":"53.8","end_time":"54.29","alternatives":[{"confidence":"0.72855","content":"상황먼저"}],"type":"pronunciation"},{"start_time":"54.29","end_time":"54.47","alternatives":[{"confidence":"0.985","content":"알"}],"type":"pronunciation"},{"start_time":"54.47","end_time":"54.54","alternatives":[{"confidence":"0.999","content":"수"}],"type":"pronunciation"},{"start_time":"54.54","end_time":"54.88","alternatives":[{"confidence":"1.0","content":"있을까요"}],"type":"pronunciation"},{"alternatives":[{"confidence":"0.0","content":"?"}],"type":"punctuation"},{"start_time":"56.04","end_time":"56.33","alternatives":[{"confidence":"0.9898","content":"저는"}],"type":"pronunciation"},{"start_time":"56.33","end_time":"56.99","alternatives":[{"confidence":"0.7123999999999999","content":"최수정"}],"type":"pronunciation"},{"start_time":"56.99","end_time":"57.72","alternatives":[{"confidence":"0.9947","content":"이고요"}],"type":"pronunciation"},{"alternatives":[{"confidence":"0.0","content":"."}],"type":"punctuation"},{"start_time":"58.05","end_time":"58.39","alternatives":[{"confidence":"1.0","content":"저희는"}],"type":"pronunciation"},{"start_time":"58.39","end_time":"58.89","alternatives":[{"confidence":"0.91595","content":"접수이기"}],"type":"pronunciation"},{"start_time":"58.89","end_time":"59.27","alternatives":[{"confidence":"0.9976","content":"때문에"}],"type":"pronunciation"},{"start_time":"59.27","end_time":"59.55","alternatives":[{"confidence":"1.0","content":"일단"}],"type":"pronunciation"},{"start_time":"59.55","end_time":"59.96","alternatives":[{"confidence":"0.99875","content":"접수를"}],"type":"pronunciation"},{"start_time":"59.96","end_time":"60.19","alternatives":[{"confidence":"0.5539","content":"하고"}],"type":"pronunciation"},{"start_time":"60.56","end_time":"60.93","alternatives":[{"confidence":"0.2605","content":"님"}],"type":"pronunciation"},{"start_time":"61.57","end_time":"61.91","alternatives":[{"confidence":"0.9978","content":"전화를"}],"type":"pronunciation"},{"start_time":"61.91","end_time":"62.17","alternatives":[{"confidence":"0.9731","content":"드릴"}],"type":"pronunciation"},{"start_time":"62.17","end_time":"62.67","alternatives":[{"confidence":"0.9829","content":"거예요"}],"type":"pronunciation"},{"alternatives":[{"confidence":"0.0","content":"."}],"type":"punctuation"},{"start_time":"62.7","end_time":"62.92","alternatives":[{"confidence":"0.6724","content":"그런데"}],"type":"pronunciation"},{"start_time":"62.95","end_time":"63.17","alternatives":[{"confidence":"0.9994","content":"제가"}],"type":"pronunciation"},{"start_time":"63.17","end_time":"63.36","alternatives":[{"confidence":"0.3717","content":"이런"}],"type":"pronunciation"},{"start_time":"63.36","end_time":"63.51","alternatives":[{"confidence":"0.1492","content":"것과"}],"type":"pronunciation"},{"start_time":"63.51","end_time":"63.88","alternatives":[{"confidence":"0.9974","content":"관련된"}],"type":"pronunciation"},{"start_time":"63.88","end_time":"64.36","alternatives":[{"confidence":"0.9954","content":"내역을"}],"type":"pronunciation"},{"start_time":"64.48","end_time":"64.85","alternatives":[{"confidence":"0.9332","content":"전화를"}],"type":"pronunciation"},{"start_time":"65.12","end_time":"65.29","alternatives":[{"confidence":"0.865","content":"하는"}],"type":"pronunciation"},{"start_time":"65.29","end_time":"65.4","alternatives":[{"confidence":"0.8709","content":"걸"}],"type":"pronunciation"},{"start_time":"65.4","end_time":"65.6","alternatives":[{"confidence":"1.0","content":"원치"}],"type":"pronunciation"},{"start_time":"65.6","end_time":"66.12","alternatives":[{"confidence":"0.9979","content":"않는데"}],"type":"pronunciation"},{"start_time":"66.29","end_time":"66.56","alternatives":[{"confidence":"0.9285","content":"그리고"}],"type":"pronunciation"},{"start_time":"66.93","end_time":"67.17","alternatives":[{"confidence":"0.9819","content":"이렇게"}],"type":"pronunciation"},{"start_time":"67.17","end_time":"67.36","alternatives":[{"confidence":"0.8282","content":"전화"}],"type":"pronunciation"},{"start_time":"67.36","end_time":"67.58","alternatives":[{"confidence":"0.938","content":"주셔도"}],"type":"pronunciation"},{"start_time":"67.58","end_time":"67.77","alternatives":[{"confidence":"0.6922","content":"된다"}],"type":"pronunciation"},{"start_time":"67.77","end_time":"67.95","alternatives":[{"confidence":"0.7595","content":"라고"}],"type":"pronunciation"},{"start_time":"68.19","end_time":"68.29","alternatives":[{"confidence":"0.899","content":"한"}],"type":"pronunciation"},{"start_time":"68.29","end_time":"68.46","alternatives":[{"confidence":"0.9985","content":"적도"}],"type":"pronunciation"},{"start_time":"68.46","end_time":"68.75","alternatives":[{"confidence":"0.9952","content":"없는데"}],"type":"pronunciation"},{"start_time":"68.81","end_time":"69.0","alternatives":[{"confidence":"0.1914","content":"이렇게"}],"type":"pronunciation"},{"start_time":"69.0","end_time":"69.26","alternatives":[{"confidence":"0.9285","content":"전화를"}],"type":"pronunciation"},{"start_time":"69.26","end_time":"69.72","alternatives":[{"confidence":"0.8971","content":"주셨네요"}],"type":"pronunciation"},{"start_time":"69.75","end_time":"70.1","alternatives":[{"confidence":"0.9462","content":"이렇게"}],"type":"pronunciation"},{"start_time":"70.13","end_time":"70.39","alternatives":[{"confidence":"0.2768","content":"하시는"}],"type":"pronunciation"},{"start_time":"70.39","end_time":"70.54","alternatives":[{"confidence":"0.235","content":"거예요"}],"type":"pronunciation"},{"alternatives":[{"confidence":"0.0","content":"."}],"type":"punctuation"},{"start_time":"70.54","end_time":"70.77","alternatives":[{"confidence":"0.0589","content":"그러면"}],"type":"pronunciation"},{"start_time":"71.33","end_time":"71.72","alternatives":[{"confidence":"1.0","content":"저희는"}],"type":"pronunciation"},{"start_time":"71.72","end_time":"72.08","alternatives":[{"confidence":"0.9972","content":"기록이"}],"type":"pronunciation"},{"start_time":"72.08","end_time":"72.3","alternatives":[{"confidence":"0.9565","content":"있을"}],"type":"pronunciation"},{"start_time":"72.3","end_time":"72.42","alternatives":[{"confidence":"0.7132","content":"수"}],"type":"pronunciation"},{"start_time":"72.755","end_time":"73.085","alternatives":[{"confidence":"0.997","content":"전화를"}],"type":"pronunciation"},{"start_time":"73.085","end_time":"73.415","alternatives":[{"confidence":"0.7602","content":"드리는"}],"type":"pronunciation"},{"start_time":"73.415","end_time":"74.125","alternatives":[{"confidence":"0.8007","content":"거예요"}],"type":"pronunciation"},{"alternatives":[{"confidence":"0.0","content":"."}],"type":"punctuation"},{"start_time":"74.275","end_time":"74.715","alternatives":[{"confidence":"0.9259","content":"기록이요"}],"type":"pronunciation"},{"start_time":"75.935","end_time":"77.055","alternatives":[{"confidence":"0.748","content":"개인정보기록을"}],"type":"pronunciation"},{"start_time":"77.055","end_time":"77.245","alternatives":[{"confidence":"0.9925","content":"하는"}],"type":"pronunciation"},{"start_time":"77.245","end_time":"77.335","alternatives":[{"confidence":"0.5181","content":"그"}],"type":"pronunciation"},{"start_time":"77.335","end_time":"77.595","alternatives":[{"confidence":"0.772","content":"기간이"}],"type":"pronunciation"},{"start_time":"77.595","end_time":"77.945","alternatives":[{"confidence":"0.73265","content":"넘었을"}],"type":"pronunciation"},{"start_time":"77.945","end_time":"78.365","alternatives":[{"confidence":"0.4777","content":"텐데"}],"type":"pronunciation"},{"start_time":"78.795","end_time":"78.945","alternatives":[{"confidence":"0.1849","content":"그"}],"type":"pronunciation"},{"start_time":"78.945","end_time":"79.225","alternatives":[{"confidence":"0.9998","content":"기록을"}],"type":"pronunciation"},{"start_time":"79.225","end_time":"79.475","alternatives":[{"confidence":"0.9985","content":"가지고"}],"type":"pronunciation"},{"start_time":"79.475","end_time":"79.705","alternatives":[{"confidence":"0.9985","content":"저한테"}],"type":"pronunciation"},{"start_time":"79.865","end_time":"80.025","alternatives":[{"confidence":"0.7138","content":"그런"}],"type":"pronunciation"},{"start_time":"80.025","end_time":"80.275","alternatives":[{"confidence":"0.9952","content":"전화를"}],"type":"pronunciation"},{"start_time":"80.275","end_time":"80.435","alternatives":[{"confidence":"0.8616","content":"주신"}],"type":"pronunciation"},{"start_time":"80.435","end_time":"80.695","alternatives":[{"confidence":"0.77845","content":"거네요"}],"type":"pronunciation"},{"alternatives":[{"confidence":"0.0","content":"."}],"type":"punctuation"},{"start_time":"81.475","end_time":"81.825","alternatives":[{"confidence":"0.9995","content":"저희는"}],"type":"pronunciation"},{"start_time":"82.215","end_time":"82.595","alternatives":[{"confidence":"1.0","content":"저희는"}],"type":"pronunciation"},{"start_time":"83.125","end_time":"83.565","alternatives":[{"confidence":"0.9786","content":"무턱대고"}],"type":"pronunciation"},{"start_time":"83.565","end_time":"84.115","alternatives":[{"confidence":"0.9614","content":"전화드리는"}],"type":"pronunciation"},{"start_time":"84.115","end_time":"84.245","alternatives":[{"confidence":"0.9431","content":"건"}],"type":"pronunciation"},{"start_time":"84.245","end_time":"84.775","alternatives":[{"confidence":"0.6268","content":"아니에요"}],"type":"pronunciation"},{"alternatives":[{"confidence":"0.0","content":"."}],"type":"punctuation"},{"start_time":"85.285","end_time":"85.495","alternatives":[{"confidence":"0.7683","content":"그런"}],"type":"pronunciation"},{"start_time":"85.555","end_time":"86.575","alternatives":[{"confidence":"0.9105","content":"개인정보를"}],"type":"pronunciation"},{"start_time":"86.575","end_time":"87.145","alternatives":[{"confidence":"0.9995","content":"회사에서"}],"type":"pronunciation"},{"start_time":"87.145","end_time":"87.415","alternatives":[{"confidence":"0.9359","content":"가지고"}],"type":"pronunciation"},{"start_time":"87.415","end_time":"87.575","alternatives":[{"confidence":"0.6915","content":"있어야"}],"type":"pronunciation"},{"start_time":"87.635","end_time":"87.795","alternatives":[{"confidence":"0.9062","content":"되는"}],"type":"pronunciation"},{"start_time":"87.795","end_time":"88.005","alternatives":[{"confidence":"0.9782","content":"기간이"}],"type":"pronunciation"},{"start_time":"88.005","end_time":"88.225","alternatives":[{"confidence":"0.9991","content":"정해져"}],"type":"pronunciation"},{"start_time":"88.225","end_time":"88.375","alternatives":[{"confidence":"0.951","content":"있는"}],"type":"pronunciation"},{"start_time":"88.375","end_time":"88.465","alternatives":[{"confidence":"0.3135","content":"건"}],"type":"pronunciation"},{"start_time":"88.465","end_time":"88.685","alternatives":[{"confidence":"0.2324","content":"아시는"}],"type":"pronunciation"},{"start_time":"88.685","end_time":"88.935","alternatives":[{"confidence":"0.7064","content":"거죠"}],"type":"pronunciation"},{"alternatives":[{"confidence":"0.0","content":"."}],"type":"punctuation"},{"start_time":"91.53","end_time":"91.86","alternatives":[{"confidence":"0.66585","content":"그거는"}],"type":"pronunciation"},{"start_time":"91.86","end_time":"92.08","alternatives":[{"confidence":"0.6754","content":"알고"}],"type":"pronunciation"},{"start_time":"92.08","end_time":"92.25","alternatives":[{"confidence":"0.14","content":"있죠"}],"type":"pronunciation"},{"alternatives":[{"confidence":"0.0","content":"."}],"type":"punctuation"},{"start_time":"92.81","end_time":"93.08","alternatives":[{"confidence":"0.5658","content":"그런데"}],"type":"pronunciation"},{"start_time":"93.08","end_time":"93.4","alternatives":[{"confidence":"1.0","content":"그게"}],"type":"pronunciation"},{"start_time":"93.4","end_time":"93.64","alternatives":[{"confidence":"0.9989","content":"폐기가"}],"type":"pronunciation"},{"start_time":"93.64","end_time":"93.94","alternatives":[{"confidence":"0.9416","content":"되어야"}],"type":"pronunciation"},{"start_time":"93.94","end_time":"94.28","alternatives":[{"confidence":"0.9775","content":"되는데"}],"type":"pronunciation"},{"start_time":"94.28","end_time":"94.53","alternatives":[{"confidence":"0.99905","content":"폐기가"}],"type":"pronunciation"},{"start_time":"94.53","end_time":"94.64","alternatives":[{"confidence":"0.5752","content":"안"}],"type":"pronunciation"},{"start_time":"94.64","end_time":"94.88","alternatives":[{"confidence":"0.5761","content":"되고"}],"type":"pronunciation"},{"start_time":"94.88","end_time":"95.13","alternatives":[{"confidence":"0.9606","content":"지금"}],"type":"pronunciation"},{"start_time":"95.13","end_time":"95.26","alternatives":[{"confidence":"0.4321","content":"그"}],"type":"pronunciation"},{"start_time":"95.26","end_time":"95.5","alternatives":[{"confidence":"0.7602","content":"번호를"}],"type":"pronunciation"},{"start_time":"95.5","end_time":"95.78","alternatives":[{"confidence":"0.9669","content":"확인하고"}],"type":"pronunciation"},{"start_time":"96.14","end_time":"96.33","alternatives":[{"confidence":"0.6549","content":"주신"}],"type":"pronunciation"},{"start_time":"96.33","end_time":"96.65","alternatives":[{"confidence":"0.9342999999999999","content":"거고요"}],"type":"pronunciation"},{"alternatives":[{"confidence":"0.0","content":"."}],"type":"punctuation"},{"start_time":"97.3","end_time":"97.53","alternatives":[{"confidence":"0.034","content":"다음"}],"type":"pronunciation"},{"start_time":"97.66","end_time":"98.01","alternatives":[{"confidence":"0.3412","content":"하죠"}],"type":"pronunciation"},{"alternatives":[{"confidence":"0.0","content":"."}],"type":"punctuation"},{"start_time":"98.1","end_time":"98.22","alternatives":[{"confidence":"0.9001","content":"네"}],"type":"pronunciation"},{"alternatives":[{"confidence":"0.0","content":","}],"type":"punctuation"},{"start_time":"98.31","end_time":"98.7","alternatives":[{"confidence":"1.0","content":"알겠습니다"}],"type":"pronunciation"},{"alternatives":[{"confidence":"0.0","content":"."}],"type":"punctuation"},{"start_time":"98.7","end_time":"98.88","alternatives":[{"confidence":"0.7909","content":"그럼"}],"type":"pronunciation"},{"start_time":"98.91","end_time":"99.0","alternatives":[{"confidence":"0.7519","content":"이"}],"type":"pronunciation"},{"start_time":"99.0","end_time":"99.3","alternatives":[{"confidence":"0.1013","content":"내용의"}],"type":"pronunciation"},{"start_time":"99.51","end_time":"99.77","alternatives":[{"confidence":"0.41275","content":"전부다"}],"type":"pronunciation"},{"start_time":"99.77","end_time":"100.05","alternatives":[{"confidence":"0.99705","content":"녹음을"}],"type":"pronunciation"},{"start_time":"100.05","end_time":"100.4","alternatives":[{"confidence":"0.9889","content":"했고요"}],"type":"pronunciation"},{"alternatives":[{"confidence":"0.0","content":"."}],"type":"punctuation"},{"start_time":"100.43","end_time":"100.7","alternatives":[{"confidence":"0.9351","content":"저는"}],"type":"pronunciation"},{"start_time":"102.27","end_time":"102.56","alternatives":[{"confidence":"0.9715","content":"진행을"}],"type":"pronunciation"},{"start_time":"102.56","end_time":"102.79","alternatives":[{"confidence":"1.0","content":"하도록"}],"type":"pronunciation"},{"start_time":"102.79","end_time":"103.2","alternatives":[{"confidence":"1.0","content":"하겠습니다"}],"type":"pronunciation"},{"alternatives":[{"confidence":"0.0","content":"."}],"type":"punctuation"},{"start_time":"103.2","end_time":"103.62","alternatives":[{"confidence":"1.0","content":"감사합니다"}],"type":"pronunciation"},{"alternatives":[{"confidence":"0.0","content":"."}],"type":"punctuation"},{"start_time":"103.68","end_time":"104.01","alternatives":[{"confidence":"0.7674","content":"네"}],"type":"pronunciation"},{"alternatives":[{"confidence":"0.0","content":","}],"type":"punctuation"},{"start_time":"104.01","end_time":"104.3","alternatives":[{"confidence":"0.9784","content":"그렇게"}],"type":"pronunciation"},{"start_time":"104.3","end_time":"105.09","alternatives":[{"confidence":"0.9992","content":"하세요"}],"type":"pronunciation"},{"alternatives":[{"confidence":"0.0","content":"."}],"type":"punctuation"}]},"status":"COMPLETED"}