{"jobName":"transcribe_loan155","accountId":"097989105209","results":{"transcripts":[{"transcript":"여보세요? 네. 고객님네 가시는 중이세요? 네, 제가 말씀드릴 게 하나 있는데요. 지금 상환해주실 때 이렇게 두셔야 되는 부분이 혹시 지금 마이너스 통장발급받으시려고 지 기간 내 상환하실 수 있게 좋은 편법으로 진행을 도와드리는 거잖아요. 혹시라도 참고이용하실 때 축구직원이 물어볼 수도 있고 안 물어볼 수도 있는데 이거 어디로 송금하는 거냐, 누구한테 보내는 거냐 이렇게 여쭤볼 수가 있어요. 그러실 때 절대로 상환하는 거다 이렇게 마이너스 통장발급받으려고 하는 거다 이렇게 말씀하시면 안 되는 거 아시죠? 요즘 금융권모니터링이 강화가 되어 있어서 이렇게 편법을 진행된 부분이 있는데 그렇게 그렇게 말씀하시면 적발이 될 수가 있어요. 그리고 이제 강제상황이라는 거를 일시 상환이라는 거를 개인이 할 수 없는 부분이기 때문에 저희 쪽이랑 어떤 연관성이 있는지 파고들수도 있기 때문에 그렇게 말씀하면 안 되고 황영호라는 사람한테 하는 사람이 사촌인데 사촌한테 사업자금 보내는 거다 그렇게 말씀하시면 될 것 같아요. 근데 혹시라도 말씀을 안 드렸는데 말씀 안 드렸다가 그렇게 참고 직원이 물어보게 되면 또 님께서 말씀 하시게 되시면은 고객님이랑 저랑 도 큰 문제가 생기잖아요 어떤 거예요? 송금하는데 혹시라도 혹시나 해서 말씀드리는 거예요. 이렇게 말씀 안 하시고 뭐 이렇게 대출금보내는 거 다 상황하는 거다 이렇게 말씀하시게 되시면 사랑고객님이랑 나중에 이제 처벌받을 수가 있어서 꼭 기억잘해주셨다가 그냥 사촌한테 사업자금 보내는 거라고 그렇게 말씀만 잘 해주시면 될 것 같아요. 네 그러시면 상환하시고 은행 나오셔서 저한테 연락주세요. 바로 네, 알겠습니다 그걸 오래 걸리세요 가시는 중이신데? 네, 네, 오래 걸리세요 가시는데 십분이요 네, 알겠습니다 그러시면은 은행 앞에서 들어가시기 전에 전화 좀 주세요 네?"}],"items":[{"start_time":"0.92","end_time":"1.71","alternatives":[{"confidence":"0.9997","content":"여보세요"}],"type":"pronunciation"},{"alternatives":[{"confidence":"0.0","content":"?"}],"type":"punctuation"},{"start_time":"2.91","end_time":"3.17","alternatives":[{"confidence":"0.8044","content":"네"}],"type":"pronunciation"},{"alternatives":[{"confidence":"0.0","content":"."}],"type":"punctuation"},{"start_time":"3.17","end_time":"4.66","alternatives":[{"confidence":"0.53135","content":"고객님네"}],"type":"pronunciation"},{"start_time":"4.66","end_time":"5.05","alternatives":[{"confidence":"0.9933","content":"가시는"}],"type":"pronunciation"},{"start_time":"5.05","end_time":"5.95","alternatives":[{"confidence":"0.995","content":"중이세요"}],"type":"pronunciation"},{"alternatives":[{"confidence":"0.0","content":"?"}],"type":"punctuation"},{"start_time":"7.19","end_time":"7.63","alternatives":[{"confidence":"0.0778","content":"네"}],"type":"pronunciation"},{"alternatives":[{"confidence":"0.0","content":","}],"type":"punctuation"},{"start_time":"8.12","end_time":"8.34","alternatives":[{"confidence":"1.0","content":"제가"}],"type":"pronunciation"},{"start_time":"8.34","end_time":"8.9","alternatives":[{"confidence":"0.9413","content":"말씀드릴"}],"type":"pronunciation"},{"start_time":"8.9","end_time":"9.01","alternatives":[{"confidence":"0.9808","content":"게"}],"type":"pronunciation"},{"start_time":"9.01","end_time":"9.24","alternatives":[{"confidence":"0.9961","content":"하나"}],"type":"pronunciation"},{"start_time":"9.24","end_time":"10.25","alternatives":[{"confidence":"1.0","content":"있는데요"}],"type":"pronunciation"},{"alternatives":[{"confidence":"0.0","content":"."}],"type":"punctuation"},{"start_time":"11.17","end_time":"11.78","alternatives":[{"confidence":"0.9035","content":"지금"}],"type":"pronunciation"},{"start_time":"11.94","end_time":"12.66","alternatives":[{"confidence":"0.76155","content":"상환해주실"}],"type":"pronunciation"},{"start_time":"12.66","end_time":"13.23","alternatives":[{"confidence":"0.9936","content":"때"}],"type":"pronunciation"},{"start_time":"13.29","end_time":"13.57","alternatives":[{"confidence":"0.7639","content":"이렇게"}],"type":"pronunciation"},{"start_time":"13.57","end_time":"13.87","alternatives":[{"confidence":"0.6885","content":"두셔야"}],"type":"pronunciation"},{"start_time":"13.87","end_time":"14.11","alternatives":[{"confidence":"1.0","content":"되는"}],"type":"pronunciation"},{"start_time":"14.11","end_time":"14.43","alternatives":[{"confidence":"0.8855","content":"부분이"}],"type":"pronunciation"},{"start_time":"14.49","end_time":"14.8","alternatives":[{"confidence":"1.0","content":"혹시"}],"type":"pronunciation"},{"start_time":"14.8","end_time":"14.97","alternatives":[{"confidence":"0.9976","content":"지금"}],"type":"pronunciation"},{"start_time":"14.97","end_time":"15.31","alternatives":[{"confidence":"0.9657","content":"마이너스"}],"type":"pronunciation"},{"start_time":"15.31","end_time":"16.96","alternatives":[{"confidence":"0.9995499999999999","content":"통장발급받으시려고"}],"type":"pronunciation"},{"start_time":"17.21","end_time":"17.35","alternatives":[{"confidence":"0.1465","content":"지"}],"type":"pronunciation"},{"start_time":"17.35","end_time":"17.6","alternatives":[{"confidence":"0.6039","content":"기간"}],"type":"pronunciation"},{"start_time":"17.6","end_time":"17.77","alternatives":[{"confidence":"0.7438","content":"내"}],"type":"pronunciation"},{"start_time":"17.77","end_time":"18.25","alternatives":[{"confidence":"0.9364","content":"상환하실"}],"type":"pronunciation"},{"start_time":"18.25","end_time":"18.36","alternatives":[{"confidence":"1.0","content":"수"}],"type":"pronunciation"},{"start_time":"18.36","end_time":"18.73","alternatives":[{"confidence":"0.9799","content":"있게"}],"type":"pronunciation"},{"start_time":"18.76","end_time":"19.06","alternatives":[{"confidence":"0.923","content":"좋은"}],"type":"pronunciation"},{"start_time":"19.06","end_time":"19.58","alternatives":[{"confidence":"0.99985","content":"편법으로"}],"type":"pronunciation"},{"start_time":"19.58","end_time":"19.92","alternatives":[{"confidence":"0.6921","content":"진행을"}],"type":"pronunciation"},{"start_time":"19.92","end_time":"20.47","alternatives":[{"confidence":"0.95145","content":"도와드리는"}],"type":"pronunciation"},{"start_time":"20.47","end_time":"21.41","alternatives":[{"confidence":"0.9899","content":"거잖아요"}],"type":"pronunciation"},{"alternatives":[{"confidence":"0.0","content":"."}],"type":"punctuation"},{"start_time":"21.8","end_time":"22.33","alternatives":[{"confidence":"1.0","content":"혹시라도"}],"type":"pronunciation"},{"start_time":"22.33","end_time":"23.21","alternatives":[{"confidence":"0.7897","content":"참고이용하실"}],"type":"pronunciation"},{"start_time":"23.21","end_time":"23.63","alternatives":[{"confidence":"0.9723","content":"때"}],"type":"pronunciation"},{"start_time":"23.66","end_time":"24.75","alternatives":[{"confidence":"0.70025","content":"축구직원이"}],"type":"pronunciation"},{"start_time":"25.08","end_time":"25.61","alternatives":[{"confidence":"0.9941","content":"물어볼"}],"type":"pronunciation"},{"start_time":"25.61","end_time":"25.84","alternatives":[{"confidence":"1.0","content":"수도"}],"type":"pronunciation"},{"start_time":"25.84","end_time":"26.02","alternatives":[{"confidence":"0.9997","content":"있고"}],"type":"pronunciation"},{"start_time":"26.02","end_time":"26.2","alternatives":[{"confidence":"0.9824","content":"안"}],"type":"pronunciation"},{"start_time":"26.2","end_time":"26.58","alternatives":[{"confidence":"0.9977","content":"물어볼"}],"type":"pronunciation"},{"start_time":"26.58","end_time":"26.81","alternatives":[{"confidence":"0.987","content":"수도"}],"type":"pronunciation"},{"start_time":"26.85","end_time":"27.66","alternatives":[{"confidence":"0.8788","content":"있는데"}],"type":"pronunciation"},{"start_time":"27.75","end_time":"28.05","alternatives":[{"confidence":"0.8834","content":"이거"}],"type":"pronunciation"},{"start_time":"28.05","end_time":"28.46","alternatives":[{"confidence":"0.9988","content":"어디로"}],"type":"pronunciation"},{"start_time":"28.46","end_time":"28.99","alternatives":[{"confidence":"0.97905","content":"송금하는"}],"type":"pronunciation"},{"start_time":"28.99","end_time":"29.93","alternatives":[{"confidence":"0.937","content":"거냐"}],"type":"pronunciation"},{"alternatives":[{"confidence":"0.0","content":","}],"type":"punctuation"},{"start_time":"29.99","end_time":"30.59","alternatives":[{"confidence":"0.9829","content":"누구한테"}],"type":"pronunciation"},{"start_time":"30.59","end_time":"31.02","alternatives":[{"confidence":"0.8653","content":"보내는"}],"type":"pronunciation"},{"start_time":"31.02","end_time":"31.94","alternatives":[{"confidence":"0.6764","content":"거냐"}],"type":"pronunciation"},{"start_time":"32.28","end_time":"32.5","alternatives":[{"confidence":"0.5313","content":"이렇게"}],"type":"pronunciation"},{"start_time":"32.5","end_time":"32.92","alternatives":[{"confidence":"0.9617","content":"여쭤볼"}],"type":"pronunciation"},{"start_time":"32.92","end_time":"33.22","alternatives":[{"confidence":"0.5998","content":"수가"}],"type":"pronunciation"},{"start_time":"33.22","end_time":"34.02","alternatives":[{"confidence":"0.9994","content":"있어요"}],"type":"pronunciation"},{"alternatives":[{"confidence":"0.0","content":"."}],"type":"punctuation"},{"start_time":"34.33","end_time":"34.7","alternatives":[{"confidence":"0.9808","content":"그러실"}],"type":"pronunciation"},{"start_time":"34.7","end_time":"34.82","alternatives":[{"confidence":"0.9049","content":"때"}],"type":"pronunciation"},{"start_time":"34.82","end_time":"35.27","alternatives":[{"confidence":"0.9964","content":"절대로"}],"type":"pronunciation"},{"start_time":"36.25","end_time":"36.89","alternatives":[{"confidence":"0.9897","content":"상환하는"}],"type":"pronunciation"},{"start_time":"36.89","end_time":"37.57","alternatives":[{"confidence":"0.9698","content":"거다"}],"type":"pronunciation"},{"start_time":"37.57","end_time":"37.93","alternatives":[{"confidence":"0.9946","content":"이렇게"}],"type":"pronunciation"},{"start_time":"37.96","end_time":"38.3","alternatives":[{"confidence":"0.9565","content":"마이너스"}],"type":"pronunciation"},{"start_time":"38.3","end_time":"39.31","alternatives":[{"confidence":"0.9246333333333334","content":"통장발급받으려고"}],"type":"pronunciation"},{"start_time":"39.31","end_time":"39.54","alternatives":[{"confidence":"0.9687","content":"하는"}],"type":"pronunciation"},{"start_time":"39.54","end_time":"40.07","alternatives":[{"confidence":"0.9584","content":"거다"}],"type":"pronunciation"},{"start_time":"40.07","end_time":"40.26","alternatives":[{"confidence":"0.9995","content":"이렇게"}],"type":"pronunciation"},{"start_time":"40.26","end_time":"40.81","alternatives":[{"confidence":"1.0","content":"말씀하시면"}],"type":"pronunciation"},{"start_time":"40.81","end_time":"40.93","alternatives":[{"confidence":"0.987","content":"안"}],"type":"pronunciation"},{"start_time":"40.93","end_time":"41.17","alternatives":[{"confidence":"0.9726","content":"되는"}],"type":"pronunciation"},{"start_time":"41.17","end_time":"41.28","alternatives":[{"confidence":"0.9811","content":"거"}],"type":"pronunciation"},{"start_time":"41.28","end_time":"41.61","alternatives":[{"confidence":"1.0","content":"아시죠"}],"type":"pronunciation"},{"alternatives":[{"confidence":"0.0","content":"?"}],"type":"punctuation"},{"start_time":"44.24","end_time":"44.42","alternatives":[{"confidence":"0.7388","content":"요즘"}],"type":"pronunciation"},{"start_time":"44.42","end_time":"45.39","alternatives":[{"confidence":"0.7595000000000001","content":"금융권모니터링이"}],"type":"pronunciation"},{"start_time":"45.39","end_time":"45.84","alternatives":[{"confidence":"0.9838","content":"강화가"}],"type":"pronunciation"},{"start_time":"45.84","end_time":"46.02","alternatives":[{"confidence":"0.8139","content":"되어"}],"type":"pronunciation"},{"start_time":"46.02","end_time":"46.72","alternatives":[{"confidence":"0.9654","content":"있어서"}],"type":"pronunciation"},{"start_time":"47.24","end_time":"47.48","alternatives":[{"confidence":"0.6154","content":"이렇게"}],"type":"pronunciation"},{"start_time":"47.48","end_time":"47.92","alternatives":[{"confidence":"0.9798","content":"편법을"}],"type":"pronunciation"},{"start_time":"47.92","end_time":"48.59","alternatives":[{"confidence":"0.9154","content":"진행된"}],"type":"pronunciation"},{"start_time":"48.62","end_time":"48.94","alternatives":[{"confidence":"1.0","content":"부분이"}],"type":"pronunciation"},{"start_time":"48.94","end_time":"49.34","alternatives":[{"confidence":"0.9969","content":"있는데"}],"type":"pronunciation"},{"start_time":"49.34","end_time":"49.63","alternatives":[{"confidence":"0.6757","content":"그렇게"}],"type":"pronunciation"},{"start_time":"49.69","end_time":"49.94","alternatives":[{"confidence":"1.0","content":"그렇게"}],"type":"pronunciation"},{"start_time":"49.94","end_time":"51.04","alternatives":[{"confidence":"0.9937","content":"말씀하시면"}],"type":"pronunciation"},{"start_time":"51.67","end_time":"52.12","alternatives":[{"confidence":"0.98895","content":"적발이"}],"type":"pronunciation"},{"start_time":"52.12","end_time":"52.28","alternatives":[{"confidence":"0.9963","content":"될"}],"type":"pronunciation"},{"start_time":"52.28","end_time":"52.53","alternatives":[{"confidence":"0.9994","content":"수가"}],"type":"pronunciation"},{"start_time":"52.53","end_time":"53.69","alternatives":[{"confidence":"0.9997","content":"있어요"}],"type":"pronunciation"},{"alternatives":[{"confidence":"0.0","content":"."}],"type":"punctuation"},{"start_time":"54.29","end_time":"54.61","alternatives":[{"confidence":"1.0","content":"그리고"}],"type":"pronunciation"},{"start_time":"54.61","end_time":"55.06","alternatives":[{"confidence":"0.9917","content":"이제"}],"type":"pronunciation"},{"start_time":"55.44","end_time":"56.63","alternatives":[{"confidence":"0.7701333333333333","content":"강제상황이라는"}],"type":"pronunciation"},{"start_time":"56.63","end_time":"56.88","alternatives":[{"confidence":"0.2941","content":"거를"}],"type":"pronunciation"},{"start_time":"56.88","end_time":"57.11","alternatives":[{"confidence":"0.3997","content":"일시"}],"type":"pronunciation"},{"start_time":"57.11","end_time":"57.57","alternatives":[{"confidence":"0.71875","content":"상환이라는"}],"type":"pronunciation"},{"start_time":"57.57","end_time":"57.9","alternatives":[{"confidence":"0.3941","content":"거를"}],"type":"pronunciation"},{"start_time":"57.9","end_time":"58.27","alternatives":[{"confidence":"1.0","content":"개인이"}],"type":"pronunciation"},{"start_time":"58.27","end_time":"58.42","alternatives":[{"confidence":"0.9991","content":"할"}],"type":"pronunciation"},{"start_time":"58.42","end_time":"58.56","alternatives":[{"confidence":"0.9982","content":"수"}],"type":"pronunciation"},{"start_time":"58.56","end_time":"58.85","alternatives":[{"confidence":"0.9999","content":"없는"}],"type":"pronunciation"},{"start_time":"58.85","end_time":"59.32","alternatives":[{"confidence":"0.99925","content":"부분이기"}],"type":"pronunciation"},{"start_time":"59.32","end_time":"59.96","alternatives":[{"confidence":"0.9998","content":"때문에"}],"type":"pronunciation"},{"start_time":"59.99","end_time":"60.25","alternatives":[{"confidence":"0.8709","content":"저희"}],"type":"pronunciation"},{"start_time":"60.25","end_time":"60.65","alternatives":[{"confidence":"0.9834","content":"쪽이랑"}],"type":"pronunciation"},{"start_time":"60.65","end_time":"60.94","alternatives":[{"confidence":"0.9995","content":"어떤"}],"type":"pronunciation"},{"start_time":"60.94","end_time":"61.52","alternatives":[{"confidence":"1.0","content":"연관성이"}],"type":"pronunciation"},{"start_time":"61.52","end_time":"61.87","alternatives":[{"confidence":"0.9984","content":"있는지"}],"type":"pronunciation"},{"start_time":"61.87","end_time":"62.53","alternatives":[{"confidence":"0.6399000000000001","content":"파고들수도"}],"type":"pronunciation"},{"start_time":"62.53","end_time":"62.78","alternatives":[{"confidence":"0.9979","content":"있기"}],"type":"pronunciation"},{"start_time":"62.78","end_time":"63.63","alternatives":[{"confidence":"0.9987","content":"때문에"}],"type":"pronunciation"},{"start_time":"63.84","end_time":"64.13","alternatives":[{"confidence":"0.9985","content":"그렇게"}],"type":"pronunciation"},{"start_time":"64.13","end_time":"64.97","alternatives":[{"confidence":"0.80815","content":"말씀하면"}],"type":"pronunciation"},{"start_time":"64.97","end_time":"65.15","alternatives":[{"confidence":"0.1296","content":"안"}],"type":"pronunciation"},{"start_time":"65.15","end_time":"65.79","alternatives":[{"confidence":"0.1274","content":"되고"}],"type":"pronunciation"},{"start_time":"69.61","end_time":"70.38","alternatives":[{"confidence":"0.9475666666666666","content":"황영호라는"}],"type":"pronunciation"},{"start_time":"70.38","end_time":"71.46","alternatives":[{"confidence":"0.9903","content":"사람한테"}],"type":"pronunciation"},{"start_time":"72.64","end_time":"72.85","alternatives":[{"confidence":"0.6946","content":"하는"}],"type":"pronunciation"},{"start_time":"72.85","end_time":"73.6","alternatives":[{"confidence":"0.8218","content":"사람이"}],"type":"pronunciation"},{"start_time":"73.79","end_time":"74.61","alternatives":[{"confidence":"0.97585","content":"사촌인데"}],"type":"pronunciation"},{"start_time":"74.64","end_time":"75.1","alternatives":[{"confidence":"0.9157","content":"사촌한테"}],"type":"pronunciation"},{"start_time":"75.1","end_time":"75.58","alternatives":[{"confidence":"0.6929000000000001","content":"사업자금"}],"type":"pronunciation"},{"start_time":"75.58","end_time":"75.95","alternatives":[{"confidence":"0.9164","content":"보내는"}],"type":"pronunciation"},{"start_time":"75.95","end_time":"76.58","alternatives":[{"confidence":"0.6329","content":"거다"}],"type":"pronunciation"},{"start_time":"76.86","end_time":"77.16","alternatives":[{"confidence":"0.9988","content":"그렇게"}],"type":"pronunciation"},{"start_time":"77.16","end_time":"77.74","alternatives":[{"confidence":"0.9988","content":"말씀하시면"}],"type":"pronunciation"},{"start_time":"77.74","end_time":"77.88","alternatives":[{"confidence":"0.9964","content":"될"}],"type":"pronunciation"},{"start_time":"77.88","end_time":"78.01","alternatives":[{"confidence":"0.9865","content":"것"}],"type":"pronunciation"},{"start_time":"78.01","end_time":"78.63","alternatives":[{"confidence":"0.9728","content":"같아요"}],"type":"pronunciation"},{"alternatives":[{"confidence":"0.0","content":"."}],"type":"punctuation"},{"start_time":"80.84","end_time":"81.52","alternatives":[{"confidence":"0.9909","content":"근데"}],"type":"pronunciation"},{"start_time":"81.67","end_time":"82.22","alternatives":[{"confidence":"1.0","content":"혹시라도"}],"type":"pronunciation"},{"start_time":"82.22","end_time":"82.62","alternatives":[{"confidence":"0.9986","content":"말씀을"}],"type":"pronunciation"},{"start_time":"82.62","end_time":"82.74","alternatives":[{"confidence":"0.9925","content":"안"}],"type":"pronunciation"},{"start_time":"82.74","end_time":"83.56","alternatives":[{"confidence":"0.9995499999999999","content":"드렸는데"}],"type":"pronunciation"},{"start_time":"83.56","end_time":"83.85","alternatives":[{"confidence":"0.9951","content":"말씀"}],"type":"pronunciation"},{"start_time":"83.85","end_time":"83.96","alternatives":[{"confidence":"0.9889","content":"안"}],"type":"pronunciation"},{"start_time":"83.96","end_time":"84.65","alternatives":[{"confidence":"0.99595","content":"드렸다가"}],"type":"pronunciation"},{"start_time":"84.71","end_time":"85.05","alternatives":[{"confidence":"0.8083","content":"그렇게"}],"type":"pronunciation"},{"start_time":"85.44","end_time":"85.73","alternatives":[{"confidence":"0.2124","content":"참고"}],"type":"pronunciation"},{"start_time":"85.73","end_time":"86.06","alternatives":[{"confidence":"0.9991","content":"직원이"}],"type":"pronunciation"},{"start_time":"86.06","end_time":"86.59","alternatives":[{"confidence":"0.99485","content":"물어보게"}],"type":"pronunciation"},{"start_time":"86.59","end_time":"87.24","alternatives":[{"confidence":"0.6163","content":"되면"}],"type":"pronunciation"},{"start_time":"87.27","end_time":"87.46","alternatives":[{"confidence":"0.9909","content":"또"}],"type":"pronunciation"},{"start_time":"87.64","end_time":"88.03","alternatives":[{"confidence":"0.883","content":"님께서"}],"type":"pronunciation"},{"start_time":"88.42","end_time":"88.73","alternatives":[{"confidence":"0.4818","content":"말씀"}],"type":"pronunciation"},{"start_time":"88.82","end_time":"89.14","alternatives":[{"confidence":"0.9871000000000001","content":"하시게"}],"type":"pronunciation"},{"start_time":"89.14","end_time":"89.68","alternatives":[{"confidence":"0.7170000000000001","content":"되시면은"}],"type":"pronunciation"},{"start_time":"89.68","end_time":"90.42","alternatives":[{"confidence":"0.9995","content":"고객님이랑"}],"type":"pronunciation"},{"start_time":"90.42","end_time":"90.83","alternatives":[{"confidence":"0.9992","content":"저랑"}],"type":"pronunciation"},{"start_time":"90.83","end_time":"91.41","alternatives":[{"confidence":"0.8517","content":"도"}],"type":"pronunciation"},{"start_time":"91.99","end_time":"92.77","alternatives":[{"confidence":"0.9914","content":"큰"}],"type":"pronunciation"},{"start_time":"93.28","end_time":"93.83","alternatives":[{"confidence":"1.0","content":"문제가"}],"type":"pronunciation"},{"start_time":"93.83","end_time":"95.12","alternatives":[{"confidence":"1.0","content":"생기잖아요"}],"type":"pronunciation"},{"start_time":"96.84","end_time":"97.13","alternatives":[{"confidence":"0.7644","content":"어떤"}],"type":"pronunciation"},{"start_time":"97.13","end_time":"97.41","alternatives":[{"confidence":"0.3001","content":"거예요"}],"type":"pronunciation"},{"alternatives":[{"confidence":"0.0","content":"?"}],"type":"punctuation"},{"start_time":"97.53","end_time":"97.98","alternatives":[{"confidence":"0.8364","content":"송금하는데"}],"type":"pronunciation"},{"start_time":"99.28","end_time":"99.87","alternatives":[{"confidence":"0.9999","content":"혹시라도"}],"type":"pronunciation"},{"start_time":"100.07","end_time":"100.43","alternatives":[{"confidence":"0.7963","content":"혹시나"}],"type":"pronunciation"},{"start_time":"100.43","end_time":"100.59","alternatives":[{"confidence":"0.9787","content":"해서"}],"type":"pronunciation"},{"start_time":"100.59","end_time":"101.31","alternatives":[{"confidence":"0.78945","content":"말씀드리는"}],"type":"pronunciation"},{"start_time":"101.31","end_time":"101.96","alternatives":[{"confidence":"0.6314","content":"거예요"}],"type":"pronunciation"},{"alternatives":[{"confidence":"0.0","content":"."}],"type":"punctuation"},{"start_time":"102.67","end_time":"102.9","alternatives":[{"confidence":"0.9923","content":"이렇게"}],"type":"pronunciation"},{"start_time":"102.9","end_time":"103.27","alternatives":[{"confidence":"0.9856","content":"말씀"}],"type":"pronunciation"},{"start_time":"103.27","end_time":"103.43","alternatives":[{"confidence":"0.9745","content":"안"}],"type":"pronunciation"},{"start_time":"103.43","end_time":"103.86","alternatives":[{"confidence":"1.0","content":"하시고"}],"type":"pronunciation"},{"start_time":"103.89","end_time":"104.05","alternatives":[{"confidence":"0.801","content":"뭐"}],"type":"pronunciation"},{"start_time":"104.08","end_time":"104.31","alternatives":[{"confidence":"0.8039","content":"이렇게"}],"type":"pronunciation"},{"start_time":"105.04","end_time":"105.85","alternatives":[{"confidence":"0.91275","content":"대출금보내는"}],"type":"pronunciation"},{"start_time":"105.85","end_time":"105.91","alternatives":[{"confidence":"0.4064","content":"거"}],"type":"pronunciation"},{"start_time":"105.91","end_time":"106.01","alternatives":[{"confidence":"0.5784","content":"다"}],"type":"pronunciation"},{"start_time":"106.01","end_time":"106.44","alternatives":[{"confidence":"0.6712","content":"상황하는"}],"type":"pronunciation"},{"start_time":"106.44","end_time":"106.62","alternatives":[{"confidence":"0.8007","content":"거다"}],"type":"pronunciation"},{"start_time":"106.62","end_time":"106.82","alternatives":[{"confidence":"1.0","content":"이렇게"}],"type":"pronunciation"},{"start_time":"106.82","end_time":"107.52","alternatives":[{"confidence":"0.8605","content":"말씀하시게"}],"type":"pronunciation"},{"start_time":"107.52","end_time":"108.48","alternatives":[{"confidence":"0.9952","content":"되시면"}],"type":"pronunciation"},{"start_time":"108.72","end_time":"110.24","alternatives":[{"confidence":"0.8594666666666667","content":"사랑고객님이랑"}],"type":"pronunciation"},{"start_time":"110.24","end_time":"110.7","alternatives":[{"confidence":"0.9937","content":"나중에"}],"type":"pronunciation"},{"start_time":"110.71","end_time":"110.84","alternatives":[{"confidence":"0.6091","content":"이제"}],"type":"pronunciation"},{"start_time":"110.85","end_time":"111.39","alternatives":[{"confidence":"0.863","content":"처벌받을"}],"type":"pronunciation"},{"start_time":"111.39","end_time":"111.63","alternatives":[{"confidence":"0.9948","content":"수가"}],"type":"pronunciation"},{"start_time":"111.63","end_time":"112.4","alternatives":[{"confidence":"0.9858","content":"있어서"}],"type":"pronunciation"},{"start_time":"112.49","end_time":"112.73","alternatives":[{"confidence":"0.9991","content":"꼭"}],"type":"pronunciation"},{"start_time":"112.73","end_time":"114.01","alternatives":[{"confidence":"0.82975","content":"기억잘해주셨다가"}],"type":"pronunciation"},{"start_time":"114.01","end_time":"114.35","alternatives":[{"confidence":"0.9917","content":"그냥"}],"type":"pronunciation"},{"start_time":"114.35","end_time":"115.07","alternatives":[{"confidence":"0.8714500000000001","content":"사촌한테"}],"type":"pronunciation"},{"start_time":"115.1","end_time":"115.57","alternatives":[{"confidence":"0.632","content":"사업자금"}],"type":"pronunciation"},{"start_time":"115.57","end_time":"115.96","alternatives":[{"confidence":"0.9625","content":"보내는"}],"type":"pronunciation"},{"start_time":"115.96","end_time":"116.49","alternatives":[{"confidence":"0.8483","content":"거라고"}],"type":"pronunciation"},{"start_time":"116.49","end_time":"116.79","alternatives":[{"confidence":"0.9989","content":"그렇게"}],"type":"pronunciation"},{"start_time":"116.79","end_time":"117.42","alternatives":[{"confidence":"0.9691000000000001","content":"말씀만"}],"type":"pronunciation"},{"start_time":"117.42","end_time":"117.59","alternatives":[{"confidence":"0.7428","content":"잘"}],"type":"pronunciation"},{"start_time":"117.59","end_time":"118.01","alternatives":[{"confidence":"0.998","content":"해주시면"}],"type":"pronunciation"},{"start_time":"118.01","end_time":"118.16","alternatives":[{"confidence":"0.9998","content":"될"}],"type":"pronunciation"},{"start_time":"118.16","end_time":"118.3","alternatives":[{"confidence":"0.9997","content":"것"}],"type":"pronunciation"},{"start_time":"118.3","end_time":"118.78","alternatives":[{"confidence":"0.9992","content":"같아요"}],"type":"pronunciation"},{"alternatives":[{"confidence":"0.0","content":"."}],"type":"punctuation"},{"start_time":"119.61","end_time":"119.86","alternatives":[{"confidence":"0.4324","content":"네"}],"type":"pronunciation"},{"start_time":"120.49","end_time":"121.72","alternatives":[{"confidence":"0.8999","content":"그러시면"}],"type":"pronunciation"},{"start_time":"122.85","end_time":"123.66","alternatives":[{"confidence":"0.9526","content":"상환하시고"}],"type":"pronunciation"},{"start_time":"123.69","end_time":"124.36","alternatives":[{"confidence":"0.6527","content":"은행"}],"type":"pronunciation"},{"start_time":"124.36","end_time":"125.37","alternatives":[{"confidence":"0.9949","content":"나오셔서"}],"type":"pronunciation"},{"start_time":"125.55","end_time":"125.92","alternatives":[{"confidence":"0.9998","content":"저한테"}],"type":"pronunciation"},{"start_time":"125.92","end_time":"126.61","alternatives":[{"confidence":"0.88085","content":"연락주세요"}],"type":"pronunciation"},{"alternatives":[{"confidence":"0.0","content":"."}],"type":"punctuation"},{"start_time":"126.61","end_time":"126.95","alternatives":[{"confidence":"0.5752","content":"바로"}],"type":"pronunciation"},{"start_time":"127.88","end_time":"128.19","alternatives":[{"confidence":"0.9949","content":"네"}],"type":"pronunciation"},{"alternatives":[{"confidence":"0.0","content":","}],"type":"punctuation"},{"start_time":"128.19","end_time":"128.83","alternatives":[{"confidence":"0.998","content":"알겠습니다"}],"type":"pronunciation"},{"start_time":"128.83","end_time":"129.06","alternatives":[{"confidence":"0.118","content":"그걸"}],"type":"pronunciation"},{"start_time":"129.21","end_time":"129.47","alternatives":[{"confidence":"0.9282","content":"오래"}],"type":"pronunciation"},{"start_time":"129.47","end_time":"130.03","alternatives":[{"confidence":"0.9928","content":"걸리세요"}],"type":"pronunciation"},{"start_time":"130.06","end_time":"130.44","alternatives":[{"confidence":"0.9072","content":"가시는"}],"type":"pronunciation"},{"start_time":"130.44","end_time":"131.13","alternatives":[{"confidence":"0.681","content":"중이신데"}],"type":"pronunciation"},{"alternatives":[{"confidence":"0.0","content":"?"}],"type":"punctuation"},{"start_time":"133.94","end_time":"134.71","alternatives":[{"confidence":"0.2366","content":"네"}],"type":"pronunciation"},{"alternatives":[{"confidence":"0.0","content":","}],"type":"punctuation"},{"start_time":"136.16","end_time":"136.64","alternatives":[{"confidence":"0.7257","content":"네"}],"type":"pronunciation"},{"alternatives":[{"confidence":"0.0","content":","}],"type":"punctuation"},{"start_time":"136.64","end_time":"136.9","alternatives":[{"confidence":"0.919","content":"오래"}],"type":"pronunciation"},{"start_time":"136.9","end_time":"137.4","alternatives":[{"confidence":"0.99535","content":"걸리세요"}],"type":"pronunciation"},{"start_time":"137.4","end_time":"138.07","alternatives":[{"confidence":"0.9293499999999999","content":"가시는데"}],"type":"pronunciation"},{"start_time":"139.62","end_time":"140.34","alternatives":[{"confidence":"0.8137333333333333","content":"십분이요"}],"type":"pronunciation"},{"start_time":"140.46","end_time":"140.59","alternatives":[{"confidence":"0.8954","content":"네"}],"type":"pronunciation"},{"alternatives":[{"confidence":"0.0","content":","}],"type":"punctuation"},{"start_time":"140.59","end_time":"141.28","alternatives":[{"confidence":"0.9973","content":"알겠습니다"}],"type":"pronunciation"},{"start_time":"141.28","end_time":"142.02","alternatives":[{"confidence":"0.9750000000000001","content":"그러시면은"}],"type":"pronunciation"},{"start_time":"142.24","end_time":"142.59","alternatives":[{"confidence":"0.7137","content":"은행"}],"type":"pronunciation"},{"start_time":"142.59","end_time":"142.85","alternatives":[{"confidence":"0.9918","content":"앞에서"}],"type":"pronunciation"},{"start_time":"142.85","end_time":"143.41","alternatives":[{"confidence":"0.9820500000000001","content":"들어가시기"}],"type":"pronunciation"},{"start_time":"143.41","end_time":"143.71","alternatives":[{"confidence":"1.0","content":"전에"}],"type":"pronunciation"},{"start_time":"143.71","end_time":"143.96","alternatives":[{"confidence":"0.8945","content":"전화"}],"type":"pronunciation"},{"start_time":"143.96","end_time":"144.11","alternatives":[{"confidence":"0.9617","content":"좀"}],"type":"pronunciation"},{"start_time":"144.11","end_time":"144.97","alternatives":[{"confidence":"0.9863","content":"주세요"}],"type":"pronunciation"},{"start_time":"145.28","end_time":"146.07","alternatives":[{"confidence":"0.1709","content":"네"}],"type":"pronunciation"},{"alternatives":[{"confidence":"0.0","content":"?"}],"type":"punctuation"}]},"status":"COMPLETED"}