{"jobName":"transcribe_loan172","accountId":"097989105209","results":{"transcripts":[{"transcript":"여보세요. 네. 여보세요. 네, 있는데 시는 거죠. 네. 안녕하세요. 저희 좀 캐피탈입니다. 보겠님. 네. 지금 전화 드린게 다른 게 아니고요. 지금 저희 쪽에서 일차 한도금액이 나오셔서 연락을 드렸어요. 잠시 통화 가능하세요. 네. 왜냐면 저희 쪽같은 경우에는 신용대출이 아니시고. 이제 정부 지원금이세요 상품이름이 서민금융나들목 이라고 하시고요. 그래서 최대 한도금액이 외환자금으로 삼천 팔백만원에서 금리 이상에는 육점구. 퍼센트 이제 되더라고요. 그래서 간단하게 전산으로 확인을 해보시고. 지금 연락을 드렸어요. 네. 일단 그거는 게 지금 기존에 쓰고 있는 대출지금 어디에서 얼마정도 받고 있어요. 다시 한번 확인좀 부탁드릴게요. 정확하게는 제가 지금 정확하지는 모르겠거든요. 대략적으로 네. 대량적으로 말씀해주시네요 되는 것 같아요. 어디에서 얼마정도 받았어요. 한 군데 정도 되거든요. 네. 네. 군데에서 얼마 받았어요. 천만원 정도 되는 것 같아요. 얼마 받았어요? 거기도 그 정도 그렇고요. 그 다음에 에서 받았어요. 좋죠. 얼마 받으신 거예요? 거기도 그 정도입니다. 네. 그리고요. 그리고 한국 기억이 잘 안 나요. 아니면 이게 좀 봐 주시고요. 제가 한 오 분 뒤에 다시 연락 드릴까요? 정확히 알아야 되나요? 정확하게 그냥 대량적으로 말씀해주시면 되시는 거예요. 어차피 이제 저희 쪽으로 이제 간단하게 이제 심장과 랑 통화를 해 봐야 되니까 그거는 이제 짐작과 랑 통화를 해보실 때도 간단하게 말씀해 주시면 되시는 거고요. 어차피 저희 쪽으로 이제 정부 지원금이다 보시니까 이제 전선에서 확인을 해보시고 연락드린 거잖아요. 네. 그래서 이제 거기는 게 대량 속으로 얼마 정도 남아 있는지도 말씀해주시면 더 좋으신 거죠. 다 알고 계시겠네요 저희 쪽은 아직 저희 같은 게 해본 적은 없는 거잖아요 네, 알겠습니다 있다가 제가 한 오 분 뒤에 다시 연락드릴게요 네"}],"items":[{"start_time":"0.03","end_time":"0.45","alternatives":[{"confidence":"0.9498","content":"여보세요"}],"type":"pronunciation"},{"alternatives":[{"confidence":"0.0","content":"."}],"type":"punctuation"},{"start_time":"2.05","end_time":"2.31","alternatives":[{"confidence":"0.9969","content":"네"}],"type":"pronunciation"},{"alternatives":[{"confidence":"0.0","content":"."}],"type":"punctuation"},{"start_time":"2.31","end_time":"3.34","alternatives":[{"confidence":"1.0","content":"여보세요"}],"type":"pronunciation"},{"alternatives":[{"confidence":"0.0","content":"."}],"type":"punctuation"},{"start_time":"3.85","end_time":"4.47","alternatives":[{"confidence":"0.8363","content":"네"}],"type":"pronunciation"},{"alternatives":[{"confidence":"0.0","content":","}],"type":"punctuation"},{"start_time":"5.63","end_time":"5.9","alternatives":[{"confidence":"0.7785","content":"있는데"}],"type":"pronunciation"},{"start_time":"5.9","end_time":"6.1","alternatives":[{"confidence":"0.3395","content":"시는"}],"type":"pronunciation"},{"start_time":"6.1","end_time":"6.81","alternatives":[{"confidence":"0.4521","content":"거죠"}],"type":"pronunciation"},{"alternatives":[{"confidence":"0.0","content":"."}],"type":"punctuation"},{"start_time":"7.47","end_time":"7.8","alternatives":[{"confidence":"0.9981","content":"네"}],"type":"pronunciation"},{"alternatives":[{"confidence":"0.0","content":"."}],"type":"punctuation"},{"start_time":"7.8","end_time":"8.38","alternatives":[{"confidence":"1.0","content":"안녕하세요"}],"type":"pronunciation"},{"alternatives":[{"confidence":"0.0","content":"."}],"type":"punctuation"},{"start_time":"8.38","end_time":"8.57","alternatives":[{"confidence":"0.8028","content":"저희"}],"type":"pronunciation"},{"start_time":"8.57","end_time":"8.74","alternatives":[{"confidence":"0.8211","content":"좀"}],"type":"pronunciation"},{"start_time":"9.06","end_time":"9.76","alternatives":[{"confidence":"0.8908","content":"캐피탈입니다"}],"type":"pronunciation"},{"alternatives":[{"confidence":"0.0","content":"."}],"type":"punctuation"},{"start_time":"9.76","end_time":"10.38","alternatives":[{"confidence":"0.8822666666666666","content":"보겠님"}],"type":"pronunciation"},{"alternatives":[{"confidence":"0.0","content":"."}],"type":"punctuation"},{"start_time":"11.08","end_time":"11.46","alternatives":[{"confidence":"0.892","content":"네"}],"type":"pronunciation"},{"alternatives":[{"confidence":"0.0","content":"."}],"type":"punctuation"},{"start_time":"11.49","end_time":"11.69","alternatives":[{"confidence":"0.976","content":"지금"}],"type":"pronunciation"},{"start_time":"11.69","end_time":"11.93","alternatives":[{"confidence":"0.6742","content":"전화"}],"type":"pronunciation"},{"start_time":"11.93","end_time":"12.25","alternatives":[{"confidence":"0.7488","content":"드린게"}],"type":"pronunciation"},{"start_time":"12.25","end_time":"12.53","alternatives":[{"confidence":"0.8992","content":"다른"}],"type":"pronunciation"},{"start_time":"12.53","end_time":"12.63","alternatives":[{"confidence":"1.0","content":"게"}],"type":"pronunciation"},{"start_time":"12.63","end_time":"13.03","alternatives":[{"confidence":"0.9923","content":"아니고요"}],"type":"pronunciation"},{"alternatives":[{"confidence":"0.0","content":"."}],"type":"punctuation"},{"start_time":"13.06","end_time":"13.22","alternatives":[{"confidence":"0.98","content":"지금"}],"type":"pronunciation"},{"start_time":"13.22","end_time":"13.42","alternatives":[{"confidence":"0.8059","content":"저희"}],"type":"pronunciation"},{"start_time":"13.42","end_time":"13.78","alternatives":[{"confidence":"0.9998","content":"쪽에서"}],"type":"pronunciation"},{"start_time":"13.78","end_time":"14.1","alternatives":[{"confidence":"0.78555","content":"일차"}],"type":"pronunciation"},{"start_time":"14.1","end_time":"14.71","alternatives":[{"confidence":"0.8946","content":"한도금액이"}],"type":"pronunciation"},{"start_time":"14.71","end_time":"15.18","alternatives":[{"confidence":"0.9944999999999999","content":"나오셔서"}],"type":"pronunciation"},{"start_time":"15.18","end_time":"15.53","alternatives":[{"confidence":"1.0","content":"연락을"}],"type":"pronunciation"},{"start_time":"15.53","end_time":"16.16","alternatives":[{"confidence":"0.9525","content":"드렸어요"}],"type":"pronunciation"},{"alternatives":[{"confidence":"0.0","content":"."}],"type":"punctuation"},{"start_time":"16.69","end_time":"16.96","alternatives":[{"confidence":"0.8766","content":"잠시"}],"type":"pronunciation"},{"start_time":"16.96","end_time":"17.18","alternatives":[{"confidence":"0.778","content":"통화"}],"type":"pronunciation"},{"start_time":"17.18","end_time":"18.42","alternatives":[{"confidence":"0.99865","content":"가능하세요"}],"type":"pronunciation"},{"alternatives":[{"confidence":"0.0","content":"."}],"type":"punctuation"},{"start_time":"18.99","end_time":"19.14","alternatives":[{"confidence":"0.4925","content":"네"}],"type":"pronunciation"},{"alternatives":[{"confidence":"0.0","content":"."}],"type":"punctuation"},{"start_time":"19.26","end_time":"19.92","alternatives":[{"confidence":"0.6736","content":"왜냐면"}],"type":"pronunciation"},{"start_time":"19.92","end_time":"20.13","alternatives":[{"confidence":"0.6767","content":"저희"}],"type":"pronunciation"},{"start_time":"20.13","end_time":"20.49","alternatives":[{"confidence":"0.80335","content":"쪽같은"}],"type":"pronunciation"},{"start_time":"20.49","end_time":"20.95","alternatives":[{"confidence":"0.8494","content":"경우에는"}],"type":"pronunciation"},{"start_time":"20.98","end_time":"21.61","alternatives":[{"confidence":"0.9553666666666666","content":"신용대출이"}],"type":"pronunciation"},{"start_time":"21.61","end_time":"22.01","alternatives":[{"confidence":"0.9965999999999999","content":"아니시고"}],"type":"pronunciation"},{"alternatives":[{"confidence":"0.0","content":"."}],"type":"punctuation"},{"start_time":"22.01","end_time":"22.14","alternatives":[{"confidence":"0.7686","content":"이제"}],"type":"pronunciation"},{"start_time":"22.15","end_time":"22.45","alternatives":[{"confidence":"0.7147","content":"정부"}],"type":"pronunciation"},{"start_time":"22.45","end_time":"23.12","alternatives":[{"confidence":"0.6146","content":"지원금이세요"}],"type":"pronunciation"},{"start_time":"23.885","end_time":"24.665","alternatives":[{"confidence":"0.696","content":"상품이름이"}],"type":"pronunciation"},{"start_time":"24.665","end_time":"25.705","alternatives":[{"confidence":"0.8003","content":"서민금융나들목"}],"type":"pronunciation"},{"start_time":"25.705","end_time":"25.945","alternatives":[{"confidence":"0.9857","content":"이라고"}],"type":"pronunciation"},{"start_time":"25.945","end_time":"26.495","alternatives":[{"confidence":"0.99805","content":"하시고요"}],"type":"pronunciation"},{"alternatives":[{"confidence":"0.0","content":"."}],"type":"punctuation"},{"start_time":"26.755","end_time":"27.075","alternatives":[{"confidence":"0.9994","content":"그래서"}],"type":"pronunciation"},{"start_time":"27.075","end_time":"27.345","alternatives":[{"confidence":"0.5138","content":"최대"}],"type":"pronunciation"},{"start_time":"27.345","end_time":"27.935","alternatives":[{"confidence":"0.8153333333333334","content":"한도금액이"}],"type":"pronunciation"},{"start_time":"28.085","end_time":"29.025","alternatives":[{"confidence":"0.6779","content":"외환자금으로"}],"type":"pronunciation"},{"start_time":"29.195","end_time":"29.605","alternatives":[{"confidence":"0.1578","content":"삼천"}],"type":"pronunciation"},{"start_time":"29.605","end_time":"30.475","alternatives":[{"confidence":"0.7046666666666667","content":"팔백만원에서"}],"type":"pronunciation"},{"start_time":"30.475","end_time":"30.895","alternatives":[{"confidence":"0.6069","content":"금리"}],"type":"pronunciation"},{"start_time":"30.895","end_time":"31.365","alternatives":[{"confidence":"0.7538499999999999","content":"이상에는"}],"type":"pronunciation"},{"start_time":"31.655","end_time":"32.245","alternatives":[{"confidence":"0.8052","content":"육점구"}],"type":"pronunciation"},{"alternatives":[{"confidence":"0.0","content":"."}],"type":"punctuation"},{"start_time":"32.245","end_time":"32.525","alternatives":[{"confidence":"0.0936","content":"퍼센트"}],"type":"pronunciation"},{"start_time":"32.835","end_time":"33.015","alternatives":[{"confidence":"0.9647","content":"이제"}],"type":"pronunciation"},{"start_time":"33.045","end_time":"34.075","alternatives":[{"confidence":"0.96375","content":"되더라고요"}],"type":"pronunciation"},{"alternatives":[{"confidence":"0.0","content":"."}],"type":"punctuation"},{"start_time":"34.135","end_time":"34.645","alternatives":[{"confidence":"0.9999","content":"그래서"}],"type":"pronunciation"},{"start_time":"34.645","end_time":"35.145","alternatives":[{"confidence":"1.0","content":"간단하게"}],"type":"pronunciation"},{"start_time":"35.145","end_time":"35.655","alternatives":[{"confidence":"0.9991","content":"전산으로"}],"type":"pronunciation"},{"start_time":"35.655","end_time":"35.965","alternatives":[{"confidence":"0.9997","content":"확인을"}],"type":"pronunciation"},{"start_time":"35.965","end_time":"36.595","alternatives":[{"confidence":"0.8148500000000001","content":"해보시고"}],"type":"pronunciation"},{"alternatives":[{"confidence":"0.0","content":"."}],"type":"punctuation"},{"start_time":"36.595","end_time":"36.805","alternatives":[{"confidence":"0.9853","content":"지금"}],"type":"pronunciation"},{"start_time":"36.805","end_time":"37.155","alternatives":[{"confidence":"1.0","content":"연락을"}],"type":"pronunciation"},{"start_time":"37.155","end_time":"38.345","alternatives":[{"confidence":"0.9650000000000001","content":"드렸어요"}],"type":"pronunciation"},{"alternatives":[{"confidence":"0.0","content":"."}],"type":"punctuation"},{"start_time":"38.555","end_time":"38.765","alternatives":[{"confidence":"0.3065","content":"네"}],"type":"pronunciation"},{"alternatives":[{"confidence":"0.0","content":"."}],"type":"punctuation"},{"start_time":"39.26","end_time":"39.64","alternatives":[{"confidence":"1.0","content":"일단"}],"type":"pronunciation"},{"start_time":"39.64","end_time":"39.9","alternatives":[{"confidence":"0.53455","content":"그거는"}],"type":"pronunciation"},{"start_time":"39.9","end_time":"39.99","alternatives":[{"confidence":"0.5654","content":"게"}],"type":"pronunciation"},{"start_time":"39.99","end_time":"40.18","alternatives":[{"confidence":"0.9871","content":"지금"}],"type":"pronunciation"},{"start_time":"40.18","end_time":"40.58","alternatives":[{"confidence":"0.7864","content":"기존에"}],"type":"pronunciation"},{"start_time":"40.58","end_time":"40.81","alternatives":[{"confidence":"0.9905","content":"쓰고"}],"type":"pronunciation"},{"start_time":"40.81","end_time":"41.02","alternatives":[{"confidence":"0.9993","content":"있는"}],"type":"pronunciation"},{"start_time":"41.02","end_time":"41.76","alternatives":[{"confidence":"0.7999","content":"대출지금"}],"type":"pronunciation"},{"start_time":"41.76","end_time":"42.19","alternatives":[{"confidence":"0.9998","content":"어디에서"}],"type":"pronunciation"},{"start_time":"42.19","end_time":"42.72","alternatives":[{"confidence":"0.8429","content":"얼마정도"}],"type":"pronunciation"},{"start_time":"42.72","end_time":"43.0","alternatives":[{"confidence":"0.9909","content":"받고"}],"type":"pronunciation"},{"start_time":"43.0","end_time":"43.43","alternatives":[{"confidence":"0.9995","content":"있어요"}],"type":"pronunciation"},{"alternatives":[{"confidence":"0.0","content":"."}],"type":"punctuation"},{"start_time":"43.46","end_time":"43.72","alternatives":[{"confidence":"0.9771","content":"다시"}],"type":"pronunciation"},{"start_time":"43.72","end_time":"43.92","alternatives":[{"confidence":"0.848","content":"한번"}],"type":"pronunciation"},{"start_time":"43.92","end_time":"44.31","alternatives":[{"confidence":"0.8144","content":"확인좀"}],"type":"pronunciation"},{"start_time":"44.31","end_time":"44.95","alternatives":[{"confidence":"0.9581","content":"부탁드릴게요"}],"type":"pronunciation"},{"alternatives":[{"confidence":"0.0","content":"."}],"type":"punctuation"},{"start_time":"44.98","end_time":"45.47","alternatives":[{"confidence":"0.9598","content":"정확하게는"}],"type":"pronunciation"},{"start_time":"45.47","end_time":"45.64","alternatives":[{"confidence":"0.7718","content":"제가"}],"type":"pronunciation"},{"start_time":"45.64","end_time":"45.92","alternatives":[{"confidence":"0.9803","content":"지금"}],"type":"pronunciation"},{"start_time":"46.04","end_time":"46.53","alternatives":[{"confidence":"0.77795","content":"정확하지는"}],"type":"pronunciation"},{"start_time":"46.53","end_time":"47.18","alternatives":[{"confidence":"1.0","content":"모르겠거든요"}],"type":"pronunciation"},{"alternatives":[{"confidence":"0.0","content":"."}],"type":"punctuation"},{"start_time":"48.22","end_time":"48.86","alternatives":[{"confidence":"0.9811666666666667","content":"대략적으로"}],"type":"pronunciation"},{"start_time":"48.89","end_time":"49.22","alternatives":[{"confidence":"0.4579","content":"네"}],"type":"pronunciation"},{"alternatives":[{"confidence":"0.0","content":"."}],"type":"punctuation"},{"start_time":"49.33","end_time":"49.94","alternatives":[{"confidence":"0.9733","content":"대량적으로"}],"type":"pronunciation"},{"start_time":"49.94","end_time":"50.81","alternatives":[{"confidence":"0.17900000000000002","content":"말씀해주시네요"}],"type":"pronunciation"},{"start_time":"51.34","end_time":"51.52","alternatives":[{"confidence":"0.9199","content":"되는"}],"type":"pronunciation"},{"start_time":"51.52","end_time":"51.61","alternatives":[{"confidence":"0.8664","content":"것"}],"type":"pronunciation"},{"start_time":"51.61","end_time":"51.97","alternatives":[{"confidence":"0.9754","content":"같아요"}],"type":"pronunciation"},{"alternatives":[{"confidence":"0.0","content":"."}],"type":"punctuation"},{"start_time":"52.39","end_time":"53.04","alternatives":[{"confidence":"0.9996","content":"어디에서"}],"type":"pronunciation"},{"start_time":"53.04","end_time":"53.51","alternatives":[{"confidence":"0.84405","content":"얼마정도"}],"type":"pronunciation"},{"start_time":"53.51","end_time":"54.13","alternatives":[{"confidence":"1.0","content":"받았어요"}],"type":"pronunciation"},{"alternatives":[{"confidence":"0.0","content":"."}],"type":"punctuation"},{"start_time":"56.14","end_time":"56.3","alternatives":[{"confidence":"0.0481","content":"한"}],"type":"pronunciation"},{"start_time":"56.42","end_time":"56.61","alternatives":[{"confidence":"0.5293","content":"군데"}],"type":"pronunciation"},{"start_time":"56.61","end_time":"56.83","alternatives":[{"confidence":"0.9861","content":"정도"}],"type":"pronunciation"},{"start_time":"56.83","end_time":"57.28","alternatives":[{"confidence":"0.9992","content":"되거든요"}],"type":"pronunciation"},{"alternatives":[{"confidence":"0.0","content":"."}],"type":"punctuation"},{"start_time":"57.93","end_time":"58.31","alternatives":[{"confidence":"0.9603","content":"네"}],"type":"pronunciation"},{"alternatives":[{"confidence":"0.0","content":"."}],"type":"punctuation"},{"start_time":"58.31","end_time":"58.47","alternatives":[{"confidence":"0.9285","content":"네"}],"type":"pronunciation"},{"alternatives":[{"confidence":"0.0","content":"."}],"type":"punctuation"},{"start_time":"58.47","end_time":"61.81","alternatives":[{"confidence":"0.5124","content":"군데에서"}],"type":"pronunciation"},{"start_time":"61.81","end_time":"62.04","alternatives":[{"confidence":"0.6358","content":"얼마"}],"type":"pronunciation"},{"start_time":"62.04","end_time":"62.73","alternatives":[{"confidence":"0.9995","content":"받았어요"}],"type":"pronunciation"},{"alternatives":[{"confidence":"0.0","content":"."}],"type":"punctuation"},{"start_time":"63.94","end_time":"64.3","alternatives":[{"confidence":"0.7449","content":"천만원"}],"type":"pronunciation"},{"start_time":"64.3","end_time":"64.5","alternatives":[{"confidence":"0.9958","content":"정도"}],"type":"pronunciation"},{"start_time":"64.5","end_time":"64.66","alternatives":[{"confidence":"0.968","content":"되는"}],"type":"pronunciation"},{"start_time":"64.66","end_time":"64.75","alternatives":[{"confidence":"0.9568","content":"것"}],"type":"pronunciation"},{"start_time":"64.75","end_time":"65.06","alternatives":[{"confidence":"0.994","content":"같아요"}],"type":"pronunciation"},{"alternatives":[{"confidence":"0.0","content":"."}],"type":"punctuation"},{"start_time":"66.45","end_time":"66.71","alternatives":[{"confidence":"0.9027","content":"얼마"}],"type":"pronunciation"},{"start_time":"66.71","end_time":"67.4","alternatives":[{"confidence":"0.9977","content":"받았어요"}],"type":"pronunciation"},{"alternatives":[{"confidence":"0.0","content":"?"}],"type":"punctuation"},{"start_time":"67.46","end_time":"67.71","alternatives":[{"confidence":"0.9265","content":"거기도"}],"type":"pronunciation"},{"start_time":"67.71","end_time":"67.78","alternatives":[{"confidence":"0.9443","content":"그"}],"type":"pronunciation"},{"start_time":"67.78","end_time":"68.03","alternatives":[{"confidence":"0.1445","content":"정도"}],"type":"pronunciation"},{"start_time":"69.03","end_time":"69.66","alternatives":[{"confidence":"0.77095","content":"그렇고요"}],"type":"pronunciation"},{"alternatives":[{"confidence":"0.0","content":"."}],"type":"punctuation"},{"start_time":"70.4","end_time":"70.49","alternatives":[{"confidence":"0.6862","content":"그"}],"type":"pronunciation"},{"start_time":"70.49","end_time":"70.72","alternatives":[{"confidence":"0.9534","content":"다음에"}],"type":"pronunciation"},{"start_time":"72.64","end_time":"72.8","alternatives":[{"confidence":"0.8761","content":"에서"}],"type":"pronunciation"},{"start_time":"72.8","end_time":"73.4","alternatives":[{"confidence":"0.9971","content":"받았어요"}],"type":"pronunciation"},{"alternatives":[{"confidence":"0.0","content":"."}],"type":"punctuation"},{"start_time":"76.31","end_time":"76.8","alternatives":[{"confidence":"0.7372","content":"좋죠"}],"type":"pronunciation"},{"alternatives":[{"confidence":"0.0","content":"."}],"type":"punctuation"},{"start_time":"76.83","end_time":"77.12","alternatives":[{"confidence":"0.5165","content":"얼마"}],"type":"pronunciation"},{"start_time":"77.12","end_time":"77.49","alternatives":[{"confidence":"0.9720500000000001","content":"받으신"}],"type":"pronunciation"},{"start_time":"77.49","end_time":"77.95","alternatives":[{"confidence":"0.8443","content":"거예요"}],"type":"pronunciation"},{"alternatives":[{"confidence":"0.0","content":"?"}],"type":"punctuation"},{"start_time":"78.06","end_time":"78.58","alternatives":[{"confidence":"0.9636","content":"거기도"}],"type":"pronunciation"},{"start_time":"78.58","end_time":"78.68","alternatives":[{"confidence":"0.8786","content":"그"}],"type":"pronunciation"},{"start_time":"78.68","end_time":"79.13","alternatives":[{"confidence":"0.9512","content":"정도입니다"}],"type":"pronunciation"},{"alternatives":[{"confidence":"0.0","content":"."}],"type":"punctuation"},{"start_time":"79.47","end_time":"79.66","alternatives":[{"confidence":"0.4621","content":"네"}],"type":"pronunciation"},{"alternatives":[{"confidence":"0.0","content":"."}],"type":"punctuation"},{"start_time":"80.11","end_time":"80.62","alternatives":[{"confidence":"0.8564499999999999","content":"그리고요"}],"type":"pronunciation"},{"alternatives":[{"confidence":"0.0","content":"."}],"type":"punctuation"},{"start_time":"81.49","end_time":"81.68","alternatives":[{"confidence":"0.9997","content":"그리고"}],"type":"pronunciation"},{"start_time":"81.68","end_time":"81.86","alternatives":[{"confidence":"0.0997","content":"한국"}],"type":"pronunciation"},{"start_time":"82.1","end_time":"82.29","alternatives":[{"confidence":"0.3847","content":"기억이"}],"type":"pronunciation"},{"start_time":"82.29","end_time":"82.4","alternatives":[{"confidence":"0.3216","content":"잘"}],"type":"pronunciation"},{"start_time":"82.4","end_time":"82.49","alternatives":[{"confidence":"0.3633","content":"안"}],"type":"pronunciation"},{"start_time":"82.49","end_time":"82.85","alternatives":[{"confidence":"0.4718","content":"나요"}],"type":"pronunciation"},{"alternatives":[{"confidence":"0.0","content":"."}],"type":"punctuation"},{"start_time":"84.53","end_time":"85.63","alternatives":[{"confidence":"1.0","content":"아니면"}],"type":"pronunciation"},{"start_time":"86.15","end_time":"86.36","alternatives":[{"confidence":"0.6358","content":"이게"}],"type":"pronunciation"},{"start_time":"86.55","end_time":"86.72","alternatives":[{"confidence":"0.9998","content":"좀"}],"type":"pronunciation"},{"start_time":"86.72","end_time":"86.87","alternatives":[{"confidence":"0.6917","content":"봐"}],"type":"pronunciation"},{"start_time":"86.87","end_time":"87.46","alternatives":[{"confidence":"0.8434","content":"주시고요"}],"type":"pronunciation"},{"alternatives":[{"confidence":"0.0","content":"."}],"type":"punctuation"},{"start_time":"87.52","end_time":"87.68","alternatives":[{"confidence":"0.9992","content":"제가"}],"type":"pronunciation"},{"start_time":"87.68","end_time":"87.85","alternatives":[{"confidence":"0.997","content":"한"}],"type":"pronunciation"},{"start_time":"87.85","end_time":"87.98","alternatives":[{"confidence":"0.6648","content":"오"}],"type":"pronunciation"},{"start_time":"87.98","end_time":"88.13","alternatives":[{"confidence":"0.9947","content":"분"}],"type":"pronunciation"},{"start_time":"88.13","end_time":"88.25","alternatives":[{"confidence":"0.8472","content":"뒤에"}],"type":"pronunciation"},{"start_time":"88.25","end_time":"88.52","alternatives":[{"confidence":"0.9996","content":"다시"}],"type":"pronunciation"},{"start_time":"88.52","end_time":"88.71","alternatives":[{"confidence":"0.5396","content":"연락"}],"type":"pronunciation"},{"start_time":"88.71","end_time":"89.33","alternatives":[{"confidence":"1.0","content":"드릴까요"}],"type":"pronunciation"},{"alternatives":[{"confidence":"0.0","content":"?"}],"type":"punctuation"},{"start_time":"91.44","end_time":"91.67","alternatives":[{"confidence":"0.0033","content":"정확히"}],"type":"pronunciation"},{"start_time":"91.93","end_time":"92.1","alternatives":[{"confidence":"0.188","content":"알아야"}],"type":"pronunciation"},{"start_time":"92.1","end_time":"92.42","alternatives":[{"confidence":"0.8624","content":"되나요"}],"type":"pronunciation"},{"alternatives":[{"confidence":"0.0","content":"?"}],"type":"punctuation"},{"start_time":"92.98","end_time":"93.55","alternatives":[{"confidence":"1.0","content":"정확하게"}],"type":"pronunciation"},{"start_time":"93.55","end_time":"93.8","alternatives":[{"confidence":"0.9967","content":"그냥"}],"type":"pronunciation"},{"start_time":"93.8","end_time":"94.38","alternatives":[{"confidence":"0.96335","content":"대량적으로"}],"type":"pronunciation"},{"start_time":"94.38","end_time":"95.0","alternatives":[{"confidence":"0.50125","content":"말씀해주시면"}],"type":"pronunciation"},{"start_time":"95.0","end_time":"95.31","alternatives":[{"confidence":"0.9528","content":"되시는"}],"type":"pronunciation"},{"start_time":"95.31","end_time":"95.77","alternatives":[{"confidence":"1.0","content":"거예요"}],"type":"pronunciation"},{"alternatives":[{"confidence":"0.0","content":"."}],"type":"punctuation"},{"start_time":"95.98","end_time":"96.77","alternatives":[{"confidence":"0.9996","content":"어차피"}],"type":"pronunciation"},{"start_time":"96.8","end_time":"96.95","alternatives":[{"confidence":"0.9844","content":"이제"}],"type":"pronunciation"},{"start_time":"96.98","end_time":"97.18","alternatives":[{"confidence":"0.849","content":"저희"}],"type":"pronunciation"},{"start_time":"97.18","end_time":"97.46","alternatives":[{"confidence":"0.6238","content":"쪽으로"}],"type":"pronunciation"},{"start_time":"97.46","end_time":"97.6","alternatives":[{"confidence":"0.6486","content":"이제"}],"type":"pronunciation"},{"start_time":"97.6","end_time":"98.05","alternatives":[{"confidence":"1.0","content":"간단하게"}],"type":"pronunciation"},{"start_time":"98.05","end_time":"98.18","alternatives":[{"confidence":"0.6163","content":"이제"}],"type":"pronunciation"},{"start_time":"98.21","end_time":"98.61","alternatives":[{"confidence":"0.7698","content":"심장과"}],"type":"pronunciation"},{"start_time":"98.61","end_time":"98.73","alternatives":[{"confidence":"0.9972","content":"랑"}],"type":"pronunciation"},{"start_time":"98.73","end_time":"99.08","alternatives":[{"confidence":"0.9998","content":"통화를"}],"type":"pronunciation"},{"start_time":"99.08","end_time":"99.2","alternatives":[{"confidence":"0.7066","content":"해"}],"type":"pronunciation"},{"start_time":"99.2","end_time":"99.41","alternatives":[{"confidence":"0.5957","content":"봐야"}],"type":"pronunciation"},{"start_time":"99.41","end_time":"99.96","alternatives":[{"confidence":"0.9967","content":"되니까"}],"type":"pronunciation"},{"start_time":"100.14","end_time":"100.45","alternatives":[{"confidence":"0.01575","content":"그거는"}],"type":"pronunciation"},{"start_time":"100.6","end_time":"100.71","alternatives":[{"confidence":"0.0378","content":"이제"}],"type":"pronunciation"},{"start_time":"100.74","end_time":"101.11","alternatives":[{"confidence":"0.79155","content":"짐작과"}],"type":"pronunciation"},{"start_time":"101.11","end_time":"101.22","alternatives":[{"confidence":"0.9934","content":"랑"}],"type":"pronunciation"},{"start_time":"101.22","end_time":"101.57","alternatives":[{"confidence":"1.0","content":"통화를"}],"type":"pronunciation"},{"start_time":"101.57","end_time":"101.98","alternatives":[{"confidence":"0.8032","content":"해보실"}],"type":"pronunciation"},{"start_time":"101.98","end_time":"102.39","alternatives":[{"confidence":"0.9809","content":"때도"}],"type":"pronunciation"},{"start_time":"102.87","end_time":"103.29","alternatives":[{"confidence":"1.0","content":"간단하게"}],"type":"pronunciation"},{"start_time":"103.29","end_time":"103.67","alternatives":[{"confidence":"0.5785","content":"말씀해"}],"type":"pronunciation"},{"start_time":"103.67","end_time":"103.92","alternatives":[{"confidence":"0.5783","content":"주시면"}],"type":"pronunciation"},{"start_time":"103.92","end_time":"104.21","alternatives":[{"confidence":"0.9864999999999999","content":"되시는"}],"type":"pronunciation"},{"start_time":"104.21","end_time":"104.83","alternatives":[{"confidence":"0.9795499999999999","content":"거고요"}],"type":"pronunciation"},{"alternatives":[{"confidence":"0.0","content":"."}],"type":"punctuation"},{"start_time":"105.19","end_time":"105.61","alternatives":[{"confidence":"1.0","content":"어차피"}],"type":"pronunciation"},{"start_time":"105.61","end_time":"105.82","alternatives":[{"confidence":"0.9341","content":"저희"}],"type":"pronunciation"},{"start_time":"105.82","end_time":"106.09","alternatives":[{"confidence":"0.8607","content":"쪽으로"}],"type":"pronunciation"},{"start_time":"106.09","end_time":"106.26","alternatives":[{"confidence":"0.9362","content":"이제"}],"type":"pronunciation"},{"start_time":"106.27","end_time":"106.58","alternatives":[{"confidence":"0.86","content":"정부"}],"type":"pronunciation"},{"start_time":"106.58","end_time":"107.24","alternatives":[{"confidence":"0.9849","content":"지원금이다"}],"type":"pronunciation"},{"start_time":"107.24","end_time":"107.86","alternatives":[{"confidence":"0.9999","content":"보시니까"}],"type":"pronunciation"},{"start_time":"107.94","end_time":"108.06","alternatives":[{"confidence":"0.3377","content":"이제"}],"type":"pronunciation"},{"start_time":"108.07","end_time":"108.6","alternatives":[{"confidence":"0.6843","content":"전선에서"}],"type":"pronunciation"},{"start_time":"108.6","end_time":"108.93","alternatives":[{"confidence":"1.0","content":"확인을"}],"type":"pronunciation"},{"start_time":"108.93","end_time":"109.3","alternatives":[{"confidence":"0.80805","content":"해보시고"}],"type":"pronunciation"},{"start_time":"109.3","end_time":"109.72","alternatives":[{"confidence":"0.89375","content":"연락드린"}],"type":"pronunciation"},{"start_time":"109.72","end_time":"110.7","alternatives":[{"confidence":"0.8224","content":"거잖아요"}],"type":"pronunciation"},{"alternatives":[{"confidence":"0.0","content":"."}],"type":"punctuation"},{"start_time":"110.73","end_time":"111.03","alternatives":[{"confidence":"0.9601","content":"네"}],"type":"pronunciation"},{"alternatives":[{"confidence":"0.0","content":"."}],"type":"punctuation"},{"start_time":"111.4","end_time":"111.75","alternatives":[{"confidence":"1.0","content":"그래서"}],"type":"pronunciation"},{"start_time":"111.75","end_time":"111.87","alternatives":[{"confidence":"0.9987","content":"이제"}],"type":"pronunciation"},{"start_time":"111.87","end_time":"112.13","alternatives":[{"confidence":"0.7585999999999999","content":"거기는"}],"type":"pronunciation"},{"start_time":"112.13","end_time":"112.19","alternatives":[{"confidence":"0.2653","content":"게"}],"type":"pronunciation"},{"start_time":"112.19","end_time":"112.51","alternatives":[{"confidence":"0.4851","content":"대량"}],"type":"pronunciation"},{"start_time":"112.51","end_time":"113.1","alternatives":[{"confidence":"0.9789","content":"속으로"}],"type":"pronunciation"},{"start_time":"113.1","end_time":"113.4","alternatives":[{"confidence":"0.625","content":"얼마"}],"type":"pronunciation"},{"start_time":"113.4","end_time":"113.64","alternatives":[{"confidence":"0.6594","content":"정도"}],"type":"pronunciation"},{"start_time":"113.64","end_time":"113.95","alternatives":[{"confidence":"0.9851","content":"남아"}],"type":"pronunciation"},{"start_time":"113.95","end_time":"114.56","alternatives":[{"confidence":"0.997","content":"있는지도"}],"type":"pronunciation"},{"start_time":"114.62","end_time":"115.5","alternatives":[{"confidence":"0.75175","content":"말씀해주시면"}],"type":"pronunciation"},{"start_time":"115.5","end_time":"115.62","alternatives":[{"confidence":"0.8864","content":"더"}],"type":"pronunciation"},{"start_time":"115.62","end_time":"116.02","alternatives":[{"confidence":"0.88225","content":"좋으신"}],"type":"pronunciation"},{"start_time":"116.02","end_time":"116.52","alternatives":[{"confidence":"1.0","content":"거죠"}],"type":"pronunciation"},{"alternatives":[{"confidence":"0.0","content":"."}],"type":"punctuation"},{"start_time":"117.63","end_time":"117.86","alternatives":[{"confidence":"0.9922","content":"다"}],"type":"pronunciation"},{"start_time":"117.86","end_time":"118.09","alternatives":[{"confidence":"0.9983","content":"알고"}],"type":"pronunciation"},{"start_time":"118.09","end_time":"118.77","alternatives":[{"confidence":"1.0","content":"계시겠네요"}],"type":"pronunciation"},{"start_time":"119.47","end_time":"119.75","alternatives":[{"confidence":"0.9262","content":"저희"}],"type":"pronunciation"},{"start_time":"119.75","end_time":"120.01","alternatives":[{"confidence":"0.4317","content":"쪽은"}],"type":"pronunciation"},{"start_time":"120.01","end_time":"120.23","alternatives":[{"confidence":"0.9923","content":"아직"}],"type":"pronunciation"},{"start_time":"120.23","end_time":"120.46","alternatives":[{"confidence":"0.7502","content":"저희"}],"type":"pronunciation"},{"start_time":"120.46","end_time":"120.7","alternatives":[{"confidence":"0.9633","content":"같은"}],"type":"pronunciation"},{"start_time":"120.7","end_time":"120.82","alternatives":[{"confidence":"0.7627","content":"게"}],"type":"pronunciation"},{"start_time":"120.91","end_time":"121.41","alternatives":[{"confidence":"0.7604","content":"해본"}],"type":"pronunciation"},{"start_time":"121.41","end_time":"121.63","alternatives":[{"confidence":"0.9997","content":"적은"}],"type":"pronunciation"},{"start_time":"121.63","end_time":"121.85","alternatives":[{"confidence":"0.9985","content":"없는"}],"type":"pronunciation"},{"start_time":"121.85","end_time":"122.91","alternatives":[{"confidence":"0.9984","content":"거잖아요"}],"type":"pronunciation"},{"start_time":"123.5","end_time":"123.75","alternatives":[{"confidence":"0.9207","content":"네"}],"type":"pronunciation"},{"alternatives":[{"confidence":"0.0","content":","}],"type":"punctuation"},{"start_time":"124.17","end_time":"124.94","alternatives":[{"confidence":"0.999","content":"알겠습니다"}],"type":"pronunciation"},{"start_time":"125.06","end_time":"125.88","alternatives":[{"confidence":"0.9717","content":"있다가"}],"type":"pronunciation"},{"start_time":"125.94","end_time":"126.18","alternatives":[{"confidence":"0.9983","content":"제가"}],"type":"pronunciation"},{"start_time":"126.18","end_time":"126.33","alternatives":[{"confidence":"0.995","content":"한"}],"type":"pronunciation"},{"start_time":"126.33","end_time":"126.41","alternatives":[{"confidence":"0.6634","content":"오"}],"type":"pronunciation"},{"start_time":"126.41","end_time":"126.56","alternatives":[{"confidence":"0.9912","content":"분"}],"type":"pronunciation"},{"start_time":"126.56","end_time":"126.67","alternatives":[{"confidence":"0.8197","content":"뒤에"}],"type":"pronunciation"},{"start_time":"126.67","end_time":"126.92","alternatives":[{"confidence":"0.9997","content":"다시"}],"type":"pronunciation"},{"start_time":"126.92","end_time":"128.07","alternatives":[{"confidence":"0.85105","content":"연락드릴게요"}],"type":"pronunciation"},{"start_time":"128.16","end_time":"128.7","alternatives":[{"confidence":"0.0627","content":"네"}],"type":"pronunciation"}]},"status":"COMPLETED"}