{"jobName":"transcribe_loan132","accountId":"097989105209","results":{"transcripts":[{"transcript":"맞으신가요 현재 담당자가 박인가요. 그러니까 그날 자동 송금처리로 해드렸는데 자금이 안나가셨더라고요. 그래서 확인 좀 도와드리려고 연락드렸습니다. 잠시만요. 일단 제한적으로 금액이 삼 천 구백 만원 계신가요? 최종 승인금액받으시계좌좀 확인 좀 부탁드리겠습니다. 아뇨. 이시죠 확인 되셨고요 계약서를 두 번 나가시는데. 이제 한 분은 고객께서 보관하시면 되시고요 어가지고 이제 저희 쪽에 보내시면 되세요. 보니까 인지 등록이 좀 안 되셔서 때문에 좀 안 나가신 것 같은데요. 조금 확인되시면 바로 성공처리도와드릴 건데요. 단장장군이 인지 등록 절차에 대해서 안내받으신 적 있으신가요? 송금직전에 송금팀에서 안 되나 나가게 돼 있어서 지금 말씀드리는 거고요. 그런 좀 좀 양해좀 도착좀 드릴게요. 지금 고기 님께서는 최종 승인권으로 올라와 계세요. 간단하게 설명 좀 드리자면 인지 등록 절차는요. 님께서 이제 담보대출이나 신용대출 마이너스통장그리고 햇살상품 자체는요 금리가 낮게 적용되기 때문에 금리가 변경되는 사안이 많으세요 이 지나면 금리가 낮아지거나. 이제 고등 교육을 된다면 지만요 대부분 금리가 올라가실 거예요. 때문에 이런 부분 때문에 이제 고기는 피해가 시니까 이제 금융 법이 개정되신 거고요. 이전에 이제 고금리 대출계약서로 보시면 연체를 하실 경우는 연체금리가 최대 육십 퍼센트까지 올라가게 되시는데. 사죄수준으로 금리가 되시는 경우 신 거고요. 그렇기 때문에 지금 이런 절차를 고인께서 사용하시는 상한 기간 동안에 변동용이없이 만기 때까지 확정고정금리를 이용할 수 있게끔 도움을 드리는 있는 부분이세요 이해는 되셨나요? 라는 게 이게 그래서 이제 마이너스 통장이나. 신용대출 상품 자체가 이제 낮게 적용되잖아요. 금리 제가. 근데 이게 변동사항이 많으세요 시간이라면 금리가 나중에는 고정되게 되면 다행인데 대부분 금리가 올라가신다고요. 근데 공인피해가 시니까 개정이 되신 거예요. 기존의 공공대출상품 자체는 계약서를 보시면 하실 경우는 금리가 최대 육십 올라갔있을게요 거의 수준을 금리가 올라가시는데. 그렇기 때문에 이런 절차를 사용하시는 사항 기간 동안에 변동없이 만기 때까지 확정고정금리를 이용할 수 있게끔 도움 좀 드리려고 하는 부분이세요 이행을 되셨나요? 이 부분이 확인돼야 저희 쪽에서 소금 처리한 시간으로 도움이 될 수가 있으세요? 라는 게 이제 인지 세 공인이 총대철대출자금의. 십 프로로 진행되시는데요 금액은 보니까 삼백 구십 만 으로 확인되시네요. 임기 등록 자체가 부담이 되시겠지만 대출결과가 좋아해 나와 계시고 그만큼 보호받을 수 있는 대출금이기 때문에라도 이제 인지 등록을 안전하게 하시고 대출금수령하시면 되실 것 같습니다. 다시 환급되세요. 아니 그 전에 그런 것도 있고 지금 작은 없는데 뭐 에서도 으셨나 보세요. 그거 때문에 그거간다고 제가 그때 돈이 들었거든요. 일단 이게 저희 쪽에서 이미 등록 절차를 밟아주셔야. 앞으로 지금 자가 나갈 수 있는 건 지금 상황이세요. 제가 자동 도우려고 했는데 이 부분 때문에 지금 자금 송금이 안 나가시는 거든요. 그냥 이 부분이 저희 쪽에 인제 대세가 확인돼야 본인이 앞으로 자금이 나갈 수 있는 부분인데요 이게 금융법이 개정되면서 이제 금융감독인 사회에서 인적이게 확인돼야 저희 쪽에서도 자금이 나갈 수 있게 해드릴 수가 있는 부분이시고요 어차피 다시 환급받아볼 수 있는 거기 때문에 이거를 저희 쪽에서 이제 납부를 하시고 그분께서 이제 자금 나가시면 가까운 에서 방문해서 가지고 서로 제출하시면 삼십 분에서 한 시간 내로 환급이 되실 거예요. 나쁜 은 저희 같은 경우 속에서 납부하시면 되시고요. 그 한번 볼게요. 알겠습니다. 인지 확인하시면 대출 자금나가시니까요 주시고요. 이 부분에 대해서는 제가 전산으로 이제 담당자한테 내려 놓을 테니까요. 한번 통해서 한번 보시고 이제 한번 해보세요. 과장이었습니다."}],"items":[{"start_time":"2.52","end_time":"3.43","alternatives":[{"confidence":"0.9616666666666666","content":"맞으신가요"}],"type":"pronunciation"},{"start_time":"4.35","end_time":"4.62","alternatives":[{"confidence":"0.0131","content":"현재"}],"type":"pronunciation"},{"start_time":"8.51","end_time":"8.96","alternatives":[{"confidence":"0.2357","content":"담당자가"}],"type":"pronunciation"},{"start_time":"8.96","end_time":"9.82","alternatives":[{"confidence":"0.5578000000000001","content":"박인가요"}],"type":"pronunciation"},{"alternatives":[{"confidence":"0.0","content":"."}],"type":"punctuation"},{"start_time":"12.46","end_time":"13.06","alternatives":[{"confidence":"0.9264","content":"그러니까"}],"type":"pronunciation"},{"start_time":"13.06","end_time":"13.67","alternatives":[{"confidence":"0.6221","content":"그날"}],"type":"pronunciation"},{"start_time":"13.68","end_time":"14.01","alternatives":[{"confidence":"0.6996","content":"자동"}],"type":"pronunciation"},{"start_time":"14.01","end_time":"14.68","alternatives":[{"confidence":"0.8977666666666666","content":"송금처리로"}],"type":"pronunciation"},{"start_time":"14.68","end_time":"15.19","alternatives":[{"confidence":"0.8698333333333333","content":"해드렸는데"}],"type":"pronunciation"},{"start_time":"15.19","end_time":"15.56","alternatives":[{"confidence":"0.8016","content":"자금이"}],"type":"pronunciation"},{"start_time":"15.56","end_time":"17.02","alternatives":[{"confidence":"0.86565","content":"안나가셨더라고요"}],"type":"pronunciation"},{"alternatives":[{"confidence":"0.0","content":"."}],"type":"punctuation"},{"start_time":"17.47","end_time":"17.72","alternatives":[{"confidence":"0.9999","content":"그래서"}],"type":"pronunciation"},{"start_time":"17.72","end_time":"18.01","alternatives":[{"confidence":"0.8792","content":"확인"}],"type":"pronunciation"},{"start_time":"18.01","end_time":"18.12","alternatives":[{"confidence":"0.9922","content":"좀"}],"type":"pronunciation"},{"start_time":"18.12","end_time":"18.88","alternatives":[{"confidence":"0.9824","content":"도와드리려고"}],"type":"pronunciation"},{"start_time":"18.88","end_time":"19.9","alternatives":[{"confidence":"0.87615","content":"연락드렸습니다"}],"type":"pronunciation"},{"alternatives":[{"confidence":"0.0","content":"."}],"type":"punctuation"},{"start_time":"20.74","end_time":"21.64","alternatives":[{"confidence":"1.0","content":"잠시만요"}],"type":"pronunciation"},{"alternatives":[{"confidence":"0.0","content":"."}],"type":"punctuation"},{"start_time":"25.37","end_time":"25.7","alternatives":[{"confidence":"0.9883","content":"일단"}],"type":"pronunciation"},{"start_time":"25.7","end_time":"26.38","alternatives":[{"confidence":"0.9294","content":"제한적으로"}],"type":"pronunciation"},{"start_time":"27.23","end_time":"27.9","alternatives":[{"confidence":"0.9485","content":"금액이"}],"type":"pronunciation"},{"start_time":"27.93","end_time":"28.11","alternatives":[{"confidence":"0.6593","content":"삼"}],"type":"pronunciation"},{"start_time":"28.11","end_time":"28.28","alternatives":[{"confidence":"0.6927","content":"천"}],"type":"pronunciation"},{"start_time":"28.28","end_time":"28.6","alternatives":[{"confidence":"0.9623","content":"구백"}],"type":"pronunciation"},{"start_time":"28.6","end_time":"28.93","alternatives":[{"confidence":"0.8099","content":"만원"}],"type":"pronunciation"},{"start_time":"29.08","end_time":"30.05","alternatives":[{"confidence":"0.9","content":"계신가요"}],"type":"pronunciation"},{"alternatives":[{"confidence":"0.0","content":"?"}],"type":"punctuation"},{"start_time":"31.59","end_time":"31.88","alternatives":[{"confidence":"0.9282","content":"최종"}],"type":"pronunciation"},{"start_time":"31.88","end_time":"33.32","alternatives":[{"confidence":"0.54754","content":"승인금액받으시계좌좀"}],"type":"pronunciation"},{"start_time":"33.32","end_time":"33.51","alternatives":[{"confidence":"0.8064","content":"확인"}],"type":"pronunciation"},{"start_time":"33.51","end_time":"33.61","alternatives":[{"confidence":"0.993","content":"좀"}],"type":"pronunciation"},{"start_time":"33.61","end_time":"34.56","alternatives":[{"confidence":"0.9618","content":"부탁드리겠습니다"}],"type":"pronunciation"},{"alternatives":[{"confidence":"0.0","content":"."}],"type":"punctuation"},{"start_time":"36.78","end_time":"37.1","alternatives":[{"confidence":"0.0093","content":"아뇨"}],"type":"pronunciation"},{"alternatives":[{"confidence":"0.0","content":"."}],"type":"punctuation"},{"start_time":"37.65","end_time":"38.3","alternatives":[{"confidence":"0.3885","content":"이시죠"}],"type":"pronunciation"},{"start_time":"41.38","end_time":"41.67","alternatives":[{"confidence":"0.4961","content":"확인"}],"type":"pronunciation"},{"start_time":"41.67","end_time":"42.32","alternatives":[{"confidence":"0.9735","content":"되셨고요"}],"type":"pronunciation"},{"start_time":"42.87","end_time":"43.4","alternatives":[{"confidence":"0.81725","content":"계약서를"}],"type":"pronunciation"},{"start_time":"43.4","end_time":"43.53","alternatives":[{"confidence":"0.5194","content":"두"}],"type":"pronunciation"},{"start_time":"43.53","end_time":"43.68","alternatives":[{"confidence":"0.3691","content":"번"}],"type":"pronunciation"},{"start_time":"43.68","end_time":"44.36","alternatives":[{"confidence":"0.9549000000000001","content":"나가시는데"}],"type":"pronunciation"},{"alternatives":[{"confidence":"0.0","content":"."}],"type":"punctuation"},{"start_time":"44.39","end_time":"44.53","alternatives":[{"confidence":"0.9618","content":"이제"}],"type":"pronunciation"},{"start_time":"44.53","end_time":"44.73","alternatives":[{"confidence":"0.7934","content":"한"}],"type":"pronunciation"},{"start_time":"44.73","end_time":"45.01","alternatives":[{"confidence":"0.9462","content":"분은"}],"type":"pronunciation"},{"start_time":"45.07","end_time":"46.01","alternatives":[{"confidence":"0.4016","content":"고객께서"}],"type":"pronunciation"},{"start_time":"46.04","end_time":"46.72","alternatives":[{"confidence":"0.96975","content":"보관하시면"}],"type":"pronunciation"},{"start_time":"46.72","end_time":"47.45","alternatives":[{"confidence":"0.8385","content":"되시고요"}],"type":"pronunciation"},{"start_time":"48.44","end_time":"49.0","alternatives":[{"confidence":"0.93735","content":"어가지고"}],"type":"pronunciation"},{"start_time":"49.03","end_time":"49.15","alternatives":[{"confidence":"0.4697","content":"이제"}],"type":"pronunciation"},{"start_time":"49.16","end_time":"49.36","alternatives":[{"confidence":"0.9191","content":"저희"}],"type":"pronunciation"},{"start_time":"49.36","end_time":"49.55","alternatives":[{"confidence":"0.9974","content":"쪽에"}],"type":"pronunciation"},{"start_time":"49.55","end_time":"50.04","alternatives":[{"confidence":"0.96255","content":"보내시면"}],"type":"pronunciation"},{"start_time":"50.04","end_time":"51.12","alternatives":[{"confidence":"0.982","content":"되세요"}],"type":"pronunciation"},{"alternatives":[{"confidence":"0.0","content":"."}],"type":"punctuation"},{"start_time":"51.84","end_time":"52.4","alternatives":[{"confidence":"0.9994","content":"보니까"}],"type":"pronunciation"},{"start_time":"52.4","end_time":"52.68","alternatives":[{"confidence":"0.7887","content":"인지"}],"type":"pronunciation"},{"start_time":"52.68","end_time":"53.35","alternatives":[{"confidence":"0.9657","content":"등록이"}],"type":"pronunciation"},{"start_time":"53.35","end_time":"53.51","alternatives":[{"confidence":"0.9992","content":"좀"}],"type":"pronunciation"},{"start_time":"53.51","end_time":"53.64","alternatives":[{"confidence":"0.9872","content":"안"}],"type":"pronunciation"},{"start_time":"53.64","end_time":"54.17","alternatives":[{"confidence":"0.99295","content":"되셔서"}],"type":"pronunciation"},{"start_time":"54.44","end_time":"54.7","alternatives":[{"confidence":"0.9961","content":"때문에"}],"type":"pronunciation"},{"start_time":"54.7","end_time":"54.84","alternatives":[{"confidence":"0.9943","content":"좀"}],"type":"pronunciation"},{"start_time":"54.84","end_time":"54.98","alternatives":[{"confidence":"0.8842","content":"안"}],"type":"pronunciation"},{"start_time":"54.98","end_time":"55.3","alternatives":[{"confidence":"0.99715","content":"나가신"}],"type":"pronunciation"},{"start_time":"55.3","end_time":"55.39","alternatives":[{"confidence":"0.9907","content":"것"}],"type":"pronunciation"},{"start_time":"55.39","end_time":"56.58","alternatives":[{"confidence":"0.9994","content":"같은데요"}],"type":"pronunciation"},{"alternatives":[{"confidence":"0.0","content":"."}],"type":"punctuation"},{"start_time":"57.63","end_time":"57.84","alternatives":[{"confidence":"0.4047","content":"조금"}],"type":"pronunciation"},{"start_time":"57.84","end_time":"58.53","alternatives":[{"confidence":"0.9299333333333334","content":"확인되시면"}],"type":"pronunciation"},{"start_time":"58.53","end_time":"58.81","alternatives":[{"confidence":"0.9637","content":"바로"}],"type":"pronunciation"},{"start_time":"58.81","end_time":"59.68","alternatives":[{"confidence":"0.729025","content":"성공처리도와드릴"}],"type":"pronunciation"},{"start_time":"59.68","end_time":"60.18","alternatives":[{"confidence":"1.0","content":"건데요"}],"type":"pronunciation"},{"alternatives":[{"confidence":"0.0","content":"."}],"type":"punctuation"},{"start_time":"60.49","end_time":"61.22","alternatives":[{"confidence":"0.6147","content":"단장장군이"}],"type":"pronunciation"},{"start_time":"61.22","end_time":"61.45","alternatives":[{"confidence":"0.7416","content":"인지"}],"type":"pronunciation"},{"start_time":"61.45","end_time":"61.69","alternatives":[{"confidence":"0.6323","content":"등록"}],"type":"pronunciation"},{"start_time":"61.69","end_time":"61.97","alternatives":[{"confidence":"0.9009","content":"절차에"}],"type":"pronunciation"},{"start_time":"61.97","end_time":"62.2","alternatives":[{"confidence":"0.9985","content":"대해서"}],"type":"pronunciation"},{"start_time":"62.2","end_time":"62.69","alternatives":[{"confidence":"0.5636333333333333","content":"안내받으신"}],"type":"pronunciation"},{"start_time":"62.69","end_time":"62.82","alternatives":[{"confidence":"0.1989","content":"적"}],"type":"pronunciation"},{"start_time":"63.4","end_time":"64.08","alternatives":[{"confidence":"1.0","content":"있으신가요"}],"type":"pronunciation"},{"alternatives":[{"confidence":"0.0","content":"?"}],"type":"punctuation"},{"start_time":"66.73","end_time":"67.56","alternatives":[{"confidence":"0.9939","content":"송금직전에"}],"type":"pronunciation"},{"start_time":"67.59","end_time":"68.17","alternatives":[{"confidence":"0.9708","content":"송금팀에서"}],"type":"pronunciation"},{"start_time":"68.17","end_time":"68.29","alternatives":[{"confidence":"0.442","content":"안"}],"type":"pronunciation"},{"start_time":"68.29","end_time":"68.47","alternatives":[{"confidence":"0.3048","content":"되나"}],"type":"pronunciation"},{"start_time":"68.47","end_time":"68.88","alternatives":[{"confidence":"0.9983","content":"나가게"}],"type":"pronunciation"},{"start_time":"68.88","end_time":"68.99","alternatives":[{"confidence":"0.7718","content":"돼"}],"type":"pronunciation"},{"start_time":"68.99","end_time":"69.43","alternatives":[{"confidence":"0.9978","content":"있어서"}],"type":"pronunciation"},{"start_time":"69.46","end_time":"69.7","alternatives":[{"confidence":"0.9981","content":"지금"}],"type":"pronunciation"},{"start_time":"69.7","end_time":"70.28","alternatives":[{"confidence":"0.96515","content":"말씀드리는"}],"type":"pronunciation"},{"start_time":"70.28","end_time":"70.74","alternatives":[{"confidence":"0.9942500000000001","content":"거고요"}],"type":"pronunciation"},{"alternatives":[{"confidence":"0.0","content":"."}],"type":"punctuation"},{"start_time":"71.18","end_time":"71.42","alternatives":[{"confidence":"0.4675","content":"그런"}],"type":"pronunciation"},{"start_time":"71.42","end_time":"71.67","alternatives":[{"confidence":"0.8943","content":"좀"}],"type":"pronunciation"},{"start_time":"71.67","end_time":"71.87","alternatives":[{"confidence":"0.9959","content":"좀"}],"type":"pronunciation"},{"start_time":"71.87","end_time":"72.23","alternatives":[{"confidence":"0.5411","content":"양해좀"}],"type":"pronunciation"},{"start_time":"72.23","end_time":"72.67","alternatives":[{"confidence":"0.4671","content":"도착좀"}],"type":"pronunciation"},{"start_time":"72.7","end_time":"73.9","alternatives":[{"confidence":"0.9275","content":"드릴게요"}],"type":"pronunciation"},{"alternatives":[{"confidence":"0.0","content":"."}],"type":"punctuation"},{"start_time":"74.65","end_time":"74.99","alternatives":[{"confidence":"0.9554","content":"지금"}],"type":"pronunciation"},{"start_time":"74.99","end_time":"75.17","alternatives":[{"confidence":"0.3975","content":"고기"}],"type":"pronunciation"},{"start_time":"75.17","end_time":"75.79","alternatives":[{"confidence":"0.5955","content":"님께서는"}],"type":"pronunciation"},{"start_time":"75.79","end_time":"76.12","alternatives":[{"confidence":"0.9585","content":"최종"}],"type":"pronunciation"},{"start_time":"76.12","end_time":"76.64","alternatives":[{"confidence":"0.5909666666666666","content":"승인권으로"}],"type":"pronunciation"},{"start_time":"76.64","end_time":"76.98","alternatives":[{"confidence":"0.8441","content":"올라와"}],"type":"pronunciation"},{"start_time":"76.98","end_time":"78.03","alternatives":[{"confidence":"1.0","content":"계세요"}],"type":"pronunciation"},{"alternatives":[{"confidence":"0.0","content":"."}],"type":"punctuation"},{"start_time":"78.33","end_time":"78.86","alternatives":[{"confidence":"1.0","content":"간단하게"}],"type":"pronunciation"},{"start_time":"78.98","end_time":"79.33","alternatives":[{"confidence":"0.9887","content":"설명"}],"type":"pronunciation"},{"start_time":"79.33","end_time":"79.49","alternatives":[{"confidence":"0.5992","content":"좀"}],"type":"pronunciation"},{"start_time":"79.49","end_time":"79.92","alternatives":[{"confidence":"0.9992","content":"드리자면"}],"type":"pronunciation"},{"start_time":"79.92","end_time":"80.16","alternatives":[{"confidence":"0.7858","content":"인지"}],"type":"pronunciation"},{"start_time":"80.16","end_time":"80.42","alternatives":[{"confidence":"0.8916","content":"등록"}],"type":"pronunciation"},{"start_time":"80.42","end_time":"81.23","alternatives":[{"confidence":"0.32195","content":"절차는요"}],"type":"pronunciation"},{"alternatives":[{"confidence":"0.0","content":"."}],"type":"punctuation"},{"start_time":"82.11","end_time":"82.43","alternatives":[{"confidence":"0.9112","content":"님께서"}],"type":"pronunciation"},{"start_time":"82.43","end_time":"82.54","alternatives":[{"confidence":"0.7274","content":"이제"}],"type":"pronunciation"},{"start_time":"82.55","end_time":"83.57","alternatives":[{"confidence":"1.0","content":"담보대출이나"}],"type":"pronunciation"},{"start_time":"83.66","end_time":"84.5","alternatives":[{"confidence":"0.9936499999999999","content":"신용대출"}],"type":"pronunciation"},{"start_time":"84.56","end_time":"85.66","alternatives":[{"confidence":"0.74875","content":"마이너스통장그리고"}],"type":"pronunciation"},{"start_time":"85.66","end_time":"86.5","alternatives":[{"confidence":"0.776","content":"햇살상품"}],"type":"pronunciation"},{"start_time":"86.5","end_time":"87.24","alternatives":[{"confidence":"0.5769","content":"자체는요"}],"type":"pronunciation"},{"start_time":"88.15","end_time":"88.76","alternatives":[{"confidence":"0.9998","content":"금리가"}],"type":"pronunciation"},{"start_time":"88.76","end_time":"89.08","alternatives":[{"confidence":"0.9999","content":"낮게"}],"type":"pronunciation"},{"start_time":"89.08","end_time":"89.6","alternatives":[{"confidence":"0.99885","content":"적용되기"}],"type":"pronunciation"},{"start_time":"89.6","end_time":"90.2","alternatives":[{"confidence":"1.0","content":"때문에"}],"type":"pronunciation"},{"start_time":"90.23","end_time":"90.68","alternatives":[{"confidence":"0.9997","content":"금리가"}],"type":"pronunciation"},{"start_time":"90.68","end_time":"91.21","alternatives":[{"confidence":"0.8803","content":"변경되는"}],"type":"pronunciation"},{"start_time":"91.21","end_time":"91.51","alternatives":[{"confidence":"0.9695499999999999","content":"사안이"}],"type":"pronunciation"},{"start_time":"91.51","end_time":"92.76","alternatives":[{"confidence":"1.0","content":"많으세요"}],"type":"pronunciation"},{"start_time":"93.06","end_time":"93.16","alternatives":[{"confidence":"0.7628","content":"이"}],"type":"pronunciation"},{"start_time":"93.16","end_time":"93.57","alternatives":[{"confidence":"0.9999","content":"지나면"}],"type":"pronunciation"},{"start_time":"93.66","end_time":"94.09","alternatives":[{"confidence":"1.0","content":"금리가"}],"type":"pronunciation"},{"start_time":"94.09","end_time":"94.85","alternatives":[{"confidence":"1.0","content":"낮아지거나"}],"type":"pronunciation"},{"alternatives":[{"confidence":"0.0","content":"."}],"type":"punctuation"},{"start_time":"94.88","end_time":"95.01","alternatives":[{"confidence":"0.4106","content":"이제"}],"type":"pronunciation"},{"start_time":"95.02","end_time":"95.29","alternatives":[{"confidence":"0.2745","content":"고등"}],"type":"pronunciation"},{"start_time":"95.29","end_time":"95.49","alternatives":[{"confidence":"0.1596","content":"교육을"}],"type":"pronunciation"},{"start_time":"95.49","end_time":"95.82","alternatives":[{"confidence":"0.98","content":"된다면"}],"type":"pronunciation"},{"start_time":"96.2","end_time":"96.7","alternatives":[{"confidence":"1.0","content":"지만요"}],"type":"pronunciation"},{"start_time":"97.55","end_time":"97.95","alternatives":[{"confidence":"0.9631","content":"대부분"}],"type":"pronunciation"},{"start_time":"97.95","end_time":"98.33","alternatives":[{"confidence":"1.0","content":"금리가"}],"type":"pronunciation"},{"start_time":"98.33","end_time":"98.86","alternatives":[{"confidence":"0.93325","content":"올라가실"}],"type":"pronunciation"},{"start_time":"98.86","end_time":"99.52","alternatives":[{"confidence":"0.7981","content":"거예요"}],"type":"pronunciation"},{"alternatives":[{"confidence":"0.0","content":"."}],"type":"punctuation"},{"start_time":"100.22","end_time":"100.73","alternatives":[{"confidence":"0.9996","content":"때문에"}],"type":"pronunciation"},{"start_time":"100.73","end_time":"100.95","alternatives":[{"confidence":"0.9997","content":"이런"}],"type":"pronunciation"},{"start_time":"100.95","end_time":"101.22","alternatives":[{"confidence":"0.0551","content":"부분"}],"type":"pronunciation"},{"start_time":"101.67","end_time":"102.07","alternatives":[{"confidence":"0.4458","content":"때문에"}],"type":"pronunciation"},{"start_time":"102.16","end_time":"102.29","alternatives":[{"confidence":"0.4499","content":"이제"}],"type":"pronunciation"},{"start_time":"102.32","end_time":"102.63","alternatives":[{"confidence":"0.0527","content":"고기는"}],"type":"pronunciation"},{"start_time":"102.87","end_time":"103.2","alternatives":[{"confidence":"0.7922","content":"피해가"}],"type":"pronunciation"},{"start_time":"103.2","end_time":"103.93","alternatives":[{"confidence":"0.8559","content":"시니까"}],"type":"pronunciation"},{"start_time":"104.02","end_time":"104.18","alternatives":[{"confidence":"0.8267","content":"이제"}],"type":"pronunciation"},{"start_time":"104.19","end_time":"104.52","alternatives":[{"confidence":"0.598","content":"금융"}],"type":"pronunciation"},{"start_time":"104.52","end_time":"104.84","alternatives":[{"confidence":"1.0","content":"법이"}],"type":"pronunciation"},{"start_time":"104.84","end_time":"105.38","alternatives":[{"confidence":"0.96155","content":"개정되신"}],"type":"pronunciation"},{"start_time":"105.38","end_time":"106.01","alternatives":[{"confidence":"0.99005","content":"거고요"}],"type":"pronunciation"},{"alternatives":[{"confidence":"0.0","content":"."}],"type":"punctuation"},{"start_time":"106.52","end_time":"106.86","alternatives":[{"confidence":"0.9681","content":"이전에"}],"type":"pronunciation"},{"start_time":"106.89","end_time":"107.01","alternatives":[{"confidence":"0.6742","content":"이제"}],"type":"pronunciation"},{"start_time":"107.04","end_time":"107.46","alternatives":[{"confidence":"0.9652499999999999","content":"고금리"}],"type":"pronunciation"},{"start_time":"107.46","end_time":"109.0","alternatives":[{"confidence":"0.8125","content":"대출계약서로"}],"type":"pronunciation"},{"start_time":"109.0","end_time":"109.34","alternatives":[{"confidence":"0.9996","content":"보시면"}],"type":"pronunciation"},{"start_time":"109.34","end_time":"109.77","alternatives":[{"confidence":"0.99165","content":"연체를"}],"type":"pronunciation"},{"start_time":"109.77","end_time":"110.05","alternatives":[{"confidence":"0.5327","content":"하실"}],"type":"pronunciation"},{"start_time":"110.05","end_time":"110.66","alternatives":[{"confidence":"0.9867","content":"경우는"}],"type":"pronunciation"},{"start_time":"111.29","end_time":"111.87","alternatives":[{"confidence":"0.5540500000000002","content":"연체금리가"}],"type":"pronunciation"},{"start_time":"111.87","end_time":"112.15","alternatives":[{"confidence":"0.9989","content":"최대"}],"type":"pronunciation"},{"start_time":"112.15","end_time":"112.42","alternatives":[{"confidence":"0.8846","content":"육십"}],"type":"pronunciation"},{"start_time":"112.42","end_time":"112.88","alternatives":[{"confidence":"0.8451","content":"퍼센트까지"}],"type":"pronunciation"},{"start_time":"112.88","end_time":"113.24","alternatives":[{"confidence":"0.99605","content":"올라가게"}],"type":"pronunciation"},{"start_time":"113.24","end_time":"114.12","alternatives":[{"confidence":"0.9875","content":"되시는데"}],"type":"pronunciation"},{"alternatives":[{"confidence":"0.0","content":"."}],"type":"punctuation"},{"start_time":"114.64","end_time":"115.49","alternatives":[{"confidence":"0.95155","content":"사죄수준으로"}],"type":"pronunciation"},{"start_time":"115.58","end_time":"115.99","alternatives":[{"confidence":"0.9988","content":"금리가"}],"type":"pronunciation"},{"start_time":"115.99","end_time":"116.32","alternatives":[{"confidence":"0.8472500000000001","content":"되시는"}],"type":"pronunciation"},{"start_time":"116.32","end_time":"116.6","alternatives":[{"confidence":"0.8022","content":"경우"}],"type":"pronunciation"},{"start_time":"116.6","end_time":"116.8","alternatives":[{"confidence":"0.5972","content":"신"}],"type":"pronunciation"},{"start_time":"116.8","end_time":"117.24","alternatives":[{"confidence":"0.95735","content":"거고요"}],"type":"pronunciation"},{"alternatives":[{"confidence":"0.0","content":"."}],"type":"punctuation"},{"start_time":"117.81","end_time":"118.14","alternatives":[{"confidence":"1.0","content":"그렇기"}],"type":"pronunciation"},{"start_time":"118.14","end_time":"118.87","alternatives":[{"confidence":"0.9999","content":"때문에"}],"type":"pronunciation"},{"start_time":"118.9","end_time":"119.21","alternatives":[{"confidence":"0.9992","content":"지금"}],"type":"pronunciation"},{"start_time":"119.21","end_time":"119.41","alternatives":[{"confidence":"0.9972","content":"이런"}],"type":"pronunciation"},{"start_time":"119.41","end_time":"119.77","alternatives":[{"confidence":"1.0","content":"절차를"}],"type":"pronunciation"},{"start_time":"119.77","end_time":"120.18","alternatives":[{"confidence":"0.8595666666666667","content":"고인께서"}],"type":"pronunciation"},{"start_time":"120.18","end_time":"120.84","alternatives":[{"confidence":"0.86615","content":"사용하시는"}],"type":"pronunciation"},{"start_time":"120.93","end_time":"121.24","alternatives":[{"confidence":"0.3076","content":"상한"}],"type":"pronunciation"},{"start_time":"121.24","end_time":"121.48","alternatives":[{"confidence":"0.8139","content":"기간"}],"type":"pronunciation"},{"start_time":"121.48","end_time":"121.79","alternatives":[{"confidence":"0.8667","content":"동안에"}],"type":"pronunciation"},{"start_time":"121.82","end_time":"122.86","alternatives":[{"confidence":"0.7174333333333333","content":"변동용이없이"}],"type":"pronunciation"},{"start_time":"123.48","end_time":"123.8","alternatives":[{"confidence":"0.7152000000000001","content":"만기"}],"type":"pronunciation"},{"start_time":"123.8","end_time":"124.17","alternatives":[{"confidence":"0.9287","content":"때까지"}],"type":"pronunciation"},{"start_time":"124.17","end_time":"125.53","alternatives":[{"confidence":"0.8736333333333333","content":"확정고정금리를"}],"type":"pronunciation"},{"start_time":"125.53","end_time":"125.81","alternatives":[{"confidence":"0.8913","content":"이용할"}],"type":"pronunciation"},{"start_time":"125.81","end_time":"125.97","alternatives":[{"confidence":"0.9991","content":"수"}],"type":"pronunciation"},{"start_time":"125.97","end_time":"126.49","alternatives":[{"confidence":"0.9995","content":"있게끔"}],"type":"pronunciation"},{"start_time":"126.49","end_time":"126.87","alternatives":[{"confidence":"0.3609","content":"도움을"}],"type":"pronunciation"},{"start_time":"126.93","end_time":"127.29","alternatives":[{"confidence":"0.8126","content":"드리는"}],"type":"pronunciation"},{"start_time":"127.6","end_time":"127.86","alternatives":[{"confidence":"0.9947","content":"있는"}],"type":"pronunciation"},{"start_time":"127.86","end_time":"128.59","alternatives":[{"confidence":"0.67715","content":"부분이세요"}],"type":"pronunciation"},{"start_time":"129.8","end_time":"130.14","alternatives":[{"confidence":"0.9448","content":"이해는"}],"type":"pronunciation"},{"start_time":"130.14","end_time":"130.71","alternatives":[{"confidence":"0.9992","content":"되셨나요"}],"type":"pronunciation"},{"alternatives":[{"confidence":"0.0","content":"?"}],"type":"punctuation"},{"start_time":"134.47","end_time":"134.71","alternatives":[{"confidence":"0.3791","content":"라는"}],"type":"pronunciation"},{"start_time":"134.71","end_time":"135.02","alternatives":[{"confidence":"0.3898","content":"게"}],"type":"pronunciation"},{"start_time":"135.02","end_time":"135.62","alternatives":[{"confidence":"0.7011","content":"이게"}],"type":"pronunciation"},{"start_time":"136.3","end_time":"136.69","alternatives":[{"confidence":"0.9992","content":"그래서"}],"type":"pronunciation"},{"start_time":"136.69","end_time":"136.88","alternatives":[{"confidence":"0.9952","content":"이제"}],"type":"pronunciation"},{"start_time":"136.91","end_time":"137.47","alternatives":[{"confidence":"0.986","content":"마이너스"}],"type":"pronunciation"},{"start_time":"137.47","end_time":"138.05","alternatives":[{"confidence":"0.90825","content":"통장이나"}],"type":"pronunciation"},{"alternatives":[{"confidence":"0.0","content":"."}],"type":"punctuation"},{"start_time":"138.08","end_time":"138.72","alternatives":[{"confidence":"0.4794","content":"신용대출"}],"type":"pronunciation"},{"start_time":"139.46","end_time":"139.78","alternatives":[{"confidence":"0.9105","content":"상품"}],"type":"pronunciation"},{"start_time":"139.78","end_time":"140.14","alternatives":[{"confidence":"1.0","content":"자체가"}],"type":"pronunciation"},{"start_time":"140.14","end_time":"140.28","alternatives":[{"confidence":"0.7444","content":"이제"}],"type":"pronunciation"},{"start_time":"140.31","end_time":"140.74","alternatives":[{"confidence":"0.9962","content":"낮게"}],"type":"pronunciation"},{"start_time":"140.74","end_time":"141.4","alternatives":[{"confidence":"0.91455","content":"적용되잖아요"}],"type":"pronunciation"},{"alternatives":[{"confidence":"0.0","content":"."}],"type":"punctuation"},{"start_time":"141.4","end_time":"141.66","alternatives":[{"confidence":"0.2151","content":"금리"}],"type":"pronunciation"},{"start_time":"141.75","end_time":"142.15","alternatives":[{"confidence":"0.5404","content":"제가"}],"type":"pronunciation"},{"alternatives":[{"confidence":"0.0","content":"."}],"type":"punctuation"},{"start_time":"142.84","end_time":"143.15","alternatives":[{"confidence":"0.846","content":"근데"}],"type":"pronunciation"},{"start_time":"143.15","end_time":"143.3","alternatives":[{"confidence":"0.9946","content":"이게"}],"type":"pronunciation"},{"start_time":"143.3","end_time":"143.94","alternatives":[{"confidence":"1.0","content":"변동사항이"}],"type":"pronunciation"},{"start_time":"143.94","end_time":"144.61","alternatives":[{"confidence":"1.0","content":"많으세요"}],"type":"pronunciation"},{"start_time":"144.72","end_time":"145.3","alternatives":[{"confidence":"0.5562499999999999","content":"시간이라면"}],"type":"pronunciation"},{"start_time":"145.36","end_time":"145.75","alternatives":[{"confidence":"0.9955","content":"금리가"}],"type":"pronunciation"},{"start_time":"145.75","end_time":"146.11","alternatives":[{"confidence":"0.2069","content":"나중에는"}],"type":"pronunciation"},{"start_time":"146.11","end_time":"146.55","alternatives":[{"confidence":"0.97465","content":"고정되게"}],"type":"pronunciation"},{"start_time":"146.55","end_time":"146.82","alternatives":[{"confidence":"0.9999","content":"되면"}],"type":"pronunciation"},{"start_time":"146.82","end_time":"147.71","alternatives":[{"confidence":"0.99875","content":"다행인데"}],"type":"pronunciation"},{"start_time":"147.98","end_time":"148.38","alternatives":[{"confidence":"0.9509","content":"대부분"}],"type":"pronunciation"},{"start_time":"148.38","end_time":"148.72","alternatives":[{"confidence":"1.0","content":"금리가"}],"type":"pronunciation"},{"start_time":"148.72","end_time":"149.76","alternatives":[{"confidence":"0.9261","content":"올라가신다고요"}],"type":"pronunciation"},{"alternatives":[{"confidence":"0.0","content":"."}],"type":"punctuation"},{"start_time":"150.84","end_time":"151.11","alternatives":[{"confidence":"0.0019","content":"근데"}],"type":"pronunciation"},{"start_time":"151.11","end_time":"151.94","alternatives":[{"confidence":"0.14085","content":"공인피해가"}],"type":"pronunciation"},{"start_time":"151.94","end_time":"152.63","alternatives":[{"confidence":"0.2734500000000001","content":"시니까"}],"type":"pronunciation"},{"start_time":"153.3","end_time":"153.8","alternatives":[{"confidence":"0.94965","content":"개정이"}],"type":"pronunciation"},{"start_time":"153.8","end_time":"154.07","alternatives":[{"confidence":"0.935","content":"되신"}],"type":"pronunciation"},{"start_time":"154.07","end_time":"154.51","alternatives":[{"confidence":"0.7825","content":"거예요"}],"type":"pronunciation"},{"alternatives":[{"confidence":"0.0","content":"."}],"type":"punctuation"},{"start_time":"156.02","end_time":"156.34","alternatives":[{"confidence":"0.222","content":"기존의"}],"type":"pronunciation"},{"start_time":"156.34","end_time":"157.26","alternatives":[{"confidence":"0.4046","content":"공공대출상품"}],"type":"pronunciation"},{"start_time":"157.26","end_time":"157.6","alternatives":[{"confidence":"0.9788","content":"자체는"}],"type":"pronunciation"},{"start_time":"157.6","end_time":"158.06","alternatives":[{"confidence":"0.95955","content":"계약서를"}],"type":"pronunciation"},{"start_time":"158.18","end_time":"158.78","alternatives":[{"confidence":"0.9973","content":"보시면"}],"type":"pronunciation"},{"start_time":"159.04","end_time":"159.26","alternatives":[{"confidence":"0.2228","content":"하실"}],"type":"pronunciation"},{"start_time":"159.26","end_time":"159.73","alternatives":[{"confidence":"0.9658","content":"경우는"}],"type":"pronunciation"},{"start_time":"160.19","end_time":"160.59","alternatives":[{"confidence":"0.997","content":"금리가"}],"type":"pronunciation"},{"start_time":"160.59","end_time":"160.88","alternatives":[{"confidence":"0.9561","content":"최대"}],"type":"pronunciation"},{"start_time":"160.88","end_time":"161.17","alternatives":[{"confidence":"0.1438","content":"육십"}],"type":"pronunciation"},{"start_time":"161.5","end_time":"163.4","alternatives":[{"confidence":"0.44305","content":"올라갔있을게요"}],"type":"pronunciation"},{"start_time":"164.01","end_time":"164.25","alternatives":[{"confidence":"0.377","content":"거의"}],"type":"pronunciation"},{"start_time":"164.59","end_time":"164.96","alternatives":[{"confidence":"0.4322","content":"수준을"}],"type":"pronunciation"},{"start_time":"165.02","end_time":"165.38","alternatives":[{"confidence":"1.0","content":"금리가"}],"type":"pronunciation"},{"start_time":"165.38","end_time":"166.39","alternatives":[{"confidence":"0.9093666666666667","content":"올라가시는데"}],"type":"pronunciation"},{"alternatives":[{"confidence":"0.0","content":"."}],"type":"punctuation"},{"start_time":"166.76","end_time":"167.04","alternatives":[{"confidence":"0.9997","content":"그렇기"}],"type":"pronunciation"},{"start_time":"167.04","end_time":"167.27","alternatives":[{"confidence":"0.9999","content":"때문에"}],"type":"pronunciation"},{"start_time":"167.27","end_time":"167.45","alternatives":[{"confidence":"0.9981","content":"이런"}],"type":"pronunciation"},{"start_time":"167.45","end_time":"167.84","alternatives":[{"confidence":"0.9982","content":"절차를"}],"type":"pronunciation"},{"start_time":"168.68","end_time":"169.41","alternatives":[{"confidence":"0.94545","content":"사용하시는"}],"type":"pronunciation"},{"start_time":"169.47","end_time":"169.76","alternatives":[{"confidence":"0.8677","content":"사항"}],"type":"pronunciation"},{"start_time":"169.76","end_time":"170.0","alternatives":[{"confidence":"0.8441","content":"기간"}],"type":"pronunciation"},{"start_time":"170.0","end_time":"170.6","alternatives":[{"confidence":"0.9506","content":"동안에"}],"type":"pronunciation"},{"start_time":"171.02","end_time":"171.71","alternatives":[{"confidence":"0.2086","content":"변동없이"}],"type":"pronunciation"},{"start_time":"171.71","end_time":"171.98","alternatives":[{"confidence":"0.007549999999999999","content":"만기"}],"type":"pronunciation"},{"start_time":"171.98","end_time":"172.69","alternatives":[{"confidence":"0.3487","content":"때까지"}],"type":"pronunciation"},{"start_time":"172.84","end_time":"173.84","alternatives":[{"confidence":"0.8534333333333333","content":"확정고정금리를"}],"type":"pronunciation"},{"start_time":"173.84","end_time":"174.1","alternatives":[{"confidence":"0.8485","content":"이용할"}],"type":"pronunciation"},{"start_time":"174.1","end_time":"174.18","alternatives":[{"confidence":"0.9957","content":"수"}],"type":"pronunciation"},{"start_time":"174.18","end_time":"174.46","alternatives":[{"confidence":"0.6337","content":"있게끔"}],"type":"pronunciation"},{"start_time":"174.46","end_time":"174.7","alternatives":[{"confidence":"0.4645","content":"도움"}],"type":"pronunciation"},{"start_time":"174.7","end_time":"174.85","alternatives":[{"confidence":"0.7971","content":"좀"}],"type":"pronunciation"},{"start_time":"174.85","end_time":"175.22","alternatives":[{"confidence":"0.9699","content":"드리려고"}],"type":"pronunciation"},{"start_time":"175.22","end_time":"175.43","alternatives":[{"confidence":"0.9944","content":"하는"}],"type":"pronunciation"},{"start_time":"175.49","end_time":"176.22","alternatives":[{"confidence":"0.6746","content":"부분이세요"}],"type":"pronunciation"},{"start_time":"177.56","end_time":"177.85","alternatives":[{"confidence":"0.0063","content":"이행을"}],"type":"pronunciation"},{"start_time":"177.85","end_time":"178.35","alternatives":[{"confidence":"0.05054999999999999","content":"되셨나요"}],"type":"pronunciation"},{"alternatives":[{"confidence":"0.0","content":"?"}],"type":"punctuation"},{"start_time":"179.22","end_time":"179.35","alternatives":[{"confidence":"0.9612","content":"이"}],"type":"pronunciation"},{"start_time":"179.35","end_time":"179.64","alternatives":[{"confidence":"0.9994","content":"부분이"}],"type":"pronunciation"},{"start_time":"179.64","end_time":"180.15","alternatives":[{"confidence":"0.85105","content":"확인돼야"}],"type":"pronunciation"},{"start_time":"180.15","end_time":"180.36","alternatives":[{"confidence":"0.7998","content":"저희"}],"type":"pronunciation"},{"start_time":"180.36","end_time":"180.69","alternatives":[{"confidence":"1.0","content":"쪽에서"}],"type":"pronunciation"},{"start_time":"180.78","end_time":"181.06","alternatives":[{"confidence":"0.4829","content":"소금"}],"type":"pronunciation"},{"start_time":"181.06","end_time":"181.4","alternatives":[{"confidence":"0.91205","content":"처리한"}],"type":"pronunciation"},{"start_time":"181.4","end_time":"181.78","alternatives":[{"confidence":"1.0","content":"시간으로"}],"type":"pronunciation"},{"start_time":"181.78","end_time":"182.14","alternatives":[{"confidence":"0.0097","content":"도움이"}],"type":"pronunciation"},{"start_time":"182.38","end_time":"182.63","alternatives":[{"confidence":"0.9545","content":"될"}],"type":"pronunciation"},{"start_time":"182.63","end_time":"182.83","alternatives":[{"confidence":"0.9927","content":"수가"}],"type":"pronunciation"},{"start_time":"182.83","end_time":"183.89","alternatives":[{"confidence":"1.0","content":"있으세요"}],"type":"pronunciation"},{"alternatives":[{"confidence":"0.0","content":"?"}],"type":"punctuation"},{"start_time":"185.13","end_time":"185.35","alternatives":[{"confidence":"0.3374","content":"라는"}],"type":"pronunciation"},{"start_time":"185.35","end_time":"185.51","alternatives":[{"confidence":"0.3701","content":"게"}],"type":"pronunciation"},{"start_time":"185.54","end_time":"185.67","alternatives":[{"confidence":"0.6228","content":"이제"}],"type":"pronunciation"},{"start_time":"185.67","end_time":"185.89","alternatives":[{"confidence":"0.625","content":"인지"}],"type":"pronunciation"},{"start_time":"185.89","end_time":"186.01","alternatives":[{"confidence":"0.4909","content":"세"}],"type":"pronunciation"},{"start_time":"186.01","end_time":"186.34","alternatives":[{"confidence":"0.68935","content":"공인이"}],"type":"pronunciation"},{"start_time":"186.34","end_time":"188.21","alternatives":[{"confidence":"0.606025","content":"총대철대출자금의"}],"type":"pronunciation"},{"alternatives":[{"confidence":"0.0","content":"."}],"type":"punctuation"},{"start_time":"188.21","end_time":"188.36","alternatives":[{"confidence":"0.7063","content":"십"}],"type":"pronunciation"},{"start_time":"188.36","end_time":"188.65","alternatives":[{"confidence":"0.8122","content":"프로로"}],"type":"pronunciation"},{"start_time":"188.65","end_time":"189.89","alternatives":[{"confidence":"0.9837666666666666","content":"진행되시는데요"}],"type":"pronunciation"},{"start_time":"190.88","end_time":"191.34","alternatives":[{"confidence":"0.9801","content":"금액은"}],"type":"pronunciation"},{"start_time":"191.34","end_time":"191.87","alternatives":[{"confidence":"0.995","content":"보니까"}],"type":"pronunciation"},{"start_time":"193.55","end_time":"193.88","alternatives":[{"confidence":"0.187","content":"삼백"}],"type":"pronunciation"},{"start_time":"193.88","end_time":"194.11","alternatives":[{"confidence":"0.1475","content":"구십"}],"type":"pronunciation"},{"start_time":"194.11","end_time":"194.25","alternatives":[{"confidence":"0.093","content":"만"}],"type":"pronunciation"},{"start_time":"194.25","end_time":"194.4","alternatives":[{"confidence":"0.1431","content":"으로"}],"type":"pronunciation"},{"start_time":"194.4","end_time":"195.22","alternatives":[{"confidence":"0.41453333333333325","content":"확인되시네요"}],"type":"pronunciation"},{"alternatives":[{"confidence":"0.0","content":"."}],"type":"punctuation"},{"start_time":"197.03","end_time":"197.36","alternatives":[{"confidence":"0.4853","content":"임기"}],"type":"pronunciation"},{"start_time":"197.48","end_time":"198.17","alternatives":[{"confidence":"0.9722","content":"등록"}],"type":"pronunciation"},{"start_time":"198.17","end_time":"198.59","alternatives":[{"confidence":"1.0","content":"자체가"}],"type":"pronunciation"},{"start_time":"198.68","end_time":"199.07","alternatives":[{"confidence":"0.9217","content":"부담이"}],"type":"pronunciation"},{"start_time":"199.07","end_time":"199.77","alternatives":[{"confidence":"0.99585","content":"되시겠지만"}],"type":"pronunciation"},{"start_time":"199.77","end_time":"200.4","alternatives":[{"confidence":"0.76925","content":"대출결과가"}],"type":"pronunciation"},{"start_time":"200.4","end_time":"200.99","alternatives":[{"confidence":"0.2626","content":"좋아해"}],"type":"pronunciation"},{"start_time":"200.99","end_time":"201.3","alternatives":[{"confidence":"0.7807","content":"나와"}],"type":"pronunciation"},{"start_time":"201.3","end_time":"201.91","alternatives":[{"confidence":"0.9899","content":"계시고"}],"type":"pronunciation"},{"start_time":"202.38","end_time":"202.8","alternatives":[{"confidence":"0.8759","content":"그만큼"}],"type":"pronunciation"},{"start_time":"202.8","end_time":"203.34","alternatives":[{"confidence":"0.92385","content":"보호받을"}],"type":"pronunciation"},{"start_time":"203.34","end_time":"203.45","alternatives":[{"confidence":"0.9904","content":"수"}],"type":"pronunciation"},{"start_time":"203.45","end_time":"203.64","alternatives":[{"confidence":"0.9843","content":"있는"}],"type":"pronunciation"},{"start_time":"203.64","end_time":"204.61","alternatives":[{"confidence":"0.70645","content":"대출금이기"}],"type":"pronunciation"},{"start_time":"204.61","end_time":"206.45","alternatives":[{"confidence":"0.25725","content":"때문에라도"}],"type":"pronunciation"},{"start_time":"206.45","end_time":"206.63","alternatives":[{"confidence":"0.3888","content":"이제"}],"type":"pronunciation"},{"start_time":"206.64","end_time":"206.91","alternatives":[{"confidence":"0.4076","content":"인지"}],"type":"pronunciation"},{"start_time":"206.91","end_time":"207.53","alternatives":[{"confidence":"1.0","content":"등록을"}],"type":"pronunciation"},{"start_time":"207.53","end_time":"208.05","alternatives":[{"confidence":"0.9425","content":"안전하게"}],"type":"pronunciation"},{"start_time":"208.05","end_time":"208.74","alternatives":[{"confidence":"1.0","content":"하시고"}],"type":"pronunciation"},{"start_time":"209.12","end_time":"210.23","alternatives":[{"confidence":"0.8502000000000001","content":"대출금수령하시면"}],"type":"pronunciation"},{"start_time":"210.23","end_time":"210.46","alternatives":[{"confidence":"0.77575","content":"되실"}],"type":"pronunciation"},{"start_time":"210.46","end_time":"210.59","alternatives":[{"confidence":"0.9996","content":"것"}],"type":"pronunciation"},{"start_time":"210.59","end_time":"211.13","alternatives":[{"confidence":"0.9999","content":"같습니다"}],"type":"pronunciation"},{"alternatives":[{"confidence":"0.0","content":"."}],"type":"punctuation"},{"start_time":"213.59","end_time":"213.88","alternatives":[{"confidence":"0.0425","content":"다시"}],"type":"pronunciation"},{"start_time":"213.88","end_time":"214.91","alternatives":[{"confidence":"0.30125","content":"환급되세요"}],"type":"pronunciation"},{"alternatives":[{"confidence":"0.0","content":"."}],"type":"punctuation"},{"start_time":"215.57","end_time":"215.84","alternatives":[{"confidence":"0.145","content":"아니"}],"type":"pronunciation"},{"start_time":"215.84","end_time":"216.01","alternatives":[{"confidence":"0.7589","content":"그"}],"type":"pronunciation"},{"start_time":"216.01","end_time":"216.77","alternatives":[{"confidence":"0.7808","content":"전에"}],"type":"pronunciation"},{"start_time":"219.4","end_time":"219.64","alternatives":[{"confidence":"0.8257","content":"그런"}],"type":"pronunciation"},{"start_time":"219.64","end_time":"219.82","alternatives":[{"confidence":"0.9996","content":"것도"}],"type":"pronunciation"},{"start_time":"219.82","end_time":"220.3","alternatives":[{"confidence":"0.9826","content":"있고"}],"type":"pronunciation"},{"start_time":"220.71","end_time":"220.93","alternatives":[{"confidence":"0.9665","content":"지금"}],"type":"pronunciation"},{"start_time":"220.93","end_time":"221.2","alternatives":[{"confidence":"0.8068","content":"작은"}],"type":"pronunciation"},{"start_time":"221.2","end_time":"221.58","alternatives":[{"confidence":"0.6517","content":"없는데"}],"type":"pronunciation"},{"start_time":"224.96","end_time":"225.18","alternatives":[{"confidence":"0.1488","content":"뭐"}],"type":"pronunciation"},{"start_time":"225.85","end_time":"226.23","alternatives":[{"confidence":"0.2105","content":"에서도"}],"type":"pronunciation"},{"start_time":"226.83","end_time":"227.12","alternatives":[{"confidence":"0.10855","content":"으셨나"}],"type":"pronunciation"},{"start_time":"227.12","end_time":"227.46","alternatives":[{"confidence":"0.7668","content":"보세요"}],"type":"pronunciation"},{"alternatives":[{"confidence":"0.0","content":"."}],"type":"punctuation"},{"start_time":"228.21","end_time":"228.44","alternatives":[{"confidence":"0.0299","content":"그거"}],"type":"pronunciation"},{"start_time":"229.23","end_time":"229.71","alternatives":[{"confidence":"0.9964","content":"때문에"}],"type":"pronunciation"},{"start_time":"229.71","end_time":"230.33","alternatives":[{"confidence":"0.7617","content":"그거간다고"}],"type":"pronunciation"},{"start_time":"230.55","end_time":"230.9","alternatives":[{"confidence":"0.9861","content":"제가"}],"type":"pronunciation"},{"start_time":"231.2","end_time":"231.54","alternatives":[{"confidence":"0.996","content":"그때"}],"type":"pronunciation"},{"start_time":"231.57","end_time":"231.77","alternatives":[{"confidence":"0.9848","content":"돈이"}],"type":"pronunciation"},{"start_time":"231.77","end_time":"232.41","alternatives":[{"confidence":"0.9009","content":"들었거든요"}],"type":"pronunciation"},{"alternatives":[{"confidence":"0.0","content":"."}],"type":"punctuation"},{"start_time":"235.11","end_time":"235.5","alternatives":[{"confidence":"1.0","content":"일단"}],"type":"pronunciation"},{"start_time":"235.5","end_time":"235.71","alternatives":[{"confidence":"0.9968","content":"이게"}],"type":"pronunciation"},{"start_time":"235.71","end_time":"235.94","alternatives":[{"confidence":"0.7874","content":"저희"}],"type":"pronunciation"},{"start_time":"235.94","end_time":"236.54","alternatives":[{"confidence":"1.0","content":"쪽에서"}],"type":"pronunciation"},{"start_time":"236.54","end_time":"236.77","alternatives":[{"confidence":"0.1631","content":"이미"}],"type":"pronunciation"},{"start_time":"236.77","end_time":"237.06","alternatives":[{"confidence":"0.7615","content":"등록"}],"type":"pronunciation"},{"start_time":"237.06","end_time":"237.42","alternatives":[{"confidence":"1.0","content":"절차를"}],"type":"pronunciation"},{"start_time":"237.42","end_time":"238.67","alternatives":[{"confidence":"0.6698666666666666","content":"밟아주셔야"}],"type":"pronunciation"},{"alternatives":[{"confidence":"0.0","content":"."}],"type":"punctuation"},{"start_time":"239.1","end_time":"239.46","alternatives":[{"confidence":"0.9933","content":"앞으로"}],"type":"pronunciation"},{"start_time":"239.46","end_time":"239.73","alternatives":[{"confidence":"0.8389","content":"지금"}],"type":"pronunciation"},{"start_time":"239.73","end_time":"239.99","alternatives":[{"confidence":"0.2784","content":"자가"}],"type":"pronunciation"},{"start_time":"240.2","end_time":"240.46","alternatives":[{"confidence":"0.9134","content":"나갈"}],"type":"pronunciation"},{"start_time":"240.46","end_time":"240.56","alternatives":[{"confidence":"0.9992","content":"수"}],"type":"pronunciation"},{"start_time":"240.56","end_time":"240.76","alternatives":[{"confidence":"0.839","content":"있는"}],"type":"pronunciation"},{"start_time":"240.76","end_time":"240.91","alternatives":[{"confidence":"0.2254","content":"건"}],"type":"pronunciation"},{"start_time":"241.0","end_time":"241.35","alternatives":[{"confidence":"0.8617","content":"지금"}],"type":"pronunciation"},{"start_time":"241.38","end_time":"242.19","alternatives":[{"confidence":"0.44535","content":"상황이세요"}],"type":"pronunciation"},{"alternatives":[{"confidence":"0.0","content":"."}],"type":"punctuation"},{"start_time":"242.79","end_time":"242.96","alternatives":[{"confidence":"0.5737","content":"제가"}],"type":"pronunciation"},{"start_time":"242.96","end_time":"243.21","alternatives":[{"confidence":"0.2576","content":"자동"}],"type":"pronunciation"},{"start_time":"243.86","end_time":"244.72","alternatives":[{"confidence":"0.5377","content":"도우려고"}],"type":"pronunciation"},{"start_time":"244.72","end_time":"245.27","alternatives":[{"confidence":"0.2503","content":"했는데"}],"type":"pronunciation"},{"start_time":"245.33","end_time":"245.44","alternatives":[{"confidence":"0.1111","content":"이"}],"type":"pronunciation"},{"start_time":"245.44","end_time":"245.68","alternatives":[{"confidence":"0.077","content":"부분"}],"type":"pronunciation"},{"start_time":"245.68","end_time":"245.92","alternatives":[{"confidence":"0.997","content":"때문에"}],"type":"pronunciation"},{"start_time":"245.92","end_time":"246.11","alternatives":[{"confidence":"0.9809","content":"지금"}],"type":"pronunciation"},{"start_time":"246.11","end_time":"246.39","alternatives":[{"confidence":"0.5673","content":"자금"}],"type":"pronunciation"},{"start_time":"246.39","end_time":"246.71","alternatives":[{"confidence":"0.8124","content":"송금이"}],"type":"pronunciation"},{"start_time":"246.71","end_time":"246.82","alternatives":[{"confidence":"0.7572","content":"안"}],"type":"pronunciation"},{"start_time":"246.82","end_time":"247.18","alternatives":[{"confidence":"0.2718","content":"나가시는"}],"type":"pronunciation"},{"start_time":"247.18","end_time":"247.5","alternatives":[{"confidence":"0.399","content":"거든요"}],"type":"pronunciation"},{"alternatives":[{"confidence":"0.0","content":"."}],"type":"punctuation"},{"start_time":"248.77","end_time":"249.01","alternatives":[{"confidence":"0.0651","content":"그냥"}],"type":"pronunciation"},{"start_time":"252.55","end_time":"252.7","alternatives":[{"confidence":"0.9413","content":"이"}],"type":"pronunciation"},{"start_time":"252.7","end_time":"253.1","alternatives":[{"confidence":"1.0","content":"부분이"}],"type":"pronunciation"},{"start_time":"253.1","end_time":"253.29","alternatives":[{"confidence":"0.872","content":"저희"}],"type":"pronunciation"},{"start_time":"253.29","end_time":"253.46","alternatives":[{"confidence":"0.5254","content":"쪽에"}],"type":"pronunciation"},{"start_time":"253.46","end_time":"253.68","alternatives":[{"confidence":"0.5411","content":"인제"}],"type":"pronunciation"},{"start_time":"253.68","end_time":"254.04","alternatives":[{"confidence":"0.58545","content":"대세가"}],"type":"pronunciation"},{"start_time":"254.07","end_time":"255.22","alternatives":[{"confidence":"0.8545","content":"확인돼야"}],"type":"pronunciation"},{"start_time":"255.28","end_time":"255.6","alternatives":[{"confidence":"0.68","content":"본인이"}],"type":"pronunciation"},{"start_time":"255.6","end_time":"255.88","alternatives":[{"confidence":"0.9931","content":"앞으로"}],"type":"pronunciation"},{"start_time":"255.88","end_time":"256.19","alternatives":[{"confidence":"0.7294","content":"자금이"}],"type":"pronunciation"},{"start_time":"256.19","end_time":"256.47","alternatives":[{"confidence":"0.9517","content":"나갈"}],"type":"pronunciation"},{"start_time":"256.47","end_time":"256.65","alternatives":[{"confidence":"0.9975","content":"수"}],"type":"pronunciation"},{"start_time":"257.01","end_time":"257.28","alternatives":[{"confidence":"0.9197","content":"있는"}],"type":"pronunciation"},{"start_time":"257.28","end_time":"257.91","alternatives":[{"confidence":"0.7783","content":"부분인데요"}],"type":"pronunciation"},{"start_time":"258.42","end_time":"258.62","alternatives":[{"confidence":"0.994","content":"이게"}],"type":"pronunciation"},{"start_time":"258.62","end_time":"259.15","alternatives":[{"confidence":"0.7827","content":"금융법이"}],"type":"pronunciation"},{"start_time":"259.15","end_time":"260.26","alternatives":[{"confidence":"0.9997","content":"개정되면서"}],"type":"pronunciation"},{"start_time":"260.29","end_time":"260.45","alternatives":[{"confidence":"0.9372","content":"이제"}],"type":"pronunciation"},{"start_time":"260.48","end_time":"261.06","alternatives":[{"confidence":"0.419","content":"금융감독인"}],"type":"pronunciation"},{"start_time":"261.06","end_time":"261.41","alternatives":[{"confidence":"0.0417","content":"사회에서"}],"type":"pronunciation"},{"start_time":"261.41","end_time":"262.03","alternatives":[{"confidence":"0.5804500000000001","content":"인적이게"}],"type":"pronunciation"},{"start_time":"262.03","end_time":"262.6","alternatives":[{"confidence":"0.8192999999999999","content":"확인돼야"}],"type":"pronunciation"},{"start_time":"262.64","end_time":"262.84","alternatives":[{"confidence":"0.8473","content":"저희"}],"type":"pronunciation"},{"start_time":"262.84","end_time":"263.21","alternatives":[{"confidence":"0.99695","content":"쪽에서도"}],"type":"pronunciation"},{"start_time":"263.21","end_time":"263.54","alternatives":[{"confidence":"0.646","content":"자금이"}],"type":"pronunciation"},{"start_time":"263.54","end_time":"263.78","alternatives":[{"confidence":"0.9309","content":"나갈"}],"type":"pronunciation"},{"start_time":"263.78","end_time":"264.03","alternatives":[{"confidence":"0.9999","content":"수"}],"type":"pronunciation"},{"start_time":"264.06","end_time":"264.53","alternatives":[{"confidence":"0.9978","content":"있게"}],"type":"pronunciation"},{"start_time":"264.53","end_time":"264.86","alternatives":[{"confidence":"0.8916","content":"해드릴"}],"type":"pronunciation"},{"start_time":"264.86","end_time":"265.04","alternatives":[{"confidence":"0.5377","content":"수가"}],"type":"pronunciation"},{"start_time":"265.04","end_time":"265.34","alternatives":[{"confidence":"0.9957","content":"있는"}],"type":"pronunciation"},{"start_time":"265.34","end_time":"266.03","alternatives":[{"confidence":"0.3759333333333333","content":"부분이시고요"}],"type":"pronunciation"},{"start_time":"268.67","end_time":"269.01","alternatives":[{"confidence":"0.9997","content":"어차피"}],"type":"pronunciation"},{"start_time":"269.04","end_time":"269.3","alternatives":[{"confidence":"0.97","content":"다시"}],"type":"pronunciation"},{"start_time":"269.3","end_time":"269.95","alternatives":[{"confidence":"0.8964333333333334","content":"환급받아볼"}],"type":"pronunciation"},{"start_time":"269.95","end_time":"270.1","alternatives":[{"confidence":"0.9999","content":"수"}],"type":"pronunciation"},{"start_time":"270.1","end_time":"270.34","alternatives":[{"confidence":"0.9993","content":"있는"}],"type":"pronunciation"},{"start_time":"270.34","end_time":"270.61","alternatives":[{"confidence":"0.7184","content":"거기"}],"type":"pronunciation"},{"start_time":"270.61","end_time":"271.17","alternatives":[{"confidence":"1.0","content":"때문에"}],"type":"pronunciation"},{"start_time":"271.8","end_time":"272.53","alternatives":[{"confidence":"0.9912","content":"이거를"}],"type":"pronunciation"},{"start_time":"272.78","end_time":"273.0","alternatives":[{"confidence":"0.8295","content":"저희"}],"type":"pronunciation"},{"start_time":"273.0","end_time":"273.31","alternatives":[{"confidence":"1.0","content":"쪽에서"}],"type":"pronunciation"},{"start_time":"273.31","end_time":"273.47","alternatives":[{"confidence":"0.709","content":"이제"}],"type":"pronunciation"},{"start_time":"273.5","end_time":"273.85","alternatives":[{"confidence":"0.994","content":"납부를"}],"type":"pronunciation"},{"start_time":"273.85","end_time":"274.16","alternatives":[{"confidence":"0.9512","content":"하시고"}],"type":"pronunciation"},{"start_time":"274.16","end_time":"274.53","alternatives":[{"confidence":"0.6818","content":"그분께서"}],"type":"pronunciation"},{"start_time":"274.53","end_time":"274.65","alternatives":[{"confidence":"0.2878","content":"이제"}],"type":"pronunciation"},{"start_time":"274.66","end_time":"274.92","alternatives":[{"confidence":"0.5363","content":"자금"}],"type":"pronunciation"},{"start_time":"274.92","end_time":"275.72","alternatives":[{"confidence":"0.93725","content":"나가시면"}],"type":"pronunciation"},{"start_time":"276.44","end_time":"276.81","alternatives":[{"confidence":"0.7718","content":"가까운"}],"type":"pronunciation"},{"start_time":"277.35","end_time":"277.47","alternatives":[{"confidence":"0.1146","content":"에서"}],"type":"pronunciation"},{"start_time":"277.47","end_time":"278.01","alternatives":[{"confidence":"0.14595","content":"방문해서"}],"type":"pronunciation"},{"start_time":"278.01","end_time":"278.27","alternatives":[{"confidence":"0.9872","content":"가지고"}],"type":"pronunciation"},{"start_time":"278.3","end_time":"278.56","alternatives":[{"confidence":"0.9325","content":"서로"}],"type":"pronunciation"},{"start_time":"278.56","end_time":"279.13","alternatives":[{"confidence":"0.6949000000000001","content":"제출하시면"}],"type":"pronunciation"},{"start_time":"279.16","end_time":"279.45","alternatives":[{"confidence":"0.4437","content":"삼십"}],"type":"pronunciation"},{"start_time":"279.45","end_time":"279.69","alternatives":[{"confidence":"0.8039000000000001","content":"분에서"}],"type":"pronunciation"},{"start_time":"279.69","end_time":"279.79","alternatives":[{"confidence":"0.8625","content":"한"}],"type":"pronunciation"},{"start_time":"279.79","end_time":"279.96","alternatives":[{"confidence":"0.7677","content":"시간"}],"type":"pronunciation"},{"start_time":"279.96","end_time":"280.11","alternatives":[{"confidence":"0.8004","content":"내로"}],"type":"pronunciation"},{"start_time":"280.11","end_time":"280.44","alternatives":[{"confidence":"0.98295","content":"환급이"}],"type":"pronunciation"},{"start_time":"280.44","end_time":"280.73","alternatives":[{"confidence":"0.9835499999999999","content":"되실"}],"type":"pronunciation"},{"start_time":"280.73","end_time":"281.16","alternatives":[{"confidence":"0.8884","content":"거예요"}],"type":"pronunciation"},{"alternatives":[{"confidence":"0.0","content":"."}],"type":"punctuation"},{"start_time":"284.3","end_time":"284.59","alternatives":[{"confidence":"0.3959","content":"나쁜"}],"type":"pronunciation"},{"start_time":"284.59","end_time":"284.77","alternatives":[{"confidence":"0.2986","content":"은"}],"type":"pronunciation"},{"start_time":"284.77","end_time":"284.99","alternatives":[{"confidence":"0.9093","content":"저희"}],"type":"pronunciation"},{"start_time":"284.99","end_time":"285.19","alternatives":[{"confidence":"1.0","content":"같은"}],"type":"pronunciation"},{"start_time":"285.19","end_time":"285.32","alternatives":[{"confidence":"0.9104","content":"경우"}],"type":"pronunciation"},{"start_time":"286.38","end_time":"286.74","alternatives":[{"confidence":"0.5708","content":"속에서"}],"type":"pronunciation"},{"start_time":"286.74","end_time":"287.3","alternatives":[{"confidence":"0.99995","content":"납부하시면"}],"type":"pronunciation"},{"start_time":"287.3","end_time":"287.86","alternatives":[{"confidence":"0.9211499999999999","content":"되시고요"}],"type":"pronunciation"},{"alternatives":[{"confidence":"0.0","content":"."}],"type":"punctuation"},{"start_time":"289.31","end_time":"289.86","alternatives":[{"confidence":"0.2915","content":"그"}],"type":"pronunciation"},{"start_time":"290.71","end_time":"290.98","alternatives":[{"confidence":"0.0341","content":"한번"}],"type":"pronunciation"},{"start_time":"291.47","end_time":"291.76","alternatives":[{"confidence":"0.001","content":"볼게요"}],"type":"pronunciation"},{"alternatives":[{"confidence":"0.0","content":"."}],"type":"punctuation"},{"start_time":"292.24","end_time":"292.76","alternatives":[{"confidence":"0.9925","content":"알겠습니다"}],"type":"pronunciation"},{"alternatives":[{"confidence":"0.0","content":"."}],"type":"punctuation"},{"start_time":"292.76","end_time":"293.02","alternatives":[{"confidence":"0.0082","content":"인지"}],"type":"pronunciation"},{"start_time":"293.26","end_time":"293.79","alternatives":[{"confidence":"0.08035","content":"확인하시면"}],"type":"pronunciation"},{"start_time":"294.01","end_time":"294.25","alternatives":[{"confidence":"0.1302","content":"대출"}],"type":"pronunciation"},{"start_time":"294.25","end_time":"295.29","alternatives":[{"confidence":"0.6844","content":"자금나가시니까요"}],"type":"pronunciation"},{"start_time":"296.29","end_time":"296.92","alternatives":[{"confidence":"0.9622999999999999","content":"주시고요"}],"type":"pronunciation"},{"alternatives":[{"confidence":"0.0","content":"."}],"type":"punctuation"},{"start_time":"297.54","end_time":"297.67","alternatives":[{"confidence":"0.9244","content":"이"}],"type":"pronunciation"},{"start_time":"297.67","end_time":"297.91","alternatives":[{"confidence":"0.4345","content":"부분에"}],"type":"pronunciation"},{"start_time":"297.91","end_time":"298.23","alternatives":[{"confidence":"0.0283","content":"대해서는"}],"type":"pronunciation"},{"start_time":"298.38","end_time":"298.59","alternatives":[{"confidence":"0.3714","content":"제가"}],"type":"pronunciation"},{"start_time":"298.59","end_time":"299.23","alternatives":[{"confidence":"0.6181","content":"전산으로"}],"type":"pronunciation"},{"start_time":"299.23","end_time":"299.4","alternatives":[{"confidence":"0.5885","content":"이제"}],"type":"pronunciation"},{"start_time":"299.41","end_time":"299.97","alternatives":[{"confidence":"0.9959","content":"담당자한테"}],"type":"pronunciation"},{"start_time":"299.97","end_time":"300.19","alternatives":[{"confidence":"0.8317","content":"내려"}],"type":"pronunciation"},{"start_time":"300.19","end_time":"300.34","alternatives":[{"confidence":"0.764","content":"놓을"}],"type":"pronunciation"},{"start_time":"300.34","end_time":"300.88","alternatives":[{"confidence":"0.8704","content":"테니까요"}],"type":"pronunciation"},{"alternatives":[{"confidence":"0.0","content":"."}],"type":"punctuation"},{"start_time":"301.97","end_time":"302.17","alternatives":[{"confidence":"0.6413","content":"한번"}],"type":"pronunciation"},{"start_time":"302.17","end_time":"302.94","alternatives":[{"confidence":"0.6686","content":"통해서"}],"type":"pronunciation"},{"start_time":"304.38","end_time":"304.62","alternatives":[{"confidence":"0.8931","content":"한번"}],"type":"pronunciation"},{"start_time":"304.91","end_time":"305.27","alternatives":[{"confidence":"0.9855","content":"보시고"}],"type":"pronunciation"},{"start_time":"305.27","end_time":"305.41","alternatives":[{"confidence":"0.4292","content":"이제"}],"type":"pronunciation"},{"start_time":"305.41","end_time":"305.68","alternatives":[{"confidence":"0.9508","content":"한번"}],"type":"pronunciation"},{"start_time":"305.68","end_time":"306.39","alternatives":[{"confidence":"0.9635","content":"해보세요"}],"type":"pronunciation"},{"alternatives":[{"confidence":"0.0","content":"."}],"type":"punctuation"},{"start_time":"308.41","end_time":"309.18","alternatives":[{"confidence":"0.7481499999999999","content":"과장이었습니다"}],"type":"pronunciation"},{"alternatives":[{"confidence":"0.0","content":"."}],"type":"punctuation"}]},"status":"COMPLETED"}