{"jobName":"transcribe_loan161","accountId":"097989105209","results":{"transcripts":[{"transcript":"믿고 진행합니다 그러면은 그러니까 아무 문제 없는 거죠? 고객님께고객님께서 저희 말 잘 따라주시면은 아무런 문제가 없으세요? 알겠습니다 고객님포장은 다 하셨어요 포장은 다 하셨어요 에다가 카드고 그 책을 박스에 넣고 으로 포장하자 하셨어요 카드 있잖아요 체크카드 체크카드를 서비스 직원한테 그냥 떨렁 건네주면 그 서비스 직원 주지는 않을 거 아니에요? 에다가 동의봉투 과 책이 없는데 책이 없으면 노트나 공채 카달로그 잡지의 무게감이 있어야 돼요 알겠죠? 에다가 적당히 책 같은 것도 없고 그 책 사이에 카드 포장하고 지금 포장도 하셨다고요 서비스 지금 보내드릴 테니까 중간에 놓으시면 그러니까 네 믿으세요 저를 믿지 마시고 최진성 상담사를 믿으세요 저보다 연배가 있으신분 이시니까 책임 책임감있게 해드릴 수 있으세요? 예 절대로 얘기하시면 안 되고 중요한 소리라고 하면서 보내주셔야 돼요 알겠습니다 네 맞으시고요 잔액은 다 빼셨고요 네, 알겠습니다 내일 월요일 날 제가 한 도 체크해서 아침에 전화 한번 드릴거에요 또 한도 체크인출한도 체크 로 통화해봤어요 거든요 혹시 모르시니까 한번만 더 확인해 주세요 로 전화하셔서 상담사 연결 하시고 일일 입출금 한도"}],"items":[{"start_time":"0.27","end_time":"0.57","alternatives":[{"confidence":"0.9813","content":"믿고"}],"type":"pronunciation"},{"start_time":"0.57","end_time":"1.1","alternatives":[{"confidence":"0.99385","content":"진행합니다"}],"type":"pronunciation"},{"start_time":"1.1","end_time":"1.7","alternatives":[{"confidence":"0.5690500000000001","content":"그러면은"}],"type":"pronunciation"},{"start_time":"2.09","end_time":"2.44","alternatives":[{"confidence":"0.9967","content":"그러니까"}],"type":"pronunciation"},{"start_time":"2.44","end_time":"2.64","alternatives":[{"confidence":"0.9917","content":"아무"}],"type":"pronunciation"},{"start_time":"2.64","end_time":"2.86","alternatives":[{"confidence":"0.947","content":"문제"}],"type":"pronunciation"},{"start_time":"2.86","end_time":"3.09","alternatives":[{"confidence":"0.9761","content":"없는"}],"type":"pronunciation"},{"start_time":"3.09","end_time":"3.43","alternatives":[{"confidence":"1.0","content":"거죠"}],"type":"pronunciation"},{"alternatives":[{"confidence":"0.0","content":"?"}],"type":"punctuation"},{"start_time":"4.14","end_time":"5.52","alternatives":[{"confidence":"0.592375","content":"고객님께고객님께서"}],"type":"pronunciation"},{"start_time":"5.52","end_time":"5.83","alternatives":[{"confidence":"0.9572","content":"저희"}],"type":"pronunciation"},{"start_time":"5.83","end_time":"6.13","alternatives":[{"confidence":"0.8578","content":"말"}],"type":"pronunciation"},{"start_time":"6.13","end_time":"6.39","alternatives":[{"confidence":"0.9057","content":"잘"}],"type":"pronunciation"},{"start_time":"6.39","end_time":"7.16","alternatives":[{"confidence":"0.6894666666666667","content":"따라주시면은"}],"type":"pronunciation"},{"start_time":"7.22","end_time":"7.68","alternatives":[{"confidence":"1.0","content":"아무런"}],"type":"pronunciation"},{"start_time":"7.68","end_time":"8.04","alternatives":[{"confidence":"1.0","content":"문제가"}],"type":"pronunciation"},{"start_time":"8.04","end_time":"8.61","alternatives":[{"confidence":"0.9995","content":"없으세요"}],"type":"pronunciation"},{"alternatives":[{"confidence":"0.0","content":"?"}],"type":"punctuation"},{"start_time":"9.05","end_time":"9.56","alternatives":[{"confidence":"0.9669","content":"알겠습니다"}],"type":"pronunciation"},{"start_time":"10.24","end_time":"11.05","alternatives":[{"confidence":"0.9368","content":"고객님포장은"}],"type":"pronunciation"},{"start_time":"11.05","end_time":"11.14","alternatives":[{"confidence":"0.9059","content":"다"}],"type":"pronunciation"},{"start_time":"11.14","end_time":"11.86","alternatives":[{"confidence":"1.0","content":"하셨어요"}],"type":"pronunciation"},{"start_time":"13.27","end_time":"13.76","alternatives":[{"confidence":"0.9130499999999999","content":"포장은"}],"type":"pronunciation"},{"start_time":"13.76","end_time":"13.84","alternatives":[{"confidence":"0.5834","content":"다"}],"type":"pronunciation"},{"start_time":"13.84","end_time":"14.39","alternatives":[{"confidence":"1.0","content":"하셨어요"}],"type":"pronunciation"},{"start_time":"16.33","end_time":"16.57","alternatives":[{"confidence":"0.0466","content":"에다가"}],"type":"pronunciation"},{"start_time":"16.57","end_time":"17.35","alternatives":[{"confidence":"0.4746","content":"카드고"}],"type":"pronunciation"},{"start_time":"17.35","end_time":"17.48","alternatives":[{"confidence":"0.9862","content":"그"}],"type":"pronunciation"},{"start_time":"17.48","end_time":"17.72","alternatives":[{"confidence":"0.9996","content":"책을"}],"type":"pronunciation"},{"start_time":"17.72","end_time":"18.02","alternatives":[{"confidence":"0.9811","content":"박스에"}],"type":"pronunciation"},{"start_time":"18.02","end_time":"18.34","alternatives":[{"confidence":"0.9883","content":"넣고"}],"type":"pronunciation"},{"start_time":"18.6","end_time":"18.74","alternatives":[{"confidence":"0.6601","content":"으로"}],"type":"pronunciation"},{"start_time":"18.74","end_time":"19.16","alternatives":[{"confidence":"0.4561","content":"포장하자"}],"type":"pronunciation"},{"start_time":"19.16","end_time":"19.73","alternatives":[{"confidence":"0.9999","content":"하셨어요"}],"type":"pronunciation"},{"start_time":"22.12","end_time":"22.42","alternatives":[{"confidence":"0.7712","content":"카드"}],"type":"pronunciation"},{"start_time":"22.42","end_time":"22.73","alternatives":[{"confidence":"0.994","content":"있잖아요"}],"type":"pronunciation"},{"start_time":"22.73","end_time":"23.84","alternatives":[{"confidence":"0.70335","content":"체크카드"}],"type":"pronunciation"},{"start_time":"24.69","end_time":"25.27","alternatives":[{"confidence":"0.9892000000000001","content":"체크카드를"}],"type":"pronunciation"},{"start_time":"25.43","end_time":"25.75","alternatives":[{"confidence":"0.851","content":"서비스"}],"type":"pronunciation"},{"start_time":"25.75","end_time":"26.22","alternatives":[{"confidence":"0.9713499999999999","content":"직원한테"}],"type":"pronunciation"},{"start_time":"26.22","end_time":"26.48","alternatives":[{"confidence":"0.9924","content":"그냥"}],"type":"pronunciation"},{"start_time":"26.48","end_time":"26.74","alternatives":[{"confidence":"0.6695","content":"떨렁"}],"type":"pronunciation"},{"start_time":"26.74","end_time":"27.18","alternatives":[{"confidence":"0.85955","content":"건네주면"}],"type":"pronunciation"},{"start_time":"27.18","end_time":"27.29","alternatives":[{"confidence":"0.4761","content":"그"}],"type":"pronunciation"},{"start_time":"27.47","end_time":"27.83","alternatives":[{"confidence":"0.9517","content":"서비스"}],"type":"pronunciation"},{"start_time":"27.83","end_time":"28.11","alternatives":[{"confidence":"0.5977","content":"직원"}],"type":"pronunciation"},{"start_time":"29.64","end_time":"29.92","alternatives":[{"confidence":"0.9151499999999999","content":"주지는"}],"type":"pronunciation"},{"start_time":"29.92","end_time":"30.09","alternatives":[{"confidence":"0.9993","content":"않을"}],"type":"pronunciation"},{"start_time":"30.09","end_time":"30.2","alternatives":[{"confidence":"0.9146","content":"거"}],"type":"pronunciation"},{"start_time":"30.2","end_time":"30.61","alternatives":[{"confidence":"0.0708","content":"아니에요"}],"type":"pronunciation"},{"alternatives":[{"confidence":"0.0","content":"?"}],"type":"punctuation"},{"start_time":"32.61","end_time":"33.09","alternatives":[{"confidence":"0.9006","content":"에다가"}],"type":"pronunciation"},{"start_time":"33.7","end_time":"34.55","alternatives":[{"confidence":"0.7617","content":"동의봉투"}],"type":"pronunciation"},{"start_time":"37.26","end_time":"37.38","alternatives":[{"confidence":"0.1141","content":"과"}],"type":"pronunciation"},{"start_time":"37.38","end_time":"37.63","alternatives":[{"confidence":"0.3363","content":"책이"}],"type":"pronunciation"},{"start_time":"37.63","end_time":"38.16","alternatives":[{"confidence":"0.8932","content":"없는데"}],"type":"pronunciation"},{"start_time":"39.23","end_time":"39.48","alternatives":[{"confidence":"0.9982","content":"책이"}],"type":"pronunciation"},{"start_time":"39.48","end_time":"39.83","alternatives":[{"confidence":"0.9999","content":"없으면"}],"type":"pronunciation"},{"start_time":"39.83","end_time":"40.31","alternatives":[{"confidence":"0.8815999999999999","content":"노트나"}],"type":"pronunciation"},{"start_time":"40.31","end_time":"40.87","alternatives":[{"confidence":"0.4168","content":"공채"}],"type":"pronunciation"},{"start_time":"40.87","end_time":"41.36","alternatives":[{"confidence":"0.8645333333333335","content":"카달로그"}],"type":"pronunciation"},{"start_time":"41.36","end_time":"42.54","alternatives":[{"confidence":"0.2465","content":"잡지의"}],"type":"pronunciation"},{"start_time":"42.54","end_time":"43.01","alternatives":[{"confidence":"0.8990499999999999","content":"무게감이"}],"type":"pronunciation"},{"start_time":"43.01","end_time":"43.32","alternatives":[{"confidence":"0.9907","content":"있어야"}],"type":"pronunciation"},{"start_time":"43.32","end_time":"43.72","alternatives":[{"confidence":"0.9795","content":"돼요"}],"type":"pronunciation"},{"start_time":"47.19","end_time":"48.1","alternatives":[{"confidence":"0.9836","content":"알겠죠"}],"type":"pronunciation"},{"alternatives":[{"confidence":"0.0","content":"?"}],"type":"punctuation"},{"start_time":"49.86","end_time":"50.33","alternatives":[{"confidence":"0.6677","content":"에다가"}],"type":"pronunciation"},{"start_time":"50.33","end_time":"50.72","alternatives":[{"confidence":"0.9997","content":"적당히"}],"type":"pronunciation"},{"start_time":"50.72","end_time":"50.87","alternatives":[{"confidence":"0.9522","content":"책"}],"type":"pronunciation"},{"start_time":"50.87","end_time":"51.1","alternatives":[{"confidence":"0.9831","content":"같은"}],"type":"pronunciation"},{"start_time":"51.1","end_time":"51.26","alternatives":[{"confidence":"0.9987","content":"것도"}],"type":"pronunciation"},{"start_time":"51.26","end_time":"51.44","alternatives":[{"confidence":"0.9999","content":"없고"}],"type":"pronunciation"},{"start_time":"51.44","end_time":"51.59","alternatives":[{"confidence":"0.9942","content":"그"}],"type":"pronunciation"},{"start_time":"51.59","end_time":"51.78","alternatives":[{"confidence":"0.8983","content":"책"}],"type":"pronunciation"},{"start_time":"51.78","end_time":"52.11","alternatives":[{"confidence":"0.6245","content":"사이에"}],"type":"pronunciation"},{"start_time":"52.11","end_time":"52.36","alternatives":[{"confidence":"0.1377","content":"카드"}],"type":"pronunciation"},{"start_time":"53.23","end_time":"53.76","alternatives":[{"confidence":"0.99535","content":"포장하고"}],"type":"pronunciation"},{"start_time":"53.76","end_time":"54.06","alternatives":[{"confidence":"0.9676","content":"지금"}],"type":"pronunciation"},{"start_time":"54.06","end_time":"54.41","alternatives":[{"confidence":"0.70655","content":"포장도"}],"type":"pronunciation"},{"start_time":"54.41","end_time":"55.22","alternatives":[{"confidence":"0.99305","content":"하셨다고요"}],"type":"pronunciation"},{"start_time":"56.42","end_time":"56.74","alternatives":[{"confidence":"0.2642","content":"서비스"}],"type":"pronunciation"},{"start_time":"56.74","end_time":"57.0","alternatives":[{"confidence":"0.9466","content":"지금"}],"type":"pronunciation"},{"start_time":"57.0","end_time":"57.4","alternatives":[{"confidence":"0.82355","content":"보내드릴"}],"type":"pronunciation"},{"start_time":"57.4","end_time":"57.67","alternatives":[{"confidence":"0.9771","content":"테니까"}],"type":"pronunciation"},{"start_time":"57.67","end_time":"58.08","alternatives":[{"confidence":"0.9993","content":"중간에"}],"type":"pronunciation"},{"start_time":"58.36","end_time":"58.78","alternatives":[{"confidence":"0.9511000000000001","content":"놓으시면"}],"type":"pronunciation"},{"start_time":"60.28","end_time":"60.71","alternatives":[{"confidence":"0.5499","content":"그러니까"}],"type":"pronunciation"},{"start_time":"62.52","end_time":"62.73","alternatives":[{"confidence":"0.1731","content":"네"}],"type":"pronunciation"},{"start_time":"62.73","end_time":"63.25","alternatives":[{"confidence":"0.52925","content":"믿으세요"}],"type":"pronunciation"},{"start_time":"63.25","end_time":"63.57","alternatives":[{"confidence":"0.9943","content":"저를"}],"type":"pronunciation"},{"start_time":"63.57","end_time":"63.8","alternatives":[{"confidence":"0.9956","content":"믿지"}],"type":"pronunciation"},{"start_time":"63.8","end_time":"64.37","alternatives":[{"confidence":"1.0","content":"마시고"}],"type":"pronunciation"},{"start_time":"64.54","end_time":"65.04","alternatives":[{"confidence":"0.9161666666666667","content":"최진성"}],"type":"pronunciation"},{"start_time":"65.04","end_time":"65.56","alternatives":[{"confidence":"0.9977","content":"상담사를"}],"type":"pronunciation"},{"start_time":"65.56","end_time":"65.9","alternatives":[{"confidence":"0.98395","content":"믿으세요"}],"type":"pronunciation"},{"start_time":"65.9","end_time":"66.19","alternatives":[{"confidence":"0.999","content":"저보다"}],"type":"pronunciation"},{"start_time":"66.19","end_time":"66.5","alternatives":[{"confidence":"0.99655","content":"연배가"}],"type":"pronunciation"},{"start_time":"66.5","end_time":"66.95","alternatives":[{"confidence":"0.9132","content":"있으신분"}],"type":"pronunciation"},{"start_time":"66.95","end_time":"67.72","alternatives":[{"confidence":"0.9394","content":"이시니까"}],"type":"pronunciation"},{"start_time":"68.32","end_time":"68.64","alternatives":[{"confidence":"0.8834","content":"책임"}],"type":"pronunciation"},{"start_time":"68.73","end_time":"69.28","alternatives":[{"confidence":"0.9984","content":"책임감있게"}],"type":"pronunciation"},{"start_time":"69.28","end_time":"69.52","alternatives":[{"confidence":"0.94765","content":"해드릴"}],"type":"pronunciation"},{"start_time":"69.52","end_time":"69.62","alternatives":[{"confidence":"1.0","content":"수"}],"type":"pronunciation"},{"start_time":"69.62","end_time":"70.5","alternatives":[{"confidence":"0.9998","content":"있으세요"}],"type":"pronunciation"},{"alternatives":[{"confidence":"0.0","content":"?"}],"type":"punctuation"},{"start_time":"71.37","end_time":"72.12","alternatives":[{"confidence":"0.0052","content":"예"}],"type":"pronunciation"},{"start_time":"73.7","end_time":"74.04","alternatives":[{"confidence":"0.9984","content":"절대로"}],"type":"pronunciation"},{"start_time":"74.04","end_time":"74.41","alternatives":[{"confidence":"0.9304","content":"얘기하시면"}],"type":"pronunciation"},{"start_time":"74.41","end_time":"74.49","alternatives":[{"confidence":"0.8116","content":"안"}],"type":"pronunciation"},{"start_time":"74.49","end_time":"74.74","alternatives":[{"confidence":"0.8081","content":"되고"}],"type":"pronunciation"},{"start_time":"74.74","end_time":"75.12","alternatives":[{"confidence":"0.8159","content":"중요한"}],"type":"pronunciation"},{"start_time":"75.12","end_time":"75.56","alternatives":[{"confidence":"0.8344","content":"소리라고"}],"type":"pronunciation"},{"start_time":"75.56","end_time":"75.84","alternatives":[{"confidence":"0.9662","content":"하면서"}],"type":"pronunciation"},{"start_time":"75.84","end_time":"76.4","alternatives":[{"confidence":"0.7394000000000001","content":"보내주셔야"}],"type":"pronunciation"},{"start_time":"76.4","end_time":"76.99","alternatives":[{"confidence":"0.8618","content":"돼요"}],"type":"pronunciation"},{"start_time":"77.36","end_time":"77.87","alternatives":[{"confidence":"0.983","content":"알겠습니다"}],"type":"pronunciation"},{"start_time":"78.04","end_time":"78.24","alternatives":[{"confidence":"0.0084","content":"네"}],"type":"pronunciation"},{"start_time":"79.06","end_time":"80.45","alternatives":[{"confidence":"0.9439000000000001","content":"맞으시고요"}],"type":"pronunciation"},{"start_time":"81.64","end_time":"82.04","alternatives":[{"confidence":"0.9715499999999999","content":"잔액은"}],"type":"pronunciation"},{"start_time":"82.04","end_time":"82.15","alternatives":[{"confidence":"0.9345","content":"다"}],"type":"pronunciation"},{"start_time":"82.15","end_time":"83.11","alternatives":[{"confidence":"0.9544333333333332","content":"빼셨고요"}],"type":"pronunciation"},{"start_time":"83.92","end_time":"84.08","alternatives":[{"confidence":"0.9038","content":"네"}],"type":"pronunciation"},{"alternatives":[{"confidence":"0.0","content":","}],"type":"punctuation"},{"start_time":"84.08","end_time":"84.62","alternatives":[{"confidence":"0.9979","content":"알겠습니다"}],"type":"pronunciation"},{"start_time":"85.79","end_time":"86.38","alternatives":[{"confidence":"0.8908","content":"내일"}],"type":"pronunciation"},{"start_time":"86.59","end_time":"86.93","alternatives":[{"confidence":"0.3669","content":"월요일"}],"type":"pronunciation"},{"start_time":"86.93","end_time":"87.08","alternatives":[{"confidence":"0.8147","content":"날"}],"type":"pronunciation"},{"start_time":"87.08","end_time":"87.26","alternatives":[{"confidence":"0.9341","content":"제가"}],"type":"pronunciation"},{"start_time":"87.26","end_time":"87.39","alternatives":[{"confidence":"0.358","content":"한"}],"type":"pronunciation"},{"start_time":"87.39","end_time":"87.49","alternatives":[{"confidence":"0.2981","content":"도"}],"type":"pronunciation"},{"start_time":"87.49","end_time":"88.0","alternatives":[{"confidence":"0.2968","content":"체크해서"}],"type":"pronunciation"},{"start_time":"88.0","end_time":"88.28","alternatives":[{"confidence":"0.9874","content":"아침에"}],"type":"pronunciation"},{"start_time":"88.28","end_time":"88.45","alternatives":[{"confidence":"0.7321","content":"전화"}],"type":"pronunciation"},{"start_time":"88.45","end_time":"88.63","alternatives":[{"confidence":"0.9262","content":"한번"}],"type":"pronunciation"},{"start_time":"88.63","end_time":"89.1","alternatives":[{"confidence":"0.55265","content":"드릴거에요"}],"type":"pronunciation"},{"start_time":"89.1","end_time":"89.46","alternatives":[{"confidence":"0.9332","content":"또"}],"type":"pronunciation"},{"start_time":"90.63","end_time":"90.91","alternatives":[{"confidence":"0.52245","content":"한도"}],"type":"pronunciation"},{"start_time":"90.91","end_time":"91.92","alternatives":[{"confidence":"0.743","content":"체크인출한도"}],"type":"pronunciation"},{"start_time":"91.92","end_time":"92.4","alternatives":[{"confidence":"0.8886","content":"체크"}],"type":"pronunciation"},{"start_time":"95.84","end_time":"95.98","alternatives":[{"confidence":"0.4996","content":"로"}],"type":"pronunciation"},{"start_time":"95.98","end_time":"96.95","alternatives":[{"confidence":"0.8780666666666667","content":"통화해봤어요"}],"type":"pronunciation"},{"start_time":"98.36","end_time":"98.79","alternatives":[{"confidence":"0.4814","content":"거든요"}],"type":"pronunciation"},{"start_time":"99.78","end_time":"100.09","alternatives":[{"confidence":"1.0","content":"혹시"}],"type":"pronunciation"},{"start_time":"100.09","end_time":"100.72","alternatives":[{"confidence":"0.9999","content":"모르시니까"}],"type":"pronunciation"},{"start_time":"100.72","end_time":"101.22","alternatives":[{"confidence":"0.9841","content":"한번만"}],"type":"pronunciation"},{"start_time":"101.22","end_time":"101.28","alternatives":[{"confidence":"0.9059","content":"더"}],"type":"pronunciation"},{"start_time":"101.28","end_time":"101.55","alternatives":[{"confidence":"0.9827","content":"확인해"}],"type":"pronunciation"},{"start_time":"101.55","end_time":"102.07","alternatives":[{"confidence":"0.9857","content":"주세요"}],"type":"pronunciation"},{"start_time":"102.45","end_time":"102.53","alternatives":[{"confidence":"0.3385","content":"로"}],"type":"pronunciation"},{"start_time":"102.53","end_time":"103.34","alternatives":[{"confidence":"0.9702500000000001","content":"전화하셔서"}],"type":"pronunciation"},{"start_time":"103.61","end_time":"104.04","alternatives":[{"confidence":"0.8806","content":"상담사"}],"type":"pronunciation"},{"start_time":"104.04","end_time":"104.4","alternatives":[{"confidence":"0.4158","content":"연결"}],"type":"pronunciation"},{"start_time":"104.4","end_time":"104.93","alternatives":[{"confidence":"1.0","content":"하시고"}],"type":"pronunciation"},{"start_time":"106.62","end_time":"107.21","alternatives":[{"confidence":"0.00715","content":"일일"}],"type":"pronunciation"},{"start_time":"107.21","end_time":"107.76","alternatives":[{"confidence":"0.2396","content":"입출금"}],"type":"pronunciation"},{"start_time":"107.76","end_time":"108.07","alternatives":[{"confidence":"0.12995","content":"한도"}],"type":"pronunciation"}]},"status":"COMPLETED"}