{"jobName":"transcribe_loan177","accountId":"097989105209","results":{"transcripts":[{"transcript":"여보세요, 있으신가요? 네. 안녕하세요. 사이트 인데요. 다름이 아니고요. 사장님께서 혹시 안 쓰시는 계좌가 있으시면 저희가 사백에서 사백오십만원까지 선지급해드리고. 인제 받고 있어서 연락드리겠습니다 저는 안 하는데 어떻게 보셨죠? 혹시 어 가입 하신 적은 없으세요? 저희는 그 손님들게임머니환자용으로 사용하는 겁니다. 제가 사람에게서 육백것 같아요. 그러니까 선생님께서 안쓰시는 통상 있으시면 월 월 사백 사십 사백오십가지수 지급해드리고. 국민께서 해주신 생각이 있으시면 혹시 문서 잘 알 수 있을까요? 네, 그러면 생각해보고 나중에 연락드릴게요."}],"items":[{"start_time":"0.09","end_time":"0.62","alternatives":[{"confidence":"0.9859","content":"여보세요"}],"type":"pronunciation"},{"alternatives":[{"confidence":"0.0","content":","}],"type":"punctuation"},{"start_time":"3.7","end_time":"4.55","alternatives":[{"confidence":"0.0677","content":"있으신가요"}],"type":"pronunciation"},{"alternatives":[{"confidence":"0.0","content":"?"}],"type":"punctuation"},{"start_time":"5.56","end_time":"5.74","alternatives":[{"confidence":"0.683","content":"네"}],"type":"pronunciation"},{"alternatives":[{"confidence":"0.0","content":"."}],"type":"punctuation"},{"start_time":"5.74","end_time":"6.19","alternatives":[{"confidence":"1.0","content":"안녕하세요"}],"type":"pronunciation"},{"alternatives":[{"confidence":"0.0","content":"."}],"type":"punctuation"},{"start_time":"7.12","end_time":"7.39","alternatives":[{"confidence":"0.3978","content":"사이트"}],"type":"pronunciation"},{"start_time":"7.39","end_time":"8.31","alternatives":[{"confidence":"0.9985","content":"인데요"}],"type":"pronunciation"},{"alternatives":[{"confidence":"0.0","content":"."}],"type":"punctuation"},{"start_time":"9.24","end_time":"9.56","alternatives":[{"confidence":"0.9991","content":"다름이"}],"type":"pronunciation"},{"start_time":"9.56","end_time":"10.06","alternatives":[{"confidence":"0.9995","content":"아니고요"}],"type":"pronunciation"},{"alternatives":[{"confidence":"0.0","content":"."}],"type":"punctuation"},{"start_time":"10.15","end_time":"10.77","alternatives":[{"confidence":"0.9835","content":"사장님께서"}],"type":"pronunciation"},{"start_time":"10.77","end_time":"11.16","alternatives":[{"confidence":"1.0","content":"혹시"}],"type":"pronunciation"},{"start_time":"11.16","end_time":"11.35","alternatives":[{"confidence":"0.5615","content":"안"}],"type":"pronunciation"},{"start_time":"11.35","end_time":"11.95","alternatives":[{"confidence":"0.9874499999999999","content":"쓰시는"}],"type":"pronunciation"},{"start_time":"11.95","end_time":"12.32","alternatives":[{"confidence":"0.9935","content":"계좌가"}],"type":"pronunciation"},{"start_time":"12.32","end_time":"12.99","alternatives":[{"confidence":"0.9969","content":"있으시면"}],"type":"pronunciation"},{"start_time":"12.99","end_time":"13.25","alternatives":[{"confidence":"0.9675","content":"저희가"}],"type":"pronunciation"},{"start_time":"13.47","end_time":"14.23","alternatives":[{"confidence":"0.80795","content":"사백에서"}],"type":"pronunciation"},{"start_time":"14.81","end_time":"15.79","alternatives":[{"confidence":"0.895875","content":"사백오십만원까지"}],"type":"pronunciation"},{"start_time":"15.79","end_time":"16.87","alternatives":[{"confidence":"0.7758499999999999","content":"선지급해드리고"}],"type":"pronunciation"},{"alternatives":[{"confidence":"0.0","content":"."}],"type":"punctuation"},{"start_time":"16.87","end_time":"17.18","alternatives":[{"confidence":"0.4422","content":"인제"}],"type":"pronunciation"},{"start_time":"17.18","end_time":"17.47","alternatives":[{"confidence":"0.9599","content":"받고"}],"type":"pronunciation"},{"start_time":"17.47","end_time":"17.77","alternatives":[{"confidence":"0.9656","content":"있어서"}],"type":"pronunciation"},{"start_time":"17.77","end_time":"18.76","alternatives":[{"confidence":"0.6308","content":"연락드리겠습니다"}],"type":"pronunciation"},{"start_time":"19.26","end_time":"19.53","alternatives":[{"confidence":"0.7131","content":"저는"}],"type":"pronunciation"},{"start_time":"20.02","end_time":"20.12","alternatives":[{"confidence":"0.0275","content":"안"}],"type":"pronunciation"},{"start_time":"20.12","end_time":"20.68","alternatives":[{"confidence":"0.9085","content":"하는데"}],"type":"pronunciation"},{"start_time":"20.8","end_time":"21.32","alternatives":[{"confidence":"0.9473","content":"어떻게"}],"type":"pronunciation"},{"start_time":"22.06","end_time":"23.07","alternatives":[{"confidence":"0.0015","content":"보셨죠"}],"type":"pronunciation"},{"alternatives":[{"confidence":"0.0","content":"?"}],"type":"punctuation"},{"start_time":"24.93","end_time":"25.27","alternatives":[{"confidence":"1.0","content":"혹시"}],"type":"pronunciation"},{"start_time":"25.99","end_time":"26.09","alternatives":[{"confidence":"0.0011","content":"어"}],"type":"pronunciation"},{"start_time":"26.09","end_time":"26.36","alternatives":[{"confidence":"0.5951","content":"가입"}],"type":"pronunciation"},{"start_time":"26.36","end_time":"26.59","alternatives":[{"confidence":"0.9923","content":"하신"}],"type":"pronunciation"},{"start_time":"26.59","end_time":"26.83","alternatives":[{"confidence":"1.0","content":"적은"}],"type":"pronunciation"},{"start_time":"26.83","end_time":"27.64","alternatives":[{"confidence":"0.99715","content":"없으세요"}],"type":"pronunciation"},{"alternatives":[{"confidence":"0.0","content":"?"}],"type":"punctuation"},{"start_time":"33.79","end_time":"34.19","alternatives":[{"confidence":"1.0","content":"저희는"}],"type":"pronunciation"},{"start_time":"34.19","end_time":"34.64","alternatives":[{"confidence":"0.9616","content":"그"}],"type":"pronunciation"},{"start_time":"34.67","end_time":"36.98","alternatives":[{"confidence":"0.9783200000000001","content":"손님들게임머니환자용으로"}],"type":"pronunciation"},{"start_time":"36.98","end_time":"37.43","alternatives":[{"confidence":"0.9862","content":"사용하는"}],"type":"pronunciation"},{"start_time":"37.43","end_time":"37.82","alternatives":[{"confidence":"0.9358","content":"겁니다"}],"type":"pronunciation"},{"alternatives":[{"confidence":"0.0","content":"."}],"type":"punctuation"},{"start_time":"39.07","end_time":"39.36","alternatives":[{"confidence":"0.993","content":"제가"}],"type":"pronunciation"},{"start_time":"39.48","end_time":"40.0","alternatives":[{"confidence":"0.5513","content":"사람에게서"}],"type":"pronunciation"},{"start_time":"40.0","end_time":"40.43","alternatives":[{"confidence":"0.4729","content":"육백것"}],"type":"pronunciation"},{"start_time":"40.43","end_time":"40.63","alternatives":[{"confidence":"0.2143","content":"같아요"}],"type":"pronunciation"},{"alternatives":[{"confidence":"0.0","content":"."}],"type":"punctuation"},{"start_time":"41.53","end_time":"41.97","alternatives":[{"confidence":"0.9999","content":"그러니까"}],"type":"pronunciation"},{"start_time":"41.97","end_time":"42.52","alternatives":[{"confidence":"0.9747","content":"선생님께서"}],"type":"pronunciation"},{"start_time":"43.86","end_time":"44.66","alternatives":[{"confidence":"0.8393666666666667","content":"안쓰시는"}],"type":"pronunciation"},{"start_time":"44.66","end_time":"45.03","alternatives":[{"confidence":"0.7607","content":"통상"}],"type":"pronunciation"},{"start_time":"45.03","end_time":"46.02","alternatives":[{"confidence":"0.9996","content":"있으시면"}],"type":"pronunciation"},{"start_time":"46.82","end_time":"47.36","alternatives":[{"confidence":"0.0514","content":"월"}],"type":"pronunciation"},{"start_time":"47.87","end_time":"48.09","alternatives":[{"confidence":"0.0072","content":"월"}],"type":"pronunciation"},{"start_time":"48.09","end_time":"48.48","alternatives":[{"confidence":"0.8139","content":"사백"}],"type":"pronunciation"},{"start_time":"48.67","end_time":"49.0","alternatives":[{"confidence":"0.8043","content":"사십"}],"type":"pronunciation"},{"start_time":"49.0","end_time":"49.96","alternatives":[{"confidence":"0.598475","content":"사백오십가지수"}],"type":"pronunciation"},{"start_time":"49.96","end_time":"50.94","alternatives":[{"confidence":"0.7786","content":"지급해드리고"}],"type":"pronunciation"},{"alternatives":[{"confidence":"0.0","content":"."}],"type":"punctuation"},{"start_time":"51.43","end_time":"52.26","alternatives":[{"confidence":"0.70195","content":"국민께서"}],"type":"pronunciation"},{"start_time":"52.41","end_time":"52.9","alternatives":[{"confidence":"0.8032","content":"해주신"}],"type":"pronunciation"},{"start_time":"52.9","end_time":"53.2","alternatives":[{"confidence":"0.6796","content":"생각이"}],"type":"pronunciation"},{"start_time":"53.2","end_time":"53.95","alternatives":[{"confidence":"0.9998","content":"있으시면"}],"type":"pronunciation"},{"start_time":"55.45","end_time":"55.63","alternatives":[{"confidence":"0.7553","content":"혹시"}],"type":"pronunciation"},{"start_time":"55.63","end_time":"55.87","alternatives":[{"confidence":"0.1406","content":"문서"}],"type":"pronunciation"},{"start_time":"55.87","end_time":"56.01","alternatives":[{"confidence":"0.0985","content":"잘"}],"type":"pronunciation"},{"start_time":"56.19","end_time":"56.29","alternatives":[{"confidence":"0.8644","content":"알"}],"type":"pronunciation"},{"start_time":"56.29","end_time":"56.39","alternatives":[{"confidence":"1.0","content":"수"}],"type":"pronunciation"},{"start_time":"56.39","end_time":"57.01","alternatives":[{"confidence":"1.0","content":"있을까요"}],"type":"pronunciation"},{"alternatives":[{"confidence":"0.0","content":"?"}],"type":"punctuation"},{"start_time":"59.87","end_time":"60.09","alternatives":[{"confidence":"0.0543","content":"네"}],"type":"pronunciation"},{"alternatives":[{"confidence":"0.0","content":","}],"type":"punctuation"},{"start_time":"60.09","end_time":"60.49","alternatives":[{"confidence":"0.9982","content":"그러면"}],"type":"pronunciation"},{"start_time":"61.02","end_time":"61.71","alternatives":[{"confidence":"0.50805","content":"생각해보고"}],"type":"pronunciation"},{"start_time":"61.71","end_time":"62.12","alternatives":[{"confidence":"0.996","content":"나중에"}],"type":"pronunciation"},{"start_time":"62.12","end_time":"62.93","alternatives":[{"confidence":"0.8491500000000001","content":"연락드릴게요"}],"type":"pronunciation"},{"alternatives":[{"confidence":"0.0","content":"."}],"type":"punctuation"}]},"status":"COMPLETED"}