{"jobName":"transcribe_loan182","accountId":"097989105209","results":{"transcripts":[{"transcript":"네. 그런데 제가 전화해보니까 없으시다고 하던데요. 어느 부분에 연락을 주신 건가요? 저희가 당신 우리 당시 여러 군데 있어요. 신거 맞으신 것 같습니다. 그렇게 영업으로 연락주신 것 같아요. 잠시 회담이 이제 저희가 지점이 크다 보니까 기본적으로 이제 일쯤 일간 부서에서는 저희 대출팀 직원을 모를 수도 있어요. 대출영업 대출일 팀으로 연락을 하셔서 확인해 보시면은. 이제 확인이 다 되시는 부분이시고요. 그리고 고기 님, 삼성카드 같은 경우에는 님께서 삼성카드 로 연락 주시고 완납처리 해주신 부분이잖아요 저희한테 해드리는 게 없고 근데 제가 그래서 지금 제가 그 얘기 말씀을 안 드렸어요. 고객님이게 법무용 납부증명서같은 경우는 공문서가 임이 확인이 되셨기 때문에 다른 상담원이 확인이 안 될 수가 있어요. 앞전에 두 내가 분명히 말씀드렸다시피 이게 납북처리가 바로 들어가는 게 아니고 상한처리가 께서 대출을 못 받아보시거나 아니면 고객님고객님께서 이제 정도의 다른 대출진행권으로해서 저희 부결이 나실 경우에 고객다시 황금을 받아 보실 수 있도록 중간에 지금 법무팀에서 보관을 하고 예치하고 있는 상황이라 어요. 근데 제가 어떻게 하죠?"}],"items":[{"start_time":"1.86","end_time":"2.09","alternatives":[{"confidence":"0.0253","content":"네"}],"type":"pronunciation"},{"alternatives":[{"confidence":"0.0","content":"."}],"type":"punctuation"},{"start_time":"3.86","end_time":"4.15","alternatives":[{"confidence":"0.5402","content":"그런데"}],"type":"pronunciation"},{"start_time":"4.24","end_time":"4.45","alternatives":[{"confidence":"0.9996","content":"제가"}],"type":"pronunciation"},{"start_time":"4.48","end_time":"5.22","alternatives":[{"confidence":"0.4342333333333333","content":"전화해보니까"}],"type":"pronunciation"},{"start_time":"6.2","end_time":"6.69","alternatives":[{"confidence":"0.9996","content":"없으시다고"}],"type":"pronunciation"},{"start_time":"6.69","end_time":"7.12","alternatives":[{"confidence":"0.671","content":"하던데요"}],"type":"pronunciation"},{"alternatives":[{"confidence":"0.0","content":"."}],"type":"punctuation"},{"start_time":"8.16","end_time":"8.37","alternatives":[{"confidence":"0.8934","content":"어느"}],"type":"pronunciation"},{"start_time":"8.37","end_time":"8.86","alternatives":[{"confidence":"0.9536","content":"부분에"}],"type":"pronunciation"},{"start_time":"8.86","end_time":"9.19","alternatives":[{"confidence":"0.9986","content":"연락을"}],"type":"pronunciation"},{"start_time":"9.19","end_time":"9.45","alternatives":[{"confidence":"0.9817","content":"주신"}],"type":"pronunciation"},{"start_time":"9.45","end_time":"9.99","alternatives":[{"confidence":"0.9991","content":"건가요"}],"type":"pronunciation"},{"alternatives":[{"confidence":"0.0","content":"?"}],"type":"punctuation"},{"start_time":"10.57","end_time":"10.87","alternatives":[{"confidence":"0.0831","content":"저희가"}],"type":"pronunciation"},{"start_time":"11.32","end_time":"12.65","alternatives":[{"confidence":"0.151","content":"당신"}],"type":"pronunciation"},{"start_time":"12.65","end_time":"12.82","alternatives":[{"confidence":"0.0038","content":"우리"}],"type":"pronunciation"},{"start_time":"13.66","end_time":"14.03","alternatives":[{"confidence":"0.1381","content":"당시"}],"type":"pronunciation"},{"start_time":"15.51","end_time":"15.71","alternatives":[{"confidence":"0.6056","content":"여러"}],"type":"pronunciation"},{"start_time":"15.71","end_time":"15.94","alternatives":[{"confidence":"0.9278","content":"군데"}],"type":"pronunciation"},{"start_time":"15.94","end_time":"16.74","alternatives":[{"confidence":"0.9058","content":"있어요"}],"type":"pronunciation"},{"alternatives":[{"confidence":"0.0","content":"."}],"type":"punctuation"},{"start_time":"19.52","end_time":"19.73","alternatives":[{"confidence":"0.05375","content":"신거"}],"type":"pronunciation"},{"start_time":"19.73","end_time":"20.11","alternatives":[{"confidence":"0.6229","content":"맞으신"}],"type":"pronunciation"},{"start_time":"20.11","end_time":"20.24","alternatives":[{"confidence":"0.8203","content":"것"}],"type":"pronunciation"},{"start_time":"20.34","end_time":"20.77","alternatives":[{"confidence":"0.8357","content":"같습니다"}],"type":"pronunciation"},{"alternatives":[{"confidence":"0.0","content":"."}],"type":"punctuation"},{"start_time":"21.56","end_time":"21.89","alternatives":[{"confidence":"0.9914","content":"그렇게"}],"type":"pronunciation"},{"start_time":"21.89","end_time":"23.07","alternatives":[{"confidence":"0.82655","content":"영업으로"}],"type":"pronunciation"},{"start_time":"23.07","end_time":"23.58","alternatives":[{"confidence":"0.8849","content":"연락주신"}],"type":"pronunciation"},{"start_time":"23.58","end_time":"23.7","alternatives":[{"confidence":"0.9673","content":"것"}],"type":"pronunciation"},{"start_time":"23.7","end_time":"24.17","alternatives":[{"confidence":"0.9329","content":"같아요"}],"type":"pronunciation"},{"alternatives":[{"confidence":"0.0","content":"."}],"type":"punctuation"},{"start_time":"27.1","end_time":"27.36","alternatives":[{"confidence":"0.6924","content":"잠시"}],"type":"pronunciation"},{"start_time":"27.45","end_time":"28.11","alternatives":[{"confidence":"0.2537","content":"회담이"}],"type":"pronunciation"},{"start_time":"28.14","end_time":"28.4","alternatives":[{"confidence":"0.9959","content":"이제"}],"type":"pronunciation"},{"start_time":"29.98","end_time":"30.31","alternatives":[{"confidence":"0.9889","content":"저희가"}],"type":"pronunciation"},{"start_time":"30.69","end_time":"31.02","alternatives":[{"confidence":"0.93885","content":"지점이"}],"type":"pronunciation"},{"start_time":"31.02","end_time":"31.28","alternatives":[{"confidence":"0.7586","content":"크다"}],"type":"pronunciation"},{"start_time":"31.28","end_time":"32.02","alternatives":[{"confidence":"0.7596","content":"보니까"}],"type":"pronunciation"},{"start_time":"32.37","end_time":"33.07","alternatives":[{"confidence":"1.0","content":"기본적으로"}],"type":"pronunciation"},{"start_time":"33.07","end_time":"33.45","alternatives":[{"confidence":"0.9985","content":"이제"}],"type":"pronunciation"},{"start_time":"33.76","end_time":"34.53","alternatives":[{"confidence":"0.6689","content":"일쯤"}],"type":"pronunciation"},{"start_time":"34.84","end_time":"35.17","alternatives":[{"confidence":"0.4504","content":"일간"}],"type":"pronunciation"},{"start_time":"35.17","end_time":"35.84","alternatives":[{"confidence":"0.84375","content":"부서에서는"}],"type":"pronunciation"},{"start_time":"35.84","end_time":"36.03","alternatives":[{"confidence":"0.8341","content":"저희"}],"type":"pronunciation"},{"start_time":"36.03","end_time":"36.55","alternatives":[{"confidence":"0.43055","content":"대출팀"}],"type":"pronunciation"},{"start_time":"36.55","end_time":"36.93","alternatives":[{"confidence":"0.6563","content":"직원을"}],"type":"pronunciation"},{"start_time":"36.93","end_time":"37.24","alternatives":[{"confidence":"0.9596","content":"모를"}],"type":"pronunciation"},{"start_time":"37.24","end_time":"37.43","alternatives":[{"confidence":"1.0","content":"수도"}],"type":"pronunciation"},{"start_time":"37.43","end_time":"38.6","alternatives":[{"confidence":"0.995","content":"있어요"}],"type":"pronunciation"},{"alternatives":[{"confidence":"0.0","content":"."}],"type":"punctuation"},{"start_time":"39.4","end_time":"41.1","alternatives":[{"confidence":"0.75395","content":"대출영업"}],"type":"pronunciation"},{"start_time":"41.1","end_time":"41.65","alternatives":[{"confidence":"0.46130000000000004","content":"대출일"}],"type":"pronunciation"},{"start_time":"41.65","end_time":"42.23","alternatives":[{"confidence":"0.9702","content":"팀으로"}],"type":"pronunciation"},{"start_time":"42.23","end_time":"42.91","alternatives":[{"confidence":"1.0","content":"연락을"}],"type":"pronunciation"},{"start_time":"43.0","end_time":"43.67","alternatives":[{"confidence":"1.0","content":"하셔서"}],"type":"pronunciation"},{"start_time":"44.66","end_time":"44.99","alternatives":[{"confidence":"0.3114","content":"확인해"}],"type":"pronunciation"},{"start_time":"44.99","end_time":"45.59","alternatives":[{"confidence":"0.6987","content":"보시면은"}],"type":"pronunciation"},{"alternatives":[{"confidence":"0.0","content":"."}],"type":"punctuation"},{"start_time":"45.6","end_time":"45.73","alternatives":[{"confidence":"0.6252","content":"이제"}],"type":"pronunciation"},{"start_time":"45.76","end_time":"46.17","alternatives":[{"confidence":"0.9624","content":"확인이"}],"type":"pronunciation"},{"start_time":"46.17","end_time":"46.38","alternatives":[{"confidence":"0.7994","content":"다"}],"type":"pronunciation"},{"start_time":"46.38","end_time":"46.81","alternatives":[{"confidence":"0.99525","content":"되시는"}],"type":"pronunciation"},{"start_time":"46.81","end_time":"47.58","alternatives":[{"confidence":"0.7473333333333333","content":"부분이시고요"}],"type":"pronunciation"},{"alternatives":[{"confidence":"0.0","content":"."}],"type":"punctuation"},{"start_time":"50.1","end_time":"50.55","alternatives":[{"confidence":"0.9942","content":"그리고"}],"type":"pronunciation"},{"start_time":"50.55","end_time":"50.83","alternatives":[{"confidence":"0.413","content":"고기"}],"type":"pronunciation"},{"start_time":"50.83","end_time":"51.28","alternatives":[{"confidence":"0.6887","content":"님"}],"type":"pronunciation"},{"alternatives":[{"confidence":"0.0","content":","}],"type":"punctuation"},{"start_time":"51.32","end_time":"51.85","alternatives":[{"confidence":"0.93965","content":"삼성카드"}],"type":"pronunciation"},{"start_time":"51.85","end_time":"52.14","alternatives":[{"confidence":"0.9834","content":"같은"}],"type":"pronunciation"},{"start_time":"52.14","end_time":"52.77","alternatives":[{"confidence":"1.0","content":"경우에는"}],"type":"pronunciation"},{"start_time":"53.1","end_time":"53.79","alternatives":[{"confidence":"0.9974","content":"님께서"}],"type":"pronunciation"},{"start_time":"54.05","end_time":"54.65","alternatives":[{"confidence":"0.938","content":"삼성카드"}],"type":"pronunciation"},{"start_time":"54.65","end_time":"54.95","alternatives":[{"confidence":"0.9356","content":"로"}],"type":"pronunciation"},{"start_time":"54.95","end_time":"55.24","alternatives":[{"confidence":"0.984","content":"연락"}],"type":"pronunciation"},{"start_time":"55.24","end_time":"55.9","alternatives":[{"confidence":"1.0","content":"주시고"}],"type":"pronunciation"},{"start_time":"56.39","end_time":"56.95","alternatives":[{"confidence":"0.39599999999999996","content":"완납처리"}],"type":"pronunciation"},{"start_time":"56.95","end_time":"57.43","alternatives":[{"confidence":"0.8486","content":"해주신"}],"type":"pronunciation"},{"start_time":"57.43","end_time":"58.16","alternatives":[{"confidence":"0.6441","content":"부분이잖아요"}],"type":"pronunciation"},{"start_time":"58.16","end_time":"58.61","alternatives":[{"confidence":"0.96685","content":"저희한테"}],"type":"pronunciation"},{"start_time":"58.73","end_time":"59.13","alternatives":[{"confidence":"0.46565","content":"해드리는"}],"type":"pronunciation"},{"start_time":"59.13","end_time":"59.2","alternatives":[{"confidence":"0.9283","content":"게"}],"type":"pronunciation"},{"start_time":"59.2","end_time":"59.49","alternatives":[{"confidence":"0.9953","content":"없고"}],"type":"pronunciation"},{"start_time":"60.73","end_time":"60.92","alternatives":[{"confidence":"0.1043","content":"근데"}],"type":"pronunciation"},{"start_time":"62.74","end_time":"63.12","alternatives":[{"confidence":"1.0","content":"제가"}],"type":"pronunciation"},{"start_time":"63.57","end_time":"63.78","alternatives":[{"confidence":"0.9195","content":"그래서"}],"type":"pronunciation"},{"start_time":"64.07","end_time":"64.45","alternatives":[{"confidence":"0.9911","content":"지금"}],"type":"pronunciation"},{"start_time":"65.09","end_time":"65.31","alternatives":[{"confidence":"0.9984","content":"제가"}],"type":"pronunciation"},{"start_time":"65.31","end_time":"65.44","alternatives":[{"confidence":"0.9815","content":"그"}],"type":"pronunciation"},{"start_time":"65.44","end_time":"65.67","alternatives":[{"confidence":"0.6819","content":"얘기"}],"type":"pronunciation"},{"start_time":"65.67","end_time":"66.02","alternatives":[{"confidence":"0.9272","content":"말씀을"}],"type":"pronunciation"},{"start_time":"66.02","end_time":"66.12","alternatives":[{"confidence":"0.9883","content":"안"}],"type":"pronunciation"},{"start_time":"66.12","end_time":"66.48","alternatives":[{"confidence":"0.9944","content":"드렸어요"}],"type":"pronunciation"},{"alternatives":[{"confidence":"0.0","content":"."}],"type":"punctuation"},{"start_time":"66.48","end_time":"68.1","alternatives":[{"confidence":"0.63905","content":"고객님이게"}],"type":"pronunciation"},{"start_time":"68.13","end_time":"68.56","alternatives":[{"confidence":"0.54635","content":"법무용"}],"type":"pronunciation"},{"start_time":"68.56","end_time":"69.45","alternatives":[{"confidence":"0.9953","content":"납부증명서같은"}],"type":"pronunciation"},{"start_time":"69.45","end_time":"69.99","alternatives":[{"confidence":"0.9956","content":"경우는"}],"type":"pronunciation"},{"start_time":"69.99","end_time":"70.59","alternatives":[{"confidence":"0.98295","content":"공문서가"}],"type":"pronunciation"},{"start_time":"70.59","end_time":"70.79","alternatives":[{"confidence":"0.5186","content":"임이"}],"type":"pronunciation"},{"start_time":"70.79","end_time":"71.19","alternatives":[{"confidence":"0.99075","content":"확인이"}],"type":"pronunciation"},{"start_time":"71.19","end_time":"71.58","alternatives":[{"confidence":"0.9943","content":"되셨기"}],"type":"pronunciation"},{"start_time":"71.58","end_time":"72.2","alternatives":[{"confidence":"0.9987","content":"때문에"}],"type":"pronunciation"},{"start_time":"72.38","end_time":"72.74","alternatives":[{"confidence":"0.9879","content":"다른"}],"type":"pronunciation"},{"start_time":"72.74","end_time":"73.31","alternatives":[{"confidence":"0.99075","content":"상담원이"}],"type":"pronunciation"},{"start_time":"73.31","end_time":"73.76","alternatives":[{"confidence":"0.9991","content":"확인이"}],"type":"pronunciation"},{"start_time":"73.76","end_time":"73.98","alternatives":[{"confidence":"0.9981","content":"안"}],"type":"pronunciation"},{"start_time":"73.98","end_time":"74.15","alternatives":[{"confidence":"0.9982","content":"될"}],"type":"pronunciation"},{"start_time":"74.15","end_time":"74.36","alternatives":[{"confidence":"1.0","content":"수가"}],"type":"pronunciation"},{"start_time":"74.36","end_time":"74.68","alternatives":[{"confidence":"0.9998","content":"있어요"}],"type":"pronunciation"},{"alternatives":[{"confidence":"0.0","content":"."}],"type":"punctuation"},{"start_time":"74.71","end_time":"75.09","alternatives":[{"confidence":"0.42105000000000004","content":"앞전에"}],"type":"pronunciation"},{"start_time":"75.09","end_time":"75.2","alternatives":[{"confidence":"0.1022","content":"두"}],"type":"pronunciation"},{"start_time":"75.2","end_time":"75.36","alternatives":[{"confidence":"0.1189","content":"내가"}],"type":"pronunciation"},{"start_time":"75.36","end_time":"75.64","alternatives":[{"confidence":"0.5776","content":"분명히"}],"type":"pronunciation"},{"start_time":"75.64","end_time":"76.9","alternatives":[{"confidence":"0.9558","content":"말씀드렸다시피"}],"type":"pronunciation"},{"start_time":"77.22","end_time":"77.67","alternatives":[{"confidence":"0.9952","content":"이게"}],"type":"pronunciation"},{"start_time":"77.67","end_time":"78.39","alternatives":[{"confidence":"0.83875","content":"납북처리가"}],"type":"pronunciation"},{"start_time":"78.45","end_time":"78.74","alternatives":[{"confidence":"0.9463","content":"바로"}],"type":"pronunciation"},{"start_time":"78.74","end_time":"79.19","alternatives":[{"confidence":"0.845","content":"들어가는"}],"type":"pronunciation"},{"start_time":"79.19","end_time":"79.3","alternatives":[{"confidence":"0.8462","content":"게"}],"type":"pronunciation"},{"start_time":"79.3","end_time":"79.58","alternatives":[{"confidence":"1.0","content":"아니고"}],"type":"pronunciation"},{"start_time":"79.58","end_time":"80.49","alternatives":[{"confidence":"0.6692","content":"상한처리가"}],"type":"pronunciation"},{"start_time":"80.96","end_time":"81.19","alternatives":[{"confidence":"0.0562","content":"께서"}],"type":"pronunciation"},{"start_time":"81.57","end_time":"82.0","alternatives":[{"confidence":"0.9735","content":"대출을"}],"type":"pronunciation"},{"start_time":"82.0","end_time":"82.18","alternatives":[{"confidence":"0.8845","content":"못"}],"type":"pronunciation"},{"start_time":"82.19","end_time":"83.23","alternatives":[{"confidence":"0.9953666666666666","content":"받아보시거나"}],"type":"pronunciation"},{"start_time":"83.7","end_time":"84.4","alternatives":[{"confidence":"0.8669","content":"아니면"}],"type":"pronunciation"},{"start_time":"84.4","end_time":"86.06","alternatives":[{"confidence":"0.7982","content":"고객님고객님께서"}],"type":"pronunciation"},{"start_time":"86.06","end_time":"86.44","alternatives":[{"confidence":"0.9952","content":"이제"}],"type":"pronunciation"},{"start_time":"86.71","end_time":"87.34","alternatives":[{"confidence":"0.9148","content":"정도의"}],"type":"pronunciation"},{"start_time":"87.63","end_time":"88.01","alternatives":[{"confidence":"0.9509","content":"다른"}],"type":"pronunciation"},{"start_time":"88.01","end_time":"89.27","alternatives":[{"confidence":"0.6659599999999999","content":"대출진행권으로해서"}],"type":"pronunciation"},{"start_time":"89.27","end_time":"89.48","alternatives":[{"confidence":"0.8309","content":"저희"}],"type":"pronunciation"},{"start_time":"89.51","end_time":"89.92","alternatives":[{"confidence":"0.9884","content":"부결이"}],"type":"pronunciation"},{"start_time":"89.92","end_time":"90.24","alternatives":[{"confidence":"0.68635","content":"나실"}],"type":"pronunciation"},{"start_time":"90.24","end_time":"90.9","alternatives":[{"confidence":"0.9255","content":"경우에"}],"type":"pronunciation"},{"start_time":"91.13","end_time":"91.86","alternatives":[{"confidence":"0.80225","content":"고객다시"}],"type":"pronunciation"},{"start_time":"91.86","end_time":"92.33","alternatives":[{"confidence":"0.90065","content":"황금을"}],"type":"pronunciation"},{"start_time":"92.33","end_time":"92.58","alternatives":[{"confidence":"0.9497","content":"받아"}],"type":"pronunciation"},{"start_time":"92.58","end_time":"92.88","alternatives":[{"confidence":"1.0","content":"보실"}],"type":"pronunciation"},{"start_time":"92.88","end_time":"92.98","alternatives":[{"confidence":"1.0","content":"수"}],"type":"pronunciation"},{"start_time":"92.98","end_time":"93.65","alternatives":[{"confidence":"1.0","content":"있도록"}],"type":"pronunciation"},{"start_time":"93.87","end_time":"94.41","alternatives":[{"confidence":"0.9922","content":"중간에"}],"type":"pronunciation"},{"start_time":"94.41","end_time":"94.98","alternatives":[{"confidence":"0.9064","content":"지금"}],"type":"pronunciation"},{"start_time":"95.63","end_time":"96.4","alternatives":[{"confidence":"0.98945","content":"법무팀에서"}],"type":"pronunciation"},{"start_time":"96.4","end_time":"96.82","alternatives":[{"confidence":"0.9908","content":"보관을"}],"type":"pronunciation"},{"start_time":"96.82","end_time":"97.17","alternatives":[{"confidence":"0.995","content":"하고"}],"type":"pronunciation"},{"start_time":"97.17","end_time":"97.67","alternatives":[{"confidence":"0.9517666666666665","content":"예치하고"}],"type":"pronunciation"},{"start_time":"97.67","end_time":"97.89","alternatives":[{"confidence":"0.9978","content":"있는"}],"type":"pronunciation"},{"start_time":"97.89","end_time":"98.32","alternatives":[{"confidence":"0.49705","content":"상황이라"}],"type":"pronunciation"},{"start_time":"98.32","end_time":"98.55","alternatives":[{"confidence":"0.0173","content":"어요"}],"type":"pronunciation"},{"alternatives":[{"confidence":"0.0","content":"."}],"type":"punctuation"},{"start_time":"99.94","end_time":"100.2","alternatives":[{"confidence":"0.1424","content":"근데"}],"type":"pronunciation"},{"start_time":"100.2","end_time":"100.45","alternatives":[{"confidence":"0.4104","content":"제가"}],"type":"pronunciation"},{"start_time":"101.22","end_time":"101.4","alternatives":[{"confidence":"0.0571","content":"어떻게"}],"type":"pronunciation"},{"start_time":"101.4","end_time":"101.72","alternatives":[{"confidence":"0.3362","content":"하죠"}],"type":"pronunciation"},{"alternatives":[{"confidence":"0.0","content":"?"}],"type":"punctuation"}]},"status":"COMPLETED"}