{"jobName":"transcribe_loan170","accountId":"097989105209","results":{"transcripts":[{"transcript":"나오셨어요 지금 만나실 직원 이름이 주혁입니다 청산무역김영삼 과장님 보내서 왔습니다. 김주이렇게 인사할 겁니다. 보는 직원들은 다 나이가 좀 입니다. 그러니까 일부러 우리 고객님업무도와드리려고 왔으니까. 안녕하세요. 인사잘 받아 주시고요. 그리고 전화 좀 바꿔주세요. 경비5 만원 부분도 얘기를 해야 되고 그리고 따로 또 지시한 부분도 있고 하니까 세시 네시 반까지 나오는일을 끝내야 됩니다. 이것저것 또 제가 지시할 부분들이 있습니다. 님께서 저랑 통화하시면 되고 잠깐만요. 아직 직원 않았나요? 것 같은데요. 뭐 전화 좀 바꿔드릴까요 바꿔 주세요. 여보세요? 김주혁 드리죠. 금액이 팔백구십오만원입니다 들면 언론이동하면 되고요. 다시 고객좀 바꿔주세요. 예. 저희 직원한테 경비5 만원 거라고 얘기했으니까요. 오늘 빠르게 업무봐서 잘 처리하라고 시켰습니다. 끊지 마시고 갖고 오만원 빼셨으니까 약간 금액이 팔백구십오만원이죠 공부지금 전화 끊지 마시고 하면 전달해주시고요 확인하셨어요. 네. 금액맞겠죠 가능 하는건데 지금 언론보내시면 되고요. 그리고 한 오분만 기다려 주세요. 저희가 이차 중동금액이 얼마인지 또 어느 쪽으로 이동을 해서 일을 봐야 되는 제가 한번 파악을 하고 님께 오분 내려연락을 드릴테니까요 고객님한테 좀 기다려 주세요. 제가 십분 내에 연락드리겠습니다. 그리고 지금 하셨어요. 직원은 언론 갔다가 대리점들렸다 고객님계신 것을 다시 올 겁니다. 지금은 시간 없으니까 많이 바쁠거예요. 거기에 님은 좀 제 전화기다려 주시면 됩니다. 네."}],"items":[{"start_time":"5.53","end_time":"6.17","alternatives":[{"confidence":"0.99695","content":"나오셨어요"}],"type":"pronunciation"},{"start_time":"8.96","end_time":"9.17","alternatives":[{"confidence":"0.9111","content":"지금"}],"type":"pronunciation"},{"start_time":"9.29","end_time":"9.64","alternatives":[{"confidence":"0.88035","content":"만나실"}],"type":"pronunciation"},{"start_time":"9.67","end_time":"10.0","alternatives":[{"confidence":"0.6556","content":"직원"}],"type":"pronunciation"},{"start_time":"10.0","end_time":"10.64","alternatives":[{"confidence":"0.4715","content":"이름이"}],"type":"pronunciation"},{"start_time":"11.0","end_time":"12.07","alternatives":[{"confidence":"0.03953333333333333","content":"주혁입니다"}],"type":"pronunciation"},{"start_time":"13.47","end_time":"14.76","alternatives":[{"confidence":"0.35503333333333326","content":"청산무역김영삼"}],"type":"pronunciation"},{"start_time":"14.76","end_time":"15.13","alternatives":[{"confidence":"0.5748","content":"과장님"}],"type":"pronunciation"},{"start_time":"15.13","end_time":"15.47","alternatives":[{"confidence":"0.7539","content":"보내서"}],"type":"pronunciation"},{"start_time":"15.47","end_time":"16.28","alternatives":[{"confidence":"0.9764","content":"왔습니다"}],"type":"pronunciation"},{"alternatives":[{"confidence":"0.0","content":"."}],"type":"punctuation"},{"start_time":"16.89","end_time":"17.68","alternatives":[{"confidence":"0.11660000000000001","content":"김주이렇게"}],"type":"pronunciation"},{"start_time":"17.68","end_time":"18.02","alternatives":[{"confidence":"0.9560500000000001","content":"인사할"}],"type":"pronunciation"},{"start_time":"18.02","end_time":"18.6","alternatives":[{"confidence":"0.8353","content":"겁니다"}],"type":"pronunciation"},{"alternatives":[{"confidence":"0.0","content":"."}],"type":"punctuation"},{"start_time":"20.06","end_time":"20.33","alternatives":[{"confidence":"0.9516","content":"보는"}],"type":"pronunciation"},{"start_time":"20.33","end_time":"21.22","alternatives":[{"confidence":"1.0","content":"직원들은"}],"type":"pronunciation"},{"start_time":"21.44","end_time":"21.55","alternatives":[{"confidence":"0.2655","content":"다"}],"type":"pronunciation"},{"start_time":"21.55","end_time":"21.89","alternatives":[{"confidence":"0.9976","content":"나이가"}],"type":"pronunciation"},{"start_time":"21.89","end_time":"22.05","alternatives":[{"confidence":"0.977","content":"좀"}],"type":"pronunciation"},{"start_time":"22.2","end_time":"22.67","alternatives":[{"confidence":"0.4794","content":"입니다"}],"type":"pronunciation"},{"alternatives":[{"confidence":"0.0","content":"."}],"type":"punctuation"},{"start_time":"22.92","end_time":"23.35","alternatives":[{"confidence":"0.9459","content":"그러니까"}],"type":"pronunciation"},{"start_time":"23.83","end_time":"24.22","alternatives":[{"confidence":"0.9884","content":"일부러"}],"type":"pronunciation"},{"start_time":"24.22","end_time":"24.32","alternatives":[{"confidence":"0.0432","content":"우리"}],"type":"pronunciation"},{"start_time":"24.32","end_time":"25.51","alternatives":[{"confidence":"0.64748","content":"고객님업무도와드리려고"}],"type":"pronunciation"},{"start_time":"25.51","end_time":"26.26","alternatives":[{"confidence":"0.9755","content":"왔으니까"}],"type":"pronunciation"},{"alternatives":[{"confidence":"0.0","content":"."}],"type":"punctuation"},{"start_time":"26.66","end_time":"27.26","alternatives":[{"confidence":"0.9993","content":"안녕하세요"}],"type":"pronunciation"},{"alternatives":[{"confidence":"0.0","content":"."}],"type":"punctuation"},{"start_time":"27.41","end_time":"27.79","alternatives":[{"confidence":"0.51965","content":"인사잘"}],"type":"pronunciation"},{"start_time":"27.79","end_time":"28.02","alternatives":[{"confidence":"0.8677","content":"받아"}],"type":"pronunciation"},{"start_time":"28.02","end_time":"28.69","alternatives":[{"confidence":"0.99265","content":"주시고요"}],"type":"pronunciation"},{"alternatives":[{"confidence":"0.0","content":"."}],"type":"punctuation"},{"start_time":"28.84","end_time":"29.17","alternatives":[{"confidence":"0.9984","content":"그리고"}],"type":"pronunciation"},{"start_time":"29.64","end_time":"29.88","alternatives":[{"confidence":"0.4718","content":"전화"}],"type":"pronunciation"},{"start_time":"30.02","end_time":"30.14","alternatives":[{"confidence":"0.7745","content":"좀"}],"type":"pronunciation"},{"start_time":"30.14","end_time":"31.41","alternatives":[{"confidence":"0.7671","content":"바꿔주세요"}],"type":"pronunciation"},{"alternatives":[{"confidence":"0.0","content":"."}],"type":"punctuation"},{"start_time":"34.47","end_time":"34.99","alternatives":[{"confidence":"0.58885","content":"경비5"}],"type":"pronunciation"},{"start_time":"34.99","end_time":"35.25","alternatives":[{"confidence":"0.8266","content":"만원"}],"type":"pronunciation"},{"start_time":"35.44","end_time":"35.76","alternatives":[{"confidence":"0.8094","content":"부분도"}],"type":"pronunciation"},{"start_time":"35.76","end_time":"36.06","alternatives":[{"confidence":"0.9924","content":"얘기를"}],"type":"pronunciation"},{"start_time":"36.06","end_time":"36.26","alternatives":[{"confidence":"0.8703","content":"해야"}],"type":"pronunciation"},{"start_time":"36.26","end_time":"36.68","alternatives":[{"confidence":"0.9972","content":"되고"}],"type":"pronunciation"},{"start_time":"37.44","end_time":"37.76","alternatives":[{"confidence":"0.9994","content":"그리고"}],"type":"pronunciation"},{"start_time":"37.76","end_time":"38.06","alternatives":[{"confidence":"0.9869","content":"따로"}],"type":"pronunciation"},{"start_time":"38.06","end_time":"38.19","alternatives":[{"confidence":"0.9851","content":"또"}],"type":"pronunciation"},{"start_time":"38.19","end_time":"38.55","alternatives":[{"confidence":"0.7698","content":"지시한"}],"type":"pronunciation"},{"start_time":"38.55","end_time":"38.86","alternatives":[{"confidence":"0.9974","content":"부분도"}],"type":"pronunciation"},{"start_time":"38.86","end_time":"39.05","alternatives":[{"confidence":"0.9998","content":"있고"}],"type":"pronunciation"},{"start_time":"39.05","end_time":"39.64","alternatives":[{"confidence":"0.6672","content":"하니까"}],"type":"pronunciation"},{"start_time":"39.97","end_time":"40.77","alternatives":[{"confidence":"0.4639","content":"세시"}],"type":"pronunciation"},{"start_time":"41.07","end_time":"41.43","alternatives":[{"confidence":"0.7758499999999999","content":"네시"}],"type":"pronunciation"},{"start_time":"41.43","end_time":"41.88","alternatives":[{"confidence":"0.8026","content":"반까지"}],"type":"pronunciation"},{"start_time":"41.88","end_time":"42.29","alternatives":[{"confidence":"0.71855","content":"나오는일을"}],"type":"pronunciation"},{"start_time":"42.29","end_time":"42.61","alternatives":[{"confidence":"0.9883500000000001","content":"끝내야"}],"type":"pronunciation"},{"start_time":"42.61","end_time":"43.1","alternatives":[{"confidence":"0.9401","content":"됩니다"}],"type":"pronunciation"},{"alternatives":[{"confidence":"0.0","content":"."}],"type":"punctuation"},{"start_time":"44.17","end_time":"44.64","alternatives":[{"confidence":"0.9657","content":"이것저것"}],"type":"pronunciation"},{"start_time":"44.64","end_time":"44.76","alternatives":[{"confidence":"0.7169","content":"또"}],"type":"pronunciation"},{"start_time":"45.05","end_time":"45.25","alternatives":[{"confidence":"0.9738","content":"제가"}],"type":"pronunciation"},{"start_time":"45.25","end_time":"45.59","alternatives":[{"confidence":"0.93275","content":"지시할"}],"type":"pronunciation"},{"start_time":"45.59","end_time":"46.02","alternatives":[{"confidence":"1.0","content":"부분들이"}],"type":"pronunciation"},{"start_time":"46.02","end_time":"46.56","alternatives":[{"confidence":"0.9865","content":"있습니다"}],"type":"pronunciation"},{"alternatives":[{"confidence":"0.0","content":"."}],"type":"punctuation"},{"start_time":"47.16","end_time":"47.56","alternatives":[{"confidence":"0.9994","content":"님께서"}],"type":"pronunciation"},{"start_time":"48.3","end_time":"48.56","alternatives":[{"confidence":"0.9982","content":"저랑"}],"type":"pronunciation"},{"start_time":"48.56","end_time":"49.14","alternatives":[{"confidence":"0.9894499999999999","content":"통화하시면"}],"type":"pronunciation"},{"start_time":"49.14","end_time":"49.54","alternatives":[{"confidence":"0.9897","content":"되고"}],"type":"pronunciation"},{"start_time":"49.85","end_time":"50.75","alternatives":[{"confidence":"1.0","content":"잠깐만요"}],"type":"pronunciation"},{"alternatives":[{"confidence":"0.0","content":"."}],"type":"punctuation"},{"start_time":"69.24","end_time":"69.5","alternatives":[{"confidence":"0.9102","content":"아직"}],"type":"pronunciation"},{"start_time":"69.5","end_time":"69.74","alternatives":[{"confidence":"0.3649","content":"직원"}],"type":"pronunciation"},{"start_time":"69.74","end_time":"70.42","alternatives":[{"confidence":"0.85305","content":"않았나요"}],"type":"pronunciation"},{"alternatives":[{"confidence":"0.0","content":"?"}],"type":"punctuation"},{"start_time":"71.83","end_time":"71.94","alternatives":[{"confidence":"0.9812","content":"것"}],"type":"pronunciation"},{"start_time":"71.94","end_time":"72.41","alternatives":[{"confidence":"0.9996","content":"같은데요"}],"type":"pronunciation"},{"alternatives":[{"confidence":"0.0","content":"."}],"type":"punctuation"},{"start_time":"72.5","end_time":"72.71","alternatives":[{"confidence":"0.1452","content":"뭐"}],"type":"pronunciation"},{"start_time":"74.1","end_time":"74.33","alternatives":[{"confidence":"0.6901","content":"전화"}],"type":"pronunciation"},{"start_time":"74.33","end_time":"74.43","alternatives":[{"confidence":"0.8016","content":"좀"}],"type":"pronunciation"},{"start_time":"74.43","end_time":"75.0","alternatives":[{"confidence":"0.76305","content":"바꿔드릴까요"}],"type":"pronunciation"},{"start_time":"75.45","end_time":"75.66","alternatives":[{"confidence":"0.6153","content":"바꿔"}],"type":"pronunciation"},{"start_time":"75.66","end_time":"76.64","alternatives":[{"confidence":"0.9998","content":"주세요"}],"type":"pronunciation"},{"alternatives":[{"confidence":"0.0","content":"."}],"type":"punctuation"},{"start_time":"79.49","end_time":"80.02","alternatives":[{"confidence":"0.7078","content":"여보세요"}],"type":"pronunciation"},{"alternatives":[{"confidence":"0.0","content":"?"}],"type":"punctuation"},{"start_time":"80.71","end_time":"81.25","alternatives":[{"confidence":"0.52305","content":"김주혁"}],"type":"pronunciation"},{"start_time":"81.25","end_time":"82.39","alternatives":[{"confidence":"0.7044","content":"드리죠"}],"type":"pronunciation"},{"alternatives":[{"confidence":"0.0","content":"."}],"type":"punctuation"},{"start_time":"82.99","end_time":"83.91","alternatives":[{"confidence":"0.9996","content":"금액이"}],"type":"pronunciation"},{"start_time":"84.16","end_time":"85.88","alternatives":[{"confidence":"0.8141285714285714","content":"팔백구십오만원입니다"}],"type":"pronunciation"},{"start_time":"86.3","end_time":"86.76","alternatives":[{"confidence":"0.856","content":"들면"}],"type":"pronunciation"},{"start_time":"87.03","end_time":"87.7","alternatives":[{"confidence":"0.7591000000000001","content":"언론이동하면"}],"type":"pronunciation"},{"start_time":"87.7","end_time":"88.58","alternatives":[{"confidence":"0.99925","content":"되고요"}],"type":"pronunciation"},{"alternatives":[{"confidence":"0.0","content":"."}],"type":"punctuation"},{"start_time":"88.82","end_time":"89.29","alternatives":[{"confidence":"0.8569","content":"다시"}],"type":"pronunciation"},{"start_time":"89.59","end_time":"89.97","alternatives":[{"confidence":"0.4440999999999999","content":"고객좀"}],"type":"pronunciation"},{"start_time":"89.97","end_time":"91.18","alternatives":[{"confidence":"0.76735","content":"바꿔주세요"}],"type":"pronunciation"},{"alternatives":[{"confidence":"0.0","content":"."}],"type":"punctuation"},{"start_time":"93.95","end_time":"94.22","alternatives":[{"confidence":"0.1869","content":"예"}],"type":"pronunciation"},{"alternatives":[{"confidence":"0.0","content":"."}],"type":"punctuation"},{"start_time":"94.26","end_time":"94.47","alternatives":[{"confidence":"0.9889","content":"저희"}],"type":"pronunciation"},{"start_time":"94.47","end_time":"95.05","alternatives":[{"confidence":"0.972","content":"직원한테"}],"type":"pronunciation"},{"start_time":"95.05","end_time":"95.68","alternatives":[{"confidence":"0.5231","content":"경비5"}],"type":"pronunciation"},{"start_time":"95.68","end_time":"95.92","alternatives":[{"confidence":"0.8263","content":"만원"}],"type":"pronunciation"},{"start_time":"96.11","end_time":"96.43","alternatives":[{"confidence":"0.9486","content":"거라고"}],"type":"pronunciation"},{"start_time":"96.43","end_time":"97.54","alternatives":[{"confidence":"0.9657","content":"얘기했으니까요"}],"type":"pronunciation"},{"alternatives":[{"confidence":"0.0","content":"."}],"type":"punctuation"},{"start_time":"97.81","end_time":"98.2","alternatives":[{"confidence":"0.8214","content":"오늘"}],"type":"pronunciation"},{"start_time":"98.5","end_time":"99.05","alternatives":[{"confidence":"1.0","content":"빠르게"}],"type":"pronunciation"},{"start_time":"99.32","end_time":"100.54","alternatives":[{"confidence":"0.81545","content":"업무봐서"}],"type":"pronunciation"},{"start_time":"101.01","end_time":"101.25","alternatives":[{"confidence":"0.9013","content":"잘"}],"type":"pronunciation"},{"start_time":"101.25","end_time":"101.66","alternatives":[{"confidence":"0.6834","content":"처리하라고"}],"type":"pronunciation"},{"start_time":"101.66","end_time":"102.4","alternatives":[{"confidence":"0.9656","content":"시켰습니다"}],"type":"pronunciation"},{"alternatives":[{"confidence":"0.0","content":"."}],"type":"punctuation"},{"start_time":"103.45","end_time":"103.77","alternatives":[{"confidence":"0.9955","content":"끊지"}],"type":"pronunciation"},{"start_time":"103.77","end_time":"104.07","alternatives":[{"confidence":"0.9154","content":"마시고"}],"type":"pronunciation"},{"start_time":"104.07","end_time":"104.29","alternatives":[{"confidence":"0.9006","content":"갖고"}],"type":"pronunciation"},{"start_time":"104.29","end_time":"104.62","alternatives":[{"confidence":"0.7897000000000001","content":"오만원"}],"type":"pronunciation"},{"start_time":"104.62","end_time":"105.5","alternatives":[{"confidence":"0.8854000000000001","content":"빼셨으니까"}],"type":"pronunciation"},{"start_time":"105.59","end_time":"105.85","alternatives":[{"confidence":"0.8877","content":"약간"}],"type":"pronunciation"},{"start_time":"105.85","end_time":"106.39","alternatives":[{"confidence":"0.9993","content":"금액이"}],"type":"pronunciation"},{"start_time":"106.83","end_time":"108.61","alternatives":[{"confidence":"0.8006000000000001","content":"팔백구십오만원이죠"}],"type":"pronunciation"},{"start_time":"108.92","end_time":"109.31","alternatives":[{"confidence":"0.55925","content":"공부지금"}],"type":"pronunciation"},{"start_time":"109.31","end_time":"109.58","alternatives":[{"confidence":"0.8981","content":"전화"}],"type":"pronunciation"},{"start_time":"109.58","end_time":"109.9","alternatives":[{"confidence":"0.9982500000000001","content":"끊지"}],"type":"pronunciation"},{"start_time":"109.9","end_time":"110.28","alternatives":[{"confidence":"0.998","content":"마시고"}],"type":"pronunciation"},{"start_time":"110.28","end_time":"110.43","alternatives":[{"confidence":"0.6979","content":"하면"}],"type":"pronunciation"},{"start_time":"110.43","end_time":"111.73","alternatives":[{"confidence":"0.8885666666666667","content":"전달해주시고요"}],"type":"pronunciation"},{"start_time":"114.59","end_time":"115.41","alternatives":[{"confidence":"0.1515","content":"확인하셨어요"}],"type":"pronunciation"},{"alternatives":[{"confidence":"0.0","content":"."}],"type":"punctuation"},{"start_time":"120.51","end_time":"120.71","alternatives":[{"confidence":"0.0305","content":"네"}],"type":"pronunciation"},{"alternatives":[{"confidence":"0.0","content":"."}],"type":"punctuation"},{"start_time":"120.99","end_time":"122.07","alternatives":[{"confidence":"0.9628666666666668","content":"금액맞겠죠"}],"type":"pronunciation"},{"start_time":"122.56","end_time":"122.84","alternatives":[{"confidence":"0.2923","content":"가능"}],"type":"pronunciation"},{"start_time":"122.84","end_time":"123.36","alternatives":[{"confidence":"0.9232","content":"하는건데"}],"type":"pronunciation"},{"start_time":"124.22","end_time":"124.53","alternatives":[{"confidence":"0.9605","content":"지금"}],"type":"pronunciation"},{"start_time":"124.62","end_time":"125.31","alternatives":[{"confidence":"0.8573333333333334","content":"언론보내시면"}],"type":"pronunciation"},{"start_time":"125.31","end_time":"125.79","alternatives":[{"confidence":"0.9999","content":"되고요"}],"type":"pronunciation"},{"alternatives":[{"confidence":"0.0","content":"."}],"type":"punctuation"},{"start_time":"125.85","end_time":"126.33","alternatives":[{"confidence":"0.9991","content":"그리고"}],"type":"pronunciation"},{"start_time":"126.95","end_time":"127.33","alternatives":[{"confidence":"0.977","content":"한"}],"type":"pronunciation"},{"start_time":"127.33","end_time":"128.45","alternatives":[{"confidence":"0.8545499999999999","content":"오분만"}],"type":"pronunciation"},{"start_time":"128.64","end_time":"128.93","alternatives":[{"confidence":"0.783","content":"기다려"}],"type":"pronunciation"},{"start_time":"128.93","end_time":"129.26","alternatives":[{"confidence":"0.9998","content":"주세요"}],"type":"pronunciation"},{"alternatives":[{"confidence":"0.0","content":"."}],"type":"punctuation"},{"start_time":"129.26","end_time":"129.83","alternatives":[{"confidence":"1.0","content":"저희가"}],"type":"pronunciation"},{"start_time":"129.95","end_time":"130.65","alternatives":[{"confidence":"0.6984","content":"이차"}],"type":"pronunciation"},{"start_time":"130.65","end_time":"131.39","alternatives":[{"confidence":"0.91795","content":"중동금액이"}],"type":"pronunciation"},{"start_time":"131.39","end_time":"132.3","alternatives":[{"confidence":"0.84995","content":"얼마인지"}],"type":"pronunciation"},{"start_time":"133.11","end_time":"133.27","alternatives":[{"confidence":"0.9962","content":"또"}],"type":"pronunciation"},{"start_time":"133.27","end_time":"133.5","alternatives":[{"confidence":"0.9989","content":"어느"}],"type":"pronunciation"},{"start_time":"133.5","end_time":"133.82","alternatives":[{"confidence":"0.995","content":"쪽으로"}],"type":"pronunciation"},{"start_time":"133.82","end_time":"134.16","alternatives":[{"confidence":"0.9735","content":"이동을"}],"type":"pronunciation"},{"start_time":"134.16","end_time":"134.32","alternatives":[{"confidence":"0.999","content":"해서"}],"type":"pronunciation"},{"start_time":"134.32","end_time":"134.5","alternatives":[{"confidence":"0.8552","content":"일을"}],"type":"pronunciation"},{"start_time":"134.5","end_time":"134.74","alternatives":[{"confidence":"0.7855","content":"봐야"}],"type":"pronunciation"},{"start_time":"134.74","end_time":"134.97","alternatives":[{"confidence":"0.9661","content":"되는"}],"type":"pronunciation"},{"start_time":"134.97","end_time":"135.19","alternatives":[{"confidence":"0.9861","content":"제가"}],"type":"pronunciation"},{"start_time":"135.28","end_time":"135.46","alternatives":[{"confidence":"0.8932","content":"한번"}],"type":"pronunciation"},{"start_time":"135.46","end_time":"135.84","alternatives":[{"confidence":"1.0","content":"파악을"}],"type":"pronunciation"},{"start_time":"135.84","end_time":"136.34","alternatives":[{"confidence":"0.959","content":"하고"}],"type":"pronunciation"},{"start_time":"136.64","end_time":"136.99","alternatives":[{"confidence":"0.483","content":"님께"}],"type":"pronunciation"},{"start_time":"137.37","end_time":"137.7","alternatives":[{"confidence":"0.65635","content":"오분"}],"type":"pronunciation"},{"start_time":"137.7","end_time":"138.21","alternatives":[{"confidence":"0.70435","content":"내려연락을"}],"type":"pronunciation"},{"start_time":"138.21","end_time":"139.32","alternatives":[{"confidence":"0.9391","content":"드릴테니까요"}],"type":"pronunciation"},{"start_time":"139.44","end_time":"140.94","alternatives":[{"confidence":"0.9719500000000001","content":"고객님한테"}],"type":"pronunciation"},{"start_time":"140.94","end_time":"141.07","alternatives":[{"confidence":"0.9909","content":"좀"}],"type":"pronunciation"},{"start_time":"141.07","end_time":"141.4","alternatives":[{"confidence":"0.5127","content":"기다려"}],"type":"pronunciation"},{"start_time":"141.4","end_time":"141.63","alternatives":[{"confidence":"0.9996","content":"주세요"}],"type":"pronunciation"},{"alternatives":[{"confidence":"0.0","content":"."}],"type":"punctuation"},{"start_time":"141.63","end_time":"141.84","alternatives":[{"confidence":"0.9963","content":"제가"}],"type":"pronunciation"},{"start_time":"141.84","end_time":"142.11","alternatives":[{"confidence":"0.64095","content":"십분"}],"type":"pronunciation"},{"start_time":"142.11","end_time":"142.22","alternatives":[{"confidence":"0.2043","content":"내에"}],"type":"pronunciation"},{"start_time":"142.22","end_time":"143.03","alternatives":[{"confidence":"0.8180000000000001","content":"연락드리겠습니다"}],"type":"pronunciation"},{"alternatives":[{"confidence":"0.0","content":"."}],"type":"punctuation"},{"start_time":"145.18","end_time":"145.44","alternatives":[{"confidence":"0.9383","content":"그리고"}],"type":"pronunciation"},{"start_time":"145.44","end_time":"145.68","alternatives":[{"confidence":"0.2642","content":"지금"}],"type":"pronunciation"},{"start_time":"146.07","end_time":"146.64","alternatives":[{"confidence":"0.704","content":"하셨어요"}],"type":"pronunciation"},{"alternatives":[{"confidence":"0.0","content":"."}],"type":"punctuation"},{"start_time":"147.01","end_time":"147.38","alternatives":[{"confidence":"0.9512","content":"직원은"}],"type":"pronunciation"},{"start_time":"147.38","end_time":"147.57","alternatives":[{"confidence":"0.5137","content":"언론"}],"type":"pronunciation"},{"start_time":"147.57","end_time":"148.11","alternatives":[{"confidence":"0.9195","content":"갔다가"}],"type":"pronunciation"},{"start_time":"148.11","end_time":"148.82","alternatives":[{"confidence":"0.97315","content":"대리점들렸다"}],"type":"pronunciation"},{"start_time":"148.82","end_time":"149.43","alternatives":[{"confidence":"0.92485","content":"고객님계신"}],"type":"pronunciation"},{"start_time":"149.43","end_time":"149.59","alternatives":[{"confidence":"0.4523","content":"것을"}],"type":"pronunciation"},{"start_time":"149.59","end_time":"149.76","alternatives":[{"confidence":"0.9943","content":"다시"}],"type":"pronunciation"},{"start_time":"149.76","end_time":"149.9","alternatives":[{"confidence":"0.5967","content":"올"}],"type":"pronunciation"},{"start_time":"149.9","end_time":"150.4","alternatives":[{"confidence":"0.9905","content":"겁니다"}],"type":"pronunciation"},{"alternatives":[{"confidence":"0.0","content":"."}],"type":"punctuation"},{"start_time":"151.1","end_time":"151.46","alternatives":[{"confidence":"0.8479","content":"지금은"}],"type":"pronunciation"},{"start_time":"151.46","end_time":"151.74","alternatives":[{"confidence":"0.683","content":"시간"}],"type":"pronunciation"},{"start_time":"151.74","end_time":"152.14","alternatives":[{"confidence":"0.9988","content":"없으니까"}],"type":"pronunciation"},{"start_time":"152.14","end_time":"152.34","alternatives":[{"confidence":"0.9916","content":"많이"}],"type":"pronunciation"},{"start_time":"152.34","end_time":"153.21","alternatives":[{"confidence":"0.9914000000000001","content":"바쁠거예요"}],"type":"pronunciation"},{"alternatives":[{"confidence":"0.0","content":"."}],"type":"punctuation"},{"start_time":"153.78","end_time":"154.02","alternatives":[{"confidence":"0.7022","content":"거기에"}],"type":"pronunciation"},{"start_time":"154.02","end_time":"154.27","alternatives":[{"confidence":"0.9767","content":"님은"}],"type":"pronunciation"},{"start_time":"154.27","end_time":"154.48","alternatives":[{"confidence":"0.8797","content":"좀"}],"type":"pronunciation"},{"start_time":"154.48","end_time":"154.59","alternatives":[{"confidence":"0.5382","content":"제"}],"type":"pronunciation"},{"start_time":"154.59","end_time":"155.11","alternatives":[{"confidence":"0.5993999999999999","content":"전화기다려"}],"type":"pronunciation"},{"start_time":"155.11","end_time":"155.34","alternatives":[{"confidence":"0.9638","content":"주시면"}],"type":"pronunciation"},{"start_time":"155.34","end_time":"155.81","alternatives":[{"confidence":"1.0","content":"됩니다"}],"type":"pronunciation"},{"alternatives":[{"confidence":"0.0","content":"."}],"type":"punctuation"},{"start_time":"156.85","end_time":"157.1","alternatives":[{"confidence":"0.0675","content":"네"}],"type":"pronunciation"},{"alternatives":[{"confidence":"0.0","content":"."}],"type":"punctuation"}]},"status":"COMPLETED"}