{"jobName":"transcribe_loan109","accountId":"097989105209","results":{"transcripts":[{"transcript":"여보세요. 네. 여보세요. 네, 님 맞으시죠 님 안녕하세요. 현대캐피탈결제부서의 김고은 과정입니다. 안녕하세요. 네 안녕하세요. 잠시 송금권 때문에 늦은 시간에 연락을 조금 드렸는데요. 지금 현재 통합 불편하신 건 없으시죠 기다리셨간단한 개인 신원확인 차 생년월일앞자리까지만 빠르게 확인한 분들이에요 이용하신핸드폰은 고객님본인 명의로 이용하시고요. 네. 지금 이용하신핸드폰은 플러스를 확인되시는데 맞으시죠. 네. 저희도 자금 수령하실 계좌번호만 고기 님께서 확인 한번 좀 부탁드리겠습니다. 네. 네. 국민은행동일로 자동이체 설정해 주셨고요 매월 납부일은 십일일로 지정해주셨어요 이니 일단 저울쪽 승인 자금 자체는 이천 삼백 만원 이시고요 금리 팔점팔프로 적용되셔서 오 년 상환동안 납부하시되는 월 이자 원금이제 포함 하신 금액은요 사십 칠만오천이백십삼 원이셨는데요 지금 이거 증액되신 게 조금 있으셨어요 만원으로 수령하시는 것이에요. 금리 연 팔천팔프로 동일하시고요 납부하시는 금액을 원금이자 포함 하셔서 오십오만칠천팔백오십팔 원이세요. 네. 네. 이거는 변종사용 없으신거죠 안을 받으신거랑. 네. 그러시고요 일단 개인정보확인 다 감사드리고요. 현재 지금 송금시간이 조금 늦어지다 보니까 제가 예약송금건 으로 좀 잡아드릴 거예요. 예약송금까지 받아 보실 수 있는 시간을 19시부터 이십 시까지 이신데요 님 순번은 지금 다섯 번째 에서 여섯번째 이신데. 혹시나 만약에 오늘 중으로 송금을 못 받아 보실 경우에는 내일 오전 아홉 시에서 10 시 반 사이로 송금되실 거예요. 만약에 혹시나 오늘 진행이 좀 불가능하다고 하셔도 이 부분은 양해를 좀 부탁드리고 내일 오전에 바로 자금 수령 하시면 되시는 부분이시거든요. 내일 오전 중에서는 담당자랑 통화한 번 더 하시고요. 그 다음에 자금 수령 바로 하시면 되시는 거예요. 그렇죠. 그런데 혹시나 하는 상황에 대비를 해서 말씀을 드리는 거고 뭐 직원이 남아 있어도 전산사항이 닫혀버리면은 저희도 손쓸 수 있는 방법이 없다 보니까 그 부분만 양해를 좀 해주시면 되시고요. 지금 전자설명이 안 되신다고 담당통해서 전달을 조금 해주셨는데요. 일단은 전자설명같은 경우에는 담당자통화셔서 자금 수령 하시면서 녹취전화로 진행동 드릴 거니까. 네. 그 부분은 내일 오전에 담당자랑 녹취전화 하시면서 하시면 되세요. 네. 혹시 또 궁금하신 사항에 있으신가요? 그렇죠. 지금부터 예약 송금을 걸어드린 거고요. 송금예약송금되시는 시간은 십구 시부터 이십 시까지 세요. 네 고생 많으셨고요. 다음 받아도 진짜 많이 있으니까 국민께서 위로하니 위로 좀 부탁드릴게요. 진행 되시면은 밥 함께 하셔서 이년도 만들어 가시는 게 좋을 것 같아요. 네, 그러시니까 담당자연락드리라고 할 테니까요. 님께서 안내받으셨다고 말씀 좀 해주세요. 지금 감당들도 최근 도 안 하고 계속 기다리고 있거든요. 네, 민이 고생 많으셨습니다. 네, 감사합니다. 김고은이었습니다"}],"items":[{"start_time":"0.76","end_time":"1.16","alternatives":[{"confidence":"0.2874","content":"여보세요"}],"type":"pronunciation"},{"alternatives":[{"confidence":"0.0","content":"."}],"type":"punctuation"},{"start_time":"1.69","end_time":"1.95","alternatives":[{"confidence":"0.9819","content":"네"}],"type":"pronunciation"},{"alternatives":[{"confidence":"0.0","content":"."}],"type":"punctuation"},{"start_time":"1.95","end_time":"2.67","alternatives":[{"confidence":"1.0","content":"여보세요"}],"type":"pronunciation"},{"alternatives":[{"confidence":"0.0","content":"."}],"type":"punctuation"},{"start_time":"3.0","end_time":"3.19","alternatives":[{"confidence":"0.0798","content":"네"}],"type":"pronunciation"},{"alternatives":[{"confidence":"0.0","content":","}],"type":"punctuation"},{"start_time":"4.13","end_time":"4.41","alternatives":[{"confidence":"0.9905","content":"님"}],"type":"pronunciation"},{"start_time":"4.41","end_time":"5.33","alternatives":[{"confidence":"0.9983","content":"맞으시죠"}],"type":"pronunciation"},{"start_time":"6.34","end_time":"6.48","alternatives":[{"confidence":"0.0012","content":"님"}],"type":"pronunciation"},{"start_time":"6.48","end_time":"7.07","alternatives":[{"confidence":"1.0","content":"안녕하세요"}],"type":"pronunciation"},{"alternatives":[{"confidence":"0.0","content":"."}],"type":"punctuation"},{"start_time":"7.07","end_time":"8.42","alternatives":[{"confidence":"0.86355","content":"현대캐피탈결제부서의"}],"type":"pronunciation"},{"start_time":"8.42","end_time":"8.85","alternatives":[{"confidence":"0.8277","content":"김고은"}],"type":"pronunciation"},{"start_time":"8.85","end_time":"9.46","alternatives":[{"confidence":"0.98825","content":"과정입니다"}],"type":"pronunciation"},{"alternatives":[{"confidence":"0.0","content":"."}],"type":"punctuation"},{"start_time":"9.46","end_time":"10.16","alternatives":[{"confidence":"0.8983","content":"안녕하세요"}],"type":"pronunciation"},{"alternatives":[{"confidence":"0.0","content":"."}],"type":"punctuation"},{"start_time":"10.57","end_time":"10.79","alternatives":[{"confidence":"1.0","content":"네"}],"type":"pronunciation"},{"start_time":"10.79","end_time":"11.45","alternatives":[{"confidence":"1.0","content":"안녕하세요"}],"type":"pronunciation"},{"alternatives":[{"confidence":"0.0","content":"."}],"type":"punctuation"},{"start_time":"11.67","end_time":"12.02","alternatives":[{"confidence":"0.8786","content":"잠시"}],"type":"pronunciation"},{"start_time":"12.02","end_time":"12.51","alternatives":[{"confidence":"0.83235","content":"송금권"}],"type":"pronunciation"},{"start_time":"12.51","end_time":"12.78","alternatives":[{"confidence":"0.9962","content":"때문에"}],"type":"pronunciation"},{"start_time":"12.78","end_time":"13.06","alternatives":[{"confidence":"1.0","content":"늦은"}],"type":"pronunciation"},{"start_time":"13.06","end_time":"13.4","alternatives":[{"confidence":"0.9916","content":"시간에"}],"type":"pronunciation"},{"start_time":"13.4","end_time":"13.76","alternatives":[{"confidence":"1.0","content":"연락을"}],"type":"pronunciation"},{"start_time":"13.76","end_time":"13.99","alternatives":[{"confidence":"0.9563","content":"조금"}],"type":"pronunciation"},{"start_time":"13.99","end_time":"15.31","alternatives":[{"confidence":"0.7706","content":"드렸는데요"}],"type":"pronunciation"},{"alternatives":[{"confidence":"0.0","content":"."}],"type":"punctuation"},{"start_time":"15.34","end_time":"15.57","alternatives":[{"confidence":"0.9985","content":"지금"}],"type":"pronunciation"},{"start_time":"15.57","end_time":"15.78","alternatives":[{"confidence":"0.9778","content":"현재"}],"type":"pronunciation"},{"start_time":"15.78","end_time":"16.03","alternatives":[{"confidence":"0.5342","content":"통합"}],"type":"pronunciation"},{"start_time":"16.03","end_time":"16.54","alternatives":[{"confidence":"0.9499","content":"불편하신"}],"type":"pronunciation"},{"start_time":"16.54","end_time":"16.68","alternatives":[{"confidence":"0.9781","content":"건"}],"type":"pronunciation"},{"start_time":"16.68","end_time":"17.22","alternatives":[{"confidence":"1.0","content":"없으시죠"}],"type":"pronunciation"},{"start_time":"19.06","end_time":"20.86","alternatives":[{"confidence":"0.9685","content":"기다리셨간단한"}],"type":"pronunciation"},{"start_time":"20.86","end_time":"21.11","alternatives":[{"confidence":"0.9347","content":"개인"}],"type":"pronunciation"},{"start_time":"21.11","end_time":"21.56","alternatives":[{"confidence":"0.8393999999999999","content":"신원확인"}],"type":"pronunciation"},{"start_time":"21.56","end_time":"21.66","alternatives":[{"confidence":"0.847","content":"차"}],"type":"pronunciation"},{"start_time":"21.66","end_time":"23.15","alternatives":[{"confidence":"0.865775","content":"생년월일앞자리까지만"}],"type":"pronunciation"},{"start_time":"23.15","end_time":"23.47","alternatives":[{"confidence":"0.9999","content":"빠르게"}],"type":"pronunciation"},{"start_time":"23.47","end_time":"23.85","alternatives":[{"confidence":"0.493","content":"확인한"}],"type":"pronunciation"},{"start_time":"23.85","end_time":"24.88","alternatives":[{"confidence":"0.06935","content":"분들이에요"}],"type":"pronunciation"},{"start_time":"28.82","end_time":"29.87","alternatives":[{"confidence":"0.80545","content":"이용하신핸드폰은"}],"type":"pronunciation"},{"start_time":"29.87","end_time":"30.51","alternatives":[{"confidence":"0.7199500000000001","content":"고객님본인"}],"type":"pronunciation"},{"start_time":"30.51","end_time":"30.79","alternatives":[{"confidence":"0.9967","content":"명의로"}],"type":"pronunciation"},{"start_time":"30.79","end_time":"31.95","alternatives":[{"confidence":"0.9879000000000001","content":"이용하시고요"}],"type":"pronunciation"},{"alternatives":[{"confidence":"0.0","content":"."}],"type":"punctuation"},{"start_time":"33.73","end_time":"33.95","alternatives":[{"confidence":"0.9862","content":"네"}],"type":"pronunciation"},{"alternatives":[{"confidence":"0.0","content":"."}],"type":"punctuation"},{"start_time":"33.98","end_time":"34.45","alternatives":[{"confidence":"0.986","content":"지금"}],"type":"pronunciation"},{"start_time":"34.45","end_time":"35.43","alternatives":[{"confidence":"0.8186249999999999","content":"이용하신핸드폰은"}],"type":"pronunciation"},{"start_time":"35.81","end_time":"36.3","alternatives":[{"confidence":"0.8947499999999999","content":"플러스를"}],"type":"pronunciation"},{"start_time":"36.3","end_time":"36.93","alternatives":[{"confidence":"0.8722666666666666","content":"확인되시는데"}],"type":"pronunciation"},{"start_time":"36.93","end_time":"37.46","alternatives":[{"confidence":"0.7593666666666667","content":"맞으시죠"}],"type":"pronunciation"},{"alternatives":[{"confidence":"0.0","content":"."}],"type":"punctuation"},{"start_time":"38.32","end_time":"38.95","alternatives":[{"confidence":"0.7173","content":"네"}],"type":"pronunciation"},{"alternatives":[{"confidence":"0.0","content":"."}],"type":"punctuation"},{"start_time":"39.3","end_time":"39.66","alternatives":[{"confidence":"1.0","content":"저희도"}],"type":"pronunciation"},{"start_time":"39.66","end_time":"40.0","alternatives":[{"confidence":"0.8593","content":"자금"}],"type":"pronunciation"},{"start_time":"40.0","end_time":"40.45","alternatives":[{"confidence":"0.8831","content":"수령하실"}],"type":"pronunciation"},{"start_time":"40.45","end_time":"41.36","alternatives":[{"confidence":"0.9902666666666667","content":"계좌번호만"}],"type":"pronunciation"},{"start_time":"41.36","end_time":"41.61","alternatives":[{"confidence":"0.2743","content":"고기"}],"type":"pronunciation"},{"start_time":"41.61","end_time":"42.11","alternatives":[{"confidence":"0.7423","content":"님께서"}],"type":"pronunciation"},{"start_time":"42.11","end_time":"42.37","alternatives":[{"confidence":"0.6698","content":"확인"}],"type":"pronunciation"},{"start_time":"42.37","end_time":"42.64","alternatives":[{"confidence":"0.8726","content":"한번"}],"type":"pronunciation"},{"start_time":"42.64","end_time":"42.77","alternatives":[{"confidence":"1.0","content":"좀"}],"type":"pronunciation"},{"start_time":"42.77","end_time":"43.69","alternatives":[{"confidence":"0.96285","content":"부탁드리겠습니다"}],"type":"pronunciation"},{"alternatives":[{"confidence":"0.0","content":"."}],"type":"punctuation"},{"start_time":"45.15","end_time":"45.34","alternatives":[{"confidence":"0.0062","content":"네"}],"type":"pronunciation"},{"alternatives":[{"confidence":"0.0","content":"."}],"type":"punctuation"},{"start_time":"49.02","end_time":"49.24","alternatives":[{"confidence":"0.6586","content":"네"}],"type":"pronunciation"},{"alternatives":[{"confidence":"0.0","content":"."}],"type":"punctuation"},{"start_time":"49.24","end_time":"50.51","alternatives":[{"confidence":"0.5955","content":"국민은행동일로"}],"type":"pronunciation"},{"start_time":"50.51","end_time":"50.98","alternatives":[{"confidence":"0.2865333333333333","content":"자동이체"}],"type":"pronunciation"},{"start_time":"50.98","end_time":"51.37","alternatives":[{"confidence":"0.7105","content":"설정해"}],"type":"pronunciation"},{"start_time":"51.37","end_time":"52.18","alternatives":[{"confidence":"0.82895","content":"주셨고요"}],"type":"pronunciation"},{"start_time":"52.24","end_time":"52.53","alternatives":[{"confidence":"1.0","content":"매월"}],"type":"pronunciation"},{"start_time":"52.53","end_time":"53.19","alternatives":[{"confidence":"0.96985","content":"납부일은"}],"type":"pronunciation"},{"start_time":"53.22","end_time":"53.95","alternatives":[{"confidence":"0.8169","content":"십일일로"}],"type":"pronunciation"},{"start_time":"53.95","end_time":"54.76","alternatives":[{"confidence":"0.8964666666666666","content":"지정해주셨어요"}],"type":"pronunciation"},{"start_time":"54.76","end_time":"55.12","alternatives":[{"confidence":"0.4985","content":"이니"}],"type":"pronunciation"},{"start_time":"58.5","end_time":"58.73","alternatives":[{"confidence":"0.9677","content":"일단"}],"type":"pronunciation"},{"start_time":"58.73","end_time":"59.19","alternatives":[{"confidence":"0.77425","content":"저울쪽"}],"type":"pronunciation"},{"start_time":"59.19","end_time":"59.5","alternatives":[{"confidence":"0.6667","content":"승인"}],"type":"pronunciation"},{"start_time":"59.5","end_time":"59.78","alternatives":[{"confidence":"0.5494","content":"자금"}],"type":"pronunciation"},{"start_time":"59.78","end_time":"60.28","alternatives":[{"confidence":"0.9993","content":"자체는"}],"type":"pronunciation"},{"start_time":"60.28","end_time":"60.53","alternatives":[{"confidence":"0.7289","content":"이천"}],"type":"pronunciation"},{"start_time":"60.53","end_time":"60.85","alternatives":[{"confidence":"0.5957","content":"삼백"}],"type":"pronunciation"},{"start_time":"60.85","end_time":"61.14","alternatives":[{"confidence":"0.7987","content":"만원"}],"type":"pronunciation"},{"start_time":"61.14","end_time":"61.81","alternatives":[{"confidence":"0.9756499999999999","content":"이시고요"}],"type":"pronunciation"},{"start_time":"61.84","end_time":"62.19","alternatives":[{"confidence":"0.7723","content":"금리"}],"type":"pronunciation"},{"start_time":"62.19","end_time":"62.95","alternatives":[{"confidence":"0.83735","content":"팔점팔프로"}],"type":"pronunciation"},{"start_time":"62.95","end_time":"64.12","alternatives":[{"confidence":"0.9860000000000001","content":"적용되셔서"}],"type":"pronunciation"},{"start_time":"64.3","end_time":"64.48","alternatives":[{"confidence":"0.5231","content":"오"}],"type":"pronunciation"},{"start_time":"64.48","end_time":"64.88","alternatives":[{"confidence":"0.9585","content":"년"}],"type":"pronunciation"},{"start_time":"64.88","end_time":"65.7","alternatives":[{"confidence":"0.5665499999999999","content":"상환동안"}],"type":"pronunciation"},{"start_time":"65.7","end_time":"66.51","alternatives":[{"confidence":"0.9057666666666666","content":"납부하시되는"}],"type":"pronunciation"},{"start_time":"66.51","end_time":"66.71","alternatives":[{"confidence":"0.6378","content":"월"}],"type":"pronunciation"},{"start_time":"66.71","end_time":"67.05","alternatives":[{"confidence":"0.9295","content":"이자"}],"type":"pronunciation"},{"start_time":"67.05","end_time":"67.61","alternatives":[{"confidence":"0.9923500000000001","content":"원금이제"}],"type":"pronunciation"},{"start_time":"67.61","end_time":"67.86","alternatives":[{"confidence":"0.7946","content":"포함"}],"type":"pronunciation"},{"start_time":"67.86","end_time":"68.11","alternatives":[{"confidence":"0.9901","content":"하신"}],"type":"pronunciation"},{"start_time":"68.11","end_time":"68.92","alternatives":[{"confidence":"1.0","content":"금액은요"}],"type":"pronunciation"},{"start_time":"69.35","end_time":"69.72","alternatives":[{"confidence":"0.5387","content":"사십"}],"type":"pronunciation"},{"start_time":"69.72","end_time":"71.24","alternatives":[{"confidence":"0.74565","content":"칠만오천이백십삼"}],"type":"pronunciation"},{"start_time":"71.24","end_time":"72.09","alternatives":[{"confidence":"0.75395","content":"원이셨는데요"}],"type":"pronunciation"},{"start_time":"72.12","end_time":"72.44","alternatives":[{"confidence":"0.9938","content":"지금"}],"type":"pronunciation"},{"start_time":"72.44","end_time":"72.96","alternatives":[{"confidence":"0.7506","content":"이거"}],"type":"pronunciation"},{"start_time":"73.49","end_time":"74.09","alternatives":[{"confidence":"0.9881","content":"증액되신"}],"type":"pronunciation"},{"start_time":"74.09","end_time":"74.19","alternatives":[{"confidence":"0.9753","content":"게"}],"type":"pronunciation"},{"start_time":"74.19","end_time":"74.51","alternatives":[{"confidence":"0.9977","content":"조금"}],"type":"pronunciation"},{"start_time":"74.51","end_time":"75.41","alternatives":[{"confidence":"0.8464","content":"있으셨어요"}],"type":"pronunciation"},{"start_time":"75.81","end_time":"76.18","alternatives":[{"confidence":"0.9711","content":"만원으로"}],"type":"pronunciation"},{"start_time":"76.18","end_time":"76.69","alternatives":[{"confidence":"0.7556499999999999","content":"수령하시는"}],"type":"pronunciation"},{"start_time":"76.69","end_time":"77.3","alternatives":[{"confidence":"0.5346499999999998","content":"것이에요"}],"type":"pronunciation"},{"alternatives":[{"confidence":"0.0","content":"."}],"type":"punctuation"},{"start_time":"77.36","end_time":"77.66","alternatives":[{"confidence":"0.9109","content":"금리"}],"type":"pronunciation"},{"start_time":"77.66","end_time":"77.82","alternatives":[{"confidence":"0.6812","content":"연"}],"type":"pronunciation"},{"start_time":"77.82","end_time":"78.53","alternatives":[{"confidence":"0.6218","content":"팔천팔프로"}],"type":"pronunciation"},{"start_time":"78.53","end_time":"79.52","alternatives":[{"confidence":"0.9794","content":"동일하시고요"}],"type":"pronunciation"},{"start_time":"79.93","end_time":"80.64","alternatives":[{"confidence":"0.99315","content":"납부하시는"}],"type":"pronunciation"},{"start_time":"80.64","end_time":"81.31","alternatives":[{"confidence":"0.8754","content":"금액을"}],"type":"pronunciation"},{"start_time":"81.31","end_time":"81.91","alternatives":[{"confidence":"0.77695","content":"원금이자"}],"type":"pronunciation"},{"start_time":"81.91","end_time":"82.22","alternatives":[{"confidence":"0.5891","content":"포함"}],"type":"pronunciation"},{"start_time":"82.22","end_time":"82.86","alternatives":[{"confidence":"1.0","content":"하셔서"}],"type":"pronunciation"},{"start_time":"83.26","end_time":"85.31","alternatives":[{"confidence":"0.420425","content":"오십오만칠천팔백오십팔"}],"type":"pronunciation"},{"start_time":"85.31","end_time":"86.18","alternatives":[{"confidence":"0.9398500000000001","content":"원이세요"}],"type":"pronunciation"},{"alternatives":[{"confidence":"0.0","content":"."}],"type":"punctuation"},{"start_time":"87.39","end_time":"87.59","alternatives":[{"confidence":"0.494","content":"네"}],"type":"pronunciation"},{"alternatives":[{"confidence":"0.0","content":"."}],"type":"punctuation"},{"start_time":"87.59","end_time":"87.83","alternatives":[{"confidence":"0.4733","content":"네"}],"type":"pronunciation"},{"alternatives":[{"confidence":"0.0","content":"."}],"type":"punctuation"},{"start_time":"88.07","end_time":"88.76","alternatives":[{"confidence":"0.5579","content":"이거는"}],"type":"pronunciation"},{"start_time":"88.76","end_time":"89.3","alternatives":[{"confidence":"0.55725","content":"변종사용"}],"type":"pronunciation"},{"start_time":"89.3","end_time":"89.98","alternatives":[{"confidence":"1.0","content":"없으신거죠"}],"type":"pronunciation"},{"start_time":"89.98","end_time":"90.25","alternatives":[{"confidence":"0.3914","content":"안을"}],"type":"pronunciation"},{"start_time":"90.25","end_time":"91.17","alternatives":[{"confidence":"0.8976000000000001","content":"받으신거랑"}],"type":"pronunciation"},{"alternatives":[{"confidence":"0.0","content":"."}],"type":"punctuation"},{"start_time":"91.77","end_time":"92.02","alternatives":[{"confidence":"0.9009","content":"네"}],"type":"pronunciation"},{"alternatives":[{"confidence":"0.0","content":"."}],"type":"punctuation"},{"start_time":"92.02","end_time":"92.88","alternatives":[{"confidence":"0.9631000000000001","content":"그러시고요"}],"type":"pronunciation"},{"start_time":"94.15","end_time":"94.61","alternatives":[{"confidence":"1.0","content":"일단"}],"type":"pronunciation"},{"start_time":"94.61","end_time":"95.47","alternatives":[{"confidence":"0.41079999999999994","content":"개인정보확인"}],"type":"pronunciation"},{"start_time":"95.47","end_time":"95.57","alternatives":[{"confidence":"0.5386","content":"다"}],"type":"pronunciation"},{"start_time":"95.57","end_time":"96.4","alternatives":[{"confidence":"0.99995","content":"감사드리고요"}],"type":"pronunciation"},{"alternatives":[{"confidence":"0.0","content":"."}],"type":"punctuation"},{"start_time":"96.43","end_time":"96.95","alternatives":[{"confidence":"0.997","content":"현재"}],"type":"pronunciation"},{"start_time":"96.95","end_time":"97.2","alternatives":[{"confidence":"0.9942","content":"지금"}],"type":"pronunciation"},{"start_time":"97.2","end_time":"97.78","alternatives":[{"confidence":"0.9995","content":"송금시간이"}],"type":"pronunciation"},{"start_time":"97.78","end_time":"98.0","alternatives":[{"confidence":"0.9999","content":"조금"}],"type":"pronunciation"},{"start_time":"98.01","end_time":"98.45","alternatives":[{"confidence":"0.9611000000000001","content":"늦어지다"}],"type":"pronunciation"},{"start_time":"98.45","end_time":"99.15","alternatives":[{"confidence":"0.9237","content":"보니까"}],"type":"pronunciation"},{"start_time":"99.15","end_time":"99.41","alternatives":[{"confidence":"0.999","content":"제가"}],"type":"pronunciation"},{"start_time":"99.41","end_time":"100.16","alternatives":[{"confidence":"0.6904333333333333","content":"예약송금건"}],"type":"pronunciation"},{"start_time":"100.16","end_time":"100.54","alternatives":[{"confidence":"0.8473","content":"으로"}],"type":"pronunciation"},{"start_time":"100.54","end_time":"100.85","alternatives":[{"confidence":"0.9989","content":"좀"}],"type":"pronunciation"},{"start_time":"100.85","end_time":"101.38","alternatives":[{"confidence":"0.94065","content":"잡아드릴"}],"type":"pronunciation"},{"start_time":"101.39","end_time":"101.94","alternatives":[{"confidence":"0.9245","content":"거예요"}],"type":"pronunciation"},{"alternatives":[{"confidence":"0.0","content":"."}],"type":"punctuation"},{"start_time":"102.0","end_time":"102.81","alternatives":[{"confidence":"0.9059666666666667","content":"예약송금까지"}],"type":"pronunciation"},{"start_time":"102.81","end_time":"103.1","alternatives":[{"confidence":"0.5322","content":"받아"}],"type":"pronunciation"},{"start_time":"103.1","end_time":"103.37","alternatives":[{"confidence":"1.0","content":"보실"}],"type":"pronunciation"},{"start_time":"103.37","end_time":"103.48","alternatives":[{"confidence":"1.0","content":"수"}],"type":"pronunciation"},{"start_time":"103.48","end_time":"103.73","alternatives":[{"confidence":"0.9987","content":"있는"}],"type":"pronunciation"},{"start_time":"103.73","end_time":"104.29","alternatives":[{"confidence":"0.9791","content":"시간을"}],"type":"pronunciation"},{"start_time":"104.29","end_time":"105.06","alternatives":[{"confidence":"0.8197","content":"19시부터"}],"type":"pronunciation"},{"start_time":"105.06","end_time":"105.34","alternatives":[{"confidence":"0.9971","content":"이십"}],"type":"pronunciation"},{"start_time":"105.34","end_time":"105.71","alternatives":[{"confidence":"0.9996","content":"시까지"}],"type":"pronunciation"},{"start_time":"105.71","end_time":"106.63","alternatives":[{"confidence":"0.9762500000000001","content":"이신데요"}],"type":"pronunciation"},{"start_time":"106.93","end_time":"107.12","alternatives":[{"confidence":"0.7882","content":"님"}],"type":"pronunciation"},{"start_time":"107.12","end_time":"107.59","alternatives":[{"confidence":"0.8565499999999999","content":"순번은"}],"type":"pronunciation"},{"start_time":"107.59","end_time":"107.84","alternatives":[{"confidence":"0.9869","content":"지금"}],"type":"pronunciation"},{"start_time":"107.84","end_time":"108.13","alternatives":[{"confidence":"0.7856","content":"다섯"}],"type":"pronunciation"},{"start_time":"108.14","end_time":"108.39","alternatives":[{"confidence":"0.6609","content":"번째"}],"type":"pronunciation"},{"start_time":"108.39","end_time":"108.52","alternatives":[{"confidence":"0.9442","content":"에서"}],"type":"pronunciation"},{"start_time":"108.52","end_time":"109.1","alternatives":[{"confidence":"0.7164","content":"여섯번째"}],"type":"pronunciation"},{"start_time":"109.1","end_time":"110.11","alternatives":[{"confidence":"0.9943500000000001","content":"이신데"}],"type":"pronunciation"},{"alternatives":[{"confidence":"0.0","content":"."}],"type":"punctuation"},{"start_time":"110.23","end_time":"110.69","alternatives":[{"confidence":"1.0","content":"혹시나"}],"type":"pronunciation"},{"start_time":"110.69","end_time":"111.23","alternatives":[{"confidence":"1.0","content":"만약에"}],"type":"pronunciation"},{"start_time":"111.23","end_time":"111.6","alternatives":[{"confidence":"0.956","content":"오늘"}],"type":"pronunciation"},{"start_time":"111.6","end_time":"111.88","alternatives":[{"confidence":"0.9996","content":"중으로"}],"type":"pronunciation"},{"start_time":"111.88","end_time":"112.27","alternatives":[{"confidence":"0.9999","content":"송금을"}],"type":"pronunciation"},{"start_time":"112.27","end_time":"112.43","alternatives":[{"confidence":"0.8332","content":"못"}],"type":"pronunciation"},{"start_time":"112.44","end_time":"112.7","alternatives":[{"confidence":"0.8466","content":"받아"}],"type":"pronunciation"},{"start_time":"112.7","end_time":"112.98","alternatives":[{"confidence":"0.9994","content":"보실"}],"type":"pronunciation"},{"start_time":"112.98","end_time":"113.82","alternatives":[{"confidence":"1.0","content":"경우에는"}],"type":"pronunciation"},{"start_time":"114.06","end_time":"114.39","alternatives":[{"confidence":"0.987","content":"내일"}],"type":"pronunciation"},{"start_time":"114.39","end_time":"114.75","alternatives":[{"confidence":"1.0","content":"오전"}],"type":"pronunciation"},{"start_time":"114.75","end_time":"114.99","alternatives":[{"confidence":"0.559","content":"아홉"}],"type":"pronunciation"},{"start_time":"115.115","end_time":"115.505","alternatives":[{"confidence":"0.7919","content":"시에서"}],"type":"pronunciation"},{"start_time":"115.505","end_time":"115.715","alternatives":[{"confidence":"0.5615","content":"10"}],"type":"pronunciation"},{"start_time":"115.715","end_time":"115.865","alternatives":[{"confidence":"0.9081","content":"시"}],"type":"pronunciation"},{"start_time":"115.865","end_time":"116.115","alternatives":[{"confidence":"0.8571","content":"반"}],"type":"pronunciation"},{"start_time":"116.115","end_time":"116.855","alternatives":[{"confidence":"1.0","content":"사이로"}],"type":"pronunciation"},{"start_time":"116.885","end_time":"117.515","alternatives":[{"confidence":"0.9855","content":"송금되실"}],"type":"pronunciation"},{"start_time":"117.515","end_time":"118.325","alternatives":[{"confidence":"1.0","content":"거예요"}],"type":"pronunciation"},{"alternatives":[{"confidence":"0.0","content":"."}],"type":"punctuation"},{"start_time":"118.735","end_time":"119.235","alternatives":[{"confidence":"1.0","content":"만약에"}],"type":"pronunciation"},{"start_time":"119.235","end_time":"119.615","alternatives":[{"confidence":"1.0","content":"혹시나"}],"type":"pronunciation"},{"start_time":"119.615","end_time":"119.955","alternatives":[{"confidence":"0.9767","content":"오늘"}],"type":"pronunciation"},{"start_time":"119.955","end_time":"120.295","alternatives":[{"confidence":"0.99495","content":"진행이"}],"type":"pronunciation"},{"start_time":"120.295","end_time":"120.435","alternatives":[{"confidence":"0.9973","content":"좀"}],"type":"pronunciation"},{"start_time":"120.435","end_time":"121.225","alternatives":[{"confidence":"0.5155","content":"불가능하다고"}],"type":"pronunciation"},{"start_time":"121.225","end_time":"121.795","alternatives":[{"confidence":"0.9998","content":"하셔도"}],"type":"pronunciation"},{"start_time":"122.085","end_time":"122.195","alternatives":[{"confidence":"0.9886","content":"이"}],"type":"pronunciation"},{"start_time":"122.195","end_time":"122.545","alternatives":[{"confidence":"0.9982","content":"부분은"}],"type":"pronunciation"},{"start_time":"122.545","end_time":"122.915","alternatives":[{"confidence":"1.0","content":"양해를"}],"type":"pronunciation"},{"start_time":"122.915","end_time":"123.065","alternatives":[{"confidence":"1.0","content":"좀"}],"type":"pronunciation"},{"start_time":"123.065","end_time":"123.875","alternatives":[{"confidence":"0.97365","content":"부탁드리고"}],"type":"pronunciation"},{"start_time":"123.875","end_time":"124.115","alternatives":[{"confidence":"0.9977","content":"내일"}],"type":"pronunciation"},{"start_time":"124.115","end_time":"124.505","alternatives":[{"confidence":"1.0","content":"오전에"}],"type":"pronunciation"},{"start_time":"124.505","end_time":"124.765","alternatives":[{"confidence":"0.9783","content":"바로"}],"type":"pronunciation"},{"start_time":"124.765","end_time":"125.045","alternatives":[{"confidence":"0.9196","content":"자금"}],"type":"pronunciation"},{"start_time":"125.045","end_time":"125.265","alternatives":[{"confidence":"0.5461","content":"수령"}],"type":"pronunciation"},{"start_time":"125.265","end_time":"125.515","alternatives":[{"confidence":"0.9994","content":"하시면"}],"type":"pronunciation"},{"start_time":"125.515","end_time":"125.845","alternatives":[{"confidence":"0.9953000000000001","content":"되시는"}],"type":"pronunciation"},{"start_time":"125.845","end_time":"126.995","alternatives":[{"confidence":"0.8215","content":"부분이시거든요"}],"type":"pronunciation"},{"alternatives":[{"confidence":"0.0","content":"."}],"type":"punctuation"},{"start_time":"129.755","end_time":"130.305","alternatives":[{"confidence":"0.987","content":"내일"}],"type":"pronunciation"},{"start_time":"130.305","end_time":"130.605","alternatives":[{"confidence":"0.9979","content":"오전"}],"type":"pronunciation"},{"start_time":"130.605","end_time":"130.965","alternatives":[{"confidence":"0.9742","content":"중에서는"}],"type":"pronunciation"},{"start_time":"130.965","end_time":"131.585","alternatives":[{"confidence":"0.9998","content":"담당자랑"}],"type":"pronunciation"},{"start_time":"131.585","end_time":"131.955","alternatives":[{"confidence":"0.9320999999999999","content":"통화한"}],"type":"pronunciation"},{"start_time":"131.955","end_time":"132.115","alternatives":[{"confidence":"0.653","content":"번"}],"type":"pronunciation"},{"start_time":"132.115","end_time":"132.215","alternatives":[{"confidence":"0.7039","content":"더"}],"type":"pronunciation"},{"start_time":"132.215","end_time":"132.775","alternatives":[{"confidence":"1.0","content":"하시고요"}],"type":"pronunciation"},{"alternatives":[{"confidence":"0.0","content":"."}],"type":"punctuation"},{"start_time":"132.805","end_time":"132.895","alternatives":[{"confidence":"0.7792","content":"그"}],"type":"pronunciation"},{"start_time":"132.895","end_time":"133.105","alternatives":[{"confidence":"0.8837","content":"다음에"}],"type":"pronunciation"},{"start_time":"133.105","end_time":"133.365","alternatives":[{"confidence":"0.9311","content":"자금"}],"type":"pronunciation"},{"start_time":"133.365","end_time":"133.615","alternatives":[{"confidence":"0.5487","content":"수령"}],"type":"pronunciation"},{"start_time":"133.615","end_time":"133.865","alternatives":[{"confidence":"0.8952","content":"바로"}],"type":"pronunciation"},{"start_time":"133.865","end_time":"134.135","alternatives":[{"confidence":"0.9328","content":"하시면"}],"type":"pronunciation"},{"start_time":"134.135","end_time":"134.435","alternatives":[{"confidence":"0.627","content":"되시는"}],"type":"pronunciation"},{"start_time":"134.435","end_time":"134.615","alternatives":[{"confidence":"0.3342","content":"거예요"}],"type":"pronunciation"},{"alternatives":[{"confidence":"0.0","content":"."}],"type":"punctuation"},{"start_time":"136.51","end_time":"136.92","alternatives":[{"confidence":"1.0","content":"그렇죠"}],"type":"pronunciation"},{"alternatives":[{"confidence":"0.0","content":"."}],"type":"punctuation"},{"start_time":"136.92","end_time":"137.16","alternatives":[{"confidence":"0.4601","content":"그런데"}],"type":"pronunciation"},{"start_time":"137.46","end_time":"137.9","alternatives":[{"confidence":"0.9997","content":"혹시나"}],"type":"pronunciation"},{"start_time":"137.9","end_time":"138.09","alternatives":[{"confidence":"0.9998","content":"하는"}],"type":"pronunciation"},{"start_time":"138.09","end_time":"138.42","alternatives":[{"confidence":"0.5139","content":"상황에"}],"type":"pronunciation"},{"start_time":"138.42","end_time":"138.79","alternatives":[{"confidence":"0.9915499999999999","content":"대비를"}],"type":"pronunciation"},{"start_time":"138.79","end_time":"138.97","alternatives":[{"confidence":"0.9978","content":"해서"}],"type":"pronunciation"},{"start_time":"138.97","end_time":"139.39","alternatives":[{"confidence":"1.0","content":"말씀을"}],"type":"pronunciation"},{"start_time":"139.39","end_time":"139.73","alternatives":[{"confidence":"0.971","content":"드리는"}],"type":"pronunciation"},{"start_time":"139.73","end_time":"140.14","alternatives":[{"confidence":"0.9833","content":"거고"}],"type":"pronunciation"},{"start_time":"140.17","end_time":"140.36","alternatives":[{"confidence":"0.9716","content":"뭐"}],"type":"pronunciation"},{"start_time":"140.39","end_time":"140.76","alternatives":[{"confidence":"0.9999","content":"직원이"}],"type":"pronunciation"},{"start_time":"140.76","end_time":"141.09","alternatives":[{"confidence":"0.8829","content":"남아"}],"type":"pronunciation"},{"start_time":"141.09","end_time":"141.87","alternatives":[{"confidence":"1.0","content":"있어도"}],"type":"pronunciation"},{"start_time":"142.08","end_time":"142.7","alternatives":[{"confidence":"0.8149","content":"전산사항이"}],"type":"pronunciation"},{"start_time":"142.7","end_time":"143.81","alternatives":[{"confidence":"0.9935999999999999","content":"닫혀버리면은"}],"type":"pronunciation"},{"start_time":"143.96","end_time":"144.31","alternatives":[{"confidence":"1.0","content":"저희도"}],"type":"pronunciation"},{"start_time":"144.31","end_time":"144.6","alternatives":[{"confidence":"0.8097000000000001","content":"손쓸"}],"type":"pronunciation"},{"start_time":"144.6","end_time":"144.69","alternatives":[{"confidence":"0.9984","content":"수"}],"type":"pronunciation"},{"start_time":"144.69","end_time":"144.89","alternatives":[{"confidence":"0.9983","content":"있는"}],"type":"pronunciation"},{"start_time":"144.89","end_time":"145.23","alternatives":[{"confidence":"1.0","content":"방법이"}],"type":"pronunciation"},{"start_time":"145.23","end_time":"145.49","alternatives":[{"confidence":"0.91","content":"없다"}],"type":"pronunciation"},{"start_time":"145.49","end_time":"146.24","alternatives":[{"confidence":"1.0","content":"보니까"}],"type":"pronunciation"},{"start_time":"146.89","end_time":"147.08","alternatives":[{"confidence":"0.9972","content":"그"}],"type":"pronunciation"},{"start_time":"147.08","end_time":"147.46","alternatives":[{"confidence":"0.9996","content":"부분만"}],"type":"pronunciation"},{"start_time":"147.46","end_time":"147.81","alternatives":[{"confidence":"1.0","content":"양해를"}],"type":"pronunciation"},{"start_time":"147.81","end_time":"147.94","alternatives":[{"confidence":"0.9998","content":"좀"}],"type":"pronunciation"},{"start_time":"147.94","end_time":"148.39","alternatives":[{"confidence":"0.9917","content":"해주시면"}],"type":"pronunciation"},{"start_time":"148.39","end_time":"149.28","alternatives":[{"confidence":"0.9904","content":"되시고요"}],"type":"pronunciation"},{"alternatives":[{"confidence":"0.0","content":"."}],"type":"punctuation"},{"start_time":"150.29","end_time":"150.88","alternatives":[{"confidence":"0.9822","content":"지금"}],"type":"pronunciation"},{"start_time":"150.88","end_time":"151.62","alternatives":[{"confidence":"0.8383","content":"전자설명이"}],"type":"pronunciation"},{"start_time":"151.62","end_time":"151.77","alternatives":[{"confidence":"0.9941","content":"안"}],"type":"pronunciation"},{"start_time":"151.77","end_time":"152.23","alternatives":[{"confidence":"0.9971","content":"되신다고"}],"type":"pronunciation"},{"start_time":"152.23","end_time":"152.85","alternatives":[{"confidence":"0.7535000000000001","content":"담당통해서"}],"type":"pronunciation"},{"start_time":"152.85","end_time":"153.26","alternatives":[{"confidence":"0.9559","content":"전달을"}],"type":"pronunciation"},{"start_time":"153.26","end_time":"153.5","alternatives":[{"confidence":"0.9757","content":"조금"}],"type":"pronunciation"},{"start_time":"153.5","end_time":"154.54","alternatives":[{"confidence":"0.991","content":"해주셨는데요"}],"type":"pronunciation"},{"alternatives":[{"confidence":"0.0","content":"."}],"type":"punctuation"},{"start_time":"155.31","end_time":"156.09","alternatives":[{"confidence":"1.0","content":"일단은"}],"type":"pronunciation"},{"start_time":"157.3","end_time":"158.12","alternatives":[{"confidence":"0.7610333333333333","content":"전자설명같은"}],"type":"pronunciation"},{"start_time":"158.12","end_time":"158.8","alternatives":[{"confidence":"1.0","content":"경우에는"}],"type":"pronunciation"},{"start_time":"158.8","end_time":"159.97","alternatives":[{"confidence":"0.8544333333333333","content":"담당자통화셔서"}],"type":"pronunciation"},{"start_time":"159.97","end_time":"160.29","alternatives":[{"confidence":"0.9196","content":"자금"}],"type":"pronunciation"},{"start_time":"160.29","end_time":"160.51","alternatives":[{"confidence":"0.5321","content":"수령"}],"type":"pronunciation"},{"start_time":"160.51","end_time":"160.92","alternatives":[{"confidence":"0.9999","content":"하시면서"}],"type":"pronunciation"},{"start_time":"160.92","end_time":"161.47","alternatives":[{"confidence":"0.8794333333333334","content":"녹취전화로"}],"type":"pronunciation"},{"start_time":"161.47","end_time":"161.93","alternatives":[{"confidence":"0.7646999999999999","content":"진행동"}],"type":"pronunciation"},{"start_time":"161.93","end_time":"162.19","alternatives":[{"confidence":"0.6033","content":"드릴"}],"type":"pronunciation"},{"start_time":"162.19","end_time":"162.87","alternatives":[{"confidence":"0.9746","content":"거니까"}],"type":"pronunciation"},{"alternatives":[{"confidence":"0.0","content":"."}],"type":"punctuation"},{"start_time":"163.32","end_time":"163.53","alternatives":[{"confidence":"0.9296","content":"네"}],"type":"pronunciation"},{"alternatives":[{"confidence":"0.0","content":"."}],"type":"punctuation"},{"start_time":"163.53","end_time":"163.7","alternatives":[{"confidence":"0.9587","content":"그"}],"type":"pronunciation"},{"start_time":"163.7","end_time":"164.14","alternatives":[{"confidence":"0.9977","content":"부분은"}],"type":"pronunciation"},{"start_time":"164.14","end_time":"164.45","alternatives":[{"confidence":"0.9997","content":"내일"}],"type":"pronunciation"},{"start_time":"164.45","end_time":"164.9","alternatives":[{"confidence":"1.0","content":"오전에"}],"type":"pronunciation"},{"start_time":"164.9","end_time":"165.44","alternatives":[{"confidence":"0.9941","content":"담당자랑"}],"type":"pronunciation"},{"start_time":"165.44","end_time":"165.89","alternatives":[{"confidence":"0.7243666666666666","content":"녹취전화"}],"type":"pronunciation"},{"start_time":"165.89","end_time":"166.36","alternatives":[{"confidence":"1.0","content":"하시면서"}],"type":"pronunciation"},{"start_time":"166.36","end_time":"166.61","alternatives":[{"confidence":"1.0","content":"하시면"}],"type":"pronunciation"},{"start_time":"166.61","end_time":"167.22","alternatives":[{"confidence":"1.0","content":"되세요"}],"type":"pronunciation"},{"alternatives":[{"confidence":"0.0","content":"."}],"type":"punctuation"},{"start_time":"168.26","end_time":"168.45","alternatives":[{"confidence":"0.8569","content":"네"}],"type":"pronunciation"},{"alternatives":[{"confidence":"0.0","content":"."}],"type":"punctuation"},{"start_time":"168.45","end_time":"168.68","alternatives":[{"confidence":"0.9656","content":"혹시"}],"type":"pronunciation"},{"start_time":"168.68","end_time":"168.76","alternatives":[{"confidence":"0.5837","content":"또"}],"type":"pronunciation"},{"start_time":"168.76","end_time":"169.28","alternatives":[{"confidence":"0.9862500000000001","content":"궁금하신"}],"type":"pronunciation"},{"start_time":"169.28","end_time":"169.51","alternatives":[{"confidence":"0.2366","content":"사항에"}],"type":"pronunciation"},{"start_time":"169.51","end_time":"170.18","alternatives":[{"confidence":"1.0","content":"있으신가요"}],"type":"pronunciation"},{"alternatives":[{"confidence":"0.0","content":"?"}],"type":"punctuation"},{"start_time":"173.36","end_time":"173.69","alternatives":[{"confidence":"0.8964","content":"그렇죠"}],"type":"pronunciation"},{"alternatives":[{"confidence":"0.0","content":"."}],"type":"punctuation"},{"start_time":"173.69","end_time":"174.44","alternatives":[{"confidence":"0.9779","content":"지금부터"}],"type":"pronunciation"},{"start_time":"174.44","end_time":"174.68","alternatives":[{"confidence":"0.7152","content":"예약"}],"type":"pronunciation"},{"start_time":"174.68","end_time":"175.03","alternatives":[{"confidence":"0.99875","content":"송금을"}],"type":"pronunciation"},{"start_time":"175.03","end_time":"175.52","alternatives":[{"confidence":"0.6597","content":"걸어드린"}],"type":"pronunciation"},{"start_time":"175.52","end_time":"175.91","alternatives":[{"confidence":"0.95425","content":"거고요"}],"type":"pronunciation"},{"alternatives":[{"confidence":"0.0","content":"."}],"type":"punctuation"},{"start_time":"175.94","end_time":"177.15","alternatives":[{"confidence":"0.8674199999999999","content":"송금예약송금되시는"}],"type":"pronunciation"},{"start_time":"177.15","end_time":"177.56","alternatives":[{"confidence":"0.7706","content":"시간은"}],"type":"pronunciation"},{"start_time":"177.56","end_time":"177.89","alternatives":[{"confidence":"0.5421","content":"십구"}],"type":"pronunciation"},{"start_time":"177.89","end_time":"178.4","alternatives":[{"confidence":"1.0","content":"시부터"}],"type":"pronunciation"},{"start_time":"178.4","end_time":"178.69","alternatives":[{"confidence":"0.9969","content":"이십"}],"type":"pronunciation"},{"start_time":"178.69","end_time":"179.06","alternatives":[{"confidence":"0.9984","content":"시까지"}],"type":"pronunciation"},{"start_time":"179.06","end_time":"179.54","alternatives":[{"confidence":"0.1504","content":"세요"}],"type":"pronunciation"},{"alternatives":[{"confidence":"0.0","content":"."}],"type":"punctuation"},{"start_time":"181.16","end_time":"181.35","alternatives":[{"confidence":"0.0362","content":"네"}],"type":"pronunciation"},{"start_time":"181.5","end_time":"181.84","alternatives":[{"confidence":"0.9371","content":"고생"}],"type":"pronunciation"},{"start_time":"181.84","end_time":"182.52","alternatives":[{"confidence":"0.9808","content":"많으셨고요"}],"type":"pronunciation"},{"alternatives":[{"confidence":"0.0","content":"."}],"type":"punctuation"},{"start_time":"182.55","end_time":"182.76","alternatives":[{"confidence":"0.5734","content":"다음"}],"type":"pronunciation"},{"start_time":"182.76","end_time":"183.11","alternatives":[{"confidence":"0.2474","content":"받아도"}],"type":"pronunciation"},{"start_time":"183.11","end_time":"183.7","alternatives":[{"confidence":"0.9905","content":"진짜"}],"type":"pronunciation"},{"start_time":"183.7","end_time":"184.2","alternatives":[{"confidence":"0.9725","content":"많이"}],"type":"pronunciation"},{"start_time":"184.57","end_time":"185.09","alternatives":[{"confidence":"0.8639","content":"있으니까"}],"type":"pronunciation"},{"start_time":"185.84","end_time":"186.37","alternatives":[{"confidence":"0.94375","content":"국민께서"}],"type":"pronunciation"},{"start_time":"186.37","end_time":"186.88","alternatives":[{"confidence":"0.63575","content":"위로하니"}],"type":"pronunciation"},{"start_time":"186.88","end_time":"187.08","alternatives":[{"confidence":"0.6913","content":"위로"}],"type":"pronunciation"},{"start_time":"187.08","end_time":"187.21","alternatives":[{"confidence":"1.0","content":"좀"}],"type":"pronunciation"},{"start_time":"187.21","end_time":"187.9","alternatives":[{"confidence":"0.9581","content":"부탁드릴게요"}],"type":"pronunciation"},{"alternatives":[{"confidence":"0.0","content":"."}],"type":"punctuation"},{"start_time":"190.87","end_time":"191.15","alternatives":[{"confidence":"0.7329","content":"진행"}],"type":"pronunciation"},{"start_time":"191.57","end_time":"192.28","alternatives":[{"confidence":"0.6779","content":"되시면은"}],"type":"pronunciation"},{"start_time":"192.28","end_time":"192.47","alternatives":[{"confidence":"0.5758","content":"밥"}],"type":"pronunciation"},{"start_time":"192.5","end_time":"192.75","alternatives":[{"confidence":"0.9633","content":"함께"}],"type":"pronunciation"},{"start_time":"192.75","end_time":"193.43","alternatives":[{"confidence":"1.0","content":"하셔서"}],"type":"pronunciation"},{"start_time":"194.41","end_time":"194.77","alternatives":[{"confidence":"0.55935","content":"이년도"}],"type":"pronunciation"},{"start_time":"194.77","end_time":"195.12","alternatives":[{"confidence":"0.7201","content":"만들어"}],"type":"pronunciation"},{"start_time":"195.12","end_time":"195.45","alternatives":[{"confidence":"0.4741","content":"가시는"}],"type":"pronunciation"},{"start_time":"195.45","end_time":"195.52","alternatives":[{"confidence":"0.6764","content":"게"}],"type":"pronunciation"},{"start_time":"195.52","end_time":"195.73","alternatives":[{"confidence":"0.9355","content":"좋을"}],"type":"pronunciation"},{"start_time":"195.73","end_time":"195.87","alternatives":[{"confidence":"0.9641","content":"것"}],"type":"pronunciation"},{"start_time":"195.87","end_time":"196.29","alternatives":[{"confidence":"0.9063","content":"같아요"}],"type":"pronunciation"},{"alternatives":[{"confidence":"0.0","content":"."}],"type":"punctuation"},{"start_time":"197.51","end_time":"197.94","alternatives":[{"confidence":"0.8776","content":"네"}],"type":"pronunciation"},{"alternatives":[{"confidence":"0.0","content":","}],"type":"punctuation"},{"start_time":"197.94","end_time":"198.62","alternatives":[{"confidence":"0.9362999999999999","content":"그러시니까"}],"type":"pronunciation"},{"start_time":"198.87","end_time":"200.09","alternatives":[{"confidence":"0.914975","content":"담당자연락드리라고"}],"type":"pronunciation"},{"start_time":"200.09","end_time":"200.22","alternatives":[{"confidence":"0.635","content":"할"}],"type":"pronunciation"},{"start_time":"200.22","end_time":"200.81","alternatives":[{"confidence":"0.9983","content":"테니까요"}],"type":"pronunciation"},{"alternatives":[{"confidence":"0.0","content":"."}],"type":"punctuation"},{"start_time":"201.02","end_time":"201.48","alternatives":[{"confidence":"0.9992","content":"님께서"}],"type":"pronunciation"},{"start_time":"201.48","end_time":"202.41","alternatives":[{"confidence":"0.8875000000000001","content":"안내받으셨다고"}],"type":"pronunciation"},{"start_time":"202.41","end_time":"202.75","alternatives":[{"confidence":"0.9709","content":"말씀"}],"type":"pronunciation"},{"start_time":"202.75","end_time":"202.89","alternatives":[{"confidence":"0.9978","content":"좀"}],"type":"pronunciation"},{"start_time":"202.89","end_time":"203.23","alternatives":[{"confidence":"0.9676","content":"해주세요"}],"type":"pronunciation"},{"alternatives":[{"confidence":"0.0","content":"."}],"type":"punctuation"},{"start_time":"203.23","end_time":"203.77","alternatives":[{"confidence":"0.9633","content":"지금"}],"type":"pronunciation"},{"start_time":"204.01","end_time":"204.55","alternatives":[{"confidence":"0.6462","content":"감당들도"}],"type":"pronunciation"},{"start_time":"204.55","end_time":"204.84","alternatives":[{"confidence":"0.8082","content":"최근"}],"type":"pronunciation"},{"start_time":"204.84","end_time":"204.93","alternatives":[{"confidence":"0.9401","content":"도"}],"type":"pronunciation"},{"start_time":"204.93","end_time":"205.02","alternatives":[{"confidence":"0.7169","content":"안"}],"type":"pronunciation"},{"start_time":"205.02","end_time":"205.17","alternatives":[{"confidence":"0.7194","content":"하고"}],"type":"pronunciation"},{"start_time":"205.17","end_time":"205.44","alternatives":[{"confidence":"0.9984","content":"계속"}],"type":"pronunciation"},{"start_time":"205.44","end_time":"205.76","alternatives":[{"confidence":"1.0","content":"기다리고"}],"type":"pronunciation"},{"start_time":"205.76","end_time":"206.52","alternatives":[{"confidence":"1.0","content":"있거든요"}],"type":"pronunciation"},{"alternatives":[{"confidence":"0.0","content":"."}],"type":"punctuation"},{"start_time":"207.24","end_time":"207.57","alternatives":[{"confidence":"0.0077","content":"네"}],"type":"pronunciation"},{"alternatives":[{"confidence":"0.0","content":","}],"type":"punctuation"},{"start_time":"207.57","end_time":"207.94","alternatives":[{"confidence":"0.1381","content":"민이"}],"type":"pronunciation"},{"start_time":"207.94","end_time":"208.19","alternatives":[{"confidence":"0.8945","content":"고생"}],"type":"pronunciation"},{"start_time":"208.19","end_time":"209.09","alternatives":[{"confidence":"1.0","content":"많으셨습니다"}],"type":"pronunciation"},{"alternatives":[{"confidence":"0.0","content":"."}],"type":"punctuation"},{"start_time":"209.86","end_time":"210.13","alternatives":[{"confidence":"0.9961","content":"네"}],"type":"pronunciation"},{"alternatives":[{"confidence":"0.0","content":","}],"type":"punctuation"},{"start_time":"210.13","end_time":"210.65","alternatives":[{"confidence":"0.9999","content":"감사합니다"}],"type":"pronunciation"},{"alternatives":[{"confidence":"0.0","content":"."}],"type":"punctuation"},{"start_time":"210.65","end_time":"211.72","alternatives":[{"confidence":"0.817175","content":"김고은이었습니다"}],"type":"pronunciation"}]},"status":"COMPLETED"}